# https://github.com/mikedh/trimesh

o left_ankle_roll_link.STL
v -0.01793664 0.00887659 0.02455371
v -0.01793664 0.00799991 0.02470000
v -0.01763665 0.00849369 0.02495907
v -0.01763665 0.00897401 0.02483743
v -0.01763665 0.00942775 0.02463841
v -0.01793664 0.00965828 0.02413068
v -0.01763665 0.00984255 0.02436740
v -0.01763665 0.01020708 0.02403184
v -0.01793666 0.01026026 0.02347676
v -0.01763665 0.01051142 0.02364084
v -0.01763665 0.01074723 0.02320508
v -0.01793665 0.01061728 0.02266280
v -0.01763665 0.01090811 0.02273646
v -0.01763665 0.01098966 0.02224773
v -0.01793665 0.01069068 0.02177703
v -0.01763665 0.01098966 0.02175225
v -0.01793665 0.01047249 0.02091541
v -0.01763665 0.01090811 0.02126353
v -0.01763665 0.01074723 0.02079491
v -0.01793665 0.00998636 0.02017134
v -0.01763664 0.01051141 0.02035916
v -0.01763666 0.01020708 0.01996815
v -0.01793665 0.00928497 0.01962541
v -0.01763665 0.00984255 0.01963258
v -0.01763665 0.00942775 0.01936157
v -0.01793664 0.00844431 0.01933683
v -0.01763665 0.00897401 0.01916254
v -0.01763665 0.00849370 0.01904091
v -0.01793664 0.00799991 0.01930000
v -0.01763665 0.00799991 0.01899999
v -0.01793666 0.00755551 0.01933682
v -0.01763665 0.00750612 0.01904092
v -0.01793666 0.00671486 0.01962541
v -0.01763665 0.00702581 0.01916255
v -0.01763665 0.00657207 0.01936156
v -0.01793664 0.00601345 0.02017134
v -0.01763665 0.00615727 0.01963258
v -0.01763665 0.00579274 0.01996814
v -0.01793665 0.00552732 0.02091541
v -0.01763665 0.00548842 0.02035915
v -0.01763665 0.00525258 0.02079491
v -0.01793665 0.00530914 0.02177702
v -0.01763665 0.00509172 0.02126353
v -0.01763666 0.00501016 0.02175225
v -0.01793665 0.00538252 0.02266282
v -0.01763664 0.00501015 0.02224774
v -0.01763665 0.00509170 0.02273645
v -0.01763665 0.00525260 0.02320508
v -0.01793665 0.00573955 0.02347676
v -0.01763665 0.00548841 0.02364084
v -0.01763665 0.00579274 0.02403183
v -0.01793665 0.00634154 0.02413067
v -0.01763665 0.00615728 0.02436741
v -0.01763665 0.00657207 0.02463841
v -0.01793666 0.00712322 0.02455371
v -0.01763665 0.00702580 0.02483744
v -0.01763665 0.00750613 0.02495907
v -0.01763665 0.00799990 0.02500000
v -0.01793665 0.00799990 0.02200000
v 0.01776335 0.00799991 0.01900000
v 0.01806336 0.00712322 0.01944629
v 0.01776335 0.00702581 0.01916253
v 0.01806336 0.00634155 0.01986931
v 0.01776335 0.00615726 0.01963257
v 0.01806335 0.00573956 0.02052324
v 0.01776335 0.00548841 0.02035915
v 0.01806335 0.00538253 0.02133717
v 0.01776335 0.00509172 0.02126353
v 0.01806335 0.00530914 0.02222296
v 0.01776334 0.00501016 0.02224772
v 0.01806335 0.00552731 0.02308457
v 0.01776336 0.00525259 0.02320508
v 0.01806334 0.00601345 0.02382866
v 0.01776335 0.00579275 0.02403183
v 0.01806334 0.00671486 0.02437457
v 0.01776335 0.00657207 0.02463841
v 0.01806336 0.00755550 0.02466317
v 0.01776335 0.00750613 0.02495908
v 0.01806336 0.00844431 0.02466318
v 0.01776335 0.00849369 0.02495908
v 0.01806336 0.00928497 0.02437457
v 0.01776335 0.00942775 0.02463842
v 0.01806336 0.00998637 0.02382864
v 0.01776335 0.01020708 0.02403185
v 0.01806334 0.01047251 0.02308457
v 0.01776335 0.01074723 0.02320508
v 0.01806334 0.01069070 0.02222296
v 0.01776335 0.01098966 0.02224774
v 0.01806335 0.01061729 0.02133718
v 0.01776336 0.01090811 0.02126354
v 0.01806335 0.01026026 0.02052323
v 0.01776334 0.01051141 0.02035914
v 0.01806335 0.00965828 0.01986931
v 0.01776335 0.00984254 0.01963257
v 0.01806335 0.00887660 0.01944629
v 0.01776335 0.00897400 0.01916254
v 0.01806336 0.00799991 0.01929999
v 0.01806335 0.00799992 0.02199998
v -0.01122802 -0.00827679 -0.02599999
v -0.01194353 -0.00719965 -0.02599998
v -0.01191089 -0.00718007 -0.02619133
v -0.01337789 -0.00391576 -0.02599998
v -0.01373355 -0.00237609 -0.02599999
v -0.01369604 -0.00236962 -0.02619134
v -0.01385365 -0.00152223 -0.02599998
v -0.01392096 -0.00066260 -0.02599999
v -0.01388295 -0.00066079 -0.02619133
v -0.01353498 0.00332948 -0.02599999
v -0.01321599 0.00443386 -0.02599999
v -0.01317989 0.00442180 -0.02619133
v -0.01157615 0.00777959 -0.02599999
v -0.01071756 0.00893151 -0.02599999
v -0.01068825 0.00890722 -0.02619133
v -0.00145887 0.01391699 -0.02600000
v -0.00016828 0.01399808 -0.02600000
v -0.00016765 0.01396002 -0.02619134
v 0.00339282 0.01359833 -0.02599999
v 0.00490405 0.01313649 -0.02600000
v 0.00489089 0.01310079 -0.02619134
v 0.00570357 0.01281358 -0.02599999
v 0.00648168 0.01244206 -0.02600000
v 0.00646423 0.01240824 -0.02619134
v 0.00974592 0.01011176 -0.02599999
v 0.01054286 0.00928330 -0.02600000
v 0.01051437 0.00925807 -0.02619134
v 0.01262041 0.00619030 -0.02599999
v 0.01318872 0.00487079 -0.02600000
v 0.01315304 0.00485755 -0.02619133
v 0.01287693 -0.00564022 -0.02599998
v 0.01230185 -0.00679844 -0.02599998
v 0.01226860 -0.00677997 -0.02619133
v 0.01017512 -0.00968258 -0.02599998
v 0.00901953 -0.01076042 -0.02599998
v 0.00899519 -0.01073117 -0.02619133
v 0.00834013 -0.01129137 -0.02599998
v 0.00762933 -0.01177948 -0.02599998
v 0.00760875 -0.01174746 -0.02619132
v 0.00397910 -0.01344124 -0.02599998
v 0.00286318 -0.01371718 -0.02599998
v 0.00285557 -0.01367989 -0.02619132
v -0.00085421 -0.01396990 -0.02599998
v -0.00228110 -0.01380231 -0.02599999
v -0.00227474 -0.01376478 -0.02619133
v -0.00356571 0.01348205 -0.02619134
v -0.00353755 0.01337738 -0.02635355
v -0.00515417 0.01283349 -0.02635356
v 0.01355368 -0.00359817 -0.02619132
v 0.01344896 -0.00357023 -0.02635354
v 0.01378624 -0.00189823 -0.02635354
v -0.00349538 0.01322075 -0.02646194
v -0.00509308 0.01268320 -0.02646194
v 0.01329223 -0.00352843 -0.02646192
v 0.01362555 -0.00187602 -0.02646193
v -0.00344565 0.01303598 -0.02650000
v -0.00502102 0.01250596 -0.02650000
v 0.01310735 -0.00347912 -0.02649999
v 0.01343602 -0.00184979 -0.02649999
v -0.00381580 -0.01293067 -0.02649998
v -0.00387079 -0.01311394 -0.02646192
v -0.00545252 -0.01253109 -0.02646192
v 0.01356198 -0.00019243 -0.02649999
v 0.01375330 -0.00019516 -0.02646193
v 0.01348332 0.00146785 -0.02649999
v 0.01367351 0.00148866 -0.02646194
v 0.01320122 0.00310588 -0.02649999
v 0.01338742 0.00314991 -0.02646193
v -0.00651931 0.01178636 -0.02649999
v -0.00661262 0.01195342 -0.02646193
v -0.00791783 0.01088810 -0.02650000
v -0.00803096 0.01104242 -0.02646194
v -0.00919537 0.00982477 -0.02649999
v -0.00932658 0.00996403 -0.02646193
v -0.00537543 -0.01235597 -0.02649998
v -0.00695063 -0.01175828 -0.02646191
v -0.00685261 -0.01159395 -0.02649997
v -0.00834242 -0.01080721 -0.02646192
v -0.00822495 -0.01065618 -0.02649998
v -0.00960680 -0.00969233 -0.02646193
v -0.00947164 -0.00955688 -0.02649998
v -0.00391740 -0.01326932 -0.02635353
v -0.00551787 -0.01267955 -0.02635354
v 0.01391550 -0.00019748 -0.02635354
v 0.01383477 0.00150630 -0.02635354
v 0.01354529 0.00318722 -0.02635355
v -0.00669172 0.01209503 -0.02635355
v -0.00812685 0.01117325 -0.02635355
v -0.00943784 0.01008208 -0.02635356
v -0.00703374 -0.01189759 -0.02635353
v -0.00844202 -0.01093525 -0.02635354
v -0.00972136 -0.00980716 -0.02635354
v -0.00394854 -0.01337313 -0.02619133
v -0.00556153 -0.01277875 -0.02619132
v 0.00111724 -0.01345880 -0.02649999
v 0.00276318 -0.01322729 -0.02649998
v 0.00113217 -0.01364956 -0.02646192
v 0.00280145 -0.01341476 -0.02646192
v 0.00114484 -0.01381128 -0.02635353
v 0.00283389 -0.01357369 -0.02635354
v 0.00115330 -0.01391933 -0.02619132
v 0.00590795 -0.01216926 -0.02649999
v 0.00735911 -0.01135879 -0.02649998
v 0.00599079 -0.01234173 -0.02646192
v 0.00746251 -0.01151978 -0.02646192
v 0.00606102 -0.01248796 -0.02635353
v 0.00755018 -0.01165626 -0.02635354
v 0.00610794 -0.01258566 -0.02619132
v 0.01096971 -0.00795622 -0.02649999
v 0.01186477 -0.00655565 -0.02649998
v 0.01112429 -0.00806899 -0.02646192
v 0.01203204 -0.00664856 -0.02646192
v 0.01125533 -0.00816459 -0.02635353
v 0.01217384 -0.00672733 -0.02635354
v 0.01134291 -0.00822845 -0.02619133
v 0.01389361 -0.00191309 -0.02619132
v 0.01402387 -0.00019901 -0.02619132
v 0.01394251 0.00151807 -0.02619133
v 0.01365076 0.00321215 -0.02619134
v 0.01119206 0.00764209 -0.02650000
v 0.01016859 0.00895176 -0.02649999
v 0.01134981 0.00775040 -0.02646194
v 0.01031182 0.00907864 -0.02646193
v 0.01148351 0.00784223 -0.02635355
v 0.01043323 0.00918620 -0.02635354
v 0.01157286 0.00790360 -0.02619134
v 0.00767993 0.01114620 -0.02649999
v 0.00625246 0.01199770 -0.02649999
v 0.00778787 0.01130417 -0.02646194
v 0.00634018 0.01216775 -0.02646193
v 0.00787940 0.01143810 -0.02635355
v 0.00641455 0.01231191 -0.02635355
v 0.00794055 0.01152760 -0.02619134
v 0.00150045 0.01342328 -0.02649999
v -0.00016000 0.01349815 -0.02650000
v 0.00152082 0.01361354 -0.02646193
v -0.00016318 0.01368947 -0.02646194
v 0.00153809 0.01377483 -0.02635355
v -0.00016586 0.01385165 -0.02635355
v 0.00154962 0.01388260 -0.02619134
v -0.00519499 0.01293389 -0.02619134
v -0.00674456 0.01218967 -0.02619134
v -0.00819093 0.01126066 -0.02619134
v -0.00951216 0.01016096 -0.02619133
v -0.01211925 0.00581671 -0.02649999
v -0.01274173 0.00427551 -0.02649999
v -0.01229193 0.00589914 -0.02646194
v -0.01292321 0.00433611 -0.02646193
v -0.01243832 0.00596904 -0.02635355
v -0.01307708 0.00438749 -0.02635354
v -0.01253613 0.00601573 -0.02619133
v -0.01339783 0.00102304 -0.02649999
v -0.01342152 -0.00063893 -0.02649998
v -0.01358862 0.00103755 -0.02646193
v -0.01361266 -0.00064798 -0.02646193
v -0.01375037 0.00104983 -0.02635354
v -0.01377468 -0.00065567 -0.02635353
v -0.01385844 0.00105805 -0.02619133
v -0.01228011 -0.00546708 -0.02649999
v -0.01151471 -0.00694251 -0.02649998
v -0.01245505 -0.00554457 -0.02646193
v -0.01167882 -0.00704092 -0.02646193
v -0.01260338 -0.00561026 -0.02635353
v -0.01181794 -0.00712434 -0.02635353
v -0.01270247 -0.00565415 -0.02619133
v -0.00708926 -0.01199067 -0.02619133
v -0.00850855 -0.01102082 -0.02619133
v -0.00979792 -0.00988389 -0.02619132
v -0.00219737 -0.01330937 -0.02649997
v -0.00222942 -0.01349801 -0.02646193
v -0.00225659 -0.01365792 -0.02635354
v -0.00326613 -0.01359834 -0.02599999
v -0.00056720 -0.01398580 -0.02599998
v -0.00056549 -0.01394778 -0.02619133
v -0.00056060 -0.01383950 -0.02635353
v -0.00055330 -0.01367746 -0.02646192
v -0.00054468 -0.01348631 -0.02649998
v 0.00115627 -0.01395728 -0.02599997
v 0.00158557 -0.01391700 -0.02599997
v 0.00452764 -0.01326915 -0.02599998
v 0.00451550 -0.01323308 -0.02619132
v 0.00448094 -0.01313035 -0.02635353
v 0.00442920 -0.01297661 -0.02646192
v 0.00436820 -0.01279526 -0.02649998
v 0.00612442 -0.01261996 -0.02599999
v 0.00625366 -0.01255707 -0.02599998
v 0.00869968 -0.01037613 -0.02649998
v 0.00882208 -0.01052320 -0.02646192
v 0.00892585 -0.01064787 -0.02635354
v 0.01027399 -0.00957826 -0.02599998
v 0.01024623 -0.00955222 -0.02619133
v 0.01016718 -0.00947806 -0.02635353
v 0.01004888 -0.00936709 -0.02646192
v 0.00990933 -0.00923617 -0.02649998
v 0.01137365 -0.00825088 -0.02599998
v 0.01170286 -0.00777960 -0.02599999
v 0.01304454 -0.00524295 -0.02599999
v 0.01300926 -0.00522869 -0.02619133
v 0.01290876 -0.00518811 -0.02635353
v 0.01275835 -0.00512737 -0.02646192
v 0.01258094 -0.00505570 -0.02649998
v 0.01359046 -0.00360798 -0.02599998
v 0.01350459 0.00391575 -0.02599999
v 0.01368780 0.00322091 -0.02599999
v 0.01398034 0.00152222 -0.02600000
v 0.01406193 -0.00019956 -0.02599999
v 0.01403324 -0.00091758 -0.02599999
v 0.01393131 -0.00191830 -0.02599998
v 0.01366169 -0.00332949 -0.02599999
v 0.01271996 0.00469683 -0.02649999
v 0.01289935 0.00476340 -0.02646193
v 0.01305142 0.00481984 -0.02635355
v 0.01249067 0.00644683 -0.02599999
v 0.01245689 0.00642930 -0.02619134
v 0.01236067 0.00637939 -0.02635354
v 0.01221668 0.00630469 -0.02646194
v 0.01204684 0.00621658 -0.02649999
v 0.01160424 0.00792513 -0.02600000
v 0.01135471 0.00827678 -0.02599999
v 0.00932262 0.01050076 -0.02599999
v 0.00929745 0.01047220 -0.02619134
v 0.00922576 0.01039091 -0.02635355
v 0.00911849 0.01026924 -0.02646193
v 0.00899193 0.01012572 -0.02650000
v 0.00796202 0.01155902 -0.02600000
v 0.00784293 0.01163949 -0.02599999
v 0.00485342 0.01299908 -0.02635356
v 0.00479733 0.01284687 -0.02646194
v 0.00473117 0.01266733 -0.02650000
v 0.00325305 0.01363179 -0.02599999
v 0.00324437 0.01359474 -0.02619134
v 0.00321968 0.01348919 -0.02635355
v 0.00318271 0.01333125 -0.02646194
v 0.00313913 0.01314494 -0.02650001
v 0.00155367 0.01392044 -0.02599999
v 0.00098092 0.01396989 -0.02600000
v -0.00188672 0.01386352 -0.02600001
v -0.00188142 0.01382582 -0.02619133
v -0.00186632 0.01371850 -0.02635356
v -0.00184373 0.01355787 -0.02646194
v -0.00181707 0.01336838 -0.02650000
v -0.00357561 0.01351879 -0.02599999
v -0.01004841 0.00968257 -0.02599999
v -0.00953827 0.01018865 -0.02599999
v -0.00821343 0.01129136 -0.02600000
v -0.00676313 0.01222290 -0.02599999
v -0.00612697 0.01255706 -0.02600000
v -0.00520932 0.01296915 -0.02600000
v -0.00385241 0.01344123 -0.02599999
v -0.01033253 0.00861252 -0.02649999
v -0.01047987 0.00873459 -0.02646193
v -0.01060479 0.00883807 -0.02635355
v -0.01173343 0.00753896 -0.02599999
v -0.01170137 0.00751846 -0.02619133
v -0.01161004 0.00746010 -0.02635355
v -0.01147335 0.00737274 -0.02646193
v -0.01131212 0.00726971 -0.02649999
v -0.01257046 0.00603213 -0.02599999
v -0.01275023 0.00564021 -0.02600000
v -0.01366021 0.00276838 -0.02599999
v -0.01362290 0.00276086 -0.02619133
v -0.01351665 0.00273943 -0.02635354
v -0.01335764 0.00270734 -0.02646194
v -0.01317008 0.00266952 -0.02649999
v -0.01389639 0.00106093 -0.02599999
v -0.01390655 0.00091757 -0.02599999
v -0.01358921 -0.00235123 -0.02635354
v -0.01342937 -0.00232370 -0.02646193
v -0.01324080 -0.00229122 -0.02649999
v -0.01333698 -0.00405355 -0.02599998
v -0.01330055 -0.00404253 -0.02619133
v -0.01319681 -0.00401114 -0.02635354
v -0.01304154 -0.00396418 -0.02646192
v -0.01285840 -0.00390878 -0.02649999
v -0.01273728 -0.00566957 -0.02599999
v -0.01249372 -0.00619031 -0.02599999
v -0.01096777 -0.00862058 -0.02599998
v -0.01093779 -0.00859715 -0.02619132
v -0.01085239 -0.00853040 -0.02635354
v -0.01072457 -0.00843053 -0.02646193
v -0.01057381 -0.00831270 -0.02649999
v -0.00982480 -0.00991084 -0.02599997
v -0.00395948 -0.01340959 -0.02599997
v -0.00557687 -0.01281359 -0.02599999
v -0.00710875 -0.01202336 -0.02599998
v -0.00771624 -0.01163950 -0.02599998
v -0.00853192 -0.01105086 -0.02599998
v -0.00961923 -0.01011177 -0.02599998
v -0.00557687 -0.01281358 -0.01899997
v -0.00663995 -0.01221452 -0.01874997
v -0.00667218 -0.01227326 -0.01899998
v -0.00767901 -0.01158381 -0.01874998
v -0.00771623 -0.01163951 -0.01899998
v -0.00865915 -0.01086495 -0.01874998
v -0.00870108 -0.01091718 -0.01899999
v -0.00957289 -0.01006338 -0.01874998
v -0.00961923 -0.01011176 -0.01899998
v -0.01041332 -0.00918523 -0.01874998
v -0.01046368 -0.00922940 -0.01899998
v -0.01117399 -0.00823718 -0.01874998
v -0.01122802 -0.00827678 -0.01899998
v -0.01184915 -0.00722644 -0.01874997
v -0.01190641 -0.00726118 -0.01899999
v -0.01243363 -0.00616069 -0.01874998
v -0.01249373 -0.00619032 -0.01899998
v -0.01292302 -0.00504807 -0.01874998
v -0.01298545 -0.00507234 -0.01899998
v -0.01331358 -0.00389702 -0.01874999
v -0.01337789 -0.00391576 -0.01899998
v -0.01360232 -0.00271632 -0.01874999
v -0.01366802 -0.00272938 -0.01899998
v -0.01378706 -0.00151494 -0.01874998
v -0.01385364 -0.00152222 -0.01899999
v -0.01386638 -0.00030204 -0.01874999
v -0.01393336 -0.00030349 -0.01899999
v -0.01383971 0.00091317 -0.01874999
v -0.01390654 0.00091756 -0.01899998
v -0.01370721 0.00212143 -0.01874999
v -0.01377342 0.00213163 -0.01899999
v -0.01346991 0.00331354 -0.01874999
v -0.01353499 0.00332947 -0.01899999
v -0.01312963 0.00448043 -0.01875000
v -0.01319305 0.00450197 -0.01899999
v -0.01268893 0.00561323 -0.01875000
v -0.01275023 0.00564022 -0.01899999
v -0.01215118 0.00670330 -0.01875000
v -0.01220990 0.00673553 -0.01900000
v -0.01152046 0.00774236 -0.01874999
v -0.01157616 0.00777958 -0.01899999
v -0.01080160 0.00872250 -0.01874999
v -0.01085382 0.00876443 -0.01900000
v -0.01000003 0.00963624 -0.01875000
v -0.01004842 0.00968257 -0.01899999
v -0.00912188 0.01047666 -0.01875000
v -0.00916605 0.01052702 -0.01899999
v -0.00817382 0.01123733 -0.01875000
v -0.00821343 0.01129136 -0.01900000
v -0.00716309 0.01191249 -0.01874999
v -0.00719783 0.01196977 -0.01900000
v -0.00609735 0.01249698 -0.01874999
v -0.00612697 0.01255708 -0.01900000
v -0.00498472 0.01298637 -0.01875000
v -0.00500898 0.01304880 -0.01900000
v -0.00383367 0.01337693 -0.01875000
v -0.00385241 0.01344124 -0.01900000
v -0.00265296 0.01366567 -0.01874999
v -0.00266603 0.01373137 -0.01900000
v -0.00145158 0.01385041 -0.01875000
v -0.00145887 0.01391701 -0.01900000
v -0.00023867 0.01392974 -0.01875000
v -0.00024013 0.01399672 -0.01900000
v 0.00097653 0.01390305 -0.01875000
v 0.00098091 0.01396991 -0.01900000
v 0.00218478 0.01377056 -0.01875000
v 0.00219498 0.01383676 -0.01900000
v 0.00337690 0.01353327 -0.01874999
v 0.00339283 0.01359834 -0.01900000
v 0.00454378 0.01319297 -0.01875000
v 0.00456533 0.01325641 -0.01899999
v 0.00567658 0.01275227 -0.01874999
v 0.00570357 0.01281359 -0.01900000
v 0.00676665 0.01221453 -0.01875000
v 0.00679888 0.01227325 -0.01900000
v 0.00780570 0.01158382 -0.01875000
v 0.00784293 0.01163951 -0.01899999
v 0.00878584 0.01086494 -0.01874999
v 0.00882778 0.01091717 -0.01900000
v 0.00969960 0.01006338 -0.01874999
v 0.00974593 0.01011176 -0.01899999
v 0.01054001 0.00918524 -0.01875000
v 0.01059038 0.00922940 -0.01899999
v 0.01130069 0.00823718 -0.01875000
v 0.01135472 0.00827678 -0.01899999
v 0.01197584 0.00722643 -0.01875000
v 0.01203311 0.00726117 -0.01899999
v 0.01256034 0.00616070 -0.01875000
v 0.01262042 0.00619032 -0.01899999
v 0.01304973 0.00504806 -0.01874999
v 0.01311216 0.00507234 -0.01900000
v 0.01344027 0.00389702 -0.01874999
v 0.01350459 0.00391576 -0.01899999
v 0.01372901 0.00271631 -0.01874999
v 0.01379471 0.00272938 -0.01900000
v 0.01391376 0.00151493 -0.01874999
v 0.01398035 0.00152222 -0.01899999
v 0.01399309 0.00030203 -0.01874998
v 0.01406006 0.00030349 -0.01899999
v 0.01396641 -0.00091317 -0.01874999
v 0.01403326 -0.00091756 -0.01899999
v 0.01383391 -0.00212144 -0.01874998
v 0.01390011 -0.00213163 -0.01899998
v 0.01359662 -0.00331355 -0.01874999
v 0.01366168 -0.00332947 -0.01899998
v 0.01325633 -0.00448043 -0.01874998
v 0.01331975 -0.00450198 -0.01899999
v 0.01281563 -0.00561323 -0.01874998
v 0.01287693 -0.00564021 -0.01899999
v 0.01227787 -0.00670331 -0.01874999
v 0.01233660 -0.00673554 -0.01899998
v 0.01164717 -0.00774236 -0.01874999
v 0.01170285 -0.00777958 -0.01899998
v 0.01092829 -0.00872249 -0.01874999
v 0.01098052 -0.00876443 -0.01899998
v 0.01012673 -0.00963624 -0.01874998
v 0.01017511 -0.00968257 -0.01899998
v 0.00924858 -0.01047666 -0.01874999
v 0.00929274 -0.01052702 -0.01899998
v 0.00830053 -0.01123734 -0.01874997
v 0.00834013 -0.01129136 -0.01899998
v 0.00728979 -0.01191249 -0.01874998
v 0.00732452 -0.01196977 -0.01899998
v 0.00622404 -0.01249699 -0.01874998
v 0.00625367 -0.01255708 -0.01899998
v 0.00511142 -0.01298636 -0.01874998
v 0.00513569 -0.01304881 -0.01899999
v 0.00396036 -0.01337692 -0.01874998
v 0.00397911 -0.01344123 -0.01899997
v 0.00277967 -0.01366566 -0.01874998
v 0.00279272 -0.01373137 -0.01899997
v 0.00157829 -0.01385041 -0.01874998
v 0.00158557 -0.01391700 -0.01899998
v 0.00036538 -0.01392973 -0.01874997
v 0.00036683 -0.01399671 -0.01899997
v -0.00084982 -0.01390305 -0.01874997
v -0.00085421 -0.01396991 -0.01899998
v -0.00205808 -0.01377055 -0.01874998
v -0.00206829 -0.01383677 -0.01899998
v -0.00325019 -0.01353327 -0.01874998
v -0.00326612 -0.01359833 -0.01899997
v -0.00441708 -0.01319298 -0.01874999
v -0.00443863 -0.01325641 -0.01899998
v -0.00554989 -0.01275228 -0.01874997
v -0.00655190 -0.01205408 -0.01856697
v -0.00757731 -0.01143165 -0.01856697
v -0.00854457 -0.01072223 -0.01856698
v -0.00944632 -0.00993120 -0.01856697
v -0.01027569 -0.00906458 -0.01856698
v -0.01102638 -0.00812897 -0.01856697
v -0.01169267 -0.00713152 -0.01856697
v -0.01226948 -0.00607977 -0.01856697
v -0.01275244 -0.00498176 -0.01856696
v -0.01313786 -0.00384584 -0.01856697
v -0.01342282 -0.00268064 -0.01856698
v -0.01360514 -0.00149504 -0.01856697
v -0.01368341 -0.00029807 -0.01856697
v -0.01365708 0.00090118 -0.01856697
v -0.01352633 0.00209356 -0.01856698
v -0.01329216 0.00327002 -0.01856698
v -0.01295633 0.00442159 -0.01856698
v -0.01252143 0.00553950 -0.01856698
v -0.01199074 0.00661526 -0.01856698
v -0.01136830 0.00764067 -0.01856698
v -0.01065887 0.00860792 -0.01856698
v -0.00986785 0.00950967 -0.01856699
v -0.00900124 0.01033904 -0.01856698
v -0.00806563 0.01108973 -0.01856698
v -0.00706816 0.01175602 -0.01856699
v -0.00601642 0.01233283 -0.01856698
v -0.00491841 0.01281579 -0.01856699
v -0.00378248 0.01320121 -0.01856698
v -0.00261729 0.01348617 -0.01856698
v -0.00143169 0.01366848 -0.01856698
v -0.00023471 0.01374678 -0.01856698
v 0.00096453 0.01372044 -0.01856699
v 0.00215691 0.01358969 -0.01856698
v 0.00333337 0.01335550 -0.01856698
v 0.00448493 0.01301967 -0.01856698
v 0.00560285 0.01258477 -0.01856698
v 0.00667861 0.01205408 -0.01856698
v 0.00770402 0.01143166 -0.01856698
v 0.00867127 0.01072222 -0.01856699
v 0.00957303 0.00993120 -0.01856698
v 0.01040240 0.00906458 -0.01856698
v 0.01115307 0.00812898 -0.01856698
v 0.01181937 0.00713152 -0.01856699
v 0.01239619 0.00607977 -0.01856698
v 0.01287914 0.00498176 -0.01856699
v 0.01326456 0.00384584 -0.01856698
v 0.01354951 0.00268063 -0.01856698
v 0.01373183 0.00149504 -0.01856698
v 0.01381012 0.00029807 -0.01856698
v 0.01378379 -0.00090118 -0.01856698
v 0.01365304 -0.00209357 -0.01856698
v 0.01341885 -0.00327002 -0.01856697
v 0.01308302 -0.00442159 -0.01856698
v 0.01264812 -0.00553950 -0.01856696
v 0.01211743 -0.00661526 -0.01856697
v 0.01149501 -0.00764067 -0.01856697
v 0.01078558 -0.00860792 -0.01856698
v 0.00999454 -0.00950968 -0.01856697
v 0.00912793 -0.01033904 -0.01856697
v 0.00819234 -0.01108973 -0.01856697
v 0.00719487 -0.01175602 -0.01856697
v 0.00614313 -0.01233283 -0.01856697
v 0.00504511 -0.01281580 -0.01856697
v 0.00390918 -0.01320121 -0.01856698
v 0.00274398 -0.01348617 -0.01856697
v 0.00155839 -0.01366848 -0.01856697
v 0.00036141 -0.01374677 -0.01856697
v -0.00083782 -0.01372043 -0.01856696
v -0.00203022 -0.01358969 -0.01856697
v -0.00320666 -0.01335550 -0.01856697
v -0.00435824 -0.01301967 -0.01856697
v -0.00547616 -0.01258477 -0.01856697
v -0.00643163 -0.01183492 -0.01849999
v -0.00743839 -0.01122381 -0.01849997
v -0.00838807 -0.01052727 -0.01849998
v -0.00927342 -0.00975062 -0.01849998
v -0.01008771 -0.00889977 -0.01849998
v -0.01082475 -0.00798118 -0.01849998
v -0.01147893 -0.00700185 -0.01849998
v -0.01204525 -0.00596923 -0.01849998
v -0.01251944 -0.00489118 -0.01849998
v -0.01289784 -0.00377591 -0.01849999
v -0.01317762 -0.00263190 -0.01849999
v -0.01335661 -0.00146786 -0.01849999
v -0.01343348 -0.00029265 -0.01849999
v -0.01340762 0.00088480 -0.01849999
v -0.01327925 0.00205551 -0.01849999
v -0.01304933 0.00321056 -0.01849999
v -0.01271961 0.00434119 -0.01849999
v -0.01229260 0.00543878 -0.01849999
v -0.01177157 0.00649498 -0.01849999
v -0.01116046 0.00750173 -0.01849999
v -0.01046392 0.00845141 -0.01849999
v -0.00968727 0.00933677 -0.01849999
v -0.00883642 0.01015106 -0.01850000
v -0.00791784 0.01088809 -0.01850000
v -0.00693850 0.01154228 -0.01849999
v -0.00590588 0.01210861 -0.01849999
v -0.00482783 0.01258278 -0.01850000
v -0.00371255 0.01296119 -0.01850001
v -0.00256855 0.01324096 -0.01849999
v -0.00140451 0.01341996 -0.01850000
v -0.00022929 0.01349682 -0.01850000
v 0.00094814 0.01347098 -0.01849999
v 0.00211885 0.01334260 -0.01849999
v 0.00327392 0.01311268 -0.01850000
v 0.00440454 0.01278296 -0.01850000
v 0.00550213 0.01235595 -0.01849999
v 0.00655833 0.01183492 -0.01850001
v 0.00756510 0.01122380 -0.01850000
v 0.00851476 0.01052728 -0.01850000
v 0.00940012 0.00975063 -0.01850000
v 0.01021440 0.00889978 -0.01850000
v 0.01095145 0.00798118 -0.01850000
v 0.01160562 0.00700184 -0.01849999
v 0.01217196 0.00596923 -0.01849999
v 0.01264613 0.00489118 -0.01849999
v 0.01302455 0.00377590 -0.01849999
v 0.01330432 0.00263189 -0.01849999
v 0.01348331 0.00146786 -0.01849998
v 0.01356017 0.00029265 -0.01849999
v 0.01353432 -0.00088479 -0.01849999
v 0.01340595 -0.00205550 -0.01849999
v 0.01317602 -0.00321056 -0.01849999
v 0.01284631 -0.00434120 -0.01849998
v 0.01241931 -0.00543879 -0.01849998
v 0.01189827 -0.00649498 -0.01849998
v 0.01128715 -0.00750174 -0.01849998
v 0.01059063 -0.00845141 -0.01849998
v 0.00981398 -0.00933677 -0.01849998
v 0.00896313 -0.01015105 -0.01849998
v 0.00804453 -0.01088810 -0.01849998
v 0.00706520 -0.01154227 -0.01849999
v 0.00603258 -0.01210860 -0.01849999
v 0.00495454 -0.01258278 -0.01849997
v 0.00383926 -0.01296119 -0.01849999
v 0.00269525 -0.01324096 -0.01849998
v 0.00153121 -0.01341996 -0.01849998
v 0.00035600 -0.01349683 -0.01849999
v -0.00082145 -0.01347098 -0.01849998
v -0.00199216 -0.01334260 -0.01849998
v -0.00314721 -0.01311268 -0.01849998
v -0.00427785 -0.01278295 -0.01849999
v -0.00537542 -0.01235596 -0.01849998
v -0.00235389 -0.00549154 -0.02599998
v -0.00308476 -0.00518631 -0.02624998
v -0.00304999 -0.00512904 -0.02599999
v -0.00373478 -0.00473102 -0.02624999
v -0.00369283 -0.00467880 -0.02599999
v -0.00431980 -0.00419480 -0.02624999
v -0.00427140 -0.00414849 -0.02599999
v -0.00482983 -0.00358681 -0.02624999
v -0.00477580 -0.00354720 -0.02599999
v -0.00525614 -0.00291743 -0.02624998
v -0.00519740 -0.00288522 -0.02599999
v -0.00559143 -0.00219813 -0.02624998
v -0.00552900 -0.00217386 -0.02599998
v -0.00582997 -0.00144123 -0.02624998
v -0.00576490 -0.00142531 -0.02599999
v -0.00596768 -0.00065967 -0.02624999
v -0.00590108 -0.00065239 -0.02599998
v -0.00600217 0.00013318 -0.02624999
v -0.00593521 0.00013171 -0.02599999
v -0.00593290 0.00092375 -0.02624999
v -0.00586669 0.00091355 -0.02600000
v -0.00576103 0.00169851 -0.02624999
v -0.00569672 0.00167977 -0.02599999
v -0.00548950 0.00244422 -0.02624999
v -0.00542818 0.00241722 -0.02599999
v -0.00512296 0.00314811 -0.02624999
v -0.00506570 0.00311334 -0.02599999
v -0.00466767 0.00379811 -0.02624999
v -0.00461544 0.00375618 -0.02599999
v -0.00413145 0.00438315 -0.02625000
v -0.00408513 0.00433475 -0.02600000
v -0.00352344 0.00489317 -0.02625000
v -0.00348384 0.00483914 -0.02599999
v -0.00285407 0.00531949 -0.02624999
v -0.00282185 0.00526075 -0.02599999
v -0.00213477 0.00565478 -0.02625000
v -0.00211052 0.00559235 -0.02599999
v -0.00137787 0.00589331 -0.02625000
v -0.00136196 0.00582825 -0.02599999
v -0.00059632 0.00603102 -0.02624999
v -0.00058903 0.00596442 -0.02599999
v 0.00019654 0.00606552 -0.02624998
v 0.00019507 0.00599854 -0.02599999
v 0.00098711 0.00599624 -0.02624999
v 0.00097690 0.00593003 -0.02600000
v 0.00176186 0.00582438 -0.02624999
v 0.00174312 0.00576006 -0.02599999
v 0.00250758 0.00555283 -0.02624999
v 0.00248059 0.00549153 -0.02599999
v 0.00321145 0.00518630 -0.02624999
v 0.00317670 0.00512904 -0.02600000
v 0.00386147 0.00473102 -0.02625000
v 0.00381954 0.00467879 -0.02599999
v 0.00444650 0.00419480 -0.02624999
v 0.00439810 0.00414848 -0.02599999
v 0.00495653 0.00358679 -0.02624998
v 0.00490251 0.00354719 -0.02599999
v 0.00538283 0.00291742 -0.02624999
v 0.00532411 0.00288521 -0.02599999
v 0.00571813 0.00219812 -0.02624999
v 0.00565569 0.00217385 -0.02599999
v 0.00595666 0.00144122 -0.02624999
v 0.00589161 0.00142530 -0.02599999
v 0.00609437 0.00065966 -0.02624998
v 0.00602777 0.00065238 -0.02599999
v 0.00612888 -0.00013319 -0.02624998
v 0.00606190 -0.00013172 -0.02599998
v 0.00605960 -0.00092377 -0.02624999
v 0.00599340 -0.00091356 -0.02599998
v 0.00588772 -0.00169853 -0.02624998
v 0.00582342 -0.00167978 -0.02599999
v 0.00561619 -0.00244422 -0.02624999
v 0.00555489 -0.00241724 -0.02599998
v 0.00524965 -0.00314811 -0.02624999
v 0.00519239 -0.00311335 -0.02599999
v 0.00479438 -0.00379812 -0.02624998
v 0.00474213 -0.00375619 -0.02599999
v 0.00425815 -0.00438315 -0.02624998
v 0.00421183 -0.00433476 -0.02599998
v 0.00365015 -0.00489319 -0.02624999
v 0.00361054 -0.00483915 -0.02599999
v 0.00298077 -0.00531950 -0.02624999
v 0.00294856 -0.00526076 -0.02599999
v 0.00226148 -0.00565478 -0.02624999
v 0.00223721 -0.00559235 -0.02599999
v 0.00150458 -0.00589332 -0.02624998
v 0.00148866 -0.00582826 -0.02599999
v 0.00072301 -0.00603102 -0.02624999
v 0.00071572 -0.00596444 -0.02599999
v -0.00006984 -0.00606553 -0.02624999
v -0.00006836 -0.00599855 -0.02599999
v -0.00086040 -0.00599626 -0.02624999
v -0.00085021 -0.00593004 -0.02599998
v -0.00163517 -0.00582438 -0.02624999
v -0.00161641 -0.00576007 -0.02599998
v -0.00238087 -0.00555285 -0.02624998
v -0.00317972 -0.00534276 -0.02643300
v -0.00384934 -0.00487375 -0.02643300
v -0.00445201 -0.00432133 -0.02643300
v -0.00497745 -0.00369500 -0.02643301
v -0.00541661 -0.00300543 -0.02643301
v -0.00576201 -0.00226444 -0.02643300
v -0.00600774 -0.00148471 -0.02643301
v -0.00614960 -0.00067957 -0.02643300
v -0.00618514 0.00013720 -0.02643301
v -0.00611378 0.00095161 -0.02643300
v -0.00593673 0.00174975 -0.02643300
v -0.00565700 0.00251795 -0.02643301
v -0.00527941 0.00324305 -0.02643300
v -0.00481040 0.00391269 -0.02643301
v -0.00425798 0.00451537 -0.02643300
v -0.00363164 0.00504078 -0.02643300
v -0.00294207 0.00547996 -0.02643301
v -0.00220108 0.00582536 -0.02643300
v -0.00142135 0.00607109 -0.02643300
v -0.00061621 0.00621294 -0.02643300
v 0.00020055 0.00624848 -0.02643300
v 0.00101497 0.00617711 -0.02643301
v 0.00181311 0.00600007 -0.02643302
v 0.00258131 0.00572035 -0.02643301
v 0.00330641 0.00534275 -0.02643300
v 0.00397604 0.00487374 -0.02643300
v 0.00457872 0.00432132 -0.02643300
v 0.00510414 0.00369499 -0.02643300
v 0.00554331 0.00300542 -0.02643300
v 0.00588871 0.00226443 -0.02643300
v 0.00613444 0.00148470 -0.02643300
v 0.00627630 0.00067956 -0.02643300
v 0.00631185 -0.00013721 -0.02643299
v 0.00624047 -0.00095162 -0.02643300
v 0.00606342 -0.00174976 -0.02643300
v 0.00578370 -0.00251796 -0.02643300
v 0.00540610 -0.00324307 -0.02643300
v 0.00493709 -0.00391270 -0.02643299
v 0.00438469 -0.00451538 -0.02643300
v 0.00375835 -0.00504079 -0.02643300
v 0.00306878 -0.00547996 -0.02643300
v 0.00232779 -0.00582537 -0.02643300
v 0.00154804 -0.00607110 -0.02643300
v 0.00074292 -0.00621295 -0.02643301
v -0.00007386 -0.00624849 -0.02643300
v -0.00088827 -0.00617713 -0.02643299
v -0.00168640 -0.00600007 -0.02643300
v -0.00245460 -0.00572035 -0.02643301
v -0.00330944 -0.00555647 -0.02649998
v -0.00400584 -0.00506870 -0.02649999
v -0.00463263 -0.00449419 -0.02649999
v -0.00517907 -0.00384279 -0.02649998
v -0.00563581 -0.00312564 -0.02649999
v -0.00599503 -0.00235502 -0.02649998
v -0.00625059 -0.00154410 -0.02649998
v -0.00639811 -0.00070676 -0.02649999
v -0.00643508 0.00014269 -0.02649999
v -0.00636086 0.00098969 -0.02649999
v -0.00617673 0.00181975 -0.02649999
v -0.00588581 0.00261866 -0.02649999
v -0.00549312 0.00337279 -0.02649999
v -0.00500535 0.00406920 -0.02649999
v -0.00443083 0.00469597 -0.02649999
v -0.00377944 0.00524241 -0.02649999
v -0.00306230 0.00569915 -0.02649999
v -0.00229167 0.00605837 -0.02649999
v -0.00148073 0.00631393 -0.02650000
v -0.00064339 0.00646145 -0.02649999
v 0.00020603 0.00649842 -0.02649999
v 0.00105303 0.00642420 -0.02650000
v 0.00188310 0.00624007 -0.02649998
v 0.00268203 0.00594915 -0.02649999
v 0.00343614 0.00555646 -0.02650000
v 0.00413255 0.00506868 -0.02649998
v 0.00475934 0.00449418 -0.02649999
v 0.00530577 0.00384278 -0.02649999
v 0.00576250 0.00312564 -0.02649999
v 0.00612172 0.00235501 -0.02650000
v 0.00637728 0.00154408 -0.02649998
v 0.00652482 0.00070675 -0.02649999
v 0.00656179 -0.00014269 -0.02649998
v 0.00648757 -0.00098969 -0.02649999
v 0.00630342 -0.00181975 -0.02649999
v 0.00601252 -0.00261869 -0.02649999
v 0.00561981 -0.00337280 -0.02649998
v 0.00513204 -0.00406921 -0.02649999
v 0.00455754 -0.00469599 -0.02649998
v 0.00390614 -0.00524243 -0.02649998
v 0.00318899 -0.00569916 -0.02649999
v 0.00241836 -0.00605838 -0.02649998
v 0.00160744 -0.00631394 -0.02649998
v 0.00077010 -0.00646146 -0.02649998
v -0.00007934 -0.00649844 -0.02649998
v -0.00092634 -0.00642421 -0.02649998
v -0.00175639 -0.00624009 -0.02649998
v -0.00255532 -0.00594917 -0.02649998
v -0.00552900 -0.00217386 -0.01899999
v -0.00573723 -0.00153404 -0.01899999
v -0.00577402 -0.00154378 -0.01880865
v -0.00586670 0.00091356 -0.01899999
v -0.00570296 0.00165821 -0.01899999
v -0.00573953 0.00166873 -0.01880865
v -0.00461543 0.00375619 -0.01900000
v -0.00403624 0.00438102 -0.01899999
v -0.00406224 0.00440882 -0.01880865
v -0.00211051 0.00559235 -0.01899999
v -0.00120891 0.00586356 -0.01900000
v -0.00121697 0.00590076 -0.01880865
v 0.00097691 0.00593005 -0.01899999
v 0.00197860 0.00568611 -0.01899999
v 0.00199074 0.00572218 -0.01880865
v 0.00248059 0.00549153 -0.01899999
v 0.00296312 0.00525275 -0.01899999
v 0.00298150 0.00528607 -0.01880865
v 0.00490250 0.00354719 -0.01899999
v 0.00524678 0.00302192 -0.01899999
v 0.00527965 0.00304111 -0.01880865
v 0.00602778 0.00065238 -0.01899998
v 0.00606301 -0.00006441 -0.01899998
v 0.00610107 -0.00006482 -0.01880865
v 0.00555488 -0.00241724 -0.01899998
v 0.00518072 -0.00313250 -0.01899998
v 0.00521317 -0.00315237 -0.01880864
v 0.00361054 -0.00483916 -0.01899998
v 0.00284968 -0.00531379 -0.01899998
v 0.00286736 -0.00534750 -0.01880865
v -0.00029796 -0.00648996 -0.01849999
v -0.00028732 -0.00629890 -0.01853804
v -0.00140640 -0.00613506 -0.01853804
v -0.00145097 -0.00632114 -0.01849998
v -0.00247824 -0.00577405 -0.01853805
v -0.00255533 -0.00594917 -0.01849999
v -0.00346838 -0.00522743 -0.01853804
v -0.00357550 -0.00538598 -0.01849999
v -0.00434502 -0.00451281 -0.01853804
v -0.00447872 -0.00464969 -0.01849999
v -0.00507997 -0.00365314 -0.01853805
v -0.00523597 -0.00376394 -0.01849999
v -0.00027831 -0.00613695 -0.01864644
v -0.00136861 -0.00597731 -0.01864643
v -0.00241288 -0.00562557 -0.01864644
v -0.00337757 -0.00509302 -0.01864644
v -0.00423168 -0.00439677 -0.01864643
v -0.00494772 -0.00355921 -0.01864643
v -0.00027227 -0.00602872 -0.01880863
v -0.00134335 -0.00587191 -0.01880865
v 0.00200549 -0.00620307 -0.01849998
v 0.00308187 -0.00575660 -0.01849998
v 0.00194831 -0.00602046 -0.01853805
v 0.00299302 -0.00558714 -0.01853805
v 0.00189985 -0.00586567 -0.01864643
v 0.00291769 -0.00544348 -0.01864643
v 0.00186746 -0.00576223 -0.01880863
v 0.00491212 -0.00432891 -0.01849999
v 0.00560716 -0.00339355 -0.01849999
v 0.00476940 -0.00420147 -0.01853805
v 0.00544396 -0.00329366 -0.01853804
v 0.00464839 -0.00409344 -0.01864644
v 0.00530562 -0.00320897 -0.01864643
v 0.00456753 -0.00402125 -0.01880865
v 0.00644606 -0.00122920 -0.01849999
v 0.00656297 -0.00006977 -0.01849998
v 0.00625817 -0.00119302 -0.01853804
v 0.00637164 -0.00006772 -0.01853804
v 0.00609889 -0.00116234 -0.01864643
v 0.00620944 -0.00006599 -0.01864644
v 0.00599245 -0.00114185 -0.01880865
v 0.00617304 0.00221849 -0.01849999
v 0.00567873 0.00327376 -0.01849999
v 0.00599320 0.00215317 -0.01853805
v 0.00551344 0.00317738 -0.01853805
v 0.00584071 0.00209781 -0.01864643
v 0.00537329 0.00309569 -0.01864644
v 0.00573883 0.00206082 -0.01880864
v 0.00417035 0.00503810 -0.01849999
v 0.00320475 0.00569048 -0.01849999
v 0.00404946 0.00488980 -0.01853805
v 0.00311229 0.00552296 -0.01853805
v 0.00394695 0.00476408 -0.01864644
v 0.00303388 0.00538096 -0.01864645
v 0.00387848 0.00468006 -0.01880866
v -0.00015856 0.00649621 -0.01849999
v -0.00131493 0.00635220 -0.01849999
v -0.00015202 0.00630498 -0.01853805
v -0.00127436 0.00616521 -0.01853805
v -0.00014649 0.00614286 -0.01864644
v -0.00123997 0.00600667 -0.01864644
v -0.00014278 0.00603454 -0.01880866
v -0.00345905 0.00546285 -0.01849999
v -0.00437787 0.00474611 -0.01849999
v -0.00335535 0.00530205 -0.01853805
v -0.00424714 0.00460640 -0.01853805
v -0.00326745 0.00516571 -0.01864643
v -0.00413630 0.00448795 -0.01864643
v -0.00320872 0.00507461 -0.01880864
v -0.00576233 0.00288294 -0.01849999
v -0.00618348 0.00179639 -0.01849999
v -0.00559085 0.00279808 -0.01853805
v -0.00599960 0.00174351 -0.01853804
v -0.00544546 0.00272613 -0.01864645
v -0.00584371 0.00169869 -0.01864644
v -0.00534832 0.00267805 -0.01880865
v -0.00641637 -0.00051312 -0.01849999
v -0.00622061 -0.00166189 -0.01849999
v -0.00622562 -0.00049803 -0.01853804
v -0.00603563 -0.00161296 -0.01853805
v -0.00606391 -0.00048522 -0.01864643
v -0.00587881 -0.00157149 -0.01864644
v -0.00595586 -0.00047667 -0.01880864
v -0.00236922 -0.00552637 -0.01880864
v -0.00331689 -0.00500320 -0.01880864
v -0.00415593 -0.00431923 -0.01880865
v -0.00485936 -0.00349644 -0.01880864
v -0.00085021 -0.00593005 -0.01899998
v -0.00027016 -0.00599072 -0.01899999
v 0.00071573 -0.00596442 -0.01899998
v 0.00080489 -0.00595400 -0.01899998
v 0.00080958 -0.00599177 -0.01880864
v 0.00082298 -0.00609932 -0.01864643
v 0.00084303 -0.00626029 -0.01853804
v 0.00086668 -0.00645017 -0.01849998
v 0.00185609 -0.00572591 -0.01899999
v 0.00223720 -0.00559234 -0.01899998
v 0.00375372 -0.00473088 -0.01899998
v 0.00377713 -0.00476089 -0.01880864
v 0.00384380 -0.00484634 -0.01864643
v 0.00394356 -0.00497425 -0.01853805
v 0.00406125 -0.00512511 -0.01849999
v 0.00453915 -0.00399591 -0.01899998
v 0.00474215 -0.00375619 -0.01899998
v 0.00565781 -0.00216842 -0.01899999
v 0.00569330 -0.00218219 -0.01880865
v 0.00579436 -0.00222135 -0.01864643
v 0.00594560 -0.00227997 -0.01853806
v 0.00612402 -0.00234913 -0.01849998
v 0.00595508 -0.00113464 -0.01899999
v 0.00599339 -0.00091356 -0.01899999
v 0.00597809 0.00100791 -0.01899999
v 0.00601561 0.00101431 -0.01880865
v 0.00612245 0.00103251 -0.01864644
v 0.00628235 0.00105976 -0.01853806
v 0.00647099 0.00109190 -0.01850000
v 0.00570307 0.00204783 -0.01899999
v 0.00565570 0.00217386 -0.01899998
v 0.00462390 0.00389891 -0.01900000
v 0.00465282 0.00392364 -0.01880865
v 0.00473521 0.00399407 -0.01864644
v 0.00485850 0.00409947 -0.01853806
v 0.00500393 0.00422381 -0.01850000
v 0.00385443 0.00465056 -0.01899999
v 0.00381953 0.00467878 -0.01899999
v 0.00202534 0.00582490 -0.01864644
v 0.00207712 0.00597862 -0.01853806
v 0.00213820 0.00615995 -0.01849999
v 0.00093252 0.00593671 -0.01899998
v 0.00093803 0.00597437 -0.01880865
v 0.00095374 0.00608161 -0.01864644
v 0.00097724 0.00624211 -0.01853805
v 0.00100495 0.00643143 -0.01850000
v -0.00014148 0.00599650 -0.01899999
v -0.00058904 0.00596443 -0.01900000
v -0.00223544 0.00554216 -0.01899999
v -0.00225003 0.00557732 -0.01880865
v -0.00229156 0.00567744 -0.01864644
v -0.00235369 0.00582727 -0.01853805
v -0.00242701 0.00600401 -0.01849999
v -0.00318810 0.00504263 -0.01900000
v -0.00348384 0.00483916 -0.01899999
v -0.00475261 0.00357860 -0.01899999
v -0.00478316 0.00360131 -0.01880866
v -0.00487017 0.00366596 -0.01864644
v -0.00500036 0.00376270 -0.01853805
v -0.00515395 0.00387683 -0.01849999
v -0.00531421 0.00266118 -0.01900000
v -0.00542819 0.00241724 -0.01899999
v -0.00590638 0.00060196 -0.01899999
v -0.00594424 0.00060577 -0.01880864
v -0.00605208 0.00061664 -0.01864644
v -0.00621348 0.00063292 -0.01853806
v -0.00640385 0.00065212 -0.01849999
v -0.00591792 -0.00047366 -0.01899999
v -0.00590107 -0.00065238 -0.01899999
v -0.00537010 -0.00254513 -0.01899998
v -0.00540456 -0.00256128 -0.01880865
v -0.00550272 -0.00260724 -0.01864644
v -0.00564961 -0.00267605 -0.01853805
v -0.00582288 -0.00275721 -0.01849999
v -0.00482833 -0.00347440 -0.01899998
v -0.00133449 -0.00583489 -0.01899999
v -0.00235389 -0.00549153 -0.01899999
v -0.00329558 -0.00497167 -0.01899998
v -0.00369284 -0.00467878 -0.01899999
v -0.00412934 -0.00429201 -0.01899998
v -0.00477581 -0.00354718 -0.01899998
v -0.02570864 -0.01470007 0.06419078
v -0.02648258 -0.01470007 0.05484678
v -0.02570879 -0.01034475 0.06419074
v -0.02648023 -0.00990548 0.05484659
v -0.02600735 -0.01500005 0.06421867
v -0.02678179 -0.01500006 0.05486853
v -0.02422450 -0.00681833 0.00170582
v -0.02436453 -0.00681833 0.00514929
v -0.02436453 -0.01470007 0.00514929
v -0.02409066 -0.01470007 -0.00419640
v -0.02409066 -0.00681833 -0.00419640
v -0.02415958 -0.00681834 -0.00071960
v -0.02419033 -0.00681834 0.00049314
v 0.02313767 -0.01470007 -0.03595509
v 0.02313768 -0.00681834 -0.03595509
v 0.02252372 -0.01470004 -0.03841376
v 0.02225743 -0.00681833 -0.03925895
v 0.02186292 -0.01470006 -0.04040730
v 0.02186002 -0.00681834 -0.04040990
v 0.02171793 -0.01470006 -0.04080049
v 0.02142623 -0.00681834 -0.04154764
v 0.02035590 -0.01470007 -0.04392002
v 0.02099378 -0.00681833 -0.04257620
v 0.01994504 -0.00681833 -0.04466338
v 0.01994505 -0.01470007 -0.04466338
v 0.02020340 -0.01500007 -0.04481584
v 0.02126591 -0.01500008 -0.04270785
v 0.02214291 -0.01500007 -0.04051522
v 0.02343259 -0.01500007 -0.03601008
v 0.02456053 -0.01470007 0.00514108
v 0.02456052 -0.00681835 0.00514107
v 0.02442116 -0.00681834 0.00171039
v 0.02430190 -0.01470010 -0.00334079
v 0.02428750 -0.00681833 -0.00418922
v 0.02428751 -0.01470007 -0.00418922
v 0.02435605 -0.00681834 -0.00072542
v 0.02438686 -0.00681835 0.00049252
v 0.02486004 -0.01500007 0.00512395
v 0.02458747 -0.01500007 -0.00419413
v 0.02667740 -0.01470008 0.05485343
v 0.02590498 -0.01470008 0.06417730
v 0.02667466 -0.00990485 0.05485342
v 0.02590476 -0.01034334 0.06417715
v 0.02697660 -0.01500007 0.05487527
v 0.02620367 -0.01500007 0.06420518
v 0.02490534 -0.00681834 -0.00046369
v 0.02263785 -0.00681833 -0.04304319
v 0.02207590 -0.00681834 -0.04427494
v 0.02199068 -0.00681833 -0.04174447
v 0.02535456 -0.00681833 0.00060719
v 0.02513995 -0.00681833 0.00120705
v 0.02555478 -0.00681834 0.00622765
v 0.02499811 -0.00681834 0.00137874
v 0.02449635 -0.00681834 0.00168847
v 0.02441182 -0.00681834 -0.03743133
v 0.02304144 -0.00681833 -0.03966849
v 0.02499184 -0.00681834 -0.03378182
v 0.02254008 -0.00681833 -0.03932701
v 0.02526231 -0.00681833 0.00001748
v 0.02542606 -0.00681834 -0.00320259
v 0.02542967 -0.00681834 0.00202530
v 0.02029236 -0.00681834 -0.04743075
v 0.01648032 -0.00681833 -0.04925072
v 0.02522666 -0.00681833 -0.03060890
v 0.02378030 -0.00681834 -0.03027203
v 0.02636236 -0.00681834 0.01505685
v 0.02594749 -0.00681834 0.01809230
v 0.02717592 -0.00681835 0.02354375
v 0.02739862 -0.00681834 0.02951103
v 0.00187497 -0.00681834 -0.05587190
v 0.00732012 -0.00681833 -0.05481330
v 0.00747076 -0.00681834 -0.05687708
v 0.01839204 -0.00681833 -0.04999765
v 0.01633685 -0.00681834 -0.05212939
v 0.01216846 -0.00681833 -0.05263301
v 0.01561772 -0.00681833 -0.05275041
v 0.02259247 -0.00681834 -0.04165235
v 0.02306317 -0.00681833 -0.04130647
v 0.02348077 -0.00681834 -0.04083395
v 0.02332771 -0.00681835 -0.04077404
v 0.02332194 -0.00681833 -0.04020146
v 0.02616325 -0.00681833 0.01320793
v 0.02507430 -0.00681835 0.01121690
v 0.02583938 -0.00681833 0.01724843
v 0.00009904 -0.00681833 -0.05787086
v 0.00009902 -0.00681834 -0.05593846
v 0.00201999 -0.00681834 -0.05777551
v 0.00364226 -0.00681834 -0.05759294
v 0.01309409 -0.00681833 -0.05454402
v 0.01179158 -0.00681833 -0.05526919
v 0.01039778 -0.00681834 -0.05591336
v 0.02540681 -0.00681833 -0.01324579
v 0.02391872 -0.00681833 -0.02017951
v 0.02538600 -0.00681833 -0.01680030
v 0.02527116 -0.00681834 -0.02927765
v -0.00611010 -0.01500006 0.11165463
v -0.00934239 -0.01500007 0.11046659
v -0.00727942 -0.01500006 0.10895051
v 0.00393405 -0.01500007 0.11218059
v 0.00009690 -0.01500006 0.11249088
v 0.00009693 -0.01500006 0.11029065
v 0.01426117 -0.01500006 -0.05427305
v 0.01727128 -0.01500007 -0.05195611
v 0.01652693 -0.01500006 -0.04962982
v 0.00298734 -0.01500007 0.11009841
v 0.00354268 -0.01500006 0.11001543
v 0.00857301 -0.01500007 0.11088191
v 0.00627408 -0.01500007 0.10936903
v 0.00680104 -0.01500006 0.10919585
v 0.02999794 -0.01500008 0.03045690
v 0.03028996 -0.01500007 0.03862204
v 0.02809485 -0.01500006 0.03831585
v -0.01752908 -0.01500008 0.10421161
v -0.01529735 -0.01500007 0.10340465
v -0.01510542 -0.01500008 0.10666993
v -0.01291375 -0.01500006 0.10564811
v -0.01238101 -0.01500008 0.10877154
v -0.01054608 -0.01500008 0.10733293
v -0.00459784 -0.01500006 0.10977054
v -0.00413476 -0.01500006 0.10987097
v -0.00271358 -0.01500007 0.11232620
v -0.00129385 -0.01500008 0.11024693
v -0.00075202 -0.01500008 0.11027475
v 0.00839209 -0.01500006 0.10856982
v 0.00938309 -0.01500008 0.10809600
v 0.01225169 -0.01500007 0.10898224
v -0.02620821 -0.01500007 -0.02569454
v -0.02590017 -0.01500007 -0.03280473
v -0.02323613 -0.01500007 -0.03600489
v -0.02541101 -0.01500007 -0.03634261
v -0.02193766 -0.01500007 -0.04053572
v -0.02455416 -0.01500008 -0.03986160
v -0.01999774 -0.01500006 -0.04482974
v -0.02306035 -0.01500007 -0.04375776
v -0.02099641 -0.01500006 -0.04737034
v -0.01022888 -0.01500006 0.10752364
v -0.01017519 -0.01500008 0.10755517
v -0.00771243 -0.01500008 0.10877773
v 0.00981420 -0.01500006 0.10786844
v 0.01224082 -0.01500007 0.10632160
v 0.01591362 -0.01500008 0.10610579
v 0.01272905 -0.01500006 0.10595098
v 0.01851113 -0.01500008 -0.04734698
v 0.01985540 -0.01500007 -0.04920119
v 0.02201119 -0.01500007 -0.04608020
v 0.02372779 -0.01500007 -0.04270837
v 0.02476286 -0.01500007 -0.03982462
v 0.02569413 -0.01500007 -0.03585790
v 0.02416614 -0.01500008 -0.02808974
v 0.02627903 -0.01500007 -0.03037395
v 0.02421877 -0.01500006 -0.02012397
v 0.02641819 -0.01500007 -0.02085282
v 0.02677329 -0.01500008 -0.00505853
v 0.02713187 -0.01500008 0.00620682
v 0.02491133 -0.01500006 0.00597102
v -0.02282219 -0.01500006 0.08875488
v -0.02415805 -0.01500005 0.09213234
v -0.02335358 -0.01500007 0.08623854
v -0.02572592 -0.01500006 0.08546866
v -0.02372259 -0.01500008 0.08409674
v -0.02144934 -0.01500006 0.09850433
v -0.01884786 -0.01500007 0.09862974
v -0.01965063 -0.01500007 0.10145698
v -0.01821458 -0.01500007 0.09964569
v -0.01627509 -0.01500008 0.10228903
v 0.01499290 -0.01500008 0.10392664
v 0.01558051 -0.01500008 0.10330854
v 0.01915332 -0.01500006 0.10242879
v 0.02468270 -0.01500007 0.07855683
v 0.02712240 -0.01500007 0.07665545
v 0.02424315 -0.01500007 0.08192420
v 0.02573206 -0.01500007 0.08652919
v 0.02372063 -0.01500006 0.08527990
v 0.01764786 -0.01500006 0.10075947
v 0.01836744 -0.01500007 0.09970941
v 0.02210169 -0.01500006 0.09762871
v 0.02014613 -0.01500006 0.09662073
v 0.02089016 -0.01500007 0.09504876
v 0.02427129 -0.01500007 0.09238137
v 0.02211974 -0.01500008 0.09187952
v 0.02305120 -0.01500007 0.08861034
v -0.02724759 -0.01500006 0.00987599
v -0.02583138 -0.01500006 0.01636834
v -0.02812300 -0.01500006 0.01693077
v -0.02594077 -0.01500007 0.01720988
v -0.02982505 -0.01500007 0.03072353
v -0.02219579 -0.01500007 0.09104176
v -0.02088886 -0.01500007 0.09460448
v -0.02050154 -0.01500006 0.09547916
v 0.02768564 -0.01500008 0.04539938
v 0.02975289 -0.01500007 0.04706862
v 0.02892509 -0.01500007 0.05827294
v 0.02784867 -0.01500008 0.03115055
v 0.02773223 -0.01500007 0.02983935
v 0.02856366 -0.01500006 0.01881471
v 0.02624459 -0.01500007 0.01805233
v 0.02831918 -0.01500006 0.01693125
v 0.02613698 -0.01500008 0.01721054
v 0.02537620 -0.01500007 0.01121682
v -0.00792073 -0.01500006 -0.05718284
v -0.00870213 -0.01500007 -0.05457027
v -0.01176871 -0.01500006 -0.05559986
v -0.01145144 -0.01500007 -0.05327785
v -0.01532224 -0.01500007 -0.05339542
v -0.01400649 -0.01500006 -0.05163222
v -0.01840813 -0.01500007 -0.05064632
v -0.01632073 -0.01500007 -0.04963852
v -0.01830507 -0.01500007 -0.04735830
v -0.02396926 -0.01500007 -0.02807293
v -0.02402164 -0.01500007 -0.02011224
v -0.02642130 -0.01500008 -0.01145345
v -0.02439062 -0.01500008 -0.00420132
v -0.02675391 -0.01500007 0.00278152
v -0.02466404 -0.01500007 0.00513215
v -0.02518035 -0.01500007 0.01122055
v -0.02543858 -0.01500008 0.06998286
v -0.02745595 -0.01500008 0.07184479
v -0.02873837 -0.01500006 0.05816582
v -0.02519104 -0.01500008 0.07233968
v -0.02466716 -0.01500006 0.07705027
v -0.02407258 -0.01500006 0.08175281
v 0.02507516 -0.01500007 0.07518373
v 0.02579230 -0.01500007 0.06842999
v 0.02612401 -0.01500007 0.06505039
v -0.02716179 -0.01500007 0.02645558
v -0.02771760 -0.01500008 0.03199692
v -0.03010772 -0.01500008 0.03761572
v -0.02788986 -0.01500008 0.03878301
v -0.02977463 -0.01500008 0.04447280
v -0.02747771 -0.01500008 0.04554376
v -0.02684292 -0.01500007 0.05402210
v 0.01421229 -0.01500007 -0.05162600
v 0.01165627 -0.01500007 -0.05327377
v 0.01095714 -0.01500008 -0.05608664
v 0.00890564 -0.01500006 -0.05456788
v 0.00739191 -0.01500007 -0.05740400
v 0.00599228 -0.01500006 -0.05550383
v 0.00370142 -0.01500007 -0.05818942
v 0.00300550 -0.01500006 -0.05606170
v 0.00009905 -0.01500007 -0.05843846
v 0.00009903 -0.01500007 -0.05623846
v -0.00384642 -0.01500007 -0.05813948
v -0.00280552 -0.01500008 -0.05606201
v -0.00579045 -0.01500008 -0.05550495
v 0.00009362 0.00656150 0.06095566
v 0.00009761 0.00309844 0.06764854
v -0.00287871 0.00496950 0.06385131
v -0.00722673 -0.01254527 0.10728966
v -0.00604712 -0.00760040 0.09259413
v -0.00401645 -0.00769571 0.09317509
v -0.01924391 -0.00930687 0.08790219
v -0.01778963 -0.00576016 0.08029811
v -0.01610229 -0.00630566 0.08368272
v -0.01078643 0.01979713 0.03743812
v -0.00768198 0.02032820 0.03826020
v -0.00911550 0.01530553 0.04491282
v -0.01146274 0.01960836 0.03726017
v -0.01310245 0.01473055 0.04353615
v -0.01658494 0.01328876 0.04255531
v -0.01647040 0.01529966 0.03922600
v -0.01596770 0.01578194 0.03904181
v -0.01546514 0.01625808 0.03884194
v -0.01206900 0.01923922 0.03735979
v -0.01376624 0.01022506 0.05060769
v -0.01545241 0.01017452 0.04928644
v -0.01675805 0.01128865 0.04588941
v -0.01733444 0.00680399 0.05347302
v -0.02057191 -0.00870995 0.08367684
v -0.02236043 -0.01169345 0.08864839
v -0.02305665 -0.01157605 0.08619468
v -0.02134157 -0.01183655 0.09166812
v -0.02050004 -0.01193134 0.09375836
v -0.01822942 -0.01213123 0.09817058
v -0.01397100 -0.00677948 0.08683366
v -0.01620381 -0.01226749 0.10106844
v -0.01128873 -0.00717460 0.08960856
v -0.01452526 -0.01236365 0.10295620
v -0.01116164 -0.01252476 0.10571874
v -0.00970463 -0.00733945 0.09079093
v -0.01066028 -0.01254557 0.10603670
v -0.00795333 -0.00748158 0.09179590
v -0.00941261 -0.01254550 0.10657897
v 0.00010708 -0.00701360 0.09150056
v 0.00010436 -0.00873400 0.09635232
v -0.00388413 -0.01254502 0.10791422
v 0.00009695 -0.01254554 0.10813622
v -0.00322391 0.00033842 0.07334021
v 0.00010135 -0.00115602 0.07681575
v 0.00010482 -0.00434615 0.08448444
v 0.00008928 0.01060486 0.05389256
v -0.00256120 0.01006280 0.05470703
v 0.00008949 0.01502120 0.04697935
v -0.00466620 0.01559834 0.04575068
v 0.00009782 0.02081558 0.03899388
v 0.00009475 0.01948001 0.04073455
v -0.00049463 0.02081214 0.03898938
v -0.00428486 0.02066690 0.03877432
v -0.00550112 0.02057070 0.03862971
v -0.00360180 -0.00387357 0.08313752
v -0.00715641 -0.00366129 0.08201878
v -0.01021980 -0.00336389 0.08026251
v -0.01275582 -0.00298898 0.07803173
v -0.01168064 0.00109255 0.06939247
v -0.00926631 0.00077984 0.07111926
v -0.00643922 0.00052530 0.07247336
v -0.01912805 -0.00514923 0.07674091
v -0.02111378 -0.00702818 0.07764663
v -0.02319353 -0.01148445 0.08544016
v -0.01191140 0.01023689 0.05177741
v -0.01947824 -0.00256310 0.06978864
v -0.01825890 0.00194222 0.06187864
v -0.01792391 -0.00149112 0.06979640
v -0.01693366 0.00227547 0.06288539
v -0.01653960 -0.00204677 0.07272294
v -0.01547081 0.00184710 0.06522427
v -0.01373290 0.00145132 0.06740315
v -0.01276415 0.00570602 0.05949128
v -0.01072745 0.00548526 0.06096988
v -0.00987795 0.01021628 0.05279678
v -0.00841439 0.00528096 0.06223657
v -0.00764899 0.01017318 0.05364833
v -0.00579260 0.00510564 0.06322152
v -0.00520617 0.01011893 0.05429766
v 0.00415872 0.02068805 0.03880605
v 0.01927281 -0.00517572 0.07689244
v 0.01792966 -0.00578070 0.08042347
v 0.01560773 0.00183304 0.06530481
v 0.01142519 -0.00718103 0.08965638
v 0.01329237 -0.01243679 0.10427406
v 0.00809772 -0.00748481 0.09181974
v 0.01135560 -0.01252475 0.10571902
v 0.01874021 -0.01210689 0.09764161
v 0.01842359 -0.01213124 0.09817106
v 0.01410585 -0.00678998 0.08690756
v 0.01633106 -0.01227153 0.10115195
v 0.01471930 -0.01236366 0.10295657
v 0.02338800 -0.01148446 0.08544075
v 0.02325112 -0.01157604 0.08619526
v 0.01839582 0.00220006 0.06142901
v 0.01898778 -0.00021561 0.06565908
v 0.02033145 -0.00451060 0.07321949
v 0.02065167 -0.00537745 0.07474540
v 0.01322941 0.01474556 0.04356387
v 0.01678049 0.01328876 0.04255575
v 0.01695352 0.01128864 0.04588984
v 0.01666604 0.01529965 0.03922642
v 0.01616335 0.01578194 0.03904220
v 0.01566079 0.01625808 0.03884233
v 0.01226467 0.01923920 0.03736009
v 0.01179825 0.01954388 0.03725567
v 0.01098194 0.01979717 0.03743845
v 0.00788231 0.02032758 0.03825943
v 0.00925841 0.01531273 0.04492387
v 0.00569683 0.02057071 0.03862984
v 0.00482957 0.01560163 0.04575149
v 0.00273463 0.01006406 0.05470652
v 0.00304950 0.00496986 0.06385247
v 0.00417754 -0.00769672 0.09318180
v 0.00376645 -0.00387433 0.08314235
v 0.00339179 0.00033813 0.07334317
v 0.01085424 -0.01254557 0.10603698
v 0.00960655 -0.01254552 0.10657921
v 0.00668416 -0.01254563 0.10747205
v 0.01002003 0.01021700 0.05281780
v 0.01389725 0.01022753 0.05065067
v 0.01468815 0.00592589 0.05790529
v 0.01708205 0.01009767 0.04788823
v 0.01290065 0.00570028 0.05953732
v 0.01181992 0.00108501 0.06943756
v 0.01289314 -0.00299857 0.07809067
v 0.00941058 0.00077523 0.07114763
v 0.01036045 -0.00336980 0.08030024
v 0.00659263 0.00052317 0.07248685
v 0.00730557 -0.00366419 0.08203731
v 0.00619882 -0.00760238 0.09260820
v 0.00345487 -0.01254560 0.10798309
v 0.00536660 0.01011982 0.05430224
v 0.00594971 0.00510474 0.06323037
v 0.00779912 0.01017382 0.05366038
v 0.00856180 0.00527851 0.06225637
v 0.01086831 0.00548111 0.06100230
v 0.01386982 0.00144062 0.06746563
v 0.01497495 -0.00256123 0.07556376
v 0.01623865 -0.00632087 0.08378248
v 0.02255484 -0.01169344 0.08864896
v 0.02153589 -0.01183655 0.09166867
v 0.02765943 -0.01470008 0.04174460
v 0.02779282 -0.01470006 0.03591299
v 0.02756179 -0.01470006 0.03132535
v 0.02705552 -0.01470006 0.02645611
v 0.02594749 -0.01470007 0.01809231
v 0.02583939 -0.01470007 0.01724843
v 0.02507809 -0.01470005 0.01125050
v 0.02572990 -0.01469996 0.01640692
v 0.02480962 -0.01470003 0.07485851
v 0.02392060 -0.01470000 0.08206139
v 0.02344690 -0.01470005 0.08510179
v 0.01892412 -0.01470011 0.09824014
v 0.02049097 -0.01469999 0.09520568
v 0.02126834 -0.01470009 0.09335350
v 0.02245013 -0.01470031 0.08976166
v 0.02270216 -0.01470040 0.08878085
v 0.02328331 -0.01470015 0.08602211
v 0.01513368 -0.01470010 0.10334819
v 0.01602150 -0.01470008 0.10235637
v 0.01708285 -0.01470008 0.10102350
v 0.01751052 -0.01470007 0.10043528
v 0.01804914 -0.01469999 0.09964735
v 0.01390226 -0.01470007 0.10456339
v 0.01006703 -0.01470006 0.10738372
v 0.00790854 -0.01470009 0.10845204
v 0.01040355 -0.01470010 0.10718642
v 0.01070676 -0.01470009 0.10700108
v 0.01179954 -0.01470006 0.10627114
v 0.01304959 -0.01470007 0.10530772
v 0.00009693 -0.01470007 0.10999066
v 0.00094590 -0.01470003 0.10997450
v 0.00151107 -0.01470035 0.10994510
v 0.00527704 -0.01470004 0.10934290
v 0.00432840 -0.01470006 0.10956482
v 0.02391873 -0.01470006 -0.02017950
v 0.02378031 -0.01470007 -0.03027203
v -0.02400096 -0.01470007 0.08003189
v -0.02305879 -0.01470007 0.08618341
v -0.00320892 -0.01470007 0.10973398
v -0.00511972 -0.01470007 0.10933319
v -0.00987310 -0.01470006 0.10738346
v -0.01384386 -0.01470007 0.10443765
v -0.01559567 -0.01470007 0.10262509
v -0.01731642 -0.01470006 0.10043484
v -0.01964132 -0.01470007 0.09656942
v -0.02044267 -0.01470008 0.09487899
v -0.02112722 -0.01470008 0.09321484
v -0.02250776 -0.01470006 0.08878029
v 0.00009902 -0.01470006 -0.05593845
v 0.00187497 -0.01470007 -0.05587189
v 0.00732011 -0.01470007 -0.05481332
v 0.01216846 -0.01470007 -0.05263301
v 0.01827189 -0.01470006 -0.04716513
v 0.01648033 -0.01470007 -0.04925074
v -0.02686408 -0.01470006 0.02649216
v -0.02575493 -0.01470007 0.01811961
v -0.02564318 -0.01470006 0.01724777
v -0.02736700 -0.01470007 0.03133797
v -0.02759836 -0.01470007 0.03598137
v -0.02746304 -0.01470007 0.04175738
v -0.01973947 -0.01470007 -0.04467712
v -0.01806595 -0.01470007 -0.04717633
v -0.01627359 -0.01470006 -0.04926017
v -0.01196131 -0.01470007 -0.05263882
v -0.00711125 -0.01470007 -0.05481695
v -0.00166526 -0.01470006 -0.05587281
v -0.02487844 -0.01470007 0.01122068
v 0.00009690 -0.01470006 0.11279088
v 0.00293014 -0.01470005 0.11262570
v 0.00568184 -0.01470009 0.11212869
v 0.01241325 -0.01470006 0.10923501
v 0.01125598 -0.01470007 0.10992824
v 0.01082847 -0.01470007 0.11016157
v 0.00855285 -0.01470000 0.11121304
v 0.01616706 -0.01470008 0.10627872
v 0.01537549 -0.01470010 0.10700335
v 0.01367702 -0.01470007 0.10836866
v 0.01843842 -0.01470006 0.10383085
v 0.01910021 -0.01470006 0.10299784
v 0.02343480 -0.01470008 0.09546296
v 0.02176522 -0.01470006 0.09890771
v 0.01978428 -0.01470003 0.10206943
v 0.02602552 -0.01470021 0.08659124
v 0.02577938 -0.01470002 0.08785028
v 0.02553116 -0.01470012 0.08898563
v 0.02444293 -0.01469994 0.09281382
v 0.02701967 -0.01470033 0.08002306
v 0.02725421 -0.01470005 0.07811169
v 0.02844638 -0.01470010 0.06700642
v 0.02920245 -0.01470001 0.05856887
v 0.02968356 -0.01470006 0.05205743
v 0.02969791 -0.01470006 0.05185366
v 0.03054322 -0.01470009 0.04015822
v 0.03016387 -0.01470009 0.04576132
v 0.03056240 -0.01469965 0.03473485
v 0.03058244 -0.01470014 0.03895428
v 0.02917389 -0.01470018 0.02110240
v 0.02940169 -0.01470008 0.02278529
v 0.02962547 -0.01470012 0.02446868
v 0.03036252 -0.01470003 0.03122292
v 0.02872472 -0.01470006 0.01773581
v 0.02861680 -0.01470006 0.01689358
v 0.02764759 -0.01470038 0.00888346
v 0.02733450 -0.01470009 0.00459470
v 0.02721929 -0.01470002 0.00190869
v 0.02711361 -0.01470002 -0.00261330
v 0.02674663 -0.01470031 -0.01691356
v 0.02671728 -0.01470006 -0.02212163
v 0.02668902 -0.01470045 -0.02703377
v 0.02650903 -0.01470030 -0.03149454
v 0.02605123 -0.01469991 -0.03553773
v 0.02601261 -0.01469988 -0.03577427
v 0.02528605 -0.01470014 -0.03909634
v 0.02504990 -0.01470008 -0.03991185
v -0.00547494 -0.01470007 0.11213176
v -0.01063460 -0.01470007 0.11016130
v -0.01518156 -0.01470007 0.10700296
v -0.02553826 -0.01470007 0.08807319
v -0.01890617 -0.01470008 0.10299736
v -0.02206946 -0.01470006 0.09797121
v -0.02352385 -0.01470006 0.09477382
v -0.02444368 -0.01470006 0.09222452
v -0.02602159 -0.01470007 0.08551913
v -0.02705954 -0.01470007 0.07811102
v -0.02775428 -0.01470007 0.07187627
v -0.02948824 -0.01470007 0.05205670
v -0.03007367 -0.01470006 0.04449702
v -0.03038680 -0.01470006 0.03895352
v -0.02998291 -0.01470007 0.02917280
v -0.02842061 -0.01470006 0.01689287
v 0.02400428 -0.01470007 -0.04282477
v -0.02585413 -0.01470007 -0.03553573
v -0.02484109 -0.01470006 -0.03994917
v -0.02643708 -0.01470006 -0.02913699
v -0.02713799 -0.01470007 0.00459401
v -0.02705367 -0.01470008 0.00276985
v -0.02656378 -0.01470006 -0.01629968
v -0.02650818 -0.01470006 -0.02569853
v 0.02279081 -0.01470007 -0.04532501
v 0.00009905 -0.01470006 -0.05873847
v 0.00487652 -0.01470006 -0.05830385
v 0.00747516 -0.01470007 -0.05769224
v 0.01039746 -0.01470006 -0.05665950
v 0.01525346 -0.01470007 -0.05396040
v 0.01747261 -0.01470006 -0.05217854
v 0.01922335 -0.01470007 -0.05041558
v -0.00464833 -0.01470008 -0.05830948
v -0.00801225 -0.01470007 -0.05746851
v -0.01017303 -0.01470007 -0.05667087
v -0.02257892 -0.01470006 -0.04535123
v -0.02124559 -0.01470007 -0.04753739
v -0.01900607 -0.01470006 -0.05043776
v -0.01503166 -0.01470007 -0.05397769
v -0.01190496 -0.01470008 -0.05586718
v 0.02702603 -0.01156664 0.08607684
v 0.02757811 -0.01156006 0.08312527
v 0.02722877 -0.01139043 0.08505422
v 0.03151754 -0.01139963 0.04414159
v 0.03149159 -0.01139917 0.04452987
v 0.03148973 -0.01154496 0.04413873
v 0.03066148 -0.01139650 0.05533599
v 0.03021185 -0.01154961 0.06023434
v 0.03062819 -0.01139639 0.05572629
v 0.02843545 -0.01139299 0.07707074
v 0.02858256 -0.01156245 0.07573502
v 0.02958309 -0.01139397 0.06685436
v 0.02959923 -0.01139402 0.06669903
v 0.02831700 -0.01139281 0.07801402
v 0.02830658 -0.01139280 0.07809555
v 0.02745930 -0.01139065 0.08381409
v 0.02672476 -0.01157079 0.08739012
v 0.02640009 -0.01138736 0.08859481
v 0.02640956 -0.01157493 0.08859544
v 0.00009689 -0.01141580 0.11311844
v 0.00009689 -0.01164279 0.11321881
v 0.00151784 -0.01164285 0.11319242
v 0.00408988 -0.01141380 0.11289193
v 0.00472431 -0.01164307 0.11290947
v 0.00720575 -0.01141078 0.11233014
v 0.00765502 -0.01164337 0.11231135
v 0.00853659 -0.01140923 0.11195786
v 0.00856457 -0.01164349 0.11204489
v 0.00997017 -0.01140688 0.11144921
v 0.01040861 -0.01164374 0.11136490
v 0.01265637 -0.01140069 0.11014032
v 0.01293729 -0.01164294 0.11007242
v 0.01491422 -0.01139678 0.10861910
v 0.01525758 -0.01163755 0.10844669
v 0.01613583 -0.01139614 0.10760339
v 0.01618419 -0.01163345 0.10765575
v 0.01710648 -0.01139556 0.10667995
v 0.01740057 -0.01162712 0.10647376
v 0.01813127 -0.01139453 0.10557745
v 0.01960410 -0.01161556 0.10383090
v 0.01900735 -0.01139421 0.10452192
v 0.02096008 -0.01139302 0.10172120
v 0.02139059 -0.01160545 0.10110079
v 0.02230353 -0.01138996 0.09934725
v 0.02240772 -0.01159946 0.09924293
v 0.02267013 -0.01138946 0.09862387
v 0.02319259 -0.01159475 0.09762447
v 0.02455799 -0.01139445 0.09428279
v 0.02486838 -0.01158441 0.09349681
v 0.02616019 -0.01138885 0.08944261
v 0.03182811 -0.01140737 0.03496323
v 0.03172021 -0.01153706 0.03281550
v 0.03150946 -0.01141350 0.02934021
v 0.03124340 -0.01153283 0.02714465
v 0.03051403 -0.01142051 0.02100735
v 0.02996133 -0.01152512 0.01714709
v 0.03000097 -0.01142122 0.01714194
v 0.03171074 -0.01140308 0.04084092
v 0.03177807 -0.01154129 0.03831920
v 0.03179588 -0.01154060 0.03749588
v 0.03180241 -0.01153913 0.03559166
v -0.02444452 -0.01138812 0.09404510
v -0.02620568 -0.01138739 0.08859415
v -0.02621561 -0.01157435 0.08859490
v -0.01667473 -0.01162976 0.10701188
v -0.01569642 -0.01163498 0.10791570
v -0.01519081 -0.01139865 0.10825278
v -0.01667314 -0.01139615 0.10691909
v -0.01793655 -0.01139447 0.10557766
v -0.01880898 -0.01161776 0.10462396
v -0.01895295 -0.01139362 0.10434087
v -0.02081526 -0.01160603 0.10173803
v -0.02096844 -0.01139204 0.10138699
v -0.02145084 -0.01160254 0.10066113
v -0.02140818 -0.01139161 0.10063789
v -0.02277988 -0.01159768 0.09808933
v -0.02282508 -0.01139024 0.09790466
v -0.02395271 -0.01159294 0.09539124
v -0.02452022 -0.01158968 0.09391072
v -0.01557761 -0.01163558 0.10801832
v -0.01555734 -0.01163569 0.10803566
v -0.01444429 -0.01139996 0.10883801
v -0.01450200 -0.01163853 0.10888533
v -0.01184014 -0.01140433 0.11049560
v -0.01214297 -0.01164086 0.11042307
v -0.01170156 -0.01164110 0.11066199
v -0.01166262 -0.01140461 0.11058923
v -0.00951727 -0.01140774 0.11155108
v -0.01016279 -0.01164176 0.11138847
v -0.00984522 -0.01164188 0.11151889
v -0.00666340 -0.01141131 0.11241374
v -0.00710831 -0.01164250 0.11240416
v -0.00355055 -0.01141419 0.11293145
v -0.00379280 -0.01164280 0.11300527
v -0.00306193 -0.01164284 0.11308114
v 0.02995553 -0.01152509 0.01710237
v 0.02999520 -0.01142122 0.01709733
v -0.03132202 -0.01139964 0.04414081
v -0.03129409 -0.01154497 0.04413978
v -0.03129582 -0.01139936 0.04453411
v -0.03114205 -0.01154680 0.04635188
v -0.03045963 -0.01139655 0.05541327
v -0.02977961 -0.01155157 0.06276727
v -0.03043848 -0.01139641 0.05566076
v -0.03012197 -0.01139547 0.05926728
v -0.02823386 -0.01156090 0.07702957
v -0.02939070 -0.01139399 0.06682915
v -0.02940092 -0.01139401 0.06673071
v -0.02683106 -0.01156736 0.08607557
v -0.02680760 -0.01139107 0.08615830
v -0.02720199 -0.01156405 0.08416210
v -0.02765415 -0.01139225 0.08141982
v -0.02861419 -0.01139324 0.07392792
v 0.02886630 -0.01152575 0.00665355
v 0.02870514 -0.01152814 0.00182456
v 0.02882813 -0.01142009 0.00523308
v 0.02874827 -0.01142155 0.00182544
v 0.02885377 -0.01142006 0.00573782
v 0.02912954 -0.01142137 0.00947998
v 0.02957351 -0.01152555 0.01405030
v -0.02980478 -0.01142123 0.01714121
v -0.02976513 -0.01152510 0.01714635
v -0.03080967 -0.01153133 0.02512637
v -0.03104943 -0.01141613 0.02678932
v -0.03106357 -0.01153293 0.02728908
v -0.03110488 -0.01141564 0.02728492
v -0.03147117 -0.01153634 0.03185819
v -0.03154503 -0.01141048 0.03248399
v -0.03164058 -0.01140762 0.03559089
v -0.03160342 -0.01154044 0.03728598
v -0.03162204 -0.01140510 0.03795788
v 0.02885683 -0.01153321 -0.03304716
v 0.02880270 -0.01153399 -0.03396959
v 0.02895205 -0.01140293 -0.03206512
v 0.01668761 -0.01139215 -0.05720863
v 0.01627434 -0.01153751 -0.05741277
v 0.01584236 -0.01139162 -0.05779245
v 0.01364463 -0.01153795 -0.05902462
v 0.01282166 -0.01138804 -0.05953052
v 0.01239973 -0.01153813 -0.05965394
v 0.01060869 -0.01138396 -0.06050335
v 0.01058184 -0.01153950 -0.06043660
v 0.02882532 -0.01140108 -0.03445828
v 0.02872003 -0.01153480 -0.03498501
v 0.02865579 -0.01139983 -0.03613384
v 0.02833748 -0.01153434 -0.03787147
v 0.02810964 -0.01139750 -0.03936204
v 0.02804926 -0.01153591 -0.03934874
v 0.02800797 -0.01139718 -0.03981386
v 0.02762843 -0.01153788 -0.04105899
v 0.02687587 -0.01139462 -0.04362018
v 0.02636165 -0.01153428 -0.04476006
v 0.02609632 -0.01139343 -0.04554402
v 0.02559581 -0.01153676 -0.04646256
v 0.02535699 -0.01139259 -0.04708565
v 0.02482327 -0.01153741 -0.04794067
v 0.02404176 -0.01139167 -0.04938053
v 0.02311673 -0.01153681 -0.05063449
v 0.02346911 -0.01139150 -0.05024840
v 0.02222640 -0.01153687 -0.05181931
v 0.02122126 -0.01139199 -0.05312130
v 0.02107094 -0.01153697 -0.05318570
v 0.01974432 -0.01139249 -0.05465831
v 0.01853192 -0.01153724 -0.05566702
v 0.01865059 -0.01139265 -0.05565811
v 0.01776430 -0.01153732 -0.05630319
v 0.01664581 -0.01153746 -0.05715067
v 0.02869836 -0.01152808 -0.00095590
v 0.02879719 -0.01141226 -0.01556350
v 0.02876214 -0.01152918 -0.02047954
v 0.02890318 -0.01140774 -0.02675299
v 0.02891742 -0.01153272 -0.03027419
v 0.02886797 -0.01153316 -0.03280089
v -0.02979900 -0.01142124 0.01709659
v -0.02975932 -0.01152511 0.01710161
v 0.00296134 -0.01138218 -0.06221709
v 0.00331167 -0.01138245 -0.06217495
v 0.00295313 -0.01154003 -0.06214678
v 0.00470902 -0.01138249 -0.06197449
v 0.00681444 -0.01153988 -0.06150715
v 0.00683335 -0.01138313 -0.06157552
v -0.02850806 -0.01152866 0.00182381
v -0.02855073 -0.01152642 0.00429973
v -0.02855169 -0.01142155 0.00182472
v -0.02860829 -0.01152591 0.00560521
v -0.02880136 -0.01142160 0.00791636
v -0.02898188 -0.01152618 0.01043582
v -0.02913651 -0.01152553 0.01193211
v -0.02954636 -0.01142201 0.01510682
v 0.00046339 -0.01137908 -0.06239977
v 0.00009910 -0.01154172 -0.06233347
v 0.00009941 -0.01137961 -0.06240388
v -0.01041053 -0.01138398 -0.06050363
v -0.01038371 -0.01153950 -0.06043686
v -0.01191926 -0.01153820 -0.05978600
v -0.01327090 -0.01138696 -0.05920009
v -0.01328680 -0.01153802 -0.05911016
v -0.01587354 -0.01138739 -0.05763787
v -0.01605778 -0.01153752 -0.05742598
v -0.01648881 -0.01138733 -0.05720825
v -0.01756623 -0.01153735 -0.05630358
v -0.01843692 -0.01138692 -0.05567047
v -0.01850992 -0.01153727 -0.05551482
v -0.01954746 -0.01138668 -0.05465593
v -0.02082199 -0.01153703 -0.05324251
v -0.02051430 -0.01138655 -0.05367643
v -0.02100595 -0.01138655 -0.05313952
v -0.02202838 -0.01153692 -0.05181979
v -0.02318212 -0.01138760 -0.05037671
v -0.02283130 -0.01153689 -0.05075716
v -0.02384327 -0.01138846 -0.04938080
v -0.02361625 -0.01153695 -0.04961085
v -0.02499833 -0.01139021 -0.04739306
v -0.02530733 -0.01153719 -0.04664686
v -0.02589941 -0.01139112 -0.04554156
v -0.02629465 -0.01153399 -0.04443996
v -0.02641952 -0.01139185 -0.04430011
v -0.02674259 -0.01153479 -0.04325211
v -0.02754056 -0.01139461 -0.04089240
v -0.02753454 -0.01153805 -0.04067136
v -0.02773797 -0.01153718 -0.03984989
v -0.02791174 -0.01139608 -0.03936282
v -0.02785098 -0.01153638 -0.03934945
v -0.02826457 -0.01139797 -0.03749799
v -0.02839420 -0.01153465 -0.03616255
v -0.02866298 -0.01140139 -0.03398673
v -0.02852287 -0.01153453 -0.03498580
v -0.02868934 -0.01153286 -0.03231043
v -0.02877083 -0.01140514 -0.02953250
v -0.02866484 -0.01153038 -0.02718966
v -0.02874842 -0.01140629 -0.02830365
v -0.02861965 -0.01141197 -0.02117555
v -0.02855569 -0.01152868 -0.01696735
v -0.02857854 -0.01141138 -0.01277925
v -0.02856971 -0.01141121 -0.01179395
v -0.00240385 -0.01138115 -0.06225627
v -0.00275474 -0.01154003 -0.06214688
v -0.00276315 -0.01138217 -0.06221716
v -0.00663520 -0.01138314 -0.06157571
v -0.01008168 -0.01138272 -0.06062601
v -0.00874355 -0.01138265 -0.06105219
v -0.00661617 -0.01153989 -0.06150734
v -0.00618674 -0.01153987 -0.06159749
v 0.01178960 0.02133928 0.03533826
v 0.01199072 0.02173731 0.03554742
v 0.01302665 0.02142916 0.03532464
v 0.01274569 0.02103736 0.03510088
v 0.01353485 0.02116760 0.03533453
v 0.01321077 0.02079092 0.03509512
v 0.01395217 0.02088065 0.03542342
v 0.01361211 0.02051483 0.03517567
v 0.01369134 0.02045472 0.03519985
v 0.01403066 0.02082112 0.03544766
v 0.01194783 0.02174647 0.03556110
v 0.00608877 0.02220344 0.03663304
v 0.00426556 0.02234595 0.03684613
v 0.00535001 0.02269305 0.03696361
v 0.00155620 0.02288379 0.03724718
v 0.00009784 0.02247959 0.03704509
v 0.00009784 0.02290144 0.03727345
v 0.00780803 0.02201532 0.03635146
v 0.00880744 0.02231048 0.03639571
v 0.01098739 0.02150594 0.03558816
v 0.00960949 0.02218802 0.03621416
v 0.01066950 0.02200413 0.03594185
v 0.01155848 0.02182929 0.03568337
v 0.01703159 0.01760945 0.03642621
v 0.01741236 0.01797729 0.03669769
v -0.01159386 0.02133927 0.03533798
v -0.01179498 0.02173731 0.03554711
v -0.01175209 0.02174647 0.03556081
v -0.01056654 0.02198679 0.03591592
v -0.01047416 0.02200407 0.03594147
v -0.00817778 0.02194085 0.03623972
v -0.00941383 0.02218802 0.03621391
v -0.00817689 0.02237118 0.03648556
v -0.00749607 0.02245856 0.03661522
v -0.00586803 0.02220577 0.03663638
v -0.00595745 0.02262359 0.03686028
v -0.00475296 0.02229894 0.03677576
v -0.00397184 0.02277599 0.03708674
v -0.00100221 0.02246873 0.03702915
v 0.01789024 0.01727721 0.03704204
v 0.01742148 0.01703935 0.03673182
v 0.01738367 0.01713623 0.03667308
v 0.01760802 0.01777778 0.03678497
v -0.01341637 0.02051484 0.03517532
v -0.01375645 0.02088077 0.03542346
v -0.01327234 0.02062011 0.03513780
v -0.01291033 0.02139471 0.03531860
v -0.01300106 0.02079954 0.03509336
v -0.01254994 0.02103737 0.03510056
v 0.01748133 0.01679801 0.03688637
v 0.01795929 0.01700222 0.03720623
v 0.01749840 0.01656168 0.03704752
v 0.01798089 0.01672008 0.03738668
v -0.01383492 0.02082113 0.03544731
v -0.01349579 0.02045493 0.03519933
v 0.01797791 0.01395755 0.03925755
v 0.01749075 0.01436164 0.03855149
v 0.01749497 0.01539685 0.03785472
v -0.01721666 0.01797730 0.03669726
v -0.01683588 0.01760946 0.03642578
v -0.01748214 0.01768786 0.03682542
v -0.01718079 0.01715157 0.03666364
v -0.01765279 0.01738499 0.03698122
v -0.01722566 0.01703929 0.03673144
v -0.01778522 0.01672010 0.03738627
v -0.01729918 0.01605108 0.03740359
v -0.01726573 0.01438959 0.03854008
v -0.01778224 0.01397427 0.03939306
v 0.01897967 0.01312817 0.03620514
v 0.01897966 0.01364288 0.03618789
v 0.01898663 0.01313709 0.03614585
v 0.01899545 0.01363859 0.03610047
v 0.01900744 0.01311782 0.03609094
v 0.01899875 0.01535946 0.03609796
v 0.01897968 0.01535899 0.03619374
v 0.01899933 0.01573924 0.03609699
v 0.01898484 0.01573919 0.03614363
v 0.01897968 0.01573901 0.03619420
v 0.01905299 0.01617237 0.03604954
v 0.01904319 0.01613084 0.03601476
v 0.01900413 0.01604940 0.03611805
v 0.01898895 0.01593629 0.03612848
v 0.01897974 0.01577738 0.03618714
v 0.01900911 0.01596838 0.03607449
v 0.01903286 0.01605790 0.03601915
v 0.01904781 0.01608686 0.03598431
v 0.01906181 0.01613179 0.03596918
v 0.01908764 0.01617436 0.03596021
v 0.01906566 0.01617523 0.03600312
v 0.01909630 0.01603423 0.03587030
v 0.01932564 0.01613467 0.03570577
v 0.01927113 0.01627749 0.03599006
v 0.01941704 0.01615010 0.03573219
v 0.01936982 0.01627350 0.03603405
v 0.01951675 0.01613395 0.03578691
v 0.01914070 0.01622527 0.03595894
v 0.01921427 0.01626358 0.03597233
v 0.01924104 0.01627161 0.03597998
v 0.01928323 0.01611821 0.03570080
v 0.01923744 0.01609218 0.03570189
v 0.01919275 0.01605443 0.03571266
v 0.01919129 0.01605288 0.03571324
v 0.01916214 0.01601418 0.03573130
v 0.01914525 0.01597545 0.03575454
v 0.01924490 0.01629438 0.03601409
v 0.01928041 0.01629075 0.03601207
v 0.01923358 0.01629007 0.03600506
v 0.01914286 0.01626652 0.03601704
v 0.01916235 0.01627657 0.03601445
v 0.01918773 0.01628087 0.03600203
v 0.01915536 0.01625793 0.03599040
v 0.01911991 0.01623436 0.03599174
v 0.01911070 0.01623699 0.03600853
v 0.01923364 0.01629382 0.03601331
v 0.01919582 0.01627518 0.03599248
v 0.01928423 0.01628692 0.03600767
v 0.01906496 0.01619131 0.03604247
v 0.01908045 0.01621210 0.03603490
v 0.01914612 0.01626249 0.03600345
v 0.02254420 0.01173395 0.02666413
v 0.02147509 0.01310397 0.02981409
v 0.02151729 0.01312486 0.02981372
v 0.02017035 0.01473068 0.03324191
v 0.02030932 0.01454972 0.03288261
v 0.02028746 0.01451619 0.03290229
v 0.01974623 0.01527823 0.03431416
v 0.02061985 0.01467806 0.03298679
v 0.02173963 0.01313264 0.02988373
v 0.02165893 0.01314924 0.02984465
v 0.02156384 0.01313997 0.02981889
v 0.02034216 0.01458314 0.03286751
v 0.02015289 0.01475336 0.03328677
v 0.02013542 0.01477606 0.03333160
v 0.02006536 0.01486697 0.03351076
v 0.02003020 0.01491251 0.03360026
v 0.02010042 0.01482150 0.03342120
v 0.02011793 0.01479878 0.03337640
v 0.02431454 0.00964896 0.02091119
v 0.02448757 0.00942182 0.02008187
v 0.02379692 0.01033582 0.02309763
v 0.02369978 0.01046569 0.02347317
v 0.02490159 0.00876751 0.01651080
v 0.02483697 0.00876925 0.01650263
v 0.02431466 0.00948860 0.02002655
v 0.02394077 0.00986737 0.02142155
v 0.02350903 0.01050659 0.02340383
v 0.02506324 0.00868314 0.01654913
v 0.02521525 0.00849820 0.01512983
v 0.02496525 0.00875148 0.01652206
v 0.02536284 0.00833748 0.01284448
v 0.02489900 0.00869723 0.01599130
v 0.02514786 0.00843877 0.01283171
v 0.02065126 0.01410293 0.03198206
v 0.02066017 0.01409127 0.03195826
v 0.02143922 0.01307893 0.02981952
v 0.02133714 0.01314619 0.03003780
v 0.02088172 0.01380167 0.03136190
v 0.02074021 0.01398660 0.03174394
v 0.02066908 0.01407961 0.03193448
v 0.02066462 0.01408545 0.03194637
v 0.02063341 0.01412627 0.03202962
v 0.02059769 0.01417300 0.03212469
v 0.02258303 0.01174457 0.02666899
v 0.02344274 0.01049049 0.02339529
v 0.02247653 0.01170136 0.02666477
v 0.02250835 0.01171922 0.02666282
v 0.02224406 0.01199400 0.02738346
v 0.02141076 0.01305164 0.02982905
v 0.02538385 0.00832184 0.01216599
v 0.02537927 0.00839123 0.00908668
v 0.02534385 0.00843149 0.00909038
v 0.02458324 0.00929695 0.01959240
v 0.02438028 0.00948012 0.02004384
v 0.02357957 0.01050793 0.02342101
v 0.02270193 0.01174661 0.02670358
v 0.02245117 0.01215686 0.02774504
v 0.02529510 0.00846489 0.00909384
v 0.02517761 0.00849664 0.00909859
v 0.02519145 0.00844891 0.01024265
v 0.02354430 0.01050926 0.02341138
v 0.02262337 0.01175037 0.02667742
v 0.02525830 0.00844977 0.00881276
v 0.02531696 0.00843158 0.00883761
v 0.02538112 0.00832293 0.00863532
v 0.02551896 0.00818953 0.00866465
v 0.02564086 0.00800758 0.00860977
v 0.02562581 0.00800086 0.00851660
v 0.02534169 0.00812835 0.00840819
v 0.02534099 0.00813023 0.00840909
v 0.02540534 0.00815003 0.00843942
v 0.02529233 0.00825211 0.00848931
v 0.02535987 0.00824420 0.00850523
v 0.02525364 0.00833341 0.00857298
v 0.02531900 0.00832792 0.00859050
v 0.02521017 0.00842814 0.00872800
v 0.02520080 0.00845411 0.00879423
v 0.02543040 0.00830404 0.00868771
v 0.02547312 0.00816348 0.00849490
v 0.02542345 0.00833006 0.00881585
v 0.02552249 0.00816250 0.00856807
v 0.02552481 0.00807267 0.00845243
v 0.02557648 0.00797885 0.00843071
v 0.02550109 0.00794520 0.00837467
v 0.02542141 0.00790964 0.00835761
v 0.02537971 0.00802429 0.00837114
v 0.02545350 0.00804918 0.00839525
v 0.02613345 0.00684180 0.00835762
v 0.02694455 0.00581991 0.00838529
v 0.02684506 0.00577378 0.00835763
v 0.02701521 0.00585061 0.00845031
v 0.02704931 0.00586509 0.00851624
v 0.02706078 0.00586995 0.00856100
v 0.02706466 0.00587158 0.00860736
v 0.02702392 0.00543604 0.00835764
v 0.02727058 0.00550375 0.00860412
v 0.02737326 0.00510609 0.00860048
v 0.02737180 0.00510594 0.00857970
v 0.02724219 0.00549415 0.00851379
v 0.02718917 0.00547968 0.00842912
v 0.02712575 0.00507803 0.00835763
v 0.02724261 0.00509181 0.00838729
v 0.02735386 0.00510399 0.00851046
v 0.02733093 0.00510152 0.00846776
v 0.02729825 0.00509800 0.00842836
v 0.02718664 0.00471506 0.00835764
v 0.02749384 0.00437885 0.00859919
v 0.02747410 0.00437670 0.00850952
v 0.02742698 0.00437159 0.00843668
v 0.02724615 0.00435196 0.00835763
v 0.02729318 0.00435706 0.00836218
v 0.02733567 0.00436167 0.00837452
v 0.02741841 0.00437066 0.00842791
v 0.02746252 0.00416070 0.00840031
v 0.02739664 0.00390454 0.00764227
v 0.02741546 0.00386471 0.00785165
v 0.02749857 0.00382100 0.00784809
v 0.02748064 0.00386594 0.00761247
v 0.02745176 0.00398707 0.00742103
v 0.02736636 0.00401213 0.00747212
v 0.02733012 0.00417083 0.00736903
v 0.02752864 0.00415783 0.00857559
v 0.02756191 0.00391552 0.00843526
v 0.02754437 0.00394108 0.00834615
v 0.02744187 0.00437728 0.00709889
v 0.02742701 0.00437576 0.00719324
v 0.02749155 0.00406603 0.00716974
v 0.02750566 0.00394427 0.00735039
v 0.02753134 0.00384915 0.00736318
v 0.02755413 0.00375498 0.00784551
v 0.02756693 0.00370703 0.00773088
v 0.02757675 0.00374788 0.00814175
v 0.02728132 0.00416983 0.00738531
v 0.02724279 0.00435694 0.00735274
v 0.02719394 0.00435195 0.00735764
v 0.02731880 0.00401626 0.00748659
v 0.02728702 0.00436146 0.00733938
v 0.02722020 0.00422514 0.00737276
v 0.02723488 0.00416032 0.00739414
v 0.02726343 0.00404649 0.00746388
v 0.02740569 0.00400796 0.00823702
v 0.02737802 0.00416798 0.00834341
v 0.02732464 0.00387869 0.00785535
v 0.02732890 0.00389023 0.00797240
v 0.02741880 0.00390152 0.00806294
v 0.02733111 0.00416747 0.00832867
v 0.02735966 0.00401300 0.00822489
v 0.02729138 0.00413339 0.00830892
v 0.02732832 0.00391349 0.00805470
v 0.02732039 0.00397731 0.00817601
v 0.02731442 0.00401322 0.00821962
v 0.02750169 0.00386264 0.00808592
v 0.02755738 0.00380337 0.00811965
v 0.02753068 0.00378984 0.00784663
v 0.02748909 0.00398253 0.00828189
v 0.02748362 0.00396721 0.00738703
v 0.02741710 0.00416366 0.00730650
v 0.02738107 0.00437107 0.00727177
v 0.02737241 0.00437018 0.00728129
v 0.02731484 0.00389109 0.00773859
v 0.02730451 0.00391487 0.00765677
v 0.02727496 0.00400539 0.00750422
v 0.02737969 0.00477993 0.00709948
v 0.02731697 0.00517595 0.00710006
v 0.02730180 0.00517431 0.00719413
v 0.02713236 0.00475072 0.00735764
v 0.02716199 0.00515930 0.00733947
v 0.02706922 0.00514933 0.00735764
v 0.02724714 0.00516844 0.00728171
v 0.02697052 0.00550796 0.00735764
v 0.02720929 0.00557113 0.00710341
v 0.02701456 0.00594313 0.00710718
v 0.02719277 0.00556665 0.00719527
v 0.02698945 0.00593206 0.00722356
v 0.02695023 0.00591476 0.00728425
v 0.02682187 0.00585815 0.00735568
v 0.02679449 0.00584607 0.00735763
v 0.02691869 0.00590085 0.00731400
v 0.02687459 0.00588140 0.00734049
v 0.02539257 0.00805151 0.00735364
v 0.02535347 0.00803427 0.00735761
v 0.02607388 0.00694013 0.00735762
v 0.02629396 0.00703716 0.00710843
v 0.02550844 0.00810257 0.00728514
v 0.02553034 0.00811222 0.00725642
v 0.02555775 0.00812430 0.00720067
v 0.02557061 0.00812997 0.00714849
v 0.02557356 0.00813127 0.00710975
v 0.02543358 0.00806958 0.00734047
v 0.02545003 0.00807683 0.00733228
v 0.02538118 0.00826848 0.00726119
v 0.02534569 0.00825968 0.00728539
v 0.02546322 0.00827468 0.00715792
v 0.02537879 0.00840999 0.00705437
v 0.02532937 0.00842671 0.00710903
v 0.02532617 0.00851459 0.00668812
v 0.02529653 0.00855011 0.00669158
v 0.02535828 0.00846212 0.00689065
v 0.02553160 0.00819508 0.00710529
v 0.02543231 0.00834712 0.00703335
v 0.02518973 0.00844807 0.00715537
v 0.02526513 0.00824980 0.00730908
v 0.02530897 0.00824829 0.00730283
v 0.02527074 0.00823493 0.00731577
v 0.02520921 0.00855493 0.00695721
v 0.02515037 0.00855768 0.00697710
v 0.02524211 0.00858918 0.00669589
v 0.02512445 0.00862146 0.00670111
v 0.02513649 0.00859775 0.00685821
v 0.02524718 0.00858643 0.00669555
v 0.02526828 0.00853853 0.00692927
v 0.02526683 0.00842973 0.00715440
v 0.02541362 0.00827410 0.00723092
v 0.02523347 0.00842612 0.00717175
v 0.02523566 0.00872509 0.00256818
v 0.02483894 0.00927970 -0.00582618
v 0.02496022 0.00924465 -0.00583282
v 0.02501513 0.00920264 -0.00583811
v 0.02504390 0.00916491 -0.00584225
v 0.02459716 0.00957846 -0.00928670
v 0.02479603 0.00945293 -0.00848766
v 0.02495740 0.00928625 -0.00753108
v 0.02452197 0.00972583 -0.01112966
v 0.02446687 0.00978231 -0.01110656
v 0.02434265 0.00982739 -0.01107440
v 0.02288076 0.01127339 -0.01675558
v 0.02380133 0.01040384 -0.01402120
v 0.02294991 0.01122804 -0.01681006
v 0.02381587 0.01039840 -0.01426977
v 0.02450691 0.00974012 -0.01121555
v 0.02374675 0.01038979 -0.01384176
v 0.02352171 0.01059858 -0.01462610
v 0.02278976 0.01128945 -0.01670916
v 0.01491694 0.01819687 -0.02438922
v 0.01815318 0.01558574 -0.02283799
v 0.01818921 0.01558495 -0.02289207
v 0.02168687 0.01230889 -0.01889233
v 0.01101197 0.02043213 -0.02525212
v 0.01496080 0.01821199 -0.02446419
v 0.01104207 0.02046376 -0.02533261
v 0.01323080 0.01938253 -0.02504897
v 0.01105853 0.02047048 -0.02542289
v 0.01732098 0.01634808 -0.02353957
v 0.01522728 0.01803000 -0.02447995
v 0.01498852 0.01820649 -0.02456259
v 0.01905859 0.01482714 -0.02235135
v 0.01958347 0.01431784 -0.02169712
v 0.02053438 0.01348566 -0.02089218
v 0.02087419 0.01314175 -0.02027857
v 0.02095100 0.01310080 -0.02037540
v 0.02188925 0.01222782 -0.01897447
v 0.02196763 0.01212979 -0.01863449
v 0.02264776 0.01151458 -0.01751034
v 0.02034396 0.01353353 -0.02073462
v 0.01948841 0.01430235 -0.02161797
v 0.01822627 0.01556441 -0.02297916
v 0.01882719 0.01488750 -0.02218913
v 0.01805813 0.01555642 -0.02275397
v 0.01810927 0.01557660 -0.02279137
v 0.01706619 0.01639801 -0.02335161
v 0.01655441 0.01688450 -0.02367243
v 0.01500336 0.01801015 -0.02424953
v 0.01493295 0.01815609 -0.02434818
v 0.01303550 0.01937100 -0.02483988
v 0.01295524 0.01934309 -0.02481670
v 0.01097155 0.02037826 -0.02519383
v 0.01092950 0.02031396 -0.02516923
v 0.00936673 0.02102183 -0.02560950
v 0.00863382 0.02117957 -0.02566268
v 0.00862544 0.02117016 -0.02556584
v 0.00858592 0.02105748 -0.02541527
v 0.00856563 0.02098642 -0.02539719
v 0.00867548 0.02096637 -0.02539043
v 0.00860830 0.02112701 -0.02547490
v 0.00668488 0.02137346 -0.02573564
v 0.00742745 0.02112406 -0.02544752
v 0.00667004 0.02124737 -0.02548450
v 0.00735668 0.02112924 -0.02544956
v 0.00666369 0.02117011 -0.02546597
v 0.00668252 0.02136624 -0.02564690
v 0.00667692 0.02132004 -0.02554623
v 0.00295768 0.02145271 -0.02559796
v 0.00295980 0.02149700 -0.02568980
v 0.00295993 0.02149918 -0.02569842
v 0.00296087 0.02150665 -0.02578679
v 0.00295494 0.02137997 -0.02553645
v 0.00295241 0.02130277 -0.02551796
v 0.00009864 0.02132717 -0.02552938
v 0.00009897 0.02140556 -0.02554847
v 0.00009931 0.02147713 -0.02560936
v 0.00009997 0.02153114 -0.02579812
v 0.00009973 0.02152720 -0.02572713
v 0.00009964 0.02152145 -0.02570115
v -0.00276360 0.02150664 -0.02578686
v -0.00276265 0.02149918 -0.02569851
v -0.00276040 0.02145270 -0.02559803
v -0.00275767 0.02137998 -0.02553652
v -0.00275516 0.02130278 -0.02551802
v -0.00646641 0.02117011 -0.02546613
v -0.00647277 0.02124738 -0.02548467
v -0.00647964 0.02132005 -0.02554639
v -0.00648524 0.02136625 -0.02564706
v -0.00648760 0.02137345 -0.02573581
v -0.00843654 0.02117957 -0.02566290
v -0.00843178 0.02117667 -0.02559720
v -0.00841156 0.02113036 -0.02547948
v -0.00838923 0.02106231 -0.02541797
v -0.00836835 0.02098638 -0.02539741
v -0.01051765 0.02039588 -0.02519783
v -0.01086125 0.02047049 -0.02542315
v -0.01084576 0.02046453 -0.02533644
v -0.00880310 0.02110688 -0.02563838
v -0.01082863 0.02044814 -0.02528367
v -0.01082004 0.02043847 -0.02526347
v -0.01073224 0.02031396 -0.02516951
v -0.01077370 0.02037740 -0.02519352
v -0.01077626 0.02038107 -0.02519608
v -0.01081470 0.02043212 -0.02525238
v -0.01287716 0.01942474 -0.02490978
v -0.02267838 0.01127561 -0.01675263
v -0.02259270 0.01128944 -0.01670973
v -0.02161649 0.01219250 -0.01868031
v -0.01282579 0.01938260 -0.02484512
v -0.01797488 0.01560511 -0.02292407
v -0.01643582 0.01691778 -0.02380959
v -0.01676980 0.01664667 -0.02369842
v -0.02275290 0.01122800 -0.01681054
v -0.02271092 0.01126092 -0.01677440
v -0.02244984 0.01151549 -0.01751000
v -0.02179516 0.01211118 -0.01860575
v -0.02040344 0.01342419 -0.02076355
v -0.02062765 0.01321741 -0.02050284
v -0.02066813 0.01315490 -0.02030494
v -0.02092323 0.01294381 -0.02013183
v -0.02169916 0.01222127 -0.01896158
v -0.01902651 0.01467839 -0.02217125
v -0.02006574 0.01373456 -0.02114494
v -0.01937000 0.01433817 -0.02172481
v -0.02016104 0.01364709 -0.02103719
v -0.02033811 0.01348434 -0.02083706
v -0.01440205 0.01848613 -0.02465883
v -0.01291432 0.01944469 -0.02499547
v -0.01475840 0.01822297 -0.02448844
v -0.01240403 0.01974194 -0.02516335
v -0.01292247 0.01924820 -0.02478063
v -0.01466737 0.01818347 -0.02434819
v -0.01494192 0.01791138 -0.02420227
v -0.01634782 0.01689667 -0.02368164
v -0.01704834 0.01624823 -0.02325344
v -0.01789022 0.01559936 -0.02281091
v -0.01780570 0.01560401 -0.02279128
v -0.02026450 0.01342691 -0.02059856
v -0.01878917 0.01474747 -0.02205990
v -0.01932407 0.01433641 -0.02167884
v -0.01472016 0.01821241 -0.02441024
v -0.01639856 0.01691445 -0.02373953
v -0.01793788 0.01560849 -0.02286330
v -0.01853693 0.01511569 -0.02257417
v -0.02351124 0.01042086 -0.01396194
v -0.02360174 0.01040401 -0.01401799
v -0.02360355 0.01041302 -0.01432448
v -0.02432506 0.00972583 -0.01113028
v -0.02426997 0.00978242 -0.01110715
v -0.02414564 0.00982739 -0.01107498
v -0.02454424 0.00942247 -0.00778302
v -0.02459895 0.00945359 -0.00850415
v -0.02453854 0.00951960 -0.00971834
v -0.02464216 0.00927970 -0.00582680
v -0.02476344 0.00924465 -0.00583346
v -0.02481743 0.00920362 -0.00583863
v -0.02484712 0.00916490 -0.00584287
v -0.02492323 0.00899380 -0.00271097
v -0.02512970 0.00851459 0.00668748
v -0.02509912 0.00855101 0.00669104
v -0.02492800 0.00862146 0.00670047
v -0.02483438 0.00885626 0.00221489
v -0.02504595 0.00858902 0.00669524
v -0.02504990 0.00858687 0.00669497
v -0.02513995 0.00807713 0.00735493
v -0.02511665 0.00813577 0.00734564
v -0.02519333 0.00816629 0.00732201
v -0.02509006 0.00820287 0.00732587
v -0.02507680 0.00823638 0.00731223
v -0.02514953 0.00826069 0.00728389
v -0.02527329 0.00828959 0.00707147
v -0.02537712 0.00813126 0.00710910
v -0.02536171 0.00812448 0.00719889
v -0.02513819 0.00849990 0.00678675
v -0.02518206 0.00841052 0.00705265
v -0.02507200 0.00853867 0.00692730
v -0.02513292 0.00842730 0.00710700
v -0.02521713 0.00827486 0.00722944
v -0.02519322 0.00841306 0.00696587
v -0.02526646 0.00827530 0.00715670
v -0.02526421 0.00818979 0.00726611
v -0.02531276 0.00810291 0.00728363
v -0.02523815 0.00807002 0.00733938
v -0.02510812 0.00834979 0.00722680
v -0.02504314 0.00832176 0.00726505
v -0.02507065 0.00843052 0.00715223
v -0.02500435 0.00842064 0.00718295
v -0.02496303 0.00852704 0.00704024
v -0.02493193 0.00860960 0.00680532
v -0.02501319 0.00855516 0.00695507
v -0.02515701 0.00803427 0.00735698
v -0.02609750 0.00703717 0.00710778
v -0.02669457 0.00588866 0.00733162
v -0.02659803 0.00584609 0.00735696
v -0.02681810 0.00594312 0.00710651
v -0.02681518 0.00594183 0.00714760
v -0.02680334 0.00593661 0.00719698
v -0.02677492 0.00592409 0.00725568
v -0.02675456 0.00591511 0.00728269
v -0.02677405 0.00550797 0.00735696
v -0.02701378 0.00556873 0.00710271
v -0.02712052 0.00517594 0.00709936
v -0.02699727 0.00556430 0.00719524
v -0.02710534 0.00517432 0.00719345
v -0.02705068 0.00516845 0.00728103
v -0.02696553 0.00515930 0.00733880
v -0.02687276 0.00514933 0.00735696
v -0.02718324 0.00477993 0.00709878
v -0.02724541 0.00437728 0.00709820
v -0.02724447 0.00437718 0.00713049
v -0.02723057 0.00437576 0.00719257
v -0.02720541 0.00437318 0.00724332
v -0.02699750 0.00435195 0.00735695
v -0.02693590 0.00475072 0.00735696
v -0.02704399 0.00435670 0.00735252
v -0.02711940 0.00436440 0.00732468
v -0.02717595 0.00437018 0.00728060
v -0.02722200 0.00437066 0.00842721
v -0.02713925 0.00436166 0.00837383
v -0.02717964 0.00416693 0.00834141
v -0.02733273 0.00379139 0.00783971
v -0.02730024 0.00382234 0.00784161
v -0.02728184 0.00386970 0.00760604
v -0.02711982 0.00388840 0.00775149
v -0.02710724 0.00391700 0.00765053
v -0.02719731 0.00390739 0.00763628
v -0.02734721 0.00405433 0.00853302
v -0.02729743 0.00437885 0.00859850
v -0.02727769 0.00437670 0.00850884
v -0.02735833 0.00374632 0.00757025
v -0.02738059 0.00372126 0.00804333
v -0.02735659 0.00375662 0.00783810
v -0.02737058 0.00386864 0.00837490
v -0.02734738 0.00393996 0.00834172
v -0.02727105 0.00415524 0.00721481
v -0.02728671 0.00411435 0.00713865
v -0.02730723 0.00395170 0.00734483
v -0.02732310 0.00390871 0.00728696
v -0.02733759 0.00381015 0.00756573
v -0.02721750 0.00417218 0.00730459
v -0.02704464 0.00413416 0.00740534
v -0.02708750 0.00397537 0.00754134
v -0.02707434 0.00401990 0.00748803
v -0.02711882 0.00402110 0.00748154
v -0.02708094 0.00417699 0.00738239
v -0.02712790 0.00387873 0.00784972
v -0.02721663 0.00386544 0.00784584
v -0.02722036 0.00390079 0.00805832
v -0.02713250 0.00390279 0.00802188
v -0.02716132 0.00401154 0.00822214
v -0.02713268 0.00416634 0.00832710
v -0.02709325 0.00414181 0.00831233
v -0.02711799 0.00401322 0.00821893
v -0.02704974 0.00435195 0.00835696
v -0.02708092 0.00420209 0.00833550
v -0.02708883 0.00416358 0.00832187
v -0.02725250 0.00399344 0.00741622
v -0.02730372 0.00386232 0.00808055
v -0.02732372 0.00396215 0.00830831
v -0.02729128 0.00398147 0.00827798
v -0.02726466 0.00415979 0.00839752
v -0.02722891 0.00437141 0.00843424
v -0.02720740 0.00400666 0.00823388
v -0.02716649 0.00401741 0.00746732
v -0.02712986 0.00417832 0.00736657
v -0.02699021 0.00471500 0.00835695
v -0.02704617 0.00509174 0.00838657
v -0.02692933 0.00507789 0.00835695
v -0.02710185 0.00509795 0.00842766
v -0.02713450 0.00510148 0.00846702
v -0.02715748 0.00510399 0.00850977
v -0.02717541 0.00510593 0.00857895
v -0.02717685 0.00510609 0.00859978
v -0.02682755 0.00543594 0.00835697
v -0.02699276 0.00547969 0.00842844
v -0.02680279 0.00584379 0.00842970
v -0.02674817 0.00581990 0.00838464
v -0.02686825 0.00587160 0.00860669
v -0.02704578 0.00549415 0.00851311
v -0.02707415 0.00550375 0.00860344
v -0.02664874 0.00577374 0.00835696
v -0.02686433 0.00586992 0.00856038
v -0.02685286 0.00586506 0.00851559
v -0.02681881 0.00585059 0.00844969
v -0.02544446 0.00800758 0.00860913
v -0.02542959 0.00800095 0.00851652
v -0.02538085 0.00797920 0.00843096
v -0.02593707 0.00684177 0.00835697
v -0.02534501 0.00796320 0.00839767
v -0.02530616 0.00794586 0.00837470
v -0.02526354 0.00792684 0.00836087
v -0.02522499 0.00790964 0.00835698
v -0.02532643 0.00816184 0.00856690
v -0.02523427 0.00830355 0.00868605
v -0.02518472 0.00832241 0.00863332
v -0.02518286 0.00839123 0.00908605
v -0.02514736 0.00843156 0.00908974
v -0.02520194 0.00836617 0.00889748
v -0.02527496 0.00825991 0.00872126
v -0.02538965 0.00808962 0.00861983
v -0.02517177 0.00813764 0.00841978
v -0.02517646 0.00801623 0.00836853
v -0.02521751 0.00803311 0.00837789
v -0.02513426 0.00812108 0.00840375
v -0.02508902 0.00832429 0.00857054
v -0.02505244 0.00833310 0.00857160
v -0.02506138 0.00844967 0.00881063
v -0.02509837 0.00846506 0.00909323
v -0.02498121 0.00849664 0.00909796
v -0.02499801 0.00846673 0.00883387
v -0.02512033 0.00843156 0.00883568
v -0.02512225 0.00832722 0.00858830
v -0.02520859 0.00814898 0.00843787
v -0.02524420 0.00815754 0.00846264
v -0.02527675 0.00816270 0.00849340
v -0.02476904 0.00875147 0.01652144
v -0.02516654 0.00833748 0.01284385
v -0.02482471 0.00872210 0.01653471
v -0.02489867 0.00864395 0.01628644
v -0.02429144 0.00942183 0.02008127
v -0.02394313 0.00988051 0.02169277
v -0.02350374 0.01046568 0.02347258
v -0.02040186 0.01417299 0.03212418
v -0.02011352 0.01454972 0.03288211
v -0.02009166 0.01451620 0.03290180
v -0.01908750 0.01611821 0.03570031
v -0.01904171 0.01609219 0.03570141
v -0.02018971 0.01461362 0.03285872
v -0.01899556 0.01605290 0.03571276
v -0.01896641 0.01601419 0.03573082
v -0.01955046 0.01527824 0.03431366
v -0.01993963 0.01477605 0.03333109
v -0.01992213 0.01479877 0.03337589
v -0.01894951 0.01597546 0.03575406
v -0.01983443 0.01491251 0.03359976
v -0.01986956 0.01486697 0.03351027
v -0.01990464 0.01482149 0.03342070
v -0.02014636 0.01458316 0.03286698
v -0.01995709 0.01475336 0.03328627
v -0.01997456 0.01473068 0.03324142
v -0.01904007 0.01609105 0.03570159
v -0.01899702 0.01605443 0.03571216
v -0.02024121 0.01463808 0.03285887
v -0.01922053 0.01615010 0.03573140
v -0.01912991 0.01613468 0.03570528
v -0.01909632 0.01612218 0.03570091
v -0.01932101 0.01613396 0.03578642
v -0.02042369 0.01467854 0.03298720
v -0.02146305 0.01314925 0.02984411
v -0.02154376 0.01313265 0.02988319
v -0.02043759 0.01412627 0.03202911
v -0.02045543 0.01410292 0.03198155
v -0.02047325 0.01407963 0.03193395
v -0.02054437 0.01398660 0.03174343
v -0.02242742 0.01175037 0.02667685
v -0.02136795 0.01313999 0.02981835
v -0.02234825 0.01173394 0.02666356
v -0.02132142 0.01312487 0.02981318
v -0.02127920 0.01310397 0.02981354
v -0.02114126 0.01314617 0.03003728
v -0.02121489 0.01305165 0.02982851
v -0.02124335 0.01307894 0.02981897
v -0.02204811 0.01199400 0.02738291
v -0.02231238 0.01171921 0.02666226
v -0.02228058 0.01170135 0.02666420
v -0.02324670 0.01049048 0.02339471
v -0.02046879 0.01408545 0.03194586
v -0.02046434 0.01409127 0.03195776
v -0.02338352 0.01050793 0.02342043
v -0.02331300 0.01050660 0.02340324
v -0.02411853 0.00948860 0.02002595
v -0.02470538 0.00876752 0.01651018
v -0.02464076 0.00876926 0.01650201
v -0.02470278 0.00869724 0.01599068
v -0.02418415 0.00948011 0.02004322
v -0.02438699 0.00929710 0.01959238
v -0.02141613 0.01314820 0.02982892
v -0.02341768 0.01050257 0.02343183
v -0.02230155 0.01209359 0.02759964
v -0.02495154 0.00843878 0.01283108
v -0.02499508 0.00844892 0.01024203
v -0.02068589 0.01380166 0.03136139
v -0.02374468 0.00986737 0.02142095
v -0.02518753 0.00832185 0.01216527
v -0.02520181 0.00833445 0.01056608
v -0.01917314 0.01627413 0.03603467
v -0.01907436 0.01627799 0.03599074
v -0.01901989 0.01626475 0.03597359
v -0.01896729 0.01624050 0.03596231
v -0.01896355 0.01623829 0.03596174
v -0.01894667 0.01622719 0.03595962
v -0.01889141 0.01617431 0.03596038
v -0.01886589 0.01613178 0.03596906
v -0.01885209 0.01608684 0.03598384
v -0.01890098 0.01603375 0.03586885
v -0.01884741 0.01613074 0.03601438
v -0.01886966 0.01617507 0.03600309
v -0.01885713 0.01617214 0.03604928
v -0.01892371 0.01623431 0.03599191
v -0.01891460 0.01623682 0.03600854
v -0.01890804 0.01623717 0.03602595
v -0.01899936 0.01627532 0.03599285
v -0.01908762 0.01628733 0.03600818
v -0.01908385 0.01629107 0.03601248
v -0.01892888 0.01625456 0.03602038
v -0.01894989 0.01626238 0.03600355
v -0.01896653 0.01627662 0.03601436
v -0.01903709 0.01629024 0.03600536
v -0.01899136 0.01628088 0.03600223
v -0.01895904 0.01625796 0.03599068
v -0.01898489 0.01628375 0.03601300
v -0.01901214 0.01629069 0.03601253
v -0.01904925 0.01629457 0.03601432
v -0.01913505 0.01628473 0.03602654
v -0.01879336 0.01593690 0.03612784
v -0.01881317 0.01606806 0.03611074
v -0.01878395 0.01573903 0.03619372
v -0.01878904 0.01573914 0.03614341
v -0.01880362 0.01573925 0.03609650
v -0.01882302 0.01601511 0.03605156
v -0.01880610 0.01587006 0.03609093
v -0.01878395 0.01535964 0.03619325
v -0.01880302 0.01535948 0.03609748
v -0.01879972 0.01363858 0.03610001
v -0.01878396 0.01364288 0.03618734
v -0.01878396 0.01312818 0.03620465
v -0.01879090 0.01313710 0.03614537
v -0.01881172 0.01311782 0.03609045
v -0.02434535 0.00850442 0.00882960
v -0.02433406 0.00838046 0.00857762
v -0.02434806 0.00853429 0.00910045
v -0.02434693 0.00852176 0.00890492
v -0.02432671 0.00829974 0.00849047
v -0.02431595 0.00818166 0.00840969
v -0.02429615 0.00796426 0.00835698
v -0.02476051 0.00793638 0.00835698
v -0.02374151 0.00857133 0.00910047
v -0.02314220 0.00860799 0.00910050
v -0.02313693 0.00860017 0.00893159
v -0.02311590 0.00846653 0.00859321
v -0.02310492 0.00837444 0.00849038
v -0.02309252 0.00825939 0.00841124
v -0.02308693 0.00820405 0.00838670
v -0.02307142 0.00803903 0.00835700
v -0.02306939 0.00832767 0.00732703
v -0.02306060 0.00822116 0.00735334
v -0.02305547 0.00816258 0.00735701
v -0.02307790 0.00844072 0.00726867
v -0.02308872 0.00873381 0.00670050
v -0.02308872 0.00862008 0.00707719
v 0.02495693 0.00793637 0.00835761
v 0.02449257 0.00796427 0.00835760
v 0.02450234 0.00807161 0.00837009
v 0.02451201 0.00817773 0.00840834
v 0.02453029 0.00837843 0.00857560
v 0.02452198 0.00828723 0.00848028
v 0.02453725 0.00845496 0.00869941
v 0.02454446 0.00853430 0.00910107
v 0.02393790 0.00857132 0.00910107
v 0.02326784 0.00803903 0.00835759
v 0.02327532 0.00812068 0.00836479
v 0.02328311 0.00820152 0.00838653
v 0.02329807 0.00834526 0.00846682
v 0.02331086 0.00845494 0.00857825
v 0.02332175 0.00853614 0.00871409
v 0.02333860 0.00860798 0.00910109
v 0.02328517 0.00873381 0.00670109
v 0.02328712 0.00871732 0.00682851
v 0.02328710 0.00867359 0.00697212
v 0.02328277 0.00857282 0.00714508
v 0.02328171 0.00855409 0.00716776
v 0.02327009 0.00838268 0.00730360
v 0.02325193 0.00816258 0.00735759
v -0.00276339 0.01871754 -0.04225012
v 0.00296108 0.01871753 -0.04225004
v -0.00276442 0.01854732 -0.04271010
v 0.00296110 0.01831389 -0.04309694
v -0.00276448 0.01845342 -0.04288784
v -0.00276339 0.01831388 -0.04309703
v 0.00296097 0.02054469 -0.03407593
v -0.00276349 0.02054469 -0.03407601
v 0.00296132 -0.00873850 -0.06145158
v 0.00009909 -0.00873851 -0.06159469
v 0.00296678 -0.00399610 -0.05976865
v 0.00010905 -0.00128767 -0.05875248
v 0.00296995 -0.00125345 -0.05859864
v 0.00010900 0.00588317 -0.05481777
v 0.00297797 0.00590574 -0.05469053
v 0.00297640 0.00432238 -0.05567715
v 0.00297169 0.00025847 -0.05788336
v 0.00297466 0.01490759 -0.04720810
v 0.00297557 0.01448698 -0.04765069
v 0.00010892 0.01251537 -0.04964424
v 0.00297898 0.01190049 -0.05013379
v 0.00297952 0.00850890 -0.05288674
v -0.00276322 0.00956236 -0.05208630
v -0.00276326 0.01252902 -0.04956543
v -0.00276327 0.01330839 -0.04883068
v -0.00276329 0.01448719 -0.04765136
v 0.00296569 0.01749019 -0.04418572
v -0.00276320 0.00760909 -0.05353892
v -0.00276320 0.00590543 -0.05469203
v -0.00276316 0.00095663 -0.05753589
v -0.00276315 -0.00125365 -0.05859971
v -0.00276313 -0.00651440 -0.06071231
v -0.00276314 -0.00873850 -0.06145164
v 0.01060831 -0.00876224 -0.05977107
v 0.00405513 -0.00873871 -0.06131260
v 0.01060907 -0.00873874 -0.05976159
v 0.00809416 -0.00873890 -0.06053314
v -0.00990758 -0.00873898 -0.05994431
v -0.01040845 -0.00894764 -0.05982659
v -0.01041094 -0.00873874 -0.05976186
v -0.00691444 -0.00873885 -0.06076394
v 0.01922373 0.01659960 0.03970111
v 0.01924850 0.01659067 0.03970438
v 0.01926661 0.01664494 0.03957951
v 0.01934570 0.01685118 0.03874680
v 0.01924600 0.01687310 0.03891842
v 0.01933752 0.01678658 0.03910553
v 0.01898098 0.01665665 0.03928003
v 0.01899922 0.01677641 0.03907967
v 0.01899676 0.01676168 0.03905265
v 0.01904006 0.01685328 0.03884438
v 0.01905570 0.01685573 0.03873046
v 0.01906720 0.01686230 0.03868845
v 0.01907239 0.01687612 0.03872386
v 0.01910685 0.01687312 0.03856432
v 0.01915442 0.01687081 0.03844230
v 0.01911336 0.01688637 0.03860342
v 0.01925552 0.01683575 0.03823519
v 0.01936253 0.01681047 0.03822044
v 0.01933112 0.01679386 0.03810662
v 0.01972920 0.01660417 0.03831940
v 0.01957308 0.01661563 0.03775878
v 0.01959648 0.01659646 0.03772670
v 0.01940335 0.01664610 0.03928597
v 0.01964513 0.01652799 0.03891097
v 0.01972784 0.01658810 0.03849905
v 0.01928703 0.01669096 0.03945052
v 0.01931074 0.01660003 0.03958473
v 0.01930353 0.01655024 0.03969342
v 0.01916550 0.01669677 0.03951345
v 0.01910359 0.01660792 0.03965235
v 0.01917678 0.01660798 0.03968710
v 0.01910158 0.01660775 0.03965120
v 0.01911077 0.01670655 0.03946964
v 0.01903686 0.01680241 0.03916728
v 0.01901178 0.01658796 0.03958477
v 0.01904462 0.01659863 0.03961370
v 0.01901965 0.01679766 0.03913846
v 0.01898891 0.01657373 0.03955463
v 0.01917455 0.01689315 0.03853240
v 0.01913908 0.01690291 0.03868991
v 0.01926612 0.01688304 0.03852775
v 0.01915701 0.01690461 0.03873400
v 0.01919896 0.01689604 0.03882451
v 0.01946616 0.01679070 0.03859143
v 0.01939860 0.01681646 0.03834122
v 0.01923204 0.01687653 0.03842291
v 0.01920866 0.01685582 0.03832464
v 0.01916248 0.01688335 0.03848530
v 0.01913148 0.01679195 0.03928595
v 0.01907985 0.01680251 0.03922548
v 0.01917444 0.01685150 0.03910080
v 0.01912378 0.01686987 0.03902436
v 0.01908054 0.01687512 0.03895108
v 0.01904904 0.01686488 0.03887970
v 0.01900673 0.01678901 0.03910920
v 0.01898880 0.01668497 0.03932973
v 0.01897755 0.01653875 0.03949734
v 0.01898369 0.01656763 0.03954343
v 0.01906285 0.01687217 0.03891532
v 0.01908224 0.01688718 0.03876280
v 0.01909656 0.01689384 0.03880223
v 0.01912424 0.01689682 0.03864634
v 0.01921073 0.01660284 0.03969809
v 0.01921742 0.01667755 0.03955119
v 0.01923829 0.01673800 0.03940184
v 0.01927751 0.01677653 0.03925180
v 0.01918627 0.01677068 0.03934593
v 0.01922748 0.01682047 0.03917773
v 0.02356152 0.01204342 0.03109529
v 0.02342263 0.01228625 0.03074558
v 0.02180228 0.01446340 0.03466873
v 0.02153982 0.01455713 0.03421853
v 0.02310751 0.01248447 0.03046019
v 0.02035167 0.01595140 0.03795009
v 0.02094281 0.01537240 0.03697635
v 0.02160682 0.01462873 0.03570571
v 0.01911889 0.01288849 0.04609393
v 0.01911551 0.01291017 0.04605216
v 0.01926195 0.01096535 0.04930719
v 0.01950231 0.00908693 0.05254108
v 0.01952477 0.00914208 0.05254700
v 0.01928497 0.01101051 0.04932396
v 0.01933115 0.01105911 0.04932552
v 0.01923233 0.01296276 0.04611405
v 0.01937214 0.00993078 0.05096046
v 0.01949687 0.00903552 0.05251788
v 0.01904129 0.01363056 0.04463281
v 0.01898336 0.01526018 0.04177628
v 0.01897782 0.01563423 0.04111245
v 0.01897789 0.01562784 0.04112391
v 0.01897691 0.01646049 0.03963391
v 0.01897718 0.01569991 0.04099464
v 0.01949963 0.01256135 0.04677705
v 0.01942714 0.01299848 0.04607533
v 0.01937261 0.01300337 0.04609694
v 0.01930514 0.01299045 0.04611010
v 0.01956630 0.00919665 0.05253163
v 0.01956791 0.00919840 0.05253083
v 0.01939554 0.01110675 0.04931311
v 0.01962795 0.00925285 0.05249648
v 0.01969469 0.00929619 0.05245155
v 0.01976294 0.00932204 0.05240011
v 0.01981992 0.00932391 0.05235217
v 0.01987189 0.00930725 0.05230395
v 0.01907593 0.00895286 0.05328644
v 0.01894087 0.00901056 0.05332201
v 0.01896486 0.00905770 0.05331860
v 0.01897658 0.00907733 0.05332444
v 0.01899013 0.00909719 0.05333745
v 0.01909989 0.00904061 0.05330300
v 0.01943892 0.00896100 0.05291367
v 0.01937535 0.00894398 0.05303261
v 0.01939699 0.00898030 0.05304045
v 0.01968153 0.00904798 0.05311381
v 0.01980118 0.00905530 0.05291345
v 0.01980820 0.00914296 0.05272187
v 0.01918392 0.00912135 0.05369597
v 0.01954547 0.00902085 0.05338703
v 0.01943150 0.00906453 0.05345912
v 0.01950155 0.00903642 0.05266336
v 0.01948063 0.00899280 0.05278897
v 0.01950208 0.00903502 0.05279363
v 0.01946042 0.00899943 0.05291955
v 0.01944233 0.00901406 0.05305335
v 0.01961312 0.00911436 0.05277769
v 0.01954818 0.00907681 0.05278945
v 0.01963446 0.00906243 0.05310239
v 0.01975288 0.00915179 0.05274157
v 0.01957315 0.00905987 0.05308715
v 0.01968536 0.00914136 0.05276081
v 0.01950502 0.00904223 0.05306984
v 0.01952312 0.00908371 0.05266774
v 0.01913521 0.00907563 0.05334231
v 0.01902121 0.00913489 0.05338622
v 0.01903908 0.00915302 0.05342359
v 0.01905186 0.00916464 0.05345444
v 0.01931146 0.00898089 0.05314919
v 0.01928967 0.00894486 0.05313919
v 0.01919636 0.00898328 0.05323001
v 0.01918747 0.00896431 0.05322619
v 0.01907642 0.00900172 0.05328789
v 0.01908663 0.00902162 0.05329242
v 0.01920971 0.00900143 0.05323847
v 0.01924936 0.00903490 0.05326936
v 0.01907971 0.00918533 0.05353792
v 0.01925283 0.00912484 0.05353319
v 0.01917788 0.00910415 0.05340075
v 0.01909584 0.00919068 0.05361346
v 0.01909974 0.00918106 0.05367983
v 0.01909339 0.00915918 0.05373858
v 0.01930101 0.00906196 0.05331480
v 0.01940016 0.00907957 0.05341661
v 0.01947262 0.00894163 0.05280267
v 0.01937230 0.00890436 0.05302835
v 0.01931946 0.00890264 0.05310001
v 0.01917922 0.00892241 0.05322910
v 0.01912412 0.00893716 0.05326308
v 0.01890612 0.00909362 0.05332139
v 0.01870939 0.00935858 0.05328081
v 0.01863712 0.00945289 0.05320800
v 0.01863894 0.00950465 0.05328576
v 0.01861825 0.00954956 0.05336986
v 0.01881513 0.00934257 0.05347262
v 0.01814736 0.00995084 0.05334291
v 0.01839070 0.00962369 0.05368621
v 0.01852020 0.00960918 0.05353819
v 0.01880468 0.00936750 0.05356488
v 0.01878087 0.00937951 0.05365478
v 0.01868915 0.00938166 0.05380172
v 0.01879080 0.00926493 0.05332486
v 0.01881057 0.00930723 0.05338919
v 0.01883568 0.00921978 0.05333699
v 0.01890987 0.00921557 0.05339871
v 0.01888373 0.00917649 0.05334298
v 0.01893528 0.00913566 0.05334320
v 0.01867831 0.00930792 0.05322390
v 0.01875719 0.00921837 0.05328403
v 0.01871262 0.00916799 0.05326065
v 0.01870154 0.00917866 0.05325184
v 0.01885223 0.00913316 0.05331640
v 0.01880263 0.00917495 0.05330383
v 0.01875331 0.00913211 0.05328679
v 0.01881564 0.00908493 0.05331187
v 0.01887029 0.00904960 0.05332206
v 0.01891977 0.00902152 0.05332346
v 0.01857919 0.00933904 0.05307481
v 0.01849275 0.00964684 0.05259254
v 0.01849033 0.00980252 0.05273045
v 0.01828441 0.01005515 0.05297151
v 0.01848437 0.00975503 0.05314957
v 0.01842545 0.00994354 0.05286075
v 0.01852129 0.00969804 0.05307196
v 0.01853694 0.00963453 0.05299397
v 0.01809070 0.01013646 0.05306000
v 0.01860242 0.00929963 0.05312504
v 0.01786867 0.01189436 0.05008961
v 0.01798941 0.01253388 0.04878383
v 0.01779472 0.01261890 0.04887035
v 0.01761942 0.01511562 0.04468658
v 0.01813162 0.01242079 0.04867525
v 0.01819921 0.01227937 0.04854570
v 0.01820649 0.01212281 0.04840607
v 0.01781354 0.01502491 0.04460012
v 0.01795520 0.01490923 0.04449282
v 0.01802425 0.01476695 0.04436376
v 0.01803595 0.01460899 0.04422232
v 0.01759945 0.01575665 0.04361035
v 0.01759917 0.01576894 0.04358970
v 0.01777113 0.01633529 0.04240428
v 0.01791257 0.01621781 0.04229135
v 0.01798002 0.01607421 0.04215610
v 0.01797752 0.01724295 0.03981303
v 0.01796590 0.01739220 0.03995718
v 0.01789780 0.01753406 0.04009579
v 0.01775616 0.01765084 0.04021225
v 0.01756216 0.01774544 0.04030876
v 0.01725034 0.01836588 0.03964809
v 0.01746453 0.01810585 0.03982767
v 0.01778540 0.01799279 0.03950240
v 0.01796214 0.01750102 0.03943377
v 0.01786734 0.01784154 0.03906216
v 0.01794128 0.01763564 0.03961635
v 0.01785794 0.01790521 0.03931206
v 0.01786911 0.01775124 0.03978330
v 0.01742083 0.01841534 0.03870800
v 0.01740479 0.01847641 0.03894936
v 0.01735879 0.01850969 0.03917190
v 0.01713525 0.01847712 0.03959701
v 0.01371033 0.02148672 0.03817406
v 0.01435974 0.02097076 0.03841108
v 0.01392101 0.02156458 0.03776526
v 0.01534510 0.02011099 0.03884364
v 0.01396008 0.02147460 0.03730812
v 0.01572235 0.01997143 0.03801486
v 0.00420270 0.02339503 0.03903273
v 0.00368849 0.02348682 0.03952605
v 0.00724117 0.02319535 0.03908585
v 0.00009782 0.02352511 0.03923028
v 0.00009804 0.02355864 0.03934120
v 0.00009788 0.02358390 0.03967366
v 0.01194191 0.02235652 0.03747267
v 0.01118073 0.02251674 0.03771302
v 0.01069984 0.02268210 0.03831130
v 0.01066990 0.02261609 0.03786203
v 0.00960979 0.02280226 0.03814143
v 0.00837277 0.02298758 0.03841978
v 0.00794980 0.02304357 0.03850392
v 0.00966079 0.02267293 0.03898070
v 0.01271187 0.02203490 0.03811814
v 0.01237443 0.02232520 0.03780049
v 0.01320161 0.02201995 0.03765639
v 0.01244287 0.02223955 0.03734153
v 0.01323709 0.02193525 0.03720447
v 0.00009780 0.02338784 0.04005395
v 0.00349415 0.02330183 0.03992476
v 0.02713127 0.00541696 0.00220297
v 0.02683016 0.00620692 0.00182492
v 0.02711801 0.00543531 0.00182719
v 0.02442906 0.00435195 0.00735759
v 0.02307988 0.00624703 0.00735759
v 0.02341899 0.00622594 0.00735759
v 0.02435752 0.00480391 0.00735760
v 0.01897948 0.01646658 0.03919896
v 0.01901049 0.01641165 0.03754798
v 0.01906345 0.01650008 0.03735456
v 0.01909909 0.01652292 0.03724821
v 0.01915372 0.01636847 0.03642541
v 0.01919692 0.01636163 0.03632251
v 0.01924118 0.01634413 0.03622134
v 0.01932991 0.01645749 0.03672466
v 0.01923005 0.01651365 0.03692720
v 0.01918315 0.01652826 0.03703277
v 0.01913927 0.01653187 0.03714021
v 0.02016752 0.00392866 0.06261253
v 0.02039075 0.00308420 0.06404514
v 0.02097206 0.00385372 0.06135340
v 0.02828483 -0.01135269 0.07804555
v 0.02788183 -0.00713000 0.06030653
v 0.02642325 -0.00272027 0.05386758
v 0.02362018 0.00130939 0.05832875
v 0.02649146 -0.00727660 0.07141386
v 0.02911584 -0.00704329 0.04915116
v 0.02475098 -0.00530540 0.07363975
v 0.02193480 -0.00174225 0.07223321
v 0.02269481 -0.00370738 0.07556709
v 0.02373878 -0.00441288 0.07469328
v 0.02276381 -0.00387659 0.07585412
v 0.02394481 -0.00658300 0.08044553
v 0.01930440 0.00789607 0.05588204
v 0.02199408 0.00310008 0.06040772
v 0.01997943 0.01178073 0.04735176
v 0.02110428 0.01437291 0.03869922
v 0.02632899 0.00743415 0.02179134
v 0.02520847 0.00942409 0.02609670
v 0.02639087 0.00567998 0.02931932
v 0.02398378 0.01024467 0.03414773
v 0.02715049 0.00167149 0.03620618
v 0.02882888 -0.00211220 0.03292110
v 0.02788015 0.00199661 0.02685033
v 0.03036276 -0.00795365 0.04053392
v 0.02991105 -0.00643012 0.03878191
v 0.02797283 -0.00264453 0.04274712
v 0.02951333 -0.00496990 0.03697919
v 0.02537241 0.00175487 0.04748248
v 0.02259269 0.00572138 0.05186788
v 0.02671980 0.00668976 0.01991803
v 0.02466401 0.00618761 0.04102169
v 0.02181975 0.01015242 0.04540771
v 0.02349879 0.01217253 0.03052835
v 0.02526473 0.00936055 0.02507261
v 0.02660983 0.00696132 0.01951854
v 0.02470572 0.01008820 0.02580292
v 0.02575816 0.00835948 0.02204613
v 0.02640959 0.00721916 0.01914081
v 0.02706184 0.00600503 0.01788651
v 0.02711532 0.00580437 0.01061046
v 0.02746306 0.00505057 0.01223094
v 0.02708558 0.00591500 0.01369764
v 0.02737536 0.00531840 0.01500022
v 0.02685530 0.00638265 0.01635442
v 0.01797827 0.01716706 0.03946056
v 0.01660136 0.01519785 0.03821311
v 0.01570099 0.01602158 0.03785845
v 0.00009693 -0.01254555 0.10999066
v 0.00273025 -0.01254558 0.10982936
v 0.00960653 -0.01254552 0.10763974
v 0.00750405 -0.01254565 0.10861675
v 0.00531359 -0.01254562 0.10933332
v 0.00201970 -0.00459481 -0.05692956
v 0.00201898 0.00017548 -0.05475553
v 0.00106539 -0.00046293 -0.05513780
v 0.00106575 0.01150139 -0.04681396
v 0.00202053 0.01097514 -0.04728018
v 0.00201979 0.01257002 -0.04573434
v 0.00106581 0.01412740 -0.04407894
v 0.00202036 0.00765623 -0.05006169
v 0.00106568 0.00575970 -0.05147967
v 0.00201992 0.00575427 -0.05143666
v 0.00201970 0.00420301 -0.05245848
v 0.00201987 0.01396616 -0.04424200
v 0.00201977 0.01643486 -0.04119793
v 0.00009884 0.01644719 -0.04121297
v 0.00009901 -0.00046147 -0.05515873
v 0.00009896 0.00576154 -0.05149466
v 0.00009890 0.01150268 -0.04682161
v 0.00009888 0.01412837 -0.04408373
v 0.00009868 0.01886095 -0.02846849
v 0.00009876 0.01791131 -0.03495353
v 0.00201960 0.01883898 -0.02846006
v 0.00201952 0.01801182 -0.03430514
v 0.00201992 0.01674979 -0.04002293
v 0.02504990 -0.01355286 -0.03991187
v 0.02545321 -0.01353485 -0.03846029
v 0.02614100 -0.01348659 -0.03496108
v 0.02657578 -0.01341034 -0.03045886
v 0.02664982 -0.01337732 -0.02867225
v 0.02670918 -0.01331080 -0.02500585
v 0.02725116 -0.01299419 0.00280017
v 0.02704859 -0.01309638 -0.00576827
v 0.02681705 -0.01323393 -0.01453785
v 0.02861682 -0.01289456 0.01689359
v 0.02854011 -0.01289733 0.01632081
v 0.02732769 -0.01297760 0.00459510
v 0.02739258 -0.01296903 0.00570971
v 0.02760503 -0.01294957 0.00843280
v 0.02864900 -0.01289522 0.01714707
v 0.02863288 -0.01289492 0.01702034
v 0.02925974 -0.01289729 0.02175625
v 0.03027296 -0.01287853 0.03018299
v 0.03057973 -0.01284911 0.03528620
v 0.03060326 -0.01283317 0.03749823
v 0.03058018 -0.01282514 0.03895424
v 0.03052094 -0.01282156 0.04059423
v 0.02987175 -0.01286776 0.04941669
v 0.02866933 -0.01278237 0.06470020
v 0.02968180 -0.01285860 0.05205731
v 0.02725807 -0.01272260 0.07811213
v 0.02716381 -0.01271647 0.07889540
v 0.02616773 -0.01260986 0.08580355
v 0.02572711 -0.01252311 0.08807258
v 0.02516889 -0.01243650 0.09039376
v 0.02409535 -0.01239050 0.09379561
v 0.02261548 -0.01245181 0.09727158
v 0.02226584 -0.01247246 0.09797315
v 0.02073098 -0.01256563 0.10067222
v 0.01859668 -0.01268149 0.10364924
v 0.01643523 -0.01276218 0.10601358
v 0.01537337 -0.01277436 0.10700084
v 0.01382253 -0.01276815 0.10826100
v 0.01312513 -0.01275787 0.10876219
v 0.01135892 -0.01271070 0.10987306
v 0.01082975 -0.01269127 0.11016453
v 0.00893366 -0.01260742 0.11106119
v 0.00604414 -0.01245041 0.11203617
v 0.00566877 -0.01242957 0.11213129
v 0.00308023 -0.01230000 0.11260735
v 0.00009689 -0.01223445 0.11279089
v 0.02344809 0.00617309 0.00835759
v 0.02349386 0.00609131 0.00990419
v 0.02310339 0.00619415 0.00835758
v 0.02314545 0.00609194 0.01031771
v 0.02336980 0.00853447 0.01050505
v 0.01085422 -0.01254557 0.10690830
v 0.01397166 -0.01240290 0.10451097
v 0.01156198 -0.01251597 0.10643906
v 0.01752139 -0.01219549 0.10044322
v 0.01612630 -0.01228385 0.10225338
v 0.01471724 -0.01236377 0.10379466
v 0.01830138 -0.01214036 0.09928121
v 0.01842375 -0.01213123 0.09908734
v 0.02012793 -0.01198730 0.09598749
v 0.02063757 -0.01193718 0.09487978
v 0.02153588 -0.01183656 0.09264075
v 0.02255483 -0.01169345 0.08936757
v 0.02270199 -0.01167129 0.08878084
v 0.02344093 -0.01144804 0.08513589
v 0.02433219 -0.01091363 0.07894892
v 0.02467233 -0.01076505 0.07607108
v 0.00347072 0.00762221 -0.04999040
v 0.00333643 -0.00491326 -0.05691812
v 0.00336232 -0.00151931 -0.05545656
v 0.00339404 0.00178665 -0.05376975
v 0.00342955 0.00475937 -0.05198928
v 0.00355114 0.01256781 -0.04567541
v 0.00494507 0.01255968 -0.04559601
v 0.00496646 0.01460448 -0.04337714
v 0.00769748 0.01386820 -0.04385791
v 0.00767776 0.01622312 -0.04091969
v 0.00485487 0.01638103 -0.04112197
v 0.00766997 0.01122509 -0.04649965
v 0.00481480 0.00475078 -0.05184693
v 0.00759287 0.00561997 -0.05082891
v 0.00485955 0.00761412 -0.04986823
v 0.00761847 0.00754263 -0.04949651
v 0.00762707 0.00816218 -0.04903623
v 0.00749595 -0.00375485 -0.05572258
v 0.00752470 -0.00054352 -0.05430110
v 0.00473841 -0.00152305 -0.05527934
v 0.00477515 0.00177897 -0.05360962
v 0.00753571 0.00057649 -0.05374866
v 0.00754769 0.00172942 -0.05314638
v 0.00757962 0.00455251 -0.05151192
v 0.00470704 -0.00491271 -0.05672693
v 0.01437041 0.00385339 -0.04858115
v 0.01422880 0.00496090 -0.04797141
v 0.01114269 0.00538758 -0.04975137
v 0.01148039 -0.00066962 -0.05294208
v 0.01305241 0.01293158 -0.04194136
v 0.01263442 0.01513010 -0.03932055
v 0.01187659 0.01540825 -0.03975642
v 0.01389844 0.00743408 -0.04644844
v 0.01346501 0.01041163 -0.04424941
v 0.01075883 0.01103672 -0.04559842
v 0.01053445 0.01361526 -0.04309346
v 0.00977721 0.01592164 -0.04051027
v 0.01536436 -0.00453153 -0.05207573
v 0.01485907 -0.00014355 -0.05046926
v 0.02095331 0.00100471 -0.04044046
v 0.02036164 0.00347183 -0.03918964
v 0.01740848 0.00472066 -0.04398409
v 0.01623520 0.00244840 -0.04753853
v 0.02134916 0.00630152 -0.03141131
v 0.01847862 0.01078158 -0.03182285
v 0.01861472 0.00962106 -0.03439276
v 0.01578417 0.01294069 -0.03567365
v 0.01574703 0.01171143 -0.03856118
v 0.01393612 0.01442701 -0.03813902
v 0.01432796 0.01269628 -0.04031553
v 0.02194564 0.00772145 -0.02355922
v 0.02172695 0.00793631 -0.02437454
v 0.02273620 0.00507501 -0.02607940
v 0.02114480 0.00849173 -0.02624706
v 0.02001084 0.00951062 -0.02903963
v 0.02354112 0.00414383 -0.02033637
v 0.02288461 0.00674859 -0.01890951
v 0.02262265 0.00703206 -0.02045614
v 0.02210152 0.00756617 -0.02293108
v 0.02344052 0.00606879 -0.01433004
v 0.02402324 0.00341026 -0.01441695
v 0.02359200 0.00586713 -0.01233449
v 0.02387296 0.00549731 -0.00623967
v 0.02439439 0.00257380 -0.00320192
v 0.02397036 0.00536212 -0.00320203
v 0.02502786 -0.00359684 -0.01638208
v 0.02480812 -0.00318839 -0.02312065
v 0.02447964 -0.00274839 -0.02970762
v 0.02352004 -0.00223247 -0.03585226
v 0.02154663 -0.00162303 -0.04151465
v 0.01851719 -0.00092728 -0.04664902
v 0.01670893 -0.00058245 -0.04885871
v 0.01480210 0.01048935 -0.04241312
v 0.01629657 0.00962580 -0.04056447
v 0.01918805 0.00781333 -0.03616801
v 0.01796355 0.00197462 -0.04541177
v 0.01575944 0.00532504 -0.04602182
v 0.02242666 0.00238876 -0.03394673
v 0.02360717 0.00147635 -0.02816891
v 0.02418678 0.00073049 -0.02195619
v 0.02454561 0.00009264 -0.01557076
v 0.02495703 -0.00196386 -0.00320204
v 0.02488367 -0.00089231 0.00202640
v 0.02531050 -0.00194194 0.00876493
v 0.02415989 0.00509069 0.00233524
v 0.02511751 -0.00083988 0.00762303
v 0.02414888 0.00510659 0.00202717
v 0.02410075 0.00517604 0.00068378
v 0.00759310 0.01658283 -0.03959880
v 0.00717912 0.01785889 -0.03391745
v 0.00463260 0.01785069 -0.03481222
v 0.00668621 0.01868717 -0.02828498
v 0.01984963 0.01206323 0.03432836
v 0.01949270 0.01282011 0.03472963
v 0.02040108 0.01133710 0.03299600
v 0.02073321 0.01076839 0.03080150
v 0.02166287 0.00955924 0.02926852
v 0.02084041 0.01059019 0.03041824
v 0.02177177 0.00903591 0.02667224
v 0.02291920 0.00759633 0.02436217
v 0.02253918 0.00773724 0.02270526
v 0.02311357 0.00674975 0.01869124
v 0.02384165 0.00600481 0.01977859
v 0.01797836 0.01400277 0.03962341
v 0.01798156 0.01317943 0.04086799
v 0.01803475 0.01105107 0.04433210
v 0.01229516 0.01891885 0.03640760
v 0.01168702 0.01927916 0.03628333
v 0.01097842 0.01947683 0.03643226
v 0.00566597 0.02024919 0.03761486
v 0.01037077 0.01959919 0.03662027
v 0.00009784 0.02049555 0.03798973
v 0.01891095 0.00543082 0.05336117
v 0.01901652 0.00528963 0.05334636
v 0.01903421 0.00518880 0.05351024
v 0.01930730 0.00370919 0.05594672
v 0.01999442 0.00066618 0.06102204
v 0.01807429 0.01037827 0.04555766
v 0.01849324 0.00632468 0.05259882
v 0.01850494 0.00624217 0.05273953
v 0.01858157 0.00595553 0.05314202
v 0.01858347 0.00595137 0.05314594
v 0.01864542 0.00583013 0.05324102
v 0.01872416 0.00569939 0.05330942
v 0.01874396 0.00566886 0.05332100
v 0.01881418 0.00556535 0.05334900
v 0.02015662 0.00004107 0.06206382
v 0.02112754 -0.00323567 0.06739563
v 0.02248358 -0.00687377 0.07300260
v 0.01972187 0.01432673 0.03414306
v 0.02084285 0.01261893 0.03033130
v 0.02187803 0.01095877 0.02588728
v 0.02158495 0.01143546 0.02725478
v 0.02269911 0.00960019 0.02131157
v 0.02317756 0.00879993 0.01743554
v 0.02338526 0.00846601 0.01397727
v 0.02325845 0.00631935 0.01583097
v 0.02319321 0.00606476 0.01163790
v 0.02333998 0.00605625 0.01110517
v 0.02330402 0.00624669 0.01528487
v 0.02336004 0.00632141 0.01625193
v 0.02352780 0.00603253 0.01151374
v 0.02350423 0.00607265 0.01372643
v 0.02345349 0.00615992 0.01488474
v 0.02439708 0.00474660 0.00835761
v 0.02449235 0.00461811 0.01110172
v 0.02448913 0.00469471 0.01396680
v 0.02448021 0.00471716 0.01419611
v 0.02438742 0.00492813 0.01567471
v 0.02429299 0.00512631 0.01665564
v 0.01252464 0.01535033 -0.03861342
v 0.01161993 0.01679112 -0.03315388
v 0.00958089 0.01733734 -0.03432016
v 0.01062489 0.01778687 -0.02773480
v 0.00987371 0.01807422 -0.02789078
v 0.00885407 0.01835503 -0.02805034
v 0.02326747 0.00650043 0.00216428
v 0.02322918 0.00656965 0.00085480
v 0.02284162 0.00681232 -0.00343544
v 0.02309462 0.00681238 -0.00373788
v 0.01675543 0.01325015 -0.02429928
v 0.01703545 0.01300031 -0.02404045
v 0.01815466 0.01180782 -0.02263026
v 0.01846058 0.01169395 -0.02247626
v 0.01894789 0.01098002 -0.02143160
v 0.01900359 0.01111053 -0.02165835
v 0.01940382 0.01050774 -0.02064174
v 0.01992791 0.01014576 -0.02001281
v 0.01979478 0.01010212 -0.01989487
v 0.02073255 0.00931492 -0.01819597
v 0.02077135 0.00909153 -0.01759263
v 0.02138897 0.00843777 -0.01554017
v 0.02161171 0.00857716 -0.01609100
v 0.02079448 0.00942850 -0.01849792
v 0.01987599 0.01034143 -0.02035683
v 0.01857168 0.01158969 -0.02233333
v 0.02250005 0.00759024 -0.01146471
v 0.02294959 0.00705757 -0.00710871
v 0.02301565 0.00695295 -0.00587982
v 0.02251234 0.00740955 -0.01552607
v 0.02181200 0.00819731 -0.01903912
v 0.02079473 0.00925196 -0.02234613
v 0.01943234 0.01057831 -0.02532245
v 0.01773008 0.01211379 -0.02789753
v 0.02224297 0.00788506 -0.01316895
v 0.01573585 0.01379617 -0.03013766
v 0.01267328 0.01616479 -0.03305487
v 0.01366078 0.01548838 -0.03221178
v 0.01215524 0.01693276 -0.02722190
v 0.01627578 0.01367373 -0.02471039
v 0.01424727 0.01538083 -0.02611163
v 0.00649347 0.01894102 -0.02546770
v 0.00009864 0.01909721 -0.02552939
v 0.00009890 0.01898754 -0.02704940
v 0.02150686 0.01073065 -0.01463943
v 0.02179533 0.01047370 -0.01358513
v 0.02150904 0.01077269 -0.01462291
v 0.02256901 0.00975913 -0.00925171
v 0.02244902 0.00992057 -0.01012773
v 0.02213080 0.01021569 -0.01202480
v 0.02304805 0.00923528 -0.00368543
v 0.02305183 0.00927971 -0.00369002
v 0.02256795 0.00980718 -0.00927892
v 0.02172239 0.00928549 -0.01398615
v 0.02247521 0.00853544 -0.00941697
v 0.02294231 0.00799418 -0.00355737
v 0.02238502 0.00737031 -0.00957414
v 0.02197188 0.00781318 -0.01259646
v 0.02165264 0.00815402 -0.01436803
v 0.01659775 0.01474278 -0.02192299
v 0.01447155 0.01623151 -0.02328232
v 0.01246040 0.01739624 -0.02419102
v 0.00843657 0.01874333 -0.02530004
v 0.00948786 0.01852453 -0.02509654
v 0.01028096 0.01829713 -0.02489712
v 0.01812840 0.01356749 -0.02055086
v 0.01950371 0.01246329 -0.01885257
v 0.02064250 0.01151797 -0.01686201
v 0.02323973 0.00884076 0.00466028
v 0.02400426 -0.01358426 -0.04282481
v 0.02287183 -0.01361258 -0.04517684
v 0.02257087 -0.01361961 -0.04571718
v 0.02055518 -0.01365599 -0.04878780
v 0.01974434 -0.01366611 -0.04981166
v 0.01922335 -0.01367204 -0.05041557
v 0.01849475 -0.01368013 -0.05119551
v 0.01595916 -0.01370758 -0.05343917
v 0.01569553 -0.01371041 -0.05363849
v 0.01525345 -0.01371514 -0.05396040
v 0.01315445 -0.01373563 -0.05529957
v 0.01089766 -0.01374854 -0.05644253
v 0.01022435 -0.01375076 -0.05673171
v 0.00687682 -0.01375264 -0.05785747
v 0.00487652 -0.01375078 -0.05830384
v 0.00351114 -0.01375202 -0.05851771
v 0.00009906 -0.01376384 -0.05873846
v 0.02658330 0.00656069 -0.00527178
v 0.02650641 0.00666818 -0.00748101
v 0.02622463 0.00704489 -0.01234948
v 0.02544966 0.00832292 0.00689819
v 0.03041187 -0.00702805 0.02600629
v 0.02990139 -0.00712230 0.01959955
v 0.03044073 -0.00681761 0.03241047
v 0.02930803 -0.00255993 0.02688129
v 0.02932943 -0.00285272 0.02108583
v 0.02895991 -0.00290142 0.01525286
v 0.02848772 -0.00290483 0.00958051
v 0.02850222 -0.00299060 0.00965643
v 0.02923611 -0.00719033 0.01336897
v 0.02857467 -0.00873927 0.00181644
v 0.02820506 -0.00406088 0.00181976
v 0.02848716 -0.00299106 0.00947709
v 0.02755189 0.00211460 0.00182480
v 0.02795738 -0.00149967 0.00182179
v 0.01556753 -0.01009794 -0.05761555
v 0.01124346 -0.01010931 -0.05990259
v 0.01961471 -0.01008611 -0.05437865
v 0.02315053 -0.01007610 -0.05019445
v 0.02762741 -0.01007130 -0.04028782
v 0.02588983 -0.01007141 -0.04530602
v 0.02862889 -0.01007570 -0.03428800
v 0.02868709 -0.01012192 -0.01272184
v 0.02869778 -0.01010059 -0.02107960
v 0.02878638 -0.01008498 -0.02817269
v 0.02858477 -0.00873942 -0.01311235
v 0.02704332 -0.00873929 -0.04131180
v 0.02770947 -0.00873935 -0.03873104
v 0.02831836 -0.00873941 -0.03496474
v 0.02858811 -0.00873944 -0.03072868
v 0.02856340 -0.00873940 -0.02455854
v 0.02294633 -0.00873909 -0.04991887
v 0.02349971 -0.00873912 -0.04908023
v 0.02531342 -0.00873920 -0.04579980
v 0.02565359 -0.00873922 -0.04506036
v 0.02675017 -0.00873928 -0.04223441
v 0.01885868 -0.00873888 -0.05465820
v 0.02084266 -0.00873898 -0.05263099
v 0.02133047 -0.00873900 -0.05206072
v 0.01326668 -0.00873872 -0.05856763
v 0.01415423 -0.00873874 -0.05808579
v 0.01617107 -0.00873877 -0.05681311
v 0.01772860 -0.00873883 -0.05563657
v 0.01699058 0.00324076 0.06765275
v 0.01507659 0.01209117 0.05220706
v 0.00009810 0.00781668 0.06408609
v 0.00009809 0.00663750 0.06634355
v 0.00333409 0.00672890 0.06604906
v 0.00757927 -0.00989010 0.10717288
v 0.02144624 -0.00436486 0.07977105
v 0.01983011 -0.00482162 0.08352424
v 0.01786260 -0.00524376 0.08708242
v 0.01544941 -0.00562286 0.09038843
v 0.01385887 -0.00957276 0.10335496
v 0.01196116 -0.00969371 0.10486973
v 0.01247382 -0.00594902 0.09330158
v 0.00986051 -0.00979975 0.10615599
v 0.00884374 -0.00621286 0.09560336
v 0.00009803 0.00341220 0.07291612
v 0.00009803 -0.00039891 0.08152390
v 0.00372225 0.00190357 0.07606006
v 0.00009777 -0.00408556 0.09086075
v 0.00415593 -0.00246395 0.08642615
v 0.00009764 -0.00765198 0.10100672
v 0.00463727 -0.00640636 0.09706342
v 0.00516820 -0.00996405 0.10790394
v 0.00009805 0.01191164 0.05678998
v 0.00298886 0.01205989 0.05643909
v 0.00009801 0.01659936 0.04935672
v 0.00009795 0.02142885 0.04257727
v 0.00522248 0.01787067 0.04707015
v 0.01446152 0.01683962 0.04471763
v 0.01002453 0.01752360 0.04619354
v 0.01591857 0.00756093 0.05986082
v 0.01829457 -0.00088378 0.07555591
v 0.01634298 -0.00129508 0.07843667
v 0.01502918 0.00290861 0.06991095
v 0.01402038 -0.00166995 0.08108941
v 0.01276988 0.00259625 0.07196566
v 0.01123958 -0.00199679 0.08341312
v 0.01014985 0.00231681 0.07374983
v 0.01169175 0.00719803 0.06308206
v 0.01391810 0.00738337 0.06156246
v 0.00577043 0.01210873 0.05601669
v 0.00793163 -0.00226452 0.08524834
v 0.00711919 0.00208252 0.07515380
v 0.00640070 0.00685903 0.06539565
v 0.00919728 0.00701894 0.06438212
v 0.00837438 0.01214742 0.05535101
v 0.01077917 0.01216596 0.05447742
v 0.01300506 0.01215190 0.05342555
v 0.01060499 0.01930573 -0.02503169
v 0.02214964 0.01102822 -0.01566692
v 0.02445936 0.00416462 0.00739207
v 0.02448801 0.00400456 0.00750516
v 0.02451315 0.00389315 0.00772763
v 0.02451427 0.00388965 0.00774397
v 0.02452251 0.00389264 0.00798530
v 0.02451567 0.00398056 0.00818064
v 0.02449837 0.00411544 0.00829968
v 0.02446213 0.00435196 0.00835761
v 0.01849303 0.00798576 0.05259578
v 0.02574236 -0.00203972 0.01429723
v 0.02609522 -0.00213781 0.01990334
v 0.02564643 -0.00145659 0.03077478
v 0.02534516 -0.00015493 0.02888784
v 0.02609977 -0.00199599 0.02536146
v 0.02473924 0.00238129 0.02518851
v 0.02768136 -0.00794334 0.03305224
v 0.02780447 -0.00881598 0.03697600
v 0.02728375 -0.00793550 0.03942707
v 0.02770447 -0.00930086 0.04093935
v 0.02699349 -0.00566453 0.02424358
v 0.02702467 -0.00558808 0.03023520
v 0.02650750 -0.00511486 0.03599059
v 0.02756085 -0.00743098 0.03131365
v 0.01911046 0.00516818 0.05331065
v 0.01905480 0.00705116 0.05332217
v 0.01926892 0.00691153 0.05316571
v 0.01879522 0.00645049 0.05332493
v 0.01894906 0.00713780 0.05335715
v 0.01944304 0.00686075 0.05288212
v 0.01942134 0.00483294 0.05297785
v 0.01928951 0.00495565 0.05317514
v 0.01949688 0.00696198 0.05251789
v 0.01949688 0.00491319 0.05251789
v 0.01949893 0.00489700 0.05254644
v 0.01948494 0.00481731 0.05277774
v 0.01946624 0.00481304 0.05285702
v 0.01884845 0.00723120 0.05336494
v 0.01875602 0.00732883 0.05334570
v 0.01870834 0.00656696 0.05328432
v 0.01867470 0.00742883 0.05329962
v 0.01860719 0.00752921 0.05322744
v 0.01855613 0.00762690 0.05313158
v 0.01910253 0.00846644 0.04638682
v 0.01897953 0.01195198 0.03919871
v 0.01898012 0.01101376 0.04138416
v 0.00971316 0.02009363 -0.03368801
v 0.01162870 0.01959419 -0.03327047
v 0.01056401 0.01818713 -0.04152772
v 0.01274119 0.01767066 -0.04082336
v 0.01362509 0.01737140 -0.04039637
v 0.01336053 0.01887953 -0.03263677
v 0.01465648 0.01693463 -0.03975094
v 0.01485839 0.01800464 -0.03180328
v 0.01598448 0.01618504 -0.03859391
v 0.01615332 0.01703606 -0.03082737
v 0.01823878 0.01438971 -0.03566519
v 0.01855498 0.01504946 -0.02866179
v 0.01986993 0.01308389 -0.03339324
v 0.02122075 0.01200422 -0.03129511
v 0.02073020 0.01314729 -0.02612530
v 0.02205493 0.01131054 -0.02978688
v 0.02584162 0.00755353 -0.01619274
v 0.02483159 0.00901417 -0.01578907
v 0.02487607 0.00865348 -0.02173712
v 0.02387995 0.01006437 -0.01959891
v 0.02374410 0.00978678 -0.02577631
v 0.02251935 0.01145037 -0.02309206
v 0.02338781 0.01012359 -0.02676924
v 0.01060866 0.00212567 -0.05542355
v 0.01320936 0.00255955 -0.05402962
v 0.01352479 -0.00107890 -0.05562947
v 0.01060864 0.00411743 -0.05434036
v 0.01060864 0.00612026 -0.05313727
v 0.01289543 0.00604816 -0.05216623
v 0.02687487 0.00579025 -0.00534302
v 0.01060871 -0.00698269 -0.05921421
v 0.01692130 -0.00126836 -0.05339321
v 0.01981851 -0.00157325 -0.05056513
v 0.02222416 -0.00193883 -0.04729310
v 0.02421915 -0.00230482 -0.04374596
v 0.02576705 -0.00266819 -0.03996497
v 0.02749196 -0.00335715 -0.03190644
v 0.02684766 -0.00302276 -0.03599821
v 0.02793243 -0.00393788 -0.02355821
v 0.02815362 -0.00440956 -0.01512703
v 0.02766113 -0.00037587 -0.01442889
v 0.02711377 0.00330058 -0.01337226
v 0.02654377 0.00628793 -0.01249454
v 0.02523946 0.00796489 -0.02212338
v 0.02584084 0.00725898 -0.01889162
v 0.02653275 0.00430464 -0.02086685
v 0.02617773 0.00681614 -0.01643622
v 0.01060853 0.01537359 -0.04545747
v 0.01060849 0.01778351 -0.04237936
v 0.01375427 0.01695146 -0.04123370
v 0.01196613 0.01522392 -0.04495680
v 0.01060854 0.01408986 -0.04682282
v 0.01227320 0.01242627 -0.04763893
v 0.01060856 0.01273230 -0.04812220
v 0.01060869 -0.00223970 -0.05745652
v 0.01611670 0.00563478 -0.05018189
v 0.01879435 0.00500013 -0.04757001
v 0.02100066 0.00425646 -0.04452862
v 0.02291303 0.00352655 -0.04129022
v 0.02447791 0.00281508 -0.03784006
v 0.02565384 0.00213288 -0.03418446
v 0.02645358 0.00150155 -0.03036831
v 0.02485464 0.00751142 -0.02676300
v 0.02539288 0.00570957 -0.02814550
v 0.02383876 0.00847626 -0.03002926
v 0.02444684 0.00658278 -0.03161429
v 0.02253013 0.00955730 -0.03308903
v 0.02318105 0.00754803 -0.03489105
v 0.01916420 0.01195513 -0.03859264
v 0.02160218 0.00857527 -0.03794747
v 0.01977630 0.00965169 -0.04082201
v 0.01060860 0.00973409 -0.05062579
v 0.01258297 0.00935327 -0.05003457
v 0.01532401 0.01175732 -0.04594824
v 0.01493365 0.01441816 -0.04342587
v 0.01571836 0.00881553 -0.04819297
v 0.01777784 0.01077456 -0.04358992
v 0.01727346 0.01326047 -0.04120754
v 0.01828477 0.00800794 -0.04570393
v 0.02725468 0.00044102 -0.02247670
v 0.01457466 0.01661195 -0.04074110
v 0.01617575 0.01572641 -0.03939758
v 0.01849777 0.01388144 -0.03640665
v 0.02155935 0.01143667 -0.03192812
v 0.02375896 0.00949462 -0.02728592
v -0.01907423 0.01688159 0.03852110
v -0.01920813 0.01681329 0.03833410
v -0.01924350 0.01680657 0.03845837
v -0.01927522 0.01678789 0.03858531
v -0.01905243 0.01687311 0.03891341
v -0.01892039 0.01689671 0.03883676
v -0.01896366 0.01690470 0.03872815
v -0.01900554 0.01689609 0.03881906
v -0.01914355 0.01678654 0.03910133
v -0.01951462 0.01657772 0.03861956
v -0.01944947 0.01652797 0.03891050
v -0.01909998 0.01683657 0.03900848
v -0.01953339 0.01660430 0.03831863
v -0.01950964 0.01660986 0.03807953
v -0.01940078 0.01659646 0.03772620
v -0.01917196 0.01680733 0.03821277
v -0.01914024 0.01679089 0.03809849
v -0.01904012 0.01687510 0.03841575
v -0.01901655 0.01685450 0.03831703
v -0.01895886 0.01687079 0.03844154
v -0.01896162 0.01687030 0.03843511
v -0.01896977 0.01688278 0.03847831
v -0.01896987 0.01686863 0.03841614
v -0.01878539 0.01665735 0.03927815
v -0.01880143 0.01676283 0.03904926
v -0.01880391 0.01677755 0.03907632
v -0.01881777 0.01680596 0.03892977
v -0.01882100 0.01682051 0.03895913
v -0.01881926 0.01680883 0.03892077
v -0.01884545 0.01685431 0.03883943
v -0.01887157 0.01686231 0.03868783
v -0.01887832 0.01687684 0.03871810
v -0.01887309 0.01686302 0.03868257
v -0.01891994 0.01688652 0.03859697
v -0.01891127 0.01687312 0.03856363
v -0.01891337 0.01687332 0.03855771
v -0.01882435 0.01679878 0.03913522
v -0.01879327 0.01657373 0.03955414
v -0.01879321 0.01668563 0.03932790
v -0.01878804 0.01656760 0.03954295
v -0.01878241 0.01657853 0.03942548
v -0.01878192 0.01653872 0.03949686
v -0.01882203 0.01670240 0.03937612
v -0.01881611 0.01658796 0.03958426
v -0.01880531 0.01658257 0.03957199
v -0.01884386 0.01659734 0.03960920
v -0.01886396 0.01670863 0.03942177
v -0.01884155 0.01680350 0.03916412
v -0.01891513 0.01670712 0.03946799
v -0.01890789 0.01660794 0.03965183
v -0.01890594 0.01660776 0.03965072
v -0.01901500 0.01660284 0.03969760
v -0.01897110 0.01660877 0.03968267
v -0.01902178 0.01667803 0.03954971
v -0.01899092 0.01677152 0.03934326
v -0.01902811 0.01659958 0.03970065
v -0.01907095 0.01664536 0.03957819
v -0.01905288 0.01659067 0.03970389
v -0.01909165 0.01669153 0.03944832
v -0.01904294 0.01673873 0.03939940
v -0.01915164 0.01663882 0.03942928
v -0.01932788 0.01660517 0.03907223
v -0.01893614 0.01679288 0.03928310
v -0.01888454 0.01680354 0.03922246
v -0.01892917 0.01687079 0.03902004
v -0.01884256 0.01684058 0.03902370
v -0.01886003 0.01684440 0.03905586
v -0.01886828 0.01687316 0.03891060
v -0.01888820 0.01688787 0.03875720
v -0.01885444 0.01686592 0.03887485
v -0.01882921 0.01683264 0.03899138
v -0.01881143 0.01679015 0.03910590
v -0.01888597 0.01687610 0.03894649
v -0.01890254 0.01689448 0.03879682
v -0.01893087 0.01689695 0.03864007
v -0.01898190 0.01689256 0.03852564
v -0.01897979 0.01685232 0.03909679
v -0.01903274 0.01682115 0.03917402
v -0.01910791 0.01655023 0.03969292
v -0.01984020 0.01621083 0.03707516
v -0.02113853 0.01480891 0.03465967
v -0.02160475 0.01446475 0.03466310
v -0.02069872 0.01542615 0.03705371
v -0.02291162 0.01248443 0.03045963
v -0.02322431 0.01228870 0.03074147
v -0.02336565 0.01204341 0.03109468
v -0.02225074 0.01358225 0.03386281
v -0.01910968 0.01299045 0.04610961
v -0.01917715 0.01300337 0.04609645
v -0.01956603 0.00932170 0.05240088
v -0.01903684 0.01296277 0.04611356
v -0.01892340 0.01288848 0.04609343
v -0.01889998 0.01285207 0.04606983
v -0.01889479 0.01281715 0.04603927
v -0.01914764 0.01516622 0.04219485
v -0.01923168 0.01299847 0.04607482
v -0.01923704 0.01344772 0.04523866
v -0.01913575 0.01105912 0.04932503
v -0.01920014 0.01110675 0.04931261
v -0.01944785 0.00926416 0.05248626
v -0.01930156 0.00903550 0.05251740
v -0.01907525 0.01079293 0.04949903
v -0.01931256 0.00910640 0.05254535
v -0.01906655 0.01096532 0.04930671
v -0.01933044 0.00914373 0.05254635
v -0.01908957 0.01101048 0.04932347
v -0.01934245 0.00916188 0.05254317
v -0.01937496 0.00920092 0.05252915
v -0.01967658 0.00930725 0.05230346
v -0.01958962 0.00932530 0.05238172
v -0.01957235 0.00932299 0.05239583
v -0.01922125 0.00904181 0.05320406
v -0.01931374 0.00904361 0.05307040
v -0.01944396 0.00906184 0.05310307
v -0.01925173 0.00903689 0.05350029
v -0.01889812 0.00915918 0.05373809
v -0.01890418 0.00917926 0.05368567
v -0.01951937 0.00901997 0.05312435
v -0.01967740 0.00915991 0.05258743
v -0.01898518 0.00910555 0.05340412
v -0.01885836 0.00916617 0.05345855
v -0.01894170 0.00907705 0.05334409
v -0.01882540 0.00913432 0.05338471
v -0.01890548 0.00904171 0.05330333
v -0.01880212 0.00910688 0.05334627
v -0.01879570 0.00909836 0.05333798
v -0.01889187 0.00902246 0.05329228
v -0.01877561 0.00906811 0.05332046
v -0.01888138 0.00900233 0.05328745
v -0.01876898 0.00905664 0.05331799
v -0.01911715 0.00898192 0.05314919
v -0.01910894 0.00906329 0.05331729
v -0.01899238 0.00896487 0.05322578
v -0.01909454 0.00894540 0.05313876
v -0.01900157 0.00898408 0.05322981
v -0.01910305 0.00896402 0.05314242
v -0.01901534 0.00900248 0.05323864
v -0.01905617 0.00903626 0.05327062
v -0.01930640 0.00903710 0.05266305
v -0.01932882 0.00908514 0.05266715
v -0.01928547 0.00899343 0.05278862
v -0.01930779 0.00903627 0.05279313
v -0.01924376 0.00896158 0.05291328
v -0.01935543 0.00907860 0.05278859
v -0.01926614 0.00900054 0.05291922
v -0.01918836 0.00896321 0.05303559
v -0.01918021 0.00894453 0.05303220
v -0.01951235 0.00921389 0.05259744
v -0.01949534 0.00914276 0.05275895
v -0.01944017 0.00917977 0.05263049
v -0.01942201 0.00911632 0.05277631
v -0.01958035 0.00922936 0.05256167
v -0.01961791 0.00914104 0.05271933
v -0.01945278 0.00909026 0.05292458
v -0.01938042 0.00906958 0.05292494
v -0.01924951 0.00901545 0.05305354
v -0.01920271 0.00898134 0.05304027
v -0.01920827 0.00907890 0.05342022
v -0.01890129 0.00919046 0.05361843
v -0.01916313 0.00907885 0.05337008
v -0.01888515 0.00918574 0.05354010
v -0.01947969 0.00905153 0.05311133
v -0.01890175 0.00919029 0.05362205
v -0.01928381 0.00894829 0.05277615
v -0.01924960 0.00892305 0.05288666
v -0.01917706 0.00890435 0.05302779
v -0.01907767 0.00890590 0.05315039
v -0.01956302 0.00915180 0.05273932
v -0.01951826 0.00909452 0.05292206
v -0.01885504 0.00896223 0.05329610
v -0.01874557 0.00901055 0.05332155
v -0.01832703 0.00960856 0.05353504
v -0.01842368 0.00954866 0.05336747
v -0.01861991 0.00934187 0.05347014
v -0.01861507 0.00930656 0.05338748
v -0.01832643 0.00969700 0.05307018
v -0.01834171 0.00963381 0.05299264
v -0.01844169 0.00945231 0.05320670
v -0.01870884 0.00925131 0.05379415
v -0.01858658 0.00937934 0.05365143
v -0.01835354 0.00948705 0.05376411
v -0.01807593 0.00976058 0.05356191
v -0.01873927 0.00927740 0.05365244
v -0.01823016 0.00994355 0.05286027
v -0.01829502 0.00980251 0.05272999
v -0.01867303 0.00915495 0.05332541
v -0.01868813 0.00917604 0.05334205
v -0.01859520 0.00926442 0.05332381
v -0.01871419 0.00921498 0.05339706
v -0.01873301 0.00924726 0.05347546
v -0.01865675 0.00913290 0.05331585
v -0.01857999 0.00924170 0.05330078
v -0.01856168 0.00921811 0.05328339
v -0.01851386 0.00935804 0.05327962
v -0.01848279 0.00930763 0.05322317
v -0.01844646 0.00924471 0.05318778
v -0.01850197 0.00918288 0.05324778
v -0.01851736 0.00916798 0.05326018
v -0.01858288 0.00911228 0.05329826
v -0.01867042 0.00905237 0.05332110
v -0.01829743 0.00964683 0.05259208
v -0.01833062 0.00947168 0.05288142
v -0.01838386 0.00933910 0.05307425
v -0.01841913 0.00939679 0.05313782
v -0.01789540 0.01013645 0.05305954
v -0.01808912 0.01005515 0.05297106
v -0.01829013 0.00975384 0.05314739
v -0.01844381 0.00950384 0.05328393
v -0.01759932 0.01261890 0.04886991
v -0.01742391 0.01511562 0.04468614
v -0.01779400 0.01253388 0.04878339
v -0.01761804 0.01502491 0.04459968
v -0.01793622 0.01242079 0.04867481
v -0.01775969 0.01490923 0.04449238
v -0.01800381 0.01227937 0.04854525
v -0.01782874 0.01476694 0.04436330
v -0.01801107 0.01212281 0.04840562
v -0.01784044 0.01460899 0.04422187
v -0.01738078 0.01642844 0.04249551
v -0.01736655 0.01774545 0.04030833
v -0.01757719 0.01633434 0.04240290
v -0.01756215 0.01764989 0.04021083
v -0.01771847 0.01621596 0.04228915
v -0.01770365 0.01753224 0.04009353
v -0.01778505 0.01607131 0.04215293
v -0.01777089 0.01738932 0.03995395
v -0.01779563 0.01591082 0.04200773
v -0.01778189 0.01724295 0.03981259
v -0.01735443 0.01785704 0.04013780
v -0.01724674 0.01814237 0.03979299
v -0.01758979 0.01799277 0.03950188
v -0.01716316 0.01850970 0.03917147
v -0.01740839 0.01825560 0.03929836
v -0.01693961 0.01847712 0.03959657
v -0.01766232 0.01790521 0.03931156
v -0.01769209 0.01779249 0.03910586
v -0.01722518 0.01841534 0.03870756
v -0.01750751 0.01810951 0.03886071
v -0.01767112 0.01784286 0.03906056
v -0.01552668 0.01997143 0.03801447
v -0.01372561 0.02156456 0.03776390
v -0.01376436 0.02147457 0.03730778
v -0.01590885 0.01943285 0.03916381
v -0.01351467 0.02148672 0.03817370
v -0.01050329 0.02268182 0.03831472
v -0.01047452 0.02261256 0.03785079
v -0.01217775 0.02232502 0.03780391
v -0.01136310 0.02243411 0.03758088
v -0.01175220 0.02234966 0.03745299
v -0.01180500 0.02233810 0.03743661
v -0.01288515 0.02200362 0.03719572
v -0.01300493 0.02201993 0.03765953
v -0.00704492 0.02319489 0.03908919
v -0.00831402 0.02296780 0.03838845
v -0.00941439 0.02280014 0.03813467
v -0.00120923 0.02351061 0.03920853
v -0.00481463 0.02334013 0.03895057
v -0.00349256 0.02348628 0.03952941
v -0.00405713 0.02326109 0.03985934
v -0.01074922 0.02244698 0.03863914
v -0.00927648 0.02270314 0.03902566
v -0.00762627 0.02293473 0.03937227
v -0.01316650 0.02171877 0.03810239
v -0.01223815 0.02212080 0.03818578
v -0.02663358 0.00620693 0.00182424
v -0.02692144 0.00543530 0.00182647
v -0.02693469 0.00541696 0.00220230
v -0.02423263 0.00435196 0.00735699
v -0.02288344 0.00624702 0.00735701
v -0.02322254 0.00622594 0.00735700
v -0.02416108 0.00480392 0.00735700
v -0.01894357 0.01653187 0.03713975
v -0.01878382 0.01646659 0.03919849
v -0.01881481 0.01641166 0.03754754
v -0.01895801 0.01636848 0.03642497
v -0.01890340 0.01652292 0.03724776
v -0.01904546 0.01634414 0.03622090
v -0.01913420 0.01645749 0.03672421
v -0.01903435 0.01651368 0.03692673
v -0.01900121 0.01636163 0.03632207
v -0.01886776 0.01650009 0.03735412
v -0.01898744 0.01652826 0.03703232
v -0.02616947 0.00736516 0.02163085
v -0.02496872 0.00949703 0.02625272
v -0.02506873 0.00936055 0.02507199
v -0.02330293 0.01217254 0.03052776
v -0.02641369 0.00696131 0.01951787
v -0.02652366 0.00668975 0.01991737
v -0.02538780 0.00865217 0.02271441
v -0.02621343 0.00721913 0.01914016
v -0.02388450 0.01105847 0.02773454
v -0.02482244 0.00958202 0.02474011
v -0.02724829 0.00503719 0.01087283
v -0.02687039 0.00586846 0.00868426
v -0.02702846 0.00566069 0.01664093
v -0.02690756 0.00581729 0.01004580
v -0.02693597 0.00580333 0.01221890
v -0.02723759 0.00516718 0.01392207
v -0.02682884 0.00604827 0.01475116
v -0.02712296 0.00545097 0.01570668
v -0.02658934 0.00651984 0.01691224
v -0.02650281 0.00668419 0.01749511
v -0.01778263 0.01716706 0.03946012
v -0.01550531 0.01602158 0.03785807
v -0.01639082 0.01521163 0.03820695
v -0.00941261 -0.01254550 0.10763949
v -0.00671456 -0.01254553 0.10884015
v -0.00511971 -0.01254552 0.10933319
v -0.00385614 -0.01254552 0.10962039
v -0.00094557 -0.01254555 0.10996611
v -0.00182206 0.01412364 -0.04406412
v -0.00086745 0.01412740 -0.04407896
v -0.00182210 0.01643486 -0.04119798
v -0.00182191 -0.00491271 -0.05705651
v -0.00182190 -0.00681832 -0.05777554
v -0.00182193 -0.00046684 -0.05507981
v -0.00086677 -0.00046293 -0.05513786
v -0.00182197 0.00476559 -0.05209755
v -0.00086712 0.00575971 -0.05147972
v -0.00182198 0.00575424 -0.05143667
v -0.00086732 0.01150140 -0.04681399
v -0.00182204 0.01257011 -0.04573442
v -0.00182204 0.01149706 -0.04679129
v -0.00182200 0.00762691 -0.05008416
v -0.00182215 0.01781399 -0.03535328
v -0.00182221 0.01870595 -0.02967155
v -0.00182226 0.01883898 -0.02846011
v -0.00361762 -0.01234110 0.11249714
v -0.00052392 -0.01223957 0.11278173
v -0.00547465 -0.01243163 0.11212958
v -0.00659057 -0.01249262 0.11182725
v -0.00925063 -0.01263211 0.11084105
v -0.00995420 -0.01266365 0.11051249
v -0.01424972 -0.01276305 0.10779302
v -0.01178074 -0.01273088 0.10950962
v -0.01063582 -0.01269149 0.11016407
v -0.01519257 -0.01275246 0.10701517
v -0.01665976 -0.01272116 0.10563523
v -0.01873751 -0.01265161 0.10324894
v -0.02076720 -0.01255499 0.10029618
v -0.02206936 -0.01247585 0.09797123
v -0.02252888 -0.01244820 0.09704264
v -0.02400239 -0.01239101 0.09351390
v -0.02444596 -0.01239319 0.09221742
v -0.02515740 -0.01243606 0.08975545
v -0.02555893 -0.01249138 0.08807556
v -0.02597871 -0.01259647 0.08583354
v -0.02678450 -0.01270597 0.08035111
v -0.02706282 -0.01272325 0.07811140
v -0.02810221 -0.01277171 0.06849145
v -0.03031563 -0.01285161 0.04019056
v -0.03007962 -0.01284401 0.04430931
v -0.02955695 -0.01282815 0.05150430
v -0.02951614 -0.01282671 0.05205904
v -0.03035864 -0.01285331 0.03895338
v -0.03034328 -0.01285915 0.03415661
v -0.02992726 -0.01286790 0.02851657
v -0.02845281 -0.01289522 0.01714636
v -0.02842060 -0.01289456 0.01689288
v -0.02294908 0.00609194 0.01031714
v -0.02329749 0.00609131 0.00990360
v -0.02290697 0.00619415 0.00835701
v -0.02325166 0.00617309 0.00835701
v -0.02317344 0.00853447 0.01050447
v -0.01066028 -0.01254556 0.10690803
v -0.02236045 -0.01169346 0.08936700
v -0.02134158 -0.01183655 0.09264020
v -0.02250776 -0.01167154 0.08878030
v -0.01125464 -0.01252091 0.10651612
v -0.01794078 -0.01215251 0.09951627
v -0.01731643 -0.01219642 0.10043481
v -0.01358862 -0.01241408 0.10467205
v -0.01452230 -0.01236567 0.10377941
v -0.01585622 -0.01228985 0.10232205
v -0.02044268 -0.01193757 0.09487896
v -0.01979012 -0.01200134 0.09627300
v -0.01822932 -0.01213122 0.09906557
v -0.00429744 0.01638973 -0.04114014
v -0.00335154 0.01256785 -0.04567554
v -0.00327101 0.00762228 -0.04999056
v -0.00322982 0.00475944 -0.05198949
v -0.00319427 0.00178672 -0.05376998
v -0.00313659 -0.00491322 -0.05691840
v -0.00316251 -0.00151927 -0.05545683
v -0.00466226 0.00761418 -0.04986825
v -0.00742060 0.00754271 -0.04949665
v -0.00740124 0.00610608 -0.05050512
v -0.00461745 0.00475084 -0.05184695
v -0.00739497 0.00561997 -0.05082909
v -0.00457776 0.00177901 -0.05360963
v -0.00727270 -0.00681834 -0.05687728
v -0.00591829 -0.00681833 -0.05717982
v -0.00731408 -0.00190589 -0.05493274
v -0.00450957 -0.00491266 -0.05672693
v -0.00732670 -0.00054351 -0.05430129
v -0.00454099 -0.00152301 -0.05527935
v -0.00734972 0.00172946 -0.05314654
v -0.00735568 0.00228221 -0.05284495
v -0.00748010 0.01622311 -0.04091989
v -0.00749810 0.01499176 -0.04254229
v -0.00476932 0.01460449 -0.04337722
v -0.00750008 0.01396609 -0.04374891
v -0.00474787 0.01255972 -0.04559606
v -0.00748939 0.01254998 -0.04524246
v -0.00744834 0.00954388 -0.04794838
v -0.01243680 0.01513010 -0.03932087
v -0.01252828 0.01468949 -0.03990635
v -0.01090275 0.01562878 -0.04008828
v -0.01033674 0.01361525 -0.04309373
v -0.00863584 0.01608214 -0.04073257
v -0.01056105 0.01103671 -0.04559868
v -0.01094480 0.00538758 -0.04975165
v -0.01128243 -0.00066964 -0.05294237
v -0.01159351 -0.00681833 -0.05526952
v -0.01012972 -0.00681833 -0.05594260
v -0.01475280 -0.00092062 -0.05078670
v -0.01488351 -0.00204417 -0.05121944
v -0.01280717 -0.00681834 -0.05459791
v -0.01541976 -0.00681834 -0.05275080
v -0.01434947 0.00243555 -0.04930425
v -0.01333152 0.00999111 -0.04458902
v -0.01383210 0.00646953 -0.04707120
v -0.01403097 0.00496091 -0.04797176
v -0.01291480 0.01258368 -0.04229535
v -0.01763658 -0.00681833 -0.05063435
v -0.01651106 -0.00058246 -0.04885913
v -0.01831939 -0.00092729 -0.04664948
v -0.01556165 0.00532506 -0.04602222
v -0.01316326 0.01477526 -0.03873337
v -0.02367630 0.00549709 -0.00624038
v -0.02377363 0.00536212 -0.00320263
v -0.02434454 0.00149235 -0.00320259
v -0.02339506 0.00586713 -0.01233508
v -0.02382626 0.00341026 -0.01441755
v -0.02334398 0.00414382 -0.02033696
v -0.02297498 0.00641142 -0.01685809
v -0.02253892 0.00507501 -0.02607998
v -0.02175008 0.00771881 -0.02356464
v -0.02229846 0.00716463 -0.02112563
v -0.02115174 0.00630153 -0.03141185
v -0.01899051 0.00781332 -0.03616849
v -0.01841722 0.00962106 -0.03439323
v -0.01905585 0.01015170 -0.03051146
v -0.02042121 0.00897438 -0.02765536
v -0.02143809 0.00802381 -0.02471162
v -0.01443451 0.01391767 -0.03727148
v -0.01731261 0.01154874 -0.03328726
v -0.01786912 0.01110892 -0.03246855
v -0.02280114 -0.00681834 -0.04216189
v -0.02244016 -0.00681833 -0.04304378
v -0.02134895 -0.00162302 -0.04151520
v -0.02131715 -0.00681834 -0.04537233
v -0.01963995 -0.00681834 -0.04810777
v -0.02389701 -0.00681834 -0.03877012
v -0.02332251 -0.00223248 -0.03585286
v -0.02429854 -0.00681833 -0.03702770
v -0.02462047 -0.00681834 -0.03516580
v -0.02428226 -0.00274840 -0.02970824
v -0.02498978 -0.00681833 -0.03139004
v -0.02499328 -0.00421878 -0.00320262
v -0.02522935 -0.00681834 -0.00320322
v -0.02483083 -0.00359684 -0.01638270
v -0.02519130 -0.00681834 -0.01680019
v -0.02461091 -0.00318839 -0.02312127
v -0.02511073 -0.00681833 -0.02456987
v -0.02502946 -0.00681834 -0.03060916
v -0.01603736 0.00244840 -0.04753893
v -0.01776577 0.00197462 -0.04541221
v -0.01721074 0.00472065 -0.04398452
v -0.02075565 0.00100471 -0.04044098
v -0.02016402 0.00347183 -0.03919014
v -0.02222916 0.00238875 -0.03394729
v -0.02340984 0.00147636 -0.02816951
v -0.02398958 0.00073049 -0.02195679
v -0.02434858 0.00009264 -0.01557137
v -0.02462572 -0.00077300 -0.00320263
v -0.01554943 0.01171143 -0.03856157
v -0.01609891 0.00962580 -0.04056489
v -0.01413031 0.01269628 -0.04031590
v -0.01460441 0.01048934 -0.04241350
v -0.02511414 -0.00194438 0.00876184
v -0.02596695 -0.00681833 0.01320726
v -0.02544762 -0.00681835 0.00764592
v -0.02493106 -0.00084656 0.00776006
v -0.02468710 -0.00089230 0.00202577
v -0.02395228 0.00510658 0.00202658
v -0.02492100 -0.00083911 0.00762239
v -0.02396331 0.00509069 0.00233464
v -0.02523310 -0.00681834 0.00202465
v -0.02390413 0.00517604 0.00068318
v -0.00710546 0.01754728 -0.03550247
v -0.00443508 0.01785070 -0.03481232
v -0.00663038 0.01850605 -0.02981048
v -0.00648887 0.01868718 -0.02828514
v -0.00205472 0.01883527 -0.02845751
v -0.01948051 0.01251712 0.03419635
v -0.01965280 0.01206602 0.03432601
v -0.02003291 0.01156935 0.03342013
v -0.02013437 0.01143645 0.03217024
v -0.02064455 0.01059018 0.03041773
v -0.02128452 0.00983363 0.02986015
v -0.02128488 0.00952213 0.02793168
v -0.02246494 0.00801320 0.02546813
v -0.02219865 0.00798292 0.02353910
v -0.02280882 0.00694134 0.01959349
v -0.02364552 0.00600481 0.01977799
v -0.02291741 0.00674975 0.01869066
v -0.01783923 0.01105107 0.04433165
v -0.01782668 0.01131877 0.04385245
v -0.01778273 0.01400278 0.03962293
v -0.01149131 0.01927915 0.03628304
v -0.01078270 0.01947684 0.03643199
v -0.01209945 0.01891886 0.03640728
v -0.00547029 0.02024917 0.03761473
v -0.02329888 -0.01141423 0.08482759
v -0.02413755 -0.01091362 0.07894831
v -0.02176098 -0.00555619 0.07101865
v -0.01911918 0.00370152 0.05594041
v -0.01882124 0.00528964 0.05334587
v -0.01881106 0.00530312 0.05334849
v -0.01995929 0.00004452 0.06206190
v -0.02102919 -0.00352505 0.06785841
v -0.01871092 0.00543726 0.05336072
v -0.01861383 0.00557260 0.05334712
v -0.01859978 0.00559290 0.05334272
v -0.01852377 0.00570738 0.05330566
v -0.01844549 0.00583845 0.05323507
v -0.01841879 0.00588842 0.05319909
v -0.01813968 0.00754623 0.05050926
v -0.01829794 0.00632470 0.05259834
v -0.02101573 0.01203535 0.02886371
v -0.02064492 0.01262216 0.03033867
v -0.01980851 0.01390709 0.03326955
v -0.02138900 0.01143547 0.02725423
v -0.02201615 0.01040967 0.02418576
v -0.02273220 0.00921655 0.01967604
v -0.02298003 0.00880217 0.01744936
v -0.02302306 0.00651476 0.01735719
v -0.02307605 0.00864336 0.01629172
v -0.02320268 0.00845045 0.01315997
v -0.02304018 0.00613275 0.01358218
v -0.02314373 0.00605626 0.01110457
v -0.02330663 0.00607491 0.01376630
v -0.02310785 0.00624665 0.01528426
v -0.02308178 0.00646384 0.01717438
v -0.02396119 0.00539780 0.01776690
v -0.02419184 0.00492624 0.01566992
v -0.02422951 0.00484378 0.01517468
v -0.02428401 0.00471696 0.01419391
v -0.02431462 0.00461600 0.01230803
v -0.02420066 0.00474660 0.00835699
v -0.00938340 0.01733733 -0.03432039
v -0.00867268 0.01835137 -0.02804837
v -0.00967638 0.01807421 -0.02789104
v -0.01153044 0.01664893 -0.03377710
v -0.01053671 0.01770275 -0.02830324
v -0.01042756 0.01778687 -0.02773508
v -0.02307089 0.00650043 0.00216370
v -0.02303258 0.00656964 0.00085422
v -0.02264490 0.00681231 -0.00343601
v -0.02289791 0.00681239 -0.00373845
v -0.02141482 0.00857712 -0.01609157
v -0.02128421 0.00871691 -0.01654800
v -0.02119200 0.00843776 -0.01554069
v -0.02053547 0.00931495 -0.01819655
v -0.02034706 0.00933429 -0.01820221
v -0.01973079 0.01014579 -0.02001338
v -0.01920626 0.01050671 -0.02064413
v -0.01908829 0.01075858 -0.02110082
v -0.01790825 0.01185813 -0.02269966
v -0.02089058 0.00912896 -0.01774566
v -0.02045752 0.00956980 -0.01882535
v -0.01951414 0.01050178 -0.02063632
v -0.01819130 0.01176138 -0.02256761
v -0.01772145 0.01219750 -0.02312631
v -0.01655816 0.01325009 -0.02429966
v -0.02281596 0.00695787 -0.00587847
v -0.01247525 0.01616552 -0.03305214
v -0.01346278 0.01548913 -0.03220929
v -0.01553789 0.01379697 -0.03013573
v -0.01753215 0.01211458 -0.02789608
v -0.02059700 0.00925266 -0.02234548
v -0.02231487 0.00741022 -0.01552606
v -0.02172450 0.00824203 -0.01483400
v -0.02230303 0.00759027 -0.01146525
v -0.02161438 0.00819797 -0.01903882
v -0.01923447 0.01057906 -0.02532142
v -0.01488478 0.01469776 -0.02558736
v -0.01257577 0.01651039 -0.02693414
v -0.01096599 0.01752282 -0.02758805
v -0.01239943 0.01663467 -0.02702068
v -0.00629621 0.01894102 -0.02546787
v -0.02149446 0.00878263 -0.01415656
v -0.02122391 0.00905911 -0.01529659
v -0.02125215 0.00960823 -0.01508087
v -0.02223840 0.00801758 -0.00948740
v -0.02218815 0.00737030 -0.00957470
v -0.02145563 0.00815405 -0.01436871
v -0.02270084 0.00746891 -0.00350377
v -0.02228252 0.00858965 -0.00941021
v -0.02275027 0.00804917 -0.00356365
v -0.02237547 0.00980296 -0.00924642
v -0.02285511 0.00927970 -0.00369059
v -0.02152863 0.00933815 -0.01396907
v -0.02131204 0.01077269 -0.01462344
v -0.02194308 0.01020726 -0.01197678
v -0.02273428 0.00708447 -0.00734942
v -0.00823930 0.01874333 -0.02530025
v -0.00929060 0.01852452 -0.02509677
v -0.01008371 0.01829714 -0.02489738
v -0.01197793 0.01753888 -0.02429841
v -0.01432859 0.01620829 -0.02326102
v -0.01640056 0.01474278 -0.02192340
v -0.02057735 0.01140648 -0.01657651
v -0.01958062 0.01223829 -0.01843682
v -0.02044544 0.01151797 -0.01686253
v -0.01793125 0.01356749 -0.02055132
v -0.01838203 0.01321054 -0.02005466
v -0.01930660 0.01246330 -0.01885307
v -0.02602769 0.00704489 -0.01235015
v -0.02525320 0.00832292 0.00689756
v -0.02630558 0.00667502 -0.00748080
v -0.02637863 0.00657215 -0.00548917
v -0.02913933 -0.00287358 0.02112788
v -0.02972356 -0.00645879 0.03881514
v -0.03025367 -0.00685141 0.03247763
v -0.03003725 -0.00752635 0.04004685
v -0.03022587 -0.00706151 0.02606045
v -0.02833030 -0.00313956 0.00977843
v -0.02971373 -0.00715573 0.01964080
v -0.02805014 -0.00146695 0.00829690
v -0.02929062 -0.00484938 0.03677195
v -0.02858647 -0.00190804 0.03261784
v -0.02911624 -0.00257916 0.02693490
v -0.02833979 -0.00082727 0.03102506
v -0.02755524 0.00252224 0.02611009
v -0.02876904 -0.00292309 0.01528316
v -0.02829077 -0.00299106 0.00947637
v -0.02837809 -0.00873927 0.00181571
v -0.02735530 0.00211460 0.00182409
v -0.02775066 -0.00140135 0.00182116
v -0.02810154 -0.00511845 0.00181821
v -0.01104743 -0.01010469 -0.05990070
v -0.02858840 -0.01008047 -0.02816860
v -0.02850020 -0.01009603 -0.02107442
v -0.02848978 -0.01011732 -0.01271570
v -0.02742983 -0.01006682 -0.04028460
v -0.02843101 -0.01007121 -0.03428441
v -0.02569254 -0.01006692 -0.04530314
v -0.02295350 -0.01007160 -0.05019197
v -0.01941793 -0.01008159 -0.05437652
v -0.01537118 -0.01009339 -0.05761353
v -0.01351961 -0.00873873 -0.05832871
v -0.01526394 -0.00873877 -0.05729089
v -0.01900652 -0.00873889 -0.05433558
v -0.01753056 -0.00873884 -0.05563702
v -0.01640658 -0.00873880 -0.05650438
v -0.02332528 -0.00873912 -0.04904392
v -0.02274990 -0.00873909 -0.04991733
v -0.02130937 -0.00873901 -0.05184653
v -0.02064470 -0.00873898 -0.05263151
v -0.02506949 -0.00873920 -0.04589696
v -0.02646852 -0.00873928 -0.04248285
v -0.02719229 -0.00873933 -0.04007576
v -0.02838200 -0.00873943 -0.03106447
v -0.02830530 -0.00873942 -0.03279705
v -0.02810557 -0.00873941 -0.03510145
v -0.02747926 -0.00873935 -0.03888071
v -0.02836767 -0.00873942 -0.02141096
v -0.01224021 -0.00595338 0.09333512
v -0.00855455 -0.00621914 0.09565097
v -0.00765155 -0.00227148 0.08528793
v -0.00269130 0.01205445 0.05645566
v -0.01642531 0.01631981 0.04369192
v -0.00956092 -0.00980479 0.10621208
v -0.01169515 -0.00969815 0.10492105
v -0.01362185 -0.00957617 0.10339434
v -0.01686760 -0.00928981 0.09980574
v -0.01769455 -0.00523974 0.08704241
v -0.02377477 -0.00663953 0.08054002
v -0.02250034 -0.00370898 0.07556602
v -0.02130440 -0.00434865 0.07963365
v -0.02306047 -0.00816214 0.08687352
v -0.01967851 -0.00481186 0.08343750
v -0.01758591 0.00772181 0.05791854
v -0.01687380 0.01196376 0.05076881
v -0.01980305 -0.00043113 0.07237430
v -0.02185918 -0.00206292 0.07277195
v -0.01856249 0.00359214 0.06512573
v -0.02025547 0.00286828 0.06440736
v -0.01916314 0.00760124 0.05637927
v -0.01431765 0.01682532 0.04470110
v -0.00982957 0.01751941 0.04619940
v -0.00302522 0.00672215 0.06607077
v -0.00340047 0.00189632 0.07608716
v -0.00381950 -0.00247107 0.08645878
v -0.00428435 -0.00641271 0.09710138
v -0.00479683 -0.00996908 0.10794681
v -0.01058444 0.01216264 0.05448259
v -0.01374883 0.00738312 0.06154715
v -0.01149725 0.00719547 0.06308647
v -0.01486003 0.00291066 0.06988822
v -0.01257555 0.00259438 0.07196920
v -0.01492971 0.01208605 0.05218023
v -0.01576947 0.00756262 0.05982155
v -0.01684001 0.00324706 0.06759923
v -0.00724396 -0.00989534 0.10722570
v -0.01617424 -0.00129164 0.07840566
v -0.01525536 -0.00562365 0.09039003
v -0.01382621 -0.00167127 0.08109201
v -0.01100892 -0.00200170 0.08344126
v -0.00992163 0.00231179 0.07377300
v -0.00684700 0.00207558 0.07518582
v -0.00897100 0.00701426 0.06440083
v -0.00613526 0.00685285 0.06542075
v -0.00814959 0.01214359 0.05536580
v -0.00551065 0.01210409 0.05603556
v -0.00496738 0.01786858 0.04708356
v -0.02195262 0.01102821 -0.01566746
v -0.01040772 0.01930573 -0.02503197
v -0.02426571 0.00435195 0.00835699
v -0.02428816 0.00420950 0.00833797
v -0.02429823 0.00414141 0.00831232
v -0.02431189 0.00404171 0.00824662
v -0.02431736 0.00399711 0.00820079
v -0.02432538 0.00391336 0.00805496
v -0.02432003 0.00388379 0.00777892
v -0.02431784 0.00388968 0.00774329
v -0.02430000 0.00396259 0.00755972
v -0.02429303 0.00399707 0.00751314
v -0.02427139 0.00411508 0.00741512
v -0.01829773 0.00798577 0.05259530
v -0.02554603 -0.00203981 0.01429558
v -0.02589903 -0.00213789 0.01990053
v -0.02691530 -0.00681834 0.02266233
v -0.02760702 -0.00893457 0.03770192
v -0.02751667 -0.00809417 0.03362025
v -0.02682899 -0.00558829 0.03023085
v -0.02736579 -0.00743406 0.03132273
v -0.02720273 -0.00681835 0.02951035
v -0.02719843 -0.00681834 0.02863934
v -0.02679735 -0.00566456 0.02424044
v -0.02590396 -0.00199635 0.02535755
v -0.02579946 -0.00297663 0.03299216
v -0.02651291 -0.00589318 0.03699776
v -0.02454495 0.00237429 0.02519834
v -0.02750886 -0.00930085 0.04093864
v -0.01930156 0.00491320 0.05251740
v -0.01930156 0.00696199 0.05251740
v -0.01929080 0.00481808 0.05277118
v -0.01924699 0.00686062 0.05288370
v -0.01927033 0.00481306 0.05285874
v -0.01922674 0.00483249 0.05297580
v -0.01907116 0.00691281 0.05316783
v -0.01911153 0.00493706 0.05315538
v -0.01885566 0.00705412 0.05332341
v -0.01887981 0.00521321 0.05332613
v -0.01874943 0.00714162 0.05335755
v -0.01859501 0.00645679 0.05332294
v -0.01864852 0.00723581 0.05336417
v -0.01850816 0.00657392 0.05328054
v -0.01855604 0.00733417 0.05334344
v -0.01847495 0.00743487 0.05329554
v -0.01840800 0.00753576 0.05322133
v -0.01835783 0.00763379 0.05312337
v -0.01881659 0.01001546 0.04345391
v -0.01878388 0.01195200 0.03919823
v -0.01903010 0.00712692 0.04873752
v -0.00951344 0.02009715 -0.03366963
v -0.02463206 0.00901770 -0.01578652
v -0.02367998 0.01006804 -0.01959463
v -0.02231895 0.01145425 -0.02308574
v -0.02467889 0.00865348 -0.02173774
v -0.02564459 0.00755354 -0.01619340
v -0.02102333 0.01200423 -0.03129564
v -0.02185759 0.01131049 -0.02978733
v -0.02052952 0.01315136 -0.02611668
v -0.02319052 0.01012358 -0.02676983
v -0.02354681 0.00978679 -0.02577691
v -0.01835430 0.01505364 -0.02865067
v -0.01967222 0.01308409 -0.03339409
v -0.01595254 0.01704015 -0.03081349
v -0.01804125 0.01438971 -0.03566564
v -0.01465754 0.01800858 -0.03178794
v -0.01578687 0.01618504 -0.03859432
v -0.01445874 0.01693469 -0.03975138
v -0.01315980 0.01888329 -0.03262011
v -0.01342744 0.01737140 -0.04039670
v -0.01142837 0.01959782 -0.03325279
v -0.01254353 0.01767066 -0.04082368
v -0.01036633 0.01818713 -0.04152798
v -0.01707578 0.01326047 -0.04120798
v -0.01473592 0.01441815 -0.04342625
v -0.01512621 0.01175733 -0.04594862
v -0.01041074 0.01408986 -0.04682310
v -0.01041072 0.01226451 -0.04854327
v -0.01207536 0.01242628 -0.04763925
v -0.02773521 -0.00393789 -0.02355894
v -0.02662992 0.00586088 -0.00677234
v -0.02634683 0.00628793 -0.01249521
v -0.02691681 0.00330058 -0.01337297
v -0.02746414 -0.00037586 -0.01442962
v -0.02795660 -0.00440956 -0.01512777
v -0.02729453 -0.00335714 -0.03190714
v -0.02665012 -0.00302276 -0.03599890
v -0.02556941 -0.00266818 -0.03996563
v -0.02402140 -0.00230482 -0.04374658
v -0.02202633 -0.00193882 -0.04729367
v -0.01962060 -0.00157326 -0.05056564
v -0.01672332 -0.00126836 -0.05339365
v -0.01332677 -0.00107891 -0.05562980
v -0.01041061 -0.00359357 -0.05800292
v -0.01301137 0.00255955 -0.05402995
v -0.01041063 0.00087708 -0.05605052
v -0.01355662 0.01695147 -0.04123405
v -0.01041079 0.01778351 -0.04237962
v -0.01041078 0.01727169 -0.04309800
v -0.02598068 0.00681615 -0.01643687
v -0.02564373 0.00725899 -0.01889229
v -0.02633560 0.00430464 -0.02086755
v -0.02504227 0.00796490 -0.02212401
v -0.01176836 0.01522392 -0.04495709
v -0.01041075 0.01497947 -0.04589372
v -0.02519554 0.00570958 -0.02814615
v -0.02465733 0.00751142 -0.02676364
v -0.02424941 0.00658278 -0.03161491
v -0.02364137 0.00847627 -0.03002988
v -0.02298355 0.00754803 -0.03489164
v -0.02233266 0.00955731 -0.03308960
v -0.02140458 0.00857528 -0.03794802
v -0.01896659 0.01195513 -0.03859313
v -0.01957865 0.00965169 -0.04082251
v -0.01758011 0.01077456 -0.04359036
v -0.01808698 0.00800794 -0.04570439
v -0.02080290 0.00425645 -0.04452916
v -0.01041068 0.00895623 -0.05120832
v -0.01238507 0.00935327 -0.05003488
v -0.01552052 0.00881554 -0.04819337
v -0.01591880 0.00563479 -0.05018229
v -0.01859652 0.00500013 -0.04757047
v -0.02625618 0.00150155 -0.03036900
v -0.02545635 0.00213288 -0.03418512
v -0.02428032 0.00281509 -0.03784069
v -0.02271535 0.00352655 -0.04129080
v -0.01269748 0.00604816 -0.05216654
v -0.01041066 0.00498633 -0.05383348
v -0.02705748 0.00044102 -0.02247741
v -0.02356165 0.00949461 -0.02728651
v -0.02136191 0.01143668 -0.03192864
v -0.01830022 0.01388143 -0.03640711
v -0.01597814 0.01572642 -0.03939798
v -0.01437700 0.01661194 -0.04074147
v 0.00995646 0.01788958 -0.04251983
v 0.00758169 0.01854859 -0.04199883
v 0.00719914 0.01817274 -0.04289737
v 0.00356325 0.01870732 -0.04223217
v -0.00701084 0.01857547 -0.04203434
v -0.00660023 0.01819671 -0.04293138
v -0.00416009 0.01828944 -0.04305603
v -0.00993950 0.01825333 -0.04161961
v -0.00791082 0.01810040 -0.04280930
v 0.00621984 0.02043176 -0.03401766
v -0.00602236 0.02043176 -0.03401782
v -0.00661589 0.01441499 -0.04742927
v -0.00663164 -0.00279758 -0.05870570
v -0.00663084 -0.00185726 -0.05830863
v -0.00662075 0.00948783 -0.05174835
v -0.00662547 0.00432099 -0.05519398
v 0.00682348 0.00432100 -0.05519380
v 0.00682893 -0.00185726 -0.05830846
v 0.00682974 -0.00279757 -0.05870552
v 0.00681868 0.00948785 -0.05174816
v 0.00681372 0.01441500 -0.04742910
v 0.02727587 -0.00948275 0.04665802
v -0.02484103 -0.01355492 -0.03994915
v -0.02381753 -0.01358397 -0.04279932
v -0.02277010 -0.01360995 -0.04501193
v -0.02268007 -0.01361199 -0.04518036
v -0.02258507 -0.01361415 -0.04535501
v -0.02112447 -0.01364361 -0.04772586
v -0.01954679 -0.01366573 -0.04981250
v -0.01932095 -0.01366861 -0.05007799
v -0.01900516 -0.01367254 -0.05043687
v -0.01710514 -0.01369449 -0.05232797
v -0.01549725 -0.01371137 -0.05363858
v -0.01455577 -0.01372073 -0.05430679
v -0.01223503 -0.01374170 -0.05569467
v -0.00939859 -0.01375675 -0.05698510
v -0.00626877 -0.01375072 -0.05796145
v -0.01017237 -0.01375526 -0.05666940
v -0.00301184 -0.01375145 -0.05855114
v -0.00542054 -0.01374874 -0.05815482
v -0.02626000 -0.01343996 -0.03221422
v -0.02571199 -0.01350657 -0.03636433
v -0.02602800 -0.01347627 -0.03436689
v -0.02684609 -0.01309969 -0.00609212
v -0.02652542 -0.01328170 -0.01863954
v -0.02649249 -0.01334302 -0.02696925
v -0.02755768 -0.01293918 0.00995820
v -0.02720399 -0.01296098 0.00570839
v -0.02713881 -0.01296982 0.00459387
v -0.02706973 -0.01298816 0.00316867
v -0.01973947 -0.00681833 -0.04467712
v -0.01627359 -0.00681833 -0.04926018
v -0.01196131 -0.00681833 -0.05263882
v -0.00711124 -0.00681835 -0.05481696
v -0.00166527 -0.00681833 -0.05587282
v -0.02239736 0.00572141 0.05186731
v -0.02342502 0.00130941 0.05832816
v -0.02179897 0.00310010 0.06040715
v -0.02077694 0.00385373 0.06135286
v -0.02090862 0.01437293 0.03869870
v -0.02768670 -0.00712999 0.06030582
v -0.02455619 -0.00530537 0.07363912
v -0.02629660 -0.00727658 0.07141317
v -0.02809015 -0.01135266 0.07804482
v -0.02354403 -0.00441285 0.07469267
v -0.02777728 -0.00264453 0.04274641
v -0.02695478 0.00167150 0.03620549
v -0.02619498 0.00567999 0.02931867
v -0.02378801 0.01024467 0.03414713
v -0.01978399 0.01178073 0.04735126
v -0.02162425 0.01015242 0.04540716
v -0.02622797 -0.00272026 0.05386692
v -0.02517698 0.00175489 0.04748184
v -0.02446842 0.00618760 0.04102107
v -0.02892045 -0.00704327 0.04915042
v -0.02564319 -0.00681832 0.01724777
v -0.02575494 -0.00681833 0.01811961
v -0.02728300 -0.00943788 0.04424749
v -0.02517447 -0.01053188 0.06961109
v -0.02487845 -0.00681834 0.01122068
v 0.02613994 -0.01005783 0.06066519
v 0.02420820 0.00178098 0.03404757
v 0.02360158 -0.00219624 0.04932855
v 0.02579640 -0.00586532 0.04541901
v 0.02160121 0.00898118 0.03204291
v 0.02353343 0.00519711 0.02805478
v 0.01938370 0.01248708 0.03582180
v 0.02000210 0.00895373 0.04171041
v 0.02133287 0.00121338 0.05305623
v 0.02368881 -0.00654868 0.06448635
v 0.02517979 -0.01035065 0.07023326
v 0.02221172 0.00557890 0.03803033
v -0.02594364 -0.01005605 0.06066648
v -0.02498293 -0.01034800 0.07023548
v -0.02349194 -0.00654609 0.06448856
v -0.02113584 0.00121583 0.05305841
v -0.01918618 0.01248960 0.03582402
v -0.01980477 0.00895605 0.04171253
v -0.02140437 0.00898300 0.03204432
v -0.02333707 0.00519807 0.02805517
v -0.02401197 0.00178195 0.03404797
v -0.02560040 -0.00586437 0.04541933
v -0.02340508 -0.00219448 0.04932987
v -0.02201499 0.00558072 0.03803169
v -0.02165674 -0.01470007 -0.04043031
v -0.02122490 -0.00681833 -0.04155607
v -0.02294121 -0.00681833 -0.03594994
v -0.02294121 -0.01470007 -0.03594995
v -0.02205931 -0.00681834 -0.03926015
v -0.02165501 -0.00681834 -0.04042961
v -0.02262619 -0.00681833 -0.03948731
v -0.02475353 -0.00681834 0.00140575
v -0.02480866 -0.00681834 -0.00034741
v -0.02433238 -0.00681834 -0.00066824
v -0.02358290 -0.00681834 -0.03027305
v -0.02507488 -0.00681833 0.00090187
v -0.02512585 -0.00681834 0.00030824
v -0.02486919 -0.00681833 -0.00027686
v -0.02314177 -0.00681834 -0.04051528
v -0.02298452 -0.00681834 -0.04110603
v -0.02372160 -0.00681833 -0.02018041
v -0.02258868 -0.00681833 -0.04153664
v -0.02204161 -0.00681834 -0.04173989
v -0.02144886 -0.00681834 -0.04166774
v -0.02301471 -0.00681833 -0.03994955
v -0.02372159 -0.01470007 -0.02018041
v -0.02358289 -0.01470006 -0.03027304
v -0.03550182 -0.02851222 0.09916057
v -0.03644602 -0.02851221 0.08616997
v 0.03560176 -0.02851220 0.09916145
v 0.02955002 -0.02851215 0.01543530
v -0.03108519 -0.02851217 0.02560912
v -0.02954015 -0.02851217 0.01623791
v 0.03299806 -0.02851218 0.03324915
v 0.03372514 -0.02851216 0.03584859
v -0.03362285 -0.02851220 0.03584547
v 0.02885466 -0.02851216 0.00433332
v -0.03445785 -0.02851219 0.03848005
v -0.03502249 -0.02851224 0.10303435
v 0.02965677 -0.02851213 -0.03376421
v 0.02965497 -0.02851213 -0.03331740
v -0.02924762 -0.02851215 -0.02553850
v -0.03666661 -0.02851220 0.04637627
v -0.03598781 -0.02851220 0.04257689
v -0.03567750 -0.02851219 0.04175917
v -0.03144924 -0.02851218 0.02727531
v 0.03118706 -0.02851216 0.02560991
v 0.03137148 -0.02851215 0.02646257
v 0.03676794 -0.02851218 0.04637888
v 0.03684222 -0.02851218 0.07279121
v -0.03674069 -0.02851222 0.07294740
v 0.03651974 -0.02851219 0.08676900
v 0.03569663 -0.02851220 0.09824576
v 0.03608920 -0.02851217 0.04257767
v -0.02879471 -0.02851217 0.00607136
v -0.02873229 -0.02851217 0.00267311
v 0.02883206 -0.02851216 0.00182426
v -0.02872955 -0.02851217 0.00182347
v -0.02878892 -0.02851216 -0.00796779
v 0.02889163 -0.02851214 -0.00796700
v 0.02883273 -0.02851215 0.00096153
v -0.00880169 -0.02851213 -0.06374922
v -0.01136927 -0.02851211 -0.06278813
v -0.01301138 -0.02851212 -0.06203667
v -0.02953544 -0.02851214 -0.03244694
v -0.02955162 -0.02851215 -0.03331818
v -0.02940758 -0.02851214 -0.03765162
v -0.00796625 -0.02851212 -0.06401027
v -0.00444782 -0.02851212 -0.06484634
v -0.00291585 -0.02851213 -0.06507555
v 0.03512256 -0.02851220 0.10303416
v 0.03353627 -0.02851222 0.11151968
v -0.03343636 -0.02851223 0.11151966
v 0.03142016 -0.02851222 0.11869903
v -0.03132040 -0.02851223 0.11869887
v 0.02883281 -0.02851223 0.12470140
v -0.02873319 -0.02851223 0.12470116
v -0.02534127 -0.02851224 0.13016404
v -0.02921864 -0.02851214 -0.03944742
v -0.02854358 -0.02851214 -0.04300094
v -0.02800360 -0.02851213 -0.04485161
v -0.02742112 -0.02851213 -0.04644096
v -0.02585690 -0.02851212 -0.04970249
v -0.02493183 -0.02851214 -0.05125343
v -0.02282321 -0.02851212 -0.05419133
v -0.02038678 -0.02851213 -0.05686465
v -0.01905190 -0.02851212 -0.05808121
v 0.02121237 -0.02851211 -0.05613793
v 0.01907539 -0.02851212 -0.05814924
v 0.01528709 -0.02851212 -0.06085443
v 0.02597182 -0.02851212 -0.04968129
v 0.02811121 -0.02851212 -0.04483883
v 0.02254283 -0.02851212 -0.05465630
v 0.02873844 -0.02851212 -0.04263239
v 0.02929446 -0.02851212 -0.03965342
v 0.00690535 -0.02851224 0.14149992
v 0.00004949 -0.02851225 0.14206232
v 0.02544077 -0.02851224 0.13016433
v -0.01615474 -0.02851214 -0.06024795
v -0.01409973 -0.02851212 -0.06147297
v -0.00085038 -0.02851211 -0.06524368
v 0.00005220 -0.02851212 -0.06526168
v 0.00316331 -0.02851211 -0.06505764
v 0.00771567 -0.02851212 -0.06411357
v 0.01432541 -0.02851213 -0.06140614
v -0.00680630 -0.02851223 0.14149977
v -0.01223060 -0.02851224 0.14006187
v 0.01232975 -0.02851222 0.14006212
v 0.02167492 -0.02851223 0.13436103
v 0.01716049 -0.02851223 0.13775712
v -0.01706121 -0.02851223 0.13775682
v -0.02157553 -0.02851223 0.13436072
v 0.02666803 -0.01500006 -0.02383820
v 0.02628826 -0.01500006 -0.03342444
v -0.02530391 -0.01500006 -0.03845874
v 0.02557813 -0.01500006 -0.03775157
v -0.02488790 -0.01500006 -0.03994915
v -0.02240134 -0.01500007 -0.04575018
v -0.02634323 -0.01500007 -0.03170149
v -0.02656065 -0.01500006 -0.02485796
v 0.02715695 -0.01500005 0.00141363
v -0.02713463 -0.01500007 0.00358186
v 0.02828533 -0.01500006 0.01471815
v -0.02846741 -0.01500005 0.01689289
v 0.02857015 -0.01500005 0.01689361
v -0.02988516 -0.01500005 0.02781039
v 0.03013266 -0.01500006 0.02917876
v -0.03044237 -0.01500007 0.03855659
v 0.03049573 -0.01500006 0.04017891
v -0.02952037 -0.01500007 0.05226536
v 0.02905719 -0.01500007 0.05977842
v -0.00309965 -0.01500006 -0.05855028
v -0.00920189 -0.01500006 -0.05707343
v 0.00005232 -0.01500007 -0.05873844
v 0.02431136 -0.01500007 -0.04194141
v 0.02152146 -0.01500005 -0.04734925
v 0.02681044 -0.01500006 0.08126741
v -0.02698776 -0.01500005 0.07909388
v 0.02554026 -0.01500006 0.08874167
v -0.02537395 -0.01500006 0.08902650
v 0.02327351 -0.01500005 0.09573127
v -0.02312386 -0.01500007 0.09584345
v 0.02021379 -0.01500006 0.10137850
v -0.01455635 -0.01500005 -0.05433789
v -0.01892891 -0.01500006 -0.05057526
v 0.01763785 -0.01500005 -0.05198435
v 0.01239807 -0.01500005 -0.05568939
v 0.00640379 -0.01500006 -0.05796609
v -0.01961387 -0.01500005 0.10210159
v -0.01568555 -0.01500006 0.10659183
v 0.01626542 -0.01500007 0.10613936
v -0.01145230 -0.01500005 0.10973182
v -0.00596483 -0.01500007 0.11201829
v 0.00005017 -0.01500005 0.11279067
v 0.00557205 -0.01500006 0.11214413
v 0.01128710 -0.01500006 0.10988453
v 0.01056166 -0.01163812 -0.06057025
v 0.01015222 -0.01163359 -0.06070862
v 0.01049145 -0.01157739 -0.06038780
v 0.00682304 -0.01163726 -0.06163849
v 0.00580405 -0.01157674 -0.06164243
v 0.00573075 -0.01163749 -0.06186070
v 0.00561761 -0.01157669 -0.06167744
v 0.00306944 -0.01157595 -0.06206971
v 0.00100008 -0.01163444 -0.06245210
v 0.00048441 -0.01157405 -0.06227496
v 0.00005140 -0.01163276 -0.06247691
v 0.00005237 -0.01157407 -0.06228112
v -0.00038094 -0.01163345 -0.06247189
v -0.00088487 -0.01157471 -0.06225445
v -0.00296790 -0.01163641 -0.06227123
v -0.00664445 -0.01157682 -0.06145092
v -0.01038681 -0.01157739 -0.06038806
v -0.00998099 -0.01157665 -0.06053728
v -0.01045698 -0.01163812 -0.06057051
v -0.00538075 -0.01163750 -0.06190637
v -0.02512657 -0.01159276 -0.04692020
v -0.02465843 -0.01159200 -0.04780182
v -0.02483528 -0.01165288 -0.04789978
v -0.01092915 -0.01163844 -0.06038239
v -0.01942222 -0.01164706 -0.05490175
v -0.02115882 -0.01158692 -0.05280311
v -0.01716460 -0.01158285 -0.05656500
v -0.01180846 -0.01157777 -0.05978828
v -0.01456157 -0.01164056 -0.05856650
v -0.01627162 -0.01158196 -0.05722422
v -0.01598535 -0.01164163 -0.05765732
v -0.01728448 -0.01164410 -0.05672087
v -0.02037616 -0.01164766 -0.05395555
v -0.02150596 -0.01164831 -0.05270632
v -0.02182607 -0.01158771 -0.05200861
v -0.02337172 -0.01164920 -0.05026671
v -0.02392408 -0.01165026 -0.04943109
v -0.02858664 -0.01161928 -0.03322893
v -0.02881394 -0.01168208 -0.03280883
v -0.02863557 -0.01163263 -0.02916703
v -0.02884438 -0.01169496 -0.02906438
v -0.02863378 -0.01163293 -0.02906793
v -0.02627587 -0.01165321 -0.04491277
v -0.02652915 -0.01165393 -0.04428564
v -0.02707205 -0.01159981 -0.04212587
v -0.02726625 -0.01166038 -0.04218672
v -0.02746525 -0.01160362 -0.04075577
v -0.02806635 -0.01166616 -0.03908994
v -0.02830168 -0.01161087 -0.03644945
v -0.02850621 -0.01167220 -0.03647647
v -0.02879041 -0.01168138 -0.03331639
v -0.02839843 -0.01168475 0.00182661
v -0.02839929 -0.01168224 0.00131852
v -0.02861736 -0.01174405 0.00182550
v -0.02837966 -0.01167437 -0.00569587
v -0.02866937 -0.01171433 -0.01564069
v -0.02872374 -0.01170364 -0.02448010
v -0.00218040 -0.02818638 -0.06545492
v -0.00262497 -0.02818642 -0.06541002
v -0.00267893 -0.01983302 -0.06423842
v -0.00932801 -0.02819023 -0.06388853
v -0.01170284 -0.02819159 -0.06297100
v -0.01143073 -0.01983784 -0.06203939
v -0.02985158 -0.02820813 -0.03331584
v -0.02984126 -0.02750794 -0.03331581
v -0.02974205 -0.02820514 -0.03720479
v -0.02954621 -0.02820335 -0.03924886
v -0.02910048 -0.01991515 -0.03908898
v -0.02929976 -0.02820179 -0.04090057
v -0.02760890 -0.01988962 -0.04494340
v -0.02840684 -0.02819896 -0.04457847
v -0.02592066 -0.02819707 -0.05019726
v -0.02665603 -0.02819755 -0.04884100
v -0.02495805 -0.01987446 -0.05038177
v -0.02710966 -0.02819749 -0.04791129
v -0.02816999 -0.02819863 -0.04529480
v -0.02481803 -0.02819665 -0.05197782
v -0.02498462 -0.02819659 -0.05172481
v -0.02128836 -0.01986141 -0.05518373
v -0.02178131 -0.02819465 -0.05585923
v -0.02263829 -0.02819533 -0.05488509
v -0.02340152 -0.02819627 -0.05394363
v -0.02376946 -0.02819659 -0.05346224
v -0.02394998 -0.02819668 -0.05321898
v -0.02412822 -0.02819673 -0.05297402
v -0.02430416 -0.02819676 -0.05272742
v -0.02464907 -0.02819669 -0.05222927
v -0.02514883 -0.02819655 -0.05147023
v -0.02547007 -0.02819662 -0.05095652
v -0.01672248 -0.01984959 -0.05913029
v -0.01824425 -0.02819292 -0.05912608
v -0.02100266 -0.02819433 -0.05667604
v -0.01293036 -0.02819200 -0.06240936
v -0.01520104 -0.02819226 -0.06119243
v -0.01712689 -0.02819258 -0.05995172
v -0.00439544 -0.02818703 -0.06515897
v -0.00614757 -0.02818794 -0.06480239
v -0.00565533 -0.01982984 -0.06377485
v 0.00005436 -0.01983847 -0.06439497
v 0.00005399 -0.02181889 -0.06474940
v -0.00039475 -0.02818621 -0.06555615
v 0.00005206 -0.02818622 -0.06556054
v 0.00005543 -0.01571768 -0.06351403
v -0.02948429 -0.01859116 -0.03331535
v 0.02848637 -0.01167744 -0.00311970
v 0.02849575 -0.01168001 -0.00108122
v 0.02872033 -0.01174170 0.00131660
v 0.02850153 -0.01168475 0.00182514
v 0.02872013 -0.01174405 0.00182622
v 0.02853954 -0.01165773 -0.01331192
v 0.02850112 -0.01166842 -0.00923512
v 0.02877053 -0.01171471 -0.01539076
v 0.02848770 -0.01167247 -0.00719669
v 0.02848253 -0.01167488 -0.00515819
v 0.02863983 -0.01164000 -0.02554239
v 0.02860079 -0.01164274 -0.02350422
v 0.02882686 -0.01170344 -0.02447937
v 0.02858500 -0.01164404 -0.02146576
v 0.02857009 -0.01164817 -0.01738880
v 0.02870053 -0.01163614 -0.02757998
v 0.02894742 -0.01169477 -0.02905424
v 0.02874627 -0.01163119 -0.02961806
v 0.02874314 -0.01162371 -0.03165681
v 0.02889376 -0.01168139 -0.03331565
v 0.02866504 -0.01161819 -0.03369429
v 0.02886459 -0.01167950 -0.03382446
v 0.02849298 -0.01161305 -0.03572619
v 0.02868559 -0.01167398 -0.03585572
v 0.02821299 -0.01160712 -0.03774618
v 0.02839896 -0.01166770 -0.03787472
v 0.02824159 -0.01166628 -0.03873329
v 0.02781731 -0.01160482 -0.03974683
v 0.02799741 -0.01166542 -0.03987417
v 0.02729962 -0.01160118 -0.04171956
v 0.02747403 -0.01166139 -0.04184536
v 0.02665621 -0.01159478 -0.04365499
v 0.02682567 -0.01165479 -0.04377910
v 0.02588739 -0.01159275 -0.04554418
v 0.02515233 -0.01165310 -0.04750668
v 0.02537457 -0.01159285 -0.04663369
v 0.02475279 -0.01159197 -0.04781927
v 0.02396746 -0.01158998 -0.04915212
v 0.02412868 -0.01165038 -0.04927099
v 0.02282559 -0.01158842 -0.05084231
v 0.02298518 -0.01164873 -0.05096001
v 0.02156735 -0.01158731 -0.05244779
v 0.02172791 -0.01164823 -0.05256618
v 0.02019724 -0.01158568 -0.05395901
v 0.02035993 -0.01164742 -0.05407926
v 0.01872035 -0.01158424 -0.05536610
v 0.01888457 -0.01164629 -0.05548799
v 0.01714379 -0.01158276 -0.05666055
v 0.01730760 -0.01164380 -0.05678202
v 0.01623700 -0.01164176 -0.05755597
v 0.01547556 -0.01158099 -0.05783453
v 0.01563955 -0.01164084 -0.05795617
v 0.01372461 -0.01157919 -0.05888114
v 0.01389594 -0.01164151 -0.05901432
v 0.01190027 -0.01157776 -0.05979382
v 0.01226410 -0.01164240 -0.05985376
v 0.01096511 -0.01157781 -0.06019960
v 0.01122855 -0.01163929 -0.06030404
v 0.01308551 -0.02819198 -0.06238426
v 0.01201963 -0.02819171 -0.06287786
v 0.01174265 -0.01983779 -0.06195160
v 0.00371993 -0.02818673 -0.06528337
v 0.00281002 -0.02818644 -0.06540097
v 0.00097571 -0.02818627 -0.06554192
v 0.00189662 -0.02818638 -0.06548781
v 0.01116993 -0.02819127 -0.06323790
v 0.00913065 -0.02819000 -0.06398990
v 0.00601633 -0.01982930 -0.06372184
v 0.00749917 -0.02818887 -0.06448492
v 0.00617099 -0.02818789 -0.06482096
v 0.01446958 -0.02819224 -0.06166843
v 0.01698044 -0.01984942 -0.05902232
v 0.01631089 -0.02819235 -0.06057057
v 0.02149471 -0.01986117 -0.05507302
v 0.01923602 -0.02819327 -0.05840556
v 0.01738834 -0.02819263 -0.05984003
v 0.02609401 -0.02819694 -0.05007491
v 0.02567073 -0.02819666 -0.05079663
v 0.02512100 -0.01987420 -0.05028515
v 0.02403661 -0.02819581 -0.05324172
v 0.02158434 -0.02819446 -0.05618165
v 0.02722381 -0.02819755 -0.04788819
v 0.02773819 -0.01988934 -0.04487199
v 0.02829877 -0.02819864 -0.04522112
v 0.02980493 -0.02820469 -0.03773811
v 0.02965445 -0.02820337 -0.03920979
v 0.02920973 -0.01991481 -0.03905107
v 0.02940900 -0.02820194 -0.04086729
v 0.02854352 -0.02819903 -0.04447218
v 0.02963323 -0.01927854 -0.03331460
v 0.02995494 -0.02820812 -0.03331508
v 0.02995536 -0.02820753 -0.03419990
v 0.02899571 -0.01243873 -0.03331443
v -0.03440762 -0.02269624 0.09919432
v -0.03559301 -0.02709047 0.09919403
v -0.03483040 -0.02709013 0.10495334
v -0.03380253 -0.02100133 0.09919439
v -0.03395023 -0.02153841 0.09967687
v -0.03265569 -0.02100264 0.10746301
v -0.03439065 -0.02264531 0.09919430
v -0.03366885 -0.02709087 0.11098263
v -0.03134962 -0.02100532 0.11370225
v -0.03286452 -0.02709161 0.11419447
v -0.03223911 -0.02709216 0.11634094
v -0.03015972 -0.02100772 0.11794561
v -0.03172008 -0.02709267 0.11793295
v -0.02979635 -0.02100837 0.11906077
v -0.03055765 -0.02709390 0.12104698
v -0.02865295 -0.02709622 0.12518550
v -0.02801958 -0.02101098 0.12365916
v -0.02652053 -0.02709875 0.12880519
v -0.02603127 -0.02101357 0.12760329
v -0.02463140 -0.02101504 0.12985414
v -0.02555608 -0.02709987 0.13018388
v -0.02383566 -0.02101577 0.13098244
v -0.02411293 -0.02710146 0.13200796
v -0.02148722 -0.02710413 0.13474220
v -0.02142961 -0.02101750 0.13386604
v -0.01853825 -0.02710685 0.13710116
v -0.01883006 -0.02101877 0.13627495
v -0.01693978 -0.02101938 0.13767055
v -0.01758507 -0.02710766 0.13773321
v -0.01575946 -0.02101967 0.13841669
v -0.00686902 -0.02102043 0.14173800
v -0.00899588 -0.02102035 0.14124775
v -0.00826949 -0.02711250 0.14149740
v -0.01247293 -0.02102014 0.14006408
v -0.01195374 -0.02711119 0.14045425
v -0.01526836 -0.02710938 0.13904774
v -0.00525159 -0.02102047 0.14200719
v -0.00422148 -0.02711330 0.14214705
v -0.00125126 -0.02102050 0.14234413
v 0.00004959 -0.02711355 0.14236455
v 0.00004817 -0.02102051 0.14236535
v -0.03579548 -0.02815984 0.09919184
v -0.03496327 -0.02815983 0.10538325
v -0.03374888 -0.02816197 0.11148403
v -0.03218830 -0.02816617 0.11708006
v -0.03043091 -0.02816932 0.12177863
v -0.03011233 -0.02817031 0.12250936
v -0.02456881 -0.02818450 0.13162623
v -0.02566664 -0.02818200 0.13022713
v -0.02685091 -0.02817905 0.12853129
v -0.02884908 -0.02817385 0.12512374
v -0.02231297 -0.02818977 0.13407354
v -0.01956379 -0.02819674 0.13642915
v -0.01763782 -0.02820035 0.13775386
v -0.01259875 -0.02820591 0.14024527
v -0.01302814 -0.02820577 0.14007996
v -0.01345488 -0.02820557 0.13990790
v -0.01387881 -0.02820529 0.13972904
v -0.01429980 -0.02820491 0.13954332
v -0.01471770 -0.02820447 0.13935079
v -0.01635662 -0.02820238 0.13851117
v -0.00818668 -0.02820687 0.14153644
v -0.00863576 -0.02820671 0.14143626
v -0.00997385 -0.02820643 0.14109769
v -0.00952945 -0.02820650 0.14121693
v -0.00908339 -0.02820659 0.14132977
v -0.01041647 -0.02820634 0.14097200
v -0.01085720 -0.02820626 0.14083983
v -0.01129592 -0.02820616 0.14070110
v -0.01173250 -0.02820609 0.14055581
v -0.01216682 -0.02820601 0.14040387
v 0.00004946 -0.02821282 0.14236231
v -0.00087076 -0.02821262 0.14235328
v -0.00454774 -0.02820980 0.14212109
v -0.00685778 -0.02820769 0.14179526
v -0.02902960 -0.02821193 0.00182354
v -0.02903027 -0.02821214 0.00095220
v -0.02950562 -0.02821120 -0.02448632
v -0.02954737 -0.02821111 -0.02552621
v 0.02993903 -0.02820875 -0.03245245
v 0.02933095 -0.02821326 -0.01565760
v 0.02919159 -0.02821289 -0.00796325
v 0.02913206 -0.02821191 0.00182427
v 0.00432930 -0.02821008 0.14215448
v 0.00604619 -0.02820846 0.14194191
v 0.00839837 -0.02820682 0.14151213
v 0.01297275 -0.02820583 0.14014061
v 0.01184993 -0.02820607 0.14054979
v 0.01071181 -0.02820629 0.14091425
v 0.01013780 -0.02820641 0.14107993
v 0.00898074 -0.02820664 0.14137878
v 0.01462309 -0.02820467 0.13944140
v 0.01352759 -0.02820557 0.13991904
v 0.02255654 -0.02818938 0.13393264
v 0.02201589 -0.02819083 0.13445246
v 0.01979493 -0.02819644 0.13632984
v 0.01674944 -0.02820193 0.13834605
v 0.02428716 -0.02818532 0.13207795
v 0.02655330 -0.02818009 0.12912396
v 0.02878359 -0.02817427 0.12543620
v 0.03017251 -0.02817040 0.12259793
v 0.03090131 -0.02816832 0.12088761
v 0.03264488 -0.02816554 0.11594920
v 0.03199021 -0.02816656 0.11797103
v 0.03530978 -0.02815966 0.10380309
v 0.03516953 -0.02815974 0.10472189
v 0.03486357 -0.02816001 0.10655547
v 0.03462434 -0.02816035 0.10785551
v 0.03325606 -0.02816371 0.11382195
v 0.03579284 -0.02815956 0.10011645
v 0.03589550 -0.02815984 0.09919272
v 0.03396170 -0.02709085 0.11011841
v 0.03569336 -0.02709056 0.09919486
v 0.03563016 -0.02679300 0.09919505
v 0.03410388 -0.02153862 0.09919073
v 0.03410364 -0.02153863 0.09919291
v 0.03428911 -0.02205406 0.09919076
v 0.03446694 -0.02257124 0.09919079
v 0.03410343 -0.02153862 0.09919507
v 0.03390158 -0.02100132 0.09919523
v 0.03344735 -0.02100187 0.10296005
v 0.03238288 -0.02100379 0.10946588
v 0.03211509 -0.02100432 0.11078501
v 0.03181965 -0.02709277 0.11793374
v 0.03107975 -0.02100650 0.11512311
v 0.02955082 -0.02100926 0.12005068
v 0.03037800 -0.02709433 0.12172199
v 0.02780494 -0.02101173 0.12434846
v 0.02913675 -0.02709582 0.12443189
v 0.02584014 -0.02101418 0.12809756
v 0.02565533 -0.02709993 0.13018450
v 0.02456748 -0.02101545 0.13009058
v 0.02363751 -0.02101624 0.13137685
v 0.02120543 -0.02101791 0.13419969
v 0.02193480 -0.02710386 0.13441731
v 0.01846755 -0.02101910 0.13663882
v 0.01768413 -0.02710771 0.13773364
v 0.01680338 -0.02101961 0.13782537
v 0.01509770 -0.02710960 0.13918231
v 0.01539308 -0.02101992 0.13868576
v 0.01191419 -0.02102032 0.14032717
v 0.01258484 -0.02711098 0.14026189
v 0.00844291 -0.02102046 0.14141513
v 0.00711700 -0.02711283 0.14174904
v 0.00667080 -0.02102049 0.14179352
v 0.00467292 -0.02102051 0.14209551
v 0.00080393 -0.02711354 0.14235793
v -0.03207441 -0.02093931 0.11038366
v -0.03328159 -0.02032374 0.09930026
v -0.03344310 -0.02046949 0.09925885
v -0.03207503 -0.02034836 0.10772436
v -0.03188828 -0.02064685 0.11035672
v -0.03074845 -0.02035962 0.11394241
v -0.02996871 -0.02065193 0.11787233
v -0.02966008 -0.02036406 0.11780258
v -0.02762421 -0.02065358 0.12407295
v -0.02850958 -0.02036632 0.12112869
v -0.02918035 -0.02036525 0.11926813
v -0.02449866 -0.02065394 0.12974142
v -0.02540972 -0.02036614 0.12770256
v -0.02739914 -0.02036706 0.12381317
v -0.02104144 -0.02065251 0.13404711
v -0.02334764 -0.02036338 0.13085034
v -0.02424304 -0.02036474 0.12957440
v -0.01686370 -0.02064981 0.13755892
v -0.01886329 -0.02035376 0.13568522
v -0.02119690 -0.02035924 0.13345189
v -0.01200971 -0.02064672 0.14012483
v -0.01335203 -0.02034175 0.13924240
v -0.01628976 -0.02034793 0.13760054
v -0.00683719 -0.02064440 0.14163516
v -0.00979062 -0.02033493 0.14062597
v -0.01189502 -0.02033886 0.13988040
v 0.00004783 -0.02064737 0.14226425
v 0.00004623 -0.02033041 0.14200264
v -0.00104662 -0.02064489 0.14224742
v -0.00305859 -0.02033206 0.14188479
v -0.00652719 -0.02033047 0.14142707
v -0.00686655 -0.02095035 0.14173336
v -0.00105300 -0.02095038 0.14234589
v -0.01205921 -0.02095070 0.14022480
v -0.01693504 -0.02095075 0.13766165
v -0.02113713 -0.02095002 0.13415067
v -0.02462018 -0.02094839 0.12983991
v -0.02777288 -0.02094572 0.12415676
v -0.03013876 -0.02094299 0.11793304
v -0.02670157 -0.01841386 0.11690480
v -0.02852814 -0.01842444 0.11078676
v -0.03011260 -0.01844209 0.10396082
v -0.03088227 -0.01845460 0.09998772
v -0.02563835 -0.01841118 0.11980828
v -0.02473435 -0.01841018 0.12197552
v -0.02289589 -0.01840977 0.12569015
v -0.02260030 -0.01840985 0.12621346
v -0.02046581 -0.01840673 0.12948479
v 0.00004671 -0.01844860 0.13958506
v -0.00283892 -0.01844501 0.13945892
v -0.00632436 -0.01844027 0.13893224
v -0.00959950 -0.01843422 0.13796665
v -0.01119546 -0.01843073 0.13729735
v -0.01269407 -0.01842708 0.13653003
v -0.01565379 -0.01841881 0.13454224
v -0.01813197 -0.01841087 0.13227314
v -0.02964993 -0.01169426 0.01714638
v -0.02986869 -0.01175132 0.01711782
v -0.02966877 -0.01169412 0.01728998
v -0.02988443 -0.01175135 0.01723297
v -0.02968390 -0.01169404 0.01740522
v -0.02990297 -0.01175106 0.01737648
v -0.02901214 -0.01174967 0.00962163
v -0.02958904 -0.01169458 0.01667855
v -0.02913145 -0.01169378 0.01293222
v -0.02899974 -0.01174959 0.00948570
v -0.02851908 -0.01168847 0.00603355
v -0.02861858 -0.01174494 0.00229726
v -0.02901120 -0.02452330 0.00182338
v -0.02893783 -0.01997518 0.00182308
v -0.02912983 -0.01995345 -0.01564988
v -0.02932967 -0.01994449 -0.02448302
v -0.03137854 -0.02821140 0.02554635
v -0.03120441 -0.02821193 0.02471473
v -0.02966384 -0.02821371 0.01463838
v -0.02905230 -0.02821188 0.00432736
v 0.02850232 -0.01168571 0.00229817
v 0.02862209 -0.01168848 0.00603426
v 0.02911888 -0.01174953 0.00967114
v 0.02888279 -0.01169101 0.00950589
v 0.02945207 -0.01175184 0.01289297
v 0.02975265 -0.01169425 0.01714710
v 0.02991036 -0.01175173 0.01664943
v 0.02997142 -0.01175131 0.01711850
v 0.02913465 -0.02821196 0.00267390
v 0.02919715 -0.02821226 0.00607215
v 0.02959534 -0.02821333 0.01286021
v 0.03034113 -0.02821374 0.01922096
v 0.03148042 -0.02821139 0.02554714
v 0.02943279 -0.01994440 -0.02448228
v 0.02923272 -0.01995336 -0.01564914
v 0.02904030 -0.01997511 0.00182380
v 0.02904566 -0.02021060 0.00182381
v 0.02999037 -0.01175116 0.01726316
v 0.02976762 -0.01169415 0.01726120
v 0.03000536 -0.01175107 0.01737724
v 0.02978661 -0.01169403 0.01740596
v 0.00004958 -0.02763465 0.14236370
v 0.03655441 -0.02816125 0.09147546
v 0.03706350 -0.02816078 0.04637722
v 0.03706559 -0.02816000 0.04729781
v 0.03713876 -0.02815973 0.06570935
v 0.03703201 -0.02816049 0.08043923
v 0.03692309 -0.02816078 0.08412003
v -0.01238583 -0.01154294 0.11041340
v -0.01021419 -0.01154337 0.11147931
v -0.01154658 -0.01272402 0.10967658
v -0.00867170 -0.01260466 0.11110573
v -0.00947507 -0.01154377 0.11177053
v -0.00751095 -0.01254202 0.11154466
v -0.00812370 -0.01154472 0.11222108
v -0.00596488 -0.01245404 0.11201826
v -0.00557289 -0.01154737 0.11282344
v -0.00436109 -0.01236591 0.11238353
v -0.00257122 -0.01155012 0.11319418
v -0.00112378 -0.01224551 0.11276300
v 0.00005015 -0.01155095 0.11328526
v 0.00005016 -0.01223477 0.11279067
v -0.01408654 -0.01154389 0.10933022
v -0.01422634 -0.01277210 0.10783796
v -0.01657356 -0.01154742 0.10725945
v -0.01475035 -0.01277275 0.10741228
v -0.01568561 -0.01276658 0.10659176
v -0.01796241 -0.01155133 0.10579576
v -0.01723972 -0.01273510 0.10503700
v -0.01858030 -0.01155331 0.10505963
v -0.01810132 -0.01270478 0.10405853
v -0.01970258 -0.01155774 0.10357283
v -0.01961387 -0.01263276 0.10210159
v -0.02152130 -0.01251460 0.09908098
v -0.02235009 -0.01157149 0.09911460
v -0.01946273 -0.01264088 0.10231245
v -0.02102067 -0.01156403 0.10154315
v -0.02543107 -0.01248381 0.08877762
v -0.02606406 -0.01158908 0.08926170
v -0.02464844 -0.01239807 0.09172373
v -0.02485554 -0.01158603 0.09311037
v -0.02326060 -0.01241172 0.09552558
v -0.02339568 -0.01157793 0.09687067
v -0.02237483 -0.01157165 0.09906519
v -0.02626183 -0.01264821 0.08434194
v -0.02695729 -0.01271704 0.07934121
v -0.02831163 -0.01160817 0.07642450
v -0.02701672 -0.01159921 0.08524317
v -0.02690450 -0.01159872 0.08581121
v -0.02617243 -0.01159000 0.08887313
v -0.02885096 -0.01279845 0.06101779
v -0.03021301 -0.01161807 0.05784373
v -0.02823201 -0.01277302 0.06767523
v -0.02937985 -0.01161283 0.06672037
v -0.02759643 -0.01274874 0.07378796
v -0.02698775 -0.01271916 0.07909387
v -0.02940827 -0.01284431 0.05385099
v -0.02952036 -0.01285541 0.05226536
v -0.03121875 -0.01162803 0.04482001
v -0.02997979 -0.01285344 0.04617840
v -0.03124742 -0.01162884 0.04438010
v -0.03155117 -0.01164893 0.03556750
v -0.03042959 -0.01282187 0.03910949
v -0.03045557 -0.01283659 0.03696557
v -0.03154308 -0.01165018 0.03510072
v -0.03034835 -0.01286354 0.03325716
v -0.03133697 -0.01166448 0.03098816
v -0.03129979 -0.01166595 0.03053171
v -0.02849962 -0.01289520 0.01714638
v -0.02988516 -0.01288211 0.02781040
v -0.02970701 -0.01288547 0.02628953
v -0.02974750 -0.01169374 0.01788768
v -0.03696189 -0.02815923 0.04637595
v -0.03702582 -0.02816036 0.06322278
v -0.03683231 -0.02816078 0.08384614
v -0.03669783 -0.02816099 0.08714486
v -0.03589135 -0.02816031 0.09826742
v -0.01761112 -0.02763433 0.13774399
v -0.00070572 -0.02763803 0.14235727
v -0.00702704 -0.02763758 0.14175485
v -0.01250186 -0.02763642 0.14026815
v -0.02187593 -0.02763185 0.13443467
v -0.02561162 -0.02762926 0.13020600
v -0.02911046 -0.02762649 0.12445408
v -0.03396116 -0.02762295 0.11012969
v -0.03180734 -0.02762437 0.11795224
v -0.03418012 -0.02100042 0.09527375
v -0.03481391 -0.02100040 0.08513280
v -0.03642577 -0.02709228 0.08864487
v -0.03563928 -0.02400965 0.08904556
v -0.03604405 -0.02399022 0.07719678
v -0.03680564 -0.02709162 0.07639915
v -0.03515857 -0.02100223 0.07156675
v -0.03515896 -0.02100448 0.05234553
v -0.03603312 -0.02383786 0.05374749
v -0.03679284 -0.02709351 0.05480972
v 0.02979848 -0.01288566 0.02620005
v 0.03023216 -0.01287644 0.03022734
v 0.03136010 -0.01166745 0.03004818
v 0.00184595 -0.01155058 0.11324366
v 0.00330705 -0.01231129 0.11257163
v 0.00045313 -0.01155096 0.11328325
v 0.00694414 -0.01250437 0.11176426
v 0.00557224 -0.01242600 0.11214408
v 0.00546733 -0.01154759 0.11285969
v 0.00246646 -0.01155025 0.11320844
v 0.00378738 -0.01233288 0.11250070
v 0.00821408 -0.01154472 0.11222423
v 0.01048834 -0.01154329 0.11140611
v 0.00993161 -0.01266047 0.11059096
v 0.01128706 -0.01271264 0.10988454
v 0.01264752 -0.01154297 0.11032101
v 0.01144254 -0.01271768 0.10979590
v 0.01694671 -0.01154808 0.10699181
v 0.01626543 -0.01275984 0.10613934
v 0.01449928 -0.01154418 0.10910460
v 0.01423392 -0.01277166 0.10791133
v 0.01314560 -0.01275946 0.10871512
v 0.02805123 -0.01160592 0.07931339
v 0.02725878 -0.01273004 0.07767805
v 0.02700557 -0.01159871 0.08581150
v 0.02618393 -0.01262154 0.08543462
v 0.02638925 -0.01159082 0.08844652
v 0.02584070 -0.01255121 0.08731481
v 0.02627346 -0.01159000 0.08887344
v 0.02554038 -0.01248547 0.08874117
v 0.02500916 -0.01158624 0.09295836
v 0.02478989 -0.01239980 0.09159173
v 0.02387414 -0.01158028 0.09597560
v 0.02332109 -0.01241348 0.09562059
v 0.02227853 -0.01157045 0.09945465
v 0.02210798 -0.01248274 0.09818234
v 0.02057504 -0.01156136 0.10242562
v 0.02006190 -0.01261327 0.10160312
v 0.01882089 -0.01155381 0.10488532
v 0.01768880 -0.01272402 0.10465245
v 0.01679633 -0.01274935 0.10561058
v 0.03031471 -0.01161809 0.05784448
v 0.02905719 -0.01280431 0.05977840
v 0.02948133 -0.01161284 0.06672112
v 0.02880777 -0.01279152 0.06267088
v 0.02893540 -0.01161118 0.07185912
v 0.02811141 -0.01160635 0.07885346
v 0.03055351 -0.01284123 0.03637796
v 0.03049573 -0.01281822 0.04017887
v 0.03137782 -0.01163019 0.04392941
v 0.03037027 -0.01282147 0.04250504
v 0.03134951 -0.01162878 0.04438091
v 0.02984178 -0.01286779 0.04919233
v 0.02932767 -0.01282533 0.05635180
v 0.03164537 -0.01165019 0.03510153
v 0.03163455 -0.01165128 0.03464367
v 0.03140219 -0.01166594 0.03053249
v 0.02860235 -0.01289521 0.01714709
v 0.00657913 -0.02033027 0.14143622
v 0.00723497 -0.02033066 0.14130777
v 0.00432922 -0.01844210 0.13930164
v 0.00411219 -0.02033027 0.14179316
v 0.01371174 -0.01842607 0.13598651
v 0.01081415 -0.01843187 0.13751324
v 0.01139747 -0.02033664 0.14011055
v 0.00996343 -0.01843333 0.13786410
v 0.00787811 -0.02033126 0.14116697
v 0.00770803 -0.01843705 0.13861167
v 0.00644602 -0.01843903 0.13892518
v 0.01469329 -0.02034348 0.13861109
v 0.01656387 -0.02034761 0.13748547
v 0.01654854 -0.01841643 0.13387980
v 0.01779414 -0.02035040 0.13661675
v 0.01776915 -0.01841244 0.13274324
v 0.02070473 -0.02035704 0.13407032
v 0.01896869 -0.01841169 0.13147245
v 0.02311567 -0.02036176 0.13128953
v 0.02127051 -0.01841073 0.12849756
v 0.02418314 -0.02036332 0.12980898
v 0.02330274 -0.01841001 0.12512252
v 0.02549476 -0.02036470 0.12772442
v 0.02748385 -0.02036513 0.12384053
v 0.02518170 -0.01841080 0.12116715
v 0.02847672 -0.02036465 0.12146622
v 0.02694193 -0.01841474 0.11648246
v 0.02926856 -0.02036364 0.11929563
v 0.02965645 -0.02036271 0.11812284
v 0.03083375 -0.02035779 0.11399002
v 0.03216332 -0.02034709 0.10778177
v 0.02858964 -0.01842456 0.11092549
v 0.03338064 -0.02032374 0.09930108
v 0.03098130 -0.01845460 0.09998849
v 0.03042824 -0.01844608 0.10288885
v 0.03013515 -0.02094905 0.11825819
v 0.02774742 -0.02095181 0.12442824
v 0.00664053 -0.02064719 0.14169222
v 0.01184215 -0.02064934 0.14023077
v 0.01672953 -0.02065241 0.13771540
v 0.02094561 -0.02065509 0.13424712
v 0.02443784 -0.02065662 0.12997861
v 0.02760000 -0.02065632 0.12434311
v 0.02996589 -0.02065476 0.11819556
v 0.03368490 -0.02063765 0.09922697
v 0.03362158 -0.02063907 0.09980625
v 0.03190662 -0.02064985 0.11074797
v 0.03209256 -0.02094536 0.11077730
v 0.03381263 -0.02094157 0.09977908
v 0.02455774 -0.02095453 0.13007779
v 0.02103961 -0.02095619 0.13435072
v 0.01679934 -0.02095696 0.13781767
v 0.01189034 -0.02095694 0.14033000
v 0.00666868 -0.02095664 0.14178964
v 0.03572764 -0.02243425 0.05311940
v 0.03525993 -0.02100448 0.05234642
v 0.03528631 -0.02100398 0.05867196
v 0.03491634 -0.02100101 0.08503115
v 0.03468813 -0.02100083 0.08953277
v 0.03575166 -0.02401053 0.08884753
v 0.03517774 -0.02100214 0.07664336
v 0.03614774 -0.02399128 0.07706577
v 0.03693420 -0.02709128 0.07345487
v 0.03689408 -0.02709279 0.05481047
v 0.03615613 -0.02391843 0.05378106
v 0.03665872 -0.02709247 0.08585289
v 0.03604003 -0.02709098 0.09562385
v -0.03146267 -0.01165829 0.04439620
v -0.02758861 -0.01160609 0.08319675
v -0.02721597 -0.01160062 0.08528138
v -0.02636271 -0.01158327 0.08892566
v -0.02860260 -0.01161925 0.07573647
v -0.02851899 -0.01161845 0.07643991
v -0.03143257 -0.01165554 0.04483603
v -0.03083950 -0.01164360 0.05288577
v -0.03024366 -0.01163570 0.05990136
v -0.02976540 -0.01162954 0.06498507
v -0.03057491 -0.01815790 0.09976787
v -0.03028521 -0.01784687 0.09954999
v -0.03144834 -0.01782739 0.09251768
v -0.03247873 -0.01782800 0.08349863
v -0.03303986 -0.01850407 0.08354630
v -0.03239863 -0.01848560 0.08999287
v -0.03176174 -0.01168868 0.03509644
v -0.03176977 -0.01168671 0.03556324
v -0.03473547 -0.02025292 0.07498658
v -0.03496622 -0.02041763 0.06363205
v -0.03452103 -0.02044436 0.08497425
v -0.03352456 -0.02031724 0.09701223
v -0.03428808 -0.02028530 0.08700906
v -0.03439359 -0.02027926 0.08496284
v -0.03463557 -0.02062278 0.08498955
v -0.03504752 -0.02060868 0.06371599
v -0.03488082 -0.02021852 0.05186126
v -0.03495090 -0.02041248 0.05198581
v -0.03502059 -0.02060674 0.05210721
v -0.03421977 -0.01854863 0.05063462
v -0.03385381 -0.01852742 0.06853775
v -0.03356889 -0.01851779 0.07535443
v -0.03324704 -0.01850935 0.08078075
v -0.03389242 -0.01777859 0.04999233
v -0.03360520 -0.01779552 0.06226865
v -0.03339554 -0.01780578 0.06823678
v -0.03275726 -0.01782633 0.07997470
v 0.00005015 -0.01150723 0.11343270
v -0.00255739 -0.01150722 0.11334246
v -0.00496311 -0.01150693 0.11307330
v -0.00655014 -0.01150675 0.11277664
v -0.00811409 -0.01150687 0.11237516
v -0.00964508 -0.01150743 0.11186153
v -0.01113146 -0.01150828 0.11122996
v -0.01325365 -0.01151025 0.11006486
v -0.01458549 -0.01151228 0.10915152
v -0.01702786 -0.01151791 0.10702909
v -0.01797882 -0.01152129 0.10601743
v -0.01864875 -0.01152389 0.10523101
v -0.02055148 -0.01153359 0.10261862
v -0.02255219 -0.01154760 0.09911294
v -0.02303670 -0.01155172 0.09811449
v -0.02625344 -0.01158159 0.08931400
v -0.02530254 -0.01157299 0.09239807
v -0.02419697 -0.01156257 0.09542995
v -0.02354592 -0.01155631 0.09699067
v -0.03119292 -0.01657098 0.08584488
v -0.02906191 -0.01439147 0.08827361
v -0.02954943 -0.01675988 0.09770836
v -0.03177432 -0.01566201 0.07133101
v -0.03185322 -0.01271467 0.04542017
v -0.03188080 -0.01424390 0.05691815
v 0.00004803 -0.01821456 0.13918580
v -0.00125077 -0.01821239 0.13916147
v 0.00004838 -0.01813262 0.13895941
v 0.00004873 -0.01805423 0.13874289
v -0.00345439 -0.01805312 0.13854682
v -0.01110812 -0.01820246 0.13689508
v -0.00634603 -0.01820801 0.13852073
v -0.02082446 -0.01818248 0.12828124
v -0.01751065 -0.01819198 0.13233630
v -0.01375488 -0.01819862 0.13541472
v -0.02281990 -0.01817685 0.12497817
v -0.02567257 -0.01816793 0.11861375
v -0.02814473 -0.01816521 0.11078597
v -0.02844804 -0.01787599 0.10810578
v -0.02718361 -0.01789340 0.11279701
v -0.01999936 -0.01799191 0.12869141
v -0.02191664 -0.01797099 0.12571450
v -0.02203596 -0.01796955 0.12550595
v -0.02382666 -0.01794631 0.12198880
v -0.02562416 -0.01791902 0.11757866
v -0.01557113 -0.01802543 0.13350403
v -0.01765517 -0.01801223 0.13153899
v -0.01541501 -0.01802625 0.13363320
v -0.01269599 -0.01803779 0.13553976
v -0.01101262 -0.01804290 0.13643685
v -0.00981713 -0.01804584 0.13696410
v -0.00697651 -0.01805079 0.13790178
v -0.00641432 -0.01805142 0.13804016
v 0.03604836 -0.02820633 0.04162667
v 0.03637119 -0.02820131 0.04247583
v 0.03166484 -0.02821074 0.02639981
v 0.03244167 -0.02820934 0.02980191
v 0.03414380 -0.02820942 0.03620157
v 0.03442179 -0.02820946 0.03709991
v 0.03489402 -0.02820909 0.03853251
v 0.03565126 -0.02820767 0.04060830
v 0.02963564 -0.02408718 0.01331311
v 0.03032104 -0.02388389 0.01904524
v 0.03134221 -0.02488847 0.02494391
v 0.03113367 -0.02192687 0.02396990
v 0.03096411 -0.02006361 0.02312728
v 0.03010174 -0.01956511 0.01763656
v 0.03081993 -0.01866825 0.02237436
v 0.03039529 -0.01498772 0.01994754
v 0.02933079 -0.01564876 0.01110604
v 0.02951071 -0.01978144 0.01237525
v 0.03089320 -0.01174105 0.02392797
v 0.03129977 -0.01172779 0.02725867
v 0.03162100 -0.01171260 0.03051397
v 0.03157973 -0.01171455 0.03002958
v 0.03685118 -0.02709276 0.04612505
v 0.03687209 -0.02709284 0.05046755
v 0.03663496 -0.02818990 0.04335936
v 0.03349942 -0.02697212 0.03401496
v 0.03226622 -0.01534250 0.03120814
v 0.03257963 -0.01533394 0.03299006
v 0.03164752 -0.01542108 0.02761150
v 0.03340637 -0.01945408 0.03475973
v 0.03324963 -0.02435712 0.03329083
v 0.03250187 -0.01959345 0.03088668
v 0.03478888 -0.02683735 0.03828620
v 0.03553318 -0.02682266 0.04037544
v 0.03575993 -0.02452283 0.04133380
v 0.03594798 -0.02542124 0.04169440
v 0.03592455 -0.02690613 0.04140327
v 0.03455778 -0.02022383 0.03884526
v 0.03533587 -0.02280884 0.04049248
v 0.03546145 -0.02424092 0.04048312
v 0.03413294 -0.01896602 0.03788293
v 0.03415256 -0.01948111 0.03760557
v 0.03360740 -0.01748257 0.03661909
v 0.03389941 -0.01943805 0.03666425
v 0.03253055 -0.01449570 0.03367899
v 0.03510974 -0.02417373 0.03948081
v 0.03443635 -0.02419503 0.03744581
v 0.00107431 -0.01812026 0.13894719
v 0.00638110 -0.01811797 0.13830478
v 0.00358756 -0.01805373 0.13854581
v 0.00634772 -0.01804997 0.13807157
v 0.01752283 -0.01809538 0.13210343
v 0.01572469 -0.01801997 0.13343711
v 0.01379522 -0.01810685 0.13518280
v 0.01283165 -0.01803271 0.13549750
v 0.01112550 -0.01811220 0.13668373
v 0.00999974 -0.01804188 0.13691427
v 0.00692761 -0.01804894 0.13793118
v 0.02081119 -0.01807795 0.12805225
v 0.01828419 -0.01800462 0.13094628
v 0.01742679 -0.01801029 0.13186212
v 0.02278222 -0.01806531 0.12477350
v 0.02213676 -0.01796934 0.12550420
v 0.02060363 -0.01798572 0.12796779
v 0.02835573 -0.01788134 0.10888981
v 0.02793999 -0.01788831 0.11048680
v 0.02808467 -0.01802430 0.11063466
v 0.02659631 -0.01790964 0.11505578
v 0.02561903 -0.01804261 0.11843129
v 0.02469011 -0.01793687 0.12024624
v 0.02253872 -0.01796445 0.12477972
v 0.03038425 -0.01784688 0.09955076
v 0.03019671 -0.01784840 0.10054040
v 0.03051696 -0.01799189 0.09963018
v 0.03052993 -0.01800583 0.09964050
v 0.02823355 -0.01815997 0.11078980
v 0.03066710 -0.01815199 0.09976402
v 0.03086257 -0.01834825 0.09992886
v 0.03082192 -0.01830921 0.09989988
v 0.02092172 -0.01817835 0.12826627
v 0.02290722 -0.01817254 0.12497924
v 0.02576074 -0.01816319 0.11861568
v 0.01760891 -0.01818808 0.13232322
v 0.01117096 -0.01819875 0.13690199
v 0.01385487 -0.01819482 0.13540281
v 0.00640728 -0.01820426 0.13852030
v 0.00107794 -0.01820897 0.13916235
v 0.03231285 -0.01847760 0.09147245
v 0.03313770 -0.01850406 0.08354714
v 0.03300688 -0.01834487 0.08353602
v 0.03213469 -0.01847604 0.09282418
v 0.03285347 -0.01815997 0.08352297
v 0.03183429 -0.01782805 0.09043509
v 0.03257653 -0.01782801 0.08349944
v 0.03270023 -0.01797613 0.08350997
v 0.03386589 -0.01852106 0.07083972
v 0.03335694 -0.01781045 0.07144827
v 0.03399302 -0.01777858 0.04999318
v 0.03392262 -0.01778112 0.05365217
v 0.03432036 -0.01854863 0.05063550
v 0.03370456 -0.01779486 0.06232766
v 0.03346778 -0.01780625 0.06893723
v 0.03485952 -0.02024531 0.07377046
v 0.03498137 -0.02021852 0.05186214
v 0.03372045 -0.02031261 0.09602457
v 0.03441482 -0.02028014 0.08647824
v 0.03449142 -0.02027526 0.08496194
v 0.03512254 -0.02060888 0.05210951
v 0.03514704 -0.02061158 0.06371377
v 0.03473505 -0.02062553 0.08498897
v 0.03609709 -0.02391367 0.04942423
v 0.03516820 -0.02100541 0.04361343
v 0.03567724 -0.02242338 0.04876454
v 0.03590893 -0.02337865 0.04487668
v 0.03670733 -0.02644625 0.04595116
v 0.03165801 -0.01171000 0.03097043
v 0.03186370 -0.01168867 0.03509729
v 0.03403675 -0.01790938 0.04127535
v 0.03437907 -0.01905020 0.03996000
v 0.03337315 -0.01613682 0.03970169
v 0.03302139 -0.01517538 0.03878936
v 0.03277761 -0.01449088 0.03811233
v 0.03581484 -0.02339135 0.04274896
v 0.03641622 -0.02580005 0.04373942
v 0.03445226 -0.01902011 0.04218646
v 0.02646362 -0.01158328 0.08892636
v 0.02520226 -0.01157121 0.09299084
v 0.02406440 -0.01156029 0.09600699
v 0.02308835 -0.01155130 0.09821919
v 0.02237174 -0.01154532 0.09966338
v 0.02075655 -0.01153423 0.10245743
v 0.01985137 -0.01152904 0.10379184
v 0.01899843 -0.01152492 0.10492238
v 0.01609743 -0.01151504 0.10800269
v 0.01808017 -0.01152130 0.10601690
v 0.01836046 -0.01152236 0.10569563
v 0.00993548 -0.01150753 0.11178876
v 0.01141379 -0.01150840 0.11114300
v 0.01352210 -0.01151048 0.10995828
v 0.01455532 -0.01151208 0.10924841
v 0.00045313 -0.01150725 0.11343072
v 0.00206462 -0.01150726 0.11337986
v 0.00367204 -0.01150710 0.11325320
v 0.00606405 -0.01150682 0.11289862
v 0.00841116 -0.01150690 0.11231641
v 0.00005227 -0.01529139 0.12735887
v -0.02464823 -0.01419294 0.10412362
v 0.02842240 -0.01161635 0.07805177
v 0.02853651 -0.01161759 0.07713201
v 0.02870642 -0.01161928 0.07571537
v 0.02986591 -0.01162952 0.06499610
v 0.03034559 -0.01163569 0.05989904
v 0.03094200 -0.01164361 0.05287815
v 0.03156382 -0.01165642 0.04439514
v 0.02658015 -0.01158533 0.08849964
v 0.02731698 -0.01160062 0.08528204
v 0.02768560 -0.01160602 0.08322217
v 0.02474977 -0.01419416 0.10412645
v 0.02961797 -0.01671562 0.09763250
v 0.03159283 -0.01165810 0.04394369
v 0.03129363 -0.01657055 0.08584511
v 0.02916262 -0.01439107 0.08827373
v 0.03198214 -0.01424307 0.05691826
v 0.03322848 -0.01596044 0.04840581
v 0.03187532 -0.01566137 0.07133115
v -0.03151896 -0.01171239 0.03051333
v -0.03119873 -0.01172792 0.02726468
v -0.02996722 -0.01175093 0.01785886
v -0.02952723 -0.02411575 0.01324497
v -0.03119535 -0.02413338 0.02473943
v -0.03125035 -0.02503544 0.02498889
v -0.03034203 -0.01539941 0.02024245
v -0.02922701 -0.01572266 0.01107200
v -0.02940441 -0.01983415 0.01232202
v -0.03074024 -0.01887731 0.02249192
v -0.03102089 -0.02179898 0.02391643
v -0.03347205 -0.02820932 0.03422628
v -0.03626957 -0.02819975 0.04247462
v -0.03595906 -0.02820622 0.04165695
v -0.03473987 -0.02820914 0.03837756
v -0.03391051 -0.02820944 0.03576038
v -0.03257966 -0.01421467 0.03783240
v -0.03327110 -0.01613444 0.03969873
v -0.03391192 -0.01784914 0.04121323
v -0.03435283 -0.01902553 0.04217157
v -0.03506677 -0.02100541 0.04361254
v -0.03512460 -0.02100036 0.04771247
v -0.03512824 -0.02099981 0.04807432
v -0.03155632 -0.01171013 0.03096977
v -0.03471830 -0.02104677 0.03941169
v -0.03403125 -0.01896567 0.03788182
v -0.03366912 -0.01900830 0.03634131
v -0.03420585 -0.02344278 0.03713201
v -0.03305529 -0.02360659 0.03301376
v -0.03568845 -0.02596259 0.04114316
v -0.03530931 -0.02588276 0.04012261
v -0.03458612 -0.02590007 0.03804865
v -0.03150588 -0.01522916 0.02744178
v -0.03231806 -0.01915717 0.03059979
v -0.03319405 -0.01902312 0.03444799
v -0.03368426 -0.01797947 0.03705853
v -0.03252330 -0.01475935 0.03396795
v -0.03241823 -0.01514575 0.03280585
v -0.03211253 -0.01515393 0.03102820
v -0.03485543 -0.02342150 0.03914974
v -0.03519384 -0.02348640 0.04014386
v -0.03548805 -0.02380886 0.04099346
v -0.03600739 -0.02631931 0.04199300
v -0.03690739 -0.02816885 0.04545178
v -0.03692780 -0.02761104 0.06314230
v -0.03673686 -0.02761714 0.08381131
v -0.03634642 -0.02762545 0.09167039
v -0.03674983 -0.02709275 0.04612412
v -0.03519287 -0.02137966 0.04384937
v -0.03580839 -0.02338096 0.04485692
v -0.03593694 -0.02383644 0.04504395
v -0.03596545 -0.02393908 0.04508476
v -0.03571019 -0.02339091 0.04271601
v -0.03427541 -0.01904975 0.03992565
v -0.03631060 -0.02579960 0.04370755
v 0.00005232 -0.01376383 -0.05873843
v 0.00308013 -0.01374925 -0.05856480
v 0.01048427 -0.01375336 -0.05660279
v 0.00833035 -0.01375907 -0.05741427
v 0.00654694 -0.01375075 -0.05793045
v 0.00511457 -0.01374637 -0.05825002
v 0.01156349 -0.01374688 -0.05611147
v 0.01239807 -0.01374091 -0.05568940
v 0.01458354 -0.01372193 -0.05438922
v 0.01537928 -0.01371388 -0.05383657
v 0.01625244 -0.01370457 -0.05317374
v 0.01763784 -0.01368869 -0.05198436
v 0.01870074 -0.01367666 -0.05093316
v 0.01952456 -0.01366783 -0.05001678
v 0.02084854 -0.01365274 -0.04832579
v 0.02136479 -0.01364581 -0.04758438
v 0.02272843 -0.01361916 -0.04535351
v 0.02321741 -0.01360562 -0.04442715
v 0.02431136 -0.01357479 -0.04194142
v 0.02461931 -0.01356615 -0.04109358
v 0.02500322 -0.01355273 -0.03991244
v 0.02590240 -0.01350369 -0.03614448
v 0.02666762 -0.01329856 -0.02400531
v 0.02654965 -0.01340341 -0.03003261
v 0.02640930 -0.01344297 -0.03217535
v 0.02628827 -0.01346445 -0.03342441
v 0.02701895 -0.01308188 -0.00549300
v 0.02670868 -0.01326661 -0.01652102
v 0.02717432 -0.01300936 0.00195976
v 0.02858622 -0.01289491 0.01702036
v 0.02738012 -0.01295907 0.00612234
v 0.02763445 -0.01294381 0.00923455
v 0.02857015 -0.01289455 0.01689362
v -0.02655863 -0.01331267 -0.02521115
v -0.02649979 -0.01337689 -0.02867295
v -0.02634050 -0.01343510 -0.03173759
v -0.02579265 -0.01350412 -0.03617718
v -0.02713464 -0.01298223 0.00358185
v -0.02696412 -0.01305918 -0.00259105
v -0.02676338 -0.01317921 -0.01160372
v -0.02656685 -0.01328812 -0.02215772
v -0.02720260 -0.01296770 0.00491660
v -0.02752231 -0.01294438 0.00913872
v -0.02846742 -0.01289454 0.01689291
v -0.02848352 -0.01289491 0.01701989
v -0.02488787 -0.01355223 -0.03994914
v -0.02484275 -0.01355510 -0.04009583
v -0.02389297 -0.01358318 -0.04273080
v -0.02228782 -0.01362733 -0.04594659
v -0.02115977 -0.01364724 -0.04773344
v -0.01942016 -0.01366784 -0.05001728
v -0.01900951 -0.01367214 -0.05048609
v -0.01655537 -0.01369997 -0.05284308
v -0.01505288 -0.01371617 -0.05399577
v -0.01455635 -0.01372116 -0.05433788
v -0.01216155 -0.01374191 -0.05575902
v -0.01037958 -0.01375337 -0.05660312
v -0.00902042 -0.01376005 -0.05714009
v -0.00693042 -0.01375293 -0.05780273
v -0.00501006 -0.01374638 -0.05825013
v -0.00348150 -0.01374745 -0.05850167
v 0.03049617 -0.03378608 0.02324276
v 0.03103522 -0.03378607 0.02583318
v 0.00004974 -0.03378607 0.02583279
v 0.00005015 -0.03378606 -0.00664143
v 0.02877049 -0.03378607 -0.00664105
v 0.02868372 -0.03378606 -0.00240889
v 0.02924172 -0.03378606 0.01448266
v -0.02867020 -0.03378607 -0.00664178
v -0.02858353 -0.03378606 -0.00240961
v -0.02855190 -0.03378607 -0.00029311
v 0.02865203 -0.03378608 -0.00029239
v -0.02853216 -0.03378606 0.00182337
v 0.02863224 -0.03378606 0.00182409
v -0.02908540 -0.03378607 0.01389499
v -0.03039662 -0.03378609 0.02324198
v -0.03093575 -0.03378608 0.02583240
v 0.03673383 -0.02852868 0.05811432
v -0.03348739 -0.02852963 0.03606388
v -0.03536179 -0.02852938 0.04146110
v 0.03672199 -0.02852846 0.05680035
v 0.03670104 -0.02852914 0.04783201
v 0.03669909 -0.02852892 0.04652445
v 0.03264698 -0.02852981 0.03267153
v 0.03345413 -0.02852968 0.03561453
v 0.03412184 -0.02852958 0.03778094
v 0.03131637 -0.02853004 0.02712029
v 0.03100972 -0.02853012 0.02572667
v -0.03210666 -0.02852985 0.03092234
v 0.02982897 -0.02853040 0.01920313
v -0.03091005 -0.02853008 0.02572595
v -0.03061715 -0.02853015 0.02432236
v -0.03588272 -0.02852931 0.04278968
v -0.03646596 -0.02852921 0.04511546
v -0.03660021 -0.02852914 0.04652356
v 0.03093718 -0.02852594 0.11976130
v 0.03118730 -0.02852596 0.11909963
v -0.03557682 -0.02852689 0.09782969
v 0.03142913 -0.02852599 0.11843488
v 0.03166289 -0.02852602 0.11776727
v 0.03637576 -0.02852929 0.04414669
v 0.03598175 -0.02852909 0.04279055
v -0.02965180 -0.02853041 0.01866657
v 0.02925370 -0.02853061 0.01458502
v -0.02899915 -0.02853065 0.01296662
v 0.02881486 -0.02853085 0.00892141
v -0.02872715 -0.02853082 0.00915065
v 0.03013468 -0.02852585 0.12172569
v 0.03041109 -0.02852586 0.12107454
v 0.03067851 -0.02852590 0.12041967
v 0.03554049 -0.02852646 0.09914024
v 0.03622755 -0.02852722 0.09095470
v -0.03653233 -0.02852757 0.08206245
v -0.03662008 -0.02852875 0.05548253
v -0.03662496 -0.02852864 0.05680088
v 0.03667331 -0.02852769 0.08045198
v 0.03654299 -0.02852749 0.08468463
v -0.02853215 -0.02853118 0.00182345
v 0.02863961 -0.02853110 0.00324394
v 0.02863231 -0.02853103 0.00182422
v 0.03364941 -0.02852633 0.11074312
v 0.03466130 -0.02852656 0.10561409
v 0.03539577 -0.02852680 0.10043867
v 0.02924936 -0.02852576 0.12365412
v 0.02955406 -0.02852578 0.12301573
v 0.02984908 -0.02852583 0.12237284
v 0.03188838 -0.02852564 0.11709681
v 0.03339250 -0.02852629 0.11182911
v -0.02900191 -0.02853229 -0.02424924
v -0.02880927 -0.02853206 -0.01861115
v 0.02874604 -0.02853176 -0.01156068
v -0.02867144 -0.02853180 -0.01297148
v 0.02872233 -0.02853170 -0.01013251
v -0.02864553 -0.02853180 -0.01156141
v -0.02853325 -0.02853121 0.00040925
v -0.02936373 -0.02853284 -0.03332059
v 0.02945011 -0.02853283 -0.03527629
v 0.02943099 -0.02853285 -0.03588296
v 0.02942915 -0.02853267 -0.03190983
v 0.02946468 -0.02853268 -0.03331986
v 0.02946196 -0.02853280 -0.03466943
v -0.02563786 -0.02852547 0.12956376
v -0.02521219 -0.02852545 0.13013753
v 0.02893477 -0.02852573 0.12428769
v -0.02499485 -0.02852544 0.13042100
v 0.02861005 -0.02852572 0.12491614
v 0.02940409 -0.02853287 -0.03648933
v 0.02936886 -0.02853290 -0.03709529
v 0.02927147 -0.02853296 -0.03830545
v 0.02920830 -0.02853299 -0.03890915
v 0.02913481 -0.02853301 -0.03951167
v 0.02905043 -0.02853304 -0.04011276
v -0.03544289 -0.02852666 0.09913934
v -0.03456787 -0.02852654 0.10559141
v -0.03386755 -0.02852637 0.10930432
v 0.02884714 -0.02853309 -0.04130979
v 0.02872754 -0.02853310 -0.04190487
v 0.02859548 -0.02853314 -0.04249732
v -0.02455105 -0.02852540 0.13098083
v -0.02409501 -0.02852538 0.13153079
v -0.02386241 -0.02852537 0.13180189
v -0.03260846 -0.02852615 0.11443475
v -0.03095647 -0.02852591 0.11945431
v -0.03047441 -0.02852565 0.12068305
v 0.00327033 -0.02853412 -0.06490786
v 0.00147302 -0.02853413 -0.06508326
v -0.02866344 -0.02852570 0.12462746
v -0.02722413 -0.02852557 0.12718423
v -0.02338797 -0.02852536 0.13233604
v -0.02290124 -0.02852532 0.13285901
v -0.02240231 -0.02852532 0.13337035
v -0.01423367 -0.02852506 0.13904755
v -0.01390745 -0.02852506 0.13919309
v 0.00902213 -0.02853406 -0.06355917
v 0.00710921 -0.02853409 -0.06413554
v 0.00370458 -0.02853412 -0.06484693
v -0.01123755 -0.02852502 0.14020900
v -0.01055566 -0.02852499 0.14042217
v 0.02214405 -0.02853369 -0.05488303
v 0.01969396 -0.02853380 -0.05740274
v 0.01879070 -0.02853383 -0.05819009
v 0.01700312 -0.02853389 -0.05956188
v -0.01191416 -0.02852501 0.13997962
v 0.01385540 -0.02853398 -0.06149022
v 0.01044425 -0.02853404 -0.06304619
v -0.02017724 -0.02853376 -0.05685542
v -0.02101464 -0.02853372 -0.05601492
v -0.02386976 -0.02853356 -0.05255054
v -0.02492438 -0.02853349 -0.05096791
v -0.02672847 -0.02853334 -0.04763868
v -0.02746169 -0.02853327 -0.04589131
v -0.02843175 -0.02853312 -0.04275865
v -0.02214827 -0.02852529 0.13362145
v -0.02163105 -0.02852527 0.13411433
v -0.02110178 -0.02852526 0.13459422
v 0.02845062 -0.02853318 -0.04308680
v 0.02802943 -0.02853323 -0.04455177
v 0.02735216 -0.02853331 -0.04643019
v -0.02890439 -0.02853301 -0.04040271
v -0.02935974 -0.02853278 -0.03474166
v -0.01646124 -0.02852511 0.13791327
v -0.01614946 -0.02852511 0.13808759
v 0.02580805 -0.02853347 -0.04964355
v 0.02432460 -0.02853356 -0.05204233
v -0.00567833 -0.02853411 -0.06446154
v -0.01174312 -0.02853401 -0.06246620
v 0.00005209 -0.02853425 -0.06512783
v -0.01563354 -0.02853390 -0.06040500
v -0.01670106 -0.02853389 -0.05970205
v -0.01324961 -0.02852503 0.13947175
v -0.01258502 -0.02852504 0.13973391
v 0.02827500 -0.02852567 0.12553911
v 0.01843681 -0.02852518 0.13674362
v 0.01916920 -0.02852520 0.13622734
v -0.02056062 -0.02852523 0.13506064
v -0.02028565 -0.02852521 0.13528864
v -0.01972702 -0.02852519 0.13573401
v -0.01551919 -0.02852509 0.13842401
v -0.01488044 -0.02852507 0.13874406
v -0.00986899 -0.02852500 0.14061935
v -0.00707991 -0.02852497 0.14125322
v -0.00306610 -0.02852494 0.14175375
v -0.00138031 -0.02852495 0.14183937
v 0.00004846 -0.02852565 0.14186198
v 0.00404510 -0.02852495 0.14168131
v -0.01915708 -0.02852517 0.13616483
v -0.01857613 -0.02852516 0.13658068
v -0.01828165 -0.02852516 0.13678284
v 0.01225180 -0.02852502 0.13989381
v 0.01544843 -0.02852511 0.13851033
v 0.01677729 -0.02852513 0.13778779
v 0.02196323 -0.02852531 0.13389350
v 0.02448882 -0.02852543 0.13117604
v 0.02682605 -0.02852558 0.12797144
v 0.00674707 -0.02852498 0.14132877
v 0.00789087 -0.02852497 0.14111517
v 0.00885214 -0.02852498 0.14090349
v -0.01768479 -0.02852513 0.13717549
v -0.01707785 -0.02852513 0.13755240
v -0.02828974 -0.03540184 -0.01219702
v -0.02836306 -0.03540198 -0.01484137
v 0.00005021 -0.03540177 -0.01219658
v 0.02839036 -0.03540169 -0.01219590
v 0.02890213 -0.03540252 -0.03004439
v -0.02851751 -0.03540221 -0.02012986
v -0.02882632 -0.03540271 -0.03070689
v -0.02887464 -0.03540296 -0.03599942
v -0.02880135 -0.03540303 -0.03748054
v -0.02860281 -0.03540312 -0.03955831
v -0.02616648 -0.03540352 -0.04798139
v -0.02447261 -0.03540366 -0.05101646
v -0.02342906 -0.03540372 -0.05256458
v -0.02268932 -0.03540377 -0.05355918
v -0.01640237 -0.03540402 -0.05952428
v -0.01529292 -0.03540405 -0.06024873
v -0.02030491 -0.03540388 -0.05627554
v -0.01762853 -0.03540398 -0.05863186
v -0.02792517 -0.03540330 -0.04315596
v -0.02681547 -0.03540345 -0.04651904
v -0.00762670 -0.03540419 -0.06365105
v -0.00508058 -0.03540422 -0.06430602
v -0.00321863 -0.03540423 -0.06462930
v 0.00527273 -0.03540419 -0.06428678
v 0.00665723 -0.03540418 -0.06395502
v 0.01021215 -0.03540914 -0.06279329
v 0.01142546 -0.03540407 -0.06231003
v 0.02055823 -0.03540376 -0.05612179
v 0.02353074 -0.03540361 -0.05256398
v 0.02493074 -0.03540349 -0.05044168
v 0.02637473 -0.03540336 -0.04775592
v 0.02763839 -0.03540319 -0.04451596
v 0.02806460 -0.03540314 -0.04300521
v 0.02890382 -0.03540288 -0.03746185
v -0.01337959 -0.03540411 -0.06133704
v -0.01011081 -0.03540915 -0.06279343
v 0.00004986 -0.03540423 -0.06485443
v 0.00267664 -0.03540421 -0.06470876
v 0.01547525 -0.03540396 -0.06019824
v 0.01992154 -0.03540380 -0.05674989
v 0.03659181 -0.03539890 0.04689561
v 0.03662918 -0.03539879 0.04954991
v -0.03658396 -0.03539882 0.05310455
v -0.03662327 -0.03539869 0.05575882
v -0.03649262 -0.03539911 0.04689471
v 0.00004951 -0.03539915 0.04383436
v -0.03635044 -0.03539917 0.04569520
v -0.03581703 -0.03539925 0.04383394
v 0.03636934 -0.03539899 0.04532170
v 0.03591622 -0.03539905 0.04383455
v 0.03672223 -0.03539849 0.05575973
v 0.03675770 -0.03539838 0.05837623
v -0.03674556 -0.03539818 0.06665931
v 0.03684424 -0.03539798 0.06666026
v -0.03675390 -0.03539795 0.07191118
v 0.03685342 -0.03539789 0.06884284
v -0.00562270 -0.03539463 0.14100277
v -0.00595393 -0.03539463 0.14095578
v -0.02498787 -0.03539519 0.13020767
v -0.02539955 -0.03539520 0.12968020
v -0.02560137 -0.03539523 0.12941341
v -0.02580056 -0.03539523 0.12914462
v 0.00151287 -0.03539458 0.14135088
v 0.00078076 -0.03539460 0.14136834
v 0.00004829 -0.03539460 0.14137423
v -0.00062079 -0.03539459 0.14136927
v -0.00128973 -0.03539460 0.14135469
v 0.00719660 -0.03539461 0.14076918
v 0.00672704 -0.03539460 0.14085034
v 0.00625643 -0.03539459 0.14092520
v 0.00578488 -0.03539459 0.14099388
v 0.00531248 -0.03539460 0.14105649
v 0.00483934 -0.03539459 0.14111310
v 0.00436553 -0.03539459 0.14116386
v -0.00262672 -0.03539459 0.14129534
v -0.00329426 -0.03539461 0.14124991
v -0.00396099 -0.03539461 0.14119357
v -0.00462667 -0.03539462 0.14112595
v -0.00529106 -0.03539462 0.14104676
v -0.00661505 -0.03539462 0.14085267
v -0.00694484 -0.03539464 0.14079650
v -0.00760275 -0.03539464 0.14067468
v -0.02619101 -0.03539526 0.12860125
v -0.02638230 -0.03539527 0.12832679
v -0.02712169 -0.03539533 0.12721120
v -0.03576501 -0.03539680 0.09648585
v -0.03644899 -0.03539728 0.08603835
v -0.03672740 -0.03539776 0.07557355
v 0.03676453 -0.03539738 0.07931001
v 0.02660975 -0.03539514 0.12813719
v 0.02633905 -0.03539513 0.12852935
v -0.01020616 -0.03539468 0.14005701
v -0.01084831 -0.03539468 0.13986896
v -0.01116782 -0.03539469 0.13976979
v -0.02105489 -0.03539499 0.13430436
v -0.02130751 -0.03539500 0.13408503
v -0.02180499 -0.03539501 0.13363753
v -0.02204974 -0.03539503 0.13340947
v -0.02413236 -0.03539514 0.13123661
v -0.02435026 -0.03539515 0.13098276
v -0.02477801 -0.03539517 0.13046822
v 0.03561305 -0.03539647 0.09909159
v 0.03530785 -0.03539634 0.10175063
v 0.03182667 -0.03539562 0.11742863
v 0.03073958 -0.03539550 0.12032524
v 0.02944997 -0.03539537 0.12321213
v -0.01520326 -0.03539478 0.13815850
v -0.01580060 -0.03539481 0.13785699
v -0.01609651 -0.03539481 0.13770090
v -0.03411530 -0.03539622 0.10848685
v -0.03466154 -0.03539636 0.10550211
v -0.03551518 -0.03539667 0.09909069
v 0.00341616 -0.03539458 0.14124806
v 0.00246508 -0.03539458 0.14131011
v -0.00793079 -0.03539465 0.14060897
v -0.00858483 -0.03539465 0.14046782
v -0.00891075 -0.03539465 0.14039233
v 0.03639195 -0.03539692 0.08915172
v 0.03460944 -0.03539613 0.10637980
v 0.03400611 -0.03539601 0.10948516
v 0.03197122 -0.03539563 0.11700305
v 0.03335062 -0.03539586 0.11229311
v 0.02881777 -0.03539530 0.12445635
v 0.02687518 -0.03539517 0.12774143
v -0.00956021 -0.03539467 0.14023140
v -0.00988364 -0.03539468 0.14014590
v -0.01180351 -0.03539470 0.13956095
v -0.01211956 -0.03539471 0.13945125
v -0.01274790 -0.03539472 0.13922121
v -0.01975362 -0.03539493 0.13535517
v -0.02028166 -0.03539495 0.13494417
v -0.02054192 -0.03539495 0.13473397
v -0.02300220 -0.03539506 0.13246959
v -0.02346239 -0.03539510 0.13198386
v -0.02368841 -0.03539511 0.13173722
v 0.00859794 -0.03539462 0.14048688
v 0.00813216 -0.03539461 0.14058752
v 0.00766502 -0.03539461 0.14068161
v -0.01668260 -0.03539482 0.13737808
v -0.01697265 -0.03539484 0.13721138
v -0.01754663 -0.03539486 0.13686746
v -0.02773296 -0.03539538 0.12621753
v -0.02969146 -0.03539557 0.12250188
v -0.02996702 -0.03539558 0.12190032
v -0.03169416 -0.03539579 0.11752968
v -0.03287085 -0.03539596 0.11373378
v -0.01306005 -0.03539473 0.13910089
v -0.01368016 -0.03539474 0.13884953
v -0.01398797 -0.03539475 0.13871849
v -0.01783042 -0.03539485 0.13669029
v -0.01839145 -0.03539489 0.13632564
v -0.01866855 -0.03539488 0.13613820
v -0.01894336 -0.03539489 0.13594741
v -0.01948595 -0.03539492 0.13555583
v -0.02229185 -0.03539504 0.13317861
v -0.02276811 -0.03539506 0.13270859
v -0.01459895 -0.03539477 0.13844568
v -0.01490196 -0.03539478 0.13830389
v 0.00998586 -0.03539462 0.14014469
v 0.00952491 -0.03539462 0.14026552
v 0.00906223 -0.03539461 0.14037956
v 0.02606305 -0.03539510 0.12891780
v 0.02578169 -0.03539508 0.12930240
v 0.02520276 -0.03539506 0.13005957
v 0.02490520 -0.03539503 0.13043176
v 0.02460220 -0.03539503 0.13079956
v 0.02429376 -0.03539500 0.13116279
v 0.01135705 -0.03539464 0.13974068
v 0.01090208 -0.03539462 0.13988233
v 0.01044497 -0.03539463 0.14001699
v 0.02397984 -0.03539499 0.13152131
v 0.02366040 -0.03539497 0.13187492
v 0.02333548 -0.03539496 0.13222350
v 0.01270786 -0.03539465 0.13927302
v 0.01226010 -0.03539465 0.13943608
v 0.01180978 -0.03539465 0.13959196
v 0.02300509 -0.03539494 0.13256690
v 0.02266927 -0.03539493 0.13290501
v 0.02232804 -0.03539491 0.13323762
v 0.01403447 -0.03539469 0.13874058
v 0.01359520 -0.03539466 0.13892530
v 0.01315294 -0.03539466 0.13910277
v 0.02198141 -0.03539490 0.13356464
v 0.02162942 -0.03539489 0.13388585
v 0.02127209 -0.03539487 0.13420114
v 0.01533294 -0.03539469 0.13814279
v 0.01490349 -0.03539469 0.13834934
v 0.01447062 -0.03539469 0.13854860
v 0.02090955 -0.03539485 0.13451038
v 0.02054182 -0.03539484 0.13481347
v 0.02016899 -0.03539484 0.13511027
v 0.01659930 -0.03539472 0.13747971
v 0.01618098 -0.03539471 0.13770793
v 0.01575880 -0.03539470 0.13792896
v 0.01782977 -0.03539475 0.13675219
v 0.01742383 -0.03539475 0.13700178
v 0.01701363 -0.03539473 0.13724431
v 0.01979114 -0.03539481 0.13540062
v 0.01940836 -0.03539481 0.13568448
v 0.01902072 -0.03539479 0.13596162
v 0.01862834 -0.03539478 0.13623205
v 0.01823131 -0.03539477 0.13649559
v 0.03721769 -0.02895173 0.05679897
v 0.03721273 -0.02895222 0.05549143
v 0.03719365 -0.02895531 0.04652401
v 0.03603102 -0.02894468 0.09919219
v 0.03616466 -0.02894550 0.09788495
v 0.03660766 -0.02894645 0.09264706
v 0.03711070 -0.02894648 0.08250672
v 0.03727835 -0.02894641 0.07161707
v 0.03706777 -0.02897380 0.04511547
v 0.03645015 -0.02901539 0.04261620
v 0.03512486 -0.02894476 0.10582752
v 0.03466027 -0.02894581 0.10836426
v 0.03410636 -0.02894674 0.11095556
v 0.03275506 -0.02895108 0.11600737
v 0.03235797 -0.02895234 0.11725207
v 0.03149819 -0.02902892 0.02562085
v 0.03268633 -0.02902592 0.03078241
v 0.03405619 -0.02902707 0.03588988
v 0.03592908 -0.02902285 0.04128756
v 0.00004827 -0.02902566 0.14236198
v 0.00147712 -0.02902556 0.14234033
v 0.00183413 -0.02902554 0.14232795
v 0.00219101 -0.02902547 0.14231265
v 0.00254776 -0.02902540 0.14229438
v 0.00290434 -0.02902534 0.14227313
v 0.00326072 -0.02902525 0.14224879
v 0.00361689 -0.02902515 0.14222136
v 0.00397279 -0.02902504 0.14219077
v 0.00432840 -0.02902492 0.14215697
v 0.00468369 -0.02902478 0.14211990
v 0.00503862 -0.02902462 0.14207953
v 0.00645431 -0.02902392 0.14188407
v 0.00841603 -0.02902249 0.14151606
v 0.01202280 -0.02901781 0.14050597
v 0.01442240 -0.02901358 0.13955539
v 0.01754558 -0.02900625 0.13791278
v 0.01942712 -0.02900087 0.13665788
v 0.02044838 -0.02899767 0.13587847
v 0.02989710 -0.02896169 0.12345073
v 0.03082614 -0.02895799 0.12136544
v 0.02901748 -0.02896522 0.12520733
v 0.02214728 -0.02899191 0.13440625
v 0.02341741 -0.02898730 0.13314247
v 0.02462272 -0.02898271 0.13179371
v 0.02683533 -0.02897401 0.12885965
v 0.02856845 -0.02896700 0.12603435
v 0.02913232 -0.02903101 0.00182412
v 0.02932676 -0.02903196 0.00913683
v 0.02960276 -0.02903308 0.01298711
v 0.02984710 -0.02903311 0.01543447
v 0.03025117 -0.02903302 0.01863091
v 0.03120808 -0.02903028 0.02423104
v -0.01710768 -0.02900716 0.13811703
v -0.02775093 -0.02896982 0.12727436
v -0.03093323 -0.02895725 0.12086963
v -0.03037702 -0.02895940 0.12218583
v -0.02979820 -0.02896166 0.12345394
v -0.02617953 -0.02897623 0.12966348
v -0.02536641 -0.02897941 0.13075456
v -0.02133869 -0.02899433 0.13505101
v -0.02332063 -0.02898728 0.13314188
v -0.02394413 -0.02898491 0.13246363
v -0.01846869 -0.02900343 0.13725975
v -0.01445234 -0.02901331 0.13949788
v -0.01190923 -0.02901790 0.14051156
v -0.01516097 -0.02901181 0.13916405
v -0.00846067 -0.02902222 0.14148474
v -0.00788948 -0.02902274 0.14160669
v -0.00658162 -0.02902373 0.14184776
v -0.00399609 -0.02902505 0.14217964
v 0.02913347 -0.02903062 0.00039576
v 0.02924584 -0.02902728 -0.01155199
v -0.03504342 -0.02894431 0.10573118
v -0.03578696 -0.02894539 0.10050295
v -0.03593351 -0.02894541 0.09919128
v -0.03401886 -0.02894715 0.11091231
v -0.03266998 -0.02895026 0.11596670
v 0.02927188 -0.02902749 -0.01296208
v 0.02996464 -0.02902752 -0.03331511
v -0.03709647 -0.02894652 0.07917771
v -0.03718286 -0.02894696 0.06864620
v -0.03712881 -0.02895092 0.05811447
v -0.03711902 -0.02895194 0.05679801
v -0.03694752 -0.02894678 0.08444171
v -0.03669975 -0.02894686 0.08970209
v 0.00005089 -0.02899643 -0.06562635
v 0.00351861 -0.02899697 -0.06537741
v 0.00712701 -0.02899979 -0.06464702
v 0.00924763 -0.02900216 -0.06400985
v 0.01275400 -0.02900484 -0.06259953
v 0.01370292 -0.02900510 -0.06213282
v 0.01584635 -0.02900524 -0.06092361
v 0.01679768 -0.02900541 -0.06030956
v 0.01911063 -0.02900647 -0.05857347
v 0.01960127 -0.02900672 -0.05815446
v 0.02140453 -0.02900803 -0.05643526
v 0.02380954 -0.02900983 -0.05361564
v 0.02467811 -0.02901037 -0.05241005
v 0.02656710 -0.02901170 -0.04929304
v 0.02749508 -0.02901249 -0.04737733
v 0.02803770 -0.02901327 -0.04604819
v 0.02877999 -0.02901523 -0.04378642
v 0.02906105 -0.02901630 -0.04270006
v 0.02950119 -0.02901901 -0.04046813
v 0.02969578 -0.02902101 -0.03904592
v 0.02973519 -0.02902152 -0.03868929
v 0.02977111 -0.02902201 -0.03833231
v 0.02983287 -0.02902294 -0.03761740
v 0.02980363 -0.02902248 -0.03797499
v 0.02988188 -0.02902382 -0.03690150
v 0.02985892 -0.02902338 -0.03725954
v 0.02991898 -0.02902467 -0.03618488
v 0.02990186 -0.02902425 -0.03654325
v 0.02996079 -0.02902629 -0.03475036
v 0.02995413 -0.02902590 -0.03510910
v 0.02994501 -0.02902550 -0.03546777
v 0.02993333 -0.02902509 -0.03582637
v -0.03709466 -0.02895508 0.04652303
v -0.03709624 -0.02895479 0.04784137
v -0.02986368 -0.02902768 -0.03331587
v -0.02975671 -0.02902353 -0.03727689
v -0.02965972 -0.02902201 -0.03843907
v -0.02934069 -0.02901870 -0.04082898
v -0.02891733 -0.02901625 -0.04287729
v -0.02565807 -0.02901136 -0.05072571
v -0.02581295 -0.02901146 -0.05046425
v -0.02611518 -0.02901160 -0.04993692
v -0.02626245 -0.02901167 -0.04967110
v -0.02640711 -0.02901179 -0.04940386
v -0.02654913 -0.02901193 -0.04913521
v -0.02682504 -0.02901221 -0.04859364
v -0.02781285 -0.02901327 -0.04636984
v -0.02855292 -0.02901490 -0.04422219
v -0.02467758 -0.02901057 -0.05226273
v -0.02484698 -0.02901070 -0.05201044
v -0.02501401 -0.02901083 -0.05175657
v -0.02517865 -0.02901096 -0.05150114
v -0.02550071 -0.02901127 -0.05098570
v -0.02397663 -0.02901015 -0.05325579
v -0.02415535 -0.02901027 -0.05301002
v -0.02433175 -0.02901037 -0.05276256
v -0.02052375 -0.02900754 -0.05721513
v -0.02127624 -0.02900808 -0.05646351
v -0.02361229 -0.02900987 -0.05374226
v -0.01668334 -0.02900548 -0.06031851
v -0.01866934 -0.02900636 -0.05885290
v -0.01996151 -0.02900714 -0.05774239
v -0.01352153 -0.02900518 -0.06217388
v -0.01574152 -0.02900528 -0.06092599
v -0.00489180 -0.02899785 -0.06513354
v -0.00524032 -0.02899812 -0.06506472
v -0.00558803 -0.02899843 -0.06499191
v -0.00593488 -0.02899874 -0.06491514
v -0.00662595 -0.02899945 -0.06475000
v -0.00697006 -0.02899980 -0.06466176
v -0.00731319 -0.02900014 -0.06456974
v -0.00765530 -0.02900051 -0.06447401
v -0.00799637 -0.02900090 -0.06437461
v -0.00867524 -0.02900168 -0.06416488
v -0.00901293 -0.02900206 -0.06405460
v -0.00934942 -0.02900241 -0.06394073
v -0.00968470 -0.02900275 -0.06382328
v -0.01001870 -0.02900309 -0.06370225
v -0.01035138 -0.02900341 -0.06357766
v -0.01166849 -0.02900446 -0.06304353
v -0.00137009 -0.02899650 -0.06558290
v -0.00349022 -0.02899703 -0.06536722
v -0.00419246 -0.02899738 -0.06525885
v -0.00454250 -0.02899759 -0.06519825
v -0.00207868 -0.02899659 -0.06553011
v -0.00278555 -0.02899680 -0.06545791
v -0.00313818 -0.02899689 -0.06541480
v -0.03635113 -0.02901560 0.04261533
v -0.03674744 -0.02899037 0.04397044
v -0.02914542 -0.02902741 -0.01155274
v -0.02927513 -0.02902721 -0.01739400
v -0.02982745 -0.02902803 -0.03189172
v -0.03139871 -0.02902911 0.02562008
v -0.03170544 -0.02902753 0.02701369
v -0.03303662 -0.02902644 0.03256477
v -0.03450249 -0.02902727 0.03763969
v -0.03481916 -0.02902697 0.03858303
v -0.03598497 -0.02902166 0.04167624
v -0.03558208 -0.02902485 0.04065767
v -0.02912188 -0.02902768 -0.01012456
v -0.02903222 -0.02903117 0.00182335
v -0.03022227 -0.02903316 0.01912002
v -0.02966934 -0.02903324 0.01470994
v -0.02921892 -0.02903208 0.00899076
v -0.02903966 -0.02903142 0.00325715
v -0.02869097 -0.03378607 -0.00752077
v 0.00005015 -0.03378605 -0.00752042
v -0.03277512 -0.03378609 0.03355999
v 0.00004954 -0.03378608 0.04111185
v -0.03521854 -0.03378608 0.04111140
v -0.03650600 -0.03402346 0.04288242
v -0.03607636 -0.03430093 0.04270793
v -0.03660396 -0.03440354 0.04308616
v -0.03613300 -0.03452194 0.04281101
v -0.03663527 -0.03460860 0.04312725
v -0.03646057 -0.03469854 0.04305206
v -0.03628766 -0.03479030 0.04297538
v -0.03615439 -0.03471170 0.04285898
v -0.03568037 -0.03339104 0.04092083
v -0.03548973 -0.03381234 0.04169532
v -0.03631597 -0.03366358 0.04243502
v -0.03589540 -0.03401993 0.04241826
v -0.03604952 -0.03423404 0.04266074
v -0.02908342 -0.03337914 -0.00240248
v -0.02904228 -0.03337511 0.00050059
v -0.02855191 -0.03378607 -0.00029311
v -0.02903220 -0.03337317 0.00182355
v -0.02916979 -0.03338008 -0.00662923
v -0.02910496 -0.03337849 -0.00370544
v -0.02919104 -0.03337982 -0.00750955
v -0.02917779 -0.03338006 -0.00695445
v -0.02913433 -0.03470747 -0.01149832
v -0.02876300 -0.03500356 -0.01133652
v -0.02874826 -0.03421189 -0.01019455
v -0.02926176 -0.03460585 -0.01155272
v -0.02925085 -0.03394381 -0.01059999
v -0.02922666 -0.03350159 -0.00924553
v -0.02872051 -0.03385263 -0.00884709
v -0.02921973 -0.03344846 -0.00888381
v -0.03605571 -0.03509687 0.04340515
v 0.00004953 -0.03471163 0.04285942
v 0.00005021 -0.03511610 -0.01145315
v -0.02862603 -0.03511617 -0.01145358
v -0.03649778 -0.03456620 0.09919135
v -0.03565871 -0.03456249 0.10552514
v -0.03480909 -0.03456035 0.10999146
v -0.03352424 -0.03455821 0.11504313
v -0.03284758 -0.03455806 0.11720338
v -0.03174003 -0.03455785 0.12024268
v -0.02991578 -0.03455914 0.12429573
v -0.02897208 -0.03456018 0.12605087
v -0.02716766 -0.03456272 0.12892759
v -0.02684589 -0.03456322 0.12938510
v -0.02532201 -0.03456572 0.13136174
v -0.02358493 -0.03456880 0.13328695
v -0.02286083 -0.03457010 0.13400155
v -0.02014335 -0.03457469 0.13629809
v -0.01896080 -0.03457663 0.13713324
v -0.01804457 -0.03457797 0.13772093
v -0.01488516 -0.03458196 0.13940102
v -0.01390037 -0.03458294 0.13982767
v -0.01322332 -0.03458354 0.14009705
v -0.00953736 -0.03458593 0.14125647
v -0.00561620 -0.03458700 0.14200041
v -0.00262801 -0.03458687 0.14228472
v 0.00004827 -0.03458617 0.14236195
v -0.03674767 -0.03456698 0.09658651
v -0.03743327 -0.03456757 0.08613915
v -0.03771404 -0.03456694 0.07567441
v -0.03774179 -0.03456718 0.07187226
v -0.03761153 -0.03457627 0.05574330
v -0.03748034 -0.03458715 0.04688129
v -0.03757170 -0.03457954 0.05308905
v -0.01046143 -0.03467453 -0.06371789
v -0.01393114 -0.03469130 -0.06214926
v -0.01470407 -0.03469230 -0.06173024
v -0.01580863 -0.03469186 -0.06108030
v -0.01767603 -0.03469013 -0.05982196
v -0.01850779 -0.03468963 -0.05918709
v -0.02004716 -0.03468855 -0.05787233
v -0.02121841 -0.03468617 -0.05673490
v -0.02364879 -0.03467170 -0.05391674
v -0.02557470 -0.03465874 -0.05110437
v -0.02691459 -0.03464844 -0.04867958
v -0.02725006 -0.03464362 -0.04797903
v -0.02794156 -0.03463170 -0.04634649
v -0.02838615 -0.03462344 -0.04510035
v -0.02892209 -0.03461436 -0.04324628
v -0.02933210 -0.03460640 -0.01419717
v -0.02969643 -0.03459962 -0.02776791
v -0.02988371 -0.03459928 -0.03331593
v -0.02986249 -0.03460030 -0.03596177
v -0.02970021 -0.03460343 -0.03860333
v -0.02955164 -0.03460541 -0.03991786
v -0.02926116 -0.03460919 -0.04171285
v 0.00005089 -0.03462388 -0.06584137
v -0.00320751 -0.03463076 -0.06562392
v -0.00405089 -0.03463417 -0.06549890
v -0.00797847 -0.03464799 -0.06457978
v -0.00514467 -0.03463836 -0.06529764
v 0.00004973 -0.03426356 0.04268303
v 0.00004993 -0.03399334 0.04237208
v 0.00004963 -0.03379737 0.04151664
v 0.00005029 -0.03394518 -0.00939225
v 0.00005031 -0.03405309 -0.00978777
v 0.00005025 -0.03449334 -0.01069857
v -0.03499817 -0.03339935 0.03916017
v -0.03277510 -0.03378609 0.03355999
v -0.03519322 -0.03339793 0.03968703
v -0.03142685 -0.03339185 0.02573364
v -0.03290836 -0.03340395 0.03205878
v -0.03357705 -0.03340414 0.03462610
v -0.02995178 -0.03336998 0.01723064
v -0.02957653 -0.03336407 0.01377365
v -0.03020485 -0.03337414 0.01910031
v -0.03114067 -0.03338808 0.02441568
v -0.02932189 -0.03336118 0.01050508
v -0.02911436 -0.03336305 0.00616834
v -0.03731216 -0.03459557 0.04545401
v 0.02879129 -0.03378607 -0.00752006
v 0.03483590 -0.03378608 0.03992524
v 0.03531763 -0.03378608 0.04111229
v 0.03328516 -0.03378608 0.03508803
v 0.03138531 -0.03378608 0.02737542
v 0.03638669 -0.03479029 0.04297629
v 0.03625345 -0.03471169 0.04285988
v 0.03655971 -0.03469848 0.04305302
v 0.03623322 -0.03452920 0.04281430
v 0.03673432 -0.03460859 0.04312815
v 0.03617541 -0.03430094 0.04270885
v 0.03660505 -0.03402347 0.04288334
v 0.03668245 -0.03429482 0.04304970
v 0.03614877 -0.03423446 0.04266197
v 0.03641338 -0.03366141 0.04243209
v 0.03604970 -0.03407727 0.04250347
v 0.03593397 -0.03396992 0.04232637
v 0.03602646 -0.03341088 0.04151606
v 0.03583026 -0.03390396 0.04215935
v 0.03577948 -0.03339104 0.04092171
v 0.02913228 -0.03337317 0.00182428
v 0.02916462 -0.03337802 -0.00107894
v 0.02918359 -0.03337913 -0.00240175
v 0.02923899 -0.03337846 -0.00532573
v 0.02927008 -0.03338007 -0.00662849
v 0.02928090 -0.03338002 -0.00706866
v 0.02929136 -0.03337982 -0.00750882
v 0.02882192 -0.03385866 -0.00889430
v 0.02884932 -0.03422971 -0.01023201
v 0.02886341 -0.03500356 -0.01133579
v 0.02911253 -0.03480492 -0.01144486
v 0.02932334 -0.03347090 -0.00905284
v 0.02934799 -0.03384373 -0.01039207
v 0.02936216 -0.03460585 -0.01155200
v 0.03615489 -0.03509666 0.04340576
v 0.02872644 -0.03511617 -0.01145286
v 0.00270588 -0.03458688 0.14228588
v 0.00413383 -0.03458704 0.14217854
v 0.00807170 -0.03458659 0.14160806
v 0.01272471 -0.03458407 0.14031883
v 0.00924581 -0.03458610 0.14135121
v 0.01461680 -0.03458231 0.13956444
v 0.01600513 -0.03458074 0.13891165
v 0.01868167 -0.03457720 0.13738076
v 0.01905744 -0.03457663 0.13713373
v 0.02160577 -0.03457240 0.13521546
v 0.02364639 -0.03456887 0.13332351
v 0.02426213 -0.03456780 0.13267903
v 0.02643731 -0.03456400 0.13007478
v 0.02726455 -0.03456271 0.12892827
v 0.02869218 -0.03456068 0.12670033
v 0.02973875 -0.03455937 0.12482663
v 0.03167919 -0.03455785 0.12063609
v 0.03283355 -0.03455804 0.11753474
v 0.03434302 -0.03455925 0.11239514
v 0.03497139 -0.03456045 0.10969160
v 0.03502407 -0.03456056 0.10944352
v 0.03659541 -0.03456618 0.09919227
v 0.03629039 -0.03456472 0.10185133
v 0.03560361 -0.03456193 0.10642699
v 0.03737681 -0.03456770 0.08922714
v 0.03775258 -0.03456709 0.07929453
v 0.03784090 -0.03456775 0.06882736
v 0.03771025 -0.03457626 0.05574425
v 0.03774517 -0.03457360 0.05836074
v 0.03761668 -0.03458405 0.04953655
v 0.03757928 -0.03458714 0.04688224
v 0.02991498 -0.03459825 -0.03070415
v 0.02955635 -0.03460661 -0.04059056
v 0.02991647 -0.03460156 -0.03705034
v 0.02998466 -0.03459928 -0.03331516
v 0.02883144 -0.03461750 -0.04396870
v 0.02887294 -0.03461681 -0.04381892
v 0.02124630 -0.03468640 -0.05680972
v 0.02015153 -0.03468855 -0.05786925
v 0.02305343 -0.03467742 -0.05479549
v 0.02399695 -0.03466958 -0.05358915
v 0.02524073 -0.03466064 -0.05179686
v 0.02709158 -0.03464741 -0.04852507
v 0.02812977 -0.03463007 -0.04611700
v 0.01591035 -0.03469185 -0.06107986
v 0.01857864 -0.03468965 -0.05921102
v 0.01056317 -0.03467453 -0.06371763
v 0.01296384 -0.03468749 -0.06268480
v 0.01565232 -0.03469208 -0.06123744
v 0.00665020 -0.03464290 -0.06497667
v 0.00538879 -0.03463885 -0.06526814
v 0.00320079 -0.03463031 -0.06563796
v 0.00267794 -0.03462827 -0.06569967
v 0.03152634 -0.03339185 0.02573442
v 0.03181968 -0.03339523 0.02702795
v 0.03304050 -0.03340407 0.03219125
v 0.03328516 -0.03378607 0.03508804
v 0.03371228 -0.03340411 0.03475768
v 0.03421998 -0.03340311 0.03651430
v 0.02914554 -0.03336924 0.00317285
v 0.02931171 -0.03336124 0.00856557
v 0.02924171 -0.03378606 0.01448266
v 0.02940404 -0.03336111 0.01022517
v 0.02967632 -0.03336408 0.01377441
v 0.03004359 -0.03336985 0.01716851
v 0.03038934 -0.03337552 0.01967249
v 0.03718183 -0.03460111 0.04449003
v -0.03142310 -0.03120735 0.02571887
v -0.03353634 -0.03101029 0.03441841
v -0.03566808 -0.03094470 0.04085701
v -0.03487391 -0.03095200 0.03874382
v -0.03609215 -0.03102828 0.04189712
v -0.03648896 -0.03195980 0.04285216
v -0.03737855 -0.03092118 0.05653813
v -0.03749695 -0.03174691 0.07760304
v -0.03689782 -0.03174750 0.09235889
v -0.03645485 -0.03361327 0.09919135
v -0.03709890 -0.03178797 0.04475536
v -0.03740912 -0.03202234 0.04684012
v 0.03152258 -0.03120726 0.02571966
v 0.03653777 -0.03031234 0.04276953
v 0.03619129 -0.03103139 0.04189818
v 0.03497309 -0.03095509 0.03874484
v 0.03576722 -0.03094781 0.04085806
v 0.03761452 -0.03242221 0.05625883
v 0.03619692 -0.03002641 0.09919219
v 0.03699558 -0.03174717 0.09235982
v 0.03759508 -0.03174657 0.07760403
v 0.03745149 -0.03119865 0.04679022
v 0.03719775 -0.03178791 0.04475575
v -0.02703086 -0.03176880 0.12886249
v -0.03008144 -0.03176276 0.12355949
v -0.03266644 -0.03175725 0.11712068
v -0.02347951 -0.03177504 0.13323624
v -0.01943433 -0.03178138 0.13672470
v -0.01451220 -0.03178840 0.13953303
v -0.00920252 -0.03179558 0.14132999
v 0.00004819 -0.03180592 0.14236200
v -0.00348190 -0.03180313 0.14222652
v -0.03473138 -0.03175358 0.10939386
v 0.03482874 -0.03175342 0.10939476
v 0.03276360 -0.03175712 0.11712154
v 0.03017844 -0.03176261 0.12356026
v 0.02712774 -0.03176866 0.12886319
v 0.02357627 -0.03177490 0.13323683
v 0.01953100 -0.03178123 0.13672519
v 0.01460880 -0.03178824 0.13953337
v 0.00929908 -0.03179542 0.14133021
v 0.00357846 -0.03180299 0.14222659
f 1 2 3
f 3 4 1
f 1 4 5
f 1 5 6
f 5 7 6
f 6 7 8
f 6 8 9
f 8 10 9
f 9 10 11
f 9 11 12
f 11 13 12
f 12 13 14
f 12 14 15
f 15 14 16
f 15 16 17
f 16 18 17
f 17 18 19
f 17 19 20
f 19 21 20
f 20 21 22
f 20 22 23
f 22 24 23
f 23 24 25
f 23 25 26
f 25 27 26
f 26 27 28
f 26 28 29
f 29 28 30
f 29 30 31
f 31 30 32
f 31 32 33
f 32 34 33
f 33 34 35
f 33 35 36
f 35 37 36
f 36 37 38
f 36 38 39
f 38 40 39
f 39 40 41
f 39 41 42
f 41 43 42
f 42 43 44
f 42 44 45
f 45 44 46
f 46 47 45
f 45 47 48
f 45 48 49
f 48 50 49
f 49 50 51
f 49 51 52
f 51 53 52
f 52 53 54
f 52 54 55
f 54 56 55
f 55 56 57
f 55 57 2
f 2 57 58
f 2 58 3
f 29 31 59
f 29 59 26
f 17 20 59
f 59 20 23
f 59 23 26
f 9 12 59
f 59 12 15
f 59 15 17
f 2 1 59
f 59 1 6
f 59 6 9
f 49 52 59
f 59 52 55
f 59 55 2
f 39 42 59
f 59 42 45
f 59 45 49
f 31 33 59
f 59 33 36
f 59 36 39
f 60 61 62
f 62 61 63
f 62 63 64
f 64 63 65
f 64 65 66
f 66 65 67
f 66 67 68
f 68 67 69
f 68 69 70
f 70 69 71
f 70 71 72
f 72 71 73
f 72 73 74
f 74 73 75
f 74 75 76
f 76 75 77
f 76 77 78
f 78 77 79
f 78 79 80
f 80 79 81
f 80 81 82
f 82 81 83
f 82 83 84
f 84 83 85
f 84 85 86
f 86 85 87
f 86 87 88
f 88 87 89
f 88 89 90
f 90 89 91
f 90 91 92
f 92 91 93
f 92 93 94
f 94 93 95
f 94 95 96
f 96 95 97
f 96 97 60
f 60 97 61
f 97 95 98
f 65 63 98
f 98 63 61
f 98 61 97
f 71 69 98
f 98 69 67
f 98 67 65
f 77 75 98
f 98 75 73
f 98 73 71
f 83 81 98
f 98 81 79
f 98 79 77
f 89 87 98
f 98 87 85
f 98 85 83
f 95 93 98
f 98 93 91
f 98 91 89
f 28 96 60
f 28 27 96
f 96 27 25
f 96 25 94
f 25 24 94
f 94 24 22
f 94 22 92
f 22 21 92
f 92 21 19
f 92 19 90
f 19 18 90
f 90 18 16
f 90 16 88
f 16 14 88
f 88 14 13
f 88 13 86
f 13 11 86
f 86 11 10
f 86 10 84
f 10 8 84
f 84 8 7
f 84 7 82
f 7 5 82
f 82 5 4
f 82 4 80
f 4 3 80
f 80 3 58
f 80 58 78
f 58 57 78
f 78 57 56
f 78 56 76
f 56 54 76
f 76 54 53
f 76 53 74
f 53 51 74
f 74 51 50
f 74 50 72
f 50 48 72
f 72 48 47
f 72 47 70
f 47 46 70
f 70 46 44
f 70 44 68
f 44 43 68
f 68 43 41
f 68 41 66
f 41 40 66
f 66 40 38
f 66 38 64
f 38 37 64
f 64 37 35
f 64 35 62
f 35 34 62
f 62 34 32
f 62 32 60
f 60 32 30
f 60 30 28
f 99 100 101
f 102 103 104
f 105 106 107
f 108 109 110
f 111 112 113
f 114 115 116
f 117 118 119
f 120 121 122
f 123 124 125
f 126 127 128
f 129 130 131
f 132 133 134
f 135 136 137
f 138 139 140
f 141 142 143
f 144 145 146
f 147 148 149
f 145 150 151
f 148 152 153
f 150 154 155
f 152 156 157
f 158 159 160
f 152 157 153
f 153 157 161
f 153 161 162
f 162 161 163
f 162 163 164
f 164 163 165
f 164 165 166
f 150 155 151
f 151 155 167
f 151 167 168
f 168 167 169
f 168 169 170
f 170 169 171
f 170 171 172
f 158 160 173
f 173 160 174
f 173 174 175
f 175 174 176
f 175 176 177
f 177 176 178
f 177 178 179
f 159 180 181
f 148 153 149
f 149 153 162
f 149 162 182
f 182 162 164
f 182 164 183
f 183 164 166
f 183 166 184
f 145 151 146
f 146 151 168
f 146 168 185
f 185 168 170
f 185 170 186
f 186 170 172
f 186 172 187
f 159 181 160
f 160 181 188
f 160 188 174
f 174 188 189
f 174 189 176
f 176 189 190
f 176 190 178
f 180 191 192
f 193 194 195
f 195 194 196
f 195 196 197
f 197 196 198
f 197 198 199
f 199 198 140
f 200 201 202
f 202 201 203
f 202 203 204
f 204 203 205
f 204 205 206
f 206 205 137
f 207 208 209
f 209 208 210
f 209 210 211
f 211 210 212
f 211 212 213
f 213 212 131
f 147 149 214
f 214 149 182
f 214 182 215
f 215 182 183
f 215 183 216
f 216 183 184
f 216 184 217
f 218 219 220
f 220 219 221
f 220 221 222
f 222 221 223
f 222 223 224
f 224 223 125
f 225 226 227
f 227 226 228
f 227 228 229
f 229 228 230
f 229 230 231
f 231 230 122
f 232 233 234
f 234 233 235
f 234 235 236
f 236 235 237
f 236 237 238
f 238 237 116
f 144 146 239
f 239 146 185
f 239 185 240
f 240 185 186
f 240 186 241
f 241 186 187
f 241 187 242
f 243 244 245
f 245 244 246
f 245 246 247
f 247 246 248
f 247 248 249
f 249 248 110
f 250 251 252
f 252 251 253
f 252 253 254
f 254 253 255
f 254 255 256
f 256 255 107
f 257 258 259
f 259 258 260
f 259 260 261
f 261 260 262
f 261 262 263
f 263 262 101
f 180 192 181
f 181 192 264
f 181 264 188
f 188 264 265
f 188 265 189
f 189 265 266
f 189 266 190
f 158 267 159
f 159 267 268
f 159 268 180
f 180 268 269
f 180 269 191
f 191 269 143
f 191 143 270
f 270 143 142
f 271 141 272
f 272 141 143
f 272 143 273
f 273 143 269
f 273 269 274
f 274 269 268
f 274 268 275
f 275 268 267
f 275 193 274
f 274 193 195
f 274 195 273
f 273 195 197
f 273 197 272
f 272 197 199
f 272 199 271
f 271 199 276
f 140 139 199
f 199 139 277
f 199 277 276
f 278 138 279
f 279 138 140
f 279 140 280
f 280 140 198
f 280 198 281
f 281 198 196
f 281 196 282
f 282 196 194
f 282 200 281
f 281 200 202
f 281 202 280
f 280 202 204
f 280 204 279
f 279 204 206
f 279 206 278
f 278 206 283
f 137 136 206
f 206 136 284
f 206 284 283
f 201 285 203
f 203 285 286
f 203 286 205
f 205 286 287
f 205 287 137
f 137 287 134
f 137 134 135
f 135 134 133
f 288 132 289
f 289 132 134
f 289 134 290
f 290 134 287
f 290 287 291
f 291 287 286
f 291 286 292
f 292 286 285
f 292 207 291
f 291 207 209
f 291 209 290
f 290 209 211
f 290 211 289
f 289 211 213
f 289 213 288
f 288 213 293
f 131 130 213
f 213 130 294
f 213 294 293
f 295 129 296
f 296 129 131
f 296 131 297
f 297 131 212
f 297 212 298
f 298 212 210
f 298 210 299
f 299 210 208
f 299 156 298
f 298 156 152
f 298 152 297
f 297 152 148
f 297 148 296
f 296 148 147
f 296 147 295
f 295 147 300
f 301 302 217
f 217 302 303
f 217 303 216
f 216 303 304
f 216 304 215
f 215 304 305
f 215 305 214
f 214 305 306
f 214 306 147
f 147 306 307
f 147 307 300
f 165 308 166
f 166 308 309
f 166 309 184
f 184 309 310
f 184 310 217
f 217 310 128
f 217 128 301
f 301 128 127
f 311 126 312
f 312 126 128
f 312 128 313
f 313 128 310
f 313 310 314
f 314 310 309
f 314 309 315
f 315 309 308
f 315 218 314
f 314 218 220
f 314 220 313
f 313 220 222
f 313 222 312
f 312 222 224
f 312 224 311
f 311 224 316
f 125 124 224
f 224 124 317
f 224 317 316
f 318 123 319
f 319 123 125
f 319 125 320
f 320 125 223
f 320 223 321
f 321 223 221
f 321 221 322
f 322 221 219
f 322 225 321
f 321 225 227
f 321 227 320
f 320 227 229
f 320 229 319
f 319 229 231
f 319 231 318
f 318 231 323
f 122 121 231
f 231 121 324
f 231 324 323
f 118 120 119
f 119 120 122
f 119 122 325
f 325 122 230
f 325 230 326
f 326 230 228
f 326 228 327
f 327 228 226
f 328 117 329
f 329 117 119
f 329 119 330
f 330 119 325
f 330 325 331
f 331 325 326
f 331 326 332
f 332 326 327
f 332 232 331
f 331 232 234
f 331 234 330
f 330 234 236
f 330 236 329
f 329 236 238
f 329 238 328
f 328 238 333
f 116 115 238
f 238 115 334
f 238 334 333
f 335 114 336
f 336 114 116
f 336 116 337
f 337 116 237
f 337 237 338
f 338 237 235
f 338 235 339
f 339 235 233
f 339 154 338
f 338 154 150
f 338 150 337
f 337 150 145
f 337 145 336
f 336 145 144
f 336 144 335
f 335 144 340
f 341 342 242
f 242 342 343
f 242 343 241
f 241 343 344
f 241 344 240
f 240 344 345
f 240 345 239
f 239 345 346
f 239 346 144
f 144 346 347
f 144 347 340
f 171 348 172
f 172 348 349
f 172 349 187
f 187 349 350
f 187 350 242
f 242 350 113
f 242 113 341
f 341 113 112
f 351 111 352
f 352 111 113
f 352 113 353
f 353 113 350
f 353 350 354
f 354 350 349
f 354 349 355
f 355 349 348
f 355 243 354
f 354 243 245
f 354 245 353
f 353 245 247
f 353 247 352
f 352 247 249
f 352 249 351
f 351 249 356
f 110 109 249
f 249 109 357
f 249 357 356
f 358 108 359
f 359 108 110
f 359 110 360
f 360 110 248
f 360 248 361
f 361 248 246
f 361 246 362
f 362 246 244
f 362 250 361
f 361 250 252
f 361 252 360
f 360 252 254
f 360 254 359
f 359 254 256
f 359 256 358
f 358 256 363
f 107 106 256
f 256 106 364
f 256 364 363
f 103 105 104
f 104 105 107
f 104 107 365
f 365 107 255
f 365 255 366
f 366 255 253
f 366 253 367
f 367 253 251
f 368 102 369
f 369 102 104
f 369 104 370
f 370 104 365
f 370 365 371
f 371 365 366
f 371 366 372
f 372 366 367
f 372 257 371
f 371 257 259
f 371 259 370
f 370 259 261
f 370 261 369
f 369 261 263
f 369 263 368
f 368 263 373
f 101 100 263
f 263 100 374
f 263 374 373
f 375 99 376
f 376 99 101
f 376 101 377
f 377 101 262
f 377 262 378
f 378 262 260
f 378 260 379
f 379 260 258
f 379 179 378
f 378 179 178
f 378 178 377
f 377 178 190
f 377 190 376
f 376 190 266
f 376 266 375
f 375 266 380
f 270 381 191
f 191 381 382
f 191 382 192
f 192 382 383
f 192 383 264
f 264 383 384
f 264 384 265
f 265 384 385
f 265 385 266
f 266 385 386
f 266 386 380
f 387 388 389
f 389 388 390
f 389 390 391
f 391 390 392
f 391 392 393
f 393 392 394
f 393 394 395
f 395 394 396
f 395 396 397
f 397 396 398
f 397 398 399
f 399 398 400
f 399 400 401
f 401 400 402
f 401 402 403
f 403 402 404
f 403 404 405
f 405 404 406
f 405 406 407
f 407 406 408
f 407 408 409
f 409 408 410
f 409 410 411
f 411 410 412
f 411 412 413
f 413 412 414
f 413 414 415
f 415 414 416
f 415 416 417
f 417 416 418
f 417 418 419
f 419 418 420
f 419 420 421
f 421 420 422
f 421 422 423
f 423 422 424
f 423 424 425
f 425 424 426
f 425 426 427
f 427 426 428
f 427 428 429
f 429 428 430
f 429 430 431
f 431 430 432
f 431 432 433
f 433 432 434
f 433 434 435
f 435 434 436
f 435 436 437
f 437 436 438
f 437 438 439
f 439 438 440
f 439 440 441
f 441 440 442
f 441 442 443
f 443 442 444
f 443 444 445
f 445 444 446
f 445 446 447
f 447 446 448
f 447 448 449
f 449 448 450
f 449 450 451
f 451 450 452
f 451 452 453
f 453 452 454
f 453 454 455
f 455 454 456
f 455 456 457
f 457 456 458
f 457 458 459
f 459 458 460
f 459 460 461
f 461 460 462
f 461 462 463
f 463 462 464
f 463 464 465
f 465 464 466
f 465 466 467
f 467 466 468
f 467 468 469
f 469 468 470
f 469 470 471
f 471 470 472
f 471 472 473
f 473 472 474
f 473 474 475
f 475 474 476
f 475 476 477
f 477 476 478
f 477 478 479
f 479 478 480
f 479 480 481
f 481 480 482
f 481 482 483
f 483 482 484
f 483 484 485
f 485 484 486
f 485 486 487
f 487 486 488
f 487 488 489
f 489 488 490
f 489 490 491
f 491 490 492
f 491 492 493
f 493 492 494
f 493 494 495
f 495 494 496
f 495 496 497
f 497 496 498
f 497 498 499
f 499 498 500
f 499 500 501
f 501 500 502
f 501 502 503
f 503 502 504
f 503 504 505
f 505 504 506
f 505 506 507
f 507 506 508
f 507 508 509
f 509 508 510
f 509 510 511
f 511 510 512
f 511 512 513
f 513 512 514
f 513 514 515
f 515 514 516
f 515 516 517
f 517 516 518
f 517 518 519
f 519 518 520
f 519 520 521
f 521 520 522
f 521 522 523
f 523 522 524
f 523 524 525
f 525 524 526
f 525 526 527
f 527 526 528
f 527 528 529
f 529 528 530
f 529 530 387
f 387 530 388
f 530 531 388
f 388 531 532
f 388 532 390
f 390 532 533
f 390 533 392
f 392 533 534
f 392 534 394
f 394 534 535
f 394 535 396
f 396 535 536
f 396 536 398
f 398 536 537
f 398 537 400
f 400 537 538
f 400 538 402
f 402 538 539
f 402 539 404
f 404 539 540
f 404 540 406
f 406 540 541
f 406 541 408
f 408 541 542
f 408 542 410
f 410 542 543
f 410 543 412
f 412 543 544
f 412 544 414
f 414 544 545
f 414 545 416
f 416 545 546
f 416 546 418
f 418 546 547
f 418 547 420
f 420 547 548
f 420 548 422
f 422 548 549
f 422 549 424
f 424 549 550
f 424 550 426
f 426 550 551
f 426 551 428
f 428 551 552
f 428 552 430
f 430 552 553
f 430 553 432
f 432 553 554
f 432 554 434
f 434 554 555
f 434 555 436
f 436 555 556
f 436 556 438
f 438 556 557
f 438 557 440
f 440 557 558
f 440 558 442
f 442 558 559
f 442 559 444
f 444 559 560
f 444 560 446
f 446 560 561
f 446 561 448
f 448 561 562
f 448 562 450
f 450 562 563
f 450 563 452
f 452 563 564
f 452 564 454
f 454 564 565
f 454 565 456
f 456 565 566
f 456 566 458
f 458 566 567
f 458 567 460
f 460 567 568
f 460 568 462
f 462 568 569
f 462 569 464
f 464 569 570
f 464 570 466
f 466 570 571
f 466 571 468
f 468 571 572
f 468 572 470
f 470 572 573
f 470 573 472
f 472 573 574
f 472 574 474
f 474 574 575
f 474 575 476
f 476 575 576
f 476 576 478
f 478 576 577
f 478 577 480
f 480 577 578
f 480 578 482
f 482 578 579
f 482 579 484
f 484 579 580
f 484 580 486
f 486 580 581
f 486 581 488
f 488 581 582
f 488 582 490
f 490 582 583
f 490 583 492
f 492 583 584
f 492 584 494
f 494 584 585
f 494 585 496
f 496 585 586
f 496 586 498
f 498 586 587
f 498 587 500
f 500 587 588
f 500 588 502
f 502 588 589
f 502 589 504
f 504 589 590
f 504 590 506
f 506 590 591
f 506 591 508
f 508 591 592
f 508 592 510
f 510 592 593
f 510 593 512
f 512 593 594
f 512 594 514
f 514 594 595
f 514 595 516
f 516 595 596
f 516 596 518
f 518 596 597
f 518 597 520
f 520 597 598
f 520 598 522
f 522 598 599
f 522 599 524
f 524 599 600
f 524 600 526
f 526 600 601
f 526 601 528
f 528 601 602
f 528 602 530
f 530 602 531
f 602 603 531
f 531 603 604
f 531 604 532
f 532 604 605
f 532 605 533
f 533 605 606
f 533 606 534
f 534 606 607
f 534 607 535
f 535 607 608
f 535 608 536
f 536 608 609
f 536 609 537
f 537 609 610
f 537 610 538
f 538 610 611
f 538 611 539
f 539 611 612
f 539 612 540
f 540 612 613
f 540 613 541
f 541 613 614
f 541 614 542
f 542 614 615
f 542 615 543
f 543 615 616
f 543 616 544
f 544 616 617
f 544 617 545
f 545 617 618
f 545 618 546
f 546 618 619
f 546 619 547
f 547 619 620
f 547 620 548
f 548 620 621
f 548 621 549
f 549 621 622
f 549 622 550
f 550 622 623
f 550 623 551
f 551 623 624
f 551 624 552
f 552 624 625
f 552 625 553
f 553 625 626
f 553 626 554
f 554 626 627
f 554 627 555
f 555 627 628
f 555 628 556
f 556 628 629
f 556 629 557
f 557 629 630
f 557 630 558
f 558 630 631
f 558 631 559
f 559 631 632
f 559 632 560
f 560 632 633
f 560 633 561
f 561 633 634
f 561 634 562
f 562 634 635
f 562 635 563
f 563 635 636
f 563 636 564
f 564 636 637
f 564 637 565
f 565 637 638
f 565 638 566
f 566 638 639
f 566 639 567
f 567 639 640
f 567 640 568
f 568 640 641
f 568 641 569
f 569 641 642
f 569 642 570
f 570 642 643
f 570 643 571
f 571 643 644
f 571 644 572
f 572 644 645
f 572 645 573
f 573 645 646
f 573 646 574
f 574 646 647
f 574 647 575
f 575 647 648
f 575 648 576
f 576 648 649
f 576 649 577
f 577 649 650
f 577 650 578
f 578 650 651
f 578 651 579
f 579 651 652
f 579 652 580
f 580 652 653
f 580 653 581
f 581 653 654
f 581 654 582
f 582 654 655
f 582 655 583
f 583 655 656
f 583 656 584
f 584 656 657
f 584 657 585
f 585 657 658
f 585 658 586
f 586 658 659
f 586 659 587
f 587 659 660
f 587 660 588
f 588 660 661
f 588 661 589
f 589 661 662
f 589 662 590
f 590 662 663
f 590 663 591
f 591 663 664
f 591 664 592
f 592 664 665
f 592 665 593
f 593 665 666
f 593 666 594
f 594 666 667
f 594 667 595
f 595 667 668
f 595 668 596
f 596 668 669
f 596 669 597
f 597 669 670
f 597 670 598
f 598 670 671
f 598 671 599
f 599 671 672
f 599 672 600
f 600 672 673
f 600 673 601
f 601 673 674
f 601 674 602
f 602 674 603
f 675 676 677
f 677 676 678
f 677 678 679
f 679 678 680
f 679 680 681
f 681 680 682
f 681 682 683
f 683 682 684
f 683 684 685
f 685 684 686
f 685 686 687
f 687 686 688
f 687 688 689
f 689 688 690
f 689 690 691
f 691 690 692
f 691 692 693
f 693 692 694
f 693 694 695
f 695 694 696
f 695 696 697
f 697 696 698
f 697 698 699
f 699 698 700
f 699 700 701
f 701 700 702
f 701 702 703
f 703 702 704
f 703 704 705
f 705 704 706
f 705 706 707
f 707 706 708
f 707 708 709
f 709 708 710
f 709 710 711
f 711 710 712
f 711 712 713
f 713 712 714
f 713 714 715
f 715 714 716
f 715 716 717
f 717 716 718
f 717 718 719
f 719 718 720
f 719 720 721
f 721 720 722
f 721 722 723
f 723 722 724
f 723 724 725
f 725 724 726
f 725 726 727
f 727 726 728
f 727 728 729
f 729 728 730
f 729 730 731
f 731 730 732
f 731 732 733
f 733 732 734
f 733 734 735
f 735 734 736
f 735 736 737
f 737 736 738
f 737 738 739
f 739 738 740
f 739 740 741
f 741 740 742
f 741 742 743
f 743 742 744
f 743 744 745
f 745 744 746
f 745 746 747
f 747 746 748
f 747 748 749
f 749 748 750
f 749 750 751
f 751 750 752
f 751 752 753
f 753 752 754
f 753 754 755
f 755 754 756
f 755 756 757
f 757 756 758
f 757 758 759
f 759 758 760
f 759 760 761
f 761 760 762
f 761 762 763
f 763 762 764
f 763 764 765
f 765 764 766
f 765 766 767
f 767 766 768
f 767 768 769
f 769 768 770
f 769 770 675
f 675 770 676
f 770 771 676
f 676 771 772
f 676 772 678
f 678 772 773
f 678 773 680
f 680 773 774
f 680 774 682
f 682 774 775
f 682 775 684
f 684 775 776
f 684 776 686
f 686 776 777
f 686 777 688
f 688 777 778
f 688 778 690
f 690 778 779
f 690 779 692
f 692 779 780
f 692 780 694
f 694 780 781
f 694 781 696
f 696 781 782
f 696 782 698
f 698 782 783
f 698 783 700
f 700 783 784
f 700 784 702
f 702 784 785
f 702 785 704
f 704 785 786
f 704 786 706
f 706 786 787
f 706 787 708
f 708 787 788
f 708 788 710
f 710 788 789
f 710 789 712
f 712 789 790
f 712 790 714
f 714 790 791
f 714 791 716
f 716 791 792
f 716 792 718
f 718 792 793
f 718 793 720
f 720 793 794
f 720 794 722
f 722 794 795
f 722 795 724
f 724 795 796
f 724 796 726
f 726 796 797
f 726 797 728
f 728 797 798
f 728 798 730
f 730 798 799
f 730 799 732
f 732 799 800
f 732 800 734
f 734 800 801
f 734 801 736
f 736 801 802
f 736 802 738
f 738 802 803
f 738 803 740
f 740 803 804
f 740 804 742
f 742 804 805
f 742 805 744
f 744 805 806
f 744 806 746
f 746 806 807
f 746 807 748
f 748 807 808
f 748 808 750
f 750 808 809
f 750 809 752
f 752 809 810
f 752 810 754
f 754 810 811
f 754 811 756
f 756 811 812
f 756 812 758
f 758 812 813
f 758 813 760
f 760 813 814
f 760 814 762
f 762 814 815
f 762 815 764
f 764 815 816
f 764 816 766
f 766 816 817
f 766 817 768
f 768 817 818
f 768 818 770
f 770 818 771
f 818 819 771
f 771 819 820
f 771 820 772
f 772 820 821
f 772 821 773
f 773 821 822
f 773 822 774
f 774 822 823
f 774 823 775
f 775 823 824
f 775 824 776
f 776 824 825
f 776 825 777
f 777 825 826
f 777 826 778
f 778 826 827
f 778 827 779
f 779 827 828
f 779 828 780
f 780 828 829
f 780 829 781
f 781 829 830
f 781 830 782
f 782 830 831
f 782 831 783
f 783 831 832
f 783 832 784
f 784 832 833
f 784 833 785
f 785 833 834
f 785 834 786
f 786 834 835
f 786 835 787
f 787 835 836
f 787 836 788
f 788 836 837
f 788 837 789
f 789 837 838
f 789 838 790
f 790 838 839
f 790 839 791
f 791 839 840
f 791 840 792
f 792 840 841
f 792 841 793
f 793 841 842
f 793 842 794
f 794 842 843
f 794 843 795
f 795 843 844
f 795 844 796
f 796 844 845
f 796 845 797
f 797 845 846
f 797 846 798
f 798 846 847
f 798 847 799
f 799 847 848
f 799 848 800
f 800 848 849
f 800 849 801
f 801 849 850
f 801 850 802
f 802 850 851
f 802 851 803
f 803 851 852
f 803 852 804
f 804 852 853
f 804 853 805
f 805 853 854
f 805 854 806
f 806 854 855
f 806 855 807
f 807 855 856
f 807 856 808
f 808 856 857
f 808 857 809
f 809 857 858
f 809 858 810
f 810 858 859
f 810 859 811
f 811 859 860
f 811 860 812
f 812 860 861
f 812 861 813
f 813 861 862
f 813 862 814
f 814 862 863
f 814 863 815
f 815 863 864
f 815 864 816
f 816 864 865
f 816 865 817
f 817 865 866
f 817 866 818
f 818 866 819
f 867 868 869
f 870 871 872
f 873 874 875
f 876 877 878
f 879 880 881
f 882 883 884
f 885 886 887
f 888 889 890
f 891 892 893
f 894 895 896
f 897 898 899
f 897 899 900
f 900 899 901
f 900 901 902
f 902 901 903
f 902 903 904
f 904 903 905
f 904 905 906
f 906 905 907
f 906 907 908
f 898 909 910
f 898 910 899
f 899 910 911
f 899 911 901
f 901 911 912
f 901 912 903
f 903 912 913
f 903 913 905
f 905 913 914
f 905 914 907
f 909 915 916
f 917 918 919
f 919 918 920
f 919 920 921
f 921 920 922
f 921 922 923
f 923 922 896
f 924 925 926
f 926 925 927
f 926 927 928
f 928 927 929
f 928 929 930
f 930 929 893
f 931 932 933
f 933 932 934
f 933 934 935
f 935 934 936
f 935 936 937
f 937 936 890
f 938 939 940
f 940 939 941
f 940 941 942
f 942 941 943
f 942 943 944
f 944 943 887
f 945 946 947
f 947 946 948
f 947 948 949
f 949 948 950
f 949 950 951
f 951 950 884
f 952 953 954
f 954 953 955
f 954 955 956
f 956 955 957
f 956 957 958
f 958 957 878
f 959 960 961
f 961 960 962
f 961 962 963
f 963 962 964
f 963 964 965
f 965 964 875
f 966 967 968
f 968 967 969
f 968 969 970
f 970 969 971
f 970 971 972
f 972 971 872
f 973 974 975
f 975 974 976
f 975 976 977
f 977 976 978
f 977 978 979
f 979 978 869
f 909 916 910
f 910 916 980
f 910 980 911
f 911 980 981
f 911 981 912
f 912 981 982
f 912 982 913
f 913 982 983
f 913 983 914
f 984 916 985
f 985 916 915
f 985 915 986
f 987 986 988
f 988 986 915
f 988 915 989
f 989 915 909
f 989 909 990
f 990 909 898
f 990 898 991
f 991 898 897
f 991 917 990
f 990 917 919
f 990 919 989
f 989 919 921
f 989 921 988
f 988 921 923
f 988 923 987
f 987 923 992
f 896 895 923
f 923 895 993
f 923 993 992
f 994 894 995
f 995 894 896
f 995 896 996
f 996 896 922
f 996 922 997
f 997 922 920
f 997 920 998
f 998 920 918
f 998 924 997
f 997 924 926
f 997 926 996
f 996 926 928
f 996 928 995
f 995 928 930
f 995 930 994
f 994 930 999
f 893 892 930
f 930 892 1000
f 930 1000 999
f 1001 891 1002
f 1002 891 893
f 1002 893 1003
f 1003 893 929
f 1003 929 1004
f 1004 929 927
f 1004 927 1005
f 1005 927 925
f 1005 931 1004
f 1004 931 933
f 1004 933 1003
f 1003 933 935
f 1003 935 1002
f 1002 935 937
f 1002 937 1001
f 1001 937 1006
f 890 889 937
f 937 889 1007
f 937 1007 1006
f 1008 888 1009
f 1009 888 890
f 1009 890 1010
f 1010 890 936
f 1010 936 1011
f 1011 936 934
f 1011 934 1012
f 1012 934 932
f 1012 938 1011
f 1011 938 940
f 1011 940 1010
f 1010 940 942
f 1010 942 1009
f 1009 942 944
f 1009 944 1008
f 1008 944 1013
f 887 886 944
f 944 886 1014
f 944 1014 1013
f 1015 885 1016
f 1016 885 887
f 1016 887 1017
f 1017 887 943
f 1017 943 1018
f 1018 943 941
f 1018 941 1019
f 1019 941 939
f 1019 945 1018
f 1018 945 947
f 1018 947 1017
f 1017 947 949
f 1017 949 1016
f 1016 949 951
f 1016 951 1015
f 1015 951 1020
f 884 883 951
f 951 883 1021
f 951 1021 1020
f 880 882 881
f 881 882 884
f 881 884 1022
f 1022 884 950
f 1022 950 1023
f 1023 950 948
f 1023 948 1024
f 1024 948 946
f 1025 879 1026
f 1026 879 881
f 1026 881 1027
f 1027 881 1022
f 1027 1022 1028
f 1028 1022 1023
f 1028 1023 1029
f 1029 1023 1024
f 1029 952 1028
f 1028 952 954
f 1028 954 1027
f 1027 954 956
f 1027 956 1026
f 1026 956 958
f 1026 958 1025
f 1025 958 1030
f 878 877 958
f 958 877 1031
f 958 1031 1030
f 1032 876 1033
f 1033 876 878
f 1033 878 1034
f 1034 878 957
f 1034 957 1035
f 1035 957 955
f 1035 955 1036
f 1036 955 953
f 1036 959 1035
f 1035 959 961
f 1035 961 1034
f 1034 961 963
f 1034 963 1033
f 1033 963 965
f 1033 965 1032
f 1032 965 1037
f 875 874 965
f 965 874 1038
f 965 1038 1037
f 1039 873 1040
f 1040 873 875
f 1040 875 1041
f 1041 875 964
f 1041 964 1042
f 1042 964 962
f 1042 962 1043
f 1043 962 960
f 1043 966 1042
f 1042 966 968
f 1042 968 1041
f 1041 968 970
f 1041 970 1040
f 1040 970 972
f 1040 972 1039
f 1039 972 1044
f 872 871 972
f 972 871 1045
f 972 1045 1044
f 1046 870 1047
f 1047 870 872
f 1047 872 1048
f 1048 872 971
f 1048 971 1049
f 1049 971 969
f 1049 969 1050
f 1050 969 967
f 1050 973 1049
f 1049 973 975
f 1049 975 1048
f 1048 975 977
f 1048 977 1047
f 1047 977 979
f 1047 979 1046
f 1046 979 1051
f 869 868 979
f 979 868 1052
f 979 1052 1051
f 1053 867 1054
f 1054 867 869
f 1054 869 1055
f 1055 869 978
f 1055 978 1056
f 1056 978 976
f 1056 976 1057
f 1057 976 974
f 1057 908 1056
f 1056 908 907
f 1056 907 1055
f 1055 907 914
f 1055 914 1054
f 1054 914 983
f 1054 983 1053
f 1053 983 1058
f 984 1059 916
f 916 1059 1060
f 916 1060 980
f 980 1060 1061
f 980 1061 981
f 981 1061 1062
f 981 1062 982
f 982 1062 1063
f 982 1063 983
f 983 1063 1064
f 983 1064 1058
f 1036 953 630
f 952 632 953
f 953 632 631
f 953 631 630
f 1029 634 952
f 952 634 633
f 952 633 632
f 641 640 945
f 945 640 946
f 640 639 946
f 946 639 638
f 946 638 1024
f 638 637 1024
f 1024 637 636
f 1024 636 1029
f 1029 636 635
f 1029 635 634
f 641 945 642
f 642 945 1019
f 642 1019 643
f 643 1019 644
f 644 1019 939
f 644 939 645
f 645 939 646
f 646 939 938
f 646 938 647
f 647 938 648
f 648 938 1012
f 648 1012 649
f 614 613 973
f 973 613 974
f 614 973 615
f 615 973 1050
f 615 1050 616
f 649 1012 650
f 650 1012 932
f 650 932 651
f 651 932 652
f 652 932 931
f 652 931 653
f 991 897 669
f 607 906 908
f 1057 609 908
f 908 609 608
f 908 608 607
f 613 612 974
f 974 612 611
f 974 611 1057
f 1057 611 610
f 1057 610 609
f 616 1050 617
f 617 1050 967
f 617 967 618
f 960 959 626
f 630 629 1036
f 1036 629 628
f 1036 628 959
f 959 628 627
f 959 627 626
f 900 671 897
f 897 671 670
f 897 670 669
f 902 673 900
f 900 673 672
f 900 672 671
f 904 603 902
f 902 603 674
f 902 674 673
f 607 606 906
f 906 606 605
f 906 605 904
f 904 605 604
f 904 604 603
f 618 967 619
f 619 967 966
f 619 966 620
f 1043 622 966
f 966 622 621
f 966 621 620
f 626 625 960
f 960 625 624
f 960 624 1043
f 1043 624 623
f 1043 623 622
f 653 931 654
f 654 931 1005
f 654 1005 655
f 925 924 659
f 998 661 924
f 924 661 660
f 924 660 659
f 918 663 998
f 998 663 662
f 998 662 661
f 917 665 918
f 918 665 664
f 918 664 663
f 669 668 991
f 991 668 667
f 991 667 917
f 917 667 666
f 917 666 665
f 659 658 925
f 925 658 657
f 925 657 1005
f 1005 657 656
f 1005 656 655
f 857 285 858
f 858 285 201
f 858 201 859
f 859 201 200
f 859 200 860
f 860 200 282
f 860 282 861
f 861 282 194
f 861 194 862
f 862 194 193
f 862 193 863
f 863 193 275
f 863 275 864
f 864 275 267
f 864 267 865
f 865 267 158
f 865 158 866
f 866 158 173
f 866 173 819
f 819 173 175
f 819 175 820
f 820 175 177
f 820 177 821
f 821 177 179
f 821 179 822
f 822 179 379
f 822 379 823
f 823 379 258
f 823 258 824
f 824 258 257
f 824 257 825
f 825 257 372
f 825 372 826
f 842 226 843
f 843 226 225
f 843 225 844
f 844 225 322
f 844 322 845
f 845 322 219
f 845 219 846
f 846 219 218
f 846 218 847
f 847 218 315
f 847 315 848
f 848 315 308
f 848 308 849
f 849 308 165
f 849 165 850
f 850 165 163
f 850 163 851
f 851 163 161
f 851 161 852
f 852 161 157
f 852 157 853
f 853 157 156
f 853 156 854
f 854 156 299
f 854 299 855
f 855 299 208
f 855 208 856
f 856 208 207
f 856 207 857
f 857 207 292
f 857 292 285
f 372 367 826
f 826 367 251
f 826 251 827
f 827 251 250
f 827 250 828
f 828 250 362
f 828 362 829
f 829 362 244
f 829 244 830
f 830 244 243
f 830 243 831
f 831 243 355
f 831 355 832
f 832 355 348
f 832 348 833
f 833 348 171
f 833 171 834
f 834 171 169
f 834 169 835
f 835 169 167
f 835 167 836
f 836 167 155
f 836 155 837
f 837 155 154
f 837 154 838
f 838 154 339
f 838 339 839
f 839 339 233
f 839 233 840
f 840 233 232
f 840 232 841
f 841 232 332
f 841 332 842
f 842 332 327
f 842 327 226
f 719 1025 717
f 717 1025 1030
f 717 1030 715
f 715 1030 1031
f 715 1031 713
f 713 1031 877
f 713 877 711
f 877 876 711
f 711 876 1032
f 711 1032 709
f 709 1032 1037
f 709 1037 707
f 707 1037 1038
f 707 1038 705
f 705 1038 874
f 705 874 703
f 874 873 703
f 703 873 1039
f 703 1039 701
f 701 1039 1044
f 701 1044 699
f 699 1044 1045
f 699 1045 697
f 697 1045 871
f 697 871 695
f 695 871 870
f 695 870 693
f 693 870 1046
f 693 1046 691
f 1046 1051 691
f 691 1051 1052
f 691 1052 689
f 689 1052 868
f 689 868 687
f 687 868 867
f 687 867 685
f 685 867 1053
f 685 1053 683
f 1053 1058 683
f 683 1058 1064
f 683 1064 681
f 681 1064 1063
f 681 1063 679
f 679 1063 1062
f 679 1062 677
f 677 1062 1061
f 677 1061 675
f 675 1061 1060
f 675 1060 769
f 769 1060 1059
f 769 1059 767
f 767 1059 984
f 767 984 765
f 765 984 985
f 765 985 763
f 985 986 763
f 763 986 987
f 763 987 761
f 761 987 992
f 761 992 759
f 759 992 993
f 759 993 757
f 757 993 895
f 757 895 755
f 895 894 755
f 755 894 994
f 755 994 753
f 753 994 999
f 753 999 751
f 751 999 1000
f 751 1000 749
f 749 1000 892
f 749 892 747
f 747 892 891
f 747 891 745
f 891 1001 745
f 745 1001 1006
f 745 1006 743
f 743 1006 1007
f 743 1007 741
f 741 1007 889
f 741 889 739
f 739 889 888
f 739 888 737
f 888 1008 737
f 737 1008 1013
f 737 1013 735
f 735 1013 1014
f 735 1014 733
f 733 1014 886
f 733 886 731
f 731 886 885
f 731 885 729
f 885 1015 729
f 729 1015 1020
f 729 1020 727
f 727 1020 1021
f 727 1021 725
f 725 1021 883
f 725 883 723
f 723 883 882
f 723 882 721
f 721 882 880
f 721 880 719
f 719 880 879
f 719 879 1025
f 475 311 473
f 473 311 316
f 473 316 471
f 471 316 317
f 471 317 469
f 469 317 124
f 469 124 467
f 467 124 123
f 467 123 465
f 465 123 318
f 465 318 463
f 491 307 489
f 489 307 306
f 489 306 487
f 487 306 305
f 487 305 485
f 485 305 304
f 485 304 483
f 483 304 303
f 483 303 481
f 481 303 302
f 481 302 479
f 479 302 301
f 479 301 477
f 477 301 127
f 477 127 475
f 475 127 126
f 475 126 311
f 503 288 501
f 501 288 293
f 501 293 499
f 499 293 294
f 499 294 497
f 497 294 130
f 497 130 495
f 495 130 129
f 495 129 493
f 493 129 295
f 493 295 491
f 491 295 300
f 491 300 307
f 515 278 513
f 513 278 283
f 513 283 511
f 511 283 284
f 511 284 509
f 509 284 136
f 509 136 507
f 507 136 135
f 507 135 505
f 505 135 133
f 505 133 503
f 503 133 132
f 503 132 288
f 523 271 521
f 521 271 276
f 521 276 519
f 519 276 277
f 519 277 517
f 517 277 139
f 517 139 515
f 515 139 138
f 515 138 278
f 399 375 397
f 397 375 380
f 397 380 395
f 395 380 386
f 395 386 393
f 393 386 385
f 393 385 391
f 391 385 384
f 391 384 389
f 389 384 383
f 389 383 387
f 387 383 382
f 387 382 529
f 529 382 381
f 529 381 527
f 527 381 270
f 527 270 525
f 525 270 142
f 525 142 523
f 523 142 141
f 523 141 271
f 407 368 405
f 405 368 373
f 405 373 403
f 403 373 374
f 403 374 401
f 401 374 100
f 401 100 399
f 399 100 99
f 399 99 375
f 419 358 417
f 417 358 363
f 417 363 415
f 415 363 364
f 415 364 413
f 413 364 106
f 413 106 411
f 411 106 105
f 411 105 409
f 409 105 103
f 409 103 407
f 407 103 102
f 407 102 368
f 427 351 425
f 425 351 356
f 425 356 423
f 423 356 357
f 423 357 421
f 421 357 109
f 421 109 419
f 419 109 108
f 419 108 358
f 447 335 445
f 445 335 340
f 445 340 443
f 443 340 347
f 443 347 441
f 441 347 346
f 441 346 439
f 439 346 345
f 439 345 437
f 437 345 344
f 437 344 435
f 435 344 343
f 435 343 433
f 433 343 342
f 433 342 431
f 431 342 341
f 431 341 429
f 429 341 112
f 429 112 427
f 427 112 111
f 427 111 351
f 455 328 453
f 453 328 333
f 453 333 451
f 451 333 334
f 451 334 449
f 449 334 115
f 449 115 447
f 447 115 114
f 447 114 335
f 318 323 463
f 463 323 324
f 463 324 461
f 461 324 121
f 461 121 459
f 459 121 120
f 459 120 457
f 457 120 118
f 457 118 455
f 455 118 117
f 455 117 328
f 1065 1066 1067
f 1067 1066 1068
f 1069 1070 1065
f 1065 1070 1066
f 1071 1072 1073
f 1074 1075 1076
f 1074 1076 1073
f 1073 1076 1077
f 1073 1077 1071
f 1078 1079 1080
f 1080 1079 1081
f 1080 1081 1082
f 1082 1081 1083
f 1082 1083 1084
f 1084 1083 1085
f 1084 1085 1086
f 1085 1087 1086
f 1086 1087 1088
f 1086 1088 1089
f 1089 1090 1086
f 1086 1090 1091
f 1086 1091 1084
f 1084 1091 1092
f 1084 1092 1082
f 1082 1092 1080
f 1080 1092 1093
f 1080 1093 1078
f 1094 1095 1096
f 1094 1096 1097
f 1098 1099 1100
f 1100 1099 1097
f 1100 1097 1101
f 1101 1097 1096
f 1102 1094 1103
f 1103 1094 1097
f 1103 1097 1099
f 1104 1105 1106
f 1106 1105 1107
f 1108 1109 1104
f 1104 1109 1105
f 1098 1100 1110
f 1111 1112 1113
f 1114 1115 1116
f 1116 1115 1117
f 1116 1117 1118
f 1119 1120 1121
f 1121 1120 1122
f 1110 1123 1124
f 1124 1123 1114
f 1124 1114 1125
f 1125 1114 1116
f 1085 1113 1087
f 1087 1113 1112
f 1087 1112 1088
f 1088 1112 1126
f 1088 1126 1127
f 1122 1081 1121
f 1121 1081 1079
f 1121 1079 1128
f 1128 1079 1129
f 1130 1131 1132
f 1132 1131 1133
f 1134 1135 1136
f 1126 1137 1127
f 1127 1137 1138
f 1127 1138 1139
f 1139 1138 1140
f 1113 1141 1111
f 1111 1141 1142
f 1111 1142 1143
f 1143 1142 1144
f 1143 1144 1119
f 1119 1144 1145
f 1119 1145 1120
f 1118 1096 1116
f 1116 1096 1095
f 1116 1095 1146
f 1146 1095 1147
f 1146 1147 1130
f 1130 1147 1148
f 1130 1148 1131
f 1149 1150 1151
f 1151 1150 1134
f 1151 1134 1152
f 1152 1134 1136
f 1140 1153 1139
f 1139 1153 1154
f 1139 1154 1135
f 1135 1154 1155
f 1135 1155 1136
f 1110 1124 1098
f 1098 1124 1156
f 1098 1156 1157
f 1157 1156 1158
f 1157 1158 1129
f 1129 1158 1159
f 1129 1159 1128
f 1083 1081 1122
f 1113 1085 1141
f 1141 1085 1083
f 1141 1083 1142
f 1142 1083 1144
f 1122 1120 1083
f 1083 1120 1145
f 1083 1145 1144
f 1160 1161 1162
f 1163 1164 1165
f 1166 1167 1168
f 1165 1169 1163
f 1163 1169 1170
f 1163 1170 1171
f 1171 1170 1172
f 1171 1172 1173
f 1174 1175 1176
f 1177 1178 1179
f 1179 1178 1180
f 1179 1180 1181
f 1181 1180 1182
f 1162 1183 1160
f 1160 1183 1184
f 1160 1184 1185
f 1185 1184 1186
f 1185 1186 1164
f 1164 1186 1187
f 1164 1187 1165
f 1173 1188 1171
f 1171 1188 1189
f 1171 1189 1190
f 1191 1192 1193
f 1193 1192 1194
f 1193 1194 1195
f 1195 1194 1196
f 1195 1196 1197
f 1197 1196 1198
f 1197 1198 1199
f 1182 1200 1181
f 1181 1200 1201
f 1181 1201 1161
f 1161 1201 1202
f 1161 1202 1162
f 1189 1203 1190
f 1190 1203 1204
f 1190 1204 1205
f 1205 1204 1206
f 1168 1167 1207
f 1207 1167 1208
f 1207 1208 1090
f 1090 1208 1209
f 1090 1209 1091
f 1091 1209 1210
f 1091 1210 1092
f 1092 1210 1211
f 1092 1211 1093
f 1093 1211 1212
f 1093 1212 1213
f 1213 1212 1214
f 1213 1214 1215
f 1215 1214 1216
f 1215 1216 1103
f 1103 1216 1217
f 1103 1217 1102
f 1102 1217 1218
f 1102 1218 1219
f 1220 1221 1222
f 1222 1221 1223
f 1222 1223 1224
f 1225 1226 1227
f 1227 1226 1228
f 1227 1228 1177
f 1177 1228 1229
f 1177 1229 1178
f 1206 1230 1205
f 1205 1230 1231
f 1205 1231 1232
f 1233 1234 1235
f 1235 1234 1236
f 1235 1236 1237
f 1231 1238 1232
f 1232 1238 1239
f 1232 1239 1240
f 1239 1241 1240
f 1240 1241 1242
f 1240 1242 1243
f 1243 1242 1244
f 1243 1244 1236
f 1236 1244 1245
f 1236 1245 1237
f 1246 1247 1248
f 1248 1247 1249
f 1248 1249 1250
f 1220 1251 1221
f 1221 1251 1252
f 1221 1252 1225
f 1225 1252 1253
f 1225 1253 1226
f 1176 1175 1254
f 1254 1175 1255
f 1254 1255 1108
f 1108 1255 1256
f 1108 1256 1109
f 1176 1257 1174
f 1174 1257 1258
f 1174 1258 1259
f 1259 1258 1260
f 1259 1260 1261
f 1261 1260 1262
f 1261 1262 1218
f 1218 1262 1263
f 1218 1263 1219
f 1264 1265 1266
f 1266 1265 1267
f 1266 1267 1268
f 1268 1267 1269
f 1268 1269 1270
f 1270 1269 1271
f 1270 1271 1199
f 1199 1271 1272
f 1199 1272 1197
f 1193 1273 1191
f 1191 1273 1274
f 1191 1274 1275
f 1275 1274 1276
f 1275 1276 1277
f 1277 1276 1278
f 1277 1278 1246
f 1246 1278 1279
f 1246 1279 1247
f 1280 1281 1069
f 1069 1281 1282
f 1069 1282 1070
f 1280 1283 1281
f 1281 1283 1284
f 1281 1284 1223
f 1223 1284 1285
f 1223 1285 1224
f 1233 1286 1234
f 1234 1286 1287
f 1234 1287 1256
f 1256 1287 1288
f 1256 1288 1109
f 1249 1289 1250
f 1250 1289 1290
f 1250 1290 1291
f 1291 1290 1292
f 1291 1292 1293
f 1293 1292 1294
f 1293 1294 1282
f 1282 1294 1295
f 1282 1295 1070
f 1168 1296 1166
f 1166 1296 1297
f 1166 1297 1298
f 1298 1297 1299
f 1298 1299 1300
f 1300 1299 1301
f 1300 1301 1302
f 1302 1301 1303
f 1302 1303 1304
f 1304 1303 1305
f 1304 1305 1306
f 1306 1305 1307
f 1306 1307 1264
f 1264 1307 1308
f 1264 1308 1265
f 1096 1118 1101
f 1101 1118 1117
f 1110 1100 1123
f 1123 1100 1101
f 1123 1101 1114
f 1114 1101 1117
f 1114 1117 1115
f 1309 1310 1311
f 1312 1313 1314
f 1315 1316 1317
f 1318 1319 1320
f 1321 1318 1322
f 1323 1324 1322
f 1322 1324 1325
f 1325 1326 1322
f 1322 1326 1327
f 1322 1327 1321
f 1322 1328 1329
f 1323 1322 1330
f 1330 1322 1329
f 1330 1329 1331
f 1332 1333 1334
f 1333 1332 1335
f 1335 1332 1315
f 1335 1315 1336
f 1336 1315 1317
f 1336 1317 1337
f 1337 1317 1338
f 1337 1338 1339
f 1339 1338 1340
f 1339 1340 1341
f 1342 1343 1344
f 1344 1343 1345
f 1344 1345 1346
f 1314 1347 1348
f 1312 1314 1349
f 1349 1314 1348
f 1349 1348 1350
f 1351 1352 1353
f 1354 1355 1356
f 1356 1355 1357
f 1320 1319 1357
f 1358 1359 1360
f 1360 1359 1356
f 1360 1356 1361
f 1361 1356 1357
f 1361 1357 1362
f 1362 1357 1319
f 1347 1314 1363
f 1363 1314 1313
f 1363 1313 1364
f 1312 1346 1313
f 1313 1346 1345
f 1313 1345 1364
f 1364 1345 1343
f 1364 1343 1365
f 1317 1366 1338
f 1338 1366 1365
f 1338 1365 1340
f 1340 1365 1343
f 1340 1343 1341
f 1341 1343 1342
f 1317 1367 1366
f 1366 1367 1368
f 1366 1368 1365
f 1365 1368 1369
f 1365 1369 1364
f 1364 1369 1351
f 1364 1351 1363
f 1363 1351 1353
f 1363 1353 1347
f 1316 1315 1370
f 1370 1315 1332
f 1370 1332 1371
f 1371 1332 1334
f 1371 1334 1372
f 1318 1320 1322
f 1322 1320 1373
f 1322 1373 1328
f 1374 1375 1376
f 1376 1375 1377
f 1376 1377 1378
f 1378 1377 1379
f 1378 1379 1380
f 1380 1379 1381
f 1380 1381 1382
f 1382 1381 1383
f 1382 1383 1384
f 1384 1383 1385
f 1384 1385 1386
f 1386 1385 1387
f 1386 1387 1311
f 1375 1331 1377
f 1377 1331 1329
f 1377 1329 1379
f 1379 1329 1328
f 1379 1328 1381
f 1381 1328 1373
f 1381 1373 1383
f 1383 1373 1320
f 1383 1320 1385
f 1385 1320 1357
f 1385 1357 1387
f 1387 1357 1355
f 1387 1355 1311
f 1311 1355 1354
f 1311 1354 1309
f 1371 1374 1370
f 1370 1374 1376
f 1370 1376 1316
f 1316 1376 1378
f 1316 1378 1317
f 1317 1378 1380
f 1317 1380 1367
f 1367 1380 1382
f 1367 1382 1368
f 1368 1382 1384
f 1368 1384 1369
f 1369 1384 1386
f 1369 1386 1351
f 1351 1386 1311
f 1351 1311 1352
f 1352 1311 1310
f 1359 1358 1388
f 1389 1390 1391
f 1392 1393 1394
f 1394 1393 1395
f 1396 1397 1398
f 1398 1397 1399
f 1398 1399 1392
f 1392 1399 1400
f 1392 1400 1393
f 1401 1402 1389
f 1403 1404 1391
f 1391 1404 1405
f 1391 1405 1389
f 1389 1405 1406
f 1389 1406 1401
f 1407 1408 1409
f 1410 1408 1411
f 1411 1408 1407
f 1411 1407 1412
f 1412 1407 1413
f 1414 1413 1415
f 1415 1413 1407
f 1415 1407 1416
f 1416 1407 1417
f 1416 1417 1418
f 1418 1417 1419
f 1418 1419 1388
f 1359 1388 1356
f 1356 1388 1419
f 1356 1419 1420
f 1421 1309 1420
f 1420 1309 1354
f 1420 1354 1356
f 1422 1353 1423
f 1423 1353 1352
f 1423 1352 1424
f 1424 1352 1310
f 1350 1348 1422
f 1422 1348 1347
f 1422 1347 1353
f 1395 1425 1394
f 1394 1425 1426
f 1394 1426 1427
f 1428 1429 1430
f 1430 1429 1431
f 1430 1431 1403
f 1403 1391 1430
f 1430 1391 1432
f 1430 1432 1428
f 1433 1434 1435
f 1435 1434 1436
f 1435 1436 1437
f 1437 1436 1438
f 1437 1438 1424
f 1424 1438 1423
f 1423 1438 1439
f 1423 1439 1422
f 1422 1439 1440
f 1422 1440 1350
f 1434 1398 1436
f 1436 1398 1392
f 1436 1392 1438
f 1438 1392 1394
f 1438 1394 1439
f 1439 1394 1427
f 1439 1427 1440
f 1421 1441 1442
f 1442 1441 1443
f 1442 1443 1444
f 1444 1443 1428
f 1444 1428 1445
f 1445 1428 1432
f 1445 1432 1446
f 1446 1432 1391
f 1446 1391 1447
f 1447 1391 1390
f 1447 1390 1448
f 1421 1420 1441
f 1441 1420 1419
f 1441 1419 1443
f 1443 1419 1417
f 1443 1417 1428
f 1428 1417 1407
f 1428 1407 1429
f 1429 1407 1409
f 1429 1409 1431
f 1402 1449 1389
f 1389 1449 1450
f 1389 1450 1390
f 1390 1450 1396
f 1390 1396 1448
f 1448 1396 1398
f 1448 1398 1447
f 1447 1398 1434
f 1447 1434 1446
f 1446 1434 1433
f 1446 1433 1445
f 1445 1433 1435
f 1445 1435 1444
f 1444 1435 1437
f 1444 1437 1442
f 1442 1437 1424
f 1442 1424 1421
f 1421 1424 1310
f 1421 1310 1309
f 1108 1104 1254
f 1254 1104 1451
f 1254 1451 1176
f 1176 1451 1452
f 1176 1452 1257
f 1257 1452 1453
f 1257 1453 1258
f 1258 1453 1454
f 1258 1454 1260
f 1260 1454 1455
f 1260 1455 1262
f 1262 1455 1456
f 1094 1102 1219
f 1094 1219 1457
f 1457 1219 1263
f 1457 1263 1458
f 1458 1263 1262
f 1458 1262 1456
f 1109 1288 1105
f 1105 1288 1287
f 1105 1287 1459
f 1287 1286 1459
f 1459 1286 1233
f 1459 1233 1460
f 1460 1233 1235
f 1460 1235 1461
f 1461 1235 1237
f 1239 1462 1241
f 1241 1462 1463
f 1241 1463 1242
f 1242 1463 1464
f 1242 1464 1244
f 1244 1464 1465
f 1244 1465 1245
f 1245 1465 1466
f 1245 1466 1237
f 1237 1466 1467
f 1237 1467 1461
f 1231 1468 1469
f 1231 1469 1238
f 1469 1470 1238
f 1238 1470 1471
f 1238 1471 1239
f 1239 1471 1472
f 1239 1472 1462
f 1468 1231 1473
f 1473 1231 1230
f 1473 1230 1206
f 1474 1203 1189
f 1474 1189 1475
f 1474 1476 1203
f 1203 1476 1477
f 1203 1477 1204
f 1204 1477 1478
f 1204 1478 1206
f 1206 1478 1479
f 1206 1479 1473
f 1480 1481 1165
f 1165 1481 1482
f 1189 1188 1475
f 1475 1188 1173
f 1475 1173 1483
f 1483 1173 1172
f 1483 1172 1484
f 1484 1172 1170
f 1484 1170 1482
f 1482 1170 1169
f 1482 1169 1165
f 1103 1099 1215
f 1215 1099 1485
f 1215 1485 1213
f 1213 1485 1486
f 1213 1486 1093
f 1093 1486 1078
f 1280 1069 1065
f 1280 1065 1283
f 1283 1065 1487
f 1283 1487 1284
f 1488 1224 1487
f 1487 1224 1285
f 1487 1285 1284
f 1165 1187 1480
f 1480 1187 1186
f 1480 1186 1489
f 1489 1186 1184
f 1489 1184 1490
f 1490 1184 1183
f 1201 1491 1202
f 1202 1491 1490
f 1202 1490 1162
f 1162 1490 1183
f 1201 1200 1491
f 1491 1200 1182
f 1491 1182 1492
f 1182 1180 1492
f 1492 1180 1178
f 1492 1178 1493
f 1493 1178 1229
f 1493 1229 1494
f 1229 1228 1494
f 1494 1228 1226
f 1494 1226 1495
f 1495 1226 1253
f 1495 1253 1496
f 1496 1253 1252
f 1496 1252 1497
f 1497 1252 1251
f 1497 1251 1498
f 1498 1251 1220
f 1498 1220 1488
f 1488 1220 1222
f 1488 1222 1224
f 1499 1305 1500
f 1500 1305 1303
f 1500 1303 1501
f 1303 1301 1501
f 1501 1301 1299
f 1501 1299 1502
f 1090 1089 1207
f 1207 1089 1503
f 1207 1503 1168
f 1168 1503 1504
f 1168 1504 1296
f 1296 1504 1502
f 1296 1502 1297
f 1297 1502 1299
f 1290 1289 1505
f 1505 1289 1506
f 1506 1289 1249
f 1506 1249 1507
f 1505 1508 1290
f 1290 1508 1509
f 1290 1509 1292
f 1292 1509 1510
f 1292 1510 1294
f 1294 1510 1066
f 1294 1066 1295
f 1295 1066 1070
f 1511 1197 1512
f 1512 1197 1272
f 1512 1272 1513
f 1272 1271 1513
f 1513 1271 1269
f 1513 1269 1514
f 1514 1269 1267
f 1514 1267 1515
f 1305 1499 1307
f 1307 1499 1516
f 1307 1516 1308
f 1308 1516 1515
f 1308 1515 1265
f 1265 1515 1267
f 1278 1073 1279
f 1279 1073 1517
f 1279 1517 1247
f 1247 1517 1507
f 1247 1507 1249
f 1518 1164 1519
f 1519 1164 1163
f 1519 1163 1520
f 1520 1163 1171
f 1521 1522 1190
f 1190 1522 1523
f 1190 1523 1171
f 1171 1523 1524
f 1171 1524 1520
f 1205 1525 1526
f 1205 1526 1190
f 1190 1526 1527
f 1190 1527 1521
f 1525 1205 1528
f 1528 1205 1232
f 1528 1232 1529
f 1243 1530 1240
f 1240 1530 1531
f 1240 1531 1232
f 1232 1531 1532
f 1232 1532 1529
f 1533 1534 1236
f 1236 1534 1535
f 1236 1535 1243
f 1243 1535 1536
f 1243 1536 1530
f 1533 1236 1537
f 1537 1236 1234
f 1537 1234 1538
f 1538 1234 1539
f 1539 1234 1256
f 1539 1256 1540
f 1540 1256 1541
f 1541 1256 1255
f 1541 1255 1542
f 1175 1543 1255
f 1255 1543 1544
f 1255 1544 1542
f 1174 1545 1175
f 1175 1545 1546
f 1175 1546 1543
f 1547 1548 1259
f 1259 1548 1549
f 1259 1549 1174
f 1174 1549 1550
f 1174 1550 1545
f 1547 1259 1551
f 1551 1259 1261
f 1551 1261 1552
f 1552 1261 1553
f 1553 1261 1218
f 1553 1218 1554
f 1554 1218 1555
f 1555 1218 1217
f 1555 1217 1556
f 1556 1217 1557
f 1557 1217 1216
f 1557 1216 1558
f 1558 1216 1559
f 1559 1216 1214
f 1559 1214 1560
f 1560 1214 1561
f 1561 1214 1212
f 1561 1212 1562
f 1562 1212 1563
f 1563 1212 1211
f 1563 1211 1564
f 1164 1518 1185
f 1185 1518 1565
f 1185 1565 1160
f 1160 1565 1161
f 1161 1565 1566
f 1161 1566 1181
f 1181 1566 1567
f 1181 1567 1179
f 1568 1223 1221
f 1179 1567 1177
f 1177 1567 1569
f 1177 1569 1227
f 1227 1569 1570
f 1227 1570 1225
f 1225 1570 1571
f 1225 1571 1221
f 1221 1571 1572
f 1221 1572 1568
f 1568 1573 1223
f 1223 1573 1574
f 1223 1574 1281
f 1281 1574 1575
f 1281 1575 1282
f 1282 1575 1576
f 1282 1576 1293
f 1293 1576 1577
f 1293 1577 1291
f 1291 1577 1578
f 1291 1578 1250
f 1250 1578 1579
f 1250 1579 1248
f 1248 1579 1580
f 1210 1581 1211
f 1211 1581 1564
f 1582 1583 1196
f 1196 1194 1582
f 1582 1194 1192
f 1582 1192 1584
f 1584 1192 1191
f 1248 1580 1246
f 1246 1580 1585
f 1246 1585 1277
f 1277 1585 1586
f 1277 1586 1275
f 1275 1586 1587
f 1275 1587 1191
f 1191 1587 1588
f 1191 1588 1584
f 1581 1210 1589
f 1589 1210 1209
f 1589 1209 1208
f 1304 1590 1302
f 1302 1590 1591
f 1302 1591 1300
f 1300 1591 1592
f 1300 1592 1298
f 1298 1592 1593
f 1298 1593 1166
f 1166 1593 1594
f 1166 1594 1167
f 1167 1594 1595
f 1167 1595 1208
f 1208 1595 1596
f 1208 1596 1589
f 1590 1304 1597
f 1597 1304 1306
f 1597 1306 1598
f 1598 1306 1264
f 1598 1264 1599
f 1599 1264 1266
f 1196 1583 1198
f 1198 1583 1600
f 1198 1600 1199
f 1199 1600 1601
f 1199 1601 1270
f 1270 1601 1602
f 1270 1602 1268
f 1268 1602 1603
f 1268 1603 1266
f 1266 1603 1604
f 1266 1604 1599
f 1605 1606 1607
f 1608 1609 1610
f 1610 1609 1611
f 1610 1611 1612
f 1612 1611 1613
f 1614 1615 1616
f 1616 1615 1612
f 1616 1612 1617
f 1617 1612 1613
f 1614 1618 1615
f 1615 1618 1619
f 1615 1619 1606
f 1606 1619 1620
f 1606 1620 1607
f 1605 1607 1621
f 1621 1607 1622
f 1621 1622 1623
f 1624 1625 1626
f 1624 1626 1627
f 1627 1626 1628
f 1627 1628 1629
f 1629 1628 1630
f 1629 1630 1631
f 1631 1630 1632
f 1631 1632 1633
f 1633 1632 1634
f 1633 1634 1635
f 1635 1634 1636
f 1635 1636 1637
f 1637 1636 1638
f 1637 1638 1639
f 1639 1638 1640
f 1639 1640 1641
f 1641 1640 1642
f 1641 1642 1643
f 1643 1642 1644
f 1643 1644 1645
f 1645 1644 1646
f 1646 1644 1647
f 1646 1647 1648
f 1648 1647 1649
f 1648 1649 1650
f 1650 1649 1651
f 1650 1651 1652
f 1652 1651 1653
f 1652 1653 1654
f 1654 1653 1623
f 1654 1623 1622
f 1655 1656 1657
f 1657 1656 1658
f 1657 1658 1659
f 1659 1658 1660
f 1659 1660 1661
f 1662 1608 1610
f 1610 1663 1662
f 1662 1663 1664
f 1662 1664 1655
f 1655 1664 1665
f 1655 1665 1656
f 1666 1667 1668
f 1669 1670 1671
f 1671 1672 1669
f 1669 1672 1673
f 1669 1673 1674
f 1674 1673 1675
f 1674 1675 1676
f 1676 1675 1677
f 1676 1677 1678
f 1678 1677 1679
f 1678 1679 1680
f 1680 1679 1681
f 1680 1681 1682
f 1682 1681 1666
f 1682 1666 1683
f 1683 1666 1668
f 1670 1684 1671
f 1671 1684 1685
f 1671 1685 1686
f 1686 1685 1687
f 1686 1687 1688
f 1687 1689 1688
f 1688 1689 1690
f 1688 1690 1691
f 1691 1690 1692
f 1690 1693 1692
f 1692 1693 1694
f 1692 1694 1695
f 1695 1694 1696
f 1695 1696 1697
f 1697 1696 1698
f 1698 1699 1697
f 1697 1699 1625
f 1697 1625 1624
f 1700 1701 1660
f 1660 1701 1661
f 1702 1703 1704
f 1704 1703 1705
f 1704 1705 1706
f 1706 1705 1707
f 1706 1707 1708
f 1708 1707 1709
f 1710 1711 1707
f 1707 1711 1712
f 1707 1712 1709
f 1668 1667 1713
f 1713 1667 1714
f 1713 1714 1715
f 1715 1714 1716
f 1715 1716 1710
f 1710 1716 1717
f 1710 1717 1711
f 1718 1719 1720
f 1720 1719 1721
f 1720 1722 1718
f 1718 1722 1723
f 1718 1723 1724
f 1724 1723 1701
f 1724 1701 1700
f 1725 1726 1727
f 1725 1727 1728
f 1728 1727 1729
f 1728 1729 1730
f 1730 1729 1731
f 1730 1731 1732
f 1732 1731 1733
f 1733 1731 1734
f 1733 1734 1735
f 1735 1734 1703
f 1735 1703 1702
f 1736 1737 1738
f 1739 1740 1741
f 1741 1740 1742
f 1741 1742 1743
f 1743 1742 1744
f 1743 1744 1745
f 1745 1744 1746
f 1738 1737 1747
f 1747 1737 1748
f 1747 1748 1749
f 1749 1748 1750
f 1749 1750 1751
f 1751 1750 1752
f 1751 1752 1753
f 1753 1752 1754
f 1753 1754 1755
f 1755 1754 1756
f 1755 1756 1757
f 1757 1756 1758
f 1757 1758 1759
f 1759 1758 1760
f 1759 1760 1761
f 1761 1760 1762
f 1761 1762 1763
f 1763 1762 1764
f 1763 1764 1765
f 1765 1764 1766
f 1765 1766 1767
f 1767 1766 1768
f 1767 1768 1769
f 1769 1768 1770
f 1769 1770 1739
f 1739 1770 1771
f 1739 1771 1740
f 1721 1719 1772
f 1721 1772 1773
f 1773 1772 1774
f 1773 1774 1775
f 1775 1774 1776
f 1775 1776 1738
f 1738 1776 1777
f 1738 1777 1736
f 1778 1779 1725
f 1725 1779 1726
f 1780 1781 1782
f 1782 1781 1783
f 1782 1783 1784
f 1783 1785 1784
f 1784 1785 1745
f 1784 1745 1746
f 1786 1787 1788
f 1788 1787 1789
f 1788 1789 1790
f 1789 1791 1790
f 1790 1791 1792
f 1790 1792 1793
f 1793 1792 1779
f 1793 1779 1778
f 1780 1782 1794
f 1794 1782 1795
f 1794 1795 1796
f 1797 1798 1799
f 1797 1799 1800
f 1800 1799 1801
f 1800 1801 1802
f 1802 1801 1803
f 1802 1803 1804
f 1804 1803 1805
f 1804 1805 1806
f 1806 1805 1807
f 1806 1807 1808
f 1808 1807 1809
f 1808 1809 1810
f 1810 1809 1811
f 1811 1809 1812
f 1811 1812 1813
f 1813 1812 1814
f 1813 1814 1815
f 1815 1814 1816
f 1815 1816 1817
f 1817 1816 1818
f 1817 1818 1819
f 1819 1818 1820
f 1819 1820 1821
f 1821 1820 1822
f 1821 1822 1823
f 1822 1824 1823
f 1823 1824 1825
f 1823 1825 1826
f 1826 1825 1827
f 1826 1827 1828
f 1828 1827 1829
f 1828 1829 1830
f 1829 1831 1830
f 1830 1831 1832
f 1830 1832 1833
f 1833 1832 1834
f 1833 1834 1835
f 1835 1834 1836
f 1836 1834 1837
f 1836 1837 1838
f 1838 1837 1839
f 1839 1837 1786
f 1839 1786 1788
f 1796 1795 1840
f 1840 1795 1841
f 1840 1841 1842
f 1843 1842 1841
f 1797 1844 1798
f 1798 1844 1845
f 1798 1845 1846
f 1846 1845 1843
f 1846 1843 1847
f 1847 1843 1841
f 1848 1849 1850
f 1848 1850 1851
f 1851 1850 1852
f 1851 1852 1853
f 1853 1852 1854
f 1853 1854 1855
f 1855 1854 1856
f 1856 1854 1857
f 1858 1849 1848
f 1859 1860 1861
f 1861 1860 1862
f 1862 1860 1863
f 1862 1863 1864
f 1859 1861 1865
f 1865 1861 1866
f 1865 1866 1867
f 1866 1868 1867
f 1867 1868 1869
f 1867 1869 1848
f 1848 1869 1870
f 1848 1870 1858
f 1871 1856 1872
f 1872 1856 1857
f 1873 1874 1875
f 1875 1876 1873
f 1873 1876 1877
f 1873 1877 1878
f 1878 1877 1879
f 1879 1880 1878
f 1878 1880 1881
f 1878 1881 1882
f 1882 1881 1883
f 1882 1883 1884
f 1884 1883 1885
f 1884 1885 1886
f 1886 1885 1864
f 1886 1864 1863
f 1887 1888 1889
f 1887 1889 1890
f 1890 1889 1871
f 1890 1871 1872
f 1891 1892 1893
f 1893 1892 1894
f 1893 1894 1895
f 1895 1894 1896
f 1896 1894 1874
f 1896 1874 1873
f 1888 1887 1897
f 1897 1887 1898
f 1897 1898 1899
f 1899 1898 1900
f 1892 1891 1901
f 1901 1891 1902
f 1903 1904 1900
f 1900 1904 1905
f 1900 1905 1899
f 1906 1901 1907
f 1907 1901 1902
f 1906 1907 1908
f 1908 1907 1909
f 1908 1909 1910
f 1910 1909 1911
f 1910 1911 1912
f 1911 1913 1912
f 1912 1913 1914
f 1912 1914 1915
f 1916 1917 1918
f 1918 1917 1919
f 1918 1919 1920
f 1919 1917 1921
f 1921 1917 1922
f 1923 1921 1924
f 1924 1921 1922
f 1924 1922 1925
f 1926 1927 1928
f 1928 1927 1929
f 1928 1929 1930
f 1930 1929 1924
f 1930 1924 1925
f 1923 1924 1931
f 1931 1924 1929
f 1931 1929 1932
f 1932 1929 1927
f 1932 1927 1933
f 1927 1934 1933
f 1935 1934 1936
f 1936 1934 1927
f 1936 1927 1926
f 1937 1933 1934
f 1938 1939 1940
f 1940 1939 1941
f 1940 1941 1942
f 1943 1944 1938
f 1938 1944 1945
f 1938 1945 1939
f 1938 1946 1943
f 1943 1946 1947
f 1943 1947 1935
f 1935 1947 1948
f 1935 1948 1934
f 1934 1948 1949
f 1934 1949 1937
f 1937 1949 1950
f 1937 1950 1951
f 1952 1953 1954
f 1955 1956 1957
f 1944 1943 1958
f 1958 1943 1959
f 1958 1959 1960
f 1957 1956 1954
f 1954 1956 1961
f 1954 1961 1952
f 1945 1962 1939
f 1939 1962 1963
f 1939 1963 1941
f 1926 1964 1936
f 1936 1964 1965
f 1945 1944 1962
f 1962 1944 1958
f 1962 1958 1966
f 1966 1958 1960
f 1966 1960 1965
f 1965 1960 1959
f 1965 1959 1936
f 1936 1959 1943
f 1936 1943 1935
f 1965 1955 1966
f 1966 1955 1957
f 1966 1957 1962
f 1962 1957 1954
f 1962 1954 1963
f 1963 1954 1953
f 1963 1953 1941
f 1952 1941 1953
f 1967 1968 1969
f 1970 1971 1972
f 1973 1949 1948
f 1974 1975 1976
f 1977 1938 1940
f 1968 1978 1969
f 1969 1978 1947
f 1969 1947 1946
f 1979 1980 1978
f 1981 1982 1978
f 1972 1951 1973
f 1973 1951 1950
f 1973 1950 1949
f 1972 1983 1984
f 1985 1986 1987
f 1987 1986 1988
f 1989 1990 1991
f 1991 1990 1992
f 1991 1992 1993
f 1994 1995 1996
f 1996 1995 1997
f 1996 1997 1998
f 1998 1997 1999
f 1972 2000 2001
f 2002 2003 2004
f 2004 2003 1972
f 2004 1972 2005
f 2006 2007 1978
f 1978 2008 2009
f 1993 1967 2010
f 2010 1967 1969
f 2010 1969 1977
f 1977 1969 1946
f 1977 1946 1938
f 2011 2012 2013
f 2013 2012 2014
f 2013 2014 2002
f 2002 2014 2015
f 2002 2015 2003
f 1992 2011 1993
f 1993 2011 2013
f 1993 2013 1967
f 1967 2013 2002
f 1967 2002 1968
f 1968 2002 2004
f 1968 2004 1978
f 1978 2004 2005
f 1978 2005 2006
f 2006 2005 1972
f 2006 1972 2007
f 2007 1972 2001
f 2007 2001 1978
f 1978 2001 2000
f 1978 2000 2008
f 2008 2000 1972
f 2008 1972 2009
f 2009 1972 1971
f 2009 1971 1978
f 1978 1971 1970
f 1978 1970 1979
f 1979 1970 1972
f 1979 1972 1980
f 1980 1972 1984
f 1980 1984 1978
f 1978 1984 1983
f 1978 1983 1981
f 1981 1983 1972
f 1981 1972 1982
f 1982 1972 1973
f 1982 1973 1978
f 1978 1973 1948
f 1978 1948 1947
f 2016 2017 2018
f 1994 1996 2019
f 2019 1996 2020
f 2019 2020 1986
f 1986 2020 2021
f 1986 2021 1988
f 1988 2021 2022
f 1988 2022 2023
f 2024 2025 2026
f 2018 2024 2016
f 2016 2024 1997
f 1997 2024 2026
f 1997 2026 1999
f 2020 2027 2021
f 2021 2027 2028
f 2021 2028 2022
f 2022 2028 1976
f 2022 1976 2023
f 2023 1976 1975
f 1942 1974 1940
f 1940 1974 1976
f 1940 1976 1977
f 1977 1976 2028
f 1977 2028 2010
f 2010 2028 2027
f 2010 2027 1993
f 1993 2027 2020
f 1993 2020 1991
f 1991 2020 1996
f 1991 1996 1989
f 1989 1996 1998
f 1989 1998 1990
f 2029 2030 2031
f 2032 2033 2034
f 2024 2030 2029
f 2024 2029 2025
f 2035 2036 2037
f 2037 2036 2038
f 2037 2038 2039
f 2039 2038 2040
f 2039 2040 2041
f 2041 2040 2042
f 2041 2042 2043
f 2024 2018 2030
f 2030 2018 2044
f 2030 2044 2031
f 2031 2044 2045
f 2046 2032 2047
f 2047 2032 2034
f 2047 2034 2048
f 2048 2034 2049
f 2048 2049 2050
f 2051 2052 2050
f 2050 2052 2053
f 2050 2053 2048
f 2048 2053 2045
f 2048 2045 2047
f 2047 2045 2044
f 2047 2044 2046
f 2046 2044 2018
f 2046 2018 2017
f 2052 2035 2053
f 2053 2035 2037
f 2053 2037 2045
f 2045 2037 2039
f 2045 2039 2031
f 2031 2039 2041
f 2031 2041 2029
f 2029 2041 2043
f 2029 2043 2025
f 2054 2051 2050
f 2055 2056 2054
f 2054 2050 2055
f 2055 2050 2049
f 2055 2049 2057
f 2057 2049 2034
f 2057 2034 2058
f 2058 2034 2059
f 2059 2034 2033
f 2059 2033 2060
f 2061 2056 2055
f 2062 2063 2064
f 2062 2064 2065
f 2060 2062 2059
f 2059 2062 2065
f 2059 2065 2058
f 2058 2065 2066
f 2067 2061 2068
f 2068 2061 2055
f 2068 2055 2066
f 2066 2055 2057
f 2066 2057 2058
f 2064 2069 2065
f 2065 2069 2070
f 2065 2070 2066
f 2066 2070 2071
f 2066 2071 2068
f 2072 2067 2068
f 2064 2063 2073
f 2064 2073 2069
f 2069 2073 2074
f 2069 2074 2070
f 2070 2074 2075
f 2070 2075 2071
f 2076 2072 2077
f 2077 2072 2068
f 2077 2068 2078
f 2078 2068 2071
f 2078 2071 2079
f 2079 2071 2075
f 2080 2075 2074
f 2081 2082 2083
f 2084 2085 2086
f 2086 2085 2087
f 2088 2089 2090
f 2091 2092 2093
f 2093 2092 2094
f 2093 2094 2095
f 2095 2094 2096
f 2095 2096 2097
f 2097 2096 2098
f 2099 2100 2101
f 2083 2084 2081
f 2081 2084 2086
f 2081 2086 2102
f 2102 2086 2087
f 2102 2087 2099
f 2099 2087 2103
f 2099 2103 2100
f 2101 2104 2099
f 2099 2104 2105
f 2099 2105 2102
f 2102 2105 2106
f 2107 2108 2080
f 2109 2110 2111
f 2108 2107 2112
f 2112 2107 2113
f 2112 2113 2114
f 2115 2116 2107
f 2107 2116 2113
f 2113 2116 2117
f 2113 2117 2114
f 2118 2119 2120
f 2089 2119 2090
f 2090 2119 2118
f 2090 2118 2121
f 2121 2118 2111
f 2089 2098 2119
f 2119 2098 2096
f 2119 2096 2120
f 2120 2096 2094
f 2120 2094 2122
f 2122 2094 2092
f 2122 2092 2123
f 2123 2092 2124
f 2123 2124 2125
f 2114 2076 2112
f 2112 2076 2077
f 2112 2077 2108
f 2108 2077 2078
f 2108 2078 2080
f 2080 2078 2079
f 2080 2079 2075
f 2109 2082 2126
f 2126 2082 2081
f 2126 2081 2127
f 2127 2081 2102
f 2127 2102 2128
f 2128 2102 2106
f 2110 2115 2111
f 2111 2115 2107
f 2111 2107 2121
f 2121 2107 2080
f 2121 2080 2090
f 2090 2080 2074
f 2090 2074 2088
f 2088 2074 2073
f 2109 2111 2082
f 2082 2111 2118
f 2082 2118 2083
f 2083 2118 2120
f 2083 2120 2084
f 2084 2120 2122
f 2084 2122 2085
f 2085 2122 2123
f 2085 2123 2087
f 2087 2123 2125
f 2087 2125 2103
f 2129 2130 2131
f 2101 2100 2132
f 2132 2100 2133
f 2132 2133 2134
f 2091 2129 2092
f 2092 2129 2131
f 2092 2131 2124
f 2124 2131 2135
f 2124 2135 2125
f 2125 2135 2133
f 2125 2133 2103
f 2103 2133 2100
f 2136 2134 2133
f 2137 2138 2139
f 2139 2138 2140
f 2139 2140 2141
f 2130 2137 2131
f 2131 2137 2139
f 2131 2139 2135
f 2135 2139 2141
f 2142 2143 2136
f 2135 2141 2144
f 2135 2144 2133
f 2133 2144 2145
f 2133 2145 2136
f 2136 2145 2142
f 2146 2147 2148
f 2140 2138 2149
f 2145 2144 2150
f 2150 2144 2141
f 2150 2141 2151
f 2151 2141 2152
f 2152 2141 2140
f 2152 2140 2153
f 2153 2140 2149
f 2153 2149 2154
f 2146 2148 2155
f 2150 2156 2145
f 2145 2156 2155
f 2145 2155 2142
f 2142 2155 2148
f 2142 2148 2143
f 2157 2158 2155
f 2155 2158 2146
f 2159 2160 2161
f 2162 2163 2164
f 2164 2163 2160
f 2159 2165 2160
f 2160 2165 2166
f 2160 2166 2164
f 2167 2168 2169
f 2169 2168 2170
f 2169 2170 2147
f 2171 2172 2167
f 2173 2174 2171
f 2171 2174 2175
f 2171 2175 2172
f 2163 2176 2160
f 2160 2176 2177
f 2160 2177 2161
f 2161 2177 2178
f 2155 2156 2157
f 2157 2156 2150
f 2157 2150 2179
f 2179 2150 2151
f 2179 2151 2152
f 2176 2173 2177
f 2177 2173 2171
f 2177 2171 2178
f 2178 2171 2167
f 2178 2167 2180
f 2180 2167 2169
f 2180 2169 2178
f 2147 2146 2169
f 2169 2146 2158
f 2169 2158 2178
f 2178 2158 2157
f 2178 2157 2161
f 2161 2157 2179
f 2161 2179 2159
f 2159 2179 2152
f 2159 2152 2165
f 2165 2152 2153
f 2165 2153 2154
f 2163 2162 2181
f 2182 2174 2173
f 2182 2173 2183
f 2173 2176 2183
f 2183 2176 2163
f 2183 2163 2184
f 2184 2163 2181
f 2184 2181 2185
f 2186 2182 2187
f 2187 2182 2183
f 2187 2183 2188
f 2188 2183 2184
f 2188 2184 2185
f 2188 2189 2187
f 2187 2189 2190
f 2187 2190 2186
f 2186 2190 2191
f 2192 2193 2194
f 2194 2193 2195
f 2195 2193 2196
f 2196 2193 2190
f 2196 2190 2189
f 2191 2190 2197
f 2197 2190 2193
f 2197 2193 2198
f 2198 2193 2192
f 2198 2192 2199
f 2200 2201 2202
f 2203 2199 2192
f 2204 2205 2206
f 2206 2205 2207
f 2206 2207 2208
f 2209 2210 2205
f 2205 2210 2211
f 2205 2211 2207
f 2212 2213 2214
f 2214 2213 2215
f 2214 2215 2216
f 2216 2215 2217
f 2217 2215 2218
f 2217 2218 2219
f 2194 2219 2192
f 2192 2219 2218
f 2192 2218 2203
f 2203 2218 2215
f 2203 2215 2220
f 2220 2215 2213
f 2220 2213 2221
f 2222 2202 2212
f 2212 2202 2201
f 2212 2201 2213
f 2213 2201 2223
f 2213 2223 2221
f 2224 2225 2226
f 2226 2225 2227
f 2226 2227 2228
f 2228 2227 2229
f 2224 2223 2225
f 2225 2223 2201
f 2225 2201 2227
f 2227 2201 2200
f 2227 2200 2229
f 2229 2200 2230
f 2229 2230 2228
f 2228 2230 2231
f 2222 2209 2202
f 2202 2209 2205
f 2202 2205 2200
f 2200 2205 2204
f 2200 2204 2230
f 2230 2204 2232
f 2230 2232 2231
f 2231 2232 2233
f 2234 2235 2236
f 2206 2208 2234
f 2237 2238 2239
f 2234 2236 2206
f 2206 2236 2240
f 2206 2240 2204
f 2204 2240 2237
f 2204 2237 2232
f 2232 2237 2239
f 2232 2239 2233
f 2236 2235 2241
f 2242 2243 2244
f 2244 2243 2245
f 2241 2246 2236
f 2236 2246 2247
f 2236 2247 2240
f 2240 2247 2243
f 2240 2243 2237
f 2237 2243 2242
f 2237 2242 2238
f 2247 2246 2248
f 2248 2246 2249
f 2249 2246 2250
f 2250 2246 2241
f 2250 2241 2251
f 2247 2248 2243
f 2243 2248 2252
f 2243 2252 2245
f 2245 2252 2253
f 2253 2252 2254
f 2254 2252 2255
f 2249 2256 2248
f 2248 2256 2255
f 2248 2255 2252
f 2251 2257 2250
f 2250 2257 2258
f 2250 2258 2249
f 2249 2258 2259
f 2249 2259 2256
f 2257 2260 2258
f 2258 2260 2261
f 2258 2261 2259
f 2259 2261 2262
f 2259 2262 2256
f 2256 2262 2263
f 2256 2263 2255
f 2255 2263 2264
f 2255 2264 2254
f 2265 2264 2266
f 2266 2264 2263
f 2266 2263 2267
f 2267 2263 2262
f 2267 2262 2268
f 2268 2262 2261
f 2268 2261 2269
f 2269 2261 2260
f 2268 2269 2270
f 2270 2271 2268
f 2268 2271 2272
f 2268 2272 2267
f 2267 2272 2273
f 2267 2273 2266
f 2266 2273 2274
f 2266 2274 2265
f 2275 2274 2273
f 2276 2277 2278
f 2278 2277 2271
f 2278 2271 2270
f 2277 2279 2271
f 2271 2279 2280
f 2271 2280 2272
f 2281 2275 2282
f 2282 2275 2273
f 2282 2273 2283
f 2283 2273 2272
f 2283 2272 2284
f 2284 2272 2280
f 2284 2280 2285
f 2286 2287 2288
f 2282 2283 2289
f 2290 2291 2292
f 2293 2294 2295
f 2295 2294 2296
f 2297 2298 2299
f 2299 2298 2300
f 2299 2300 2296
f 2296 2300 2301
f 2296 2301 2295
f 2302 2303 2304
f 2304 2303 2305
f 2304 2305 2299
f 2299 2305 2306
f 2299 2306 2297
f 2292 2291 2307
f 2308 2279 2277
f 2291 2309 2307
f 2307 2309 2308
f 2307 2308 2310
f 2310 2308 2277
f 2310 2277 2276
f 2311 2281 2282
f 2282 2289 2311
f 2311 2289 2312
f 2311 2312 2313
f 2313 2312 2314
f 2313 2314 2315
f 2315 2314 2316
f 2315 2316 2317
f 2318 2319 2320
f 2294 2286 2296
f 2296 2286 2288
f 2296 2288 2299
f 2299 2288 2318
f 2299 2318 2304
f 2304 2318 2320
f 2304 2320 2316
f 2316 2320 2319
f 2316 2319 2317
f 2283 2284 2289
f 2289 2284 2285
f 2289 2285 2312
f 2312 2285 2321
f 2312 2321 2314
f 2314 2321 2322
f 2314 2322 2316
f 2316 2322 2323
f 2316 2323 2304
f 2304 2323 2324
f 2304 2324 2302
f 2280 2279 2285
f 2285 2279 2308
f 2285 2308 2321
f 2321 2308 2309
f 2321 2309 2322
f 2322 2309 2291
f 2322 2291 2323
f 2323 2291 2290
f 2323 2290 2324
f 2324 2290 2292
f 2325 2287 2326
f 2326 2287 2286
f 2326 2286 2327
f 2327 2286 2294
f 2327 2294 2293
f 2327 2328 2326
f 2326 2328 2329
f 2326 2329 2325
f 2325 2329 2330
f 2331 2330 2332
f 2332 2330 2329
f 2332 2329 2333
f 2333 2329 2328
f 2334 2331 2335
f 2335 2331 2332
f 2335 2332 2336
f 2336 2332 2333
f 2336 2333 2337
f 2338 2339 2340
f 2336 2337 2338
f 2341 2342 2343
f 2343 2342 2344
f 2338 2340 2336
f 2336 2340 2344
f 2336 2344 2335
f 2335 2344 2342
f 2335 2342 2334
f 2345 2346 2347
f 2348 2349 2350
f 2351 2352 2353
f 2340 2339 2354
f 2340 2354 2355
f 2356 2343 2344
f 2344 2340 2356
f 2356 2340 2355
f 2356 2355 2357
f 2357 2355 2358
f 2359 2351 2360
f 2360 2351 2353
f 2360 2353 2361
f 2361 2353 2362
f 2361 2362 2363
f 2350 2349 2364
f 2364 2349 2365
f 2364 2365 2366
f 2366 2365 2367
f 2366 2367 2368
f 2341 2343 2369
f 2369 2343 2356
f 2369 2356 2370
f 2370 2356 2357
f 2354 2359 2355
f 2355 2359 2360
f 2355 2360 2358
f 2358 2360 2361
f 2358 2361 2347
f 2347 2361 2363
f 2347 2363 2345
f 2345 2363 2371
f 2346 2348 2347
f 2347 2348 2350
f 2347 2350 2358
f 2358 2350 2364
f 2358 2364 2357
f 2357 2364 2366
f 2357 2366 2370
f 2370 2366 2368
f 2370 2368 2369
f 2353 2352 2372
f 2362 2373 2363
f 2363 2373 2374
f 2363 2374 2371
f 2375 2376 2372
f 2372 2376 2377
f 2372 2377 2353
f 2353 2377 2378
f 2353 2378 2362
f 2362 2378 2379
f 2362 2379 2373
f 2380 2374 2373
f 2381 2382 2383
f 2383 2382 2384
f 2383 2384 2385
f 2386 2387 2380
f 2380 2373 2386
f 2386 2373 2379
f 2386 2379 2385
f 2375 2381 2376
f 2376 2381 2383
f 2376 2383 2377
f 2377 2383 2385
f 2377 2385 2378
f 2378 2385 2379
f 2384 2382 2388
f 2389 2390 2388
f 2388 2390 2391
f 2388 2391 2384
f 2384 2391 2392
f 2384 2392 2385
f 2393 2394 2395
f 2395 2394 2396
f 2392 2397 2385
f 2385 2397 2396
f 2385 2396 2386
f 2386 2396 2394
f 2386 2394 2387
f 2398 2399 2400
f 2401 2402 2403
f 2404 2405 2406
f 2407 2408 2409
f 2410 2411 2412
f 2412 2411 2413
f 2412 2413 2414
f 2415 2416 2417
f 2417 2416 2418
f 2417 2418 2419
f 2415 2420 2397
f 2397 2392 2415
f 2415 2392 2391
f 2415 2391 2416
f 2416 2391 2390
f 2416 2390 2389
f 2421 2393 2395
f 2422 2423 2424
f 2424 2423 2421
f 2424 2421 2425
f 2425 2421 2395
f 2425 2395 2396
f 2404 2406 2426
f 2406 2427 2426
f 2426 2427 2428
f 2426 2428 2429
f 2429 2428 2430
f 2431 2432 2430
f 2430 2432 2433
f 2430 2433 2429
f 2434 2435 2431
f 2431 2435 2436
f 2431 2436 2432
f 2420 2415 2437
f 2437 2415 2417
f 2437 2417 2403
f 2403 2417 2419
f 2403 2419 2401
f 2402 2401 2438
f 2438 2401 2439
f 2438 2439 2440
f 2413 2407 2414
f 2414 2407 2409
f 2414 2409 2441
f 2441 2409 2442
f 2418 2410 2419
f 2419 2410 2412
f 2419 2412 2401
f 2401 2412 2414
f 2401 2414 2439
f 2439 2414 2441
f 2439 2441 2440
f 2428 2443 2430
f 2430 2443 2400
f 2430 2400 2431
f 2431 2400 2399
f 2431 2399 2434
f 2405 2422 2406
f 2406 2422 2424
f 2406 2424 2444
f 2444 2424 2425
f 2444 2425 2445
f 2445 2425 2396
f 2442 2398 2441
f 2441 2398 2400
f 2441 2400 2440
f 2440 2400 2443
f 2440 2443 2438
f 2438 2443 2428
f 2438 2428 2402
f 2402 2428 2427
f 2402 2427 2403
f 2403 2427 2406
f 2403 2406 2437
f 2437 2406 2444
f 2437 2444 2420
f 2420 2444 2445
f 2420 2445 2397
f 2397 2445 2396
f 2446 2434 2399
f 2447 2448 2446
f 2446 2399 2447
f 2447 2399 2398
f 2447 2398 2449
f 2449 2398 2450
f 2450 2398 2442
f 2450 2442 2451
f 2451 2442 2409
f 2451 2409 2452
f 2452 2409 2408
f 2452 2408 2453
f 2454 2448 2447
f 2455 2456 2457
f 2458 2459 2460
f 2460 2459 2452
f 2460 2452 2453
f 2457 2449 2455
f 2455 2449 2450
f 2455 2450 2459
f 2459 2450 2451
f 2459 2451 2452
f 2461 2454 2457
f 2457 2454 2447
f 2457 2447 2449
f 2458 2462 2459
f 2459 2462 2463
f 2459 2463 2455
f 2455 2463 2464
f 2455 2464 2456
f 2458 2465 2462
f 2462 2465 2466
f 2457 2456 2467
f 2467 2456 2464
f 2467 2464 2466
f 2466 2464 2463
f 2466 2463 2462
f 2468 2461 2457
f 2467 2469 2457
f 2457 2469 2470
f 2457 2470 2468
f 2468 2470 2471
f 2468 2471 2472
f 2473 2474 2475
f 2476 2477 2478
f 2478 2477 2474
f 2478 2474 2479
f 2479 2474 2480
f 2480 2474 2473
f 2480 2473 2465
f 2481 2482 2483
f 2483 2482 2472
f 2484 2485 2486
f 2486 2485 2487
f 2488 2489 2487
f 2487 2489 2490
f 2487 2490 2486
f 2477 2488 2474
f 2474 2488 2491
f 2474 2491 2475
f 2475 2491 2492
f 2493 2470 2494
f 2494 2470 2469
f 2494 2469 2495
f 2495 2469 2467
f 2495 2467 2466
f 2491 2488 2487
f 2491 2487 2492
f 2492 2487 2485
f 2492 2485 2481
f 2481 2485 2484
f 2481 2484 2482
f 2472 2471 2483
f 2483 2471 2470
f 2483 2470 2481
f 2481 2470 2493
f 2481 2493 2492
f 2492 2493 2494
f 2492 2494 2475
f 2475 2494 2495
f 2475 2495 2473
f 2473 2495 2466
f 2473 2466 2465
f 2496 2497 2498
f 2498 2497 2499
f 2500 2501 2502
f 2503 2504 2505
f 2506 2507 2508
f 2509 2510 2511
f 2505 2512 2513
f 2510 2514 2511
f 2511 2514 2505
f 2511 2505 2515
f 2516 2517 2518
f 2518 2519 2520
f 2508 2507 2518
f 2518 2507 2521
f 2518 2521 2522
f 2523 2524 2525
f 2523 2525 2508
f 2508 2525 2526
f 2508 2526 2506
f 2527 2524 2528
f 2528 2524 2529
f 2528 2529 2530
f 2531 2532 2518
f 2518 2533 2534
f 2535 2536 2537
f 2537 2536 2538
f 2537 2538 2539
f 2540 2541 2542
f 2542 2541 2543
f 2542 2543 2544
f 2544 2543 2545
f 2544 2545 2546
f 2547 2548 2505
f 2535 2537 2549
f 2549 2537 2550
f 2549 2550 2551
f 2552 2553 2554
f 2555 2496 2500
f 2500 2496 2498
f 2500 2498 2556
f 2556 2498 2499
f 2524 2523 2529
f 2529 2523 2557
f 2529 2557 2558
f 2555 2500 2558
f 2558 2500 2502
f 2558 2502 2529
f 2529 2502 2559
f 2529 2559 2530
f 2555 2552 2496
f 2496 2552 2554
f 2496 2554 2497
f 2497 2554 2560
f 2497 2560 2561
f 2505 2540 2562
f 2562 2540 2542
f 2562 2542 2539
f 2539 2542 2544
f 2539 2544 2537
f 2537 2544 2546
f 2537 2546 2550
f 2550 2546 2563
f 2550 2563 2551
f 2551 2563 2553
f 2489 2488 2561
f 2561 2488 2497
f 2497 2488 2564
f 2564 2488 2565
f 2565 2488 2477
f 2565 2477 2476
f 2553 2552 2551
f 2551 2552 2555
f 2551 2555 2549
f 2549 2555 2558
f 2549 2558 2535
f 2535 2558 2557
f 2535 2557 2536
f 2536 2557 2523
f 2536 2523 2538
f 2538 2523 2508
f 2538 2508 2539
f 2539 2508 2518
f 2539 2518 2562
f 2562 2518 2534
f 2562 2534 2505
f 2505 2534 2533
f 2505 2533 2547
f 2547 2533 2518
f 2547 2518 2548
f 2548 2518 2532
f 2548 2532 2505
f 2505 2532 2531
f 2505 2531 2503
f 2503 2531 2518
f 2503 2518 2504
f 2504 2518 2520
f 2504 2520 2505
f 2505 2520 2519
f 2505 2519 2512
f 2512 2519 2518
f 2512 2518 2513
f 2513 2518 2517
f 2513 2517 2505
f 2505 2517 2516
f 2505 2516 2515
f 2515 2516 2518
f 2515 2518 2511
f 2511 2518 2522
f 2511 2522 2509
f 2527 2566 2524
f 2524 2566 2567
f 2524 2567 2568
f 2524 2568 2525
f 2525 2568 2569
f 2525 2569 2526
f 2526 2569 2506
f 2506 2569 2570
f 2506 2570 2507
f 2507 2570 2571
f 2507 2571 2521
f 2521 2571 2572
f 2521 2572 2522
f 2522 2572 2573
f 2522 2573 2509
f 2573 2574 2509
f 2509 2574 2575
f 2509 2575 2510
f 2510 2575 2514
f 2573 2576 2574
f 2573 2572 2576
f 2576 2572 2577
f 2576 2577 2578
f 2579 2577 2572
f 2580 2581 2578
f 2582 2583 2584
f 2581 2580 2585
f 2585 2580 2586
f 2585 2586 2587
f 2584 2588 2582
f 2582 2588 2589
f 2582 2589 2590
f 2590 2589 2586
f 2590 2586 2579
f 2579 2586 2580
f 2579 2580 2577
f 2577 2580 2578
f 2587 2586 2591
f 2591 2586 2589
f 2591 2589 2592
f 2592 2589 2588
f 2592 2588 2593
f 2593 2588 2584
f 2593 2584 2594
f 2594 2584 2583
f 2594 2583 2566
f 2567 2566 2583
f 2572 2571 2579
f 2579 2571 2570
f 2579 2570 2590
f 2590 2570 2569
f 2590 2569 2582
f 2582 2569 2568
f 2582 2568 2583
f 2583 2568 2567
f 2576 2578 2595
f 2595 2578 2596
f 2596 2597 2595
f 2595 2597 2598
f 2595 2598 2599
f 2574 2576 2600
f 2600 2576 2595
f 2600 2595 2601
f 2601 2595 2599
f 2597 2602 2598
f 2598 2602 2603
f 2598 2603 2599
f 2603 2602 2604
f 2604 2602 2605
f 2605 2606 2604
f 2604 2606 2607
f 2604 2607 2608
f 2490 2609 2610
f 2489 2611 2490
f 2490 2611 2612
f 2490 2612 2609
f 2613 2484 2610
f 2610 2484 2486
f 2610 2486 2490
f 2614 2615 2616
f 2613 2614 2484
f 2484 2614 2616
f 2484 2616 2482
f 2482 2616 2472
f 2617 2618 2619
f 2611 2617 2612
f 2612 2617 2619
f 2612 2619 2609
f 2609 2619 2620
f 2609 2620 2610
f 2610 2620 2621
f 2610 2621 2613
f 2613 2621 2622
f 2613 2622 2614
f 2622 2623 2614
f 2614 2623 2624
f 2614 2624 2615
f 2625 2348 2626
f 2626 2348 2346
f 2626 2346 2627
f 2627 2346 2345
f 2627 2345 2371
f 2368 2367 2628
f 2628 2367 2365
f 2628 2365 2625
f 2625 2365 2349
f 2625 2349 2348
f 2341 2369 2629
f 2629 2369 2368
f 2629 2368 2630
f 2630 2368 2628
f 2631 2632 2633
f 2634 2035 2633
f 2633 2035 2052
f 2633 2052 2631
f 2631 2052 2051
f 2043 2042 2635
f 2635 2042 2040
f 2635 2040 2636
f 2636 2040 2038
f 2636 2038 2634
f 2634 2038 2036
f 2634 2036 2035
f 2635 2637 2043
f 2043 2637 2638
f 2043 2638 2025
f 2639 2638 2637
f 2633 2632 2640
f 2640 2641 2633
f 2633 2641 2642
f 2633 2642 2634
f 2634 2642 2643
f 2634 2643 2636
f 2636 2643 2644
f 2636 2644 2635
f 2635 2644 2645
f 2635 2645 2637
f 2637 2645 2646
f 2637 2646 2639
f 2175 2174 2647
f 2647 2648 2175
f 2175 2648 2649
f 2175 2649 2172
f 2649 2650 2172
f 2172 2650 2651
f 2172 2651 2167
f 2167 2651 2652
f 2167 2652 2168
f 2168 2652 2653
f 2168 2653 2170
f 2170 2653 2147
f 2654 2655 2656
f 2656 2655 2657
f 2656 2657 2658
f 2658 2657 2659
f 2257 2251 2660
f 2257 2660 2260
f 2655 2654 2660
f 2660 2654 2661
f 2660 2661 2260
f 2662 2663 2664
f 2664 2663 2665
f 2664 2665 2666
f 2667 2668 2669
f 2667 2669 2665
f 2665 2669 2670
f 2665 2670 2666
f 2671 2672 2673
f 2673 2672 2674
f 2673 2674 2667
f 2667 2674 2675
f 2667 2675 2668
f 2676 2677 2673
f 2673 2677 2678
f 2673 2678 2671
f 2671 2678 2679
f 2671 2679 2680
f 2680 2679 2659
f 2680 2659 2657
f 2676 2673 2681
f 2681 2673 2667
f 2681 2667 2682
f 2682 2667 2683
f 2683 2667 2665
f 2683 2665 2684
f 2684 2665 2685
f 2685 2665 2663
f 2685 2663 2686
f 1842 2686 1840
f 1840 2686 2663
f 1840 2663 1796
f 1796 2663 1794
f 1794 2663 2662
f 1794 2662 1780
f 2687 1745 1785
f 1780 2662 1781
f 1781 2662 2688
f 2689 2687 2690
f 2690 2687 1785
f 2690 1785 2688
f 2688 1785 1783
f 2688 1783 1781
f 1844 1797 2691
f 2691 1797 2692
f 2691 2692 2693
f 1844 2691 1845
f 1845 2691 2694
f 1845 2694 1843
f 1843 2694 2686
f 1843 2686 1842
f 2695 2696 2697
f 2698 2699 2700
f 2701 2702 2703
f 2703 2702 2704
f 2703 2704 2705
f 2706 2707 2708
f 2709 2708 2710
f 2711 2712 2713
f 2713 2712 2714
f 2713 2714 2715
f 2715 2714 2716
f 2717 2718 2719
f 2717 2720 2721
f 2721 2720 2697
f 2721 2697 2722
f 2722 2697 2696
f 2723 2724 2725
f 2726 2724 2727
f 2728 2729 2730
f 2731 2732 2729
f 2733 2734 2735
f 2735 2734 2736
f 2735 2736 2698
f 2698 2736 2737
f 2698 2737 2699
f 2738 2714 2739
f 2739 2714 2712
f 2739 2712 2740
f 2740 2712 2711
f 2740 2711 2741
f 2742 2733 2740
f 2740 2733 2735
f 2740 2735 2739
f 2739 2735 2698
f 2739 2698 2738
f 2738 2698 2700
f 2738 2700 2714
f 2727 2743 2744
f 2744 2743 2745
f 2744 2745 2746
f 2726 2727 2730
f 2730 2727 2744
f 2730 2744 2728
f 2728 2744 2746
f 2728 2746 2747
f 2706 2705 2707
f 2707 2705 2704
f 2707 2704 2748
f 2748 2704 2702
f 2748 2702 2749
f 2749 2702 2701
f 2749 2701 2750
f 2750 2701 2751
f 2750 2751 2752
f 2752 2732 2750
f 2750 2732 2731
f 2750 2731 2749
f 2749 2731 2753
f 2749 2753 2748
f 2748 2753 2754
f 2748 2754 2707
f 2707 2754 2710
f 2707 2710 2708
f 2729 2728 2731
f 2731 2728 2747
f 2731 2747 2753
f 2753 2747 2755
f 2753 2755 2754
f 2754 2755 2756
f 2754 2756 2710
f 2757 2695 2758
f 2758 2695 2697
f 2758 2697 2759
f 2759 2697 2720
f 2759 2720 2760
f 2760 2720 2717
f 2760 2717 2700
f 2700 2717 2719
f 2700 2719 2714
f 2724 2723 2727
f 2727 2723 2761
f 2727 2761 2743
f 2743 2761 2762
f 2743 2762 2745
f 2741 2709 2740
f 2740 2709 2742
f 2742 2709 2710
f 2742 2710 2733
f 2733 2710 2756
f 2733 2756 2734
f 2734 2756 2755
f 2734 2755 2736
f 2736 2755 2747
f 2736 2747 2737
f 2737 2747 2746
f 2737 2746 2699
f 2699 2746 2745
f 2699 2745 2700
f 2700 2745 2762
f 2700 2762 2760
f 2760 2762 2761
f 2760 2761 2759
f 2759 2761 2723
f 2759 2723 2758
f 2758 2723 2725
f 2758 2725 2757
f 2763 2764 2765
f 2714 2719 2765
f 2714 2765 2716
f 2716 2765 2766
f 2766 2765 2764
f 2766 2764 2767
f 2718 2768 2719
f 2719 2768 2769
f 2719 2769 2765
f 2765 2769 2770
f 2765 2770 2763
f 2771 2772 2773
f 2774 2775 2776
f 2776 2775 2777
f 2724 2726 2778
f 2779 2780 2774
f 2779 2773 2781
f 2781 2773 2772
f 2781 2772 2782
f 2783 2784 2752
f 2751 2785 2752
f 2752 2785 2786
f 2752 2786 2783
f 2784 2782 2752
f 2752 2782 2772
f 2752 2772 2732
f 2732 2772 2771
f 2732 2771 2729
f 2778 2726 2771
f 2771 2726 2730
f 2771 2730 2729
f 2787 2722 2788
f 2788 2722 2696
f 2788 2696 2789
f 2789 2696 2695
f 2789 2695 2790
f 2790 2695 2757
f 2790 2757 2778
f 2778 2757 2725
f 2778 2725 2724
f 2775 2791 2777
f 2777 2791 2792
f 2777 2792 2793
f 2793 2792 2794
f 2793 2794 2795
f 2789 2796 2788
f 2788 2796 2797
f 2788 2797 2787
f 2787 2797 2798
f 2779 2774 2773
f 2773 2774 2776
f 2773 2776 2771
f 2771 2776 2777
f 2771 2777 2778
f 2778 2777 2793
f 2778 2793 2790
f 2790 2793 2795
f 2790 2795 2789
f 2789 2795 2796
f 2799 2800 2801
f 2802 2803 2804
f 2805 2806 2807
f 2808 2809 2810
f 2810 2809 2798
f 2810 2798 2797
f 2811 2812 2813
f 2814 2815 2816
f 2816 2815 2817
f 2816 2817 2818
f 2819 2794 2820
f 2820 2794 2792
f 2821 2822 2823
f 2823 2822 2824
f 2823 2824 2825
f 2825 2824 2819
f 2825 2819 2818
f 2818 2819 2820
f 2818 2820 2816
f 2816 2820 2826
f 2816 2826 2814
f 2804 2803 2827
f 2803 2828 2827
f 2827 2828 2829
f 2827 2829 2830
f 2807 2806 2831
f 2831 2806 2832
f 2831 2832 2833
f 2833 2832 2834
f 2833 2834 2835
f 2799 2801 2835
f 2835 2801 2836
f 2835 2836 2833
f 2833 2836 2837
f 2833 2837 2831
f 2831 2837 2838
f 2831 2838 2807
f 2839 2840 2830
f 2830 2840 2841
f 2830 2841 2827
f 2839 2842 2840
f 2840 2842 2843
f 2840 2843 2813
f 2813 2843 2844
f 2813 2844 2811
f 2801 2802 2836
f 2836 2802 2804
f 2836 2804 2837
f 2837 2804 2827
f 2837 2827 2838
f 2838 2827 2841
f 2838 2841 2845
f 2845 2841 2840
f 2845 2840 2846
f 2846 2840 2813
f 2846 2813 2808
f 2808 2813 2812
f 2808 2812 2809
f 2792 2791 2820
f 2820 2791 2775
f 2820 2775 2826
f 2826 2775 2774
f 2826 2774 2814
f 2814 2774 2780
f 2814 2780 2815
f 2822 2796 2824
f 2824 2796 2795
f 2824 2795 2819
f 2819 2795 2794
f 2805 2847 2806
f 2806 2847 2848
f 2806 2848 2832
f 2832 2848 2849
f 2832 2849 2834
f 2834 2849 2850
f 2834 2850 2835
f 2835 2850 2851
f 2835 2851 2799
f 2780 2847 2815
f 2815 2847 2805
f 2815 2805 2817
f 2817 2805 2807
f 2817 2807 2818
f 2818 2807 2838
f 2818 2838 2825
f 2825 2838 2845
f 2825 2845 2823
f 2823 2845 2846
f 2823 2846 2821
f 2821 2846 2808
f 2821 2808 2822
f 2822 2808 2810
f 2822 2810 2796
f 2796 2810 2797
f 2802 2801 2852
f 2853 2854 2855
f 2855 2856 2857
f 2858 2859 2860
f 2857 2856 2861
f 2861 2856 2860
f 2861 2860 2862
f 2862 2860 2859
f 2862 2859 2863
f 2864 2865 2866
f 2866 2865 2867
f 2866 2867 2868
f 2868 2867 2869
f 2857 2830 2829
f 2829 2867 2857
f 2857 2867 2865
f 2857 2865 2855
f 2855 2865 2864
f 2855 2864 2853
f 2853 2864 2870
f 2853 2870 2854
f 2802 2852 2803
f 2871 2872 2873
f 2829 2828 2867
f 2867 2828 2803
f 2867 2803 2869
f 2869 2803 2852
f 2869 2852 2868
f 2868 2852 2874
f 2868 2874 2866
f 2866 2874 2875
f 2866 2875 2864
f 2864 2875 2871
f 2864 2871 2870
f 2870 2871 2873
f 2872 2871 2876
f 2876 2871 2875
f 2876 2875 2877
f 2877 2875 2874
f 2877 2874 2878
f 2878 2874 2852
f 2878 2852 2879
f 2879 2852 2801
f 2879 2801 2800
f 2830 2857 2839
f 2839 2857 2861
f 2839 2861 2842
f 2842 2861 2862
f 2842 2862 2843
f 2843 2862 2863
f 2843 2863 2844
f 2880 2881 2882
f 2883 2884 2885
f 2885 2884 2886
f 2885 2886 2882
f 2882 2886 2887
f 2882 2887 2880
f 2888 2858 2883
f 2883 2858 2860
f 2883 2860 2884
f 2884 2860 2856
f 2884 2856 2886
f 2886 2856 2855
f 2886 2855 2887
f 2887 2855 2854
f 2887 2854 2880
f 2880 2854 2870
f 2880 2870 2889
f 2889 2870 2873
f 2890 2888 2883
f 2891 2892 2890
f 2892 2891 2893
f 2890 2883 2891
f 2891 2883 2885
f 2891 2885 2894
f 2894 2885 2882
f 2894 2882 2895
f 2895 2882 2881
f 2895 2881 2896
f 2893 2891 2897
f 2897 2891 2894
f 2897 2894 2898
f 2898 2894 2895
f 2898 2895 2899
f 2899 2895 2896
f 2899 2896 2900
f 2901 2893 2897
f 2901 2897 2902
f 2902 2897 2903
f 2903 2897 2898
f 2903 2898 2904
f 2904 2898 2899
f 2904 2899 2905
f 2905 2899 2900
f 2905 2900 2906
f 2906 2907 2905
f 2905 2907 2908
f 2905 2908 2904
f 2904 2908 2909
f 2904 2909 2903
f 2903 2909 2910
f 2903 2910 2902
f 2911 2912 2913
f 2914 2915 2916
f 2916 2915 2917
f 2916 2917 2918
f 2918 2917 2913
f 2906 2914 2907
f 2907 2914 2916
f 2907 2916 2908
f 2908 2916 2918
f 2908 2918 2909
f 2909 2918 2913
f 2909 2913 2910
f 2910 2913 2912
f 2915 2919 2917
f 2917 2919 2920
f 2917 2920 2913
f 2913 2920 2921
f 2913 2921 2911
f 2911 2921 2922
f 2923 2924 2925
f 2925 2924 2926
f 2927 2925 2928
f 2928 2925 2919
f 2919 2925 2920
f 2920 2925 2921
f 2921 2925 2926
f 2921 2926 2922
f 2929 2930 2931
f 2929 2932 2930
f 2930 2932 2933
f 2930 2933 2934
f 2935 2936 2937
f 2937 2936 2938
f 2938 2939 2937
f 2937 2939 2940
f 2937 2940 2931
f 2931 2940 2941
f 2931 2941 2929
f 2942 2943 2944
f 2944 2943 2945
f 2944 2945 2946
f 2946 2945 2947
f 2927 2947 2925
f 2925 2947 2945
f 2925 2945 2943
f 2925 2943 2923
f 2934 2948 2930
f 2930 2948 2949
f 2930 2949 2931
f 2931 2949 2942
f 2931 2942 2937
f 2937 2942 2944
f 2937 2944 2935
f 2935 2944 2946
f 2137 2130 2950
f 2138 2137 2951
f 2951 2137 2950
f 2951 2950 2952
f 2953 2101 2132
f 2653 2954 2147
f 2147 2954 2955
f 2147 2955 2148
f 2148 2955 2956
f 2132 2134 2953
f 2953 2134 2136
f 2953 2136 2956
f 2956 2136 2143
f 2956 2143 2148
f 1925 2957 1930
f 1930 2957 2958
f 1965 1964 2959
f 2959 1964 1926
f 2959 1926 2958
f 2958 1926 1928
f 2958 1928 1930
f 1965 2960 1955
f 1955 2960 2961
f 1955 2961 1956
f 1956 2961 2962
f 1956 2962 1961
f 1961 2962 2963
f 1961 2963 1952
f 1952 2963 1941
f 2716 1942 2715
f 2715 1942 2964
f 2715 2964 2713
f 2713 2964 2965
f 2966 2741 2965
f 2965 2741 2711
f 2965 2711 2713
f 2967 2708 2709
f 2967 2709 2966
f 2966 2709 2741
f 2959 2705 2706
f 1965 2959 2960
f 2960 2959 2706
f 2705 2959 2703
f 2703 2959 2958
f 2703 2958 2701
f 2701 2958 2957
f 2701 2957 2751
f 1942 1941 2964
f 2964 1941 2963
f 2964 2963 2965
f 2965 2963 2962
f 2965 2962 2966
f 2966 2962 2961
f 2966 2961 2967
f 2967 2961 2960
f 2967 2960 2708
f 2708 2960 2706
f 2968 2969 2970
f 1618 2971 1619
f 2972 2973 2974
f 2975 1616 1617
f 2971 1618 2975
f 2975 1618 1614
f 2975 1614 1616
f 1609 2976 1611
f 1611 2976 2973
f 1611 2973 1613
f 1613 2973 2972
f 1613 2972 1617
f 1617 2972 2974
f 1617 2974 2975
f 2975 2974 2977
f 2975 2977 2971
f 2971 2977 1620
f 2971 1620 1619
f 2978 2979 2980
f 2980 2979 2981
f 1622 1607 2982
f 2982 1607 1620
f 2982 1620 2981
f 2968 2970 2983
f 2809 2812 2970
f 2970 2812 2811
f 2970 2811 2983
f 2983 2811 2844
f 2798 2984 2985
f 2986 2768 2718
f 2718 2717 2986
f 2986 2717 2721
f 2986 2721 2722
f 2987 2988 2989
f 2989 2988 2763
f 2989 2763 2990
f 2990 2763 2770
f 2990 2770 2986
f 2986 2770 2769
f 2986 2769 2768
f 2991 2992 2993
f 2994 2995 2996
f 2996 2995 2997
f 1608 2994 1609
f 1609 2994 2996
f 1609 2996 2976
f 2976 2996 2998
f 2976 2998 2973
f 2973 2998 2999
f 2973 2999 2974
f 3000 2987 2993
f 2993 2987 2989
f 2993 2989 2991
f 2991 2989 2990
f 2991 2990 3001
f 3001 2990 2986
f 3001 2986 3002
f 3002 2986 2722
f 3002 2722 2985
f 2985 2722 2787
f 2985 2787 2798
f 2798 2809 2984
f 2984 2809 2970
f 2984 2970 2980
f 2980 2970 2969
f 2980 2969 2978
f 2981 1620 2980
f 2980 1620 2977
f 2980 2977 2984
f 2984 2977 2974
f 2984 2974 2985
f 2985 2974 2999
f 2985 2999 3002
f 3002 2999 2998
f 3002 2998 3001
f 3001 2998 2996
f 3001 2996 2991
f 2991 2996 2997
f 2991 2997 2992
f 3003 2988 3004
f 3004 2988 2987
f 3004 2987 3005
f 3005 2987 3000
f 2767 2764 3003
f 3003 2764 2763
f 3003 2763 2988
f 2767 3003 3006
f 3006 3003 3004
f 3006 3004 3007
f 3007 3004 3005
f 3007 3005 3008
f 3005 3000 3009
f 2062 2060 3010
f 3011 2063 2062
f 2062 3010 3011
f 3011 3010 3012
f 3011 3012 3013
f 3013 3012 3014
f 3013 3014 3009
f 3009 3014 3008
f 3009 3008 3005
f 1887 2915 1898
f 1898 2915 2914
f 2906 3015 2914
f 2914 3015 1900
f 2914 1900 1898
f 1887 1890 2915
f 2915 1890 1872
f 2915 1872 2919
f 1904 3016 1905
f 1905 3016 1899
f 1899 3016 1897
f 1897 3016 3017
f 1897 3017 1888
f 3018 1350 3019
f 3019 1350 1440
f 1426 3020 1427
f 1427 3020 3021
f 1427 3021 1440
f 1440 3021 3022
f 1440 3022 3019
f 3023 3024 3025
f 3026 3027 3028
f 3026 3028 3029
f 3027 3026 3030
f 3030 3026 3031
f 3030 3031 3032
f 3025 3024 3031
f 3031 3024 3033
f 3031 3033 3032
f 3028 3034 3029
f 3029 3034 3035
f 3029 3035 3036
f 1151 3023 1149
f 1149 3023 3025
f 1149 3025 3037
f 3037 3025 3031
f 3037 3031 3038
f 3038 3031 3026
f 3038 3026 3039
f 3039 3026 3029
f 3039 3029 3040
f 3040 3029 3036
f 3041 3042 3043
f 3043 3042 3044
f 3044 3042 3045
f 3045 3042 3036
f 3045 3036 3035
f 1564 3046 1563
f 1563 3046 3047
f 1563 3047 1562
f 1562 3047 3048
f 1562 3048 1561
f 1561 3048 1560
f 1560 3048 3049
f 1560 3049 1559
f 1559 3049 3050
f 1559 3050 3051
f 1554 1555 3052
f 3052 1555 3053
f 3053 1555 1556
f 3053 1556 3054
f 3054 1556 1557
f 3054 1557 3051
f 3051 1557 1558
f 3051 1558 1559
f 3055 1552 3056
f 3056 1552 1553
f 3052 3057 1554
f 1554 3057 3058
f 1554 3058 1553
f 1553 3058 3059
f 1553 3059 3056
f 3060 1552 3061
f 3061 1552 3055
f 1549 1548 3062
f 3062 1548 1547
f 3062 1547 3060
f 3060 1547 1551
f 3060 1551 1552
f 1549 3062 1550
f 1550 3062 3063
f 1550 3063 1545
f 1545 3063 3064
f 1545 3064 1546
f 3064 3065 1546
f 1546 3065 3066
f 1546 3066 1543
f 1543 3066 3067
f 1543 3067 1544
f 1544 3067 3068
f 1538 1539 3069
f 3069 1539 1540
f 3069 1540 3070
f 3070 1540 1541
f 3070 1541 3068
f 3068 1541 1542
f 3068 1542 1544
f 3069 3071 1538
f 1538 3071 3072
f 1538 3072 1537
f 1537 3072 3073
f 1537 3073 1533
f 1533 3073 1534
f 1534 3073 3074
f 1534 3074 1535
f 1535 3074 3075
f 1535 3075 1536
f 1536 3075 3076
f 1536 3076 1530
f 1530 3076 3077
f 1530 3077 1531
f 1531 3077 3078
f 1531 3078 1532
f 1532 3078 3079
f 1532 3079 1529
f 1529 3079 3080
f 1529 3080 1528
f 1528 3080 3081
f 1528 3081 1525
f 1525 3081 1526
f 1526 3081 3082
f 1526 3082 1527
f 3082 3083 1527
f 1527 3083 3084
f 1527 3084 1521
f 1521 3084 1522
f 1522 3084 3085
f 1522 3085 1523
f 1523 3085 3086
f 1523 3086 1524
f 1524 3086 3087
f 1524 3087 1520
f 3087 3088 1520
f 1520 3088 3089
f 1520 3089 1519
f 1519 3089 3090
f 1519 3090 1518
f 1518 3090 3091
f 3092 3093 3094
f 3094 3093 3095
f 3094 3095 2640
f 2640 3095 3096
f 2640 3096 2641
f 2641 3096 2646
f 2646 2645 2644
f 2644 2643 2646
f 2646 2643 2642
f 2646 2642 2641
f 2639 3096 2638
f 3096 2639 2646
f 3022 1484 3019
f 3019 1484 1482
f 3019 1482 3018
f 3018 1482 1481
f 3018 1481 1480
f 3097 1476 3020
f 3020 1476 1474
f 3020 1474 3021
f 3021 1474 1475
f 3021 1475 3022
f 3022 1475 1483
f 3022 1483 1484
f 3098 1479 3099
f 3099 1479 1478
f 3099 1478 3097
f 3097 1478 1477
f 3097 1477 1476
f 1472 1471 3100
f 3100 1471 1470
f 3100 1470 3101
f 3101 1470 1469
f 3101 1469 3102
f 3102 1469 1468
f 3102 1468 3098
f 3098 1468 1473
f 3098 1473 1479
f 3100 3103 1472
f 1472 3103 3104
f 1472 3104 1462
f 1462 3104 3105
f 1462 3105 1463
f 1463 3105 3106
f 1463 3106 1464
f 1464 3106 3107
f 1464 3107 1465
f 1465 3107 3108
f 1465 3108 1466
f 1466 3108 3109
f 1466 3109 1467
f 3109 1402 1467
f 1467 1402 1401
f 1467 1401 1461
f 1461 1401 3110
f 1461 3110 1460
f 1460 3110 3111
f 1460 3111 1459
f 1459 3111 3112
f 1459 3112 1105
f 1105 3112 1107
f 1458 1456 1148
f 1458 1148 1457
f 1148 1147 1457
f 1457 1147 1095
f 1457 1095 1094
f 3020 1426 3097
f 3097 1426 1425
f 3107 1450 3108
f 3108 1450 1449
f 3108 1449 3109
f 3109 1449 1402
f 1396 1450 3106
f 3106 1450 3107
f 3106 3105 1396
f 1396 3105 3104
f 1396 3104 1397
f 1397 3104 3103
f 1397 3103 1399
f 3103 3100 1399
f 1399 3100 3101
f 1399 3101 1400
f 1400 3101 3102
f 1400 3102 1393
f 1393 3102 3098
f 1393 3098 1395
f 3098 3099 1395
f 1395 3099 3097
f 1395 3097 1425
f 3027 3030 3113
f 1151 3114 3023
f 3023 3114 3115
f 3023 3115 3024
f 3115 3116 3024
f 3024 3116 3117
f 3024 3117 3033
f 3113 3030 3117
f 3117 3030 3032
f 3117 3032 3033
f 3035 3034 3118
f 3118 3034 3028
f 3118 3028 3027
f 3027 3113 3118
f 3118 3113 3119
f 3118 3119 3120
f 3121 3122 3123
f 3035 3118 3123
f 3123 3118 3120
f 3123 3120 3121
f 3121 3120 3119
f 3121 3119 3124
f 3125 3126 3127
f 3127 3126 3128
f 3127 3128 3129
f 3130 3131 3132
f 3132 3131 3133
f 3131 3134 3133
f 3133 3134 3135
f 3133 3135 3125
f 3125 3135 3136
f 3125 3136 3126
f 3132 3137 3130
f 3130 3137 1152
f 3130 1152 1136
f 1151 1152 3114
f 3114 1152 3137
f 3114 3137 3115
f 3115 3137 3132
f 3115 3132 3116
f 3116 3132 3133
f 3116 3133 3117
f 3117 3133 3125
f 3117 3125 3113
f 3113 3125 3127
f 3113 3127 3119
f 3119 3127 3129
f 3119 3129 3124
f 3138 3139 3140
f 1136 1155 3130
f 3130 1155 1154
f 3130 1154 3131
f 3131 1154 3141
f 3131 3141 3134
f 3134 3141 3135
f 3135 3141 3136
f 3136 3141 3140
f 3136 3140 3126
f 3124 3129 3140
f 3140 3129 3128
f 3140 3128 3126
f 3142 3143 3144
f 3145 3146 3147
f 3147 3146 3142
f 3147 3142 3148
f 3148 3142 3144
f 3148 3144 3149
f 3139 3145 3140
f 3140 3145 3147
f 3140 3147 3124
f 3124 3147 3148
f 3124 3148 3121
f 3121 3148 3149
f 3121 3149 3122
f 1153 1140 3150
f 3138 3140 3151
f 3151 3140 3141
f 3151 3141 3150
f 3150 3141 1154
f 3150 1154 1153
f 3152 3153 3154
f 3139 3138 3155
f 3156 3157 3158
f 3158 3157 3159
f 3158 3159 3160
f 3160 3159 3161
f 3160 3161 3162
f 3162 3161 3143
f 3162 3143 3142
f 3163 3164 3165
f 3165 3164 3166
f 3165 3166 3156
f 3156 3166 3167
f 3156 3167 3157
f 3168 3169 3170
f 3168 3170 3165
f 3165 3170 3171
f 3165 3171 3163
f 3169 3168 3172
f 3172 3168 3173
f 3172 3173 3174
f 3174 3173 3175
f 3175 3173 3176
f 3175 3176 3177
f 3178 1158 1156
f 1158 3178 1159
f 1159 3178 3179
f 1159 3179 1128
f 1128 3179 3180
f 1128 3180 1121
f 1121 3180 3181
f 1121 3181 1119
f 3182 1111 1143
f 1112 3183 1126
f 1126 3183 3184
f 1126 3184 1137
f 3150 1140 1138
f 1137 3184 1138
f 1138 3184 3151
f 1138 3151 3150
f 3142 3146 3162
f 3162 3146 3185
f 3162 3185 3160
f 3160 3185 3186
f 3160 3186 3158
f 3158 3186 3187
f 3158 3187 3156
f 3138 3151 3155
f 3155 3151 3184
f 3155 3184 3188
f 3188 3184 3183
f 3188 3183 3182
f 3182 3183 1112
f 3182 1112 1111
f 3145 3139 3189
f 3189 3139 3155
f 3189 3155 3154
f 3154 3155 3188
f 3154 3188 3152
f 3152 3188 3182
f 3152 3182 3181
f 3181 3182 1143
f 3181 1143 1119
f 3153 3152 3190
f 3190 3152 3181
f 3190 3181 3191
f 3191 3181 3180
f 3191 3180 3192
f 3192 3180 3179
f 3192 3179 3193
f 3193 3179 3178
f 3193 3178 3194
f 3194 3178 1156
f 3194 1156 1124
f 3146 3145 3185
f 3185 3145 3189
f 3185 3189 3186
f 3186 3189 3154
f 3186 3154 3187
f 3187 3154 3153
f 3187 3153 3156
f 3156 3153 3190
f 3156 3190 3165
f 3165 3190 3191
f 3165 3191 3168
f 3168 3191 3192
f 3168 3192 3173
f 3173 3192 3193
f 3173 3193 3176
f 3176 3193 3194
f 3195 1125 1116
f 3196 3197 3198
f 3198 3197 3199
f 3199 3195 3198
f 3198 3195 1116
f 3198 1116 3196
f 3196 1116 1146
f 3200 3177 3176
f 1124 1125 3194
f 3194 1125 3195
f 3194 3195 3176
f 3176 3195 3199
f 3176 3199 3200
f 3045 3035 3123
f 3201 3202 3203
f 3202 3204 3203
f 3203 3204 3043
f 3203 3043 3044
f 3044 3045 3203
f 3203 3045 3123
f 3203 3123 3201
f 3201 3123 3122
f 1920 1919 3205
f 3205 1919 3206
f 3205 3206 3207
f 3207 3206 3208
f 3207 3208 3209
f 3208 3210 3209
f 3209 3210 3211
f 3209 3211 3212
f 3211 3213 3212
f 3212 3213 3214
f 3212 3214 3215
f 1410 3216 1408
f 1408 3216 3217
f 1408 3217 1409
f 1409 3217 3218
f 3219 1413 1414
f 3219 1414 3220
f 3220 1414 1415
f 3220 1415 3221
f 3219 3017 1413
f 1413 3017 1412
f 1416 3222 1415
f 1415 3222 3223
f 1415 3223 3221
f 1358 3224 1388
f 1388 3224 3222
f 1388 3222 1418
f 1418 3222 1416
f 1903 3216 1904
f 1904 3216 1410
f 1904 1410 3016
f 3016 1410 1411
f 3016 1411 3017
f 3017 1411 1412
f 3110 1401 1406
f 3225 3226 3227
f 3225 3227 1403
f 3227 3228 1403
f 1403 3228 3229
f 1403 3229 1404
f 1409 3218 3230
f 1409 3230 1431
f 3230 3231 1431
f 1431 3231 3232
f 1431 3232 1403
f 1403 3232 3233
f 3233 3234 1403
f 1403 3234 3235
f 1403 3235 3236
f 3236 3237 1403
f 1403 3237 3238
f 1403 3238 3225
f 3229 3239 1404
f 1404 3239 3240
f 1404 3240 1405
f 1405 3240 3241
f 1405 3241 1406
f 1406 3241 3111
f 1406 3111 3110
f 1919 1921 3206
f 3206 1921 3242
f 3206 3242 3208
f 3208 3242 3243
f 3244 3213 3245
f 3245 3213 3211
f 3245 3211 3243
f 3243 3211 3210
f 3243 3210 3208
f 3244 3246 3213
f 3213 3246 3247
f 3213 3247 3214
f 3214 3247 3248
f 3214 3248 3249
f 3249 3248 3250
f 3250 3248 3096
f 3250 3096 3095
f 3095 3093 3251
f 3095 3251 3250
f 3250 3251 3252
f 3250 3252 3249
f 3249 3252 3253
f 3249 3253 3214
f 3093 3254 3251
f 3251 3254 3255
f 3251 3255 3252
f 3252 3255 3256
f 3252 3256 3253
f 3092 3257 3093
f 3093 3257 3258
f 3093 3258 3254
f 3254 3258 3259
f 3254 3259 3255
f 3255 3259 3260
f 3255 3260 3256
f 3256 3260 3261
f 3256 3261 3253
f 3253 3261 3262
f 3253 3262 3214
f 3214 3262 3215
f 3201 3122 3149
f 3263 3264 3265
f 3264 3266 3265
f 3265 3266 3267
f 3265 3267 3268
f 3144 3143 3263
f 3201 3149 3202
f 3144 3263 3149
f 3149 3263 3265
f 3149 3265 3202
f 3202 3265 3268
f 3202 3268 3204
f 3269 2955 2954
f 3269 2954 3270
f 3270 2954 3271
f 3270 3271 3272
f 3273 3274 3275
f 3275 3274 3276
f 3275 3276 3277
f 3277 3276 3278
f 3277 3278 3279
f 3279 3278 3280
f 3279 3280 3281
f 3281 3280 3282
f 3281 3282 3283
f 3284 3283 3285
f 3285 3283 3282
f 3285 3282 3286
f 3286 3282 3280
f 3286 3280 3287
f 3287 3280 3278
f 3287 3278 3288
f 3288 3278 3276
f 3270 3200 3269
f 3269 3200 3199
f 2956 2955 3197
f 3197 2955 3269
f 3197 3269 3199
f 3289 3174 3290
f 3290 3174 3175
f 3290 3175 3291
f 3263 3143 3161
f 3292 3286 3293
f 3293 3286 3287
f 3293 3287 3294
f 3294 3287 3288
f 3294 3288 3295
f 3295 3288 3276
f 3295 3276 3296
f 3296 3276 3274
f 3289 3297 3292
f 3292 3297 3285
f 3292 3285 3286
f 3174 3289 3172
f 3172 3289 3292
f 3172 3292 3169
f 3169 3292 3293
f 3164 3163 3294
f 3294 3163 3171
f 3294 3171 3293
f 3293 3171 3170
f 3293 3170 3169
f 3164 3294 3166
f 3166 3294 3295
f 3166 3295 3167
f 3167 3295 3296
f 3167 3296 3157
f 3157 3296 3298
f 3157 3298 3159
f 3264 3263 3299
f 3299 3263 3161
f 3299 3161 3300
f 3300 3161 3159
f 3159 3298 3300
f 3300 3298 3301
f 3300 3301 3299
f 3299 3301 3266
f 3299 3266 3264
f 3274 3273 3296
f 3296 3273 3302
f 3296 3302 3298
f 3298 3302 3303
f 3298 3303 3301
f 3304 3305 3204
f 3204 3305 3306
f 3204 3306 3043
f 3043 3306 3041
f 3307 3308 3309
f 3310 3311 3312
f 3313 3314 3310
f 3310 3314 3315
f 3310 3315 3311
f 3307 3284 3308
f 3308 3284 3316
f 3308 3316 3317
f 3318 3313 3317
f 3317 3313 3310
f 3317 3310 3308
f 3308 3310 3312
f 3308 3312 3309
f 3271 3318 3319
f 3319 3318 3317
f 3319 3317 3320
f 3320 3317 3316
f 3320 3316 3321
f 3321 3316 3284
f 3272 3271 3291
f 3291 3271 3319
f 3284 3285 3321
f 3321 3285 3297
f 3321 3297 3320
f 3320 3297 3289
f 3320 3289 3319
f 3319 3289 3290
f 3319 3290 3291
f 3273 3322 3302
f 3302 3322 3323
f 3302 3323 3303
f 3303 3323 3324
f 3304 3204 3325
f 3325 3204 3268
f 3325 3268 3326
f 3326 3268 3267
f 3326 3267 3327
f 3327 3267 3266
f 3327 3266 3324
f 3324 3266 3301
f 3324 3301 3303
f 3328 3322 3273
f 3273 3275 3328
f 3328 3275 3277
f 3328 3277 3329
f 3283 3330 3281
f 3281 3330 3329
f 3281 3329 3279
f 3279 3329 3277
f 3283 3284 3330
f 3330 3284 3307
f 3330 3307 3309
f 2653 2652 2651
f 2649 2648 2954
f 2954 2648 2647
f 2954 2647 3331
f 3271 2954 3318
f 3318 2954 3331
f 3318 3331 3313
f 3313 3331 3314
f 2653 2651 2954
f 2954 2651 2650
f 2954 2650 2649
f 3047 1752 1750
f 3047 1750 3048
f 3048 1750 1748
f 3048 1748 1737
f 1776 3049 1777
f 1777 3049 3048
f 1777 3048 1736
f 1736 3048 1737
f 1774 3051 1776
f 1776 3051 3050
f 1776 3050 3049
f 3059 3058 1718
f 1718 3058 3057
f 1718 3057 1719
f 1719 3057 3052
f 1719 3052 1772
f 1772 3052 3053
f 1772 3053 1774
f 1774 3053 3054
f 1774 3054 3051
f 3059 1718 3056
f 3056 1718 1724
f 3056 1724 3055
f 3055 1724 1700
f 3055 1700 3061
f 3061 1700 1660
f 3061 1660 3060
f 1752 3047 1754
f 1754 3047 3046
f 1754 3046 1756
f 1756 3046 3332
f 1756 3332 1758
f 1758 3332 3333
f 1758 3333 1760
f 1760 3333 3334
f 1760 3334 1762
f 1762 3334 3335
f 1762 3335 1764
f 1764 3335 3336
f 1764 3336 1766
f 3336 3337 1766
f 1766 3337 3338
f 1766 3338 1768
f 1768 3338 3339
f 1768 3339 1770
f 1770 3339 3340
f 1770 3340 1771
f 1771 3340 3341
f 1771 3341 1740
f 1740 3341 3342
f 1740 3342 1742
f 1742 3342 1744
f 1744 3342 3343
f 1744 3343 1746
f 1746 3343 3344
f 1746 3344 1784
f 3344 3345 1784
f 1784 3345 3346
f 1784 3346 1782
f 3346 3347 1782
f 1782 3347 3348
f 1782 3348 1795
f 3085 3084 1636
f 3082 3081 1638
f 1663 3066 1664
f 1664 3066 3065
f 1664 3065 1665
f 1665 3065 3064
f 1665 3064 1656
f 1656 3064 1658
f 1658 3064 3063
f 1658 3063 1660
f 1660 3063 3062
f 1660 3062 3060
f 1615 3069 1612
f 1612 3069 3070
f 1612 3070 1610
f 1610 3070 3068
f 1610 3068 1663
f 1663 3068 3067
f 1663 3067 3066
f 3073 3072 1615
f 1615 3072 3071
f 1615 3071 3069
f 1623 3075 3074
f 1615 1606 3073
f 3073 1606 1605
f 3073 1605 3074
f 3074 1605 1621
f 3074 1621 1623
f 3075 1623 3076
f 3076 1623 1653
f 3076 1653 3077
f 3077 1653 1651
f 3077 1651 1649
f 1647 3079 1649
f 1649 3079 3078
f 1649 3078 3077
f 1647 1644 3079
f 3079 1644 1642
f 3079 1642 3080
f 3080 1642 3081
f 3081 1642 1640
f 3081 1640 1638
f 1636 3084 1638
f 1638 3084 3083
f 1638 3083 3082
f 3085 1636 3086
f 3086 1636 1634
f 3086 1634 3087
f 3087 1634 1632
f 3087 1632 3088
f 3088 1632 1630
f 3088 1630 3089
f 3089 1630 1628
f 3089 1628 3090
f 3090 1628 3091
f 3091 1628 1626
f 3091 1626 1625
f 2188 2185 3349
f 3349 2185 2181
f 3349 2181 2951
f 3349 3350 2188
f 2188 3350 3351
f 2188 3351 2189
f 2149 2138 2951
f 2165 2154 2166
f 2166 2154 3352
f 2166 3352 2164
f 2149 2951 2154
f 2154 2951 2181
f 2154 2181 3352
f 3352 2181 2162
f 3352 2162 2164
f 3353 1659 3354
f 3354 1659 1661
f 3355 1655 1657
f 1608 1662 2994
f 2994 1662 1655
f 2994 1655 2995
f 2995 1655 3355
f 2995 3355 2997
f 2997 3355 2992
f 3013 3009 3356
f 3356 3009 3000
f 3356 3000 2993
f 3357 3011 3013
f 2098 2089 3358
f 2950 2130 2129
f 2129 2091 2950
f 2950 2091 2093
f 2950 2093 3359
f 3359 2093 2095
f 3359 2095 2097
f 3358 2089 3357
f 3357 2089 2088
f 3357 2088 3011
f 3011 2088 2073
f 3011 2073 2063
f 2097 2098 3359
f 3359 2098 3358
f 3359 3358 3360
f 3360 3358 3361
f 2993 2992 3356
f 3356 2992 3355
f 3356 3355 3353
f 3353 3355 1657
f 3353 1657 1659
f 3013 3356 3357
f 3357 3356 3353
f 3357 3353 3358
f 3358 3353 3354
f 3358 3354 3361
f 3361 3354 1661
f 3361 1661 1701
f 1721 3362 1720
f 1720 3362 3363
f 1720 3363 1722
f 1722 3363 3364
f 1722 3364 1723
f 2950 3359 3364
f 3364 3359 3360
f 3364 3360 1723
f 1723 3360 3361
f 1723 3361 1701
f 2952 2950 3365
f 3365 2950 3364
f 3365 3364 3366
f 3366 3364 3363
f 1739 1741 3367
f 2687 3368 1745
f 1745 3368 1743
f 1739 3367 1769
f 1769 3367 3369
f 1769 3369 1767
f 1759 1761 3370
f 3370 1761 1763
f 3370 1763 3369
f 3369 1763 1765
f 3369 1765 1767
f 3371 1753 3372
f 3372 1753 1755
f 3372 1755 1757
f 3373 1749 3371
f 3371 1749 1751
f 3371 1751 1753
f 1775 1738 3373
f 3373 1738 1747
f 3373 1747 1749
f 3374 1773 3375
f 3375 1773 1775
f 3375 1775 3376
f 3376 1775 3373
f 3377 3362 1721
f 3378 3379 3371
f 3371 3379 3380
f 3371 3380 3373
f 3373 3380 3381
f 3373 3381 3376
f 3376 3381 3382
f 3376 3382 3375
f 3375 3382 3377
f 3375 3377 3374
f 3374 3377 1721
f 3374 1721 1773
f 3383 3384 3370
f 3370 3384 3372
f 3370 3372 1759
f 1759 3372 1757
f 3384 3385 3372
f 3372 3385 3386
f 3372 3386 3371
f 3371 3386 3387
f 3371 3387 3378
f 3369 3388 3389
f 3369 3389 3370
f 3370 3389 3390
f 3370 3390 3383
f 3391 3392 3367
f 3367 3392 3393
f 3367 3393 3369
f 3369 3393 3394
f 3369 3394 3388
f 1741 1743 3367
f 3367 1743 3368
f 3367 3368 3391
f 3391 3368 2687
f 3391 2687 2689
f 2969 2968 3395
f 2888 2890 3396
f 3397 3398 3399
f 1629 1631 3400
f 1622 2982 1654
f 1654 2982 3401
f 3402 1650 1652
f 1650 3402 1648
f 1648 3402 3403
f 1648 3403 1646
f 1646 3403 1645
f 1645 3403 3404
f 1645 3404 1643
f 3405 1637 1639
f 1635 1637 3406
f 3406 1637 3405
f 3406 3405 3407
f 1631 1633 3400
f 3400 1633 3408
f 3400 3408 3409
f 3410 3411 3412
f 3412 3411 3413
f 3412 3413 3414
f 3414 3413 3415
f 3414 3415 3416
f 3416 3415 1624
f 3416 1624 3417
f 3417 1624 1627
f 3397 3399 3418
f 3418 3399 3419
f 3418 3419 3420
f 2949 2948 3421
f 2949 3421 3422
f 2892 2893 3423
f 2943 2942 2923
f 2923 2942 3424
f 2923 3424 2924
f 2924 3424 3423
f 2924 3423 2926
f 2926 3423 2922
f 2893 2901 3423
f 3423 2901 2902
f 3423 2902 2910
f 2910 2912 3423
f 3423 2912 2911
f 3423 2911 2922
f 2983 2844 2863
f 2983 2863 3425
f 3425 2863 2859
f 3425 2859 2858
f 2969 3395 2978
f 2982 2981 3401
f 3401 2981 2979
f 3401 2979 3426
f 2979 2978 3426
f 3426 2978 3395
f 3426 3395 3427
f 3427 3395 3428
f 3427 3428 3429
f 3429 3428 3430
f 3429 3404 3427
f 3427 3404 3403
f 3427 3403 3426
f 3426 3403 3402
f 3426 3402 3401
f 3401 3402 1652
f 3401 1652 1654
f 1639 1641 3405
f 3405 1641 1643
f 3405 1643 3407
f 3407 1643 3404
f 3407 3404 3431
f 3431 3404 3429
f 3431 3429 3432
f 3432 3429 3430
f 3432 3430 3433
f 3433 3430 3428
f 3433 3428 3434
f 3434 3428 3395
f 3434 3395 3425
f 3425 3395 2968
f 3425 2968 2983
f 3421 3420 3422
f 3422 3420 3419
f 3422 3419 3435
f 3435 3419 3399
f 1627 1629 3417
f 3417 1629 3400
f 3417 3400 3416
f 3416 3400 3409
f 3416 3409 3414
f 3414 3409 3436
f 3414 3436 3412
f 3412 3436 3437
f 3412 3437 3438
f 3438 3437 3439
f 3438 3439 3440
f 3440 3439 3441
f 3440 3441 3424
f 3424 3441 3442
f 3424 3442 3423
f 3423 3442 3396
f 3423 3396 2892
f 2892 3396 2890
f 2942 2949 3424
f 3424 2949 3422
f 3424 3422 3440
f 3440 3422 3435
f 3440 3435 3438
f 3438 3435 3399
f 3438 3399 3412
f 3412 3399 3398
f 3412 3398 3410
f 1633 1635 3408
f 3408 1635 3406
f 3408 3406 3409
f 3409 3406 3407
f 3409 3407 3436
f 3436 3407 3431
f 3436 3431 3437
f 3437 3431 3432
f 3437 3432 3439
f 3439 3432 3433
f 3439 3433 3441
f 3441 3433 3434
f 3441 3434 3442
f 3442 3434 3425
f 3442 3425 3396
f 3396 3425 2858
f 3396 2858 2888
f 1850 2946 2947
f 1850 2947 1852
f 1852 2947 2927
f 1852 2927 1854
f 2941 2940 1866
f 1866 2940 2939
f 1866 2939 1868
f 1868 2939 2938
f 1868 2938 1869
f 1869 2938 2936
f 1869 2936 1870
f 1870 2936 2935
f 1870 2935 1858
f 1858 2935 2946
f 1858 2946 1849
f 1849 2946 1850
f 2941 1866 2929
f 2929 1866 1861
f 2929 1861 2932
f 2932 1861 1862
f 2932 1862 1864
f 3304 2245 3305
f 3305 2245 2253
f 3305 2253 2254
f 3443 3327 3324
f 2231 2233 3443
f 3443 3324 2231
f 2231 3324 3323
f 2231 3323 2228
f 2228 3323 3322
f 2228 3322 2226
f 2220 2221 3328
f 3328 2221 2223
f 3328 2223 3322
f 3322 2223 2224
f 3322 2224 2226
f 3330 3309 3444
f 3328 3329 2220
f 2220 3329 3330
f 2220 3330 2203
f 2203 3330 3444
f 2203 3444 2199
f 2182 3314 2174
f 2174 3314 3331
f 2174 3331 2647
f 2198 2199 3444
f 3444 3309 2198
f 2198 3309 3312
f 2198 3312 2197
f 2197 3312 2191
f 3315 3314 2182
f 3312 3311 2191
f 2191 3311 3315
f 2191 3315 2186
f 2186 3315 2182
f 2244 2245 3304
f 3325 2238 3304
f 3304 2238 2242
f 3304 2242 2244
f 3327 3443 3326
f 3326 3443 2233
f 3326 2233 3325
f 3325 2233 2239
f 3325 2239 2238
f 1848 3221 1867
f 1867 3221 3223
f 1867 3223 1865
f 1865 3223 3222
f 1865 3222 1859
f 3224 1863 3222
f 3222 1863 1860
f 3222 1860 1859
f 3017 3219 1856
f 1856 1871 3017
f 3017 1871 1889
f 3017 1889 1888
f 1855 1856 3219
f 1855 3219 1853
f 1853 3219 3220
f 1853 3220 1851
f 1851 3220 3221
f 1851 3221 1848
f 2101 2953 2104
f 2104 2953 3445
f 2104 3445 2105
f 2105 3445 2106
f 2106 3445 3446
f 2106 3446 2128
f 2128 3446 3447
f 2128 3447 2127
f 2127 3447 3448
f 2127 3448 2126
f 2126 3448 2109
f 2109 3448 3449
f 2109 3449 2110
f 2110 3449 2115
f 2115 3449 3450
f 2115 3450 2116
f 2116 3450 2117
f 2117 3450 3451
f 2117 3451 2114
f 2114 3451 3452
f 2114 3452 2076
f 2900 3218 3217
f 2900 3217 2906
f 2906 3217 3216
f 2906 3216 3015
f 3216 1903 3015
f 3015 1903 1900
f 2928 2919 1872
f 2928 1872 2927
f 2927 1872 1857
f 2927 1857 1854
f 3453 3231 3230
f 3453 3230 2881
f 3218 2900 3230
f 3230 2900 2896
f 3230 2896 2881
f 2072 2076 3452
f 2072 3452 2067
f 3094 2640 3092
f 3092 2640 2632
f 3092 2632 3257
f 3257 2632 2631
f 2067 3452 2061
f 2061 3452 3257
f 2061 3257 2056
f 2631 2051 3257
f 3257 2051 2054
f 3257 2054 2056
f 2953 2956 3197
f 3450 3454 3451
f 3451 3454 3455
f 3451 3455 3452
f 3196 3449 3448
f 3448 3447 3196
f 3196 3447 3446
f 3196 3446 3197
f 3197 3446 3445
f 3197 3445 2953
f 3257 3452 3258
f 3258 3452 3455
f 3258 3455 3259
f 3259 3455 3260
f 3456 3457 3458
f 3458 3457 3459
f 3260 3455 3261
f 3261 3455 3458
f 3261 3458 3262
f 3262 3458 3459
f 3262 3459 3215
f 3460 3461 3462
f 3462 3461 3463
f 3464 1132 3465
f 3465 1132 1133
f 3462 3466 3460
f 3460 3466 3465
f 3460 3465 3467
f 3467 3465 1133
f 1146 3454 3196
f 3196 3454 3450
f 3196 3450 3449
f 1146 1130 3454
f 3454 1130 1132
f 3454 1132 3455
f 3455 1132 3464
f 3455 3464 3458
f 3458 3464 3465
f 3458 3465 3456
f 3456 3465 3466
f 3468 3469 3470
f 3234 3233 3453
f 3453 3233 3232
f 3453 3232 3231
f 3471 3238 3237
f 3472 3226 3225
f 3473 3474 3470
f 3470 3474 3475
f 3470 3475 3468
f 3476 3477 3473
f 3473 3477 3478
f 3478 3479 3473
f 3473 3479 3480
f 3473 3480 3474
f 2800 3481 2879
f 2879 3481 2878
f 3468 3226 3469
f 3469 3226 3472
f 3469 3472 2799
f 3238 3471 3225
f 3225 3471 3481
f 3225 3481 3472
f 3472 3481 2800
f 3472 2800 2799
f 2799 2851 3469
f 3469 2851 2850
f 3469 2850 3470
f 3470 2850 2849
f 3470 2849 3473
f 3482 3483 3484
f 3484 3483 3485
f 3484 3485 2889
f 2889 3485 3486
f 2889 3486 2880
f 2881 2880 3453
f 3453 2880 3486
f 3453 3486 3234
f 3234 3486 3485
f 3234 3485 3235
f 3235 3485 3483
f 3235 3483 3236
f 3236 3483 3237
f 2780 3476 2847
f 2847 3476 3473
f 2847 3473 2848
f 2848 3473 2849
f 2889 2873 3484
f 3484 2873 2872
f 3484 2872 3482
f 3482 2872 2876
f 3482 2876 2877
f 3237 3483 3471
f 3471 3483 3482
f 3471 3482 3481
f 3481 3482 2877
f 3481 2877 2878
f 2780 2779 3476
f 3476 2779 3487
f 3476 3487 3477
f 2783 3488 2784
f 2784 3488 3489
f 2784 3489 2782
f 2782 3489 3487
f 2782 3487 2781
f 2781 3487 2779
f 2751 2957 2785
f 2785 2957 3488
f 2785 3488 2786
f 2786 3488 2783
f 1916 3488 1917
f 1917 3488 2957
f 1917 2957 1922
f 1922 2957 1925
f 2196 2189 3351
f 3490 2235 2234
f 3490 3491 3492
f 3492 3491 3493
f 3493 3491 3494
f 3494 3491 3495
f 3494 3495 3496
f 3496 3495 3497
f 3496 3497 3498
f 3498 3497 3499
f 3498 3499 3500
f 3500 3499 3501
f 3500 3501 3502
f 3502 3501 3503
f 3503 3501 3504
f 3503 3504 3505
f 3351 3506 3507
f 3507 3506 3508
f 3507 3508 3509
f 3509 3508 3510
f 3509 3510 3511
f 3511 3510 3512
f 2196 3351 2195
f 2195 3351 3507
f 2195 3507 2194
f 2194 3507 3509
f 2194 3509 2219
f 2212 3511 3504
f 3504 3511 3512
f 3504 3512 3505
f 2212 2214 3511
f 3511 2214 2216
f 3511 2216 3509
f 3509 2216 2217
f 3509 2217 2219
f 3490 2234 3491
f 3491 2234 2208
f 3491 2208 3495
f 3495 2208 2207
f 3495 2207 3497
f 3497 2207 2211
f 3497 2211 3499
f 3499 2211 2210
f 3499 2210 3501
f 3501 2210 2209
f 3501 2209 3504
f 3504 2209 2222
f 3504 2222 2212
f 3513 3514 3515
f 3516 3517 3518
f 3519 2952 3365
f 3393 3392 3515
f 2689 3520 3391
f 3391 3520 3392
f 3521 3394 3393
f 3390 3389 3522
f 3522 3389 3388
f 3390 3522 3383
f 3383 3522 3523
f 3383 3523 3384
f 3384 3523 3524
f 3384 3524 3385
f 3525 3387 3524
f 3524 3387 3386
f 3524 3386 3385
f 3526 3380 3527
f 3527 3380 3379
f 3527 3379 3525
f 3525 3379 3378
f 3525 3378 3387
f 3528 3382 3381
f 3529 3377 3382
f 3363 3362 3377
f 3377 3529 3363
f 3363 3529 3530
f 3363 3530 3366
f 3366 3530 3531
f 3366 3531 3365
f 3365 3531 3532
f 3365 3532 3519
f 3533 3534 3535
f 3535 3534 3536
f 3537 3538 3539
f 3537 3540 3541
f 3541 3540 3542
f 3541 3542 3543
f 3392 3520 3515
f 3515 3520 3544
f 3515 3544 3513
f 3393 3515 3521
f 3521 3515 3514
f 3521 3514 3545
f 3522 3546 3523
f 3523 3546 3547
f 3523 3547 3524
f 3524 3547 3548
f 3524 3548 3525
f 3525 3548 3549
f 3525 3549 3527
f 3527 3549 3550
f 3527 3550 3526
f 3526 3550 3551
f 3552 3553 3554
f 3554 3553 3555
f 3554 3555 3556
f 3556 3555 3557
f 3556 3557 3558
f 3558 3557 3559
f 3558 3559 3560
f 3561 3543 3562
f 3562 3543 3542
f 3562 3542 3563
f 3563 3542 3540
f 3563 3540 3564
f 3517 3561 3518
f 3518 3561 3562
f 3518 3562 3565
f 3565 3562 3563
f 3565 3563 3566
f 3566 3563 3564
f 3566 3564 3567
f 3513 3516 3514
f 3514 3516 3518
f 3514 3518 3545
f 3545 3518 3565
f 3545 3565 3568
f 3568 3565 3566
f 3568 3566 3560
f 3560 3566 3567
f 3560 3567 3558
f 3553 3551 3555
f 3555 3551 3550
f 3555 3550 3557
f 3557 3550 3549
f 3557 3549 3559
f 3559 3549 3548
f 3559 3548 3560
f 3560 3548 3547
f 3560 3547 3568
f 3568 3547 3546
f 3568 3546 3545
f 3545 3546 3522
f 3545 3522 3521
f 3521 3522 3388
f 3521 3388 3394
f 3382 3528 3529
f 3529 3528 3569
f 3529 3569 3530
f 3530 3569 3535
f 3530 3535 3531
f 3531 3535 3536
f 3531 3536 3532
f 3537 3539 3540
f 3540 3539 3570
f 3540 3570 3564
f 3564 3570 3571
f 3564 3571 3567
f 3567 3571 3572
f 3567 3572 3558
f 3558 3572 3573
f 3558 3573 3556
f 3556 3573 3574
f 3556 3574 3554
f 3554 3574 3533
f 3554 3533 3552
f 3552 3533 3535
f 3552 3535 3553
f 3553 3535 3569
f 3553 3569 3551
f 3551 3569 3528
f 3551 3528 3526
f 3526 3528 3381
f 3526 3381 3380
f 3012 3010 2017
f 2046 2017 2032
f 2032 2017 3010
f 2032 3010 2033
f 2033 3010 2060
f 2017 2016 3012
f 3012 2016 1997
f 3012 1997 3014
f 1997 1995 3014
f 3014 1995 1994
f 3014 1994 3008
f 3008 1994 2019
f 3008 2019 3007
f 2019 1986 3007
f 3007 1986 1985
f 3007 1985 3006
f 1985 1987 3006
f 3006 1987 1988
f 3006 1988 2767
f 1988 2023 2767
f 2767 2023 1975
f 2767 1975 2766
f 1975 1974 2766
f 2766 1974 1942
f 2766 1942 2716
f 1923 1931 1937
f 1937 1931 1932
f 1937 1932 1933
f 1923 1937 1921
f 1921 1937 1951
f 1921 1951 3242
f 3242 1951 1972
f 3242 1972 3243
f 1972 2003 3243
f 3243 2003 2015
f 3243 2015 3245
f 2015 2014 3245
f 3245 2014 2012
f 3245 2012 3244
f 2025 2638 2026
f 2026 2638 3096
f 2026 3096 1999
f 1999 3096 3248
f 1999 3248 1998
f 1998 3248 3247
f 1998 3247 1990
f 1990 3247 3246
f 1990 3246 1992
f 1992 3246 3244
f 1992 3244 2011
f 2011 3244 2012
f 3519 3532 3351
f 2951 2952 3349
f 3349 2952 3519
f 3349 3519 3350
f 3350 3519 3351
f 3506 3351 3532
f 3532 3536 3506
f 3506 3536 3534
f 3506 3534 3508
f 3508 3534 3533
f 3508 3533 3510
f 3510 3533 3574
f 3573 3505 3574
f 3574 3505 3512
f 3574 3512 3510
f 3572 3502 3573
f 3573 3502 3503
f 3573 3503 3505
f 3539 3538 3492
f 3492 3493 3539
f 3539 3493 3494
f 3539 3494 3570
f 3570 3494 3496
f 3570 3496 3571
f 3571 3496 3498
f 3571 3498 3572
f 3572 3498 3500
f 3572 3500 3502
f 3575 3576 3577
f 3577 3578 3579
f 3580 3581 3582
f 3583 3584 3585
f 3579 3578 3586
f 3583 3586 3584
f 3584 3586 3578
f 3584 3578 3587
f 3587 3578 3577
f 3587 3577 3576
f 3587 3576 3588
f 3589 3590 3591
f 3591 3590 3592
f 3591 3592 3593
f 3594 3595 3596
f 3596 3595 3597
f 3598 3599 3600
f 3600 3599 3601
f 3600 3601 3602
f 3602 3601 3603
f 3602 3603 3604
f 3604 3603 3605
f 3604 3605 3606
f 3606 3605 3607
f 3606 3607 3608
f 3608 3607 3609
f 3608 3609 3610
f 3611 3612 3613
f 3613 3612 3614
f 3613 3614 3615
f 3615 3614 3616
f 3617 3618 3619
f 3620 3618 3621
f 3621 3618 3617
f 3621 3617 3622
f 3623 3624 3625
f 3626 3627 3628
f 3628 3627 3629
f 3626 3628 3630
f 3630 3628 3631
f 3630 3631 3632
f 3633 3634 3635
f 3635 3634 3583
f 3635 3583 3636
f 3636 3583 3585
f 3627 3624 3629
f 3629 3624 3623
f 3629 3623 3637
f 3637 3623 3638
f 3637 3638 3639
f 3619 3612 3617
f 3617 3612 3611
f 3617 3611 3622
f 3622 3611 3640
f 3622 3640 3641
f 3641 3640 3642
f 3643 3642 3644
f 3644 3642 3640
f 3644 3640 3645
f 3645 3640 3611
f 3645 3611 3646
f 3646 3611 3613
f 3615 3598 3613
f 3613 3598 3600
f 3613 3600 3646
f 3646 3600 3602
f 3646 3602 3645
f 3645 3602 3604
f 3645 3604 3644
f 3644 3604 3606
f 3644 3606 3643
f 3643 3606 3608
f 3625 3620 3623
f 3623 3620 3621
f 3623 3621 3638
f 3638 3621 3622
f 3638 3622 3639
f 3639 3622 3641
f 3639 3641 3647
f 3647 3641 3642
f 3647 3642 3648
f 3648 3642 3643
f 3648 3643 3649
f 3649 3643 3608
f 3649 3608 3596
f 3596 3608 3610
f 3596 3610 3594
f 3589 3588 3590
f 3590 3588 3576
f 3590 3576 3592
f 3592 3576 3575
f 3592 3575 3650
f 3649 3581 3648
f 3648 3581 3580
f 3648 3580 3647
f 3647 3580 3582
f 3647 3582 3639
f 3639 3582 3651
f 3639 3651 3637
f 3637 3651 3652
f 3637 3652 3629
f 3653 3632 3635
f 3635 3632 3631
f 3635 3631 3633
f 3633 3631 3628
f 3633 3628 3634
f 3634 3628 3629
f 3634 3629 3583
f 3583 3629 3652
f 3583 3652 3586
f 3586 3652 3651
f 3586 3651 3579
f 3579 3651 3582
f 3579 3582 3577
f 3577 3582 3581
f 3577 3581 3575
f 3575 3581 3649
f 3575 3649 3650
f 3650 3649 3596
f 3650 3596 3592
f 3592 3596 3597
f 3592 3597 3593
f 3654 3655 3656
f 3589 3654 3588
f 3588 3654 3656
f 3588 3656 3587
f 3657 3585 3584
f 3655 3658 3656
f 3656 3658 3659
f 3656 3659 3660
f 3584 3587 3657
f 3657 3587 3656
f 3657 3656 3661
f 3661 3656 3660
f 3662 3663 3664
f 3665 3625 3624
f 3625 3665 3620
f 3620 3665 3666
f 3620 3666 3618
f 3618 3666 3619
f 3619 3666 3667
f 3619 3667 3612
f 3612 3667 3614
f 3614 3667 3668
f 3614 3668 3616
f 3632 3653 3669
f 3624 3627 3665
f 3665 3627 3626
f 3665 3626 3662
f 3662 3626 3630
f 3662 3630 3663
f 3663 3630 3632
f 3663 3632 3670
f 3670 3632 3669
f 3670 3669 3671
f 3672 3673 3674
f 3675 3676 3677
f 3677 3676 3678
f 3677 3678 3679
f 3679 3678 3680
f 3679 3680 3681
f 3681 3680 3672
f 3681 3672 3682
f 3682 3672 3674
f 3671 3683 3670
f 3670 3683 3684
f 3670 3684 3663
f 3663 3684 3685
f 3663 3685 3664
f 3664 3674 3662
f 3662 3674 3673
f 3662 3673 3665
f 3665 3673 3672
f 3665 3672 3666
f 3666 3672 3680
f 3666 3680 3667
f 3667 3680 3678
f 3667 3678 3668
f 3668 3678 3676
f 3686 3687 3688
f 3689 3690 3691
f 3689 3691 3692
f 3684 3683 3693
f 3694 3695 3696
f 3696 3695 3697
f 3696 3697 3698
f 3697 3699 3698
f 3698 3699 3700
f 3698 3700 3701
f 3701 3700 3702
f 3701 3702 3703
f 3703 3702 3704
f 3705 3686 3706
f 3707 3708 3709
f 3709 3708 3710
f 3709 3710 3711
f 3711 3710 3705
f 3711 3705 3712
f 3712 3705 3706
f 3713 3714 3715
f 3715 3714 3716
f 3715 3716 3717
f 3714 3718 3716
f 3716 3718 3719
f 3716 3719 3717
f 3717 3719 3720
f 3717 3720 3721
f 3722 3723 3724
f 3724 3723 3725
f 3724 3725 3718
f 3664 3685 3726
f 3726 3685 3684
f 3726 3684 3727
f 3723 3728 3725
f 3725 3728 3729
f 3725 3729 3718
f 3718 3729 3730
f 3718 3730 3719
f 3719 3730 3731
f 3719 3731 3720
f 3732 3733 3734
f 3734 3733 3735
f 3734 3735 3694
f 3694 3735 3695
f 3684 3693 3727
f 3727 3693 3692
f 3727 3692 3736
f 3736 3692 3691
f 3736 3691 3732
f 3732 3691 3737
f 3732 3737 3733
f 3675 3677 3713
f 3713 3677 3679
f 3713 3679 3714
f 3714 3679 3681
f 3714 3681 3718
f 3718 3681 3682
f 3718 3682 3724
f 3724 3682 3674
f 3724 3674 3722
f 3675 3713 3738
f 3738 3713 3715
f 3738 3715 3739
f 3739 3715 3717
f 3739 3717 3740
f 3740 3717 3721
f 3740 3721 3741
f 3722 3742 3723
f 3723 3742 3743
f 3723 3743 3728
f 3728 3743 3688
f 3728 3688 3729
f 3729 3688 3687
f 3729 3687 3730
f 3730 3687 3686
f 3730 3686 3731
f 3731 3686 3705
f 3731 3705 3720
f 3720 3705 3710
f 3720 3710 3721
f 3721 3710 3708
f 3721 3708 3741
f 3741 3708 3707
f 3741 3707 3744
f 3674 3664 3722
f 3722 3664 3726
f 3722 3726 3742
f 3742 3726 3727
f 3742 3727 3743
f 3743 3727 3736
f 3743 3736 3688
f 3688 3736 3732
f 3688 3732 3686
f 3686 3732 3734
f 3686 3734 3706
f 3706 3734 3694
f 3706 3694 3712
f 3712 3694 3696
f 3712 3696 3711
f 3711 3696 3698
f 3711 3698 3709
f 3709 3698 3701
f 3709 3701 3707
f 3707 3701 3703
f 3707 3703 3744
f 3744 3703 3704
f 3744 3704 3745
f 3746 3747 3748
f 3748 3747 3749
f 3750 3751 3752
f 3691 3690 3753
f 3754 3755 3756
f 3755 3754 3753
f 3753 3754 3757
f 3753 3757 3691
f 3750 3758 3759
f 3760 3761 3762
f 3762 3761 3763
f 3762 3763 3749
f 3749 3763 3764
f 3749 3764 3748
f 3765 3766 3767
f 3767 3766 3768
f 3767 3768 3769
f 3700 3761 3702
f 3702 3761 3760
f 3702 3760 3704
f 3769 3770 3771
f 3769 3771 3767
f 3767 3771 3772
f 3767 3772 3765
f 3765 3772 3773
f 3765 3773 3774
f 3750 3759 3751
f 3751 3759 3775
f 3751 3775 3776
f 3776 3777 3751
f 3751 3777 3778
f 3751 3778 3752
f 3700 3699 3761
f 3761 3699 3697
f 3761 3697 3763
f 3763 3697 3695
f 3763 3695 3764
f 3735 3733 3757
f 3757 3733 3737
f 3757 3737 3691
f 3695 3735 3764
f 3764 3735 3757
f 3764 3757 3748
f 3748 3757 3754
f 3748 3754 3746
f 3746 3754 3756
f 3746 3756 3779
f 3780 3758 3781
f 3781 3758 3750
f 3781 3750 3782
f 3782 3750 3752
f 3782 3752 3768
f 3768 3752 3778
f 3768 3778 3769
f 3769 3778 3777
f 3769 3777 3770
f 3779 3780 3746
f 3746 3780 3781
f 3746 3781 3747
f 3747 3781 3782
f 3747 3782 3749
f 3749 3782 3768
f 3749 3768 3762
f 3762 3768 3766
f 3762 3766 3760
f 3760 3766 3765
f 3760 3765 3704
f 3704 3765 3774
f 3704 3774 3745
f 3783 3784 3785
f 3785 3784 3786
f 3785 3786 3787
f 3787 3786 3788
f 3787 3788 3789
f 3789 3788 3790
f 3789 3790 3791
f 3791 3790 3792
f 3779 3783 3780
f 3780 3783 3785
f 3780 3785 3758
f 3758 3785 3787
f 3758 3787 3759
f 3759 3787 3789
f 3759 3789 3775
f 3775 3789 3791
f 3793 3794 3795
f 3795 3794 3796
f 3795 3796 3797
f 3797 3796 3798
f 3797 3798 3799
f 3799 3798 3800
f 3799 3800 3801
f 3801 3800 3802
f 3784 3793 3786
f 3786 3793 3795
f 3786 3795 3788
f 3788 3795 3797
f 3788 3797 3790
f 3790 3797 3799
f 3790 3799 3792
f 3792 3799 3801
f 3803 3804 3805
f 3806 3807 3808
f 3808 3807 3804
f 3796 3794 3803
f 3796 3803 3798
f 3798 3803 3805
f 3798 3805 3800
f 3804 3807 3805
f 3805 3807 3809
f 3805 3809 3800
f 3800 3809 3810
f 3800 3810 3802
f 3806 3811 3807
f 3807 3811 3812
f 3807 3812 3809
f 3809 3812 3813
f 3809 3813 3810
f 3814 3811 3806
f 3815 3816 3814
f 3806 3808 3817
f 3814 3806 3815
f 3815 3806 3817
f 3815 3817 3818
f 3819 3820 3821
f 3821 3820 3822
f 3821 3822 3823
f 3823 3824 3821
f 3821 3824 3825
f 3821 3825 3826
f 3826 3825 3816
f 3826 3816 3815
f 3827 3828 3819
f 3819 3828 3829
f 3819 3829 3820
f 2933 2932 3830
f 3831 3832 3830
f 3830 3832 2934
f 3830 2934 2933
f 2948 2934 3833
f 3833 2934 3832
f 3833 3832 3827
f 3827 3832 3831
f 3827 3831 3828
f 3821 3834 3819
f 3819 3834 3835
f 3819 3835 3827
f 3827 3835 3836
f 3827 3836 3833
f 3815 3818 3826
f 3826 3818 3837
f 3826 3837 3821
f 3821 3837 3838
f 3821 3838 3834
f 3839 3840 3841
f 2375 3839 2381
f 2381 3839 3841
f 2381 3841 2382
f 2394 2393 3842
f 3843 2627 3844
f 3844 2627 2371
f 3844 2371 3845
f 2371 2374 3845
f 3845 2374 2380
f 3845 2380 3842
f 3842 2380 2387
f 3842 2387 2394
f 3610 3609 3846
f 3615 3616 3847
f 3848 3847 2597
f 3849 3846 3850
f 3851 2593 2594
f 2566 2527 3852
f 2566 3852 2594
f 2594 3852 3853
f 2594 3853 3851
f 3849 2591 3854
f 3854 2591 2592
f 3854 2592 2593
f 2578 2581 3850
f 3850 2581 2585
f 3850 2585 3849
f 3849 2585 2587
f 3849 2587 2591
f 3848 3855 3603
f 3603 3601 3848
f 3848 3601 3599
f 3848 3599 3847
f 3847 3599 3598
f 3847 3598 3615
f 2597 2596 3848
f 3848 2596 2578
f 3848 2578 3855
f 3855 2578 3850
f 3855 3850 3603
f 3603 3850 3605
f 3846 3609 3850
f 3850 3609 3607
f 3850 3607 3605
f 3853 3597 3856
f 3856 3597 3595
f 3856 3595 3594
f 2527 3589 3852
f 3852 3589 3591
f 3852 3591 3853
f 3853 3591 3593
f 3853 3593 3597
f 2593 3851 3854
f 3854 3851 3853
f 3854 3853 3849
f 3849 3853 3856
f 3849 3856 3846
f 3846 3856 3594
f 3846 3594 3610
f 3857 3858 3859
f 3859 3858 3660
f 3859 3660 3860
f 3860 3660 3659
f 3861 3862 3857
f 3857 3859 3861
f 3861 3859 3863
f 3861 3863 3864
f 3659 3658 3860
f 3860 3658 3865
f 3860 3865 3859
f 3859 3865 3866
f 3859 3866 3863
f 2460 2453 3867
f 3868 2458 2460
f 3869 3862 3861
f 3868 2460 3870
f 3870 2460 3867
f 3870 3867 3871
f 3871 3867 3872
f 3871 3872 3873
f 3873 3872 3874
f 3873 3874 3875
f 3875 3874 3869
f 3875 3869 3876
f 3876 3869 3861
f 3876 3861 3864
f 3877 3802 3810
f 3877 3810 1912
f 1912 3810 1910
f 1910 3810 3813
f 1910 3813 1908
f 3813 3812 1908
f 1908 3812 3811
f 1908 3811 1906
f 1911 3878 1913
f 1913 3878 3879
f 1913 3879 1914
f 3880 1346 3881
f 3881 1346 1312
f 3881 1312 3882
f 3882 1312 1349
f 3882 1349 3883
f 3883 1349 3884
f 3884 1349 1350
f 3884 1350 3018
f 3885 3886 3887
f 3888 3889 1149
f 3890 3891 3892
f 3892 3891 3893
f 3892 3893 3894
f 3886 3885 3895
f 3885 3896 3895
f 3895 3896 3897
f 3895 3897 3893
f 3893 3897 3898
f 3893 3898 3894
f 3036 3887 3040
f 3040 3887 3886
f 3040 3886 3039
f 3039 3886 3895
f 3039 3895 3038
f 3038 3895 3893
f 3038 3893 3037
f 3037 3893 3891
f 3037 3891 1149
f 1149 3891 3890
f 1149 3890 3888
f 3887 3036 3899
f 3899 3036 3042
f 3899 3042 3900
f 3900 3042 3041
f 3900 3041 3901
f 3902 1565 3903
f 3903 1565 1518
f 3903 1518 3091
f 3902 3904 1565
f 1565 3904 3905
f 1565 3905 1566
f 1566 3905 3906
f 1566 3906 3907
f 3908 1567 3909
f 3909 1567 1566
f 3909 1566 3910
f 3910 1566 3907
f 3908 3911 1567
f 1567 3911 3912
f 1567 3912 1569
f 1569 3912 3913
f 1569 3913 1570
f 1570 3913 3914
f 3914 3915 1570
f 1570 3915 3916
f 1570 3916 1571
f 1571 3916 3917
f 1571 3917 1572
f 1572 3917 3918
f 1572 3918 1568
f 3918 3919 1568
f 1568 3919 3920
f 1568 3920 1573
f 1573 3920 3921
f 1573 3921 1574
f 3921 3922 1574
f 1574 3922 3923
f 1574 3923 1575
f 1575 3923 3924
f 1575 3924 1576
f 3925 1578 3926
f 3926 1578 1577
f 3926 1577 3927
f 3927 1577 1576
f 3927 1576 3928
f 3928 1576 3924
f 3925 3929 1578
f 1578 3929 3930
f 1578 3930 1579
f 1579 3930 3931
f 1579 3931 1580
f 1580 3931 3932
f 1580 3932 3933
f 3934 3935 3936
f 3936 3935 3937
f 2618 3938 3934
f 3934 3936 2618
f 2618 3936 2624
f 2618 2624 2623
f 2620 2619 2621
f 2621 2619 2618
f 2621 2618 2622
f 2622 2618 2623
f 2617 3938 2618
f 3938 2617 2611
f 1344 1346 3939
f 3939 1346 3880
f 1333 1335 3940
f 3940 1335 3941
f 1334 1333 3942
f 3942 1333 3940
f 1344 3939 1342
f 1342 3939 3943
f 1342 3943 1341
f 3944 1337 3945
f 3945 1337 1339
f 3943 3946 1341
f 1341 3946 3947
f 1341 3947 1339
f 1339 3947 3948
f 1339 3948 3945
f 3941 1335 3949
f 3949 1335 1336
f 3949 1336 3950
f 3950 1336 1337
f 3950 1337 3951
f 3951 1337 3944
f 3887 3952 3885
f 3885 3952 3953
f 3885 3953 3896
f 3896 3953 3897
f 3897 3953 3898
f 3898 3953 3954
f 3898 3954 3894
f 3894 3954 3955
f 3894 3955 3892
f 3892 3955 3956
f 3892 3956 3890
f 3889 3888 3957
f 3957 3888 3890
f 3957 3890 3958
f 3958 3890 3956
f 3959 3960 3961
f 3959 3961 3962
f 3962 3961 3963
f 3962 3963 3964
f 3965 3966 3967
f 3967 3966 3968
f 3967 3968 3969
f 3969 3968 3970
f 3969 3970 3971
f 3971 3970 3964
f 3971 3964 3972
f 3972 3964 3963
f 3973 3974 3975
f 3975 3974 3976
f 3975 3976 3977
f 3977 3976 3978
f 3977 3978 3959
f 3959 3978 3979
f 3959 3979 3960
f 3966 3889 3968
f 3968 3889 3957
f 3968 3957 3970
f 3970 3957 3958
f 3970 3958 3964
f 3964 3958 3956
f 3964 3956 3962
f 3962 3956 3955
f 3962 3955 3959
f 3959 3955 3954
f 3959 3954 3977
f 3977 3954 3953
f 3977 3953 3975
f 3975 3953 3952
f 3975 3952 3973
f 3980 3981 3982
f 3982 3981 3983
f 3982 3983 3984
f 3960 3979 3985
f 3985 3979 3978
f 3985 3978 3983
f 3983 3978 3976
f 3983 3976 3984
f 3984 3976 3974
f 3984 3974 3973
f 3972 3963 3986
f 3986 3963 3961
f 3969 3971 3987
f 3987 3971 3972
f 3987 3988 3989
f 3969 3987 3967
f 3967 3987 3989
f 3967 3989 3965
f 3987 3990 3991
f 3988 3987 3992
f 3992 3987 3991
f 3992 3991 3993
f 3972 3986 3987
f 3987 3986 3994
f 3987 3994 3990
f 3995 3996 3986
f 3986 3996 3997
f 3986 3997 3994
f 3981 3998 3983
f 3983 3998 3995
f 3983 3995 3985
f 3985 3995 3986
f 3985 3986 3960
f 3960 3986 3961
f 3999 4000 4001
f 3997 3996 4002
f 3981 3980 4003
f 4004 4005 4006
f 4004 4006 4007
f 4006 4008 4007
f 4007 4008 4009
f 4007 4009 4010
f 4011 4012 4009
f 4009 4012 4013
f 4009 4013 4010
f 4014 4015 4016
f 4016 4017 4014
f 4014 4017 4018
f 4014 4018 4011
f 4011 4018 4019
f 4011 4019 4012
f 4020 4021 4016
f 4016 4021 4022
f 4016 4022 4017
f 3999 3993 4000
f 4000 3993 3991
f 4000 3991 3990
f 4023 4024 4025
f 4025 4024 4026
f 4025 4026 4001
f 4001 4026 4027
f 4001 4027 3999
f 4023 4025 4028
f 4028 4025 4029
f 4028 4029 4030
f 4030 4029 4031
f 4031 4029 4032
f 4031 4032 4033
f 4034 4035 4036
f 4036 4035 4037
f 4036 4037 4038
f 4038 4037 4039
f 4038 4039 4032
f 4032 4039 4040
f 4032 4040 4033
f 3994 3997 4041
f 4041 3997 4002
f 4041 4002 4042
f 4042 4002 4043
f 4042 4043 4044
f 4044 4043 4045
f 4044 4045 4046
f 3990 3994 4000
f 4000 3994 4041
f 4000 4041 4001
f 4001 4041 4042
f 4001 4042 4025
f 4025 4042 4044
f 4025 4044 4029
f 4029 4044 4046
f 4029 4046 4032
f 4032 4046 4047
f 4032 4047 4038
f 4038 4047 4048
f 4038 4048 4036
f 4036 4048 4049
f 4036 4049 4034
f 4034 4049 4050
f 4051 4052 4053
f 4053 4052 4054
f 4053 4054 3998
f 3998 4054 3995
f 4015 4052 4016
f 4016 4052 4051
f 4016 4051 4020
f 4020 4051 4053
f 4020 4053 4003
f 4003 4053 3998
f 4003 3998 3981
f 3996 3995 4002
f 4002 3995 4054
f 4002 4054 4043
f 4043 4054 4052
f 4043 4052 4045
f 4045 4052 4015
f 4045 4015 4046
f 4046 4015 4014
f 4046 4014 4047
f 4047 4014 4011
f 4047 4011 4048
f 4048 4011 4009
f 4048 4009 4049
f 4049 4009 4008
f 4049 4008 4050
f 4050 4008 4006
f 4055 4056 4057
f 4055 4057 4058
f 4059 4060 4061
f 4061 4060 4062
f 4062 4058 4061
f 4061 4058 4057
f 4061 4057 4059
f 4059 4057 4063
f 4060 4059 4064
f 4064 4059 4006
f 4064 4006 4005
f 4063 4035 4034
f 4063 4034 4059
f 4059 4034 4050
f 4059 4050 4006
f 4065 4066 4067
f 4067 4066 4068
f 3900 3901 4069
f 4068 4066 4069
f 4069 4066 3899
f 4069 3899 3900
f 4065 3973 4066
f 4066 3973 3952
f 4066 3952 3899
f 3899 3952 3887
f 4070 2604 2608
f 2608 4071 4070
f 4070 4071 4072
f 4070 4072 4073
f 4073 4072 4074
f 4074 4072 4075
f 4074 4075 4076
f 4076 4075 4077
f 4076 4077 4078
f 4078 4077 4079
f 4079 4077 4080
f 4079 4080 4081
f 1330 4082 1323
f 1323 4082 4083
f 1323 4083 1324
f 1324 4083 4084
f 4085 4086 1318
f 1318 1321 4085
f 4085 1321 1327
f 4085 1327 4087
f 3878 4087 1326
f 1326 4087 1327
f 3224 1358 1360
f 3224 1360 4088
f 4088 1360 1361
f 4088 1361 1362
f 1362 1319 4088
f 4088 1319 1318
f 4088 1318 4086
f 1324 4084 1915
f 1915 1914 1324
f 1324 1914 3879
f 1324 3879 1325
f 1325 3879 3878
f 1325 3878 1326
f 4089 4090 4091
f 1372 4089 1371
f 1371 4089 4091
f 1371 4091 1374
f 4092 4093 4094
f 4092 1375 4095
f 4095 1375 1374
f 4095 1374 4096
f 4096 1374 4091
f 4092 4094 1375
f 1375 4094 4097
f 1375 4097 4098
f 4098 4099 1375
f 1375 4099 4100
f 1375 4100 1331
f 1331 4100 4101
f 1331 4101 4102
f 4082 1330 4103
f 4103 1330 1331
f 4103 1331 4104
f 4104 1331 4102
f 4105 4106 4074
f 2603 2604 4107
f 4107 2604 4070
f 4107 4070 4106
f 4106 4070 4073
f 4106 4073 4074
f 4105 4074 4108
f 4108 4074 4076
f 4108 4076 4109
f 4109 4076 4078
f 4109 4078 4110
f 4110 4078 4079
f 4110 4079 4111
f 4079 4081 4111
f 4111 4081 4112
f 4111 4112 4113
f 4113 4112 4114
f 4112 4115 4114
f 4114 4115 3934
f 4114 3934 3938
f 3935 4116 4117
f 4117 4116 4118
f 4117 4118 4119
f 3935 3934 4116
f 4116 3934 4115
f 4116 4115 4118
f 4118 4115 4112
f 4118 4112 4119
f 4119 4112 4081
f 4081 4080 4119
f 4119 4080 4120
f 4119 4120 4117
f 4117 4120 4121
f 4117 4121 4122
f 4122 4123 4117
f 4117 4123 4124
f 4117 4124 3935
f 3935 4124 4125
f 3935 4125 3937
f 3984 3973 4065
f 4126 4127 4128
f 3980 3982 4129
f 4129 3982 4126
f 4129 4126 4130
f 4130 4126 4128
f 4130 4128 4131
f 3982 3984 4126
f 4126 3984 4065
f 4126 4065 4127
f 4127 4065 4067
f 4127 4067 4068
f 3844 4132 3843
f 3843 4132 4133
f 3843 4133 4134
f 4134 4133 4135
f 4136 4137 4138
f 4138 4137 4139
f 4138 4139 4140
f 4140 4139 4141
f 4140 4141 4142
f 4142 4141 4143
f 4142 4143 4144
f 4137 4145 4139
f 4139 4145 4146
f 4139 4146 4141
f 4141 4146 4147
f 4141 4147 4143
f 4143 4147 4148
f 4143 4148 4144
f 4144 4148 4149
f 4144 4149 4150
f 4060 4064 4132
f 4132 4064 4133
f 3844 3845 4132
f 4132 3845 4062
f 4132 4062 4060
f 4133 4064 4135
f 4135 4064 4005
f 4135 4005 4151
f 4151 4005 4004
f 3980 4152 4003
f 4003 4152 4153
f 4003 4153 4020
f 4154 4021 4020
f 4021 4154 4022
f 4022 4154 4155
f 4022 4155 4017
f 4012 4019 4156
f 4156 4019 4018
f 4157 4010 4013
f 4136 4158 4157
f 4157 4158 4159
f 4157 4159 4010
f 4010 4159 4007
f 4160 4145 4137
f 4012 4156 4013
f 4013 4156 4160
f 4013 4160 4157
f 4157 4160 4137
f 4157 4137 4136
f 4018 4161 4156
f 4156 4161 4147
f 4156 4147 4160
f 4160 4147 4146
f 4160 4146 4145
f 4150 4149 4161
f 4161 4149 4148
f 4161 4148 4147
f 4018 4017 4161
f 4161 4017 4155
f 4161 4155 4150
f 4150 4155 4154
f 4150 4154 4162
f 4020 4153 4154
f 4154 4153 4163
f 4154 4163 4162
f 4130 4131 4164
f 4130 4164 4129
f 3980 4129 4152
f 4152 4129 4164
f 4152 4164 4153
f 4153 4164 4165
f 4153 4165 4163
f 3901 3041 3306
f 3901 3306 4069
f 3305 4166 3306
f 3306 4166 4068
f 3306 4068 4069
f 4167 4168 4169
f 4170 4171 4172
f 4173 4134 4171
f 4171 4170 4173
f 4173 4170 4174
f 4173 4174 4175
f 4175 4174 4176
f 4175 4176 4177
f 4167 4169 4178
f 4178 4169 4179
f 4178 4179 4180
f 4138 4168 4172
f 4172 4168 4167
f 4172 4167 4170
f 4170 4167 4178
f 4170 4178 4174
f 4174 4178 4180
f 4174 4180 4176
f 4171 4134 4151
f 4151 4134 4135
f 4136 4138 4158
f 4158 4138 4172
f 4158 4172 4159
f 4159 4172 4171
f 4159 4171 4181
f 4181 4171 4151
f 4068 4166 4127
f 4127 4166 4182
f 4127 4182 4128
f 4128 4182 4183
f 4128 4183 4131
f 4131 4183 4184
f 4131 4184 4164
f 4164 4184 4185
f 4164 4185 4165
f 4165 4185 4163
f 4163 4185 4186
f 4163 4186 4162
f 4162 4186 4187
f 4162 4187 4150
f 4168 4138 4140
f 4188 4179 4140
f 4140 4179 4169
f 4140 4169 4168
f 4142 4189 4140
f 4140 4189 4190
f 4140 4190 4188
f 4191 4192 4142
f 4142 4192 4193
f 4142 4193 4189
f 4142 4144 4191
f 4191 4144 4150
f 4191 4150 4187
f 2630 4173 2629
f 2629 4173 4175
f 2629 4175 4177
f 3843 4134 2627
f 2627 4134 4173
f 2627 4173 2626
f 2630 2628 4173
f 4173 2628 2625
f 4173 2625 2626
f 3903 3091 1625
f 3924 1710 1707
f 1726 3932 1727
f 1727 3932 3931
f 1727 3931 1729
f 1729 3931 1731
f 1731 3931 3930
f 1731 3930 1734
f 3930 3929 1734
f 1734 3929 3925
f 1734 3925 1703
f 1703 3925 3926
f 1703 3926 1705
f 1705 3926 3927
f 1705 3927 1707
f 1707 3927 3928
f 1707 3928 3924
f 3924 3923 1710
f 1710 3923 3922
f 1710 3922 1715
f 1715 3922 3921
f 1715 3921 1713
f 1713 3921 1668
f 3921 3920 1668
f 1668 3920 3919
f 1668 3919 1683
f 3919 3918 1683
f 1683 3918 3917
f 1683 3917 1682
f 1682 3917 1680
f 3917 3916 1680
f 1680 3916 3915
f 1680 3915 1678
f 1678 3915 3914
f 1678 3914 1676
f 1676 3914 3913
f 1676 3913 1674
f 1674 3913 1669
f 1669 3913 3912
f 1669 3912 1670
f 1670 3912 3911
f 1670 3911 1684
f 1684 3911 1685
f 1685 3911 3908
f 1685 3908 1687
f 1687 3908 1689
f 1689 3908 3909
f 1689 3909 1690
f 1690 3909 3910
f 1690 3910 1693
f 1693 3910 3907
f 1693 3907 1694
f 1694 3907 3906
f 1694 3906 1696
f 3903 1625 3902
f 3906 3905 1696
f 1696 3905 3904
f 1696 3904 1698
f 1698 3904 3902
f 1698 3902 1699
f 1699 3902 1625
f 2333 2328 4194
f 2333 4194 2337
f 3839 2375 2372
f 2354 2339 2359
f 2359 2339 4195
f 2359 4195 2351
f 4194 4196 2337
f 2337 4196 4197
f 2337 4197 2338
f 2338 4197 3839
f 2338 3839 2339
f 2339 3839 2372
f 2339 2372 4195
f 4195 2372 2352
f 4195 2352 2351
f 3872 3867 4198
f 4199 4200 4201
f 4201 4200 1735
f 4201 1735 1702
f 1728 1730 4202
f 4202 1730 1732
f 4202 1732 4200
f 4200 1732 1733
f 4200 1733 1735
f 4203 1778 4204
f 4204 1778 1725
f 4204 1725 1728
f 2407 4198 2408
f 2408 4198 3867
f 2408 3867 2453
f 4205 4203 2411
f 2416 3841 2418
f 2418 3841 4205
f 2418 4205 2410
f 2410 4205 2411
f 2416 2389 3841
f 3841 2389 2388
f 3841 2388 2382
f 4206 4207 4208
f 4208 4207 4209
f 4208 4209 4210
f 3872 4198 3874
f 3874 4198 4208
f 3874 4208 3869
f 3869 4208 4210
f 3869 4210 3862
f 1728 4202 4204
f 4204 4202 4211
f 4204 4211 4203
f 4203 4211 2413
f 4203 2413 2411
f 4199 4206 4200
f 4200 4206 4208
f 4200 4208 4202
f 4202 4208 4198
f 4202 4198 4211
f 4211 4198 2407
f 4211 2407 2413
f 4205 4212 4203
f 4213 1788 1790
f 1793 1778 4203
f 1793 4203 1790
f 1790 4203 4212
f 1790 4212 4213
f 4205 3841 3840
f 3840 4214 4205
f 4205 4214 4215
f 4205 4215 4212
f 4212 4215 4216
f 4212 4216 4213
f 2692 4217 2693
f 4218 1836 4219
f 4219 1836 1838
f 4219 1838 4220
f 4220 1838 1839
f 4220 1839 1788
f 1830 1833 4218
f 4218 1833 1835
f 4218 1835 1836
f 1823 1826 4221
f 4221 1826 1828
f 4221 1828 4222
f 1823 4221 1821
f 1821 4221 4223
f 1821 4223 1819
f 4224 1815 4223
f 4223 1815 1817
f 4223 1817 1819
f 1808 1810 4225
f 4225 1810 1811
f 4225 1811 4224
f 4224 1811 1813
f 4224 1813 1815
f 4226 1804 4225
f 4225 1804 1806
f 4225 1806 1808
f 2692 1797 4217
f 4217 1797 1800
f 4217 1800 4226
f 4226 1800 1802
f 4226 1802 1804
f 2693 4217 4227
f 4227 4217 4226
f 4227 4226 4228
f 4225 4229 4230
f 4225 4230 4226
f 4226 4230 4231
f 4226 4231 4228
f 4232 4233 4224
f 4224 4233 4234
f 4224 4234 4225
f 4225 4234 4235
f 4225 4235 4229
f 4232 4224 4236
f 4236 4224 4223
f 4236 4223 4237
f 4237 4223 4221
f 4237 4221 4238
f 4239 4240 4222
f 4222 4240 4241
f 4222 4241 4221
f 4221 4241 4242
f 4221 4242 4238
f 1828 1830 4222
f 4222 1830 4218
f 4222 4218 4239
f 4239 4218 4219
f 4239 4219 4243
f 4243 4219 4220
f 4243 4220 4213
f 4213 4220 1788
f 4244 4245 4246
f 4247 3418 3420
f 3421 2948 3833
f 3793 3784 4248
f 4249 1692 1695
f 1692 4249 1691
f 1691 4249 4250
f 1691 4250 1688
f 1688 4250 4251
f 1688 4251 1686
f 1673 1672 4251
f 4251 1672 1671
f 4251 1671 1686
f 4252 1677 1675
f 1681 1679 4253
f 4254 1667 1666
f 4255 4254 4256
f 4256 4254 4257
f 4256 4257 4258
f 3779 4259 4260
f 3779 3756 4259
f 4259 3756 3755
f 4259 3755 3753
f 4255 4261 4262
f 4262 4261 4263
f 4262 4263 4264
f 4264 4263 4259
f 4264 4259 4265
f 4265 4259 3753
f 4265 3753 3690
f 4248 3784 4266
f 3804 3803 3808
f 3808 3803 3794
f 3808 3794 3817
f 3837 3818 4266
f 4266 3818 3817
f 4266 3817 4248
f 4248 3817 3794
f 4248 3794 3793
f 4267 3834 3838
f 3833 3836 4267
f 4267 3836 3835
f 4267 3835 3834
f 3418 4247 3397
f 3397 4247 4268
f 3397 4268 3398
f 3398 4268 3410
f 3410 4268 4269
f 3410 4269 3411
f 3411 4269 4270
f 3411 4270 3413
f 3413 4270 4271
f 3413 4271 3415
f 3415 4271 4272
f 3415 4272 1624
f 3838 3837 4267
f 4267 3837 4266
f 4267 4266 4273
f 4273 4274 4275
f 4275 4274 4276
f 4275 4276 4277
f 3784 3783 4266
f 4266 3783 4278
f 4266 4278 4273
f 4273 4278 4279
f 4273 4279 4274
f 4274 4279 4280
f 4274 4280 4276
f 4261 4280 4263
f 4263 4280 4279
f 4263 4279 4259
f 4259 4279 4278
f 4259 4278 4260
f 4260 4278 3783
f 4260 3783 3779
f 4269 4246 4270
f 4270 4246 4245
f 4270 4245 4271
f 4271 4245 4281
f 4271 4281 4272
f 4272 4281 1697
f 4272 1697 1624
f 1675 1673 4252
f 4252 1673 4251
f 4252 4251 4244
f 4244 4251 4250
f 4244 4250 4245
f 4245 4250 4249
f 4245 4249 4281
f 4281 4249 1695
f 4281 1695 1697
f 4254 1666 4257
f 4257 1666 1681
f 4257 1681 4258
f 4258 1681 4253
f 4258 4253 4282
f 4282 4253 4283
f 4282 4283 4284
f 4284 4283 4285
f 4284 4285 4286
f 4286 4285 4287
f 4286 4287 4288
f 4288 4287 4289
f 4288 4289 4290
f 4290 4289 4291
f 4290 4291 4292
f 1679 1677 4253
f 4253 1677 4252
f 4253 4252 4283
f 4283 4252 4244
f 4283 4244 4285
f 4285 4244 4246
f 4285 4246 4287
f 4287 4246 4269
f 4287 4269 4289
f 4289 4269 4268
f 4289 4268 4291
f 4291 4268 4247
f 4291 4247 4292
f 4292 4247 3420
f 4255 4256 4261
f 4261 4256 4258
f 4261 4258 4280
f 4280 4258 4282
f 4280 4282 4276
f 4276 4282 4284
f 4276 4284 4277
f 4277 4284 4286
f 4277 4286 4275
f 4275 4286 4288
f 4275 4288 4273
f 4273 4288 4290
f 4273 4290 4267
f 4267 4290 4292
f 4267 4292 3833
f 3833 4292 3420
f 3833 3420 3421
f 3816 3825 1892
f 1892 3825 1894
f 1894 3825 1874
f 1874 3825 3824
f 1874 3824 1875
f 3824 3823 1875
f 1875 3823 3822
f 1875 3822 1876
f 1876 3822 1877
f 3822 3820 1877
f 1877 3820 3829
f 1877 3829 1879
f 1879 3829 3828
f 1879 3828 1880
f 2932 1864 3830
f 3830 1864 1885
f 3830 1885 3831
f 3831 1885 1883
f 3831 1883 3828
f 3828 1883 1881
f 3828 1881 1880
f 2265 4166 2264
f 2264 4166 3305
f 2264 3305 2254
f 4293 4179 4188
f 4293 4188 2287
f 2287 4188 2288
f 2288 4188 4190
f 2288 4190 2318
f 4190 4189 2318
f 2318 4189 4193
f 2318 4193 2319
f 4185 4184 4294
f 4193 4192 2319
f 2319 4192 4191
f 2319 4191 2317
f 2317 4191 4187
f 2317 4187 2315
f 2315 4187 4186
f 2315 4186 2313
f 2313 4186 4185
f 2313 4185 2311
f 2311 4185 4294
f 2311 4294 2281
f 4177 2334 2629
f 2629 2334 2342
f 2629 2342 2341
f 4293 2287 2325
f 2334 4177 2331
f 2331 4177 4176
f 2331 4176 2330
f 2330 4176 4180
f 2330 4180 2325
f 2325 4180 4179
f 2325 4179 4293
f 4182 4166 2274
f 2274 4166 2265
f 4294 4184 4183
f 4294 4183 2281
f 4182 2274 4183
f 4183 2274 2275
f 4183 2275 2281
f 1886 1863 3224
f 1886 3224 1884
f 1884 3224 4088
f 1884 4088 1882
f 4086 1873 4088
f 4088 1873 1878
f 4088 1878 1882
f 1902 4087 1907
f 1907 4087 3878
f 1907 3878 1909
f 1909 3878 1911
f 1873 4086 4085
f 4087 1902 1891
f 1891 1893 4087
f 4087 1893 1895
f 4087 1895 4085
f 4085 1895 1896
f 4085 1896 1873
f 2434 4295 4296
f 2434 4296 2435
f 2435 4296 4297
f 2435 4297 2436
f 2436 4297 2432
f 2432 4297 4298
f 2432 4298 2433
f 4298 4299 2433
f 2433 4299 4300
f 2433 4300 2429
f 2429 4300 2426
f 2426 4300 4301
f 2426 4301 2404
f 2404 4301 4302
f 2404 4302 2405
f 2405 4302 4303
f 2405 4303 2422
f 2422 4303 4304
f 2422 4304 2423
f 2423 4304 4305
f 2423 4305 2421
f 2421 4305 3842
f 2421 3842 2393
f 3801 3802 3877
f 4082 3792 4083
f 4083 3792 3801
f 4083 3801 4084
f 4084 3801 3877
f 3877 1912 4084
f 4084 1912 1915
f 1906 3811 3814
f 1906 3814 1901
f 1901 3814 3816
f 1901 3816 1892
f 4104 4306 4103
f 4103 4306 3775
f 4103 3775 4082
f 4082 3775 3791
f 4082 3791 3792
f 2468 2472 2616
f 4295 2434 2446
f 2624 3936 2615
f 2615 3936 3937
f 2615 3937 2616
f 2616 3937 4125
f 2616 4125 2468
f 2446 2448 4295
f 4295 2448 2454
f 4295 2454 4125
f 4125 2454 2461
f 4125 2461 2468
f 3845 3842 4062
f 4062 3842 4305
f 4062 4305 4058
f 4058 4305 4304
f 4058 4304 4303
f 4303 4302 4058
f 4058 4302 4301
f 4058 4301 4055
f 4300 4299 4307
f 4307 4299 4298
f 4307 4298 4308
f 4298 4297 4308
f 4308 4297 4296
f 4308 4296 4124
f 4124 4296 4295
f 4124 4295 4125
f 4309 4056 4055
f 4310 4311 4312
f 4312 4311 4313
f 4313 4314 4312
f 4312 4314 4315
f 4312 4315 4316
f 4316 4315 4309
f 4317 4318 4319
f 4120 4080 4317
f 4317 4080 4320
f 4317 4320 4318
f 4124 4123 4308
f 4308 4123 4122
f 4308 4122 4317
f 4317 4122 4121
f 4317 4121 4120
f 4321 4310 4319
f 4319 4310 4312
f 4319 4312 4317
f 4317 4312 4316
f 4317 4316 4308
f 4308 4316 4309
f 4308 4309 4307
f 4307 4309 4055
f 4307 4055 4300
f 4300 4055 4301
f 4322 4323 4324
f 4324 4323 4325
f 4324 4325 4326
f 4326 4325 4327
f 4327 4325 4328
f 4327 4328 4329
f 4329 4328 4330
f 4329 4330 4331
f 4332 4094 4330
f 4330 4094 4093
f 4330 4093 4331
f 4099 4098 4333
f 4333 4098 4097
f 4333 4097 4334
f 4099 4333 4100
f 4100 4333 4335
f 4100 4335 4101
f 4334 4336 4333
f 4333 4336 4337
f 4333 4337 4335
f 4335 4337 4338
f 4335 4338 4101
f 4101 4338 4339
f 4101 4339 4102
f 4102 4339 4306
f 4102 4306 4104
f 4097 4094 4334
f 4334 4094 4332
f 4334 4332 3744
f 3744 4332 4330
f 3744 4330 3741
f 3741 4330 4328
f 3741 4328 3740
f 3740 4328 4325
f 3740 4325 3739
f 4337 3771 4338
f 4338 3771 3770
f 4338 3770 4339
f 4339 3770 3777
f 4339 3777 4306
f 4306 3777 3776
f 4306 3776 3775
f 3739 4325 3738
f 3738 4325 4323
f 3738 4323 3675
f 3744 3745 4334
f 4334 3745 3774
f 4334 3774 4336
f 4336 3774 3773
f 4336 3773 4337
f 4337 3773 3772
f 4337 3772 3771
f 4340 4341 3847
f 4323 4322 4342
f 4323 4342 3675
f 3847 3616 4340
f 4340 3616 3668
f 4340 3668 4342
f 4342 3668 3676
f 4342 3676 3675
f 2602 2597 3847
f 2602 3847 2605
f 2605 3847 4341
f 2605 4341 2606
f 2278 2270 4343
f 4344 2327 4345
f 4345 2327 2293
f 4346 4347 4345
f 4345 4347 4348
f 4345 4348 4344
f 4344 4348 4194
f 4344 4194 2327
f 2327 4194 2328
f 4349 4350 4351
f 4351 4350 4352
f 4351 4352 4346
f 4346 4352 4353
f 4346 4353 4347
f 4349 4354 4355
f 4355 4354 4356
f 4355 4356 4357
f 4357 4356 4358
f 4357 4358 4359
f 4360 4361 4362
f 4362 4361 4363
f 4362 4363 4364
f 2278 4343 2276
f 4365 4364 4343
f 4343 4364 4363
f 4343 4363 2276
f 2276 4363 4361
f 2276 4361 2310
f 4360 4359 4361
f 4361 4359 4358
f 4361 4358 2310
f 2310 4358 4356
f 2310 4356 2307
f 2307 4356 4354
f 2307 4354 2292
f 4349 4351 4354
f 4354 4351 2324
f 4354 2324 2292
f 2298 2297 4346
f 4346 2297 2306
f 2306 2305 4346
f 4346 2305 2303
f 4346 2303 4351
f 4351 2303 2302
f 4351 2302 2324
f 2293 2295 4345
f 4345 2295 2301
f 4345 2301 4346
f 4346 2301 2300
f 4346 2300 2298
f 4366 4367 4368
f 4369 4370 4371
f 4239 4243 4372
f 4373 4374 4375
f 4373 4375 3840
f 3840 4375 4214
f 4214 4375 4376
f 4214 4376 4215
f 4215 4376 4377
f 4215 4377 4216
f 4378 4240 4239
f 4240 4378 4241
f 4241 4378 4379
f 4241 4379 4242
f 4242 4379 4238
f 4238 4379 4380
f 4238 4380 4237
f 4237 4380 4381
f 4237 4381 4236
f 4236 4381 4382
f 4236 4382 4232
f 4383 4234 4382
f 4382 4234 4233
f 4382 4233 4232
f 4231 4230 4384
f 4384 4230 4229
f 4384 4229 4383
f 4383 4229 4235
f 4383 4235 4234
f 4385 4227 4228
f 4386 2693 4227
f 4227 4385 4386
f 4386 4385 4387
f 4386 4387 4388
f 4389 4390 4391
f 4392 4393 4394
f 4394 4393 4395
f 4367 4396 4371
f 4371 4396 4397
f 4371 4397 4369
f 4398 4399 4400
f 4400 4399 4401
f 4400 4401 4402
f 4402 4401 4403
f 4402 4403 4404
f 4404 4403 4405
f 4404 4405 4406
f 4366 4368 4407
f 4407 4368 4408
f 4407 4408 4409
f 4370 4410 4371
f 4371 4410 4411
f 4371 4411 4412
f 4412 4411 4413
f 4412 4413 4414
f 4367 4371 4368
f 4368 4371 4412
f 4368 4412 4408
f 4408 4412 4414
f 4408 4414 4409
f 4415 4398 4416
f 4416 4398 4400
f 4416 4400 4417
f 4417 4400 4402
f 4417 4402 4418
f 4418 4402 4404
f 4418 4404 4409
f 4409 4404 4406
f 4409 4406 4407
f 4407 4406 4405
f 4407 4405 4366
f 4228 4231 4385
f 4385 4231 4384
f 4385 4384 4387
f 4387 4384 4419
f 4387 4419 4388
f 4388 4419 4420
f 4410 4420 4411
f 4411 4420 4419
f 4411 4419 4413
f 4413 4419 4384
f 4413 4384 4414
f 4414 4384 4383
f 4414 4383 4409
f 4409 4383 4382
f 4409 4382 4418
f 4418 4382 4381
f 4418 4381 4417
f 4417 4381 4380
f 4417 4380 4416
f 4416 4380 4379
f 4416 4379 4415
f 4415 4379 4378
f 4213 4216 4243
f 4243 4216 4377
f 4243 4377 4372
f 4372 4377 4376
f 4372 4376 4421
f 4421 4376 4375
f 4421 4375 4394
f 4394 4375 4374
f 4394 4374 4392
f 4239 4372 4378
f 4378 4372 4421
f 4378 4421 4415
f 4415 4421 4394
f 4415 4394 4398
f 4398 4394 4395
f 4398 4395 4399
f 4399 4395 4422
f 4399 4422 4401
f 4401 4422 4423
f 4401 4423 4403
f 4403 4423 4424
f 4403 4424 4405
f 4405 4424 4425
f 4405 4425 4366
f 4366 4425 4426
f 4366 4426 4367
f 4367 4426 4389
f 4367 4389 4396
f 4396 4389 4391
f 4396 4391 4397
f 2465 2458 3868
f 2478 2479 2480
f 2480 2465 2478
f 2478 2465 3868
f 2478 3868 2476
f 2476 3868 3870
f 2476 3870 2565
f 2565 3870 2564
f 2564 3870 3871
f 2564 3871 2497
f 2497 3871 3873
f 2497 3873 2499
f 3873 3875 2499
f 2499 3875 3876
f 2499 3876 2556
f 2556 3876 3864
f 2556 3864 2500
f 2500 3864 2501
f 3864 3863 2501
f 2501 3863 3866
f 2501 3866 2502
f 2502 3866 3865
f 2502 3865 2559
f 2559 3865 3658
f 2559 3658 2530
f 2530 3658 2528
f 2528 3658 3655
f 2528 3655 2527
f 2527 3655 3654
f 2527 3654 3589
f 2546 4109 4110
f 2599 2603 2575
f 2574 2600 2575
f 2575 2600 2601
f 2575 2601 2599
f 4109 2546 4108
f 2546 2545 4108
f 4108 2545 2543
f 4108 2543 4105
f 4105 2543 2541
f 4105 2541 4106
f 4106 2541 2540
f 4106 2540 4107
f 4107 2540 2505
f 4107 2505 2603
f 2603 2505 2514
f 2603 2514 2575
f 2611 2489 3938
f 3938 2489 2561
f 3938 2561 4114
f 4114 2561 2560
f 4114 2560 4113
f 4113 2560 2554
f 4113 2554 4111
f 4111 2554 2553
f 4111 2553 4110
f 4110 2553 2563
f 4110 2563 2546
f 4194 4374 4196
f 4196 4374 4373
f 4196 4373 4197
f 4197 4373 3840
f 4197 3840 3839
f 4424 4357 4359
f 4365 4390 4364
f 4364 4390 4389
f 4364 4389 4362
f 4362 4389 4360
f 4360 4389 4426
f 4360 4426 4359
f 4359 4426 4425
f 4359 4425 4424
f 4357 4424 4355
f 4355 4424 4423
f 4355 4423 4349
f 4422 4352 4423
f 4423 4352 4350
f 4423 4350 4349
f 4393 4348 4395
f 4395 4348 4347
f 4395 4347 4422
f 4422 4347 4353
f 4422 4353 4352
f 4393 4392 4348
f 4348 4392 4374
f 4348 4374 4194
f 3492 3538 4427
f 3492 4427 4428
f 4428 4427 4429
f 4428 4429 4430
f 4430 4429 2657
f 4430 2657 2655
f 4431 2654 2656
f 4432 2658 4433
f 4433 2658 2659
f 4390 4365 4434
f 4390 4434 4435
f 4435 4434 4431
f 4435 4431 4432
f 4432 4431 2656
f 4432 2656 2658
f 2241 2235 3490
f 2655 2660 4430
f 4430 2660 4436
f 4430 4436 4428
f 3492 4428 3490
f 3490 4428 4436
f 3490 4436 2241
f 2241 4436 2660
f 2241 2660 2251
f 4343 2270 2269
f 4434 4437 4431
f 4431 4437 2661
f 4431 2661 2654
f 2260 2661 2269
f 2269 2661 4437
f 2269 4437 4343
f 4343 4437 4434
f 4343 4434 4365
f 4391 4390 4435
f 4391 4435 4397
f 4410 4370 4438
f 4438 4370 4369
f 4438 4369 4397
f 4439 2694 2691
f 2685 2686 2694
f 2694 4439 2685
f 2685 4439 4440
f 2685 4440 2684
f 2677 2676 4441
f 4441 2676 2681
f 4441 2681 4442
f 4442 2681 2682
f 4442 2682 4440
f 4440 2682 2683
f 4440 2683 2684
f 4438 2679 2678
f 2678 2677 4438
f 4438 2677 4441
f 4438 4441 4410
f 4410 4441 4442
f 4410 4442 4420
f 4420 4442 4440
f 4420 4440 4388
f 4388 4440 4439
f 4388 4439 4386
f 4386 4439 2691
f 4386 2691 2693
f 4397 4435 4438
f 4438 4435 4432
f 4438 4432 2679
f 2679 4432 4433
f 2679 4433 2659
f 2680 2657 4429
f 3520 2689 2690
f 2688 2662 2664
f 3520 2690 3544
f 4443 3513 4444
f 4444 3513 3544
f 4444 3544 4445
f 4445 3544 2690
f 4445 2690 2688
f 3561 3517 4443
f 4443 3517 3516
f 4443 3516 3513
f 3561 4446 3543
f 3543 4446 4447
f 3543 4447 3541
f 2680 4429 2671
f 2672 2671 4447
f 4447 2671 4429
f 4447 4429 3541
f 3541 4429 4427
f 3541 4427 3537
f 3537 4427 3538
f 2672 4447 2674
f 2674 4447 4446
f 2674 4446 2675
f 3561 4443 4446
f 4446 4443 2668
f 4446 2668 2675
f 2688 2664 4445
f 4445 2664 2666
f 4445 2666 4444
f 4444 2666 2670
f 4444 2670 4443
f 4443 2670 2669
f 4443 2669 2668
f 1453 3467 1454
f 1454 3467 1133
f 1454 1133 1455
f 1451 1104 1106
f 1106 4448 1451
f 1451 4448 3463
f 1451 3463 1452
f 1452 3463 3461
f 1452 3461 1453
f 1453 3461 3460
f 1453 3460 3467
f 1133 1131 1455
f 1455 1131 1148
f 1455 1148 1456
f 1089 1088 1503
f 1503 1088 1127
f 1503 1127 1504
f 1504 1127 1139
f 1504 1139 1502
f 1502 1139 1135
f 1502 1135 1501
f 1501 1135 1134
f 1501 1134 1500
f 1500 1134 1150
f 1500 1150 1499
f 3046 1564 3332
f 3332 1564 1581
f 3332 1581 3333
f 3333 1581 1589
f 3333 1589 3334
f 3334 1589 3335
f 3335 1589 1596
f 3335 1596 3336
f 3341 3340 1594
f 1594 3340 3339
f 1594 3339 1595
f 1595 3339 3338
f 1595 3338 1596
f 1596 3338 3337
f 1596 3337 3336
f 1593 3343 1594
f 1594 3343 3342
f 1594 3342 3341
f 1591 1590 3348
f 3348 3347 1591
f 1591 3347 3346
f 1591 3346 1592
f 1592 3346 3345
f 1592 3345 1593
f 1593 3345 3344
f 1593 3344 3343
f 1583 4449 1600
f 1600 4449 4450
f 1600 4450 4451
f 4451 4452 1600
f 1600 4452 4453
f 1600 4453 1601
f 1601 4453 4454
f 1601 4454 1602
f 1602 4454 4455
f 1602 4455 4456
f 4456 4457 1602
f 1602 4457 4458
f 1602 4458 1603
f 4458 4459 1603
f 1603 4459 4460
f 1603 4460 1604
f 1604 4460 4461
f 1604 4461 1599
f 4462 4463 1597
f 4461 4464 1599
f 1599 4464 4462
f 1599 4462 1598
f 1598 4462 1597
f 3348 1590 4465
f 4465 1590 1597
f 4465 1597 4466
f 4466 1597 4463
f 4467 1584 1588
f 1582 4468 1583
f 1583 4468 4449
f 1584 4467 1582
f 1582 4467 4469
f 1582 4469 4468
f 1586 4470 1587
f 1587 4470 4471
f 1587 4471 1588
f 1588 4471 4472
f 1588 4472 4467
f 1585 1580 4473
f 4473 1580 3933
f 4473 4474 1585
f 1585 4474 4475
f 1585 4475 1586
f 1586 4475 4476
f 1586 4476 4470
f 1837 1834 4472
f 1825 4449 1827
f 1827 4449 4468
f 1825 1824 4449
f 4449 1824 1822
f 4449 1822 4450
f 4450 1822 1820
f 4450 1820 4451
f 4451 1820 1818
f 4451 1818 4452
f 1812 4455 1814
f 1814 4455 4454
f 1814 4454 1816
f 1816 4454 1818
f 1818 4454 4453
f 1818 4453 4452
f 1795 3348 1841
f 1841 3348 4465
f 1841 4465 1847
f 1847 4465 4466
f 1847 4466 1846
f 1846 4466 4463
f 1846 4463 1798
f 1798 4463 4462
f 1798 4462 1799
f 1799 4462 4464
f 1799 4464 1801
f 1801 4464 4461
f 1801 4461 1803
f 1803 4461 4460
f 1803 4460 1805
f 1805 4460 4459
f 1805 4459 1807
f 1807 4459 4458
f 1807 4458 1809
f 1809 4458 4457
f 1809 4457 1812
f 1812 4457 4456
f 1812 4456 4455
f 4472 1834 4467
f 4467 1834 1832
f 4467 1832 4469
f 4469 1832 1831
f 4469 1831 4468
f 4468 1831 1829
f 4468 1829 1827
f 4473 3933 1779
f 1779 3933 3932
f 1779 3932 1726
f 4472 4471 1837
f 1837 4471 4470
f 1837 4470 1786
f 1786 4470 4476
f 1786 4476 1787
f 1787 4476 4475
f 1787 4475 1789
f 1789 4475 4474
f 1789 4474 1791
f 1791 4474 4473
f 1791 4473 1792
f 1792 4473 1779
f 4477 1511 4478
f 4478 1511 1512
f 1512 1513 4478
f 4478 1513 1514
f 4478 1514 4479
f 4479 1514 1515
f 4479 1515 4480
f 4480 1515 1516
f 4480 1516 4481
f 4481 1516 1499
f 4481 1499 1150
f 4482 4483 4484
f 4262 4264 4485
f 4265 3690 3689
f 3669 3653 4486
f 3585 3657 4486
f 1706 1708 4487
f 1714 1667 4254
f 4488 4489 4490
f 4489 1717 4490
f 4490 1717 1716
f 4490 1716 4488
f 4488 1716 1714
f 4488 1714 4491
f 4491 1714 4254
f 4491 4254 4255
f 1708 1709 4487
f 4487 1709 1712
f 4487 1712 4489
f 4489 1712 1711
f 4489 1711 1717
f 4206 4199 4492
f 4492 4199 4201
f 4206 4492 4207
f 4207 4492 4493
f 4207 4493 4209
f 4209 4493 4494
f 4209 4494 4210
f 4495 3660 3858
f 4486 3657 4495
f 4495 3657 3661
f 4495 3661 3660
f 3653 3635 4486
f 4486 3635 3636
f 4486 3636 3585
f 3683 3671 4496
f 4264 4265 4485
f 4485 4265 3689
f 4485 3689 4484
f 4484 3689 3692
f 4484 3692 3693
f 3671 3669 4496
f 4496 3669 4486
f 4496 4486 4497
f 4497 4486 4495
f 4498 4483 4499
f 4499 4483 4482
f 4499 4482 4500
f 4501 4498 4492
f 4492 4498 4499
f 4492 4499 4493
f 4493 4499 4500
f 4493 4500 4494
f 3693 3683 4484
f 4484 3683 4496
f 4484 4496 4482
f 4482 4496 4497
f 4482 4497 4500
f 4500 4497 4495
f 4500 4495 4494
f 4494 4495 3858
f 4494 3858 4210
f 4210 3858 3857
f 4210 3857 3862
f 4201 1702 4492
f 4492 1702 1704
f 4492 1704 4501
f 4501 1704 1706
f 4501 1706 4498
f 4498 1706 4487
f 4498 4487 4483
f 4483 4487 4489
f 4483 4489 4484
f 4484 4489 4488
f 4484 4488 4485
f 4485 4488 4491
f 4485 4491 4262
f 4262 4491 4255
f 1507 4502 4503
f 1068 1066 4504
f 4504 1066 1510
f 4504 1510 4321
f 4321 1510 4310
f 4310 1510 1509
f 4310 1509 4311
f 4311 1509 1508
f 4311 1508 4313
f 4313 1508 4314
f 4314 1508 1505
f 4314 1505 4503
f 4503 1505 1506
f 4503 1506 1507
f 1065 1067 4505
f 1065 4505 1487
f 4505 4090 1487
f 1487 4090 4089
f 1487 4089 1488
f 4089 1372 1488
f 1488 1372 1334
f 1488 1334 1498
f 1334 3942 1498
f 1498 3942 3940
f 1498 3940 1497
f 1497 3940 3941
f 1497 3941 1496
f 1496 3941 3949
f 1496 3949 1495
f 1495 3949 3950
f 1495 3950 1494
f 1494 3950 3951
f 3951 3944 1494
f 1494 3944 3945
f 1494 3945 1493
f 1493 3945 3948
f 1493 3948 1492
f 3948 3947 1492
f 1492 3947 3946
f 1492 3946 1491
f 1491 3946 3943
f 3943 3939 1491
f 1491 3939 3880
f 1491 3880 1490
f 3880 3881 1490
f 1490 3881 3882
f 1490 3882 1489
f 1489 3882 3883
f 1489 3883 1480
f 1480 3883 3884
f 1480 3884 3018
f 1099 1098 1157
f 1099 1157 1485
f 1485 1157 1129
f 1485 1129 1486
f 1486 1129 1079
f 1486 1079 1078
f 4502 1507 1517
f 4502 1517 4506
f 4506 1517 1073
f 4506 1073 1072
f 4007 4159 4004
f 4004 4159 4181
f 4004 4181 4151
f 3291 3175 3272
f 3272 3175 3177
f 3272 3177 3270
f 3270 3177 3200
f 1107 4507 1106
f 3457 3456 4508
f 4507 4509 1106
f 1106 4509 4510
f 1106 4510 4448
f 3466 3462 4510
f 4510 3462 3463
f 4510 3463 4448
f 3212 3215 3459
f 3207 3209 4511
f 4511 3209 3212
f 4511 3212 4512
f 4512 3212 3459
f 4513 1920 4511
f 4511 1920 3205
f 4511 3205 3207
f 1918 1920 1916
f 1916 1920 4513
f 1916 4513 3488
f 3487 3489 4514
f 4514 3489 3488
f 3226 3468 3227
f 3227 3468 3228
f 3475 3474 4515
f 4515 3474 3480
f 3480 3479 4515
f 4515 3479 3478
f 4515 3478 3477
f 3468 3475 3228
f 3228 3475 4515
f 3228 4515 3229
f 3229 4515 4516
f 3229 4516 3239
f 4517 3241 4516
f 4516 3241 3240
f 4516 3240 3239
f 4518 4515 4514
f 4514 4515 3477
f 4514 3477 3487
f 3488 4513 4514
f 4514 4513 4511
f 4514 4511 4518
f 4518 4511 4512
f 4518 4512 4508
f 4508 4512 3459
f 4508 3459 3457
f 3111 3241 3112
f 3112 3241 4517
f 3112 4517 1107
f 1107 4517 4516
f 1107 4516 4507
f 4507 4516 4515
f 4507 4515 4509
f 4509 4515 4518
f 4509 4518 4510
f 4510 4518 4508
f 4510 4508 3466
f 3466 4508 3456
f 1068 4519 1067
f 4331 4093 4092
f 4091 4090 4520
f 4096 4091 4521
f 4521 4091 4520
f 4521 4520 4505
f 4505 4520 4090
f 4522 4092 4521
f 4521 4092 4095
f 4521 4095 4096
f 4322 4324 4522
f 4322 4522 4342
f 4324 4326 4522
f 4522 4326 4327
f 4522 4327 4092
f 4092 4327 4329
f 4092 4329 4331
f 4523 2606 4524
f 4524 2606 4341
f 4524 4341 4340
f 2607 2606 2608
f 2608 2606 4523
f 2608 4523 4071
f 4072 4525 4075
f 4075 4525 4526
f 4075 4526 4077
f 4527 4318 4320
f 4504 4321 4528
f 4528 4321 4319
f 4504 4528 1068
f 1068 4528 4529
f 1068 4529 4519
f 4080 4077 4320
f 4320 4077 4526
f 4320 4526 4527
f 4527 4526 4525
f 4527 4525 4530
f 4072 4071 4525
f 4525 4071 4523
f 4525 4523 4530
f 4530 4523 4524
f 4530 4524 4522
f 4522 4524 4340
f 4522 4340 4342
f 4505 1067 4521
f 4521 1067 4519
f 4521 4519 4522
f 4522 4519 4529
f 4522 4529 4530
f 4530 4529 4528
f 4530 4528 4527
f 4527 4528 4319
f 4527 4319 4318
f 1511 4477 4531
f 4531 4477 4532
f 4533 4534 4535
f 4535 4534 4531
f 4535 4531 4536
f 4536 4531 4532
f 1197 1511 4531
f 1197 4531 1195
f 1195 4531 4534
f 1195 4534 1193
f 4533 4535 4537
f 1072 1071 4538
f 4539 4540 4035
f 4033 4040 4541
f 4538 4063 1072
f 1072 4063 4057
f 1072 4057 4506
f 4506 4057 4056
f 4506 4056 4502
f 4315 4314 4503
f 4538 4542 4063
f 4063 4542 4543
f 4063 4543 4035
f 4035 4543 4544
f 4035 4544 4539
f 4028 4545 4546
f 4502 4056 4503
f 4503 4056 4309
f 4503 4309 4315
f 4541 4040 4547
f 4028 4546 4023
f 4023 4546 4548
f 4023 4548 4024
f 4024 4548 4549
f 4024 4549 4026
f 4026 4549 4550
f 4026 4550 4027
f 4033 4541 4031
f 4031 4541 4533
f 4031 4533 4030
f 4030 4533 4537
f 4030 4537 4028
f 4028 4537 4551
f 4028 4551 4545
f 4540 1076 4035
f 4035 1076 1075
f 4035 1075 4037
f 4037 1075 4547
f 4037 4547 4039
f 4039 4547 4040
f 4550 4532 4027
f 4027 4532 4477
f 4027 4477 3999
f 3999 4477 4478
f 3999 4478 3993
f 3993 4478 4479
f 3993 4479 3992
f 3992 4479 3988
f 3988 4479 3989
f 3989 4479 4480
f 3989 4480 3965
f 1150 1149 4481
f 4481 1149 3889
f 4481 3889 4480
f 4480 3889 3966
f 4480 3966 3965
f 4536 4532 4550
f 4537 4535 4551
f 4551 4535 4536
f 4551 4536 4545
f 4545 4536 4546
f 4550 4549 4536
f 4536 4549 4548
f 4536 4548 4546
f 4552 1074 1276
f 1276 1274 4552
f 4552 1274 1273
f 4552 1273 4553
f 4553 1273 1193
f 4553 1193 4534
f 1075 1074 4552
f 1075 4552 4547
f 4547 4552 4553
f 4547 4553 4541
f 4541 4553 4534
f 4541 4534 4533
f 1278 1276 1073
f 1073 1276 1074
f 4538 1071 4542
f 4542 1071 1077
f 4539 1077 4540
f 4540 1077 1076
f 4539 4544 1077
f 1077 4544 4543
f 1077 4543 4542
f 4554 4555 4556
f 4557 4558 4559
f 4560 4561 4562
f 4557 4559 4563
f 4562 4561 4564
f 4554 4556 4565
f 4566 4567 4568
f 4569 4570 4561
f 4561 4570 4571
f 4561 4571 4564
f 4558 4557 4572
f 4572 4557 4573
f 4572 4573 4562
f 4562 4573 4574
f 4562 4574 4560
f 4575 4576 4577
f 4577 4576 4578
f 4577 4578 4555
f 4555 4578 4579
f 4555 4579 4556
f 4569 4561 4577
f 4577 4561 4580
f 4577 4580 4575
f 4559 4581 4563
f 4563 4581 4582
f 4563 4582 4583
f 4583 4582 4584
f 4568 4567 4585
f 4585 4567 4586
f 4585 4586 4584
f 4584 4586 4587
f 4584 4587 4583
f 4588 4566 4589
f 4589 4566 4590
f 4568 4591 4566
f 4566 4591 4592
f 4566 4592 4593
f 4588 4594 4566
f 4566 4594 4595
f 4566 4595 4596
f 4556 4597 4565
f 4565 4597 4598
f 4565 4598 4599
f 4599 4598 4600
f 4599 4600 4601
f 4601 4600 4602
f 4601 4602 4603
f 4603 4602 4604
f 4593 4605 4566
f 4566 4605 4606
f 4566 4606 4607
f 4607 4608 4566
f 4566 4608 4609
f 4566 4609 4610
f 4610 4611 4566
f 4566 4611 4612
f 4566 4612 4613
f 4614 4566 4615
f 4615 4566 4616
f 4617 4618 4619
f 4619 4618 4620
f 4619 4620 4614
f 4614 4620 4621
f 4614 4621 4566
f 4622 4623 4624
f 4613 4625 4566
f 4566 4625 4626
f 4566 4626 4590
f 4596 4627 4566
f 4566 4627 4628
f 4566 4628 4629
f 4629 4630 4566
f 4566 4630 4631
f 4566 4631 4616
f 4624 4623 4602
f 4602 4623 4632
f 4602 4632 4633
f 4622 4624 4634
f 4634 4624 4635
f 4634 4635 4636
f 4633 4637 4602
f 4602 4637 4638
f 4602 4638 4604
f 4639 4640 4641
f 4641 4640 4642
f 4641 4642 4643
f 4643 4642 4644
f 4641 4645 4639
f 4639 4645 4646
f 4639 4646 4647
f 4647 4646 4648
f 4647 4648 4649
f 4649 4648 4650
f 4649 4650 4651
f 4651 4650 4652
f 4651 4652 4653
f 4653 4652 4654
f 4653 4654 4655
f 4655 4654 4656
f 4655 4656 4657
f 4642 4658 4659
f 4658 4642 4660
f 4660 4642 4661
f 4660 4661 4662
f 4657 4656 4663
f 4663 4656 4664
f 4663 4664 4665
f 4665 4664 4666
f 4665 4666 4667
f 4667 4666 4668
f 4667 4668 4669
f 4659 4670 4642
f 4642 4670 4671
f 4642 4671 4644
f 4672 4673 4662
f 4662 4673 4674
f 4662 4674 4660
f 4668 4675 4669
f 4669 4675 4676
f 4669 4676 4677
f 4677 4676 4678
f 4677 4678 4679
f 4679 4680 4677
f 4677 4680 4681
f 4677 4681 4682
f 4683 4684 4685
f 4685 4684 4686
f 4685 4686 4687
f 4687 4686 4688
f 4687 4688 4689
f 4689 4688 4690
f 4690 4688 4691
f 4690 4691 4692
f 4692 4691 4693
f 4692 4693 4694
f 4694 4693 4695
f 4694 4695 4696
f 4696 4695 4697
f 4696 4697 4698
f 4699 4700 4701
f 4701 4700 4698
f 4701 4698 4702
f 4702 4698 4697
f 4703 4704 4705
f 4699 4701 4706
f 4707 4708 4709
f 4699 4706 4710
f 4710 4706 4711
f 4710 4711 4712
f 4712 4711 4713
f 4712 4713 4709
f 4709 4713 4714
f 4709 4714 4707
f 4707 4715 4708
f 4708 4715 4716
f 4708 4716 4717
f 4717 4716 4718
f 4717 4718 4704
f 4704 4718 4719
f 4704 4719 4705
f 4720 4721 4722
f 4722 4721 4723
f 4722 4723 4724
f 4705 4725 4703
f 4703 4725 4726
f 4703 4726 4727
f 4727 4726 4728
f 4727 4728 4729
f 4729 4728 4730
f 4729 4730 4731
f 4731 4730 4732
f 4731 4732 4720
f 4720 4732 4733
f 4720 4733 4721
f 4734 4735 4736
f 4736 4735 4737
f 4736 4737 4738
f 4738 4737 4724
f 4738 4724 4739
f 4739 4724 4723
f 4740 4741 4742
f 4743 4744 4745
f 4746 4747 4748
f 4748 4747 4749
f 4749 4750 4751
f 4751 4750 4752
f 4751 4752 4753
f 4754 4755 4756
f 4756 4755 4757
f 4756 4757 4752
f 4752 4757 4758
f 4752 4758 4753
f 4759 4760 4756
f 4761 4762 4763
f 4763 4764 4761
f 4761 4764 4765
f 4761 4765 4756
f 4756 4765 4766
f 4756 4766 4767
f 4767 4768 4756
f 4756 4768 4769
f 4756 4769 4759
f 4760 4770 4756
f 4756 4770 4771
f 4756 4771 4754
f 4772 4773 4761
f 4761 4773 4774
f 4761 4774 4762
f 4744 4775 4745
f 4745 4775 4776
f 4745 4776 4772
f 4772 4776 4777
f 4772 4777 4773
f 4778 4779 4780
f 4780 4779 4743
f 4742 4781 4782
f 4740 4742 4783
f 4783 4742 4782
f 4783 4782 4784
f 4742 4697 4781
f 4781 4697 4695
f 4781 4695 4785
f 4785 4695 4693
f 4741 4778 4742
f 4742 4778 4780
f 4742 4780 4697
f 4697 4780 4702
f 4743 4745 4780
f 4780 4745 4701
f 4780 4701 4702
f 4714 4713 4772
f 4772 4713 4711
f 4772 4711 4745
f 4745 4711 4706
f 4745 4706 4701
f 4714 4772 4707
f 4707 4772 4761
f 4707 4761 4715
f 4705 4719 4756
f 4756 4719 4718
f 4756 4718 4761
f 4761 4718 4716
f 4761 4716 4715
f 4705 4756 4725
f 4725 4756 4752
f 4725 4752 4726
f 4749 4747 4750
f 4750 4747 4786
f 4750 4786 4733
f 4733 4732 4750
f 4750 4732 4730
f 4750 4730 4752
f 4752 4730 4728
f 4752 4728 4726
f 4787 4788 4789
f 4789 4788 4790
f 4789 4790 4791
f 4792 4793 4794
f 4794 4793 4795
f 4794 4795 4789
f 4789 4795 4796
f 4789 4796 4787
f 4797 4798 4799
f 4799 4798 4800
f 4799 4800 4794
f 4794 4800 4801
f 4794 4801 4792
f 4797 4799 4802
f 4802 4799 4803
f 4802 4803 4804
f 4804 4803 4805
f 4805 4803 4806
f 4805 4806 4807
f 4807 4806 4808
f 4807 4808 4809
f 4809 4808 4810
f 4809 4810 4811
f 4810 4812 4811
f 4811 4812 4813
f 4811 4813 4814
f 4814 4813 4815
f 4814 4815 4816
f 4816 4815 4817
f 4816 4817 4818
f 4818 4817 4819
f 4818 4819 4820
f 4820 4819 4821
f 4820 4821 4822
f 4822 4821 4823
f 4823 4821 4824
f 4824 4821 4825
f 4824 4825 4826
f 4826 4825 4827
f 4826 4827 4828
f 4828 4827 4829
f 4828 4829 4830
f 4830 4829 4831
f 4830 4831 4832
f 4832 4831 4833
f 4832 4833 4834
f 4833 4835 4834
f 4834 4835 4836
f 4834 4836 4837
f 4837 4836 4838
f 4837 4838 4839
f 4839 4838 4840
f 4839 4840 4841
f 4841 4840 4842
f 4841 4842 4843
f 4843 4842 4844
f 4843 4844 4685
f 4685 4844 4683
f 4845 4846 4847
f 4848 4849 4781
f 4850 4784 4782
f 4781 4849 4782
f 4782 4849 4851
f 4782 4851 4850
f 4846 4852 4847
f 4847 4852 4853
f 4847 4853 4854
f 4854 4853 4855
f 4854 4855 4856
f 4845 4847 4857
f 4857 4847 4858
f 4857 4858 4859
f 4860 4861 4858
f 4858 4861 4862
f 4858 4862 4859
f 4863 4864 4865
f 4865 4864 4866
f 4865 4866 4860
f 4860 4866 4867
f 4860 4867 4861
f 4863 4865 4868
f 4868 4865 4869
f 4868 4869 4870
f 4871 4872 4873
f 4873 4872 4874
f 4873 4874 4869
f 4869 4874 4875
f 4869 4875 4870
f 4876 4877 4878
f 4813 4812 4873
f 4873 4812 4876
f 4873 4876 4871
f 4871 4876 4878
f 4812 4810 4876
f 4876 4810 4808
f 4876 4808 4879
f 4879 4808 4806
f 4869 4819 4817
f 4869 4817 4873
f 4873 4817 4815
f 4873 4815 4813
f 4819 4869 4821
f 4821 4869 4865
f 4821 4865 4825
f 4860 4831 4829
f 4860 4829 4865
f 4865 4829 4827
f 4865 4827 4825
f 4838 4836 4858
f 4858 4836 4835
f 4858 4835 4860
f 4860 4835 4833
f 4860 4833 4831
f 4683 4844 4847
f 4847 4844 4842
f 4847 4842 4858
f 4858 4842 4840
f 4858 4840 4838
f 4691 4688 4854
f 4854 4688 4686
f 4854 4686 4847
f 4847 4686 4684
f 4847 4684 4683
f 4856 4848 4854
f 4854 4848 4781
f 4854 4781 4691
f 4691 4781 4785
f 4691 4785 4693
f 4880 4881 4882
f 4883 4884 4885
f 4885 4884 4886
f 4885 4886 4880
f 4880 4882 4885
f 4885 4882 4887
f 4885 4887 4888
f 4887 4889 4888
f 4888 4889 4890
f 4888 4890 4891
f 4891 4890 4892
f 4891 4892 4893
f 4892 4894 4893
f 4893 4894 4895
f 4893 4895 4896
f 4896 4895 4897
f 4896 4897 4898
f 4898 4897 4899
f 4899 4897 4900
f 4899 4900 4901
f 4900 4902 4901
f 4901 4902 4903
f 4901 4903 4904
f 4904 4903 4905
f 4904 4905 4906
f 4906 4905 4907
f 4907 4905 4908
f 4907 4908 4909
f 4910 4911 4912
f 4912 4911 4913
f 4912 4913 4914
f 4914 4913 4909
f 4914 4909 4915
f 4915 4909 4908
f 4910 4912 4916
f 4916 4912 4917
f 4916 4917 4918
f 4918 4917 4919
f 4918 4919 4920
f 4921 4554 4565
f 4921 4565 4922
f 4922 4565 4599
f 4922 4599 4923
f 4923 4599 4924
f 4924 4599 4601
f 4924 4601 4925
f 4925 4601 4603
f 4925 4603 4926
f 4927 4928 4604
f 4604 4928 4929
f 4604 4929 4603
f 4603 4929 4930
f 4603 4930 4926
f 4927 4604 4931
f 4931 4604 4638
f 4931 4638 4932
f 4932 4638 4637
f 4932 4637 4933
f 4934 4935 4633
f 4633 4935 4936
f 4633 4936 4937
f 4937 4938 4633
f 4633 4938 4939
f 4633 4939 4637
f 4637 4939 4940
f 4637 4940 4933
f 4941 4942 4632
f 4943 4633 4944
f 4944 4633 4632
f 4944 4632 4945
f 4945 4632 4942
f 4943 4946 4633
f 4633 4946 4947
f 4633 4947 4948
f 4948 4949 4633
f 4633 4949 4950
f 4633 4950 4934
f 4951 4952 4623
f 4623 4952 4953
f 4623 4953 4632
f 4632 4953 4954
f 4632 4954 4941
f 4584 4955 4956
f 4584 4956 4585
f 4585 4956 4957
f 4585 4957 4568
f 4568 4957 4958
f 4568 4958 4591
f 4591 4958 4746
f 4591 4746 4592
f 4592 4746 4593
f 4593 4746 4748
f 4593 4748 4605
f 4748 4749 4605
f 4605 4749 4751
f 4605 4751 4606
f 4606 4751 4753
f 4606 4753 4607
f 4609 4608 4757
f 4607 4753 4608
f 4608 4753 4758
f 4608 4758 4757
f 4770 4760 4610
f 4610 4760 4759
f 4610 4759 4769
f 4769 4768 4610
f 4610 4768 4767
f 4610 4767 4611
f 4767 4766 4611
f 4611 4766 4765
f 4611 4765 4764
f 4757 4755 4609
f 4609 4755 4754
f 4609 4754 4610
f 4610 4754 4771
f 4610 4771 4770
f 4764 4763 4611
f 4611 4763 4762
f 4611 4762 4612
f 4612 4762 4774
f 4612 4774 4613
f 4613 4774 4773
f 4613 4773 4625
f 4625 4773 4777
f 4625 4777 4626
f 4626 4777 4776
f 4626 4776 4590
f 4590 4776 4775
f 4590 4775 4589
f 4589 4775 4744
f 4589 4744 4588
f 4588 4744 4743
f 4588 4743 4594
f 4594 4743 4779
f 4594 4779 4595
f 4595 4779 4778
f 4595 4778 4596
f 4784 4628 4783
f 4783 4628 4627
f 4783 4627 4740
f 4740 4627 4596
f 4740 4596 4741
f 4741 4596 4778
f 4851 4849 4629
f 4870 4875 4618
f 4877 4567 4878
f 4878 4567 4566
f 4878 4566 4871
f 4871 4566 4621
f 4618 4875 4620
f 4620 4875 4874
f 4620 4874 4621
f 4621 4874 4872
f 4621 4872 4871
f 4870 4618 4868
f 4868 4618 4617
f 4868 4617 4863
f 4616 4862 4615
f 4615 4862 4861
f 4615 4861 4614
f 4614 4861 4867
f 4614 4867 4619
f 4619 4867 4866
f 4619 4866 4617
f 4617 4866 4864
f 4617 4864 4863
f 4846 4631 4852
f 4852 4631 4630
f 4852 4630 4853
f 4846 4845 4631
f 4631 4845 4857
f 4631 4857 4616
f 4616 4857 4859
f 4616 4859 4862
f 4849 4848 4629
f 4629 4848 4856
f 4629 4856 4630
f 4630 4856 4855
f 4630 4855 4853
f 4851 4629 4850
f 4850 4629 4628
f 4850 4628 4784
f 4877 4959 4567
f 4567 4959 4960
f 4567 4960 4586
f 4586 4960 4961
f 4586 4961 4587
f 4587 4961 4962
f 4587 4962 4583
f 4951 4623 4963
f 4963 4623 4622
f 4963 4622 4964
f 4964 4622 4965
f 4634 4966 4967
f 4967 4968 4634
f 4634 4968 4969
f 4634 4969 4622
f 4622 4969 4970
f 4622 4970 4965
f 4636 4971 4634
f 4634 4971 4972
f 4634 4972 4966
f 4973 4974 4635
f 4635 4974 4975
f 4635 4975 4636
f 4636 4975 4976
f 4636 4976 4971
f 4973 4635 4977
f 4977 4635 4624
f 4977 4624 4978
f 4978 4624 4602
f 4978 4602 4979
f 4979 4602 4980
f 4980 4602 4600
f 4980 4600 4981
f 4598 4982 4600
f 4600 4982 4983
f 4600 4983 4981
f 4597 4984 4985
f 4985 4986 4597
f 4597 4986 4987
f 4597 4987 4598
f 4598 4987 4988
f 4598 4988 4982
f 4984 4597 4989
f 4989 4597 4556
f 4989 4556 4990
f 4991 4992 4993
f 4994 4995 4996
f 4996 4995 4991
f 4996 4991 4997
f 4997 4991 4993
f 4995 4998 4991
f 4991 4998 4999
f 4991 4999 5000
f 5000 5001 4991
f 4991 5001 5002
f 4991 5002 5003
f 5002 5004 5003
f 5003 5004 5005
f 5003 5005 5006
f 5006 5005 5007
f 5006 5007 5008
f 5008 5007 5009
f 5008 5009 5010
f 5010 5009 5011
f 5011 5012 5010
f 5010 5012 5013
f 5010 5013 5014
f 5014 5013 5015
f 5014 5015 5016
f 5016 5015 5017
f 5016 5017 5018
f 5017 5019 5018
f 5018 5019 5020
f 5018 5020 5021
f 5021 5020 5022
f 5021 5022 5023
f 5022 5024 5023
f 5023 5024 5025
f 5023 5025 5026
f 5026 5025 4920
f 5026 4920 4919
f 4883 4885 5027
f 5028 5029 5030
f 5030 5029 5031
f 5030 5031 5032
f 5032 5031 5033
f 5032 5033 5034
f 5035 5036 5033
f 5033 5036 5037
f 5033 5037 5034
f 5038 5039 5035
f 5035 5039 5040
f 5035 5040 5036
f 5041 5042 5038
f 5038 5042 5043
f 5038 5043 5039
f 5044 5045 5041
f 5041 5045 5046
f 5041 5046 5042
f 5047 5048 5044
f 5044 5048 5049
f 5044 5049 5045
f 5050 5051 5047
f 5047 5051 5052
f 5047 5052 5048
f 5053 5054 5055
f 5055 5054 5056
f 5055 5056 5050
f 5050 5056 5057
f 5050 5057 5051
f 5058 4916 5059
f 5059 4916 4918
f 5059 4918 4920
f 5060 4911 5058
f 5058 4911 4910
f 5058 4910 4916
f 5061 4909 5060
f 5060 4909 4913
f 5060 4913 4911
f 5062 4906 5061
f 5061 4906 4907
f 5061 4907 4909
f 5063 4901 5062
f 5062 4901 4904
f 5062 4904 4906
f 5064 4898 5063
f 5063 4898 4899
f 5063 4899 4901
f 4885 4888 5027
f 5027 4888 4891
f 5027 4891 5065
f 5065 4891 4893
f 5065 4893 5064
f 5064 4893 4896
f 5064 4896 4898
f 5029 4883 5031
f 5031 4883 5027
f 5031 5027 5033
f 5033 5027 5065
f 5033 5065 5035
f 5035 5065 5064
f 5035 5064 5038
f 5038 5064 5063
f 5038 5063 5041
f 5041 5063 5062
f 5041 5062 5044
f 5044 5062 5061
f 5044 5061 5047
f 5047 5061 5060
f 5047 5060 5050
f 5050 5060 5058
f 5050 5058 5055
f 5055 5058 5059
f 5055 5059 5053
f 5053 5059 4920
f 5066 5067 5032
f 5032 5067 5068
f 5032 5068 5030
f 5030 5068 5069
f 5030 5069 5028
f 5032 5034 5066
f 5066 5034 5037
f 5066 5037 5070
f 5070 5037 5036
f 5070 5036 5071
f 5071 5036 5040
f 5071 5040 5072
f 5072 5040 5039
f 5072 5039 5073
f 5073 5039 5043
f 5073 5043 5074
f 5054 5075 5056
f 5056 5075 5076
f 5056 5076 5057
f 5057 5076 5077
f 5057 5077 5051
f 5051 5077 5078
f 5051 5078 5052
f 5052 5078 5079
f 5052 5079 5048
f 5048 5079 5080
f 5048 5080 5049
f 5049 5080 5081
f 5049 5081 5045
f 5045 5081 5082
f 5045 5082 5046
f 5046 5082 5074
f 5046 5074 5042
f 5042 5074 5043
f 5083 5084 5085
f 5085 5084 5086
f 5085 5086 5087
f 5087 5086 5088
f 5089 5084 5083
f 5083 5090 5089
f 5089 5090 5091
f 5089 5091 5092
f 5092 5091 5093
f 5092 5093 5094
f 5094 5093 4734
f 5094 4734 4736
f 4721 4733 4786
f 5095 5096 5097
f 5095 5097 4955
f 4955 5097 4956
f 4956 5097 5098
f 4956 5098 4957
f 5098 4786 4747
f 4957 5098 4958
f 4958 5098 4747
f 4958 4747 4746
f 4721 4786 4723
f 4723 4786 5098
f 4723 5098 4739
f 4739 5098 5097
f 4739 5097 4738
f 4738 5097 5096
f 4738 5096 4736
f 4558 5099 5100
f 4558 5100 4559
f 4559 5100 5101
f 4559 5101 4581
f 4581 5101 5102
f 4581 5102 4582
f 4582 5102 4955
f 4582 4955 4584
f 4790 5103 4791
f 4791 5103 5104
f 4791 5104 5105
f 5105 5104 5106
f 5105 5106 5107
f 5107 5106 5108
f 5107 5108 5109
f 5109 5108 5110
f 4563 4583 5111
f 5111 4583 4962
f 5111 5112 4563
f 4563 5112 5113
f 4563 5113 4557
f 4557 5113 5114
f 4557 5114 4573
f 4573 5114 5115
f 5116 5117 4959
f 4959 5117 4960
f 5117 5118 5119
f 5119 4962 5117
f 5117 4962 4961
f 5117 4961 4960
f 4791 5118 4789
f 4789 5118 5117
f 4789 5117 4794
f 4794 5117 5116
f 4794 5116 4799
f 4799 5116 4803
f 4959 4877 5116
f 5116 4877 4876
f 5116 4876 4803
f 4803 4876 4879
f 4803 4879 4806
f 5110 5108 5120
f 5120 5108 5121
f 5120 5121 5122
f 5122 5121 5123
f 4989 4990 4992
f 4987 4986 4991
f 4991 4986 4985
f 4991 4985 4992
f 4992 4985 4984
f 4992 4984 4989
f 4987 4991 4988
f 4988 4991 5003
f 4988 5003 4982
f 4979 4980 5006
f 5006 4980 4981
f 5006 4981 5003
f 5003 4981 4983
f 5003 4983 4982
f 5006 5008 4979
f 4979 5008 5010
f 4979 5010 4978
f 5014 4973 5010
f 5010 4973 4977
f 5010 4977 4978
f 5016 4975 5014
f 5014 4975 4974
f 5014 4974 4973
f 5021 4972 5018
f 5018 4972 4971
f 5018 4971 5016
f 5016 4971 4976
f 5016 4976 4975
f 4964 4965 5023
f 5023 4965 4970
f 5023 4970 5021
f 5021 4970 4969
f 5021 4969 4968
f 4968 4967 5021
f 5021 4967 4966
f 5021 4966 4972
f 4919 5124 5026
f 5026 5124 4951
f 5026 4951 5023
f 5023 4951 4963
f 5023 4963 4964
f 4578 5125 4579
f 4579 5125 4990
f 4579 4990 4556
f 5126 5127 4575
f 4575 5127 5128
f 4575 5128 4576
f 4576 5128 5129
f 4576 5129 4578
f 4578 5129 5130
f 4578 5130 5125
f 5131 5132 5133
f 5133 5132 5134
f 5134 5132 5135
f 5134 5135 5136
f 5136 5135 5137
f 5136 5137 5138
f 5138 5137 5139
f 5138 5139 5140
f 5140 5139 5141
f 5140 5141 5142
f 5142 5141 5143
f 5142 5143 5144
f 5131 5133 5145
f 5145 5133 5146
f 5145 5146 5147
f 5146 5148 5147
f 5147 5148 5149
f 5147 5149 5150
f 5150 5149 5151
f 5150 5151 5152
f 5152 5151 5153
f 5152 5153 5154
f 5155 5156 5157
f 5153 5158 5154
f 5154 5158 5155
f 5154 5155 5159
f 5159 5155 5157
f 5160 5161 5162
f 5162 5161 5163
f 5162 5163 5164
f 5164 5163 5165
f 5164 5165 5156
f 5156 5165 5166
f 5156 5166 5157
f 5167 5168 5169
f 5169 5170 5167
f 5167 5170 5171
f 5167 5171 5160
f 5160 5171 5172
f 5160 5172 5161
f 5173 5174 5175
f 5175 5174 5176
f 5175 5176 5177
f 5177 5176 5169
f 5177 5169 5178
f 5178 5169 5168
f 5173 5179 5174
f 5174 5179 5180
f 5174 5180 5181
f 5181 5180 5182
f 5181 5182 5183
f 5183 5182 5184
f 5182 5185 5184
f 5184 5185 5186
f 5184 5186 5187
f 5187 5186 5188
f 5187 5188 5189
f 5189 5188 5190
f 5191 5083 5085
f 5188 5192 5190
f 5190 5192 5193
f 5190 5193 5194
f 5194 5193 5191
f 5194 5191 5087
f 5087 5191 5085
f 5195 4569 5196
f 5196 4569 4577
f 5196 4577 5197
f 5197 4577 4555
f 5197 4555 5198
f 5198 4555 5199
f 5199 4555 4554
f 5199 4554 4921
f 4932 4933 5200
f 5124 5201 4951
f 4951 5201 4952
f 4952 5201 4953
f 4953 5201 5202
f 4953 5202 4954
f 4945 4942 5202
f 5202 4942 4941
f 5202 4941 4954
f 5203 4934 4950
f 4950 4949 5203
f 5203 4949 4948
f 5203 4948 4947
f 4947 4946 5203
f 5203 4946 4943
f 5203 4943 5202
f 5202 4943 4944
f 5202 4944 4945
f 4937 4936 5203
f 5203 4936 4935
f 5203 4935 4934
f 4933 4940 5200
f 5200 4940 4939
f 5200 4939 5203
f 5203 4939 4938
f 5203 4938 4937
f 4927 4931 5204
f 5204 4931 4932
f 4928 5205 4929
f 4929 5205 5206
f 4925 4926 5206
f 5206 4926 4930
f 5206 4930 4929
f 4922 4923 5207
f 5207 4923 4924
f 5207 4924 5208
f 5208 4924 4925
f 4922 5207 4921
f 4921 5207 4882
f 4921 4882 4881
f 4892 4890 5208
f 5208 4890 4889
f 5208 4889 5207
f 5207 4889 4887
f 5207 4887 4882
f 4925 5206 5208
f 5208 5206 4894
f 5208 4894 4892
f 4902 4900 5205
f 5205 4900 4897
f 5205 4897 5206
f 5206 4897 4895
f 5206 4895 4894
f 4928 4927 5205
f 5205 4927 5204
f 5205 5204 4902
f 4902 5204 4903
f 4932 5200 5204
f 5204 5200 4905
f 5204 4905 4903
f 5202 4914 5203
f 5203 4914 4915
f 5203 4915 5200
f 5200 4915 4908
f 5200 4908 4905
f 5124 4919 5201
f 5201 4919 4917
f 5201 4917 5202
f 5202 4917 4912
f 5202 4912 4914
f 4884 4883 4886
f 4886 4883 5209
f 4886 5209 5210
f 5211 4881 4880
f 4880 5212 5211
f 5211 5212 5213
f 5211 5213 5214
f 5215 5216 5217
f 5218 5214 5217
f 5217 5214 5213
f 5217 5213 5215
f 5215 5213 5212
f 5215 5212 5210
f 5210 5212 4880
f 5210 4880 4886
f 5219 5220 5221
f 5222 5223 5224
f 5224 5223 5144
f 5224 5144 5143
f 5225 5226 5227
f 5222 5228 5223
f 5223 5228 5227
f 5223 5227 5229
f 5229 5227 5226
f 5227 5230 5225
f 5225 5230 5231
f 5225 5231 5232
f 5232 5231 5233
f 5233 5231 5234
f 5233 5234 5235
f 5236 5237 5238
f 5238 5237 5239
f 5238 5239 5234
f 5234 5239 5240
f 5234 5240 5235
f 5241 5242 5243
f 5243 5242 5244
f 5243 5244 5245
f 5245 5244 5246
f 5245 5246 5247
f 5247 5246 5248
f 5247 5248 5249
f 5249 5248 5250
f 5249 5250 5251
f 5251 5250 5252
f 5251 5252 5253
f 5253 5252 5254
f 5253 5254 5255
f 5255 5254 5256
f 5255 5256 5257
f 5257 5256 5258
f 5257 5258 5236
f 5236 5258 5259
f 5236 5259 5237
f 5260 5261 5262
f 5262 5261 5263
f 5262 5263 5264
f 5264 5263 5242
f 5264 5242 5265
f 5265 5242 5241
f 5266 5267 5268
f 5268 5267 5269
f 5268 5269 5270
f 5270 5269 5271
f 5270 5271 5260
f 5260 5271 5272
f 5260 5272 5261
f 5268 5273 5266
f 5266 5273 5274
f 5266 5274 5220
f 5220 5274 5275
f 5220 5275 5221
f 5121 5108 5276
f 5219 5221 5276
f 5276 5221 5123
f 5276 5123 5121
f 5277 5278 5279
f 5277 5279 5280
f 5280 5279 5075
f 5280 5075 5054
f 5281 5282 5283
f 5283 5282 5284
f 5283 5284 5285
f 5285 5284 5286
f 5285 5286 5278
f 5278 5286 5287
f 5278 5287 5279
f 5283 5288 5281
f 5281 5288 5289
f 5281 5289 5290
f 5290 5289 5291
f 5290 5291 5292
f 5292 5291 5293
f 5292 5293 5294
f 5294 5293 5295
f 5294 5295 5296
f 5296 5295 5297
f 5296 5297 5298
f 5297 5299 5298
f 5298 5299 5300
f 5298 5300 5301
f 5301 5300 5302
f 5301 5302 5303
f 5303 5302 5304
f 5303 5304 5305
f 5305 5306 5303
f 5303 5306 5307
f 5303 5307 5308
f 5309 5310 5307
f 5307 5310 5311
f 5307 5311 5308
f 5005 5312 5313
f 5314 5277 5280
f 5315 5283 5285
f 5315 5285 5314
f 5314 5285 5278
f 5314 5278 5277
f 5283 5315 5288
f 5288 5315 5316
f 5288 5316 5289
f 5289 5316 5291
f 5291 5316 5317
f 5291 5317 5293
f 5293 5317 5295
f 5295 5317 5318
f 5295 5318 5297
f 5297 5318 5299
f 5299 5318 5319
f 5299 5319 5300
f 5300 5319 5302
f 5302 5319 5320
f 5302 5320 5304
f 5321 5309 5322
f 5322 5309 5307
f 5322 5307 5323
f 5323 5307 5306
f 5323 5306 5320
f 5320 5306 5305
f 5320 5305 5304
f 5324 5000 5325
f 5325 5000 4999
f 5325 4999 5321
f 5005 5004 5312
f 5312 5004 5002
f 5312 5002 5324
f 5324 5002 5001
f 5324 5001 5000
f 5326 5009 5313
f 5313 5009 5007
f 5313 5007 5005
f 5327 5012 5326
f 5326 5012 5011
f 5326 5011 5009
f 5328 5015 5327
f 5327 5015 5013
f 5327 5013 5012
f 5329 5019 5328
f 5328 5019 5017
f 5328 5017 5015
f 5025 5024 5330
f 5330 5024 5022
f 5330 5022 5329
f 5329 5022 5020
f 5329 5020 5019
f 4920 5314 5053
f 5053 5314 5280
f 5053 5280 5054
f 5321 5322 5325
f 5325 5322 5323
f 5325 5323 5324
f 5324 5323 5320
f 5324 5320 5312
f 5312 5320 5319
f 5312 5319 5313
f 5313 5319 5318
f 5313 5318 5326
f 5326 5318 5317
f 5326 5317 5327
f 5327 5317 5316
f 5327 5316 5328
f 5328 5316 5315
f 5328 5315 5329
f 5329 5315 5314
f 5329 5314 5330
f 5330 5314 4920
f 5330 4920 5025
f 5331 5332 5333
f 5334 5335 5336
f 5335 4999 4995
f 4995 4999 4998
f 5334 5336 5337
f 5337 5336 5338
f 5337 5338 5333
f 5339 5340 5341
f 5331 5333 5341
f 5341 5333 5338
f 5341 5338 5339
f 5339 5338 5336
f 5339 5336 5342
f 4995 4994 5335
f 5335 4994 4996
f 5335 4996 5336
f 5336 4996 4997
f 5336 4997 5342
f 5342 4997 4993
f 5342 4993 5343
f 5343 4993 4992
f 5181 5183 5344
f 5169 5345 5170
f 5170 5345 5346
f 5170 5346 5171
f 5171 5346 5347
f 5171 5347 5172
f 5176 5348 5169
f 5169 5348 5349
f 5169 5349 5345
f 5344 5350 5181
f 5181 5350 5351
f 5181 5351 5174
f 5174 5351 5352
f 5174 5352 5176
f 5176 5352 5353
f 5176 5353 5348
f 5354 5355 5356
f 5357 5358 5356
f 5356 5358 5359
f 5356 5359 5354
f 5354 5359 5069
f 5187 5360 5184
f 5184 5360 5361
f 5184 5361 5183
f 5183 5361 5344
f 5362 5363 5364
f 5365 5366 5364
f 5364 5366 5367
f 5364 5367 5362
f 5210 5209 5368
f 5368 5209 4883
f 5368 4883 5029
f 5210 5368 5215
f 5215 5368 5369
f 5215 5369 5216
f 5362 5370 5363
f 5363 5370 5371
f 5363 5371 5372
f 5028 5365 5029
f 5029 5365 5364
f 5029 5364 5368
f 5368 5364 5363
f 5368 5363 5369
f 5369 5363 5372
f 5369 5372 5216
f 5373 5370 5374
f 5374 5370 5362
f 5374 5362 5375
f 5375 5362 5376
f 5376 5362 5367
f 5376 5367 5358
f 5358 5367 5359
f 5359 5367 5366
f 5359 5366 5069
f 5069 5366 5365
f 5069 5365 5028
f 5377 5373 5378
f 5378 5373 5374
f 5378 5374 5379
f 5379 5374 5375
f 5379 5375 5380
f 5380 5375 5376
f 5380 5376 5357
f 5357 5376 5358
f 5161 5172 5347
f 5381 5143 5382
f 5382 5143 5141
f 5382 5141 5383
f 5383 5141 5139
f 5383 5139 5384
f 5384 5139 5137
f 5384 5137 5385
f 5385 5137 5386
f 5137 5135 5386
f 5386 5135 5132
f 5386 5132 5387
f 5387 5132 5131
f 5387 5131 5388
f 5388 5131 5145
f 5388 5145 5389
f 5389 5145 5147
f 5389 5147 5390
f 5390 5147 5391
f 5391 5147 5150
f 5391 5150 5392
f 5150 5152 5392
f 5392 5152 5154
f 5392 5154 5393
f 5393 5154 5159
f 5393 5159 5394
f 5159 5157 5394
f 5394 5157 5166
f 5394 5166 5395
f 5395 5166 5165
f 5347 5396 5161
f 5161 5396 5397
f 5161 5397 5163
f 5163 5397 5398
f 5163 5398 5165
f 5165 5398 5399
f 5165 5399 5395
f 5357 5356 5400
f 5400 5356 5401
f 5401 5347 5346
f 5347 5401 5402
f 5402 5401 5356
f 5402 5356 5355
f 5378 5379 5403
f 5403 5379 5380
f 5403 5380 5349
f 5404 5377 5405
f 5405 5377 5378
f 5405 5378 5353
f 5353 5378 5403
f 5353 5403 5348
f 5348 5403 5349
f 5353 5352 5405
f 5405 5352 5351
f 5405 5351 5404
f 5404 5351 5350
f 5404 5350 5344
f 5346 5345 5401
f 5401 5345 5349
f 5401 5349 5400
f 5400 5349 5380
f 5400 5380 5357
f 5406 5407 5075
f 5408 5409 5410
f 5411 5078 5412
f 5412 5078 5077
f 5412 5077 5407
f 5407 5077 5076
f 5407 5076 5075
f 5073 5074 5413
f 5413 5074 5082
f 5413 5082 5414
f 5414 5082 5081
f 5414 5081 5415
f 5415 5081 5080
f 5415 5080 5411
f 5411 5080 5079
f 5411 5079 5078
f 5072 5416 5071
f 5071 5416 5417
f 5071 5417 5070
f 5070 5417 5066
f 5066 5417 5418
f 5066 5418 5067
f 5067 5418 5068
f 5068 5418 5354
f 5068 5354 5069
f 5355 5354 5419
f 5419 5354 5418
f 5419 5418 5420
f 5420 5418 5417
f 5421 5422 5416
f 5422 5423 5416
f 5416 5423 5424
f 5416 5424 5417
f 5417 5424 5425
f 5417 5425 5420
f 5426 5427 5414
f 5414 5427 5421
f 5414 5421 5413
f 5413 5421 5416
f 5413 5416 5073
f 5073 5416 5072
f 5426 5414 5428
f 5428 5414 5415
f 5428 5415 5429
f 5429 5415 5430
f 5430 5415 5411
f 5430 5411 5431
f 5431 5411 5412
f 5431 5412 5432
f 5406 5408 5407
f 5407 5408 5410
f 5407 5410 5412
f 5412 5410 5433
f 5412 5433 5432
f 5434 5435 4580
f 4573 5115 5436
f 4573 5436 4574
f 4574 5436 5437
f 4574 5437 4560
f 4560 5437 5438
f 4560 5438 4561
f 5438 5439 4561
f 4561 5439 5440
f 4561 5440 4580
f 4580 5440 5441
f 4580 5441 5434
f 5442 5112 5111
f 5443 5114 5113
f 5115 5114 5444
f 5444 5114 5443
f 5444 5443 5445
f 5446 5447 5448
f 5448 5447 5449
f 5450 5105 5107
f 5109 5110 5449
f 5449 5110 5120
f 5449 5120 5122
f 4962 5119 5451
f 5451 5119 5118
f 5451 5118 5450
f 5450 5118 4791
f 5450 4791 5105
f 5446 5445 5447
f 5447 5445 5443
f 5447 5443 5442
f 5442 5443 5113
f 5442 5113 5112
f 5111 4962 5442
f 5442 4962 5451
f 5442 5451 5447
f 5447 5451 5450
f 5447 5450 5449
f 5449 5450 5107
f 5449 5107 5109
f 5122 5123 5452
f 5452 5123 5221
f 5452 5221 5453
f 5275 5454 5221
f 5221 5454 5455
f 5221 5455 5453
f 5127 5126 5456
f 5456 5457 5127
f 5127 5457 5340
f 5127 5340 5128
f 5128 5340 5339
f 4992 4990 5343
f 5343 4990 5125
f 5343 5125 5342
f 5342 5125 5130
f 5342 5130 5339
f 5339 5130 5129
f 5339 5129 5128
f 5126 4575 5458
f 5458 4575 4580
f 5458 4580 5435
f 5459 5438 5437
f 5460 5455 5454
f 5460 5454 5461
f 5455 5460 5453
f 5453 5460 5462
f 5453 5462 5452
f 5122 5452 5449
f 5449 5452 5462
f 5449 5462 5448
f 5448 5462 5446
f 5463 5464 5465
f 5465 5464 5444
f 5465 5444 5445
f 5436 5115 5444
f 5438 5459 5439
f 5439 5459 5466
f 5439 5466 5440
f 5440 5466 5467
f 5440 5467 5441
f 5468 5469 5470
f 5470 5469 5435
f 5470 5435 5434
f 5471 5472 5473
f 5474 5475 5476
f 5476 5475 5477
f 5476 5477 5478
f 5445 5446 5465
f 5465 5446 5462
f 5465 5462 5463
f 5463 5462 5460
f 5463 5460 5477
f 5477 5460 5461
f 5477 5461 5478
f 5478 5461 5454
f 5472 5468 5473
f 5473 5468 5470
f 5473 5470 5479
f 5434 5441 5470
f 5470 5441 5467
f 5470 5467 5479
f 5479 5467 5466
f 5479 5466 5480
f 5480 5466 5459
f 5474 5471 5475
f 5475 5471 5473
f 5475 5473 5477
f 5477 5473 5479
f 5477 5479 5463
f 5463 5479 5480
f 5463 5480 5464
f 5464 5480 5459
f 5464 5459 5444
f 5444 5459 5437
f 5444 5437 5436
f 5481 5482 5483
f 5483 5482 5484
f 5485 5486 5487
f 5487 5486 5488
f 5487 5488 5489
f 5489 5488 5490
f 5489 5490 5482
f 5482 5490 5491
f 5482 5491 5484
f 5492 5493 5485
f 5485 5493 5494
f 5485 5494 5486
f 5495 5496 5492
f 5492 5496 5497
f 5492 5497 5493
f 5498 5499 5500
f 5500 5499 5501
f 5500 5501 5502
f 5502 5501 5503
f 5502 5503 5495
f 5495 5503 5504
f 5495 5504 5496
f 5505 5506 5507
f 5507 5506 5508
f 5509 5510 5508
f 5311 5310 5511
f 5311 5511 5509
f 5509 5511 5512
f 5509 5512 5510
f 5513 5298 5514
f 5514 5298 5301
f 5514 5301 5515
f 5515 5301 5303
f 5515 5303 5509
f 5509 5303 5308
f 5509 5308 5311
f 5516 5294 5513
f 5513 5294 5296
f 5513 5296 5298
f 5281 5290 5516
f 5516 5290 5292
f 5516 5292 5294
f 5284 5282 5517
f 5517 5282 5281
f 5517 5281 5518
f 5518 5281 5516
f 5284 5517 5286
f 5286 5517 5519
f 5286 5519 5287
f 5287 5519 5279
f 5279 5519 5520
f 5279 5520 5075
f 5483 5409 5481
f 5481 5409 5408
f 5481 5408 5406
f 5506 5498 5508
f 5508 5498 5500
f 5508 5500 5509
f 5509 5500 5502
f 5509 5502 5515
f 5515 5502 5495
f 5515 5495 5514
f 5514 5495 5492
f 5514 5492 5513
f 5513 5492 5485
f 5513 5485 5516
f 5516 5485 5487
f 5516 5487 5518
f 5518 5487 5489
f 5518 5489 5517
f 5517 5489 5482
f 5517 5482 5519
f 5519 5482 5481
f 5519 5481 5520
f 5520 5481 5406
f 5520 5406 5075
f 5521 5522 5523
f 5521 5512 5524
f 5524 5512 5511
f 5524 5511 5310
f 5521 5523 5512
f 5512 5523 5525
f 5512 5525 5510
f 5526 5505 5507
f 5527 5526 5528
f 5528 5526 5507
f 5528 5507 5525
f 5525 5507 5508
f 5525 5508 5510
f 5523 5522 5529
f 5530 5527 5528
f 5530 5528 5529
f 5529 5528 5525
f 5529 5525 5523
f 5531 5532 5533
f 5533 5532 5534
f 5533 5534 5529
f 5529 5534 5535
f 5529 5535 5530
f 5522 5536 5529
f 5529 5536 5537
f 5529 5537 5533
f 5310 5309 5524
f 5524 5309 5538
f 5524 5538 5521
f 5521 5538 5539
f 5521 5539 5522
f 5522 5539 5540
f 5522 5540 5536
f 5538 5309 5321
f 5541 5537 5542
f 5542 5537 5536
f 5542 5536 5543
f 5543 5536 5540
f 5543 5540 5539
f 5335 5334 5543
f 5543 5334 5337
f 5543 5337 5542
f 5542 5337 5333
f 5542 5333 5541
f 5541 5333 5332
f 5539 5538 5543
f 5543 5538 5321
f 5543 5321 5335
f 5335 5321 4999
f 5544 5457 5456
f 5545 5546 5547
f 5547 5546 5544
f 5547 5544 5548
f 5548 5544 5456
f 5340 5457 5341
f 5341 5457 5544
f 5341 5544 5331
f 5331 5544 5546
f 5331 5546 5332
f 5332 5546 5545
f 5454 5549 5478
f 5478 5549 5550
f 5551 5552 5553
f 5553 5552 5476
f 5553 5476 5554
f 5554 5476 5478
f 5554 5478 5555
f 5555 5478 5550
f 5472 5471 5552
f 5552 5471 5474
f 5552 5474 5476
f 5469 5468 5556
f 5556 5557 5469
f 5469 5557 5458
f 5469 5458 5435
f 5551 5558 5552
f 5552 5558 5556
f 5552 5556 5472
f 5472 5556 5468
f 5558 5545 5556
f 5556 5545 5547
f 5556 5547 5557
f 5557 5547 5548
f 5557 5548 5458
f 5458 5548 5456
f 5458 5456 5126
f 5274 5273 5550
f 5274 5550 5275
f 5275 5550 5549
f 5275 5549 5454
f 5247 5249 5559
f 5559 5249 5560
f 5560 5249 5561
f 5561 5249 5251
f 5561 5251 5562
f 5562 5251 5253
f 5562 5253 5563
f 5563 5253 5564
f 5564 5253 5255
f 5564 5255 5565
f 5565 5255 5257
f 5565 5257 5566
f 5238 5567 5236
f 5236 5567 5568
f 5236 5568 5257
f 5257 5568 5569
f 5257 5569 5566
f 5230 5570 5231
f 5231 5570 5571
f 5231 5571 5234
f 5234 5571 5572
f 5234 5572 5238
f 5238 5572 5573
f 5238 5573 5567
f 5143 5381 5224
f 5224 5381 5574
f 5224 5574 5222
f 5222 5574 5575
f 5222 5575 5228
f 5228 5575 5576
f 5228 5576 5227
f 5227 5576 5577
f 5227 5577 5230
f 5230 5577 5578
f 5230 5578 5570
f 5579 5381 5382
f 5409 5579 5410
f 5410 5579 5382
f 5410 5382 5433
f 5433 5382 5383
f 5433 5383 5432
f 5432 5383 5384
f 5388 5426 5387
f 5387 5426 5428
f 5387 5428 5386
f 5386 5428 5429
f 5386 5429 5385
f 5385 5429 5430
f 5385 5430 5384
f 5384 5430 5431
f 5384 5431 5432
f 5423 5422 5389
f 5389 5422 5421
f 5389 5421 5388
f 5388 5421 5427
f 5388 5427 5426
f 5389 5390 5423
f 5423 5390 5391
f 5423 5391 5424
f 5424 5391 5425
f 5580 5420 5425
f 5391 5392 5425
f 5425 5392 5393
f 5425 5393 5580
f 5580 5393 5394
f 5580 5394 5395
f 5402 5355 5580
f 5580 5355 5419
f 5580 5419 5420
f 5395 5399 5580
f 5580 5399 5398
f 5580 5398 5397
f 5397 5396 5580
f 5580 5396 5347
f 5580 5347 5402
f 5265 5241 5581
f 5581 5582 5265
f 5265 5582 5583
f 5265 5583 5264
f 5264 5583 5584
f 5264 5584 5262
f 5262 5584 5585
f 5262 5585 5260
f 5260 5585 5586
f 5260 5586 5270
f 5270 5586 5587
f 5247 5559 5245
f 5245 5559 5588
f 5245 5588 5243
f 5243 5588 5589
f 5243 5589 5241
f 5241 5589 5590
f 5241 5590 5581
f 5563 5564 5591
f 5506 5505 5592
f 5498 5506 5591
f 5565 5503 5564
f 5564 5503 5501
f 5564 5501 5591
f 5591 5501 5499
f 5591 5499 5498
f 5565 5566 5503
f 5503 5566 5569
f 5503 5569 5504
f 5504 5569 5568
f 5504 5568 5496
f 5496 5568 5567
f 5496 5567 5497
f 5497 5567 5573
f 5497 5573 5493
f 5493 5573 5572
f 5493 5572 5494
f 5494 5572 5571
f 5494 5571 5486
f 5486 5571 5570
f 5486 5570 5488
f 5488 5570 5578
f 5488 5578 5490
f 5490 5578 5577
f 5490 5577 5491
f 5491 5577 5576
f 5381 5579 5574
f 5574 5579 5409
f 5574 5409 5575
f 5575 5409 5483
f 5575 5483 5576
f 5576 5483 5484
f 5576 5484 5491
f 5506 5592 5591
f 5591 5592 5559
f 5591 5559 5560
f 5560 5561 5591
f 5591 5561 5562
f 5591 5562 5563
f 5270 5587 5268
f 5268 5587 5593
f 5268 5593 5273
f 5273 5593 5550
f 5526 5594 5595
f 5594 5526 5527
f 5532 5596 5534
f 5597 5587 5586
f 5531 5597 5532
f 5532 5597 5586
f 5532 5586 5596
f 5596 5586 5585
f 5596 5585 5534
f 5534 5585 5584
f 5534 5584 5535
f 5535 5584 5598
f 5598 5584 5583
f 5598 5583 5582
f 5595 5590 5589
f 5589 5588 5595
f 5595 5588 5559
f 5595 5559 5526
f 5526 5559 5592
f 5526 5592 5505
f 5590 5595 5581
f 5581 5595 5594
f 5581 5594 5582
f 5582 5594 5527
f 5582 5527 5598
f 5598 5527 5530
f 5598 5530 5535
f 5593 5587 5597
f 5551 5553 5597
f 5597 5553 5554
f 5597 5554 5593
f 5593 5554 5555
f 5593 5555 5550
f 5545 5531 5533
f 5533 5537 5545
f 5545 5537 5541
f 5545 5541 5332
f 5531 5545 5597
f 5597 5545 5558
f 5597 5558 5551
f 5194 5087 5088
f 5599 5190 5600
f 5600 5190 5194
f 5600 5194 5601
f 5601 5194 5088
f 5094 4736 5096
f 5102 5101 5602
f 5603 5100 5604
f 5604 5100 5099
f 5094 5096 5092
f 5088 5086 5605
f 5605 5086 5084
f 5084 5606 5605
f 5605 5606 5607
f 5605 5607 5608
f 5608 5607 5609
f 5609 5607 5602
f 5609 5602 5603
f 5603 5602 5101
f 5603 5101 5100
f 5084 5089 5606
f 5606 5089 5092
f 5606 5092 5607
f 5607 5092 5096
f 5607 5096 5602
f 5602 5096 5095
f 5602 5095 5102
f 5102 5095 4955
f 4562 5610 4572
f 4572 5610 5099
f 4572 5099 4558
f 4570 5611 4571
f 4571 5611 5612
f 4571 5612 4564
f 4564 5612 5613
f 4564 5613 4562
f 4562 5613 5614
f 4562 5614 5610
f 5360 5615 5361
f 5361 5615 5344
f 5344 5615 5404
f 5404 5615 5616
f 5404 5616 5377
f 5377 5616 5617
f 5377 5617 5618
f 5618 5619 5377
f 5377 5619 5620
f 5377 5620 5621
f 5371 5621 5372
f 5372 5621 5216
f 5371 5370 5621
f 5621 5370 5373
f 5621 5373 5377
f 5190 5599 5189
f 5189 5599 5622
f 5189 5622 5187
f 5187 5622 5360
f 5623 5624 5625
f 5626 5627 5610
f 5628 5629 5612
f 5612 5629 5630
f 5612 5630 5613
f 5613 5630 5614
f 5099 5610 5604
f 5604 5610 5627
f 5604 5627 5603
f 5603 5627 5609
f 5605 5608 5631
f 5631 5608 5632
f 5631 5632 5633
f 5634 5635 5636
f 5636 5635 5599
f 5636 5599 5637
f 5637 5599 5600
f 5637 5600 5601
f 5088 5605 5601
f 5601 5605 5631
f 5601 5631 5637
f 5637 5631 5633
f 5637 5633 5636
f 5636 5633 5625
f 5636 5625 5634
f 5634 5625 5624
f 5610 5614 5626
f 5626 5614 5630
f 5626 5630 5638
f 5638 5630 5629
f 5638 5629 5639
f 5639 5629 5628
f 5608 5609 5632
f 5632 5609 5627
f 5632 5627 5633
f 5633 5627 5626
f 5633 5626 5625
f 5625 5626 5638
f 5625 5638 5623
f 5623 5638 5639
f 5623 5639 5640
f 5640 5639 5628
f 5640 5628 5641
f 5641 5628 5612
f 5641 5612 5611
f 5611 4570 5642
f 5642 4570 4569
f 5642 4569 5195
f 5195 5196 5643
f 5643 5196 5197
f 5643 5197 5644
f 5644 5197 5198
f 5644 5198 5645
f 5645 5198 5199
f 5645 5199 4921
f 4921 4881 5645
f 5645 4881 5211
f 5645 5211 5644
f 5644 5211 5214
f 5644 5214 5643
f 5643 5214 5218
f 5643 5218 5195
f 5195 5218 5646
f 5619 5647 5620
f 5620 5647 5648
f 5620 5648 5621
f 5621 5648 5216
f 5216 5648 5649
f 5216 5649 5217
f 5649 5650 5217
f 5217 5650 5646
f 5217 5646 5218
f 5649 5648 5651
f 5622 5599 5635
f 5360 5622 5615
f 5615 5622 5635
f 5615 5635 5616
f 5616 5635 5634
f 5616 5634 5624
f 5648 5647 5651
f 5651 5647 5619
f 5651 5619 5652
f 5652 5619 5618
f 5652 5618 5617
f 5649 5651 5650
f 5650 5651 5653
f 5650 5653 5646
f 5641 5611 5642
f 5195 5646 5642
f 5642 5646 5653
f 5642 5653 5641
f 5641 5653 5651
f 5641 5651 5640
f 5640 5651 5623
f 5623 5651 5652
f 5623 5652 5624
f 5624 5652 5617
f 5624 5617 5616
f 4694 5654 4692
f 4692 5654 5655
f 4839 4841 5656
f 5656 4841 4843
f 5656 4843 5657
f 5657 4843 4685
f 5657 4685 5658
f 5658 4685 4687
f 5658 4687 5659
f 5659 4687 4689
f 5659 4689 5655
f 5655 4689 4690
f 5655 4690 4692
f 5656 5660 4839
f 4839 5660 5661
f 4839 5661 4837
f 4837 5661 5662
f 4837 5662 4834
f 4834 5662 5663
f 4834 5663 4832
f 4832 5663 5664
f 4832 5664 4830
f 4830 5664 5665
f 4830 5665 4828
f 5665 5666 4828
f 4828 5666 5667
f 4828 5667 4826
f 4826 5667 5668
f 4826 5668 4824
f 4824 5668 5669
f 4824 5669 4823
f 4823 5669 5670
f 4823 5670 4822
f 4822 5670 4820
f 4820 5670 5671
f 4820 5671 4818
f 4818 5671 5672
f 4818 5672 4816
f 5672 5673 4816
f 4816 5673 5674
f 4816 5674 4814
f 4814 5674 5675
f 4814 5675 4811
f 5676 4798 4797
f 5676 4797 5677
f 4797 4802 5677
f 5677 4802 4804
f 5677 4804 5678
f 5678 4804 4805
f 5678 4805 5679
f 5679 4805 4807
f 5679 4807 5675
f 5675 4807 4809
f 5675 4809 4811
f 4796 4795 5680
f 5680 4795 4793
f 5680 4793 5681
f 4793 4792 5681
f 5681 4792 4801
f 5681 4801 5676
f 5676 4801 4800
f 5676 4800 4798
f 5103 4790 5682
f 5682 4790 4788
f 5682 4788 5680
f 5680 4788 4787
f 5680 4787 4796
f 5683 5276 5108
f 5103 5682 5104
f 5104 5682 5684
f 5104 5684 5106
f 5106 5684 5685
f 5106 5685 5108
f 5108 5685 5686
f 5108 5686 5683
f 4724 5687 4722
f 4722 5687 5688
f 4722 5688 4720
f 4720 5688 5689
f 4720 5689 4731
f 4731 5689 5690
f 4731 5690 4729
f 5691 5692 4737
f 4737 5692 5693
f 4737 5693 4724
f 4724 5693 5694
f 4724 5694 5687
f 4737 4735 5691
f 5691 4735 4734
f 5691 4734 5695
f 5695 4734 5093
f 5695 5093 5696
f 5696 5093 5091
f 5696 5091 5697
f 5697 5091 5090
f 5697 5090 5698
f 5698 5090 5083
f 5698 5083 5191
f 5690 5699 4729
f 4729 5699 5700
f 4729 5700 4727
f 4727 5700 5701
f 4727 5701 4703
f 4703 5701 5702
f 4703 5702 4704
f 4704 5702 5703
f 4704 5703 4717
f 4717 5703 5704
f 4717 5704 4708
f 4708 5704 5705
f 4708 5705 4709
f 5705 5706 4709
f 4709 5706 5707
f 4709 5707 4712
f 4712 5707 5708
f 4712 5708 4710
f 5708 5709 4710
f 4710 5709 5710
f 4710 5710 4699
f 4699 5710 5711
f 4699 5711 4700
f 4700 5711 5712
f 4700 5712 4698
f 5712 5713 4698
f 4698 5713 5714
f 4698 5714 4696
f 4696 5714 5654
f 4696 5654 4694
f 5697 4650 5696
f 5696 4650 4648
f 5696 4648 5695
f 5695 4648 5691
f 5687 5694 4646
f 4646 5694 5693
f 4646 5693 4648
f 4648 5693 5692
f 4648 5692 5691
f 5687 4646 5688
f 5688 4646 4645
f 5688 4645 5689
f 5689 4645 4641
f 5689 4641 5690
f 5690 4641 4643
f 5690 4643 5699
f 5151 5149 4676
f 5136 5138 4679
f 4679 5138 5140
f 4679 5140 4680
f 4680 5140 5142
f 4680 5142 5144
f 5149 5148 4676
f 4676 5148 5146
f 4676 5146 4678
f 4678 5146 5133
f 4678 5133 4679
f 4679 5133 5134
f 4679 5134 5136
f 5151 4676 5153
f 5153 4676 4675
f 5153 4675 5158
f 4668 5156 4675
f 4675 5156 5155
f 4675 5155 5158
f 5167 5160 4666
f 4666 5160 5162
f 4666 5162 4668
f 4668 5162 5164
f 4668 5164 5156
f 5167 4666 5168
f 5168 4666 4664
f 5168 4664 5178
f 4656 5180 5179
f 5179 5173 4656
f 4656 5173 5175
f 4656 5175 4664
f 4664 5175 5177
f 4664 5177 5178
f 4652 5192 4654
f 4654 5192 5188
f 5188 5186 4654
f 4654 5186 5185
f 4654 5185 4656
f 4656 5185 5182
f 4656 5182 5180
f 5697 5698 4650
f 4650 5698 5191
f 4650 5191 4652
f 4652 5191 5193
f 4652 5193 5192
f 5683 5686 4651
f 4653 5220 5219
f 4653 5219 4651
f 4651 5219 5276
f 4651 5276 5683
f 5220 4653 5266
f 5266 4653 4655
f 5266 4655 5267
f 5261 5272 4657
f 4657 5272 5271
f 4657 5271 4655
f 4655 5271 5269
f 4655 5269 5267
f 5248 5246 4665
f 4665 5246 5244
f 4665 5244 4663
f 4663 5244 5242
f 4663 5242 4657
f 4657 5242 5263
f 4657 5263 5261
f 4667 5252 4665
f 4665 5252 5250
f 4665 5250 5248
f 5237 5259 4677
f 4677 5259 5258
f 4677 5258 4669
f 4669 5258 5256
f 4669 5256 4667
f 4667 5256 5254
f 4667 5254 5252
f 5233 5235 4682
f 4682 5235 5240
f 4682 5240 4677
f 4677 5240 5239
f 4677 5239 5237
f 5229 5226 4681
f 4681 5226 5225
f 4681 5225 4682
f 4682 5225 5232
f 4682 5232 5233
f 4680 5144 4681
f 4681 5144 5223
f 4681 5223 5229
f 5677 5678 4640
f 4640 5678 5679
f 4640 5679 4642
f 4642 5679 5675
f 4642 5675 5674
f 5677 4640 5676
f 5676 4640 4639
f 5676 4639 5681
f 5681 4639 4647
f 5681 4647 5680
f 5685 5684 4647
f 4647 5684 5682
f 4647 5682 5680
f 4647 4649 5685
f 5685 4649 4651
f 5685 4651 5686
f 5666 5665 4672
f 5655 5654 4660
f 5655 4660 5659
f 5659 4660 4674
f 5659 4674 5658
f 5661 5660 4673
f 4673 5660 5656
f 4673 5656 4674
f 4674 5656 5657
f 4674 5657 5658
f 5665 5664 4672
f 4672 5664 5663
f 4672 5663 4673
f 4673 5663 5662
f 4673 5662 5661
f 5670 5669 4662
f 4662 5669 5668
f 4662 5668 4672
f 4672 5668 5667
f 4672 5667 5666
f 5670 4662 5671
f 5671 4662 4661
f 5671 4661 5672
f 4642 5674 4661
f 4661 5674 5673
f 4661 5673 5672
f 5700 5699 4643
f 4644 5702 4643
f 4643 5702 5701
f 4643 5701 5700
f 4671 5704 4644
f 4644 5704 5703
f 4644 5703 5702
f 5708 5707 4670
f 4670 5707 5706
f 4670 5706 4671
f 4671 5706 5705
f 4671 5705 5704
f 5712 5711 4659
f 4659 5711 5710
f 4659 5710 4670
f 4670 5710 5709
f 4670 5709 5708
f 5712 4659 5713
f 5713 4659 4658
f 5713 4658 5714
f 5714 4658 4660
f 5714 4660 5654
f 5715 5716 5717
f 5718 5719 5720
f 5715 5717 5721
f 5722 5718 5723
f 5723 5718 5720
f 5723 5720 5724
f 5724 5720 5725
f 5724 5725 5726
f 5726 5725 5727
f 5726 5727 5728
f 5728 5727 5721
f 5728 5721 5729
f 5729 5721 5717
f 5729 5717 5730
f 5731 5732 5733
f 5731 5734 5732
f 5732 5734 5735
f 5732 5735 5736
f 5737 5732 5738
f 5738 5732 5739
f 5737 5740 5732
f 5732 5740 5741
f 5732 5741 5742
f 5742 5741 5743
f 5742 5743 5744
f 5744 5743 5745
f 5733 5746 5731
f 5731 5746 5747
f 5731 5747 5748
f 5749 5750 5751
f 5751 5750 5752
f 5751 5752 5753
f 5736 5754 5732
f 5732 5754 5755
f 5732 5755 5739
f 5745 5743 5756
f 5756 5743 5757
f 5756 5757 5758
f 5758 5757 5759
f 5758 5759 5760
f 5761 5762 5751
f 5751 5762 5763
f 5751 5763 5749
f 5764 5765 5751
f 5751 5765 5766
f 5748 5767 5731
f 5731 5767 5768
f 5731 5768 5769
f 5769 5768 5766
f 5769 5766 5770
f 5770 5766 5765
f 5760 5759 5771
f 5771 5759 5772
f 5771 5772 5773
f 5774 5775 5751
f 5751 5775 5776
f 5751 5776 5764
f 5777 5778 5751
f 5751 5778 5779
f 5751 5779 5761
f 5753 5780 5751
f 5751 5780 5781
f 5751 5781 5774
f 5782 5783 5784
f 5784 5783 5785
f 5784 5785 5786
f 5786 5785 5787
f 5786 5787 5773
f 5773 5787 5788
f 5773 5788 5771
f 5789 5790 5791
f 5784 5792 5782
f 5782 5792 5793
f 5782 5793 5789
f 5789 5793 5794
f 5789 5794 5790
f 5795 5796 5777
f 5777 5796 5797
f 5797 5796 5798
f 5797 5798 5799
f 5791 5800 5789
f 5789 5800 5801
f 5789 5801 5802
f 5802 5803 5789
f 5789 5803 5804
f 5789 5804 5805
f 5751 5806 5777
f 5777 5806 5807
f 5777 5807 5808
f 5805 5809 5789
f 5789 5809 5810
f 5789 5810 5811
f 5798 5812 5799
f 5799 5812 5813
f 5799 5813 5814
f 5808 5815 5777
f 5777 5815 5816
f 5777 5816 5817
f 5789 5818 5819
f 5817 5820 5777
f 5777 5820 5821
f 5777 5821 5795
f 5814 5822 5799
f 5799 5822 5823
f 5799 5823 5824
f 5825 5826 5799
f 5827 5828 5789
f 5789 5828 5829
f 5789 5829 5818
f 5830 5831 5799
f 5832 5833 5789
f 5789 5833 5834
f 5789 5834 5835
f 5830 5799 5836
f 5835 5837 5789
f 5789 5837 5838
f 5789 5838 5827
f 5839 5840 5819
f 5819 5840 5841
f 5819 5841 5842
f 5842 5843 5819
f 5819 5843 5844
f 5819 5844 5845
f 5824 5846 5799
f 5799 5846 5847
f 5799 5847 5848
f 5811 5849 5789
f 5789 5849 5850
f 5789 5850 5851
f 5845 5852 5819
f 5819 5852 5853
f 5819 5853 5789
f 5854 5855 5799
f 5851 5856 5789
f 5789 5856 5857
f 5789 5857 5832
f 5858 5859 5860
f 5860 5859 5861
f 5860 5861 5819
f 5819 5861 5862
f 5819 5862 5839
f 5826 5863 5799
f 5799 5863 5864
f 5799 5864 5836
f 5865 5866 5867
f 5848 5868 5799
f 5799 5868 5869
f 5799 5869 5870
f 5855 5871 5799
f 5799 5871 5872
f 5799 5872 5825
f 5831 5873 5799
f 5799 5873 5874
f 5799 5874 5875
f 5875 5876 5799
f 5799 5876 5877
f 5799 5877 5878
f 5870 5879 5799
f 5799 5879 5880
f 5799 5880 5881
f 5882 5883 5865
f 5865 5883 5884
f 5865 5884 5866
f 5885 5886 5867
f 5867 5886 5887
f 5867 5887 5865
f 5878 5888 5799
f 5799 5888 5889
f 5799 5889 5865
f 5865 5889 5890
f 5865 5890 5882
f 5881 5891 5799
f 5799 5891 5892
f 5799 5892 5854
f 5893 5894 5895
f 5895 5894 5896
f 5896 5894 5897
f 5897 5894 5898
f 5897 5898 5899
f 5899 5900 5897
f 5897 5900 5901
f 5897 5901 5902
f 5903 5904 5897
f 5897 5904 5905
f 5897 5905 5906
f 5897 5907 5908
f 5906 5909 5897
f 5897 5909 5910
f 5897 5910 5907
f 5902 5911 5897
f 5897 5911 5912
f 5897 5912 5903
f 5913 5914 5897
f 5897 5914 5915
f 5916 5917 5897
f 5897 5917 5918
f 5897 5918 5919
f 5920 5921 5897
f 5897 5921 5922
f 5897 5922 5923
f 5923 5924 5897
f 5897 5924 5925
f 5897 5925 5926
f 5908 5927 5897
f 5897 5927 5928
f 5897 5928 5913
f 5915 5929 5897
f 5897 5929 5930
f 5897 5930 5916
f 5919 5931 5897
f 5897 5931 5932
f 5897 5932 5920
f 5933 5934 5935
f 5935 5934 5936
f 5935 5937 5938
f 5938 5937 5939
f 5938 5939 5940
f 5933 5935 5941
f 5941 5935 5938
f 5941 5938 5942
f 5934 5943 5936
f 5936 5943 5944
f 5936 5944 5945
f 5945 5944 5946
f 5945 5946 5947
f 5947 5946 5948
f 5948 5949 5950
f 5951 5952 5948
f 5948 5952 5953
f 5948 5953 5954
f 5955 5956 5948
f 5956 5957 5948
f 5948 5957 5958
f 5948 5958 5959
f 5960 5961 5948
f 5948 5961 5962
f 5948 5962 5963
f 5963 5964 5948
f 5948 5964 5965
f 5948 5965 5966
f 5959 5967 5948
f 5948 5967 5968
f 5948 5968 5969
f 5969 5970 5948
f 5948 5970 5971
f 5948 5971 5949
f 5950 5972 5948
f 5948 5972 5973
f 5948 5973 5974
f 5954 5975 5948
f 5948 5975 5976
f 5948 5976 5977
f 5978 5979 5948
f 5948 5979 5980
f 5948 5980 5947
f 5981 5982 5948
f 5948 5982 5983
f 5984 5985 5948
f 5948 5985 5986
f 5987 5988 5948
f 5948 5988 5989
f 5948 5989 5990
f 5991 5992 5948
f 5948 5992 5993
f 5948 5993 5951
f 5994 5995 5996
f 5997 5998 5981
f 5999 6000 5948
f 5948 6000 6001
f 6002 6003 5948
f 5948 6003 6004
f 5948 6004 5978
f 5966 6005 5948
f 5948 6005 6006
f 5948 6006 5955
f 5974 6007 5948
f 5948 6007 6008
f 5948 6008 6009
f 5997 5981 5996
f 5996 5981 6010
f 5996 6010 5994
f 5995 6011 5996
f 5996 6011 6012
f 5996 6012 6013
f 6013 6012 6014
f 5998 6015 5981
f 5981 6015 6016
f 5981 6016 5982
f 6009 6017 5948
f 5948 6017 6018
f 5948 6018 5984
f 5986 6019 5948
f 5948 6019 6020
f 5948 6020 6021
f 6022 6023 5948
f 5948 6023 6024
f 5948 6024 5987
f 6025 6026 5948
f 5948 6026 6027
f 5948 6027 5991
f 6028 6029 5948
f 5948 6029 6030
f 5948 6030 5960
f 6001 6031 5948
f 5948 6031 6032
f 5948 6032 6033
f 5977 6034 5948
f 5948 6034 6035
f 5948 6035 6036
f 6036 6037 5948
f 5948 6037 6038
f 5948 6038 6002
f 6021 6039 5948
f 5948 6039 6040
f 5948 6040 6041
f 6033 6042 5948
f 5948 6042 6043
f 5948 6043 6044
f 6044 6045 5948
f 5948 6045 6046
f 5948 6046 6022
f 5990 6047 5948
f 5948 6047 6048
f 5948 6048 6025
f 6041 6049 5948
f 5948 6049 6050
f 5948 6050 5999
f 6051 6052 5948
f 5948 6052 6053
f 5948 6053 6028
f 5983 6054 5948
f 5948 6054 6055
f 5948 6055 6056
f 6056 6057 5948
f 5948 6057 6058
f 5948 6058 6059
f 6060 6061 5948
f 5948 6061 6062
f 5948 6062 6051
f 6059 6063 5948
f 5948 6063 6064
f 5948 6064 6065
f 6066 6067 5948
f 5948 6067 6068
f 5948 6068 6060
f 6065 6069 5948
f 5948 6069 6070
f 5948 6070 6071
f 6072 6073 5948
f 5948 6073 6074
f 5948 6074 6066
f 6071 6075 5948
f 5948 6075 6076
f 5948 6076 6077
f 6078 6079 5948
f 5948 6079 6080
f 5948 6080 6072
f 6077 6081 5948
f 5948 6081 6082
f 5948 6082 6083
f 6084 6085 5948
f 5948 6085 6086
f 5948 6086 6078
f 6087 6088 5948
f 5948 6088 6089
f 5948 6089 6084
f 6083 6090 5948
f 5948 6090 6091
f 5948 6091 6092
f 6092 6093 5948
f 5948 6093 6094
f 5948 6094 6087
f 5734 6095 6096
f 5734 6096 5735
f 5735 6096 6097
f 5735 6097 5736
f 5764 6098 6099
f 5764 6099 5765
f 5765 6099 6100
f 5765 6100 5770
f 5770 6100 6101
f 5770 6101 5769
f 5769 6101 6102
f 5769 6102 5731
f 5731 6102 6095
f 5731 6095 5734
f 5736 6097 5754
f 5754 6097 6103
f 5754 6103 5755
f 5755 6103 6104
f 6098 5764 5776
f 6098 5776 6105
f 6105 5776 5775
f 6105 5775 6106
f 6106 5775 5774
f 6106 5774 6107
f 6107 5774 5781
f 6107 5781 6108
f 6108 5781 5780
f 6108 5780 6109
f 6110 5741 5740
f 6110 5740 6111
f 6111 5740 5737
f 6111 5737 6112
f 5737 5738 6112
f 6112 5738 5739
f 6112 5739 6113
f 6113 5739 5755
f 6113 5755 6104
f 6114 6115 5877
f 5877 6115 6116
f 5877 6116 5878
f 5878 6116 6117
f 6117 6118 5878
f 5878 6118 6119
f 5878 6119 6120
f 6120 6121 5878
f 5878 6121 6122
f 5878 6122 6123
f 6123 6124 5878
f 5878 6124 6125
f 5878 6125 5888
f 5888 6125 6126
f 5888 6126 5889
f 5889 6126 6127
f 5889 6127 5890
f 5890 6127 5882
f 5882 6127 6128
f 5882 6128 5883
f 5883 6128 6129
f 5883 6129 5884
f 5884 6129 6130
f 5884 6130 5866
f 5866 6130 6131
f 5866 6131 5867
f 5867 6131 6132
f 5867 6132 5885
f 5779 6133 5761
f 5761 6133 6134
f 5761 6134 5762
f 5762 6134 5763
f 5779 5778 6133
f 6133 5778 5777
f 6133 5777 6135
f 6132 6136 5885
f 5885 6136 6137
f 5885 6137 5886
f 5886 6137 6138
f 5886 6138 5887
f 5887 6138 6139
f 5887 6139 5865
f 5865 6139 6140
f 5865 6140 5799
f 5799 6140 6135
f 5799 6135 5797
f 5797 6135 5777
f 6109 5780 5753
f 5753 5752 6109
f 6109 5752 5750
f 6109 5750 6134
f 6134 5750 5749
f 6134 5749 5763
f 6141 5773 5772
f 6141 5772 6142
f 6142 5772 5759
f 6142 5759 6143
f 6143 5759 5757
f 6143 5757 6144
f 6144 5757 6145
f 6145 5757 5743
f 6145 5743 6146
f 6146 5743 5741
f 6146 5741 6110
f 5854 5892 6147
f 5821 5820 6148
f 5817 6149 6150
f 5817 6150 5820
f 5820 6150 6151
f 5820 6151 6148
f 5821 6148 5795
f 5795 6148 6152
f 5795 6152 5796
f 5796 6152 6153
f 5796 6153 5798
f 6154 5847 6155
f 6155 5847 5846
f 5846 5824 6155
f 6155 5824 5823
f 6155 5823 6156
f 6156 5823 5822
f 5822 5814 6156
f 6156 5814 5813
f 6156 5813 6153
f 6153 5813 5812
f 6153 5812 5798
f 6147 5892 6157
f 6157 5892 5891
f 6157 5891 5881
f 5881 5880 6157
f 6157 5880 5879
f 6157 5879 6154
f 6154 5879 5870
f 6154 5870 5869
f 5869 5868 6154
f 6154 5868 5848
f 6154 5848 5847
f 5863 6158 5864
f 5864 6158 6159
f 5864 6159 5836
f 5836 6159 5830
f 5863 5826 6158
f 6158 5826 5825
f 6158 5825 6160
f 5825 5872 6160
f 6160 5872 5871
f 6160 5871 6147
f 6147 5871 5855
f 6147 5855 5854
f 5874 5873 6161
f 6161 5873 6159
f 6159 5873 5831
f 6159 5831 5830
f 6161 6162 5874
f 5874 6162 6163
f 5874 6163 5875
f 5875 6163 6164
f 5875 6164 5876
f 5876 6164 6114
f 5876 6114 5877
f 5773 6141 6165
f 5773 6165 5786
f 5786 6165 6166
f 5786 6166 5784
f 5808 5807 6167
f 6167 5807 6168
f 6168 5807 5806
f 6168 5806 6169
f 6167 6170 5808
f 5808 6170 6171
f 5808 6171 5815
f 5815 6171 5816
f 5816 6171 6149
f 5816 6149 5817
f 6166 6172 5784
f 5784 6172 6173
f 5784 6173 5792
f 5792 6173 5793
f 6174 5766 6175
f 6175 5766 5768
f 6175 5768 6176
f 6176 5768 6177
f 6174 6178 5766
f 5766 6178 6179
f 5766 6179 5751
f 5751 6179 6169
f 5751 6169 5806
f 5794 5793 6173
f 6180 5860 5819
f 6180 5819 6181
f 5819 5818 6181
f 6181 5818 5829
f 6181 5829 6182
f 6182 5829 5828
f 6182 5828 6183
f 5828 5827 6183
f 6183 5827 5838
f 6183 5838 6184
f 6184 5838 5837
f 6184 5837 6185
f 6185 5837 6186
f 6186 5837 5835
f 6186 5835 6187
f 6187 5835 6188
f 6188 5835 5834
f 6188 5834 6189
f 6189 5834 5833
f 6189 5833 6190
f 6190 5833 5832
f 6190 5832 6191
f 6191 5832 6192
f 6192 5832 5857
f 6192 5857 6193
f 6193 5857 5856
f 6193 5856 6194
f 6194 5856 5851
f 6194 5851 6195
f 6195 5851 5850
f 6195 5850 6196
f 6196 5850 5849
f 6196 5849 6197
f 5809 6198 5810
f 5810 6198 6197
f 5810 6197 5811
f 5811 6197 5849
f 5809 5805 6198
f 6198 5805 5804
f 6198 5804 6199
f 6199 5804 5803
f 6199 5803 6200
f 6200 5803 5802
f 6200 5802 6201
f 5801 6202 5802
f 5802 6202 6203
f 5802 6203 6201
f 5800 6204 5801
f 5801 6204 6205
f 5801 6205 6202
f 5791 6206 5800
f 5800 6206 6207
f 5800 6207 6204
f 6173 6208 5794
f 5794 6208 6209
f 5794 6209 5790
f 5790 6209 6210
f 5790 6210 5791
f 5791 6210 6211
f 5791 6211 6206
f 5748 6212 6213
f 5748 6213 5767
f 5767 6213 6177
f 5767 6177 5768
f 6214 5789 5853
f 6214 5853 6215
f 6215 5853 5852
f 6215 5852 6216
f 6216 5852 6217
f 6217 5852 5845
f 6217 5845 6218
f 5842 6219 6220
f 6220 6221 5842
f 5842 6221 6222
f 5842 6222 5843
f 5843 6222 6223
f 6223 6224 5843
f 5843 6224 6225
f 5843 6225 5844
f 5844 6225 6226
f 5844 6226 5845
f 5845 6226 6227
f 5845 6227 6218
f 5841 6228 5842
f 5842 6228 6229
f 5842 6229 6230
f 6230 6231 5842
f 5842 6231 6232
f 5842 6232 6219
f 6233 6234 5841
f 5841 6234 6235
f 5841 6235 6228
f 5839 6236 5840
f 5840 6236 6237
f 5840 6237 5841
f 5841 6237 6238
f 5841 6238 6233
f 5861 6239 5862
f 5862 6239 6240
f 5862 6240 5839
f 5839 6240 6241
f 5839 6241 6236
f 5859 6242 5861
f 5861 6242 6243
f 5861 6243 6239
f 6244 6245 5858
f 5858 6245 6246
f 6246 6247 5858
f 5858 6247 6248
f 5858 6248 6249
f 6249 6250 5858
f 5858 6250 6251
f 5858 6251 6252
f 6252 6253 5858
f 5858 6253 6254
f 5858 6254 5859
f 6254 6255 5859
f 5859 6255 6256
f 5859 6256 6257
f 6257 6258 5859
f 5859 6258 6259
f 5859 6259 6242
f 5860 6180 6260
f 6261 6262 5858
f 5858 6262 6263
f 5858 6263 6244
f 6260 6264 5860
f 5860 6264 6265
f 5860 6265 5858
f 5858 6265 6266
f 5858 6266 6261
f 5746 6267 5747
f 5747 6267 6268
f 5747 6268 5748
f 5748 6268 6212
f 6269 5787 5785
f 6269 5785 6270
f 5785 5783 6270
f 6270 5783 5782
f 6270 5782 6271
f 6271 5782 5789
f 6271 5789 6214
f 5744 6272 6273
f 5744 6273 5742
f 5742 6273 6274
f 5742 6274 5732
f 6274 6275 5732
f 5732 6275 6276
f 5732 6276 5733
f 6267 5746 6277
f 6277 5746 5733
f 6277 5733 6278
f 6278 5733 6276
f 5787 6269 6279
f 5787 6279 5788
f 5788 6279 6280
f 5788 6280 5771
f 6272 5744 5745
f 6272 5745 6281
f 6281 5745 5756
f 6281 5756 6282
f 6282 5756 5758
f 6282 5758 6283
f 6283 5758 5760
f 6283 5760 6284
f 6284 5760 5771
f 6284 5771 6280
f 5722 6285 5718
f 5718 6285 6286
f 5730 5717 6287
f 6287 5717 6288
f 6287 6288 6289
f 6290 6291 6292
f 6292 6291 6293
f 6294 6292 6295
f 6295 6292 6293
f 6295 6293 6296
f 6296 6293 6297
f 6298 6289 6299
f 6298 6299 6300
f 6300 6299 6301
f 6300 6301 6290
f 6290 6301 6302
f 6290 6302 6291
f 6303 5723 6304
f 6304 5723 6305
f 6304 6305 6306
f 6306 6305 5726
f 6307 5722 6308
f 6308 5722 5723
f 6308 5723 6303
f 6309 6285 6310
f 6310 6285 5722
f 6310 5722 6307
f 6311 6312 6313
f 6314 6311 6315
f 6315 6311 6313
f 6315 6313 6316
f 6316 6313 6317
f 6316 6317 6318
f 6318 6317 6285
f 6318 6285 6309
f 6296 6297 6319
f 6319 6297 6320
f 6319 6320 5940
f 5940 6320 5938
f 6321 6322 5895
f 5895 6322 5893
f 6323 6004 6324
f 6324 6004 6003
f 6324 6003 6325
f 6325 6003 6002
f 6325 6002 6326
f 6326 6002 6038
f 6326 6038 6327
f 6327 6038 6037
f 6327 6037 6328
f 6328 6037 6036
f 6328 6036 6329
f 6329 6036 6035
f 6329 6035 6330
f 6330 6035 6034
f 6330 6034 6331
f 6034 5977 6331
f 6331 5977 5976
f 6331 5976 6332
f 6332 5976 5975
f 6332 5975 5954
f 5954 5953 6332
f 6332 5953 5952
f 6332 5952 6333
f 6333 5952 5951
f 6333 5951 5993
f 5993 5992 6333
f 6333 5992 5991
f 6333 5991 6334
f 6334 5991 6027
f 6334 6027 6026
f 5990 5989 6335
f 6026 6025 6334
f 6334 6025 6048
f 6334 6048 6335
f 6335 6048 6047
f 6335 6047 5990
f 5989 5988 6335
f 6335 5988 5987
f 6335 5987 6336
f 6336 5987 6024
f 6336 6024 6023
f 6045 6337 6046
f 6046 6337 6336
f 6046 6336 6022
f 6022 6336 6023
f 6045 6044 6337
f 6337 6044 6043
f 6337 6043 6338
f 6043 6042 6338
f 6338 6042 6033
f 6338 6033 6032
f 6032 6031 6338
f 6338 6031 6001
f 6338 6001 6339
f 6339 6001 6000
f 6339 6000 5999
f 5999 6050 6339
f 6339 6050 6049
f 6339 6049 6340
f 6049 6041 6340
f 6340 6041 6040
f 6340 6040 6341
f 6040 6039 6341
f 6341 6039 6021
f 6341 6021 6020
f 6020 6019 6341
f 6341 6019 5986
f 6341 5986 6342
f 5986 5985 6342
f 6342 5985 5984
f 6342 5984 6018
f 6018 6017 6342
f 6342 6017 6009
f 6342 6009 6008
f 6008 6007 6342
f 6342 6007 5974
f 6342 5974 6343
f 6343 5974 5973
f 5973 5972 6343
f 6343 5972 5950
f 6343 5950 5949
f 5949 5971 6343
f 6343 5971 5970
f 6343 5970 6344
f 6344 5970 5969
f 6344 5969 5968
f 5968 5967 6344
f 6344 5967 5959
f 6344 5959 6345
f 6345 5959 5958
f 6345 5958 5957
f 6004 6323 5978
f 5978 6323 6346
f 5978 6346 5979
f 5979 6346 6347
f 5979 6347 5980
f 5980 6347 6348
f 5980 6348 5947
f 5947 6348 6349
f 5947 6349 5945
f 5945 6349 6350
f 5945 6350 5936
f 6351 5937 6352
f 6352 5937 5935
f 6352 5935 6350
f 6350 5935 5936
f 6353 5928 6354
f 6354 5928 5927
f 6354 5927 6355
f 6355 5927 6356
f 6356 5927 5908
f 6356 5908 6357
f 6357 5908 5907
f 6357 5907 6358
f 6358 5907 5910
f 6358 5910 6359
f 6359 5910 5909
f 6359 5909 6360
f 6360 5909 5906
f 6360 5906 6361
f 6361 5906 5905
f 6361 5905 6362
f 6362 5905 5904
f 6362 5904 6363
f 6363 5904 5903
f 6363 5903 6364
f 6364 5903 6365
f 6365 5903 5912
f 6365 5912 6366
f 6366 5912 5911
f 6366 5911 6367
f 5894 5893 6311
f 6311 5893 6322
f 6311 6322 6312
f 6311 6314 5894
f 5894 6314 6368
f 5894 6368 5898
f 5898 6368 6369
f 5898 6369 5899
f 5899 6369 6370
f 5899 6370 5900
f 5900 6370 6371
f 5900 6371 5901
f 5901 6371 6372
f 5901 6372 5902
f 5902 6372 6373
f 5902 6373 5911
f 5911 6373 6374
f 5911 6374 6367
f 6375 5929 6376
f 6376 5929 5915
f 6376 5915 6377
f 6377 5915 5914
f 5928 6353 5913
f 5913 6353 6378
f 5913 6378 5914
f 5914 6378 6379
f 5914 6379 6377
f 6299 6289 6288
f 6380 6301 6381
f 6381 6301 6299
f 6381 6299 6382
f 6382 6299 6288
f 6297 6293 6320
f 6320 6293 6291
f 6320 6291 6380
f 6380 6291 6302
f 6380 6302 6301
f 6286 6285 6383
f 6383 6285 6317
f 6383 6317 6384
f 6384 6317 6313
f 6384 6313 6385
f 6385 6313 6312
f 6385 6312 6321
f 6321 6312 6322
f 6386 6387 6388
f 6388 6387 6289
f 6388 6289 6298
f 6389 5730 6390
f 6390 5730 6387
f 6390 6387 6391
f 6391 6387 6386
f 6392 6393 5728
f 6392 5728 6394
f 6394 5728 5729
f 6394 5729 6395
f 6395 5729 5730
f 6395 5730 6389
f 6393 6396 5728
f 5728 6396 6397
f 5728 6397 5726
f 5726 6397 6306
f 6319 5940 5939
f 6295 6296 6319
f 5937 6351 5939
f 5939 6351 6398
f 5939 6398 6319
f 6319 6398 6294
f 6319 6294 6295
f 6286 6399 5718
f 5718 6399 5719
f 6400 6401 6288
f 6400 6288 6402
f 5717 5716 6288
f 6288 5716 6403
f 6288 6403 6402
f 6404 6405 6406
f 6406 6405 6407
f 6406 6407 6408
f 6409 6410 6407
f 6407 6410 6411
f 6407 6411 6408
f 6410 6409 6412
f 6410 6412 6413
f 6412 6414 6413
f 6413 6414 6415
f 6413 6415 6416
f 6415 6417 6416
f 6416 6417 6401
f 6416 6401 6418
f 6419 5727 6420
f 6420 5727 5725
f 6420 5725 6421
f 6421 5725 5720
f 6421 5720 6422
f 6422 5720 5719
f 6422 5719 6423
f 6423 5719 6424
f 6424 5719 6399
f 6424 6399 6425
f 6426 6425 6399
f 6427 6428 6429
f 6425 6426 6430
f 6430 6426 6427
f 6430 6427 6431
f 6431 6427 6429
f 6431 6429 6432
f 5942 5938 6433
f 6433 5938 6320
f 6433 6320 6404
f 6404 6320 6405
f 6434 6321 5896
f 5896 6321 5895
f 6345 5957 5956
f 6345 5956 6435
f 5956 5955 6435
f 6435 5955 6006
f 6435 6006 6436
f 5961 5960 6437
f 6006 6005 6436
f 6436 6005 5966
f 6436 5966 5965
f 5965 5964 6436
f 6436 5964 5963
f 6436 5963 6437
f 6437 5963 5962
f 6437 5962 5961
f 6068 6067 6438
f 6068 6438 6060
f 6053 6052 6439
f 5960 6030 6437
f 6437 6030 6029
f 6437 6029 6439
f 6439 6029 6028
f 6439 6028 6053
f 6052 6051 6439
f 6439 6051 6062
f 6439 6062 6438
f 6438 6062 6061
f 6438 6061 6060
f 6073 6440 6074
f 6074 6440 6438
f 6074 6438 6066
f 6066 6438 6067
f 6078 6086 6441
f 6073 6072 6440
f 6440 6072 6080
f 6440 6080 6441
f 6441 6080 6079
f 6441 6079 6078
f 6086 6085 6441
f 6441 6085 6084
f 6441 6084 6442
f 6442 6084 6089
f 6442 6089 6088
f 6093 6443 6094
f 6094 6443 6442
f 6094 6442 6087
f 6087 6442 6088
f 6093 6092 6443
f 6443 6092 6091
f 6443 6091 6444
f 6444 6091 6090
f 6090 6083 6444
f 6444 6083 6082
f 6444 6082 6081
f 6081 6077 6444
f 6444 6077 6076
f 6444 6076 6445
f 6445 6076 6075
f 6069 6446 6070
f 6070 6446 6445
f 6070 6445 6071
f 6071 6445 6075
f 6069 6065 6446
f 6446 6065 6064
f 6446 6064 6063
f 6063 6059 6446
f 6446 6059 6058
f 6446 6058 6447
f 6447 6058 6057
f 6057 6056 6447
f 6447 6056 6055
f 6447 6055 6448
f 6448 6055 6054
f 6448 6054 5983
f 5983 5982 6448
f 6448 5982 6016
f 6448 6016 6449
f 6449 6016 6450
f 6016 6015 6450
f 6450 6015 5998
f 6450 5998 6451
f 6451 5998 5997
f 6451 5997 6452
f 5997 5996 6452
f 6452 5996 6013
f 6452 6013 6453
f 6453 6013 6014
f 6453 6014 6454
f 6454 6014 6012
f 6454 6012 6455
f 6455 6012 6011
f 5994 6456 5995
f 5995 6456 6457
f 5995 6457 6011
f 6011 6457 6458
f 6011 6458 6455
f 6456 5994 6459
f 6459 5994 6010
f 6459 6010 6460
f 6460 6010 5981
f 6460 5981 6461
f 5943 6462 5944
f 5944 6462 6463
f 5944 6463 5946
f 5946 6463 6461
f 5946 6461 5948
f 5948 6461 5981
f 6462 5943 6464
f 6464 5943 5934
f 6464 5934 6465
f 6465 5934 5933
f 6434 5896 5897
f 6428 6434 6429
f 6429 6434 5897
f 6429 5897 6432
f 6432 5897 6466
f 5925 6467 5926
f 5926 6467 6468
f 5926 6468 5897
f 5897 6468 6469
f 5897 6469 6466
f 5924 6470 5925
f 5925 6470 6471
f 5925 6471 6467
f 5921 5920 6472
f 6472 5920 5932
f 6472 5932 6473
f 6472 6474 5921
f 5921 6474 6475
f 5921 6475 5922
f 5922 6475 6476
f 5922 6476 5923
f 5923 6476 6477
f 5923 6477 5924
f 5924 6477 6478
f 5924 6478 6470
f 5931 6479 5932
f 5932 6479 6480
f 5932 6480 6473
f 5918 6481 5919
f 5919 6481 6482
f 5919 6482 5931
f 5931 6482 6483
f 5931 6483 6479
f 5930 5929 6375
f 6481 5918 6484
f 6484 5918 5917
f 6484 5917 6485
f 6485 5917 5916
f 6485 5916 6486
f 6486 5916 5930
f 6486 5930 6487
f 6487 5930 6375
f 6407 6405 6320
f 6381 6414 6380
f 6380 6414 6412
f 6380 6412 6320
f 6320 6412 6409
f 6320 6409 6407
f 6288 6401 6382
f 6382 6401 6417
f 6382 6417 6381
f 6381 6417 6415
f 6381 6415 6414
f 6399 6286 6426
f 6426 6286 6383
f 6426 6383 6427
f 6385 6321 6434
f 6383 6384 6427
f 6427 6384 6385
f 6427 6385 6428
f 6428 6385 6434
f 6403 5716 6488
f 6488 6489 6403
f 6403 6489 6490
f 6403 6490 6491
f 6490 6492 6491
f 6491 6492 6493
f 6491 6493 6400
f 6400 6493 6418
f 6400 6418 6401
f 6419 6494 5727
f 5727 6494 6495
f 5727 6495 6496
f 6496 6495 6497
f 6496 6497 6498
f 6498 6499 6496
f 6496 6499 6500
f 6496 6500 5715
f 5715 6500 6488
f 5715 6488 5716
f 6406 6408 6501
f 6465 5933 6501
f 6501 5933 5941
f 6404 6406 6433
f 6433 6406 6501
f 6433 6501 5942
f 5942 6501 5941
f 6284 6280 6306
f 6284 6306 6283
f 6306 6397 6283
f 6283 6397 6396
f 6283 6396 6282
f 6282 6396 6393
f 6282 6393 6281
f 6393 6392 6281
f 6281 6392 6394
f 6281 6394 6272
f 6272 6394 6395
f 6272 6395 6502
f 6502 6395 6389
f 6260 6180 6375
f 6261 6376 6262
f 6262 6376 6377
f 6261 6266 6376
f 6376 6266 6265
f 6376 6265 6375
f 6375 6265 6264
f 6375 6264 6260
f 6246 6245 6379
f 6379 6245 6244
f 6379 6244 6377
f 6377 6244 6263
f 6377 6263 6262
f 6253 6252 6378
f 6378 6252 6251
f 6378 6251 6250
f 6250 6249 6378
f 6378 6249 6248
f 6378 6248 6379
f 6379 6248 6247
f 6379 6247 6246
f 6353 6258 6257
f 6257 6256 6353
f 6353 6256 6255
f 6353 6255 6378
f 6378 6255 6254
f 6378 6254 6253
f 6243 6242 6354
f 6354 6242 6353
f 6353 6242 6259
f 6353 6259 6258
f 6234 6233 6361
f 6361 6233 6238
f 6361 6238 6360
f 6360 6238 6237
f 6360 6237 6359
f 6354 6355 6243
f 6243 6355 6356
f 6243 6356 6239
f 6239 6356 6357
f 6239 6357 6240
f 6240 6357 6358
f 6240 6358 6241
f 6241 6358 6359
f 6241 6359 6236
f 6236 6359 6237
f 6224 6223 6363
f 6363 6223 6222
f 6363 6222 6362
f 6222 6221 6362
f 6362 6221 6220
f 6362 6220 6219
f 6219 6232 6362
f 6362 6232 6231
f 6362 6231 6230
f 6230 6229 6362
f 6362 6229 6228
f 6362 6228 6361
f 6361 6228 6235
f 6361 6235 6234
f 6224 6363 6225
f 6225 6363 6364
f 6225 6364 6226
f 6226 6364 6365
f 6226 6365 6227
f 6227 6365 6366
f 6227 6366 6218
f 6218 6366 6367
f 6218 6367 6217
f 6370 6214 6371
f 6371 6214 6215
f 6371 6215 6372
f 6372 6215 6216
f 6372 6216 6373
f 6373 6216 6217
f 6373 6217 6374
f 6374 6217 6367
f 6502 6389 6503
f 6503 6389 6390
f 6504 6276 6505
f 6505 6276 6275
f 6505 6275 6503
f 6503 6275 6274
f 6503 6274 6502
f 6502 6274 6273
f 6502 6273 6272
f 6278 6506 6277
f 6277 6506 6507
f 6277 6507 6267
f 6290 6507 6300
f 6300 6507 6506
f 6300 6506 6504
f 6504 6506 6278
f 6504 6278 6276
f 6390 6391 6503
f 6503 6391 6386
f 6503 6386 6505
f 6505 6386 6388
f 6505 6388 6504
f 6504 6388 6298
f 6504 6298 6300
f 6176 6177 6508
f 6176 6508 6175
f 6179 6178 6509
f 6509 6178 6174
f 6509 6174 6175
f 6509 6510 6179
f 6179 6510 6511
f 6179 6511 6169
f 6349 6348 6509
f 6509 6348 6347
f 6509 6347 6510
f 6510 6347 6346
f 6510 6346 6511
f 6511 6346 6323
f 6175 6508 6509
f 6509 6508 6350
f 6509 6350 6349
f 6304 6306 6280
f 6269 6314 6315
f 6269 6315 6279
f 6315 6316 6279
f 6279 6316 6318
f 6279 6318 6309
f 6304 6280 6303
f 6309 6310 6279
f 6279 6310 6307
f 6279 6307 6280
f 6280 6307 6308
f 6280 6308 6303
f 6214 6370 6369
f 6214 6369 6271
f 6271 6369 6368
f 6271 6368 6270
f 6270 6368 6314
f 6270 6314 6269
f 6512 6268 6267
f 6513 6212 6268
f 6268 6512 6513
f 6513 6512 6398
f 6513 6398 6351
f 6267 6507 6512
f 6512 6507 6290
f 6512 6290 6398
f 6398 6290 6292
f 6398 6292 6294
f 6352 6350 6508
f 6213 6212 6513
f 6508 6177 6213
f 6213 6513 6508
f 6508 6513 6351
f 6508 6351 6352
f 6110 6514 6146
f 6146 6514 6488
f 6146 6488 6145
f 6145 6488 6500
f 6145 6500 6144
f 6144 6500 6499
f 6144 6499 6143
f 6143 6499 6498
f 6143 6498 6142
f 6498 6497 6142
f 6142 6497 6495
f 6142 6495 6141
f 6141 6495 6494
f 6141 6494 6419
f 6208 6173 6469
f 6201 6203 6468
f 6468 6203 6202
f 6468 6202 6205
f 6205 6204 6468
f 6468 6204 6207
f 6468 6207 6206
f 6206 6211 6468
f 6468 6211 6210
f 6468 6210 6469
f 6469 6210 6209
f 6469 6209 6208
f 6467 6199 6468
f 6468 6199 6200
f 6468 6200 6201
f 6477 6193 6194
f 6477 6194 6478
f 6478 6194 6195
f 6478 6195 6470
f 6470 6195 6196
f 6470 6196 6471
f 6471 6196 6197
f 6471 6197 6467
f 6467 6197 6198
f 6467 6198 6199
f 6193 6477 6192
f 6192 6477 6476
f 6192 6476 6191
f 6476 6475 6191
f 6191 6475 6474
f 6191 6474 6190
f 6190 6474 6472
f 6190 6472 6189
f 6189 6472 6473
f 6189 6473 6188
f 6188 6473 6480
f 6188 6480 6187
f 6187 6480 6479
f 6187 6479 6186
f 6186 6479 6483
f 6186 6483 6185
f 6185 6483 6482
f 6185 6482 6184
f 6184 6482 6481
f 6184 6481 6183
f 6183 6481 6182
f 6486 6181 6485
f 6485 6181 6182
f 6485 6182 6484
f 6484 6182 6481
f 6486 6487 6181
f 6181 6487 6375
f 6181 6375 6180
f 6515 6516 6104
f 6104 6516 6113
f 6489 6488 6514
f 6489 6514 6490
f 6492 6490 6112
f 6112 6490 6514
f 6112 6514 6111
f 6111 6514 6110
f 6517 6518 6493
f 6493 6518 6418
f 6416 6418 6516
f 6516 6418 6518
f 6516 6518 6113
f 6113 6518 6517
f 6113 6517 6112
f 6112 6517 6493
f 6112 6493 6492
f 6416 6516 6413
f 6413 6516 6515
f 6413 6515 6410
f 6463 6462 6519
f 6099 6098 6520
f 6099 6520 6100
f 6520 6521 6100
f 6100 6521 6522
f 6100 6522 6101
f 6519 6095 6522
f 6522 6095 6102
f 6522 6102 6101
f 6463 6519 6461
f 6461 6519 6522
f 6461 6522 6460
f 6460 6522 6521
f 6460 6521 6459
f 6459 6521 6520
f 6459 6520 6456
f 6431 6432 6166
f 6424 6425 6166
f 6166 6425 6430
f 6166 6430 6431
f 6141 6419 6165
f 6165 6419 6420
f 6420 6421 6165
f 6165 6421 6422
f 6165 6422 6166
f 6166 6422 6423
f 6166 6423 6424
f 6469 6173 6466
f 6466 6173 6172
f 6466 6172 6432
f 6432 6172 6166
f 6465 6501 6523
f 6523 6501 6524
f 6523 6524 6097
f 6097 6524 6103
f 6103 6524 6515
f 6103 6515 6104
f 6410 6515 6411
f 6411 6515 6524
f 6411 6524 6408
f 6408 6524 6501
f 6465 6523 6464
f 6464 6523 6519
f 6464 6519 6462
f 6097 6096 6523
f 6523 6096 6095
f 6523 6095 6519
f 6331 6332 6525
f 6151 6150 6526
f 6526 6150 6149
f 6526 6149 6527
f 6151 6526 6148
f 6148 6526 6525
f 6148 6525 6152
f 6528 6156 6525
f 6525 6156 6153
f 6525 6153 6152
f 6529 6154 6528
f 6528 6154 6155
f 6528 6155 6156
f 6160 6147 6529
f 6529 6147 6157
f 6529 6157 6154
f 6530 6158 6160
f 6163 6162 6531
f 6531 6162 6161
f 6531 6161 6530
f 6530 6161 6159
f 6530 6159 6158
f 6532 6114 6164
f 6163 6531 6164
f 6164 6531 6533
f 6164 6533 6532
f 6532 6533 6344
f 6532 6344 6345
f 6339 6340 6530
f 6530 6340 6341
f 6530 6341 6531
f 6531 6341 6342
f 6531 6342 6533
f 6533 6342 6343
f 6533 6343 6344
f 6160 6529 6530
f 6530 6529 6338
f 6530 6338 6339
f 6334 6335 6528
f 6528 6335 6336
f 6528 6336 6529
f 6529 6336 6337
f 6529 6337 6338
f 6525 6332 6528
f 6528 6332 6333
f 6528 6333 6334
f 6331 6525 6330
f 6330 6525 6526
f 6330 6526 6329
f 6329 6526 6328
f 6328 6526 6527
f 6328 6527 6327
f 6534 6511 6323
f 6323 6324 6534
f 6534 6324 6325
f 6534 6325 6527
f 6527 6325 6326
f 6527 6326 6327
f 6149 6171 6527
f 6527 6171 6170
f 6527 6170 6534
f 6534 6170 6167
f 6534 6167 6511
f 6511 6167 6168
f 6511 6168 6169
f 6535 6106 6107
f 6535 6107 6536
f 6107 6108 6536
f 6536 6108 6109
f 6536 6109 6537
f 6537 6109 6134
f 6537 6134 6133
f 6520 6098 6535
f 6535 6098 6105
f 6535 6105 6106
f 6454 6455 6535
f 6535 6455 6458
f 6535 6458 6520
f 6520 6458 6457
f 6520 6457 6456
f 6537 6451 6536
f 6536 6451 6452
f 6536 6452 6535
f 6535 6452 6453
f 6535 6453 6454
f 6447 6448 6538
f 6538 6448 6449
f 6538 6449 6537
f 6537 6449 6450
f 6537 6450 6451
f 6447 6538 6446
f 6446 6538 6539
f 6446 6539 6445
f 6445 6539 6444
f 6444 6539 6540
f 6444 6540 6443
f 6438 6440 6541
f 6541 6440 6441
f 6541 6441 6540
f 6540 6441 6442
f 6540 6442 6443
f 6438 6541 6439
f 6439 6541 6542
f 6439 6542 6437
f 6437 6542 6543
f 6437 6543 6436
f 6436 6543 6435
f 6435 6543 6532
f 6435 6532 6345
f 6121 6120 6543
f 6543 6120 6119
f 6543 6119 6118
f 6118 6117 6543
f 6543 6117 6116
f 6543 6116 6532
f 6532 6116 6115
f 6532 6115 6114
f 6542 6127 6126
f 6124 6123 6543
f 6543 6123 6122
f 6543 6122 6121
f 6542 6126 6543
f 6543 6126 6125
f 6543 6125 6124
f 6127 6542 6128
f 6128 6542 6541
f 6128 6541 6129
f 6129 6541 6130
f 6130 6541 6540
f 6130 6540 6131
f 6539 6137 6136
f 6539 6136 6540
f 6540 6136 6132
f 6540 6132 6131
f 6133 6135 6537
f 6537 6135 6140
f 6537 6140 6538
f 6538 6140 6139
f 6538 6139 6539
f 6539 6139 6138
f 6539 6138 6137

