# https://github.com/mikedh/trimesh

o left_shoulder_yaw_link.STL
v -0.02621239 -0.05359276 0.00007611
v 0.02247830 -0.05359251 0.00007621
v 0.02247830 -0.05258963 0.00001044
v -0.02621239 -0.05258964 0.00001033
v 0.02247830 -0.05125489 -0.00000284
v -0.02621250 -0.05125485 -0.00000297
v -0.03100986 -0.00421864 0.00000500
v -0.03048444 -0.00933775 0.00000014
v -0.02400000 0.00000000 0.00000084
v 0.03310637 0.02928302 0.00000350
v 0.03198625 0.03157387 0.00000169
v 0.03290650 0.02336478 0.00000269
v 0.02400000 0.03157385 0.00000328
v 0.03249504 0.00810894 0.00000156
v 0.02400000 -0.00000001 0.00000095
v 0.03234475 0.00392301 0.00000337
v 0.03195464 -0.00244758 0.00000078
v 0.02335083 -0.04056416 -0.00000205
v -0.02691651 -0.03086734 -0.00000145
v -0.02641084 -0.03615721 0.00000534
v 0.02275261 -0.04528696 -0.00000240
v -0.02708941 -0.02958210 -0.00000135
v 0.02428053 -0.03615730 0.00000441
v -0.02818152 -0.02303301 -0.00000087
v -0.03172886 0.00723837 0.00000136
v -0.03157469 0.00392394 0.00000393
v -0.03131653 -0.00013985 0.00000081
v -0.02628404 -0.03837300 -0.00000200
v -0.02620392 -0.04352662 -0.00000238
v 0.02249058 -0.05026204 -0.00000277
v 0.02810775 -0.02303666 -0.00000075
v 0.02854504 -0.02152744 -0.00000063
v -0.03096011 0.03157370 0.00000219
v -0.03214986 0.02928299 0.00000298
v -0.02400000 0.03157372 0.00000317
v -0.03213740 0.02717006 0.00000283
v -0.03189926 0.01217855 0.00000172
v -0.02937996 -0.01653835 -0.00000039
v 0.02510881 -0.03305470 -0.00000149
v 0.02721107 -0.02601618 -0.00000097
v 0.02884244 -0.02046653 -0.00000055
v 0.03024084 -0.01479712 -0.00000013
v 0.03121774 -0.00933844 0.00000027
v 0.03137446 -0.00819925 0.00000036
v -0.02621247 -0.10923951 0.03187579
v 0.02247824 -0.10923951 0.03187590
v -0.02621247 -0.10742825 0.03082676
v 0.02247824 -0.10742832 0.03082692
v 0.01364901 -0.10165308 -0.01521708
v 0.01288089 -0.10397057 -0.01305423
v 0.00720765 -0.10410657 -0.01488377
v 0.01614881 -0.06784000 -0.02495144
v 0.01570646 -0.06136538 -0.02517027
v 0.01769313 -0.06125103 -0.02308608
v 0.01853272 -0.08706239 -0.02091680
v 0.01615668 -0.08723290 -0.02248970
v 0.01649696 -0.08081807 -0.02382908
v 0.02023744 -0.05464052 -0.01835000
v 0.02068926 -0.06100589 -0.01825276
v 0.01937969 -0.06113219 -0.02077545
v 0.00060369 -0.11246342 0.00247300
v 0.00134325 -0.11239850 0.00217123
v 0.00060255 -0.11324019 0.00730628
v 0.00250999 -0.10776569 -0.01038175
v 0.00541240 -0.10787433 -0.00973447
v 0.00444096 -0.10937077 -0.00691801
v 0.00059913 -0.10176072 -0.01838722
v 0.00136352 -0.10385076 -0.01611769
v 0.00059924 -0.10430549 -0.01558171
v 0.02317620 -0.04109019 -0.00500140
v 0.02410646 -0.03615905 -0.00507179
v 0.02193506 -0.03615623 -0.01707540
v 0.02202074 -0.03615630 -0.01682592
v 0.02137383 -0.04173949 -0.01639220
v 0.02283683 -0.03615725 -0.01395169
v 0.02036234 -0.04186118 -0.01909656
v 0.02086530 -0.03615620 -0.01964652
v 0.01725723 -0.04200692 -0.02387890
v 0.01960642 -0.03615742 -0.02180721
v 0.01898510 -0.04194890 -0.02161466
v 0.01337354 -0.03615790 -0.02792531
v 0.01570156 -0.03615729 -0.02611182
v 0.01528110 -0.04205097 -0.02589630
v 0.01601030 -0.03615719 -0.02583935
v 0.01791236 -0.03615860 -0.02394737
v 0.01079627 -0.04211023 -0.02921349
v 0.01112658 -0.03615707 -0.02932863
v 0.00821265 -0.04859754 -0.03032927
v 0.00805329 -0.03615400 -0.03075413
v 0.01077194 -0.03615684 -0.02952164
v 0.00290192 -0.04858174 -0.03180243
v 0.00239390 -0.03615767 -0.03200595
v 0.00530104 -0.03615927 -0.03157423
v 0.00060283 -0.05175854 -0.03188007
v 0.00060374 -0.03615743 -0.03207194
v 0.00302027 -0.06160944 -0.03138336
v 0.00060227 -0.06215453 -0.03149905
v 0.00306513 -0.06813510 -0.03091589
v 0.00060016 -0.06939600 -0.03093239
v 0.00297926 -0.07463992 -0.03014827
v 0.00060043 -0.07531752 -0.03016369
v 0.00267581 -0.08108164 -0.02894321
v 0.00059891 -0.08047032 -0.02917334
v 0.00059855 -0.08502837 -0.02795873
v 0.00208597 -0.08739799 -0.02712292
v 0.00059891 -0.08729878 -0.02720337
v 0.00117356 -0.09344976 -0.02448049
v 0.00059835 -0.09260822 -0.02492820
v 0.00059891 -0.08903504 -0.02654527
v 0.00059845 -0.09584007 -0.02308842
v 0.00412536 -0.09364958 -0.02413068
v 0.00059917 -0.09897900 -0.02085451
v 0.00288804 -0.09918233 -0.02058326
v 0.00059919 -0.09906824 -0.02078323
v 0.00215813 -0.10163579 -0.01845838
v 0.00429136 -0.10404538 -0.01559309
v 0.00060052 -0.10656849 -0.01246214
v 0.00060150 -0.10841176 -0.00927675
v 0.00060142 -0.10991421 -0.00601546
v 0.00343296 -0.11061528 -0.00397674
v 0.00060159 -0.11047314 -0.00457604
v 0.00060239 -0.11137560 -0.00186425
v 0.02247829 -0.11288217 0.00799611
v 0.02247829 -0.11313431 0.00921946
v 0.01776861 -0.11289882 0.00714714
v 0.02247828 -0.11331740 0.01029973
v 0.01507802 -0.11369574 0.01529043
v 0.01560635 -0.11365833 0.01336761
v 0.02002441 -0.11369574 0.01529041
v 0.02180231 -0.11356974 0.01234435
v 0.02086315 -0.11369574 0.01529040
v 0.02247834 -0.11369588 0.01529040
v 0.02247828 -0.11349782 0.01167417
v 0.02247833 -0.10419178 -0.00792021
v 0.02247832 -0.10653478 -0.00526901
v 0.02218239 -0.10606158 -0.00601663
v 0.02247831 -0.10865249 -0.00227040
v 0.02147640 -0.10800041 -0.00375301
v 0.02247831 -0.11042314 0.00094073
v 0.02066916 -0.10966097 -0.00128366
v 0.02247830 -0.11185968 0.00442024
v 0.01977226 -0.11103246 0.00137159
v 0.02245400 -0.08676151 -0.01725415
v 0.02247834 -0.08890256 -0.01674534
v 0.02239340 -0.08992050 -0.01655742
v 0.02247834 -0.09223320 -0.01569179
v 0.02223789 -0.09299820 -0.01562836
v 0.02247834 -0.09552096 -0.01424978
v 0.02197953 -0.09595831 -0.01445697
v 0.02247833 -0.09862264 -0.01246664
v 0.02161355 -0.09876645 -0.01303906
v 0.02232128 -0.08032577 -0.01804793
v 0.02247835 -0.08193737 -0.01777849
v 0.02247834 -0.08543295 -0.01744920
v 0.02247834 -0.07105478 -0.01639873
v 0.02247835 -0.07463655 -0.01726195
v 0.02189810 -0.07384894 -0.01829728
v 0.02247835 -0.07832611 -0.01772523
v 0.02116950 -0.05451914 -0.01562910
v 0.02247833 -0.06128633 -0.01158073
v 0.02161733 -0.06087383 -0.01558447
v 0.02247833 -0.06436340 -0.01354490
v 0.02247832 -0.05596464 -0.00680541
v 0.02247833 -0.05847771 -0.00931996
v 0.02217637 -0.05424011 -0.01001228
v 0.02247576 -0.05392664 -0.00438768
v 0.02256085 -0.04752701 -0.00453673
v 0.02247831 -0.05372562 -0.00402216
v 0.02247831 -0.05178233 -0.00097578
v 0.00909863 -0.11369574 0.01529045
v 0.01027159 -0.11357594 0.01154370
v 0.01250560 -0.11269906 0.00521733
v 0.01879989 -0.11211068 0.00419016
v 0.01463509 -0.11081421 -0.00074334
v 0.01562436 -0.10946467 -0.00352261
v 0.01654671 -0.10784193 -0.00613586
v 0.01739161 -0.10595249 -0.00856152
v 0.01815027 -0.10380856 -0.01078058
v 0.01881576 -0.10142770 -0.01277724
v 0.02064948 -0.08690031 -0.01916883
v 0.02047962 -0.09004726 -0.01836839
v 0.02021441 -0.09310944 -0.01733498
v 0.01984953 -0.09604928 -0.01605962
v 0.01938312 -0.09883232 -0.01453947
v 0.02247833 -0.10152977 -0.01034595
v 0.02247834 -0.06765889 -0.01516725
v 0.02044685 -0.07400853 -0.02058859
v 0.02105698 -0.04815333 -0.01591452
v 0.02215130 -0.04786168 -0.01024320
v 0.02260067 -0.04143213 -0.01073658
v 0.02354467 -0.03615810 -0.01024431
v 0.01646394 -0.07433418 -0.02456964
v 0.01861318 -0.07417223 -0.02268400
v 0.01875515 -0.08064944 -0.02209361
v 0.02071680 -0.08048218 -0.02016281
v 0.01348237 -0.06147056 -0.02701940
v 0.01531550 -0.05491733 -0.02536593
v 0.01726354 -0.05483463 -0.02325751
v 0.01893233 -0.05474513 -0.02091558
v 0.02009628 -0.04827103 -0.01864636
v 0.01068108 -0.04857484 -0.02904133
v 0.01876697 -0.04836162 -0.02120761
v 0.01708290 -0.04842896 -0.02352962
v 0.01513830 -0.04848605 -0.02561043
v 0.01106129 -0.06155513 -0.02861028
v 0.01384130 -0.06797162 -0.02672938
v 0.00633780 -0.10611973 -0.01239850
v 0.00561172 -0.04860053 -0.03126383
v 0.00848374 -0.06160976 -0.02989932
v 0.00579029 -0.06162849 -0.03083668
v 0.00866422 -0.06814323 -0.02949188
v 0.00589373 -0.06816351 -0.03039025
v 0.00870788 -0.07467175 -0.02882062
v 0.00586462 -0.07468633 -0.02965883
v 0.00849971 -0.08116009 -0.02773328
v 0.00560264 -0.08115850 -0.02849979
v 0.00796149 -0.08755791 -0.02603518
v 0.00503360 -0.08752473 -0.02672863
v 0.00706866 -0.09373266 -0.02350412
v 0.00583179 -0.09932245 -0.02001395
v 0.01203702 -0.10604332 -0.01068044
v 0.01112575 -0.10786027 -0.00811564
v 0.01015632 -0.10941625 -0.00538258
v 0.00913861 -0.11071181 -0.00250591
v 0.00699965 -0.11255034 0.00357618
v 0.00479126 -0.11348264 0.00993263
v 0.00060336 -0.11362499 0.01206963
v 0.00300457 -0.11369574 0.01529047
v 0.00060488 -0.11369693 0.01529048
v 0.01132993 -0.06807671 -0.02825633
v 0.01406193 -0.07448297 -0.02623689
v 0.01145846 -0.07460054 -0.02766607
v 0.01400079 -0.08097348 -0.02536184
v 0.01131708 -0.08109382 -0.02667439
v 0.01357202 -0.08739085 -0.02388070
v 0.01082400 -0.08750737 -0.02507328
v 0.01276570 -0.09359984 -0.02155476
v 0.00996309 -0.09370893 -0.02263255
v 0.01159108 -0.09925227 -0.01826307
v 0.00874506 -0.09933706 -0.01922747
v 0.00801285 -0.10184114 -0.01716664
v 0.01543436 -0.09343781 -0.02030351
v 0.01493070 -0.09635951 -0.01885022
v 0.01433421 -0.09910813 -0.01715286
v 0.01827968 -0.09020692 -0.02002273
v 0.01793113 -0.09326355 -0.01889492
v 0.01748536 -0.09619146 -0.01752482
v 0.01694294 -0.09895497 -0.01591066
v 0.02247826 -0.11325122 0.02069614
v -0.02621246 -0.11160076 0.02687763
v 0.02247825 -0.11160077 0.02687773
v -0.02621245 -0.11325122 0.02069603
v -0.02621251 -0.11369598 0.01529039
v -0.02407838 -0.11369599 0.01528868
v -0.02334623 -0.11369570 0.01528853
v -0.01801291 -0.11369590 0.01528969
v -0.01178397 -0.11369573 0.01529009
v 0.02247830 -0.05488786 0.00041924
v 0.02247824 -0.05525096 0.00060732
v 0.02247831 -0.05712708 -0.00223792
v 0.02247832 -0.05933137 -0.00485662
v 0.02247832 -0.06182894 -0.00720278
v 0.02247833 -0.06466205 -0.00929293
v 0.02247833 -0.06744426 -0.01088790
v 0.02247833 -0.07065003 -0.01226748
v 0.02247826 -0.10946531 0.02030877
v 0.02247828 -0.10948009 0.01035559
v 0.02247828 -0.10984976 0.01360701
v 0.02247827 -0.10985143 0.01695074
v 0.02247826 -0.10871625 0.02352948
v 0.02247825 -0.10760692 0.02665014
v 0.02247824 -0.10619360 0.02955184
v 0.02247821 -0.10595425 0.02997318
v 0.02247830 -0.10870939 0.00702823
v 0.02247830 -0.10754687 0.00378829
v 0.02247830 -0.10600513 0.00069513
v 0.02247831 -0.10407361 -0.00224374
v 0.02247832 -0.10182999 -0.00490305
v 0.02247832 -0.09920191 -0.00734715
v 0.02247833 -0.09646413 -0.00934377
v 0.02247833 -0.09350740 -0.01101410
v 0.02247834 -0.09052882 -0.01227660
v 0.02247834 -0.08729892 -0.01323438
v 0.02247834 -0.08403475 -0.01380806
v 0.02247833 -0.08066288 -0.01400996
v 0.02247834 -0.07728779 -0.01382184
v 0.02247834 -0.07392342 -0.01323819
v -0.02621179 -0.05257594 -0.00230911
v -0.02621286 -0.10960194 -0.00065519
v -0.02621239 -0.11110157 0.00244417
v -0.02621253 -0.11225323 0.00562630
v -0.02621375 -0.11268268 0.00716661
v -0.02621224 -0.08942360 -0.01660580
v -0.02621250 -0.09019885 -0.01638142
v -0.02621249 -0.06844955 0.04380866
v -0.02621260 -0.09055676 -0.01627087
v -0.02621293 -0.09385236 -0.01503606
v -0.02621459 -0.11301663 0.00862415
v -0.02621404 -0.11350715 0.01176964
v -0.02621272 -0.05707643 -0.00798468
v -0.02621267 -0.05974132 -0.01040053
v -0.02621213 -0.06260800 -0.01248433
v -0.02621245 -0.07985670 -0.01779481
v -0.02621250 -0.07627002 -0.01751864
v -0.02621224 -0.07254118 -0.01680663
v -0.02621245 -0.05048318 0.02262641
v -0.02621244 -0.04960329 0.01549664
v -0.02621247 -0.10653152 0.03228112
v -0.02621200 -0.06587132 -0.01434443
v -0.02621200 -0.06920074 -0.01577770
v -0.02621242 -0.05038814 0.00835579
v -0.02621240 -0.05279557 0.00158733
v -0.02621222 -0.08327861 -0.01769394
v -0.02621154 -0.08696610 -0.01718502
v -0.02621154 -0.08708028 -0.01716246
v -0.02621177 -0.05466023 -0.00525925
v -0.02621213 -0.09718923 -0.01334734
v -0.02621168 -0.10022354 -0.01135866
v -0.02621203 -0.10290212 -0.00916003
v -0.02621249 -0.10192439 0.03779312
v -0.02621249 -0.09617223 0.04209666
v -0.02621250 -0.08958395 0.04496064
v -0.02621217 -0.10555400 -0.00644778
v -0.02621266 -0.10780776 -0.00355270
v -0.02621249 -0.06221158 0.04024556
v -0.02621249 -0.05696127 0.03534230
v -0.02621246 -0.05298054 0.02936220
v -0.02621251 -0.08251335 0.04623125
v -0.02621250 -0.07534014 0.04584026
v -0.00452521 -0.00421860 -0.03226799
v -0.00494385 -0.01926581 -0.03194618
v -0.00810927 -0.01943552 -0.03136290
v -0.00015441 -0.03615734 -0.03206315
v -0.00349581 -0.03615631 -0.03181776
v -0.00136567 -0.02776427 -0.03211549
v -0.00654229 -0.03615486 -0.03124562
v -0.00458249 -0.02790958 -0.03179758
v -0.00960850 -0.03615530 -0.03027771
v -0.00770651 -0.02806678 -0.03113595
v -0.01243174 -0.03615975 -0.02899112
v -0.01070604 -0.02823353 -0.03010791
v -0.01533138 -0.03616076 -0.02721556
v -0.01354507 -0.02840674 -0.02872241
v -0.01792816 -0.03615889 -0.02516308
v -0.01618991 -0.02858273 -0.02701452
v -0.01996080 -0.03615772 -0.02317271
v -0.01860807 -0.02875768 -0.02503648
v -0.02176377 -0.03615784 -0.02095365
v -0.02076699 -0.02892498 -0.02283810
v -0.02316627 -0.03615864 -0.01867220
v -0.02260113 -0.02907903 -0.02042242
v -0.02427911 -0.03615867 -0.01617453
v -0.02406559 -0.02921745 -0.01779482
v -0.02515553 -0.03615800 -0.01331161
v -0.02517102 -0.02933809 -0.01498731
v -0.02580554 -0.03615726 -0.00990187
v -0.02596081 -0.02943891 -0.01204155
v -0.02623199 -0.03615682 -0.00574704
v -0.02683470 -0.02957553 -0.00590912
v 0.00060328 -0.02767890 -0.03216431
v 0.00060314 -0.02602253 -0.03218309
v 0.00060247 -0.01557606 -0.03230011
v 0.00060240 -0.00510138 -0.03242007
v 0.00060221 -0.00421850 -0.03243067
v -0.01116199 -0.01960909 -0.03042758
v -0.00982056 -0.00421850 -0.03145722
v -0.00799430 -0.00421853 -0.03183570
v -0.01760067 -0.01129697 -0.02784816
v -0.01443410 -0.00421850 -0.02992986
v -0.01478430 -0.01111788 -0.02943603
v -0.01117405 -0.00421847 -0.03109897
v -0.01179286 -0.01094187 -0.03067401
v -0.02466410 -0.01184497 -0.02128160
v -0.02278545 -0.00421846 -0.02439661
v -0.02259420 -0.01166491 -0.02376193
v -0.02014821 -0.00421839 -0.02661441
v -0.02021442 -0.01147987 -0.02594647
v -0.01890308 -0.00421843 -0.02749125
v -0.01740099 -0.00421848 -0.02842990
v -0.02765538 -0.01215780 -0.01557190
v -0.02658646 -0.00421887 -0.01971903
v -0.02635331 -0.01201099 -0.01853214
v -0.02615157 -0.00421883 -0.02040157
v -0.02478477 -0.00421866 -0.02224835
v -0.02860830 -0.01228340 -0.01245997
v -0.02906182 -0.00421861 -0.01423425
v -0.02797382 -0.00421888 -0.01707911
v -0.03092836 -0.00421902 -0.00324948
v -0.03054180 -0.00421891 -0.00741368
v -0.02971115 -0.01247162 -0.00598933
v -0.02991849 -0.00421858 -0.01102832
v -0.02959008 -0.00421854 -0.01241025
v -0.02822425 -0.02100265 -0.00602305
v -0.02720260 -0.02085533 -0.01233736
v -0.02631748 -0.02074940 -0.01537059
v -0.02510278 -0.02062231 -0.01825690
v -0.02351864 -0.02047574 -0.02094531
v -0.02156374 -0.02031315 -0.02338986
v -0.01929621 -0.02014009 -0.02557358
v -0.01678623 -0.01996280 -0.02750107
v -0.01406512 -0.01978529 -0.02913313
v 0.03073975 -0.01138534 -0.00579701
v 0.02967400 -0.01650341 -0.00547529
v 0.02857020 -0.01677745 -0.01186850
v 0.03156606 0.00392571 -0.00911399
v 0.03197572 0.00392461 -0.00632191
v 0.03178101 -0.00093174 -0.00621829
v 0.02682433 -0.02660173 -0.00462479
v 0.03210316 0.00392423 -0.00508906
v 0.03143068 -0.00619245 -0.00604307
v 0.03067354 0.00392541 -0.01295709
v 0.03057811 -0.00108269 -0.01271172
v 0.02956660 0.00392044 -0.01617895
v 0.02923841 -0.00641625 -0.01565423
v 0.02787377 -0.00640643 -0.01864418
v 0.02863142 0.00391713 -0.01826156
v 0.02823354 0.00391685 -0.01902990
v 0.02616418 -0.00636343 -0.02143907
v 0.02670634 0.00392022 -0.02150933
v 0.02408301 -0.00629195 -0.02395676
v 0.02501765 0.00392410 -0.02361295
v 0.02163077 -0.00619345 -0.02612524
v 0.02291723 0.00391994 -0.02560239
v 0.01892630 -0.00607087 -0.02797145
v 0.02072153 0.00392204 -0.02724456
v 0.01602948 -0.00592766 -0.02950806
v 0.01812067 0.00392413 -0.02879756
v 0.01297443 -0.00576856 -0.03072044
v 0.01517697 0.00392404 -0.03014945
v 0.00980467 -0.00559878 -0.03159511
v 0.01209152 0.00392553 -0.03118677
v 0.00878360 0.00392563 -0.03193480
v 0.00654884 -0.00542231 -0.03213662
v 0.00696128 0.00392492 -0.03220519
v 0.00060165 0.00392349 -0.03252600
v 0.00512884 0.00392403 -0.03238696
v 0.00060437 -0.00014715 -0.03247735
v 0.00842858 -0.02650449 -0.03098288
v 0.00537469 -0.02630871 -0.03176240
v 0.00224547 -0.02612069 -0.03213751
v 0.01136647 -0.02669467 -0.02981459
v 0.01415002 -0.02686438 -0.02830289
v 0.01905430 -0.02708146 -0.02447946
v 0.01672747 -0.02699723 -0.02651008
v 0.02107827 -0.02711867 -0.02220524
v 0.02272785 -0.02712284 -0.01965307
v 0.02403594 -0.02709642 -0.01687407
v 0.02505888 -0.02703517 -0.01393506
v 0.02584207 -0.02693423 -0.01088933
v 0.02052831 -0.01671382 -0.02541078
v 0.01795159 -0.01659930 -0.02732622
v 0.01516137 -0.01645063 -0.02896442
v 0.01219927 -0.01627616 -0.03029899
v 0.00911338 -0.01608668 -0.03129585
v 0.00593766 -0.01589174 -0.03194053
v 0.00271187 -0.01570049 -0.03224934
v 0.02761369 -0.01684085 -0.01495316
v 0.02635613 -0.01686006 -0.01791195
v 0.02477366 -0.01684209 -0.02068805
v 0.02283392 -0.01679305 -0.02320793
v 0.03027417 -0.00638642 -0.01253049
v 0.02961225 -0.01162180 -0.01224727
v 0.02860380 -0.01166647 -0.01535446
v 0.02727413 -0.01166768 -0.01833034
v 0.02560627 -0.01163289 -0.02111579
v 0.02357339 -0.01156810 -0.02363286
v 0.03063302 0.02928231 -0.01550921
v 0.03045743 0.02928212 -0.01591046
v 0.02944413 0.03157404 -0.01533876
v 0.00060260 0.02928292 -0.03280375
v 0.00059590 0.03157413 -0.03165068
v 0.00417033 0.02928282 -0.03267551
v 0.00521107 0.03157414 -0.03133661
v 0.00588681 0.02928286 -0.03248822
v 0.01303275 0.02928362 -0.03079367
v 0.01114340 0.02928303 -0.03138257
v 0.01074156 0.03157415 -0.03016508
v 0.00949977 0.02928301 -0.03181310
v 0.00704264 0.02928304 -0.03231348
v 0.01615386 0.02928307 -0.02958395
v 0.01563939 0.03157415 -0.02839748
v 0.01904245 0.02928384 -0.02813903
v 0.01991127 0.03157413 -0.02612178
v 0.02171090 0.02928203 -0.02645450
v 0.02361622 0.03157411 -0.02330854
v 0.02436190 0.02928129 -0.02432912
v 0.02406660 0.03157410 -0.02289047
v 0.02646285 0.02928250 -0.02217946
v 0.02708221 0.03157408 -0.01943242
v 0.02761559 0.02928205 -0.02074997
v 0.02928091 0.02928276 -0.01821961
v 0.03150111 0.02928435 -0.01318650
v 0.03091556 0.03157399 -0.01112503
v 0.03197868 0.02928341 -0.01153615
v 0.03236796 0.02928224 -0.00981794
v 0.03172799 0.03157394 -0.00645690
v 0.03289090 0.02928385 -0.00612653
v 0.03310220 0.02928304 -0.00174712
v -0.03079480 0.03157374 -0.00352840
v -0.03197739 0.02928223 -0.00367994
v -0.02899697 0.02928277 -0.01481535
v -0.02942139 0.02928291 -0.01388140
v -0.02828552 0.03157386 -0.01335736
v -0.03024541 0.02928353 -0.01177368
v -0.02992923 0.03157379 -0.00856863
v -0.03117230 0.02928237 -0.00859971
v -0.03178988 0.02928232 -0.00529479
v -0.02282280 0.02928468 -0.02342901
v -0.02368447 0.02928317 -0.02255569
v -0.02275114 0.03157395 -0.02170798
v -0.02505868 0.02928309 -0.02100679
v -0.02589794 0.03157390 -0.01773912
v -0.02698711 0.02928216 -0.01839851
v -0.02863314 0.02928285 -0.01555522
v -0.01436180 0.03157405 -0.02795758
v -0.01648818 0.02928360 -0.02817716
v -0.01902463 0.03157401 -0.02504971
v -0.01936829 0.02928345 -0.02632301
v -0.02198993 0.02928475 -0.02421050
v -0.00938193 0.03157410 -0.03001409
v -0.01354629 0.02928242 -0.02967197
v -0.01494248 0.02928284 -0.02900716
v -0.00443758 0.03157412 -0.03123431
v -0.00692726 0.02928141 -0.03192422
v -0.01026208 0.02928051 -0.03096435
v -0.00311637 0.02928225 -0.03259827
v -0.00355581 0.02928196 -0.03254379
v -0.00462655 0.02928151 -0.03238553
v 0.00020857 0.02928338 -0.03281070
v -0.01213124 0.03157398 -0.02070828
v -0.00628493 0.03157402 -0.02316246
v 0.00000005 0.03157406 -0.02400000
v 0.00628503 0.03157406 -0.02316244
v 0.01213134 0.03157405 -0.02070823
v 0.01713093 0.03157402 -0.01680866
v 0.02093485 0.03157397 -0.01173593
v 0.02327761 0.03157391 -0.00584407
v -0.01713086 0.03157392 -0.01680874
v -0.02327758 0.03157379 -0.00584418
v -0.02093481 0.03157386 -0.01173602
v -0.03163110 0.01651149 -0.00610280
v -0.03137268 0.00392431 -0.00464207
v -0.03111221 0.00392387 -0.00703076
v -0.03086091 0.00392320 -0.00867109
v -0.02781268 0.00392409 -0.01822591
v -0.02851898 0.00392378 -0.01676977
v -0.02905443 0.01631306 -0.01546554
v -0.02755716 0.01627398 -0.01833400
v -0.02569019 0.01622285 -0.02099216
v -0.02617303 0.00392392 -0.02086175
v -0.02347879 0.01616987 -0.02340872
v -0.02098213 0.01613662 -0.02557070
v -0.02427278 0.00392386 -0.02316649
v -0.02204295 0.00392407 -0.02528893
v -0.01824496 0.01612216 -0.02744684
v -0.01945341 0.00392413 -0.02725160
v -0.01652394 0.00392395 -0.02899459
v -0.01532004 0.01612733 -0.02902650
v -0.01463191 0.00392420 -0.02988687
v -0.01224560 0.01614611 -0.03030365
v -0.01339228 0.00392436 -0.03038390
v -0.01016816 0.00392436 -0.03139322
v -0.00905732 0.01617364 -0.03129644
v -0.00674495 0.00392430 -0.03207479
v -0.00578215 0.01620766 -0.03201384
v 0.00060188 0.01617615 -0.03259467
v -0.00244086 0.01624946 -0.03245066
v -0.00309763 0.00392488 -0.03243892
v -0.00565228 0.00392442 -0.03221905
v -0.03021821 0.01636080 -0.01244673
v -0.03106896 0.01642643 -0.00931603
v -0.02901706 0.00392315 -0.01556270
v -0.03005220 0.00392213 -0.01236169
v 0.01028665 0.01583527 -0.03147651
v 0.01351933 0.01574378 -0.03056246
v 0.00696257 0.01594305 -0.03211131
v 0.01663645 0.01567773 -0.02935237
v 0.01959947 0.01564893 -0.02782336
v 0.02235199 0.01566443 -0.02597932
v 0.02483109 0.01572653 -0.02381749
v 0.02695751 0.01580516 -0.02133360
v 0.02871900 0.01590354 -0.01858274
v 0.03012851 0.01602955 -0.01562484
v 0.03120283 0.01618233 -0.01250743
v 0.03196339 0.01635757 -0.00926862
v 0.03243992 0.01655298 -0.00594127
v -0.00488295 -0.00014885 -0.03227985
v -0.00988440 -0.00014847 -0.03148702
v -0.03088970 -0.00015115 -0.00701386
v -0.02986972 -0.00015203 -0.01240003
v -0.02839267 -0.00014923 -0.01674968
v -0.02636687 -0.00014823 -0.02046123
v -0.02351286 -0.00014792 -0.02390599
v -0.02281607 -0.00014783 -0.02457821
v -0.01902996 -0.00014773 -0.02754186
v -0.01462920 -0.00014784 -0.02992091
v -0.01924070 -0.09351204 -0.01983445
v -0.01640535 -0.09368412 -0.02100047
v -0.01589245 -0.09658215 -0.01943239
v -0.01840202 -0.11366472 0.01354502
v -0.02026646 -0.11290795 0.00710905
v -0.01456104 -0.11274652 0.00542188
v -0.02569580 -0.06134667 -0.01481909
v -0.02616972 -0.06135925 -0.01204419
v -0.02582181 -0.05492995 -0.01158395
v -0.02435137 -0.05492128 -0.01724663
v -0.02397098 -0.04848295 -0.01720127
v -0.02259254 -0.04849285 -0.01987076
v -0.02494437 -0.04847933 -0.01435870
v -0.01639768 -0.04858376 -0.02640796
v -0.01872912 -0.04854402 -0.02447473
v -0.02620963 -0.05493971 -0.00578695
v -0.02461172 -0.08076100 -0.01999475
v -0.02612253 -0.08070535 -0.01795503
v -0.02580370 -0.07425171 -0.01811438
v -0.02437478 -0.09023701 -0.01811950
v -0.02452641 -0.08712587 -0.01896101
v -0.02620677 -0.09019788 -0.01638805
v -0.02610141 -0.09323435 -0.01540638
v -0.02591267 -0.09615709 -0.01417443
v -0.02563344 -0.09893464 -0.01268968
v -0.02572300 -0.11311511 0.00904953
v -0.02489142 -0.11355517 0.01214641
v -0.00078816 -0.11343378 0.00919620
v -0.00258886 -0.11248824 0.00271393
v -0.00437335 -0.11071545 -0.00357118
v -0.00609196 -0.10799558 -0.00947137
v 0.00020217 -0.10777678 -0.01045414
v -0.00261010 -0.09946377 -0.02033787
v -0.00197566 -0.10190319 -0.01816391
v -0.00129067 -0.10410751 -0.01577734
v -0.00056228 -0.10606649 -0.01319920
v -0.00414805 -0.09096171 -0.02545900
v -0.00370158 -0.09396119 -0.02399080
v -0.00318735 -0.09680744 -0.02228330
v -0.00178049 -0.08145563 -0.02887575
v -0.00124889 -0.08778536 -0.02698619
v -0.00546578 -0.06844304 -0.03053679
v -0.00544868 -0.06186183 -0.03097988
v -0.00227205 -0.06186706 -0.03139866
v -0.00220334 -0.04873354 -0.03181448
v -0.00527721 -0.04872476 -0.03137254
v -0.00826720 -0.04870129 -0.03059548
v -0.01113964 -0.04866700 -0.02949302
v -0.01386006 -0.04862630 -0.02808823
v -0.02081903 -0.04851294 -0.02229965
v -0.02544679 -0.04196357 -0.01157014
v -0.02610215 -0.04191854 -0.00553905
v -0.02613161 -0.04845684 -0.00547916
v -0.02483519 -0.06134862 -0.01751634
v -0.02526690 -0.05492271 -0.01445594
v -0.02557437 -0.04847557 -0.01142415
v -0.02534751 -0.06779039 -0.01787899
v -0.02224511 -0.06790979 -0.02247608
v -0.02403078 -0.06783342 -0.02028534
v -0.02352338 -0.06137566 -0.02005588
v -0.02264751 -0.08086089 -0.02184261
v -0.02442559 -0.07430615 -0.02035021
v -0.02240639 -0.08722645 -0.02062197
v -0.02216429 -0.09033797 -0.01968824
v -0.02414432 -0.09326425 -0.01703742
v -0.02183972 -0.09336293 -0.01851495
v -0.02382949 -0.09617503 -0.01570664
v -0.02143104 -0.09626611 -0.01709411
v -0.02342719 -0.09893775 -0.01412520
v -0.02525966 -0.10153668 -0.01095479
v -0.02036404 -0.10157966 -0.01351070
v -0.02479023 -0.10393495 -0.00897710
v -0.01971147 -0.10393433 -0.01136273
v -0.02422702 -0.10610390 -0.00676818
v -0.01898608 -0.10605674 -0.00899492
v -0.02357472 -0.10802154 -0.00434327
v -0.01819482 -0.10792921 -0.00642534
v -0.02284089 -0.10967027 -0.00172085
v -0.01734614 -0.10953891 -0.00367501
v -0.02203580 -0.11103754 0.00107791
v -0.01644992 -0.11087840 -0.00076714
v -0.02117245 -0.11211675 0.00402959
v -0.01993713 -0.08736566 -0.02210244
v -0.01718559 -0.08752269 -0.02340630
v -0.01683730 -0.09064964 -0.02232248
v -0.00690733 -0.10625727 -0.01221017
v -0.00768238 -0.10426372 -0.01477291
v -0.00840887 -0.10202022 -0.01713585
v -0.00907886 -0.09953914 -0.01927898
v -0.00968515 -0.09684089 -0.02118735
v -0.01022138 -0.09395479 -0.02285245
v -0.01068246 -0.09092006 -0.02427346
v -0.00781457 -0.08785336 -0.02618510
v -0.00864864 -0.11261716 0.00396966
v -0.01263329 -0.11359885 0.01194078
v -0.01051962 -0.11080144 -0.00230078
v -0.01142543 -0.10951883 -0.00527984
v -0.01229929 -0.10797781 -0.00812030
v -0.01313226 -0.10617815 -0.01079677
v -0.01391576 -0.10412495 -0.01328541
v -0.01464173 -0.10182898 -0.01556507
v -0.01530277 -0.09930702 -0.01761830
v -0.02093848 -0.09901489 -0.01542447
v -0.00452344 -0.08785636 -0.02669603
v -0.00835304 -0.08146627 -0.02800111
v -0.00506312 -0.08149105 -0.02855996
v -0.00861938 -0.07496693 -0.02916304
v -0.00535817 -0.07500047 -0.02978010
v -0.00867130 -0.06840696 -0.02985815
v -0.00858080 -0.06182684 -0.03024746
v -0.01181361 -0.07489070 -0.02828216
v -0.01179616 -0.06833635 -0.02889254
v -0.01161857 -0.06176607 -0.02920886
v -0.01106480 -0.08778665 -0.02545869
v -0.01158908 -0.08139036 -0.02720287
v -0.01470222 -0.08127567 -0.02617630
v -0.01487181 -0.07478177 -0.02714987
v -0.01772550 -0.07465281 -0.02578114
v -0.02176514 -0.06142981 -0.02237320
v -0.01962958 -0.06150608 -0.02444999
v -0.02005852 -0.06801122 -0.02443451
v -0.01719271 -0.06159582 -0.02629013
v -0.01754900 -0.06812633 -0.02616400
v -0.01450703 -0.06168612 -0.02788254
v -0.01477641 -0.06823919 -0.02765512
v -0.02257341 -0.07439896 -0.02237952
v -0.02031401 -0.07451911 -0.02418854
v -0.01420960 -0.08767045 -0.02452824
v -0.01762392 -0.08113700 -0.02493438
v -0.02029344 -0.08099169 -0.02348779
v -0.02620913 -0.08390895 -0.01764102
v -0.02460503 -0.08396097 -0.01957776
v -0.02256788 -0.08406147 -0.02133206
v -0.02327758 0.00000000 -0.00584417
v -0.02093479 -0.00000000 -0.01173602
v -0.01713086 -0.00000000 -0.01680874
v -0.01213124 0.00000000 -0.02070828
v -0.00628493 -0.00000001 -0.02316246
v 0.00000005 -0.00000000 -0.02400000
v 0.00628503 -0.00000000 -0.02316244
v 0.01213134 -0.00000000 -0.02070823
v 0.01713093 -0.00000000 -0.01680867
v 0.02093485 0.00000000 -0.01173593
v 0.02327760 0.00000001 -0.00584407
v 0.02247817 -0.06801801 -0.00586761
v 0.02247817 -0.06284034 -0.00189465
v 0.02247817 -0.05279557 0.00158733
v 0.02247817 -0.08698849 -0.00836512
v 0.02247817 -0.08051801 -0.00921698
v 0.02247817 -0.10551801 0.01578302
v 0.02247817 -0.10466617 0.00931255
v 0.02247817 -0.10466616 0.02225350
v 0.02247817 -0.09819569 0.03346070
v 0.02247817 -0.10216865 0.02828302
v 0.02247817 -0.05886738 0.00328302
v 0.02247817 -0.05636987 0.00931255
v 0.02247817 -0.07404754 -0.00836512
v 0.02247817 -0.05551801 0.01578302
v 0.02247817 -0.09301802 -0.00586761
v 0.02247817 -0.09819569 -0.00189464
v 0.02247817 -0.10216866 0.00328302
v 0.02247817 -0.05038814 0.00835579
v 0.02247817 -0.04960330 0.01549664
v 0.02247817 -0.05636987 0.02225350
v 0.02247817 -0.05048317 0.02262641
v 0.02247817 -0.05886738 0.02828302
v 0.02247817 -0.05298053 0.02936220
v 0.02247817 -0.06284034 0.03346070
v 0.02247817 -0.05696128 0.03534230
v 0.02247817 -0.06801801 0.03743366
v 0.02247817 -0.06221159 0.04024556
v 0.02247817 -0.06844954 0.04380866
v 0.02247817 -0.07404754 0.03993117
v 0.02247817 -0.07534014 0.04584026
v 0.02247817 -0.08051801 0.04078303
v 0.02247817 -0.08251335 0.04623125
v 0.02247817 -0.08698849 0.03993117
v 0.02247817 -0.08958395 0.04496064
v 0.02247817 -0.09301802 0.03743366
v 0.02247817 -0.09617223 0.04209666
v 0.02247817 -0.10192438 0.03779312
v 0.02247817 -0.10653152 0.03228112
v 0.02047599 -0.10551801 0.01578302
v 0.02047598 -0.10466617 0.00931255
v 0.02047599 -0.10216865 0.00328302
v 0.02047599 -0.09819569 -0.00189465
v 0.02047598 -0.09301801 -0.00586761
v 0.02047598 -0.08698849 -0.00836512
v 0.02047598 -0.08051801 -0.00921698
v 0.02047599 -0.07404754 -0.00836512
v 0.02047599 -0.06801801 -0.00586761
v 0.02047598 -0.06284034 -0.00189464
v 0.02047599 -0.05886738 0.00328302
v 0.02047598 -0.05636987 0.00931255
v 0.02047599 -0.05551801 0.01578302
v 0.02047598 -0.05636987 0.02225350
v 0.02047599 -0.05886738 0.02828302
v 0.02047599 -0.06284034 0.03346070
v 0.02047598 -0.06801801 0.03743366
v 0.02047599 -0.07404754 0.03993117
v 0.02047598 -0.08051801 0.04078303
v 0.02047599 -0.08698849 0.03993117
v 0.02047599 -0.09301802 0.03743366
v 0.02047599 -0.09819569 0.03346070
v 0.02047599 -0.10216865 0.02828302
v 0.02047599 -0.10466616 0.02225350
v 0.02047598 -0.08051801 0.01578302
v 0.02247817 -0.05525096 0.00060732
v -0.02621241 -0.05525097 0.00060721
v -0.02621239 -0.05368453 0.00008768
v 0.02247817 -0.05368454 0.00008779
v 0.02247817 -0.05125489 -0.00000284
v -0.03048280 -0.00933754 -0.00000084
v -0.03118444 -0.00196873 0.00000068
v 0.02365519 -0.03889959 -0.00000193
v -0.02709327 -0.02955711 -0.00000135
v -0.03214996 0.02928299 0.00000314
v -0.03096021 0.03157352 0.00000316
v -0.03202525 0.01772015 0.00000213
v -0.02400000 0.03157352 0.00000317
v -0.03172856 0.00723839 0.00000140
v -0.03149936 0.00263226 0.00000102
v 0.03263036 0.01307237 0.00000193
v 0.02400000 0.03157353 0.00000328
v 0.03198642 0.03157352 0.00000329
v 0.02301196 -0.04287545 -0.00000222
v -0.02652548 -0.03456093 -0.00000172
v 0.02262241 -0.04699976 -0.00000253
v -0.02620399 -0.04389256 -0.00000241
v -0.02621732 -0.04108062 -0.00000220
v 0.03246672 0.00723818 0.00000150
v 0.03234263 0.00392312 0.00000125
v 0.03209887 -0.00036499 0.00000094
v 0.02612446 -0.02957945 -0.00000123
v -0.02926879 -0.01716185 -0.00000044
v -0.02818484 -0.02303362 -0.00000282
v 0.03176989 -0.00464513 0.00000062
v 0.03121274 -0.00933771 -0.00000013
v 0.03094267 -0.01110916 0.00000014
v 0.03011830 -0.01536109 -0.00000017
v 0.02918029 -0.01921654 -0.00000046
v 0.02810649 -0.02303629 -0.00000133
v -0.02621247 -0.10595425 0.02997307
v 0.02247817 -0.10595425 0.02997318
v 0.02247817 -0.10923951 0.03187590
v 0.02393478 -0.03760677 0.00007529
v 0.02346284 -0.03988555 0.00046454
v 0.02308507 -0.04209220 0.00118940
v 0.02281751 -0.04402158 0.00214404
v 0.02262287 -0.04584834 0.00340081
v 0.02251447 -0.04739352 0.00485366
v 0.02247824 -0.04869268 0.00651969
v -0.02560487 -0.05275238 0.03316593
v -0.02621250 -0.05275254 0.03316576
v -0.02621247 -0.05448488 0.03561318
v -0.02621248 -0.10738411 0.03472998
v 0.02247817 -0.10527240 0.03734830
v 0.02247817 -0.10284574 0.03979331
v -0.02621249 -0.10284574 0.03979320
v 0.02247817 -0.10027619 0.04190054
v -0.02621250 -0.09736835 0.04382200
v 0.02247817 -0.09736835 0.04382211
v 0.02247817 -0.09445927 0.04534271
v -0.02621251 -0.09118318 0.04664631
v 0.02247817 -0.09118318 0.04664642
v 0.02247817 -0.08806431 0.04753124
v -0.02621251 -0.08455134 0.04814689
v 0.02247817 -0.08455134 0.04814700
v 0.02247817 -0.08135809 0.04837481
v -0.02621250 -0.07775281 0.04826040
v 0.02247817 -0.07775281 0.04826051
v 0.02247817 -0.07462034 0.04783824
v -0.02621250 -0.07107457 0.04698204
v 0.02247817 -0.07107458 0.04698215
v 0.02247817 -0.06813215 0.04594393
v -0.02621250 -0.06479856 0.04436578
v 0.02247817 -0.06479857 0.04436589
v 0.02247817 -0.06216417 0.04277087
v -0.02621249 -0.05918975 0.04052207
v 0.02247817 -0.05918974 0.04052218
v 0.02247817 -0.05696535 0.03845145
v 0.01824967 -0.05275261 0.03316596
v 0.02221116 -0.05275237 0.03316601
v 0.02247820 -0.05275254 0.03316588
v 0.01414774 -0.05275244 0.03316563
v 0.00609280 -0.05275257 0.03316582
v 0.00060471 -0.05275260 0.03316580
v -0.00677256 -0.05275259 0.03316581
v -0.01239617 -0.05275258 0.03316578
v -0.01615006 -0.05275248 0.03316560
v 0.02247817 -0.06854605 0.04199390
v 0.02247817 -0.06512411 0.04016660
v 0.02247828 -0.05123914 0.03055269
v 0.02247817 -0.05719236 0.03290511
v 0.02247817 -0.05444787 0.02848915
v 0.02247817 -0.05420851 0.02800359
v 0.02247823 -0.04987324 0.02757328
v 0.02247817 -0.05242867 0.02332006
v 0.02247868 -0.04881650 0.02449850
v 0.02247817 -0.05210289 0.02207322
v 0.02247838 -0.04807137 0.02136326
v 0.02247817 -0.05203301 0.02177251
v 0.02247821 -0.04761492 0.01793114
v 0.02247817 -0.05133084 0.01647048
v 0.02247821 -0.04751952 0.01447892
v 0.02247817 -0.05132312 0.01626006
v 0.02247810 -0.04778295 0.01104673
v 0.02247817 -0.10379750 0.03318781
v 0.02247817 -0.10270163 0.03452497
v 0.02247817 -0.10021153 0.03705864
v 0.02247817 -0.09894826 0.03813372
v 0.02247817 -0.09589264 0.04028292
v 0.02247817 -0.09413245 0.04127827
v 0.02247817 -0.09094638 0.04270308
v 0.02247817 -0.08886926 0.04339952
v 0.02247817 -0.08648515 0.04399347
v 0.02247817 -0.08442125 0.04434026
v 0.02247817 -0.08085550 0.04458915
v 0.02247817 -0.07889897 0.04454066
v 0.02247817 -0.07514096 0.04407655
v 0.02247817 -0.07354996 0.04372852
v 0.02247817 -0.07012717 0.04265302
v 0.02247817 -0.06096179 0.03702986
v 0.02247817 -0.06068393 0.03677547
v 0.02247817 -0.05734573 0.03310717
v 0.02247817 -0.05165304 0.01080052
v 0.02247817 -0.05166122 0.01074809
v 0.02247884 -0.04839931 0.00766682
v 0.02247817 -0.05292507 0.00568763
v 0.02247817 -0.05295253 0.00560882
v -0.02621242 -0.05295252 0.00560872
v -0.02621796 -0.04983331 0.00310932
v -0.02621543 -0.04872858 0.00638881
v -0.02621309 -0.05204018 0.03200343
v -0.02621246 -0.05420851 0.02800349
v -0.02621247 -0.05719237 0.03290501
v -0.02621357 -0.04869217 0.00651953
v -0.02621243 -0.05165305 0.01080041
v -0.02621216 -0.04795767 0.00985574
v -0.02621267 -0.05060318 0.02926144
v -0.02621301 -0.04936310 0.02621038
v -0.02621245 -0.05225636 0.02268852
v -0.02621414 -0.04845605 0.02314606
v -0.02621245 -0.05203302 0.02177240
v -0.02621282 -0.04784761 0.02000833
v -0.02621244 -0.05132312 0.01625995
v -0.02621268 -0.04753612 0.01661549
v -0.02621255 -0.04757238 0.01324882
v -0.02621249 -0.06068392 0.03677537
v -0.02621248 -0.10270163 0.03452486
v -0.02621249 -0.09894826 0.03813362
v -0.02621249 -0.09413245 0.04127816
v -0.02621250 -0.08886925 0.04339942
v -0.02621250 -0.08442126 0.04434015
v -0.02621249 -0.07889897 0.04454055
v -0.02621249 -0.07354996 0.04372840
v -0.02621249 -0.06854606 0.04199379
v -0.02621249 -0.06512410 0.04016649
v -0.02627196 -0.03889191 0.00018611
v -0.02620981 -0.04778477 0.00520225
v -0.02619485 -0.04637859 0.00363135
v -0.02618136 -0.04481311 0.00231038
v -0.02617920 -0.04322162 0.00136184
v -0.02620066 -0.04125803 0.00064758
v -0.00519944 -0.03615362 0.01745446
v -0.00430240 -0.02942087 0.01813192
v -0.00917259 -0.02944539 0.01775694
v -0.02628840 -0.03615806 0.00234664
v -0.02802377 -0.02303487 0.00309872
v -0.02698766 -0.02972261 0.00213500
v -0.02665740 -0.02976191 0.00447857
v -0.02757477 -0.02303510 0.00566861
v -0.02603980 -0.02978670 0.00676101
v -0.02686064 -0.02303537 0.00798916
v -0.02510805 -0.02979458 0.00892714
v -0.01878791 -0.02629414 0.01582907
v -0.02114269 -0.02303601 0.01542575
v -0.02087467 -0.02633180 0.01458441
v -0.02297293 -0.02303589 0.01389624
v -0.02275101 -0.02636293 0.01305784
v -0.02455649 -0.02303573 0.01212882
v -0.02435215 -0.02638492 0.01125104
v -0.02589221 -0.02303560 0.01008518
v -0.02563029 -0.02639637 0.00919666
v -0.01445748 -0.02303617 0.01864281
v -0.01611181 -0.02303615 0.01808230
v -0.01420940 -0.02621217 0.01756018
v -0.01668428 -0.02303613 0.01785927
v -0.01905198 -0.02303608 0.01674375
v -0.01401171 -0.02303617 0.01877460
v -0.00935960 -0.02614783 0.01849824
v -0.01098815 -0.02303617 0.01948672
v -0.00439298 -0.02613052 0.01887949
v -0.00759600 -0.02303620 0.01997351
v 0.00060370 -0.02393409 0.01975789
v 0.00060312 -0.02303569 0.02023545
v -0.00220661 -0.02303626 0.02023562
v -0.00379780 -0.02303617 0.02021451
v 0.00060689 -0.02593625 0.01897771
v 0.00060781 -0.02851766 0.01834279
v 0.00060654 -0.03615717 0.01761399
v 0.00060783 -0.03218961 0.01785085
v 0.00060808 -0.02948437 0.01817664
v -0.01392406 -0.02953954 0.01687623
v -0.01256757 -0.03615821 0.01643031
v -0.00913834 -0.03615756 0.01705572
v -0.01785598 -0.03615703 0.01463484
v -0.01545723 -0.03615772 0.01561318
v -0.01341962 -0.03615819 0.01622213
v -0.01840483 -0.02965935 0.01525446
v -0.02044727 -0.02971343 0.01408129
v -0.01988441 -0.03615559 0.01349228
v -0.02228442 -0.02975659 0.01263354
v -0.02160890 -0.03615689 0.01216982
v -0.02385309 -0.02978448 0.01090603
v -0.02310089 -0.03615589 0.01058941
v -0.02431156 -0.03615702 0.00878343
v -0.02523035 -0.03615654 0.00682489
v -0.02587783 -0.03615696 0.00474848
v 0.02408137 -0.03615712 0.00293940
v 0.02601096 -0.02970213 0.00197421
v 0.02573211 -0.02964295 0.00415914
v 0.00527647 -0.02947471 0.01810693
v 0.00086652 -0.03615715 0.01761385
v 0.00341229 -0.02303626 0.02023562
v 0.00764977 -0.02303624 0.02005882
v 0.00541603 -0.02616468 0.01886197
v 0.01018628 -0.02612810 0.01843850
v 0.01108648 -0.02303634 0.01960966
v 0.01412560 -0.02303646 0.01891401
v 0.01481823 -0.02613000 0.01739835
v 0.01521916 -0.02303653 0.01857865
v 0.01680142 -0.02303662 0.01799674
v 0.01913803 -0.02616124 0.01552388
v 0.01913499 -0.02303675 0.01687916
v 0.02107143 -0.02618310 0.01421038
v 0.02117001 -0.02303686 0.01556602
v 0.02278229 -0.02620712 0.01263401
v 0.02310625 -0.02303695 0.01388417
v 0.02422100 -0.02623294 0.01081253
v 0.02467864 -0.02303698 0.01202264
v 0.02535417 -0.02625972 0.00878824
v 0.02592238 -0.02303697 0.00999661
v 0.02618219 -0.02628841 0.00661821
v 0.02687531 -0.02303686 0.00779361
v 0.02673046 -0.02632272 0.00436278
v 0.02755498 -0.02303668 0.00539693
v 0.02702856 -0.02636390 0.00207086
v 0.02796637 -0.02303644 0.00278370
v 0.02359424 -0.03615721 0.00538248
v 0.02521287 -0.02959299 0.00631093
v 0.02278388 -0.03615707 0.00771930
v 0.02442765 -0.02955102 0.00838303
v 0.02335476 -0.02951396 0.01031780
v 0.02171952 -0.03615852 0.00972789
v 0.02199013 -0.02947993 0.01205983
v 0.02049917 -0.03615734 0.01135171
v 0.02036072 -0.02944905 0.01356944
v 0.01905016 -0.03615668 0.01277034
v 0.01829352 -0.03615724 0.01336875
v 0.01851287 -0.02942236 0.01483089
v 0.01622530 -0.03615697 0.01466667
v 0.01436497 -0.02939005 0.01664255
v 0.01402253 -0.03615684 0.01566174
v 0.01157885 -0.03615698 0.01644596
v 0.00989396 -0.02940292 0.01766575
v 0.00927964 -0.03615747 0.01695967
v 0.00535231 -0.03615705 0.01746092
v 0.00865079 -0.03615748 0.01706919
v 0.02968377 0.03157352 0.01456849
v 0.02139437 0.03157352 0.01087570
v 0.02750641 0.03157352 0.01869293
v 0.01812451 0.03157353 0.01573220
v 0.02494673 0.03157353 0.02193730
v -0.02759505 0.03157352 0.01453952
v -0.02558337 0.03157352 0.01804453
v -0.02139441 0.03157352 0.01087561
v -0.01812459 0.03157353 0.01573212
v 0.03171560 0.03157352 0.00593079
v 0.02339106 0.03157353 0.00537199
v 0.03002932 0.03157353 0.01368217
v 0.03099881 0.03157352 0.01040776
v 0.03141885 0.03157352 0.00824346
v 0.02390024 0.03157352 0.02299054
v 0.01377606 0.03157352 0.01965248
v 0.01966968 0.03157353 0.02626491
v 0.01049275 0.03157352 0.03019950
v 0.00860780 0.03157352 0.02240325
v 0.00742727 0.03157352 0.03087170
v 0.00292730 0.03157352 0.02382081
v 0.00503953 0.03157353 0.03121463
v 0.00171699 0.03157352 0.03144609
v -0.01858055 0.03157353 0.02541378
v -0.01377615 0.03157352 0.01965242
v -0.02182417 0.03157352 0.02262804
v -0.02516576 0.03157352 0.01865589
v -0.03092567 0.03157352 0.00146880
v -0.03055676 0.03157352 0.00511729
v -0.02339108 0.03157352 0.00537189
v 0.01318258 0.03157352 0.02937490
v 0.01559540 0.03157353 0.02842391
v 0.01916347 0.03157352 0.02657732
v 0.00060248 0.03157352 0.03146200
v -0.00292740 0.03157352 0.02382080
v -0.00465717 0.03157352 0.03107939
v -0.03023990 0.03157352 0.00684058
v -0.02940870 0.03157353 0.01000548
v -0.02837859 0.03157352 0.01281582
v -0.01722018 0.03157352 0.02636206
v -0.01440464 0.03157352 0.02799494
v -0.00860791 0.03157352 0.02240321
v -0.01165807 0.03157353 0.02922680
v -0.00974099 0.03157352 0.02990484
v -0.00595786 0.03157353 0.03085936
v 0.00060226 0.02928299 0.03265943
v 0.00413609 0.02928310 0.03250582
v 0.00519424 0.02928278 0.03239870
v 0.00765999 0.02928266 0.03203575
v 0.00926949 0.02928297 0.03171054
v 0.01083401 0.02928338 0.03132457
v 0.01260038 0.02928417 0.03080178
v 0.01577663 0.02928492 0.02960740
v 0.01876822 0.02928200 0.02813267
v 0.02100621 0.02928290 0.02675349
v 0.02342902 0.02928272 0.02492085
v 0.02559255 0.02928314 0.02287911
v 0.02749990 0.02928292 0.02061456
v 0.02855794 0.02928390 0.01908553
v 0.02906900 0.02928402 0.01825048
v 0.03037769 0.02928258 0.01569694
v 0.03103076 0.02928378 0.01408553
v 0.03189752 0.02928333 0.01128580
v 0.03250139 0.02928316 0.00835698
v 0.03295356 0.02928309 0.00432383
v 0.03287663 0.02928294 0.00529396
v -0.00277544 0.02928296 0.03250651
v -0.00467577 0.02928321 0.03228046
v -0.01389383 0.02928296 0.02955263
v -0.01093711 0.02928310 0.03075035
v -0.01012412 0.02928305 0.03102238
v -0.00786211 0.02928311 0.03165990
v -0.02013551 0.02928300 0.02570882
v -0.01929117 0.02928281 0.02635617
v -0.01760544 0.02928266 0.02751776
v -0.01487496 0.02928300 0.02907692
v -0.02577573 0.02928321 0.01984453
v -0.02377676 0.02928301 0.02229864
v -0.02245985 0.02928219 0.02366431
v -0.02900121 0.02928303 0.01435008
v -0.02865217 0.02928302 0.01508316
v -0.02751672 0.02928323 0.01719354
v -0.03083738 0.02928256 0.00936959
v -0.03049547 0.02928273 0.01050394
v -0.02932869 0.02928304 0.01361668
v -0.03197816 0.02928255 0.00337786
v -0.03190808 0.02928240 0.00401408
v -0.03172840 0.02928205 0.00530977
v -0.03135655 0.02928205 0.00729227
v 0.02269722 -0.00933608 0.02125817
v 0.02314315 -0.00565222 0.02238592
v 0.02079484 -0.00567396 0.02440684
v 0.03245625 0.00723879 0.00128851
v 0.03160306 -0.00527835 0.00281489
v 0.03125844 -0.00534983 0.00590905
v 0.03065056 -0.00933681 0.00622378
v 0.03064557 -0.00541622 0.00896248
v 0.02947938 -0.00933651 0.01073237
v 0.02974293 -0.00547655 0.01194742
v 0.02927238 -0.00933646 0.01131210
v 0.02854141 -0.00553091 0.01482547
v 0.02712189 -0.00933630 0.01581812
v 0.02703931 -0.00557865 0.01755449
v 0.02523534 -0.00561948 0.02008947
v 0.02479047 -0.00933614 0.01907757
v 0.02393350 -0.00933612 0.02003695
v 0.01863798 -0.00933599 0.02427193
v 0.01940897 -0.00933601 0.02379576
v 0.02042034 -0.00933603 0.02310879
v 0.00896954 -0.00933593 0.02770771
v 0.00949575 -0.00933593 0.02761696
v 0.00966852 -0.00562063 0.02942956
v 0.01403950 -0.00933595 0.02641640
v 0.01262243 -0.00565404 0.02863424
v 0.01521202 -0.00933595 0.02596998
v 0.01549269 -0.00567496 0.02753407
v 0.01823132 -0.00568185 0.02612648
v 0.00654993 -0.00933592 0.02801108
v 0.00666384 -0.00557905 0.02992160
v 0.00341313 -0.00933596 0.02814698
v 0.00060435 -0.00592518 0.02993361
v 0.00060391 -0.00933660 0.02814393
v 0.00060422 -0.00337065 0.03093187
v 0.00671144 -0.00359349 0.03064382
v 0.00060176 0.00233391 0.03206957
v 0.00060291 -0.00054941 0.03165698
v 0.00368034 -0.00145699 0.03145949
v 0.00060167 0.00723821 0.03235223
v 0.00060101 0.00705357 0.03234648
v 0.00215100 0.00723868 0.03232229
v 0.00060172 0.00291595 0.03212285
v 0.00431559 0.00723972 0.03217745
v 0.00373704 0.00284493 0.03204653
v 0.00560686 0.00724046 0.03203154
v 0.00686199 0.00278376 0.03168333
v 0.00790422 0.00724181 0.03165650
v 0.00995597 0.00273317 0.03102920
v 0.01133517 0.00724313 0.03080070
v 0.01299008 0.00269467 0.03007765
v 0.01458354 0.00724248 0.02962563
v 0.01592860 0.00266947 0.02882715
v 0.01762577 0.00723973 0.02814969
v 0.01873170 0.00265773 0.02728569
v 0.02135856 0.00266009 0.02544880
v 0.02042742 0.00723690 0.02639866
v 0.02376045 0.00267582 0.02331438
v 0.02295407 0.00723872 0.02439936
v 0.02588796 0.00270243 0.02089949
v 0.02494675 0.00723903 0.02241172
v 0.02770549 0.00273739 0.01823872
v 0.02688371 0.00723614 0.01996893
v 0.02843385 0.00723504 0.01747473
v 0.02920526 0.00277995 0.01538193
v 0.02926806 0.00723575 0.01583264
v 0.02974416 0.00723651 0.01476144
v 0.03039685 0.00283006 0.01238037
v 0.03080228 0.00723773 0.01185250
v 0.03128714 0.00288676 0.00927655
v 0.03163879 0.00723903 0.00860095
v 0.03221652 0.00724057 0.00492549
v 0.03189055 0.00294970 0.00610950
v 0.03222365 0.00301833 0.00290745
v 0.00675667 -0.00152802 0.03116653
v 0.00980704 -0.00158820 0.03057479
v 0.01280410 -0.00163427 0.02967690
v 0.01571291 -0.00166340 0.02847607
v 0.01848907 -0.00167424 0.02697543
v 0.02108981 -0.00166601 0.02517019
v 0.02347047 -0.00163996 0.02306527
v 0.02558602 -0.00159939 0.02068222
v 0.02740293 -0.00154763 0.01805680
v 0.02891046 -0.00148619 0.01523637
v 0.03011373 -0.00141551 0.01226946
v 0.03101583 -0.00133642 0.00919839
v 0.03162652 -0.00124911 0.00606144
v 0.03196336 -0.00115442 0.00288618
v 0.00060334 -0.00137757 0.03148187
v -0.00546868 -0.00148662 0.03095465
v -0.03156264 0.00723628 0.00346356
v -0.02882165 -0.00130419 0.01196836
v -0.03032695 0.00723651 0.00992265
v -0.02987891 -0.00125016 0.00897667
v -0.03109606 0.00723489 0.00671813
v -0.03064055 -0.00119234 0.00591135
v -0.03110157 -0.00112737 0.00280439
v -0.02827192 0.00723889 0.01522369
v -0.02925581 0.00723843 0.01302469
v -0.02796808 0.00287583 0.01515325
v -0.02927254 0.00291243 0.01221258
v -0.02794036 0.00723900 0.01587446
v -0.02637215 0.00284060 0.01794123
v -0.02637602 0.00723920 0.01851759
v -0.02448780 0.00280747 0.02053822
v -0.02435674 0.00723876 0.02120571
v -0.02233001 0.00277783 0.02291221
v -0.02218553 0.00723795 0.02350087
v -0.01993521 0.00275473 0.02504075
v -0.01964354 0.00723669 0.02565894
v -0.01734496 0.00274170 0.02690811
v -0.01702133 0.00723764 0.02745852
v -0.01458898 0.00274142 0.02850250
v -0.01389204 0.00723861 0.02915385
v -0.01169212 0.00275582 0.02981493
v -0.01058998 0.00723949 0.03050173
v -0.00869452 0.00278600 0.03083268
v -0.00562913 0.00282913 0.03154331
v -0.00716176 0.00723947 0.03148503
v -0.00252180 0.00287724 0.03195585
v -0.00363787 0.00723873 0.03209964
v -0.00031553 0.00723822 0.03234020
v -0.00539948 -0.00356900 0.03043857
v -0.00534469 -0.00557610 0.02975692
v -0.00524820 -0.00933597 0.02797033
v -0.00827864 -0.00561636 0.02916636
v -0.00825086 -0.00933602 0.02744631
v -0.01114897 -0.00563695 0.02824113
v -0.01121243 -0.00933611 0.02657522
v -0.01392793 -0.00563978 0.02701288
v -0.01409382 -0.00933621 0.02536427
v -0.01657247 -0.00562636 0.02549984
v -0.01685535 -0.00933634 0.02382860
v -0.01905845 -0.00559901 0.02371493
v -0.01947112 -0.00933647 0.02197598
v -0.02136861 -0.00556249 0.02168296
v -0.02189527 -0.00933662 0.01982927
v -0.02347600 -0.00552108 0.01942791
v -0.02408965 -0.00933675 0.01741573
v -0.02535484 -0.00547803 0.01697456
v -0.02699089 -0.00543533 0.01435017
v -0.02600178 -0.00933690 0.01478296
v -0.02836945 -0.00539332 0.01158125
v -0.02760194 -0.00933699 0.01196988
v -0.02946774 -0.00535107 0.00869750
v -0.02886780 -0.00933708 0.00901239
v -0.03027147 -0.00530667 0.00573460
v -0.02976799 -0.00933714 0.00599033
v -0.03076611 -0.00525717 0.00272373
v -0.03030462 -0.00933713 0.00292760
v -0.00846277 -0.00154088 0.03028644
v -0.02747566 -0.00135712 0.01484830
v -0.02585549 -0.00140956 0.01758114
v -0.02396951 -0.00146077 0.02013352
v -0.02183271 -0.00150846 0.02247491
v -0.01947627 -0.00154846 0.02458089
v -0.01693461 -0.00157577 0.02643117
v -0.01423204 -0.00158568 0.02800741
v -0.01139407 -0.00157470 0.02929776
v -0.00220476 -0.00933596 0.02814703
v -0.00220704 -0.02151897 0.02111256
v -0.01707380 -0.01614976 0.02064416
v -0.01476269 -0.01614865 0.02174219
v -0.02935784 -0.01616143 0.00230951
v -0.02901403 -0.01615981 0.00484926
v -0.02839951 -0.01615846 0.00733655
v -0.02750497 -0.01615722 0.00974176
v -0.02633100 -0.01615599 0.01202617
v -0.02489391 -0.01615473 0.01414877
v -0.02321719 -0.01615347 0.01608326
v -0.02133054 -0.01615221 0.01781594
v -0.01927104 -0.01615096 0.01933728
v -0.01235588 -0.01614764 0.02263822
v -0.00987948 -0.01614676 0.02333127
v -0.00735347 -0.01614604 0.02382309
v -0.01660890 -0.01959302 0.01936115
v -0.01197924 -0.01959179 0.02100299
v 0.00060217 0.01260119 0.03248485
v 0.02983450 -0.01622038 0.00229273
v 0.02900350 -0.01623943 0.00730040
v 0.02822072 -0.01624243 0.00972154
v 0.02717109 -0.01624193 0.01204222
v 0.02585297 -0.01623853 0.01421895
v 0.02427538 -0.01623277 0.01621393
v 0.02246052 -0.01622524 0.01799946
v 0.02044308 -0.01621638 0.01955516
v 0.01826148 -0.01620657 0.02087090
v 0.01594924 -0.01619619 0.02194981
v 0.01353656 -0.01618555 0.02280279
v 0.00853214 -0.01616455 0.02387619
v 0.00341222 -0.01517986 0.02477225
v 0.03054401 -0.01274837 0.00240817
v 0.03022655 -0.01275603 0.00506008
v 0.02889290 -0.01276333 0.01022989
v 0.02784157 -0.01276350 0.01269113
v 0.02652615 -0.01276170 0.01501777
v 0.02494996 -0.01275824 0.01717404
v 0.02312737 -0.01275347 0.01913048
v 0.02953407 -0.01623223 0.00481534
v 0.01702410 -0.04576669 0.02087023
v 0.01507457 -0.04546632 0.02113910
v 0.01477696 -0.04783254 0.02522256
v 0.01677847 -0.04794697 0.02508531
v 0.01869136 -0.04811328 0.02490045
v 0.01883760 -0.04616413 0.02051833
v 0.02045511 -0.04667011 0.02007869
v 0.02181230 -0.04730021 0.01954977
v 0.02148814 -0.04612996 0.01497667
v 0.02205441 -0.04653000 0.01193622
v 0.02246833 -0.04778090 0.01076525
v 0.02230291 -0.04673180 0.00883905
v 0.00060656 -0.03625371 0.01761026
v 0.00060516 -0.04427369 0.02096485
v 0.00060501 -0.04472363 0.02147383
v 0.00681041 -0.04491000 0.02158850
v 0.02230221 -0.04720569 0.01405482
v 0.02327866 -0.03922645 0.00389277
v 0.02247763 -0.04341619 0.00598185
v 0.02194689 -0.04792371 0.02196177
v 0.02205730 -0.04864441 0.02436699
v 0.02213741 -0.04948705 0.02672833
v 0.02218570 -0.05046767 0.02902060
v 0.02038119 -0.05041485 0.02915081
v 0.00060542 -0.04801738 0.02590700
v 0.00060517 -0.04000881 0.01800329
v 0.00060498 -0.04145233 0.01861884
v 0.00325430 -0.04132324 0.01850976
v 0.00060499 -0.04277419 0.01952523
v 0.00730159 -0.04174589 0.01847398
v 0.00060609 -0.03847837 0.01768688
v 0.00060579 -0.03880229 0.01773088
v 0.00369909 -0.03926319 0.01775789
v 0.00820551 -0.03801061 0.01715446
v 0.00428797 -0.03713705 0.01751608
v 0.01207980 -0.03906476 0.01643279
v 0.01267217 -0.03732880 0.01607274
v 0.01913939 -0.03627443 0.01266762
v 0.01685621 -0.03714337 0.01419741
v 0.02129901 -0.03825190 0.00976552
v 0.02205005 -0.03630724 0.00911689
v 0.02266476 -0.03727973 0.00739468
v 0.00060458 -0.04618493 0.02331416
v 0.00651723 -0.04769064 0.02543209
v 0.01097282 -0.04509292 0.02146511
v 0.01065610 -0.04771921 0.02538041
v 0.00702070 -0.04340626 0.01987019
v 0.01115611 -0.04374510 0.01968116
v 0.01137597 -0.04230423 0.01817144
v 0.01520978 -0.04432196 0.01923190
v 0.01534544 -0.04313490 0.01754977
v 0.01578215 -0.04040135 0.01528389
v 0.01621372 -0.03882826 0.01463030
v 0.00768250 -0.03991631 0.01758082
v 0.01166422 -0.04073306 0.01709205
v 0.01551233 -0.04183726 0.01622873
v 0.01729322 -0.04253844 0.01561859
v 0.01899834 -0.04213127 0.01360427
v 0.02134006 -0.04286499 0.01011162
v 0.02195979 -0.04404216 0.00871991
v 0.02043057 -0.04173725 0.01142270
v 0.02157957 -0.04118089 0.00905852
v 0.02075328 -0.04008748 0.01051380
v 0.02202721 -0.03928824 0.00817376
v 0.01924219 -0.04067929 0.01262562
v 0.01966796 -0.03903847 0.01187289
v 0.02033079 -0.03724138 0.01127598
v 0.01444368 -0.05035250 0.02937765
v 0.01846242 -0.05038432 0.02925026
v 0.02046948 -0.04834031 0.02466268
v 0.02047585 -0.04746016 0.02236690
v 0.02125966 -0.04427898 0.01140890
v 0.02027678 -0.04315630 0.01256470
v 0.02026484 -0.04429704 0.01401181
v 0.01889932 -0.04335753 0.01487904
v 0.01888417 -0.04437860 0.01649761
v 0.01719828 -0.04369709 0.01708225
v 0.02033634 -0.04518681 0.01579441
v 0.02132672 -0.04535789 0.01302559
v 0.02192566 -0.04548232 0.01015876
v 0.02232016 -0.04523683 0.00727315
v -0.02443721 -0.03854682 0.00845332
v -0.02488368 -0.03650860 0.00759192
v -0.02555335 -0.03780798 0.00566019
v -0.02329245 -0.04667850 0.02049353
v -0.02118316 -0.04621660 0.02085183
v -0.02099708 -0.04426985 0.01690009
v -0.02339563 -0.04839025 0.02491524
v -0.02116977 -0.04819501 0.02511667
v -0.02617386 -0.04785131 0.00781055
v -0.02610519 -0.04628482 0.00599495
v -0.02616370 -0.04760043 0.01131770
v -0.02590062 -0.04645536 0.00928330
v -0.02586870 -0.04705208 0.01468719
v -0.02548906 -0.04625583 0.01252852
v -0.01720894 -0.03813254 0.01494872
v -0.01970472 -0.03704613 0.01355845
v -0.02141617 -0.03808111 0.01231317
v -0.02105182 -0.03993538 0.01301841
v -0.02597573 -0.03911098 0.00373772
v -0.02574165 -0.04313956 0.00615605
v -0.02335612 -0.03728389 0.01016568
v -0.01247471 -0.03878023 0.01656633
v -0.01301174 -0.03676494 0.01629752
v -0.00709006 -0.04500509 0.02165119
v -0.00721563 -0.04350497 0.01993464
v -0.00290861 -0.04147731 0.01859286
v -0.00319929 -0.03940719 0.01779127
v -0.00360797 -0.03720542 0.01752813
v -0.00693016 -0.04775994 0.02549392
v -0.01625810 -0.05044331 0.02949702
v -0.02103955 -0.05045572 0.02937741
v -0.02557823 -0.05161760 0.03128010
v -0.02554629 -0.05049775 0.02912845
v -0.02513335 -0.04727618 0.02003214
v -0.02606134 -0.04445786 0.00445608
v -0.02111069 -0.04928839 0.02725718
v -0.02549786 -0.04951611 0.02691266
v -0.02542017 -0.04866539 0.02464559
v -0.02530187 -0.04792855 0.02234416
v -0.01681579 -0.03999654 0.01552848
v -0.02087851 -0.04162003 0.01398080
v -0.01662115 -0.04167788 0.01645124
v -0.02087830 -0.04307316 0.01526975
v -0.01656922 -0.04314480 0.01777341
v -0.01655550 -0.04442216 0.01944436
v -0.01653120 -0.04560302 0.02132768
v -0.01641886 -0.04796148 0.02536601
v -0.02291637 -0.03923573 0.01092365
v -0.02269902 -0.04103660 0.01184377
v -0.02264207 -0.04264157 0.01301147
v -0.02274363 -0.04398201 0.01449722
v -0.02295596 -0.04503532 0.01629897
v -0.02416196 -0.04048580 0.00941285
v -0.02407690 -0.04225506 0.01053447
v -0.02412101 -0.04380151 0.01190232
v -0.02431285 -0.04504436 0.01358570
v -0.02461649 -0.04595961 0.01556596
v -0.02512162 -0.04179787 0.00781644
v -0.02512983 -0.04356247 0.00911105
v -0.02523672 -0.04508185 0.01065832
v -0.02578826 -0.04492664 0.00758782
v -0.00806317 -0.03786481 0.01720789
v -0.00765832 -0.03991896 0.01761809
v -0.00739453 -0.04182401 0.01852938
v -0.01213880 -0.04066177 0.01719173
v -0.01195578 -0.04236440 0.01827353
v -0.01184332 -0.04386446 0.01978158
v -0.01175910 -0.04522871 0.02155713
v -0.01161865 -0.04783163 0.02546602
v 0.02339106 0.00000001 0.00537199
v 0.02139437 0.00000000 0.01087570
v 0.01812451 0.00000001 0.01573220
v 0.01377607 0.00000000 0.01965248
v 0.00860781 0.00000000 0.02240325
v 0.00292730 0.00000000 0.02382081
v -0.00292741 0.00000000 0.02382080
v -0.00860790 -0.00000000 0.02240321
v -0.01377615 0.00000000 0.01965242
v -0.01812457 0.00000001 0.01573212
v -0.02139441 -0.00000000 0.01087561
v -0.02339108 0.00000000 0.00537189
v -0.02621250 -0.04945749 0.02313713
v -0.02971250 -0.04945749 0.02313712
v -0.02621250 -0.05067579 0.02562034
v -0.02971250 -0.05067580 0.02562033
v -0.02621253 -0.05548349 0.03479744
v -0.02621244 -0.10334244 -0.00600786
v -0.02621251 -0.05269978 0.03040790
v -0.02621244 -0.10287528 -0.00663433
v -0.02621243 -0.10275316 -0.00687199
v -0.02621247 -0.04981426 0.00706808
v -0.02621247 -0.04906046 0.01039669
v -0.02621250 -0.11158774 0.02146241
v -0.02621254 -0.05895118 0.03866945
v -0.02621249 -0.11209869 0.01628977
v -0.02621248 -0.11175207 0.01110353
v -0.02621245 -0.11055730 0.00604490
v -0.02621248 -0.04878505 0.01237845
v -0.02621248 -0.04862303 0.01464854
v -0.02621249 -0.04866498 0.01778631
v -0.02621249 -0.04875617 0.01892076
v -0.02621253 -0.10158431 0.03928526
v -0.02621252 -0.10516236 0.03551502
v -0.02621254 -0.06754465 0.04445612
v -0.02621252 -0.10807171 0.03120770
v -0.02621245 -0.10854691 0.00125162
v -0.02621244 -0.10577565 -0.00314581
v -0.02621254 -0.06300838 0.04191850
v -0.02621251 -0.11023311 0.02648060
v -0.02621243 -0.10229570 -0.00763476
v -0.02621246 -0.05172320 0.00200692
v -0.02621247 -0.05006063 0.00624107
v -0.02621244 -0.05793854 -0.00680051
v -0.02621243 -0.09778704 -0.01120425
v -0.02621241 -0.09299481 -0.01371299
v -0.02621243 -0.10172676 -0.00824676
v -0.02621245 -0.05445734 -0.00266039
v -0.02621254 -0.09743495 0.04241577
v -0.02621254 -0.07243647 0.04621321
v -0.02621256 -0.07755063 0.04714194
v -0.02621255 -0.08274790 0.04721700
v -0.02621255 -0.08788676 0.04643638
v -0.02621255 -0.09282728 0.04482130
v -0.02621242 -0.07178068 -0.01496978
v -0.02621242 -0.06672575 -0.01304441
v -0.02621241 -0.07708768 -0.01601623
v -0.02621241 -0.08249512 -0.01615385
v -0.02621241 -0.08784848 -0.01537873
v -0.02621243 -0.06206733 -0.01029514
v -0.02971247 -0.05443186 0.01063091
v -0.02971247 -0.05325415 0.01100752
v -0.02971247 -0.05203565 0.01079754
v -0.02971252 -0.05714383 0.03283957
v -0.02971253 -0.05779768 0.03341609
v -0.02971253 -0.05548349 0.03479744
v -0.02971254 -0.05895118 0.03866944
v -0.02971253 -0.05863466 0.03365971
v -0.02971252 -0.05949579 0.03352415
v -0.02971252 -0.06068032 0.03335289
v -0.02971250 -0.05472327 0.02887665
v -0.02971251 -0.05269977 0.03040789
v -0.02971250 -0.05296626 0.02457818
v -0.02971249 -0.05191789 0.02005437
v -0.02971248 -0.05160501 0.01542123
v -0.02971249 -0.04866498 0.01778630
v -0.02971248 -0.04878505 0.01237844
v -0.02971247 -0.04981426 0.00706807
v -0.02971253 -0.06303991 0.03571247
v -0.02971253 -0.06286864 0.03689701
v -0.02971253 -0.06266239 0.03457671
v -0.02971252 -0.06181608 0.03373040
v -0.02971247 -0.05530241 0.00975287
v -0.02971247 -0.05566896 0.00857199
v -0.02971246 -0.05544857 0.00735533
v -0.02971246 -0.05469111 0.00637805
v -0.02971253 -0.09816542 0.03571247
v -0.02971252 -0.09854293 0.03457671
v -0.02971252 -0.09938924 0.03373040
v -0.02971253 -0.09847225 0.03775812
v -0.02971253 -0.09833668 0.03689700
v -0.02971252 -0.10170953 0.03352415
v -0.02971252 -0.10052500 0.03335289
v -0.02971246 -0.10584246 0.00964669
v -0.02971246 -0.10553268 0.00849061
v -0.02971246 -0.10663728 0.01054151
v -0.02971246 -0.10577362 0.00731826
v -0.02971246 -0.10774876 0.01098546
v -0.02971246 -0.10651421 0.00637805
v -0.02971248 -0.10856229 0.01129861
v -0.02971245 -0.11055730 0.00604489
v -0.02971248 -0.10916533 0.01192809
v -0.02971248 -0.11175207 0.01110353
v -0.02971252 -0.10257065 0.03365971
v -0.02971252 -0.10516237 0.03551501
v -0.02971253 -0.09822863 0.03859511
v -0.02971253 -0.10158431 0.03928525
v -0.02971253 -0.09765211 0.03924895
v -0.02971254 -0.09743495 0.04241576
v -0.02971254 -0.09318821 0.04191682
v -0.02971255 -0.09282728 0.04482130
v -0.02971255 -0.08831961 0.04374454
v -0.02971255 -0.08788676 0.04643637
v -0.02971255 -0.08320285 0.04467333
v -0.02971255 -0.08274790 0.04721700
v -0.02971255 -0.07800248 0.04467333
v -0.02971256 -0.07755063 0.04714192
v -0.02971254 -0.07288572 0.04374453
v -0.02971254 -0.07243647 0.04621320
v -0.02971254 -0.06801711 0.04191682
v -0.02971254 -0.06754465 0.04445611
v -0.02971253 -0.06355322 0.03924896
v -0.02971254 -0.06300838 0.04191849
v -0.02971253 -0.06297670 0.03859511
v -0.02971253 -0.06273308 0.03775812
v -0.02971252 -0.10340764 0.03341609
v -0.02971252 -0.10406149 0.03283957
v -0.02971251 -0.10807171 0.03120770
v -0.02971251 -0.10630130 0.02922813
v -0.02971251 -0.11023312 0.02648059
v -0.02971250 -0.10798927 0.02532812
v -0.02971250 -0.11158774 0.02146240
v -0.02971250 -0.10908917 0.02122330
v -0.02971249 -0.11209869 0.01628977
v -0.02971249 -0.10957734 0.01700180
v -0.02971248 -0.10944332 0.01275429
v -0.02971246 -0.05414315 0.00570008
v -0.02971246 -0.05393564 0.00485342
v -0.02971246 -0.05006063 0.00624106
v -0.02971246 -0.05410800 0.00399891
v -0.02971246 -0.05172321 0.00200692
v -0.02971245 -0.05660205 -0.00048778
v -0.02971245 -0.05445734 -0.00266040
v -0.02971244 -0.05984810 -0.00446445
v -0.02971244 -0.10135722 -0.00446445
v -0.02971243 -0.10280844 -0.00655161
v -0.02971244 -0.10460328 -0.00048778
v -0.02971244 -0.10577566 -0.00314582
v -0.02971245 -0.10709733 0.00399891
v -0.02971245 -0.10854691 0.00125161
v -0.02971245 -0.10726968 0.00485342
v -0.02971246 -0.10706217 0.00570008
v -0.02971244 -0.05793853 -0.00680052
v -0.02971244 -0.05868112 -0.00752179
v -0.02971243 -0.06374445 -0.00780649
v -0.02971243 -0.06206733 -0.01029514
v -0.02971243 -0.06816900 -0.01040918
v -0.02971242 -0.06672574 -0.01304442
v -0.02971242 -0.07298313 -0.01219099
v -0.02971242 -0.07178067 -0.01496979
v -0.02971242 -0.07803601 -0.01309607
v -0.02971241 -0.07708768 -0.01601624
v -0.02971242 -0.08316931 -0.01309607
v -0.02971241 -0.08249512 -0.01615386
v -0.02971242 -0.08822218 -0.01219099
v -0.02971241 -0.08784848 -0.01537873
v -0.02971242 -0.09303632 -0.01040918
v -0.02971241 -0.09299480 -0.01371300
v -0.02971243 -0.09746088 -0.00780649
v -0.02971243 -0.09778704 -0.01120426
v -0.02971243 -0.10114074 -0.00874937
v -0.02971243 -0.10175455 -0.00811247
v -0.02971243 -0.10219908 -0.00740052
v -0.02971243 -0.10247065 -0.00694765
v -0.02796207 -0.10307593 -0.00628252
v -0.02796207 -0.10143401 -0.00850090
v -0.03984266 -0.05331402 0.02383591
v -0.04031299 -0.05282985 0.02338537
v -0.04129551 -0.06632908 0.01855601
v -0.04037979 -0.05277557 0.02331748
v -0.04053633 -0.05265949 0.02315546
v -0.04085476 -0.05246621 0.02281436
v -0.04115755 -0.05238097 0.02246362
v -0.04118396 -0.05238264 0.02243060
v -0.04129552 -0.05241770 0.02228355
v -0.03924288 -0.06696221 0.02091890
v -0.03924289 -0.05488617 0.02415467
v -0.03930585 -0.05438516 0.02421123
v -0.03937806 -0.05414479 0.02418653
v -0.03947202 -0.05391502 0.02413218
v -0.03978179 -0.05339395 0.02388961
v -0.02796207 -0.10143402 -0.00850090
v -0.04141249 -0.07345628 0.02084942
v -0.04141248 -0.07280637 0.02006217
v -0.04141249 -0.08864649 0.01924903
v -0.04141249 -0.08921659 0.01736098
v -0.04141247 -0.05605888 0.00924991
v -0.04141248 -0.07026763 0.01840957
v -0.04141243 -0.09005232 -0.00820942
v -0.04141243 -0.06439485 -0.00427430
v -0.04141244 -0.06717275 -0.00623058
v -0.04141247 -0.05616586 0.00819250
v -0.04141247 -0.05609907 0.00773731
v -0.04141247 -0.09592254 0.00949565
v -0.04141247 -0.05702082 0.00534165
v -0.04141246 -0.05824966 0.00292091
v -0.04141248 -0.05195180 0.01130360
v -0.04141248 -0.05282454 0.01150373
v -0.04141248 -0.05160502 0.01542120
v -0.04141250 -0.05191788 0.02005435
v -0.04141248 -0.07203501 0.01937458
v -0.04141248 -0.07119562 0.01882894
v -0.04141248 -0.06928513 0.01813821
v -0.04141248 -0.06825986 0.01801928
v -0.04141247 -0.05560102 0.01020904
v -0.04141248 -0.06725249 0.01805535
v -0.04141248 -0.05484611 0.01095715
v -0.04141248 -0.06624535 0.01824571
v -0.04141248 -0.05388287 0.01140631
v -0.04141250 -0.05257081 0.02190980
v -0.04141250 -0.05214384 0.02136644
v -0.04141248 -0.09314351 0.01114509
v -0.04141248 -0.09211106 0.01174498
v -0.04141248 -0.09120709 0.01251258
v -0.04141248 -0.09045602 0.01342745
v -0.04141248 -0.08987930 0.01446360
v -0.04141248 -0.08949067 0.01559080
v -0.04141249 -0.08932126 0.01659841
v -0.04141249 -0.07392822 0.02145749
v -0.04141250 -0.08766830 0.02096158
v -0.04141250 -0.08633163 0.02241176
v -0.04141247 -0.09577115 0.00997150
v -0.04141247 -0.09538192 0.01038051
v -0.04141247 -0.09505676 0.01052572
v -0.04141247 -0.09426371 0.01073821
v -0.04141244 -0.07018366 -0.00780476
v -0.04141243 -0.07337537 -0.00896953
v -0.04141243 -0.07669249 -0.00970468
v -0.04141243 -0.08007745 -0.00999744
v -0.04141243 -0.08347153 -0.00984274
v -0.04141242 -0.08681583 -0.00924327
v -0.04141243 -0.09312484 -0.00675914
v -0.04141243 -0.09598008 -0.00491758
v -0.04141243 -0.09654272 -0.00436819
v -0.04141243 -0.09699855 -0.00280310
v -0.04141244 -0.06189820 -0.00196987
v -0.04141244 -0.05972611 0.00064274
v -0.04141243 -0.09688111 -0.00374814
v -0.04141243 -0.09700606 -0.00308863
v -0.04141250 -0.08470429 0.02352599
v -0.04141251 -0.07706937 0.02380155
v -0.04141250 -0.07536595 0.02280753
v -0.04141250 -0.08286887 0.02424774
v -0.04141250 -0.08091848 0.02454040
v -0.04141251 -0.07895206 0.02438911
v -0.03823774 -0.09979367 -0.00096297
v -0.03830702 -0.09977344 -0.00087201
v -0.03924282 -0.09982803 -0.00338917
v -0.03839161 -0.09974676 -0.00073820
v -0.03853882 -0.09879575 0.00983428
v -0.03924285 -0.09867965 0.00973687
v -0.03853879 -0.09969526 -0.00044722
v -0.03847093 -0.09971973 -0.00058966
v -0.03894264 -0.09999642 -0.00470651
v -0.03886823 -0.10002325 -0.00486268
v -0.03471243 -0.10077475 -0.00504463
v -0.03868461 -0.10008445 -0.00519074
v -0.03839289 -0.10017285 -0.00561100
v -0.03915657 -0.09990453 -0.00408904
v -0.03727200 -0.05252232 0.02303543
v -0.03732390 -0.05284305 0.02371012
v -0.03719546 -0.05252354 0.02304011
v -0.03751925 -0.05421894 0.02449895
v -0.03839302 -0.05493015 0.02429803
v -0.03754273 -0.05496980 0.02444262
v -0.03744211 -0.05344663 0.02424662
v -0.03471250 -0.05264478 0.02349446
v -0.03477068 -0.05283588 0.02395315
v -0.03559969 -0.05395612 0.02475073
v -0.03519467 -0.05347434 0.02458338
v -0.03493947 -0.05312463 0.02432505
v -0.03484365 -0.05297229 0.02415512
v -0.03664718 -0.05500972 0.02459540
v -0.03642613 -0.05480438 0.02467806
v -0.03621306 -0.05459863 0.02473493
v -0.03591815 -0.05429992 0.02477302
v -0.03567645 -0.05404130 0.02476311
v -0.03769732 -0.08060266 0.04178381
v -0.03771253 -0.08060266 0.04170727
v -0.03771254 -0.08397834 0.04148649
v -0.03769730 -0.07067547 0.03981350
v -0.03771253 -0.07070470 0.03974276
v -0.03771253 -0.07390881 0.04082792
v -0.03770327 -0.06266358 0.03457862
v -0.03771253 -0.06247865 0.03431628
v -0.03771253 -0.06485408 0.03637363
v -0.03769730 -0.09639775 0.03643442
v -0.03770521 -0.09855565 0.03455631
v -0.03770327 -0.09854174 0.03457862
v -0.03771253 -0.09635124 0.03637363
v -0.03771253 -0.09872668 0.03431628
v -0.03769730 -0.06480758 0.03643442
v -0.03771253 -0.06766921 0.03824952
v -0.03769730 -0.06763103 0.03831584
v -0.03771253 -0.07722698 0.04148649
v -0.03769732 -0.07388905 0.04090185
v -0.03769732 -0.07721701 0.04156237
v -0.03771254 -0.08729650 0.04082792
v -0.03769732 -0.08398830 0.04156237
v -0.03769732 -0.08731627 0.04090185
v -0.03769731 -0.09357430 0.03831585
v -0.03771254 -0.09353610 0.03824952
v -0.03769731 -0.09052985 0.03981350
v -0.03771254 -0.09050062 0.03974276
v -0.03765396 -0.06909757 0.03917136
v -0.03765396 -0.06759865 0.03837208
v -0.03765395 -0.06568082 0.03715336
v -0.03765395 -0.06476815 0.03648595
v -0.03765395 -0.06279085 0.03481087
v -0.03765396 -0.07065069 0.03987346
v -0.03765396 -0.07278110 0.04064716
v -0.03765396 -0.07864654 0.04177517
v -0.03765396 -0.07720856 0.04162671
v -0.03765396 -0.07664600 0.04154656
v -0.03765396 -0.07387230 0.04096454
v -0.03765396 -0.08060266 0.04184869
v -0.03765396 -0.08255878 0.04177517
v -0.03765396 -0.08842422 0.04064716
v -0.03765395 -0.08733303 0.04096454
v -0.03765395 -0.08648782 0.04117543
v -0.03765395 -0.08399675 0.04162671
v -0.03765396 -0.09055463 0.03987346
v -0.03765396 -0.09210775 0.03917135
v -0.03765396 -0.09360668 0.03837208
v -0.03765396 -0.09552449 0.03715336
v -0.03765395 -0.09643718 0.03648595
v -0.03765395 -0.09841447 0.03481087
v -0.03769729 -0.10128193 0.03153941
v -0.03771252 -0.10122103 0.03149303
v -0.03771251 -0.10307875 0.02869455
v -0.03765394 -0.10133354 0.03157872
v -0.03765395 -0.09962341 0.03360192
v -0.03771253 -0.09912883 0.03391413
v -0.03770521 -0.09936886 0.03374310
v -0.03770327 -0.09939116 0.03372920
v -0.03769726 -0.10638607 0.01249045
v -0.03770515 -0.10583116 0.00962547
v -0.03770322 -0.10584352 0.00964866
v -0.03771247 -0.10631016 0.01250017
v -0.03771246 -0.10570880 0.00935734
v -0.03771251 -0.10455893 0.02567932
v -0.03769729 -0.10314512 0.02873266
v -0.03769728 -0.10462967 0.02570852
v -0.03769726 -0.10659628 0.01585277
v -0.03771247 -0.10651974 0.01585258
v -0.03769727 -0.10636987 0.01921403
v -0.03771250 -0.10629400 0.01920395
v -0.03769727 -0.10571064 0.02251777
v -0.03771250 -0.10563671 0.02249797
v -0.03765394 -0.10185741 0.03086610
v -0.03765393 -0.10522960 0.02430852
v -0.03765393 -0.10468965 0.02573328
v -0.03765393 -0.10377663 0.02770719
v -0.03765394 -0.10320139 0.02876497
v -0.03765393 -0.10577331 0.02253457
v -0.03765391 -0.10618710 0.02073846
v -0.03765390 -0.10643419 0.01922257
v -0.03765390 -0.10662985 0.01706884
v -0.03765390 -0.10666116 0.01585292
v -0.03765389 -0.10654894 0.01337350
v -0.03765389 -0.10645044 0.01248222
v -0.03765389 -0.10598102 0.00987502
v -0.03776880 -0.10040236 -0.00093273
v -0.03775766 -0.10041478 -0.00096005
v -0.03769722 -0.10075478 -0.00062830
v -0.03765387 -0.10080509 -0.00066928
v -0.03801379 -0.09997854 -0.00109171
v -0.03796985 -0.10002534 -0.00110487
v -0.03797805 -0.10004291 -0.00105869
v -0.03783455 -0.10020474 -0.00110438
v -0.03770766 -0.10047320 -0.00098517
v -0.03828672 -0.09980308 -0.00081966
v -0.03830301 -0.09978495 -0.00085098
v -0.03818455 -0.09986804 -0.00086741
v -0.03798378 -0.10004450 -0.00099764
v -0.03813796 -0.09990239 -0.00090673
v -0.03786678 -0.10019673 -0.00100321
v -0.03780685 -0.10030340 -0.00096523
v -0.03776672 -0.10039786 -0.00090698
v -0.03771245 -0.10069545 -0.00057996
v -0.03770322 -0.10553262 0.00848833
v -0.03770515 -0.10553350 0.00851460
v -0.03769724 -0.10480288 0.00630216
v -0.03771246 -0.10556161 0.00880799
v -0.03771246 -0.10473163 0.00633010
v -0.03765389 -0.10553851 0.00822356
v -0.03771245 -0.10362709 0.00389158
v -0.03769723 -0.10369508 0.00385644
v -0.03771245 -0.10227688 0.00158001
v -0.03769722 -0.10234089 0.00153804
v -0.03765387 -0.10182267 0.00066528
v -0.03765387 -0.10239515 0.00150247
v -0.03765388 -0.10375272 0.00382665
v -0.03765388 -0.10452142 0.00544881
v -0.03765388 -0.10486329 0.00627847
v -0.03775777 -0.05628473 0.02461179
v -0.03771250 -0.05634389 0.02491214
v -0.03769704 -0.05627172 0.02493928
v -0.03800553 -0.05628854 0.02411686
v -0.03807377 -0.05630945 0.02398672
v -0.03812353 -0.05635851 0.02396449
v -0.03766343 -0.05616701 0.02481522
v -0.03779219 -0.05615256 0.02439562
v -0.03778496 -0.05620910 0.02450784
v -0.03765392 -0.05621152 0.02496191
v -0.03790247 -0.05635355 0.02430054
v -0.03779269 -0.05629188 0.02451271
v -0.03779257 -0.05625097 0.02451304
v -0.03829319 -0.05662479 0.02389240
v -0.03826964 -0.05667882 0.02389771
v -0.03814435 -0.05655721 0.02400699
v -0.03853885 -0.05696241 0.02372686
v -0.03843838 -0.05679268 0.02379068
v -0.03832136 -0.05661127 0.02386065
v -0.03829993 -0.05658026 0.02387287
v -0.03799574 -0.05642537 0.02416988
v -0.03800675 -0.05637907 0.02416451
v -0.03801037 -0.05633151 0.02414645
v -0.03819082 -0.05643525 0.02393165
v -0.03769705 -0.05869417 0.02978010
v -0.03765393 -0.05729907 0.02745170
v -0.03769705 -0.05735659 0.02742291
v -0.03769705 -0.06026990 0.03198519
v -0.03765393 -0.05979726 0.03148040
v -0.03765393 -0.05863996 0.02981471
v -0.03770327 -0.06181415 0.03372919
v -0.03765374 -0.06158139 0.03360167
v -0.03765393 -0.06021960 0.03202526
v -0.03770506 -0.06183471 0.03374200
v -0.03771252 -0.06033021 0.03193715
v -0.03771253 -0.06207649 0.03391413
v -0.03771251 -0.05875915 0.02973860
v -0.03771250 -0.05742555 0.02738841
v -0.04138286 -0.07331771 0.02094713
v -0.04138353 -0.07268509 0.02017879
v -0.04138401 -0.07194562 0.01951683
v -0.04138431 -0.07111567 0.01897445
v -0.04138441 -0.07021143 0.01856493
v -0.04138431 -0.06925356 0.01830086
v -0.04138401 -0.06826631 0.01818634
v -0.04138353 -0.06727114 0.01822220
v -0.04138286 -0.06628953 0.01840942
v -0.04129806 -0.06728783 0.01837190
v -0.04129991 -0.06826030 0.01833596
v -0.04130104 -0.06922507 0.01844730
v -0.04130143 -0.07016074 0.01870504
v -0.04130105 -0.07104386 0.01910522
v -0.04129992 -0.07185454 0.01963567
v -0.04129807 -0.07257655 0.02028321
v -0.04129551 -0.07319363 0.02103464
v -0.04141248 -0.05256916 0.02191406
v -0.04136924 -0.05247600 0.02214580
v -0.04138312 -0.08948940 0.01661368
v -0.04138197 -0.08938579 0.01739184
v -0.04138198 -0.08780709 0.02106316
v -0.04138197 -0.08880450 0.01931697
v -0.04138198 -0.08644416 0.02254183
v -0.04138198 -0.08478487 0.02367795
v -0.04138198 -0.08291339 0.02441388
v -0.04138198 -0.08092468 0.02471228
v -0.04138199 -0.07891963 0.02455802
v -0.04138199 -0.07699998 0.02395892
v -0.04138198 -0.07526310 0.02294538
v -0.04138198 -0.07379711 0.02156881
v -0.04129552 -0.07692631 0.02408970
v -0.04129552 -0.07637339 0.02382206
v -0.04129551 -0.07377081 0.02176712
v -0.04129551 -0.07482368 0.02279027
v -0.04129551 -0.07541835 0.02324140
v -0.04129552 -0.07844893 0.02460829
v -0.04129552 -0.07921822 0.02476129
v -0.04129553 -0.08155148 0.02481777
v -0.04129553 -0.08062462 0.02486746
v -0.04129553 -0.07952005 0.02480270
v -0.04129553 -0.08485486 0.02380994
v -0.04129553 -0.08387482 0.02425721
v -0.04129553 -0.08384810 0.02426749
v -0.04129553 -0.08295206 0.02455819
v -0.04129552 -0.08668871 0.02252501
v -0.04129552 -0.08600482 0.02308500
v -0.04129552 -0.08582465 0.02321505
v -0.04129553 -0.08487271 0.02380045
v -0.04129552 -0.08754139 0.02164270
v -0.04129551 -0.08952975 0.01743511
v -0.04129552 -0.08914274 0.01886678
v -0.04129552 -0.08882641 0.01963313
v -0.04129552 -0.08814094 0.02084710
v -0.04129551 -0.08964134 0.01662749
v -0.04128871 -0.05229526 0.02209020
v -0.04134207 -0.05225281 0.02189632
v -0.04138454 -0.09042498 0.01378051
v -0.04138464 -0.09101082 0.01297085
v -0.04138452 -0.09171578 0.01226494
v -0.04138422 -0.09252058 0.01167722
v -0.04138373 -0.09340647 0.01121576
v -0.04138231 -0.09430798 0.01090340
v -0.04138378 -0.08965570 0.01562235
v -0.04138426 -0.08997045 0.01467115
v -0.04129834 -0.08984611 0.01548690
v -0.04130074 -0.09085550 0.01340869
v -0.04130001 -0.09025751 0.01439619
v -0.04129958 -0.09009885 0.01474928
v -0.04130078 -0.09110324 0.01309462
v -0.04130060 -0.09162774 0.01254302
v -0.04129959 -0.09253582 0.01183975
v -0.04129793 -0.09342292 0.01136811
v -0.04129550 -0.09434690 0.01104866
v -0.04140116 -0.09508474 0.01062766
v -0.04129550 -0.09514183 0.01083566
v -0.04138231 -0.09609291 0.00951055
v -0.04138353 -0.09599055 0.00989925
v -0.04141246 -0.09577115 0.00997150
v -0.04138394 -0.09577920 0.01024574
v -0.04138353 -0.09547733 0.01051737
v -0.04130021 -0.09564677 0.01058062
v -0.04130058 -0.09602568 0.01016066
v -0.04130089 -0.09589195 0.01034716
v -0.04129964 -0.09612733 0.00996301
v -0.04129672 -0.09622817 0.00962517
v -0.04129548 -0.09624273 0.00952366
v -0.04138229 -0.09716891 -0.00278820
v -0.04129546 -0.09731872 -0.00277509
v -0.04137437 -0.09609415 -0.00507120
v -0.04137913 -0.09656721 -0.00461298
v -0.04138358 -0.09712848 -0.00345108
v -0.04138278 -0.09691878 -0.00406535
v -0.04130656 -0.09726066 -0.00353474
v -0.04128242 -0.09652770 -0.00489172
v -0.04130276 -0.09699502 -0.00424873
v -0.04130513 -0.09707321 -0.00409190
v -0.04126599 -0.09619086 -0.00520143
v -0.04126598 -0.08202896 -0.01031741
v -0.04126598 -0.08351085 -0.01019410
v -0.04137437 -0.08349282 -0.01003290
v -0.04126598 -0.09195056 -0.00776540
v -0.04126598 -0.09329649 -0.00706823
v -0.04137437 -0.09321773 -0.00692642
v -0.04126599 -0.09551999 -0.00568336
v -0.04137436 -0.07010636 -0.00797980
v -0.04137437 -0.08007356 -0.01018874
v -0.04137437 -0.09012242 -0.00838746
v -0.04137437 -0.08686192 -0.00942898
v -0.04137437 -0.07666348 -0.00989381
v -0.04137436 -0.07332176 -0.00915321
v -0.04137437 -0.06707312 -0.00639394
v -0.04137437 -0.06427462 -0.00442315
v -0.04137438 -0.06175945 -0.00210162
v -0.04137438 -0.05957124 0.00053037
v -0.04126598 -0.09018185 -0.00853839
v -0.04126598 -0.08809751 -0.00925913
v -0.04126598 -0.08405697 -0.01012716
v -0.04126598 -0.08611796 -0.00976803
v -0.04126598 -0.08690100 -0.00958641
v -0.04126598 -0.08007026 -0.01035092
v -0.04126598 -0.07790444 -0.01021675
v -0.04126598 -0.07189276 -0.00886297
v -0.04126598 -0.07327631 -0.00930892
v -0.04126598 -0.07384711 -0.00946854
v -0.04126598 -0.07663889 -0.01005414
v -0.04126599 -0.07004084 -0.00812819
v -0.04126599 -0.06811736 -0.00718279
v -0.04126600 -0.06306509 -0.00360242
v -0.04126599 -0.06417269 -0.00454933
v -0.04126599 -0.06465394 -0.00492885
v -0.04126599 -0.06698865 -0.00653243
v -0.04126600 -0.06164182 -0.00221331
v -0.04126601 -0.06023294 -0.00060231
v -0.04126601 -0.05943994 0.00043511
v -0.04137439 -0.05808382 0.00282544
v -0.04141242 -0.05609282 0.00773701
v -0.04136480 -0.05587802 0.00772774
v -0.04137439 -0.05684588 0.00526414
v -0.04126602 -0.05573189 0.00772281
v -0.04126602 -0.05669758 0.00519843
v -0.04126602 -0.05694825 0.00464983
v -0.04126601 -0.05794325 0.00274451
v -0.04106360 -0.05203151 0.01082122
v -0.04091247 -0.05203566 0.01079752
v -0.04091247 -0.05286475 0.01100535
v -0.04137440 -0.05597501 0.00820616
v -0.04119996 -0.05566900 0.00770256
v -0.04126602 -0.05581321 0.00821773
v -0.04110381 -0.05570510 0.00822547
v -0.04110166 -0.05559055 0.00762600
v -0.04091246 -0.05566714 0.00822819
v -0.04091246 -0.05546683 0.00739725
v -0.04110381 -0.05286168 0.01104328
v -0.04110392 -0.05202894 0.01083613
v -0.04126603 -0.05285296 0.01115132
v -0.04126612 -0.05201010 0.01094598
v -0.04120854 -0.05201864 0.01089589
v -0.04139412 -0.05197339 0.01116786
v -0.04091247 -0.05325414 0.01100750
v -0.04110381 -0.05376230 0.01096038
v -0.04091247 -0.05375237 0.01092364
v -0.04091247 -0.05456025 0.01054693
v -0.04110381 -0.05458201 0.01057815
v -0.04091246 -0.05519340 0.00991948
v -0.04110381 -0.05522443 0.00994152
v -0.04091246 -0.05530242 0.00975285
v -0.04110381 -0.05561406 0.00912531
v -0.04091246 -0.05557740 0.00911505
v -0.04091246 -0.05566896 0.00857197
v -0.04126602 -0.05571843 0.00915455
v -0.04126602 -0.05531279 0.01000429
v -0.04126603 -0.05464398 0.01066708
v -0.04126603 -0.05379060 0.01106501
v -0.04137440 -0.05587462 0.00919830
v -0.04137440 -0.05544503 0.01009823
v -0.04137440 -0.05473671 0.01080017
v -0.04137440 -0.05383294 0.01122160
v -0.04137440 -0.05283993 0.01131300
v -0.04132299 -0.05199853 0.01101485
v -0.03771247 -0.09977680 0.00992012
v -0.03780864 -0.09935055 0.00988282
v -0.03794297 -0.09914058 0.00986445
v -0.03821972 -0.09890994 0.00984427
v -0.03813414 -0.09896411 0.00984901
v -0.03850719 -0.09836963 0.01130955
v -0.03851151 -0.09850939 0.01101058
v -0.03820117 -0.09861825 0.01105576
v -0.03776537 -0.09673539 0.01369820
v -0.03771247 -0.09710171 0.01388248
v -0.03771248 -0.09614594 0.01424721
v -0.03776455 -0.09735379 0.01336460
v -0.03771247 -0.09796094 0.01332928
v -0.03776390 -0.09839404 0.01244671
v -0.03771247 -0.09864629 0.01265838
v -0.03771247 -0.09959892 0.01087322
v -0.03771247 -0.09921464 0.01181759
v -0.03776455 -0.09911734 0.01126288
v -0.03793135 -0.09815750 0.01224823
v -0.03776537 -0.09933849 0.01059594
v -0.03793424 -0.09883101 0.01114405
v -0.03850242 -0.09789164 0.01202514
v -0.03819501 -0.09798180 0.01210080
v -0.03821972 -0.09592072 0.01340669
v -0.03853883 -0.09589105 0.01329596
v -0.03853253 -0.09610540 0.01323307
v -0.03820117 -0.09706315 0.01290905
v -0.03811531 -0.09593833 0.01347242
v -0.03793425 -0.09718704 0.01310325
v -0.03794298 -0.09598064 0.01363032
v -0.03781884 -0.09602978 0.01381371
v -0.03851152 -0.09699976 0.01280970
v -0.03850571 -0.09738494 0.01252850
v -0.03771248 -0.09535031 0.01446040
v -0.03781884 -0.09523415 0.01402690
v -0.03794644 -0.09518394 0.01383952
v -0.03811532 -0.09514270 0.01368561
v -0.03822200 -0.09512476 0.01361864
v -0.03853883 -0.09509542 0.01350915
v -0.03771248 -0.09492701 0.01460847
v -0.03771248 -0.09452636 0.01482208
v -0.03776706 -0.09435493 0.01455049
v -0.03771248 -0.09427740 0.01499873
v -0.03771248 -0.09373177 0.01556485
v -0.03776639 -0.09361883 0.01520006
v -0.03822201 -0.09230743 0.01694007
v -0.03820376 -0.09260768 0.01582371
v -0.03811532 -0.09237643 0.01694685
v -0.03793776 -0.09281836 0.01591328
v -0.03771248 -0.09335588 0.01625525
v -0.03771248 -0.09317470 0.01702528
v -0.03776706 -0.09309979 0.01603216
v -0.03781885 -0.09272806 0.01698140
v -0.03794644 -0.09253500 0.01696243
v -0.03819767 -0.09321265 0.01485605
v -0.03793486 -0.09338748 0.01500411
v -0.03820372 -0.09406845 0.01409930
v -0.03793774 -0.09419144 0.01429240
v -0.03851204 -0.09400330 0.01399832
v -0.03850315 -0.09311877 0.01477657
v -0.03851209 -0.09249736 0.01577608
v -0.03853884 -0.09219462 0.01692899
v -0.03822202 -0.07104103 0.02263839
v -0.03853885 -0.07113317 0.02257239
v -0.03853885 -0.07206629 0.02371481
v -0.03794645 -0.07085512 0.02277154
v -0.03811534 -0.07098465 0.02267876
v -0.03811534 -0.07193241 0.02383910
v -0.03781885 -0.09248026 0.01850434
v -0.03811532 -0.09213582 0.01842563
v -0.03771248 -0.09291778 0.01860432
v -0.03781885 -0.09204197 0.01998375
v -0.03771249 -0.09246334 0.02013823
v -0.03781886 -0.09136318 0.02150461
v -0.03771249 -0.09175955 0.02171511
v -0.03781886 -0.09048333 0.02291870
v -0.03771250 -0.09084729 0.02318129
v -0.03781886 -0.08941885 0.02419958
v -0.03771250 -0.08974360 0.02450935
v -0.03781886 -0.08818964 0.02532332
v -0.03771250 -0.08846911 0.02567449
v -0.03781887 -0.08681865 0.02626893
v -0.03771250 -0.08704762 0.02665493
v -0.03781887 -0.08533152 0.02701874
v -0.03771250 -0.08550572 0.02743236
v -0.03781887 -0.08375603 0.02755874
v -0.03771251 -0.08387219 0.02799224
v -0.03781887 -0.08212162 0.02787883
v -0.03771251 -0.08217757 0.02832413
v -0.03781887 -0.08045882 0.02797304
v -0.03771251 -0.08045352 0.02842180
v -0.03781887 -0.07879871 0.02783960
v -0.03771251 -0.07873226 0.02828345
v -0.03781887 -0.07717231 0.02748101
v -0.03771251 -0.07704595 0.02791165
v -0.03781887 -0.07561000 0.02690396
v -0.03771251 -0.07542609 0.02731335
v -0.03781887 -0.07414100 0.02611925
v -0.03771251 -0.07390297 0.02649974
v -0.03781887 -0.07279272 0.02514154
v -0.03771251 -0.07250503 0.02548601
v -0.03781887 -0.07167346 0.02407948
v -0.03771250 -0.07134455 0.02438483
v -0.03781887 -0.07069740 0.02288450
v -0.03771250 -0.07033254 0.02314582
v -0.03811534 -0.07301921 0.02487035
v -0.03811534 -0.07432838 0.02581971
v -0.03811534 -0.07575479 0.02658167
v -0.03811534 -0.07727179 0.02714197
v -0.03811534 -0.07885103 0.02749017
v -0.03811534 -0.08046299 0.02761973
v -0.03811534 -0.08207757 0.02752826
v -0.03811534 -0.08366459 0.02721745
v -0.03811534 -0.08519439 0.02669312
v -0.03811534 -0.08663840 0.02596505
v -0.03811534 -0.08796962 0.02504686
v -0.03811533 -0.08916318 0.02395571
v -0.03811533 -0.09019680 0.02271197
v -0.03811533 -0.09105112 0.02133889
v -0.03811533 -0.09171022 0.01986214
v -0.03853885 -0.07313631 0.02473013
v -0.03853885 -0.07442527 0.02566483
v -0.03853885 -0.07582965 0.02641502
v -0.03853885 -0.07732322 0.02696668
v -0.03853887 -0.07887807 0.02730949
v -0.03853887 -0.08046515 0.02743706
v -0.03853887 -0.08205479 0.02734700
v -0.03853886 -0.08361731 0.02704099
v -0.03853886 -0.08512348 0.02652475
v -0.03853886 -0.08654519 0.02580793
v -0.03853886 -0.08785586 0.02490392
v -0.03853885 -0.08903100 0.02382961
v -0.03853885 -0.09004864 0.02260508
v -0.03853885 -0.09088978 0.02125321
v -0.03853885 -0.09153870 0.01979926
v -0.03853884 -0.09195771 0.01838493
v -0.03771250 -0.07004494 0.02280174
v -0.03771250 -0.06970397 0.02250193
v -0.03776707 -0.06989783 0.02224589
v -0.03771250 -0.06945099 0.02233111
v -0.03771250 -0.06872902 0.02201968
v -0.03776640 -0.06903074 0.02178556
v -0.03771250 -0.06795049 0.02191089
v -0.03771250 -0.06716596 0.02201238
v -0.03776708 -0.06806917 0.02159265
v -0.03780866 -0.06705523 0.02159907
v -0.03793778 -0.06808137 0.02128737
v -0.03794645 -0.06699961 0.02139149
v -0.03820379 -0.06809104 0.02105864
v -0.03813416 -0.06695483 0.02122437
v -0.03819770 -0.06920973 0.02128428
v -0.03793488 -0.06913272 0.02150005
v -0.03820372 -0.07021929 0.02181892
v -0.03793775 -0.07008185 0.02200201
v -0.03851202 -0.07029086 0.02172238
v -0.03850316 -0.06925105 0.02116842
v -0.03851214 -0.06809677 0.02093863
v -0.03853884 -0.06691108 0.02106112
v -0.03841244 -0.09987096 -0.00588321
v -0.04027960 -0.09856191 -0.00309404
v -0.03851523 -0.05394248 0.00464182
v -0.03859217 -0.05393576 0.00485914
v -0.03880372 -0.05399214 0.00528584
v -0.03917923 -0.05419609 0.00579972
v -0.03932778 -0.05429554 0.00595728
v -0.03984445 -0.05469112 0.00637803
v -0.03875417 -0.05397308 0.00519943
v -0.03841246 -0.05410800 0.00399889
v -0.03841849 -0.05404850 0.00414851
v -0.03471246 -0.10709733 0.00399890
v -0.03477991 -0.10724797 0.00451539
v -0.03528559 -0.10712497 0.00556008
v -0.03496374 -0.10725895 0.00502301
v -0.03614444 -0.10651421 0.00637804
v -0.03598439 -0.10664366 0.00626582
v -0.03581138 -0.10677700 0.00612710
v -0.03534310 -0.10709254 0.00563595
v -0.03481525 -0.10926521 0.01211473
v -0.03489218 -0.10916235 0.01192318
v -0.03510373 -0.10890018 0.01158182
v -0.03547924 -0.10846662 0.01123876
v -0.03562779 -0.10830171 0.01115204
v -0.03614445 -0.10774876 0.01098544
v -0.03505419 -0.10895989 0.01164713
v -0.03471247 -0.10944332 0.01275428
v -0.03471851 -0.10942003 0.01259496
v -0.03471252 -0.10406148 0.03283956
v -0.03477997 -0.10368952 0.03322827
v -0.03528566 -0.10272329 0.03364409
v -0.03496381 -0.10325540 0.03349159
v -0.03614450 -0.10170954 0.03352414
v -0.03598445 -0.10187145 0.03358014
v -0.03581145 -0.10205825 0.03362625
v -0.03534316 -0.10264137 0.03365394
v -0.03481530 -0.09811691 0.03877492
v -0.03489223 -0.09823138 0.03859007
v -0.03510380 -0.09839591 0.03819234
v -0.03547931 -0.09847623 0.03764533
v -0.03562786 -0.09846887 0.03745916
v -0.03614451 -0.09833668 0.03689699
v -0.03505426 -0.09836920 0.03827671
v -0.03471253 -0.09765210 0.03924895
v -0.03471856 -0.09777844 0.03914912
v -0.03471253 -0.06355322 0.03924894
v -0.03477998 -0.06316450 0.03887698
v -0.03528567 -0.06274869 0.03791075
v -0.03496382 -0.06290119 0.03844286
v -0.03614451 -0.06286865 0.03689699
v -0.03598446 -0.06281263 0.03705890
v -0.03581146 -0.06276652 0.03724570
v -0.03534317 -0.06273884 0.03782883
v -0.03481529 -0.05761787 0.03330437
v -0.03489223 -0.05780272 0.03341884
v -0.03510379 -0.05820043 0.03358337
v -0.03547930 -0.05874744 0.03366369
v -0.03562785 -0.05893362 0.03365633
v -0.03614451 -0.05949579 0.03352414
v -0.03505425 -0.05811607 0.03355667
v -0.03471252 -0.05714384 0.03283956
v -0.03471855 -0.05724366 0.03296589
v -0.03736503 -0.06298969 0.03538535
v -0.03649579 -0.06298220 0.03653306
v -0.03674646 -0.06303234 0.03624624
v -0.03723446 -0.06302654 0.03559336
v -0.03740601 -0.09823199 0.03531548
v -0.03749372 -0.09827702 0.03515612
v -0.03700493 -0.09815530 0.03591970
v -0.03672631 -0.09817593 0.03627026
v -0.03471254 -0.08715213 0.04404086
v -0.03471255 -0.07619939 0.04445388
v -0.03471255 -0.07800248 0.04467331
v -0.03471253 -0.09720883 0.03956480
v -0.03471253 -0.09534124 0.04076559
v -0.03471254 -0.08831961 0.04374452
v -0.03471253 -0.09340642 0.04181057
v -0.03471253 -0.09318821 0.04191681
v -0.03471254 -0.09137202 0.04271633
v -0.03471255 -0.08500593 0.04445388
v -0.03471255 -0.08320285 0.04467332
v -0.03471255 -0.08277958 0.04470830
v -0.03471255 -0.08060266 0.04479012
v -0.03471255 -0.07842574 0.04470830
v -0.03471255 -0.07288572 0.04374453
v -0.03471255 -0.06983329 0.04271633
v -0.03471253 -0.06801711 0.04191681
v -0.03471253 -0.06779891 0.04181057
v -0.03471253 -0.06586408 0.04076559
v -0.03471253 -0.06399649 0.03956479
v -0.03674645 -0.10105878 0.03336044
v -0.03723445 -0.10040590 0.03336623
v -0.03736503 -0.10019790 0.03340309
v -0.03649578 -0.10134560 0.03341058
v -0.03740595 -0.10632678 0.01028536
v -0.03749367 -0.10621130 0.01016666
v -0.03700487 -0.10681172 0.01065387
v -0.03672625 -0.10712562 0.01081129
v -0.03471248 -0.10959604 0.01517010
v -0.03471248 -0.10957734 0.01700179
v -0.03471249 -0.10939688 0.01923877
v -0.03471249 -0.10908916 0.02122329
v -0.03471249 -0.10907499 0.02129702
v -0.03471250 -0.10861780 0.02328354
v -0.03471250 -0.10800943 0.02527006
v -0.03471250 -0.10798928 0.02532811
v -0.03471250 -0.10727363 0.02717694
v -0.03471251 -0.10630130 0.02922812
v -0.03471251 -0.10539148 0.03084050
v -0.03736053 -0.05565953 0.02429107
v -0.03471251 -0.05364171 0.02647222
v -0.03471251 -0.05298017 0.02462176
v -0.03471251 -0.05296627 0.02457817
v -0.03471252 -0.05632437 0.03165090
v -0.03700493 -0.06047307 0.03334276
v -0.03672631 -0.06012252 0.03336338
v -0.03749378 -0.06123675 0.03346451
v -0.03740599 -0.06107729 0.03341943
v -0.03471252 -0.05472327 0.02887664
v -0.03471251 -0.05441537 0.02824909
v -0.03841243 -0.06374444 -0.00780651
v -0.04070487 -0.05533683 0.00713369
v -0.04042625 -0.05514369 0.00684041
v -0.03841245 -0.05543114 0.00138891
v -0.03841245 -0.05660204 -0.00048780
v -0.03841244 -0.05800985 -0.00239133
v -0.03841244 -0.06115108 -0.00571887
v -0.03841244 -0.05893431 -0.00348377
v -0.03841244 -0.05984810 -0.00446447
v -0.03841243 -0.06675475 -0.00968998
v -0.03841243 -0.06816901 -0.01040920
v -0.03841242 -0.07094218 -0.01155354
v -0.03841242 -0.07298314 -0.01219101
v -0.03841242 -0.07310983 -0.01222520
v -0.03841242 -0.07537119 -0.01273412
v -0.03841241 -0.08316931 -0.01309608
v -0.03841241 -0.07991322 -0.01320169
v -0.03841242 -0.07803602 -0.01309608
v -0.03841242 -0.07760997 -0.01305506
v -0.03841241 -0.08822218 -0.01219100
v -0.03841241 -0.08671989 -0.01255737
v -0.03841241 -0.08443396 -0.01295569
v -0.03841241 -0.09110283 -0.01124221
v -0.03841243 -0.09303632 -0.01040920
v -0.03841243 -0.09318904 -0.01033618
v -0.03841243 -0.09522434 -0.00925398
v -0.03841243 -0.09714803 -0.00802692
v -0.03841243 -0.09746088 -0.00780651
v -0.03736498 -0.10565356 0.00762663
v -0.03471243 -0.10135722 -0.00446446
v -0.03471243 -0.10143982 -0.00437948
v -0.03471243 -0.10161637 -0.00419548
v -0.03471244 -0.10297059 -0.00266728
v -0.03471244 -0.10421792 -0.00104197
v -0.03471244 -0.10460328 -0.00048780
v -0.03471244 -0.10534114 0.00065713
v -0.03471246 -0.10635022 0.00244609
v -0.03723438 -0.10572564 0.00742806
v -0.03649573 -0.10623390 0.00663643
v -0.03674639 -0.10604707 0.00685976
v -0.03929304 -0.06780803 0.02077759
v -0.03930746 -0.06815150 0.02077352
v -0.03924331 -0.07119703 0.02244790
v -0.03929450 -0.07061700 0.02178076
v -0.03931162 -0.07028602 0.02150925
v -0.03932917 -0.06954842 0.02108642
v -0.03933001 -0.06933031 0.02099976
v -0.03932917 -0.06910783 0.02092684
v -0.03931171 -0.06827186 0.02077932
v -0.03924286 -0.09206789 0.01694872
v -0.03924286 -0.09207714 0.01685316
v -0.03924288 -0.09183487 0.01836525
v -0.03924288 -0.09144419 0.01969591
v -0.03924288 -0.09142215 0.01975653
v -0.03924289 -0.08777855 0.02480679
v -0.03924289 -0.08931392 0.02333383
v -0.03924289 -0.08994797 0.02253245
v -0.03924289 -0.09087920 0.02100419
v -0.03924289 -0.08602343 0.02595914
v -0.03924290 -0.08507530 0.02641034
v -0.03924288 -0.08339368 0.02697063
v -0.03924289 -0.08203932 0.02722383
v -0.03924289 -0.08203495 0.02722437
v -0.03924289 -0.08063053 0.02731370
v -0.03924289 -0.07922830 0.02723148
v -0.03924289 -0.07889646 0.02718672
v -0.03924289 -0.07786853 0.02698468
v -0.03924289 -0.07588052 0.02630178
v -0.03924288 -0.07192972 0.02337786
v -0.03924288 -0.07321588 0.02463485
v -0.03924289 -0.07402124 0.02524944
v -0.03929321 -0.09223786 0.01601100
v -0.03930765 -0.09235321 0.01568725
v -0.03931188 -0.09240021 0.01557680
v -0.03932921 -0.09282843 0.01484387
v -0.03933000 -0.09296963 0.01466562
v -0.03932910 -0.09313057 0.01448628
v -0.03931143 -0.09378294 0.01394091
v -0.03929434 -0.09415203 0.01372473
v -0.03924285 -0.09498003 0.01341155
v -0.03924285 -0.09577496 0.01319855
v -0.03929386 -0.09658162 0.01287354
v -0.03931240 -0.09698661 0.01262469
v -0.03932898 -0.09794178 0.01168291
v -0.03932995 -0.09764145 0.01205126
v -0.03928867 -0.09853261 0.01048239
v -0.03930852 -0.09837142 0.01092608
v -0.03931762 -0.09824866 0.01118467
v -0.04116246 -0.05199261 0.01105038
vn -0.94874899 0.27586216 0.15419284
vn 0.94873216 0.27584345 0.15432978
vn 0.71340970 0.02642755 0.70024866
vn -0.71349300 0.02639692 0.70016494
vn 0.70526580 -0.00225002 0.70893941
vn -0.99998491 -0.00362085 -0.00413177
vn -0.71557063 -0.06376832 0.69562366
vn -0.72399418 -0.09537341 0.68318105
vn 0.73178532 0.68152520 0.00369313
vn 0.97758990 0.20997994 0.01504689
vn 0.42674377 0.67745141 0.59912381
vn 0.71930324 -0.02589526 0.69421343
vn -0.53758080 0.58407362 0.60816519
vn 0.72615621 -0.02137169 0.68719751
vn -0.73177025 0.68154142 0.00368611
vn 0.72532951 -0.03511096 0.68750587
vn 0.72349968 -0.05391142 0.68821637
vn 0.69355404 -0.11942020 0.71043761
vn -0.71183718 -0.07966968 0.69781127
vn -0.99757887 -0.06843162 0.01238983
vn 0.69950146 -0.06221942 0.71191744
vn -0.71056830 -0.10713087 0.69542481
vn 0.97104582 -0.23801168 0.02050508
vn -0.71266131 -0.12110876 0.69097505
vn -0.72721894 -0.02491299 0.68595332
vn -0.72441978 -0.04325364 0.68800081
vn -0.72696641 -0.04590797 0.68513670
vn -0.70995666 -0.02370130 0.70384643
vn -0.71138679 -0.00449745 0.70278632
vn 0.70240612 -0.01820581 0.71154352
vn 0.69629241 -0.20399356 0.68815950
vn 0.69846029 -0.19973331 0.68721163
vn -0.42530895 0.67998981 0.59726557
vn -0.74739657 0.17892340 0.63983184
vn 0.53759738 0.58407255 0.60815155
vn -0.72605594 -0.00957083 0.68756903
vn -0.73116662 -0.02112967 0.68187162
vn -0.72114882 -0.12609892 0.68120734
vn 0.68344753 -0.19653417 0.70304609
vn 0.69151842 -0.20386667 0.69299398
vn 0.70017557 -0.18926937 0.68842667
vn 0.70743344 -0.15173590 0.69030004
vn 0.71294535 -0.10958377 0.69260402
vn 0.71633245 -0.08756152 0.69224331
vn -0.69222838 -0.63023501 0.35160161
vn 0.57307852 -0.24393513 0.78235328
vn -0.90128636 -0.10578218 0.42011073
vn 0.90127743 -0.10574497 0.42013926
vn 0.30539902 -0.67036524 -0.67627057
vn 0.25785813 -0.73651788 -0.62534039
vn 0.17722718 -0.75796706 -0.62775509
vn 0.69305629 -0.00173570 -0.72088138
vn 0.68188881 0.02051439 -0.73116811
vn 0.76416625 0.03506150 -0.64406571
vn 0.58498006 -0.23367789 -0.77665499
vn 0.51004580 -0.27467155 -0.81511277
vn 0.56718328 -0.14305977 -0.81107153
vn 0.91972859 0.02941661 -0.39145113
vn 0.91393439 0.07609982 -0.39866371
vn 0.84645316 0.05880342 -0.52920621
vn 0.00382912 -0.97924929 -0.20262321
vn 0.00549060 -0.97241087 -0.23321011
vn -0.00429621 -0.99194365 -0.12660700
vn 0.05194273 -0.86420622 -0.50044936
vn 0.10950898 -0.86952971 -0.48158683
vn 0.07574112 -0.90946173 -0.40883083
vn -0.00107011 -0.70188868 -0.71228585
vn 0.02949035 -0.76397201 -0.64457512
vn 0.01247272 -0.78518251 -0.61913880
vn 0.98821793 -0.14436694 -0.05082833
vn 0.97186415 -0.22586968 -0.06680533
vn 0.92551819 -0.15373467 -0.34609497
vn 0.93943863 -0.16354556 -0.30117756
vn 0.95430235 -0.10512152 -0.27974362
vn 0.95593386 -0.18692412 -0.22638423
vn 0.90602102 -0.09490082 -0.41245575
vn 0.88479220 -0.14530970 -0.44275034
vn 0.75322954 -0.07607986 -0.65334303
vn 0.81829674 -0.12637794 -0.56073083
vn 0.83464503 -0.08750846 -0.54379218
vn 0.57138708 -0.06889422 -0.81778383
vn 0.63898138 -0.07335832 -0.76571623
vn 0.65865301 -0.06412142 -0.74970972
vn 0.67810855 -0.08532765 -0.72999177
vn 0.73962793 -0.10669614 -0.66450467
vn 0.51666672 -0.04073051 -0.85521724
vn 0.50377556 -0.05085468 -0.86233636
vn 0.39956635 -0.02464725 -0.91637287
vn 0.35328509 -0.03224434 -0.93495987
vn 0.44223212 -0.04655043 -0.89569181
vn 0.12554614 -0.02080234 -0.99186966
vn 0.09052033 -0.01342691 -0.99580409
vn 0.21567268 -0.01985575 -0.97626382
vn 0.00654144 -0.02894680 -0.99955955
vn 0.01236078 -0.01196908 -0.99985197
vn 0.12646028 -0.04924756 -0.99074844
vn 0.00807719 -0.05680506 -0.99835262
vn 0.11785848 -0.09086499 -0.98886447
vn -0.01068598 -0.10796835 -0.99409690
vn 0.10733131 -0.15039683 -0.98278216
vn -0.00975086 -0.15755461 -0.98746213
vn 0.09300190 -0.23299845 -0.96801982
vn 0.00547863 -0.21549654 -0.97648924
vn 0.00822627 -0.28761606 -0.95771046
vn 0.08037886 -0.34260348 -0.93603531
vn 0.00257754 -0.33290225 -0.94295782
vn 0.03059414 -0.47092928 -0.88164030
vn 0.01794834 -0.43981139 -0.89791080
vn 0.02096736 -0.39409420 -0.91883085
vn 0.03059645 -0.54694584 -0.83660870
vn 0.12503165 -0.47787698 -0.86948300
vn 0.01207954 -0.59583256 -0.80301783
vn 0.08614480 -0.61342481 -0.78504081
vn 0.00302396 -0.64207303 -0.76663751
vn 0.07358193 -0.69602910 -0.71423329
vn 0.10667424 -0.76081692 -0.64013922
vn 0.02414783 -0.83534730 -0.54919192
vn -0.07524738 -0.89542499 -0.43880738
vn -0.00458978 -0.91890417 -0.39445413
vn 0.05342484 -0.94450808 -0.32411459
vn 0.00096654 -0.93968908 -0.34202851
vn 0.01830154 -0.96220504 -0.27171035
vn 0.71489542 -0.67972650 -0.16400127
vn 0.71372177 -0.68900083 -0.12601227
vn 0.03294083 -0.98193917 -0.18630719
vn 0.70350183 -0.70390037 -0.09802773
vn 0.00000012 -0.99951031 0.03129131
vn 0.00517988 -0.99794736 -0.06382973
vn 0.00218015 -0.99974482 0.02248424
vn 0.03680631 -0.99734334 -0.06286142
vn 0.00162580 -0.99983684 0.01799043
vn 0.69202022 -0.72181060 0.00987355
vn 0.69629020 -0.71368288 -0.07639828
vn 0.81490148 -0.42295702 -0.39628642
vn 0.75784468 -0.52863040 -0.38238898
vn 0.34471967 -0.72424743 -0.59718842
vn 0.75486846 -0.56730083 -0.32915555
vn 0.25694834 -0.80408008 -0.53612757
vn 0.73285186 -0.62176217 -0.27629685
vn 0.18726176 -0.86952089 -0.45701909
vn 0.72513178 -0.65469534 -0.21344299
vn 0.13139391 -0.91738688 -0.37568198
vn 0.84656613 -0.10275347 -0.52227149
vn 0.85980292 -0.11617861 -0.49723381
vn 0.74852210 -0.20004279 -0.63221637
vn 0.89909726 -0.14642140 -0.41253472
vn 0.65800763 -0.29769503 -0.69166729
vn 0.89197328 -0.20350884 -0.40369274
vn 0.57948742 -0.39262589 -0.71417032
vn 0.87200038 -0.27276213 -0.40646790
vn 0.51572620 -0.47905190 -0.71030681
vn 0.83105392 -0.01396254 -0.55601658
vn 0.89378941 -0.04020970 -0.44668073
vn 0.49357671 -0.11698411 -0.86179855
vn 0.97708647 0.04923754 -0.20706931
vn 0.97097448 0.03925288 -0.23594017
vn 0.87013233 0.06056365 -0.48908257
vn 0.95160406 0.01712197 -0.30684939
vn 0.96605963 0.03646220 -0.25573288
vn 0.99466138 0.04658787 -0.09207776
vn 0.95912812 0.08640213 -0.26945859
vn 0.99200226 0.05981415 -0.11114753
vn 0.99897270 0.03384031 -0.03013934
vn 0.99887335 0.03083976 -0.03606852
vn 0.99274156 0.03323955 -0.11558259
vn 0.99946772 0.01392254 -0.02950323
vn 0.99799263 -0.05457198 -0.03213427
vn 0.99998375 -0.00563155 0.00088305
vn 0.99997106 -0.00650901 0.00393774
vn -0.00063642 -0.99967686 0.02541204
vn 0.00838531 -0.99666023 -0.08122856
vn 0.03367322 -0.97761124 -0.20770742
vn 0.07237181 -0.95781974 -0.27810731
vn 0.09421889 -0.93331599 -0.34647375
vn 0.15211225 -0.88609534 -0.43783207
vn 0.20762113 -0.83336513 -0.51224607
vn 0.26696035 -0.77007612 -0.57940913
vn 0.32275348 -0.69836444 -0.63884059
vn 0.38831494 -0.61877427 -0.68288353
vn 0.68540166 -0.17003832 -0.70803357
vn 0.63481170 -0.25779567 -0.72839240
vn 0.58316216 -0.34243627 -0.73665412
vn 0.52582169 -0.43189110 -0.73279031
vn 0.46622948 -0.51526870 -0.71911629
vn 0.84225415 -0.35148943 -0.40873358
vn 0.98620007 0.05745573 -0.15526834
vn 0.80170056 0.02164051 -0.59733400
vn 0.96463330 -0.03289895 -0.26153443
vn 0.99069048 -0.04176596 -0.12956843
vn 0.98128046 -0.12172509 -0.14923693
vn 0.96727979 -0.20559006 -0.14866924
vn 0.62075789 -0.04206755 -0.78287289
vn 0.70430267 -0.00482651 -0.70988341
vn 0.65668217 -0.10488010 -0.74683913
vn 0.75825417 -0.05880077 -0.64930200
vn 0.58631367 0.02217142 -0.80978065
vn 0.67557410 0.00470928 -0.73727706
vn 0.77469302 0.01640559 -0.63212465
vn 0.85394808 0.02342502 -0.51983069
vn 0.91737218 -0.03288956 -0.39666933
vn 0.53556768 -0.02440870 -0.84413949
vn 0.84909191 -0.03197564 -0.52727649
vn 0.77065758 -0.02915564 -0.63658216
vn 0.67283730 -0.02819926 -0.73925284
vn 0.50519516 -0.00870057 -0.86296127
vn 0.56556254 -0.02319478 -0.82437917
vn 0.13055319 -0.82140369 -0.55520432
vn 0.26507544 -0.02504436 -0.96390238
vn 0.38710985 -0.03270410 -0.92145342
vn 0.25997821 -0.04332102 -0.96464222
vn 0.36428450 -0.06916143 -0.92871605
vn 0.24421671 -0.08443517 -0.96603773
vn 0.33383546 -0.12934792 -0.93371462
vn 0.22179334 -0.14413333 -0.96438234
vn 0.29895867 -0.21724946 -0.92920740
vn 0.19455519 -0.22922021 -0.95373286
vn 0.25992296 -0.33337936 -0.90625507
vn 0.16182633 -0.34179059 -0.92573832
vn 0.21406153 -0.47515136 -0.85346872
vn 0.15264017 -0.62490883 -0.76563042
vn 0.20948082 -0.80129793 -0.56039220
vn 0.16333016 -0.85610559 -0.49031263
vn 0.12114844 -0.90051921 -0.41759814
vn 0.07919404 -0.94165507 -0.32712998
vn 0.03514671 -0.97683891 -0.21106977
vn 0.01001841 -0.99591586 -0.08972862
vn -0.03444299 -0.99863226 -0.03933562
vn 0.00223034 -0.99970585 0.02415052
vn -0.00314428 -0.99967195 0.02541876
vn 0.47055134 -0.04822822 -0.88105362
vn 0.52721952 -0.08150477 -0.84581118
vn 0.43472171 -0.10813320 -0.89404935
vn 0.48119802 -0.17411001 -0.85914735
vn 0.39355341 -0.19877310 -0.89755499
vn 0.42857909 -0.29794357 -0.85296518
vn 0.34800792 -0.31878284 -0.88162803
vn 0.36428431 -0.44219904 -0.81960780
vn 0.29622874 -0.46399252 -0.83484099
vn 0.29367395 -0.59802672 -0.74573431
vn 0.24195462 -0.60329868 -0.75992675
vn 0.19847800 -0.69823410 -0.68780493
vn 0.44257995 -0.40406761 -0.80053255
vn 0.38713155 -0.50564100 -0.77100995
vn 0.35758375 -0.58244065 -0.72999777
vn 0.51155060 -0.29471686 -0.80712945
vn 0.50715709 -0.38693808 -0.77011077
vn 0.45887932 -0.47232167 -0.75255698
vn 0.40323384 -0.55833427 -0.72502780
vn 0.68754760 -0.71548852 0.12391320
vn -0.68737979 -0.68198400 0.24981363
vn 0.68737818 -0.68198451 0.24981667
vn -0.68753714 -0.71549762 0.12391867
vn -0.69181702 -0.72199590 0.01054194
vn -0.00289156 -0.99980832 0.01936394
vn 0.00022703 -0.99946751 0.03262879
vn 0.00119241 -0.99952310 0.03085695
vn 0.00138524 -0.99968803 0.02493838
vn 0.99999999 -0.00006104 0.00010562
vn 1.00000000 -0.00003814 0.00005272
vn 1.00000000 0.00001407 0.00000696
vn 1.00000000 -0.00001053 0.00001216
vn 1.00000000 -0.00000910 0.00001322
vn 1.00000000 -0.00000796 0.00001459
vn 1.00000000 -0.00000624 0.00001537
vn 1.00000000 -0.00000504 0.00001614
vn 1.00000000 0.00001014 0.00000011
vn 1.00000000 0.00001164 0.00000403
vn 1.00000000 0.00001551 0.00000012
vn 1.00000000 0.00001676 0.00000351
vn 1.00000000 0.00000913 -0.00000071
vn 1.00000000 0.00000948 -0.00000101
vn 1.00000000 0.00002140 0.00001995
vn 1.00000000 0.00002400 0.00002906
vn 1.00000000 0.00001214 0.00000629
vn 1.00000000 0.00001232 0.00000661
vn 1.00000000 0.00001190 0.00000844
vn 1.00000000 0.00001077 0.00001021
vn 1.00000000 0.00001006 0.00001257
vn 1.00000000 0.00000973 0.00001293
vn 1.00000000 0.00000873 0.00001436
vn 1.00000000 0.00000611 0.00001683
vn 1.00000000 0.00000510 0.00001729
vn 1.00000000 0.00000394 0.00001717
vn 1.00000000 0.00000232 0.00001709
vn 1.00000000 -0.00000085 0.00001853
vn 1.00000000 -0.00000224 0.00001755
vn 1.00000000 -0.00000305 0.00001721
vn -0.99996738 0.00675920 -0.00442186
vn -0.74923149 -0.58566345 -0.30927415
vn -0.73151625 -0.63202150 -0.25579835
vn -0.72280487 -0.65966647 -0.20589624
vn -0.71743438 -0.67671855 -0.16534786
vn -0.91611806 -0.11026155 -0.38544792
vn -0.92862710 -0.10672797 -0.35533202
vn -0.68193392 0.28674161 0.67286357
vn -0.72792182 -0.21240143 -0.65193210
vn -0.88001434 -0.20004379 -0.43076356
vn -0.70553168 -0.69449252 -0.14108576
vn -0.69634807 -0.71342147 -0.07828897
vn -0.99880276 0.03437250 -0.03480781
vn -0.99862972 0.03158645 -0.04172499
vn -0.99542593 0.04725717 -0.08303001
vn -0.95086414 0.01247204 -0.30935712
vn -0.96886234 0.02264820 -0.24656200
vn -0.97904837 0.04301339 -0.19903300
vn -0.68193372 0.71063799 0.17308971
vn -0.68193328 0.73139817 0.00486988
vn -0.69129698 -0.58624561 0.42240332
vn -0.99347211 0.04706835 -0.10391218
vn -0.98542336 0.05076916 -0.16236780
vn -0.68193431 0.71287899 -0.16361278
vn -0.69130184 0.66164743 -0.29038672
vn -0.83722090 -0.04668600 -0.54486841
vn -0.92915616 -0.07070407 -0.36286330
vn -0.92676118 -0.08031754 -0.36696432
vn -0.99996252 0.00679010 -0.00537072
vn -0.86717697 -0.25648408 -0.42687237
vn -0.84758123 -0.32558655 -0.41904589
vn -0.81295133 -0.39206118 -0.43057886
vn -0.68192978 -0.50306901 0.53093629
vn -0.68193056 -0.36735136 0.63247426
vn -0.68193089 -0.21190684 0.70004696
vn -0.79217990 -0.46508253 -0.39515725
vn -0.76951501 -0.53086158 -0.35501074
vn -0.68193378 0.43391783 0.58879677
vn -0.68193644 0.55779289 0.47310653
vn -0.68193349 0.65171574 0.33201400
vn -0.68193155 -0.04508177 0.73002533
vn -0.68193108 0.12416360 0.72080053
vn -0.08269183 -0.01276759 -0.99649338
vn -0.12192813 -0.01525485 -0.99242169
vn -0.23447644 -0.03062622 -0.97163925
vn -0.04197675 -0.01366107 -0.99902519
vn -0.13256009 -0.00587782 -0.99115754
vn -0.06374970 -0.01652580 -0.99782908
vn -0.24325203 -0.00252019 -0.96995984
vn -0.14991390 -0.03458492 -0.98809398
vn -0.35812136 -0.00520080 -0.93366056
vn -0.26117086 -0.04736044 -0.96413006
vn -0.46849011 -0.00734926 -0.88343817
vn -0.37641380 -0.05984628 -0.92451667
vn -0.57207634 -0.00778724 -0.82016341
vn -0.48421183 -0.07275331 -0.87192079
vn -0.66074588 -0.00801153 -0.75056692
vn -0.58006735 -0.08286055 -0.81034314
vn -0.73906467 -0.00782050 -0.67358908
vn -0.66622784 -0.08954415 -0.74035283
vn -0.81601157 -0.00785051 -0.57798225
vn -0.74787609 -0.09722698 -0.65667973
vn -0.88442858 -0.01046798 -0.46655815
vn -0.82851792 -0.10317970 -0.55037442
vn -0.93629718 -0.01579497 -0.35085339
vn -0.89593436 -0.10906244 -0.43058914
vn -0.97082828 -0.02477628 -0.23849233
vn -0.94171466 -0.11670920 -0.31551936
vn -0.98912219 -0.03923323 -0.14176760
vn -0.97057321 -0.12343539 -0.20676400
vn -0.99604591 -0.05523307 -0.06958346
vn -0.98741328 -0.12900148 -0.09150755
vn 0.00139445 -0.01080366 -0.99994067
vn 0.00134293 -0.01125162 -0.99993580
vn -0.01600257 -0.01071899 -0.99981449
vn 0.00708504 -0.01475501 -0.99986604
vn 0.00741460 -0.01077415 -0.99991447
vn -0.34619738 -0.04975736 -0.93684128
vn -0.23067941 -0.02238122 -0.97277237
vn -0.15769581 -0.00772832 -0.98745749
vn -0.53471514 -0.06790013 -0.84230000
vn -0.39883580 -0.03108780 -0.91649526
vn -0.43536977 -0.04932090 -0.89889967
vn -0.29855296 -0.02259251 -0.95412563
vn -0.31239839 -0.04095713 -0.94906784
vn -0.80243561 -0.10903667 -0.58669251
vn -0.68822464 -0.06481442 -0.72259667
vn -0.71747789 -0.09137551 -0.69056209
vn -0.60995409 -0.04910625 -0.79091376
vn -0.63022235 -0.08020108 -0.77226134
vn -0.55433945 -0.04512145 -0.83106668
vn -0.48466423 -0.02929970 -0.87420942
vn -0.92673856 -0.12873903 -0.35296162
vn -0.86348225 -0.07972690 -0.49803818
vn -0.87899065 -0.11754575 -0.46212384
vn -0.82330767 -0.07493720 -0.56262678
vn -0.76626424 -0.06654626 -0.63907019
vn -0.96211729 -0.14064688 -0.23355678
vn -0.94398683 -0.07486089 -0.32137938
vn -0.90791515 -0.08324879 -0.41080374
vn -0.99486925 -0.07523278 -0.06764018
vn -0.98727109 -0.09291540 -0.12908339
vn -0.98270114 -0.14768757 -0.11174461
vn -0.97592069 -0.09197315 -0.19778713
vn -0.96306161 -0.09054322 -0.25360255
vn -0.98097666 -0.16395105 -0.10394633
vn -0.96284200 -0.15349743 -0.22220222
vn -0.93053029 -0.14537400 -0.33612464
vn -0.88248434 -0.13613616 -0.45020921
vn -0.81306668 -0.12524675 -0.56853832
vn -0.72982214 -0.11286835 -0.67425543
vn -0.64477629 -0.09935330 -0.75788684
vn -0.55653783 -0.08471712 -0.82649178
vn -0.45705989 -0.06875947 -0.88677415
vn 0.98043824 -0.17117898 -0.09715249
vn 0.96575325 -0.24068467 -0.09690996
vn 0.94517439 -0.24150804 -0.21981637
vn 0.97980691 -0.05449936 -0.19237524
vn 0.99155145 -0.03786085 -0.12406562
vn 0.99369499 -0.06167230 -0.09363115
vn 0.95859941 -0.27034035 -0.08946094
vn 0.99647630 -0.04282415 -0.07211843
vn 0.98945137 -0.10208717 -0.10278228
vn 0.96191379 -0.03744923 -0.27077558
vn 0.96515615 -0.04651717 -0.25750680
vn 0.92794960 -0.03400154 -0.37115151
vn 0.92623669 -0.09434976 -0.36494344
vn 0.87928937 -0.08980430 -0.46774501
vn 0.90017084 -0.03365909 -0.43423442
vn 0.86918557 -0.03153505 -0.49347946
vn 0.81039741 -0.08497533 -0.57968545
vn 0.81642715 -0.02878701 -0.57673045
vn 0.71525937 -0.07706481 -0.69459704
vn 0.73472212 -0.02626132 -0.67785968
vn 0.60932633 -0.07342180 -0.78951293
vn 0.64385668 -0.02316614 -0.76479534
vn 0.51462217 -0.06519053 -0.85493521
vn 0.55651957 -0.02005495 -0.83059242
vn 0.41786670 -0.05197038 -0.90702067
vn 0.46625916 -0.01634872 -0.88449709
vn 0.31741357 -0.03840633 -0.94750914
vn 0.36938574 -0.01228614 -0.92919493
vn 0.21845234 -0.03062696 -0.97536689
vn 0.27394993 -0.00704223 -0.96171817
vn 0.18369228 -0.00188717 -0.98298199
vn 0.10633564 -0.02140240 -0.99409993
vn 0.11546631 -0.00915279 -0.99326923
vn 0.00265536 -0.00752838 -0.99996814
vn 0.07575758 -0.03332246 -0.99656932
vn 0.00722962 -0.01514322 -0.99985920
vn 0.30789759 -0.03898354 -0.95062051
vn 0.18158082 -0.02003504 -0.98317191
vn 0.07196154 -0.01246590 -0.99732950
vn 0.41945073 -0.06435996 -0.90549372
vn 0.51909440 -0.09097326 -0.84986168
vn 0.69372922 -0.14403387 -0.70568691
vn 0.60678978 -0.11814934 -0.78603238
vn 0.78280893 -0.17021098 -0.59853020
vn 0.85777752 -0.19638885 -0.47502541
vn 0.90416774 -0.22149202 -0.36526973
vn 0.93058433 -0.24376380 -0.27311538
vn 0.94801861 -0.25765942 -0.18674135
vn 0.63240072 -0.14609362 -0.76074042
vn 0.54587614 -0.11747832 -0.82958911
vn 0.45438428 -0.09371465 -0.88586257
vn 0.35647490 -0.06960466 -0.93170856
vn 0.25191468 -0.04670008 -0.96662200
vn 0.14416241 -0.02428731 -0.98925595
vn 0.06298293 -0.00969648 -0.99796750
vn 0.91446291 -0.23233365 -0.33132863
vn 0.87513481 -0.21756484 -0.43220898
vn 0.81574394 -0.19824621 -0.54337857
vn 0.73210867 -0.17767748 -0.65760748
vn 0.96465680 -0.10028033 -0.24368239
vn 0.95682460 -0.17172868 -0.23451213
vn 0.92080747 -0.16776313 -0.35209252
vn 0.87571233 -0.15995659 -0.45556757
vn 0.81015166 -0.14914022 -0.56693164
vn 0.71435586 -0.13256744 -0.68711104
vn 0.90510505 0.21667667 -0.36583612
vn 0.87778927 0.22402985 -0.42343433
vn 0.49088966 0.84055279 -0.22912517
vn 0.02620719 0.22283034 -0.97450491
vn -0.00667665 0.84395990 -0.53636472
vn 0.07265568 0.23251875 -0.96987431
vn 0.06749348 0.85243874 -0.51845234
vn 0.12597880 0.23456651 -0.96390243
vn 0.32322143 0.26354157 -0.90888599
vn 0.26647533 0.24747010 -0.93153070
vn 0.14235702 0.85700611 -0.49525247
vn 0.21621397 0.25255475 -0.94311591
vn 0.17262888 0.24650740 -0.95364216
vn 0.38761084 0.25453075 -0.88598642
vn 0.20690375 0.85516014 -0.47528094
vn 0.47207111 0.25609095 -0.84354389
vn 0.28022062 0.85503894 -0.43633108
vn 0.56340786 0.25310456 -0.78645385
vn 0.33675065 0.85532280 -0.39372821
vn 0.64997120 0.24383873 -0.71977782
vn 0.37079233 0.85387232 -0.36526032
vn 0.72641180 0.24675237 -0.64143524
vn 0.43669223 0.84651436 -0.30448864
vn 0.78401395 0.23254130 -0.57554034
vn 0.84312997 0.24918681 -0.47648482
vn 0.92581291 0.21889794 -0.30814630
vn 0.52169700 0.84255301 -0.13392786
vn 0.94726449 0.20791366 -0.24384809
vn 0.96108256 0.21191865 -0.17723090
vn 0.53743583 0.84140018 -0.05664329
vn 0.97443251 0.20639362 -0.08878600
vn 0.97708647 0.21088317 -0.02881536
vn -0.52716283 0.84809458 -0.05324406
vn -0.96971462 0.23135785 -0.07827585
vn -0.87180273 0.26208590 -0.41384899
vn -0.89076599 0.25643407 -0.37520329
vn -0.47726820 0.85305783 -0.21096780
vn -0.91481443 0.25706689 -0.31149826
vn -0.51408767 0.84837126 -0.12641233
vn -0.94449512 0.24382447 -0.22017855
vn -0.95736982 0.24715605 -0.14952230
vn -0.67075787 0.26901738 -0.69116823
vn -0.70483286 0.26373691 -0.65852371
vn -0.37590877 0.85390953 -0.35990430
vn -0.74809019 0.27182597 -0.60536907
vn -0.43936915 0.85185297 -0.28513378
vn -0.80890496 0.26603605 -0.52430676
vn -0.84485131 0.27622384 -0.45817754
vn -0.23954139 0.84907453 -0.47084219
vn -0.49289269 0.25668942 -0.83136474
vn -0.32695857 0.84541587 -0.42233883
vn -0.56669486 0.25984285 -0.78188147
vn -0.62285508 0.28866937 -0.72713241
vn -0.16537972 0.84615981 -0.50661930
vn -0.38306617 0.24744150 -0.88996236
vn -0.43774808 0.24474269 -0.86514602
vn -0.08421554 0.84569609 -0.52697805
vn -0.22857052 0.23644160 -0.94437857
vn -0.31443044 0.23540658 -0.91962886
vn -0.08709272 0.23778374 -0.96740568
vn -0.13028789 0.22624426 -0.96531788
vn -0.16562066 0.22496006 -0.96018892
vn -0.02697818 0.22797921 -0.97329218
vn 0.34104031 0.73808051 0.58217581
vn 0.17668481 0.73807896 0.65116966
vn -0.00000344 0.73807971 0.67471353
vn -0.17669164 0.73807896 0.65116781
vn -0.34104755 0.73807943 0.58217293
vn -0.48159945 0.73807970 0.47254663
vn -0.58853898 0.73808003 0.32993899
vn -0.65482588 0.73694065 0.16769480
vn 0.48159400 0.73808092 0.47255028
vn 0.65482208 0.73694364 0.16769648
vn 0.58853479 0.73808262 0.32994067
vn -0.99298126 -0.01591582 -0.11719600
vn -0.99581326 -0.05690428 -0.07153917
vn -0.99054228 -0.04289055 -0.13033184
vn -0.98218357 -0.03971195 -0.18368014
vn -0.87522884 -0.00660458 -0.48366399
vn -0.91198942 -0.01320973 -0.41000099
vn -0.91170950 0.01304930 -0.41062818
vn -0.85341477 0.02519381 -0.52062319
vn -0.78042280 0.02756482 -0.62464424
vn -0.80993546 0.00602228 -0.58648809
vn -0.69816149 0.02871811 -0.71536410
vn -0.61066219 0.02920005 -0.79135267
vn -0.73429268 0.01225379 -0.67872241
vn -0.64401913 0.01544728 -0.76485341
vn -0.52462595 0.03067620 -0.85077999
vn -0.55921172 0.01441284 -0.82889958
vn -0.47551107 0.00687774 -0.87968285
vn -0.43021705 0.02822123 -0.90228424
vn -0.39925399 0.02398883 -0.91652648
vn -0.34166451 0.02174127 -0.93957048
vn -0.33536415 0.01850520 -0.94190681
vn -0.24993804 0.01760542 -0.96810176
vn -0.25537717 0.01052398 -0.96678423
vn -0.16241758 0.00580451 -0.98670504
vn -0.17025538 0.00006855 -0.98539997
vn 0.01008534 -0.01037679 -0.99989530
vn -0.08699153 -0.00840755 -0.99617357
vn -0.05527037 -0.00237284 -0.99846861
vn -0.10960605 0.00466124 -0.99396418
vn -0.95075401 -0.00332207 -0.30992866
vn -0.97556400 -0.01044584 -0.21946701
vn -0.93900374 -0.01993046 -0.34332894
vn -0.96450709 -0.02471204 -0.26289805
vn 0.23032603 0.00124999 -0.97311272
vn 0.31854503 0.00557111 -0.94789136
vn 0.13293546 -0.00419693 -0.99111581
vn 0.41140065 0.00716804 -0.91142643
vn 0.50879434 0.00580411 -0.86086854
vn 0.60835413 0.00282605 -0.79366067
vn 0.71030530 -0.00259300 -0.70388895
vn 0.80360626 -0.01172349 -0.59504582
vn 0.87411116 -0.02180604 -0.48523620
vn 0.92563165 -0.03019964 -0.37721881
vn 0.96069559 -0.03551575 -0.27532276
vn 0.98245648 -0.03605458 -0.18297357
vn 0.99525332 -0.03297561 -0.09156117
vn -0.09768593 -0.01509957 -0.99510274
vn -0.23472353 -0.00279756 -0.97205815
vn -0.99039953 -0.06869903 -0.11995508
vn -0.96476321 -0.05322860 -0.25767940
vn -0.91608575 -0.05263012 -0.39751349
vn -0.82734026 -0.03318143 -0.56072015
vn -0.72780060 -0.02114415 -0.68546278
vn -0.66089961 -0.01636850 -0.75029579
vn -0.54476284 -0.00474761 -0.83857672
vn -0.40147176 -0.00913200 -0.91582588
vn -0.40610867 -0.45043923 -0.79509763
vn -0.32049612 -0.45716029 -0.82963046
vn -0.30416261 -0.53156855 -0.79051881
vn -0.00133526 -0.99799697 -0.06324758
vn -0.02170742 -0.98364746 -0.17879166
vn -0.02778554 -0.98007242 -0.19668759
vn -0.96773438 0.08548806 -0.23702734
vn -0.98963690 0.07023843 -0.12524128
vn -0.99033320 0.05513014 -0.12728247
vn -0.92942711 0.07528184 -0.36124491
vn -0.91917269 0.03045718 -0.39267533
vn -0.85053156 0.03306637 -0.52488349
vn -0.96378753 0.03084663 -0.26488126
vn -0.59433786 0.00995551 -0.80415384
vn -0.67883489 0.02050364 -0.73400463
vn -0.99909872 0.02371046 -0.03520748
vn -0.74694280 -0.03882737 -0.66375364
vn -0.85028190 -0.00832324 -0.52626174
vn -0.88249564 0.05575691 -0.46700387
vn -0.61697861 -0.26768563 -0.74005527
vn -0.66572675 -0.19054387 -0.72145751
vn -0.69627731 -0.21374891 -0.68520749
vn -0.68285340 -0.27945614 -0.67499296
vn -0.60203993 -0.38092430 -0.70174397
vn -0.49948160 -0.49900405 -0.70817589
vn -0.05296332 -0.98660166 -0.15431155
vn -0.01050050 -0.99616634 -0.08684680
vn -0.00256613 -0.99597845 -0.08955634
vn -0.02012121 -0.97868130 -0.20439681
vn -0.04412923 -0.94100884 -0.33549214
vn -0.07050730 -0.88088268 -0.46805387
vn 0.01259933 -0.87313351 -0.48731831
vn -0.07302894 -0.63707681 -0.76733299
vn -0.05877958 -0.70765007 -0.70411387
vn -0.04331034 -0.77003925 -0.63652476
vn -0.01554891 -0.81831916 -0.57455373
vn -0.10462440 -0.41636355 -0.90315842
vn -0.09770825 -0.48659415 -0.86814701
vn -0.08560336 -0.56240744 -0.82241713
vn -0.06322045 -0.23734692 -0.96936557
vn -0.06061656 -0.35499471 -0.93290106
vn -0.14850095 -0.09430784 -0.98440515
vn -0.18044826 -0.04511971 -0.98254905
vn -0.08436592 -0.05291318 -0.99502894
vn -0.08608582 -0.01652473 -0.99615067
vn -0.19641835 -0.02135520 -0.98028760
vn -0.30422581 -0.01758323 -0.95243765
vn -0.40773914 -0.01080311 -0.91303455
vn -0.50461135 -0.00116931 -0.86334583
vn -0.76434846 0.02917967 -0.64414282
vn -0.98932491 -0.00421780 -0.14566548
vn -0.99786841 -0.01235126 -0.06407868
vn -0.99847880 0.00981149 -0.05425693
vn -0.92009944 0.08559962 -0.38221686
vn -0.96590855 0.06425408 -0.25078296
vn -0.98883165 0.02715208 -0.14654260
vn -0.90827431 0.08696644 -0.40923662
vn -0.72515871 0.04499822 -0.68710989
vn -0.82565770 0.06783101 -0.56007884
vn -0.84179178 0.07398394 -0.53470830
vn -0.63429564 -0.09125848 -0.76768544
vn -0.79650641 0.02014877 -0.60429427
vn -0.55450831 -0.23876697 -0.79718935
vn -0.50080376 -0.32413076 -0.80258012
vn -0.55906722 -0.35427247 -0.74962315
vn -0.45628124 -0.40697806 -0.79131302
vn -0.49772076 -0.44374280 -0.74522907
vn -0.40502669 -0.48282806 -0.77642157
vn -0.43340952 -0.56396743 -0.70292029
vn -0.46200590 -0.59167625 -0.66065858
vn -0.32596414 -0.64430980 -0.69181809
vn -0.37043110 -0.68075227 -0.63194711
vn -0.26667794 -0.72224776 -0.63815441
vn -0.28553160 -0.75608876 -0.58889854
vn -0.21522324 -0.78936259 -0.57496579
vn -0.21656814 -0.82343839 -0.52444968
vn -0.16692715 -0.84709951 -0.50453716
vn -0.15673678 -0.88054868 -0.44728917
vn -0.12321950 -0.89476101 -0.42920822
vn -0.10571354 -0.92504625 -0.36484802
vn -0.07689184 -0.93846140 -0.33671627
vn -0.05823066 -0.95745700 -0.28263984
vn -0.46026995 -0.27919947 -0.84273319
vn -0.38927042 -0.29309944 -0.87324754
vn -0.37037219 -0.37414991 -0.85019779
vn -0.09738123 -0.82638961 -0.55461437
vn -0.12152213 -0.76945705 -0.62703128
vn -0.14576114 -0.70396579 -0.69511572
vn -0.16914978 -0.63175756 -0.75648578
vn -0.19097077 -0.55553253 -0.80926743
vn -0.21085252 -0.47853954 -0.85237382
vn -0.22975619 -0.41032036 -0.88252439
vn -0.17792121 -0.33525829 -0.92517345
vn -0.02678663 -0.97945032 -0.19989884
vn -0.00712805 -0.99691520 -0.07816186
vn -0.06087098 -0.94448631 -0.32286271
vn -0.08966558 -0.90670227 -0.41212992
vn -0.12686659 -0.86465280 -0.48608683
vn -0.16182931 -0.81356177 -0.55850562
vn -0.19803564 -0.75327573 -0.62718223
vn -0.23412866 -0.68491092 -0.68998609
vn -0.26898207 -0.61037868 -0.74504128
vn -0.36283875 -0.57212025 -0.73554501
vn -0.10898139 -0.33469078 -0.93600488
vn -0.20257548 -0.23124219 -0.95157250
vn -0.12843113 -0.23831703 -0.96265801
vn -0.22707582 -0.14149836 -0.96354283
vn -0.13181996 -0.14829038 -0.98011911
vn -0.25254200 -0.07818046 -0.96442229
vn -0.27609359 -0.03596632 -0.96045758
vn -0.30597873 -0.12927700 -0.94322027
vn -0.33589249 -0.06070627 -0.93994201
vn -0.36822286 -0.01790850 -0.92956507
vn -0.24863687 -0.31929271 -0.91445715
vn -0.27700901 -0.21933725 -0.93549836
vn -0.35373055 -0.20223046 -0.91322371
vn -0.39193176 -0.11222417 -0.91312389
vn -0.47717479 -0.08311052 -0.87486962
vn -0.74717670 0.06314732 -0.66161877
vn -0.64832611 0.04739691 -0.75988603
vn -0.61745674 0.01749618 -0.78641023
vn -0.55524753 0.02625802 -0.83127053
vn -0.52116934 -0.01121830 -0.85337955
vn -0.46314299 0.00467760 -0.88627123
vn -0.42939417 -0.03772628 -0.90232886
vn -0.68930567 -0.01400099 -0.72433533
vn -0.57603641 -0.04818963 -0.81600234
vn -0.31361832 -0.31246952 -0.89666401
vn -0.42893209 -0.17992397 -0.88523705
vn -0.52187488 -0.14753782 -0.84016618
vn -0.92350189 -0.04879677 -0.38047751
vn -0.70990841 -0.12067283 -0.69387903
vn -0.58397756 -0.17680896 -0.79228076
vn 0.71071634 0.67952352 0.18201665
vn 0.64074025 0.67854904 0.35919790
vn 0.52431510 0.67854871 0.51445635
vn 0.37129459 0.67854864 0.63380760
vn 0.19235927 0.67855138 0.70891885
vn -0.00000164 0.67854914 0.73455502
vn -0.19236251 0.67854861 0.70892062
vn -0.37129762 0.67854868 0.63380578
vn -0.52431737 0.67854918 0.51445340
vn -0.64074190 0.67854887 0.35919529
vn -0.71071527 0.67952477 0.18201622
vn 0.73768843 -0.33757014 0.58468981
vn 0.73768895 -0.47739642 0.47739677
vn 0.69130154 0.66167011 -0.29033574
vn 0.73768804 0.17473926 0.65213691
vn 0.73768786 -0.00000033 0.67514193
vn 0.73769201 0.67513739 0.00000029
vn 0.73769080 0.65213379 0.17473924
vn 0.73769280 0.65213204 -0.17473733
vn 0.73769965 0.47738934 -0.47738732
vn 0.73769611 0.58468324 -0.33756473
vn 0.73769436 -0.58468237 0.33757007
vn 0.73768994 -0.65213544 0.17473669
vn 0.73768786 -0.17473937 0.65213708
vn 0.73770072 -0.67512788 0.00000008
vn 0.73768891 0.33757057 0.58468897
vn 0.73768921 0.47739583 0.47739695
vn 0.73769119 0.58468680 0.33756933
vn 0.68193328 0.71288051 -0.16361043
vn 0.68193378 0.73139770 0.00487100
vn 0.73770036 -0.65212368 -0.17473661
vn 0.68193366 0.71063796 0.17309005
vn 0.73770030 -0.58467841 -0.33756395
vn 0.68193306 0.65171525 0.33201587
vn 0.73770090 -0.47738777 -0.47738694
vn 0.68193347 0.55779354 0.47311004
vn 0.73770005 -0.33756425 -0.58467856
vn 0.68193358 0.43391817 0.58879675
vn 0.68193379 0.28673939 0.67286464
vn 0.73769997 -0.17473640 -0.65212418
vn 0.68193383 0.12416218 0.72079818
vn 0.73770012 0.00000017 -0.67512854
vn 0.68193342 -0.04508193 0.73002358
vn 0.73770026 0.17473628 -0.65212389
vn 0.68193361 -0.21190549 0.70004472
vn 0.73770041 0.33756367 -0.58467844
vn 0.68193364 -0.36735000 0.63247172
vn 0.68193312 -0.50306567 0.53093517
vn 0.69130287 -0.58621879 0.42243090
vn 0.67887449 0.73425434 -0.00000069
vn 0.67887437 0.70923536 0.19003895
vn 0.67887551 0.63588202 0.36712682
vn 0.67887428 0.51919622 0.51919649
vn 0.67887511 0.36712687 0.63588241
vn 0.67887435 0.19003897 0.70923537
vn 0.67887446 -0.00000014 0.73425437
vn 0.67887439 -0.19003898 0.70923533
vn 0.67887430 -0.36712707 0.63588316
vn 0.67887449 -0.51919639 0.51919605
vn 0.67887480 -0.63588267 0.36712700
vn 0.67887538 -0.70923433 0.19003915
vn 0.67887398 -0.73425480 -0.00000039
vn 0.67887534 -0.70923435 -0.19003922
vn 0.67887442 -0.63588301 -0.36712711
vn 0.67887415 -0.51919673 -0.51919615
vn 0.67887464 -0.36712701 -0.63588283
vn 0.67887407 -0.19003930 -0.70923555
vn 0.67887465 -0.00000003 -0.73425418
vn 0.67887434 0.19003912 -0.70923534
vn 0.67887431 0.36712716 -0.63588310
vn 0.67887419 0.51919651 -0.51919632
vn 0.67887456 0.63588296 -0.36712694
vn 0.67887421 0.70923549 -0.19003904
vn 1.00000000 0.00000000 -0.00000005
vn 0.57176081 -0.75246075 -0.32694402
vn -0.57176203 -0.75245891 -0.32694613
vn -0.67654803 -0.13120089 -0.72461651
vn 0.67670237 -0.13092003 -0.72452318
vn 0.70071505 -0.02234466 -0.71309125
vn -0.72802672 -0.08778895 -0.67990455
vn -0.72494025 -0.05872255 -0.68630409
vn 0.67834451 -0.13951895 -0.72137590
vn -0.70818110 -0.09688700 -0.69935145
vn -0.75077841 0.17488515 -0.63698271
vn -0.42457894 0.67858271 -0.59938154
vn -0.74176577 -0.00927873 -0.67059485
vn 0.54092088 0.58354152 -0.60570941
vn -0.72559590 -0.02825446 -0.68754074
vn -0.72742947 -0.04329497 -0.68481523
vn 0.70756256 -0.02064718 -0.70634901
vn -0.54090660 0.58354039 -0.60572325
vn 0.43171193 0.67609252 -0.59709606
vn 0.70662008 -0.08875777 -0.70200436
vn -0.70973560 -0.07275620 -0.70070102
vn 0.70715112 -0.04017799 -0.70591998
vn -0.71164313 0.00095451 -0.70254049
vn -0.71154178 -0.01160074 -0.70254802
vn 0.71064979 -0.02321503 -0.70316281
vn 0.71683815 -0.03587225 -0.69631620
vn 0.71850885 -0.04869417 -0.69381115
vn 0.68906777 -0.20462531 -0.69520795
vn -0.71283515 -0.12528084 -0.69005127
vn -0.71200151 -0.12519142 -0.69092761
vn 0.72163981 -0.06828829 -0.68889237
vn 0.72938776 -0.10258044 -0.67636584
vn 0.72009594 -0.12030208 -0.68336612
vn 0.71139992 -0.15119038 -0.68633201
vn 0.70897002 -0.19366590 -0.67812612
vn 0.69887692 -0.20088348 -0.68645239
vn -0.58198878 0.17225225 -0.79474413
vn 0.58089999 0.18354443 -0.79301112
vn 0.57307561 -0.80142776 -0.17116625
vn 0.96953783 -0.21349283 0.12007169
vn 0.98322234 -0.17002666 0.06606644
vn 0.98893896 -0.13597889 0.05924084
vn 0.99436911 -0.08424394 0.06428862
vn 0.99753089 -0.04618484 0.05290631
vn 0.99914153 0.00249781 0.04135164
vn 0.99978972 0.01531077 0.01364203
vn -0.00014606 0.83586219 0.54893932
vn -0.69986499 0.59628479 0.39323459
vn -0.69122674 0.55781726 0.45939687
vn -0.69015729 -0.57451661 0.44001543
vn 0.68942819 -0.55034486 0.47096635
vn 0.69461924 -0.48520432 0.53111287
vn -0.68532566 -0.49009188 0.53864523
vn 0.69565081 -0.42636179 0.57817435
vn -0.68594956 -0.36864476 0.62735496
vn 0.69577708 -0.36483627 0.61869924
vn 0.69565187 -0.29959584 0.65292481
vn -0.68594858 -0.23264587 0.68945663
vn 0.69577741 -0.23110383 0.68006236
vn 0.69565106 -0.16025954 0.70027601
vn -0.68594758 -0.08682442 0.72245238
vn 0.69577737 -0.08767405 0.71288647
vn 0.69565151 -0.01419603 0.71823913
vn -0.68594516 0.06266186 0.72495016
vn 0.69577753 0.05943539 0.71579401
vn 0.69565157 0.13246242 0.70606133
vn -0.68594335 0.20950293 0.69684306
vn 0.69577736 0.20405011 0.68866350
vn 0.69565189 0.27356162 0.66425333
vn -0.68594055 0.34750208 0.63931827
vn 0.69577767 0.34010214 0.63263257
vn 0.69565230 0.40318097 0.59456958
vn -0.68593810 0.47083162 0.55480312
vn 0.69577718 0.46188187 0.55005387
vn 0.69083306 0.53046214 0.49128363
vn 0.00522911 0.82047636 0.57165654
vn 0.00055121 0.82656706 0.56283798
vn 0.69111764 0.59693308 0.40746448
vn 0.00140546 0.81347615 0.58159658
vn 0.00060320 0.81094539 0.58512153
vn -0.00000064 0.81068960 0.58547619
vn -0.00014640 0.81091867 0.58515886
vn 0.00254007 0.81971780 0.57276197
vn -0.00189403 0.83049793 0.55701850
vn 0.71801075 -0.29817918 -0.62892746
vn 0.72499522 -0.37059334 -0.58055362
vn 0.62449484 0.68490359 0.37538416
vn 0.71774160 -0.57364111 -0.39469339
vn 0.71831184 -0.60819301 -0.33783038
vn 0.71813373 -0.63818273 -0.27750091
vn 0.73121859 0.62923898 0.26339643
vn 0.71957950 -0.66135303 -0.21170148
vn 0.79319372 0.58255411 0.17741037
vn 0.71012838 -0.68356929 -0.16867337
vn 0.83160930 0.54785280 0.09101250
vn 0.71812516 -0.68467058 -0.12458915
vn 0.91514094 0.39752024 0.06704266
vn 0.71794924 -0.69363023 -0.05853202
vn 0.96508298 0.26194153 0.00121621
vn 0.71818787 -0.69580063 0.00822628
vn 0.98475403 0.17346416 -0.01302611
vn 0.71805234 0.55877142 -0.41494016
vn 0.71739331 0.51837767 -0.46543682
vn 0.71727984 0.47474315 -0.51002802
vn 0.71761987 0.42646387 -0.55059086
vn 0.71837088 0.37177103 -0.58798773
vn 0.71785218 0.31379861 -0.62146495
vn 0.71821913 0.25292736 -0.64821990
vn 0.71614524 0.19545300 -0.67002546
vn 0.71597248 0.14233025 -0.68346580
vn 0.71815901 0.08197879 -0.69103336
vn 0.71792124 0.01563007 -0.69594885
vn 0.71831083 -0.05131754 -0.69382711
vn 0.71768710 -0.11720640 -0.68643127
vn 0.71726887 -0.17906691 -0.67339469
vn 0.71745973 -0.23867007 -0.65443727
vn 0.71802166 -0.44494897 -0.53522455
vn 0.71750475 -0.49327179 -0.49180268
vn 0.71726711 -0.53571841 -0.44557118
vn 0.71789105 -0.69213198 0.07473799
vn 0.71736591 -0.68283001 0.13830881
vn 0.99779260 0.06457422 -0.01549498
vn 0.71927970 -0.66509099 0.20072543
vn 0.71960068 -0.64487514 0.25750906
vn -0.72820774 -0.64653185 0.22739845
vn -0.99998503 0.00463085 -0.00291571
vn -0.99995021 0.00566417 0.00821502
vn -0.70010528 0.61591135 0.36125588
vn -0.72946699 -0.61619334 -0.29695737
vn -0.72851970 -0.54921592 -0.40941534
vn -0.99975644 0.02081074 0.00734671
vn -0.72846860 -0.67708962 0.10432233
vn -0.99510922 0.09854121 -0.00687491
vn -0.71881244 0.62542836 0.30355896
vn -0.75357530 0.61675871 0.22744882
vn -0.71988039 -0.66401650 -0.20212452
vn -0.80082834 0.57614201 0.16350641
vn -0.71962455 -0.68266577 -0.12691712
vn -0.84900271 0.52301129 0.07519043
vn -0.72881442 -0.68432147 -0.02310121
vn -0.90517623 0.42099702 0.05845937
vn -0.96582870 0.25917720 0.00144903
vn -0.72826051 -0.46441133 -0.50394319
vn -0.72771822 0.51887339 -0.44854943
vn -0.72799210 0.42696830 -0.53640057
vn -0.72884496 0.31665387 -0.60705465
vn -0.72652938 0.20010111 -0.65735425
vn -0.72627232 0.08403491 -0.68225116
vn -0.72796644 -0.03926130 -0.68448770
vn -0.72754540 -0.16453600 -0.66603723
vn -0.72480065 -0.27637130 -0.63109660
vn -0.72564028 -0.37196337 -0.57886910
vn -0.99250475 -0.03871438 0.11591164
vn -0.99949325 0.02789253 0.01533800
vn -0.99946379 0.02772925 0.01741324
vn -0.99943294 0.02007743 0.02703151
vn -0.99868493 0.01931025 0.04749228
vn -0.99863252 -0.00626392 0.05190226
vn -0.07424597 -0.07976391 0.99404490
vn -0.03885254 -0.15654457 0.98690642
vn -0.12738698 -0.16249862 0.97845120
vn -0.99112778 -0.07572640 0.10923017
vn -0.97905259 -0.16983521 0.11230324
vn -0.98689658 -0.13620449 0.08650703
vn -0.96986456 -0.14373449 0.19673109
vn -0.95814039 -0.17203471 0.22884722
vn -0.93430555 -0.14873984 0.32395926
vn -0.91849347 -0.17909114 0.35255653
vn -0.87370942 -0.15030323 0.46264543
vn -0.42885721 -0.24169635 0.87043918
vn -0.56908022 -0.26458559 0.77855133
vn -0.55903589 -0.21600081 0.80051391
vn -0.67621205 -0.23391070 0.69858647
vn -0.67770475 -0.20142108 0.70720988
vn -0.77590056 -0.20893308 0.59525230
vn -0.78719162 -0.19000536 0.58670889
vn -0.85877172 -0.19154356 0.47520752
vn -0.86398107 -0.17830675 0.47089640
vn -0.28106937 -0.34418026 0.89584595
vn -0.32241040 -0.35559295 0.87727144
vn -0.25724466 -0.27716608 0.92574519
vn -0.36257001 -0.34571714 0.86546095
vn -0.46756605 -0.29953481 0.83166152
vn -0.24388064 -0.37045186 0.89626316
vn -0.12112996 -0.28619272 0.95048475
vn -0.16532489 -0.41397385 0.89514989
vn -0.03410346 -0.28816254 0.95697403
vn -0.10327011 -0.45112965 0.88646338
vn -0.00254395 -0.41962441 0.90769427
vn 0.00001447 -0.48481761 0.87461528
vn -0.00791819 -0.49741343 0.86747748
vn -0.04202516 -0.55667570 0.82966623
vn -0.00306770 -0.30035827 0.95382152
vn -0.00101802 -0.20683052 0.97837626
vn -0.00836365 -0.05464448 0.99847085
vn -0.34962908 -0.08985590 0.93256926
vn -0.00367840 -0.13566638 0.99074775
vn -0.25755906 -0.16380738 0.95227647
vn -0.20007700 -0.08913790 0.97571698
vn -0.13772334 -0.04554629 0.98942297
vn -0.43728689 -0.05919297 0.89737192
vn -0.32451994 -0.07243467 0.94310128
vn -0.26470635 -0.08793093 0.96031177
vn -0.41399819 -0.16252286 0.89565162
vn -0.55128715 -0.15961133 0.81890579
vn -0.55285579 -0.08672448 0.82875168
vn -0.67295042 -0.15572891 0.72310873
vn -0.66752641 -0.06426857 0.74180728
vn -0.78595104 -0.15195717 0.59932460
vn -0.77249797 -0.09390319 0.62803589
vn -0.86602267 -0.06770656 0.49539940
vn -0.92658767 -0.17514986 0.33280296
vn -0.96970278 -0.09149431 0.22650677
vn 0.96273658 -0.24057871 0.12353206
vn 0.95553686 -0.28360432 0.08073346
vn 0.94298356 -0.28001126 0.17993247
vn 0.05431845 -0.15866272 0.98583754
vn 0.01809284 -0.09701298 0.99511865
vn 0.02445995 -0.52157141 0.85285695
vn 0.07371695 -0.44684402 0.89156954
vn 0.04117104 -0.30067489 0.95283763
vn 0.15083260 -0.31927963 0.93558006
vn 0.16540141 -0.43659691 0.88432206
vn 0.23407824 -0.42396160 0.87490796
vn 0.29409889 -0.32464374 0.89895066
vn 0.29580925 -0.40658521 0.86439884
vn 0.35477369 -0.40331884 0.84348654
vn 0.46526067 -0.31460157 0.82738042
vn 0.45318331 -0.38441076 0.80427188
vn 0.59309829 -0.30519526 0.74504380
vn 0.56173035 -0.36349225 0.74319069
vn 0.69950577 -0.30214002 0.64761337
vn 0.67182421 -0.34123878 0.65742553
vn 0.79349660 -0.29869705 0.53022939
vn 0.76954133 -0.32073700 0.55220823
vn 0.86532305 -0.29509199 0.40513792
vn 0.84629967 -0.30405537 0.43740966
vn 0.91265509 -0.29214137 0.28585678
vn 0.90006165 -0.29354273 0.32205853
vn 0.94037760 -0.28961223 0.17836683
vn 0.93696601 -0.28272513 0.20533191
vn 0.95692464 -0.28262684 0.06646280
vn 0.95613173 -0.27460001 0.10201444
vn 0.93512046 -0.24317172 0.25771543
vn 0.91615335 -0.27863787 0.28813883
vn 0.89163743 -0.23036292 0.38976354
vn 0.86976666 -0.27650693 0.40871735
vn 0.80105583 -0.27038160 0.53404433
vn 0.82194422 -0.19499146 0.53515048
vn 0.70911886 -0.25928455 0.65568434
vn 0.73664899 -0.19373007 0.64793280
vn 0.60466147 -0.24448517 0.75803134
vn 0.63652374 -0.19831854 0.74532361
vn 0.57618363 -0.20342674 0.79159964
vn 0.47322106 -0.22480822 0.85177644
vn 0.44800380 -0.15495811 0.88050019
vn 0.30957718 -0.19958799 0.92969167
vn 0.36156844 -0.10148250 0.92680611
vn 0.24521222 -0.10863459 0.96336364
vn 0.16039155 -0.17700430 0.97105305
vn 0.19573376 -0.05752104 0.97896865
vn 0.07497600 -0.05644806 0.99558637
vn 0.14523435 -0.05169992 0.98804560
vn 0.49999485 0.83745436 0.22062491
vn -0.60385221 0.73561900 -0.30696447
vn 0.45747392 0.83803127 0.29735703
vn -0.51156027 0.73561973 -0.44403795
vn 0.40309519 0.84086663 0.36118913
vn -0.47088706 0.84820597 0.24251187
vn -0.44689648 0.84853567 0.28332094
vn 0.60385408 0.73561852 -0.30696197
vn 0.51156205 0.73562008 -0.44403532
vn 0.53837505 0.84112498 0.05158563
vn -0.66068389 0.73448143 -0.15502849
vn 0.51701578 0.83723390 0.17814062
vn 0.53321812 0.83630037 0.12759358
vn 0.53613525 0.83948817 0.08842285
vn 0.36339878 0.84104455 0.40073107
vn -0.38882669 0.73561894 -0.55468782
vn 0.29962522 0.84387886 0.44507661
vn 0.13647379 0.84861034 0.51111193
vn -0.24295361 0.73561928 -0.63232731
vn 0.09270432 0.85002611 0.51851858
vn -0.08262268 0.73561935 -0.67233747
vn 0.05758830 0.85084499 0.52225127
vn 0.02082239 0.85087009 0.52496334
vn -0.32127320 0.84846045 0.42059291
vn 0.38882935 0.73561913 -0.55468571
vn -0.37596654 0.84669903 0.37649690
vn -0.42433439 0.84900185 0.31485899
vn -0.53514493 0.84439048 0.02499255
vn -0.52088921 0.85012213 0.07724505
vn 0.66068600 0.73447962 -0.15502805
vn 0.18084312 0.84458216 0.50396104
vn 0.22256073 0.84283142 0.49000196
vn 0.26660188 0.84461110 0.46427957
vn -0.01122213 0.85074296 0.52546215
vn 0.08262497 0.73561907 -0.67233749
vn -0.06860073 0.85034033 0.52174253
vn -0.51496390 0.84975279 0.11283784
vn -0.50372000 0.84893625 0.15991688
vn -0.48906710 0.84914612 0.19940973
vn -0.28546467 0.84809468 0.44636905
vn -0.24348791 0.84742649 0.47178594
vn 0.24295694 0.73561902 -0.63232632
vn -0.19637983 0.84799882 0.49227327
vn -0.15240149 0.84756045 0.50834542
vn -0.10778626 0.84854409 0.51802997
vn -0.00256528 0.22990934 0.97320867
vn 0.07184475 0.23144041 0.97019259
vn 0.11954200 0.23002741 0.96581422
vn 0.16824052 0.22783483 0.95905496
vn 0.21215233 0.22832837 0.95018816
vn 0.25592012 0.22699365 0.93966950
vn 0.30767964 0.22627579 0.92419289
vn 0.38898642 0.22270103 0.89392048
vn 0.46780301 0.22238001 0.85539902
vn 0.55476228 0.21812288 0.80290798
vn 0.62573375 0.21891602 0.74868755
vn 0.71272677 0.20336816 0.67131360
vn 0.77677282 0.20760244 0.59457986
vn 0.82178978 0.20007251 0.53350965
vn 0.85409807 0.20695285 0.47716560
vn 0.88939484 0.20155744 0.41030648
vn 0.92346324 0.19838382 0.32841970
vn 0.94784586 0.20157742 0.24689019
vn 0.96647090 0.20114816 0.15960393
vn 0.97538528 0.21347630 0.05523971
vn 0.97400136 0.20494260 0.09653951
vn -0.08032587 0.23656687 0.96828915
vn -0.14790097 0.22534262 0.96298806
vn -0.39703216 0.22638387 0.88944691
vn -0.33580839 0.22524910 0.91460132
vn -0.28278436 0.23037079 0.93110811
vn -0.23117951 0.23669942 0.94367866
vn -0.61884285 0.23128675 0.75069299
vn -0.57298637 0.22633263 0.78769293
vn -0.51783778 0.22520891 0.82530296
vn -0.45446913 0.22526923 0.86180716
vn -0.78380715 0.22875433 0.57733683
vn -0.72848333 0.23734421 0.64263502
vn -0.67138217 0.22823590 0.70509174
vn -0.88374677 0.23089656 0.40703615
vn -0.86565555 0.23363535 0.44278098
vn -0.83719361 0.23881492 0.49201047
vn -0.93842770 0.22910936 0.25857756
vn -0.92332169 0.22684955 0.30986503
vn -0.90005650 0.22878394 0.37088571
vn -0.96970364 0.23065926 0.08044352
vn -0.96574914 0.23081198 0.11855138
vn -0.96138050 0.22679916 0.15591560
vn -0.95112865 0.22776517 0.20851217
vn 0.63593726 -0.32183928 0.70142945
vn 0.67982285 -0.23150041 0.69587963
vn 0.58389844 -0.25584783 0.77045733
vn 0.99865926 -0.03505150 0.03809285
vn 0.98986853 -0.11936084 0.07689782
vn 0.98235236 -0.11804862 0.14508055
vn 0.97080484 -0.16429202 0.17477439
vn 0.96233165 -0.12666046 0.24057208
vn 0.93893862 -0.18448179 0.29044918
vn 0.93269041 -0.13728985 0.33352677
vn 0.90861564 -0.19484588 0.36939504
vn 0.88979497 -0.16064532 0.42715103
vn 0.83449769 -0.23603177 0.49789820
vn 0.83190001 -0.18149171 0.52440741
vn 0.76102744 -0.20711533 0.61476864
vn 0.74672510 -0.27792390 0.60428464
vn 0.69007066 -0.29170811 0.66235101
vn 0.45344835 -0.38563617 0.80353552
vn 0.50408111 -0.36778788 0.78143094
vn 0.55345217 -0.35910532 0.75148790
vn 0.12957985 -0.46432319 0.87613529
vn 0.18603818 -0.46065132 0.86786529
vn 0.20028855 -0.36145526 0.91062319
vn 0.28128126 -0.43618160 0.85476691
vn 0.28523123 -0.33462533 0.89814756
vn 0.36021981 -0.41863335 0.83365929
vn 0.38727264 -0.30632510 0.86958889
vn 0.48481684 -0.28302640 0.82755585
vn 0.07551456 -0.47310609 0.87776317
vn 0.08484669 -0.39543328 0.91456742
vn 0.02028883 -0.47692468 0.87870997
vn -0.00882777 -0.40684969 0.91345246
vn -0.00004415 -0.48232336 0.87599325
vn -0.01795448 -0.31575217 0.94867181
vn 0.10393102 -0.29252206 0.95059412
vn -0.01614477 -0.11803466 0.99287822
vn -0.03240789 -0.17340854 0.98431662
vn 0.06288427 -0.24985796 0.96623836
vn 0.00312073 -0.02792367 0.99960519
vn -0.00978197 -0.05038163 0.99868213
vn 0.04769294 -0.04062779 0.99803545
vn -0.01327893 -0.06933651 0.99750495
vn 0.08645789 -0.03181780 0.99574729
vn 0.06783840 -0.08592225 0.99398960
vn 0.13508268 -0.02649101 0.99048013
vn 0.15774065 -0.08384654 0.98391445
vn 0.19997427 -0.02319556 0.97952655
vn 0.24981362 -0.07596168 0.96530978
vn 0.29126379 -0.02380291 0.95634660
vn 0.34275520 -0.07201707 0.93666024
vn 0.38864131 -0.02615790 0.92101775
vn 0.43455956 -0.06981945 0.89793275
vn 0.48691157 -0.03303132 0.87282647
vn 0.53100479 -0.06055311 0.84520248
vn 0.61943656 -0.05816339 0.78288911
vn 0.57468675 -0.04612354 0.81707268
vn 0.70823076 -0.06011689 0.70341677
vn 0.66312978 -0.05260719 0.74665345
vn 0.79018806 -0.05760027 0.61015166
vn 0.74337398 -0.05889194 0.66627837
vn 0.85254160 -0.06882822 0.51810762
vn 0.81189768 -0.05962859 0.58074658
vn 0.87110836 -0.04885825 0.48865437
vn 0.90678159 -0.06986806 0.41577110
vn 0.90148976 -0.04948102 0.42996261
vn 0.92579480 -0.04823817 0.37493608
vn 0.94487083 -0.06410821 0.32110629
vn 0.95422139 -0.04430395 0.29580179
vn 0.97221247 -0.05604420 0.22729269
vn 0.97901639 -0.04380666 0.19901730
vn 0.99318847 -0.04272307 0.10840384
vn 0.98833792 -0.04608489 0.14513559
vn 0.99666755 -0.04534068 0.06780873
vn 0.12784255 -0.18944379 0.97353343
vn 0.23557329 -0.18737555 0.95362237
vn 0.32509349 -0.17831999 0.92871751
vn 0.41989752 -0.16404294 0.89262309
vn 0.51509005 -0.15183807 0.84358013
vn 0.60963792 -0.14182255 0.77988972
vn 0.69948471 -0.13257616 0.70224262
vn 0.78038429 -0.12277531 0.61312853
vn 0.84823812 -0.11209588 0.51761628
vn 0.90115267 -0.10146544 0.42146011
vn 0.94056071 -0.09204312 0.32691531
vn 0.96838620 -0.08452707 0.23469842
vn 0.98602413 -0.07931452 0.14651150
vn 0.99500763 -0.07605958 0.06461229
vn -0.03789777 -0.23455685 0.97136339
vn -0.15093999 -0.19586353 0.96894509
vn -0.99425036 -0.04135254 0.09877342
vn -0.92100660 -0.12123699 0.37020054
vn -0.95943681 -0.04522681 0.27827243
vn -0.95361738 -0.09555640 0.28545203
vn -0.98084491 -0.04520494 0.18947239
vn -0.97791699 -0.08150604 0.19244512
vn -0.99242755 -0.07315071 0.09867384
vn -0.90136781 -0.04141730 0.43106922
vn -0.92847494 -0.03944162 0.36929479
vn -0.88734825 -0.10226788 0.44961579
vn -0.94128893 -0.10133209 0.32203563
vn -0.87566442 -0.04163311 0.48112214
vn -0.83479685 -0.10915316 0.53962933
vn -0.82986852 -0.03934425 0.55657009
vn -0.77140969 -0.11317301 0.62619403
vn -0.76443740 -0.04016962 0.64344531
vn -0.69918090 -0.11383064 0.70582480
vn -0.68745260 -0.04104005 0.72506871
vn -0.62225900 -0.11080245 0.77493003
vn -0.60745731 -0.03987168 0.79335103
vn -0.54089679 -0.10658792 0.83430790
vn -0.52185063 -0.03797464 0.85219120
vn -0.45524832 -0.10211296 0.88448964
vn -0.42822636 -0.03552477 0.90297297
vn -0.36535859 -0.09905087 0.92558199
vn -0.32395068 -0.03681828 0.94535727
vn -0.26584452 -0.08698086 0.96008386
vn -0.17567972 -0.08825172 0.98048369
vn -0.22560929 -0.04428604 0.97321077
vn -0.09307404 -0.09825180 0.99079958
vn -0.12264332 -0.04096881 0.99160485
vn -0.05660609 -0.15610771 0.98611669
vn -0.15635339 -0.29066924 0.94396240
vn -0.12612403 -0.36875760 0.92092919
vn -0.10127319 -0.45874365 0.88277857
vn -0.23102792 -0.34131456 0.91111496
vn -0.20421046 -0.43861390 0.87516623
vn -0.33283897 -0.32407630 0.88554660
vn -0.30479064 -0.41206475 0.85866484
vn -0.42699691 -0.30335944 0.85184898
vn -0.40358137 -0.37950931 0.83252313
vn -0.51674940 -0.28118552 0.80864378
vn -0.49962213 -0.34157214 0.79605666
vn -0.59991229 -0.25771786 0.75742112
vn -0.59156724 -0.30007616 0.74833315
vn -0.67609269 -0.23346205 0.69885202
vn -0.67769804 -0.25807229 0.68856667
vn -0.74596931 -0.20830933 0.63256383
vn -0.76136449 -0.21329744 0.61223224
vn -0.81168766 -0.19475690 0.55066586
vn -0.86085059 -0.17186270 0.47895666
vn -0.82673262 -0.16803854 0.53691361
vn -0.90712888 -0.14565836 0.39484281
vn -0.88427905 -0.14042166 0.44534516
vn -0.94449502 -0.12350645 0.30442619
vn -0.93297059 -0.12375777 0.33800871
vn -0.97224664 -0.10717780 0.20796486
vn -0.96620882 -0.12033089 0.22794955
vn -0.99058465 -0.10219794 0.09109131
vn -0.98612929 -0.12063433 0.11400167
vn -0.26109369 -0.20103364 0.94414806
vn -0.87494802 -0.14662268 0.46148430
vn -0.82243063 -0.16269519 0.54510378
vn -0.76075113 -0.17444440 0.62516147
vn -0.69167978 -0.18162204 0.69899394
vn -0.61703764 -0.18540928 0.76477967
vn -0.53632134 -0.18775636 0.82286510
vn -0.44927024 -0.19059093 0.87282951
vn -0.35737695 -0.19468502 0.91344374
vn -0.03058017 -0.46990157 0.88218896
vn -0.01873613 -0.49488245 0.86875792
vn -0.44185115 -0.35169377 0.82527514
vn -0.35357705 -0.40473415 0.84331105
vn -0.98270012 -0.16504089 0.08403556
vn -0.96952826 -0.16324353 0.18266498
vn -0.94331104 -0.15986253 0.29087499
vn -0.90244533 -0.16584529 0.39760253
vn -0.84472151 -0.17363855 0.50625609
vn -0.77857838 -0.19330990 0.59703181
vn -0.69917805 -0.22779195 0.67768789
vn -0.61374468 -0.26997507 0.74191032
vn -0.53146567 -0.30899276 0.78871269
vn -0.27449077 -0.44552412 0.85215203
vn -0.20905121 -0.47425039 0.85521001
vn -0.11945560 -0.48804998 0.86460255
vn -0.33504191 -0.37970041 0.86230767
vn -0.21368838 -0.42843572 0.87794083
vn -0.00529102 -0.01488406 0.99987523
vn 0.97005225 -0.22974235 0.07884845
vn 0.94160774 -0.20990763 0.26327485
vn 0.90777262 -0.24267963 0.34213370
vn 0.85294399 -0.26818428 0.44784343
vn 0.78652322 -0.29082207 0.54479698
vn 0.70599559 -0.31855086 0.63253108
vn 0.61586208 -0.34952395 0.70607854
vn 0.52353086 -0.38376397 0.76068433
vn 0.42314537 -0.41890016 0.80341188
vn 0.34108290 -0.44440978 0.82834920
vn 0.24148280 -0.46726156 0.85050143
vn 0.11781590 -0.49060449 0.86338094
vn 0.02510313 -0.50011746 0.86559364
vn 0.98118154 -0.17762714 0.07570590
vn 0.96645565 -0.18813994 0.17483375
vn 0.92374122 -0.21878651 0.31437973
vn 0.87077285 -0.23847381 0.42998242
vn 0.80675225 -0.27490641 0.52304616
vn 0.73473943 -0.30895886 0.60390595
vn 0.64337453 -0.35055702 0.68057254
vn 0.95966955 -0.23378151 0.15614277
vn 0.24940270 0.84701844 0.46942312
vn 0.16167128 0.83587841 0.52456618
vn 0.07044623 0.85999296 0.50542006
vn 0.10068395 0.87793395 0.46807555
vn 0.14546355 0.88841180 0.43539044
vn 0.30720186 0.87668904 0.37019365
vn 0.41946440 0.87025103 0.25828813
vn 0.58526896 0.79313033 0.16853638
vn 0.75806742 0.63801706 0.13515927
vn 0.92785188 0.36495649 0.07679618
vn 0.97553682 0.21978975 -0.00451413
vn 0.98979711 0.13164710 0.05450429
vn -0.00804445 -0.00151437 0.99996650
vn -0.00125838 0.71903858 0.69496902
vn -0.00103535 0.76604779 0.64278279
vn 0.03374136 0.77606539 0.62974918
vn 0.86397251 0.50326549 0.01659331
vn 0.97107285 -0.16649366 0.17116477
vn 0.98496796 -0.02629944 0.17072336
vn 0.43555546 0.87008033 0.23076322
vn 0.28423965 0.91486030 0.28677246
vn 0.17883994 0.91557781 0.36018543
vn 0.11859993 0.89748045 0.42480925
vn 0.04595521 0.88843316 0.45669972
vn -0.00057508 0.82739592 0.56161879
vn 0.00171716 0.31018153 0.95067580
vn 0.00133808 0.48294905 0.87564743
vn 0.03403345 0.42663989 0.90378102
vn 0.00309542 0.63332802 0.77387728
vn 0.08762589 0.52469820 0.84676650
vn -0.00627021 0.08534674 0.99633158
vn 0.00462477 0.17205710 0.98507612
vn 0.03784258 0.21448101 0.97599479
vn 0.15201425 0.09860408 0.98344746
vn 0.05657437 0.05825920 0.99669715
vn 0.28909061 0.19596747 0.93702901
vn 0.31542820 0.03013687 0.94847078
vn 0.66072878 -0.12163777 0.74070354
vn 0.53270176 -0.03623737 0.84552687
vn 0.84555634 -0.10464609 0.52353002
vn 0.88117862 -0.08543781 0.46499960
vn 0.91477582 -0.19327900 0.35472303
vn -0.00067212 0.80257797 0.59654685
vn 0.00963933 0.82604139 0.56352702
vn 0.08884428 0.80121856 0.59173939
vn 0.03139213 0.84024014 0.54130494
vn 0.05274627 0.70058646 0.71161538
vn 0.13433271 0.74686080 0.65127081
vn 0.19410426 0.61690260 0.76272847
vn 0.17240989 0.80679351 0.56511862
vn 0.32297301 0.72495247 0.60838503
vn 0.49001294 0.30315314 0.81730379
vn 0.50694407 0.11986287 0.85360448
vn 0.13100103 0.30122534 0.94451153
vn 0.24984581 0.41341828 0.87559260
vn 0.43876296 0.53664518 0.72076280
vn 0.49129673 0.66360616 0.56414040
vn 0.68712420 0.40570481 0.60271382
vn 0.92081525 0.18097975 0.34546433
vn 0.96217873 0.17153806 0.21162888
vn 0.83401925 0.21184096 0.50944608
vn 0.92341025 0.02248656 0.38315514
vn 0.84277611 0.04659958 0.53624333
vn 0.92067529 -0.08471251 0.38102598
vn 0.73050352 0.20598971 0.65110126
vn 0.74511380 0.02024168 0.66663011
vn 0.76485288 -0.11689354 0.63351083
vn 0.02535727 0.85114411 0.52431928
vn 0.04415373 0.87010849 0.49087847
vn 0.19140856 0.90157830 0.38796820
vn 0.33025663 0.89032747 0.31344465
vn 0.89740606 0.33152940 0.29111961
vn 0.80616859 0.39292399 0.44238326
vn 0.74253132 0.57135189 0.34957727
vn 0.62751072 0.60119428 0.49476836
vn 0.52606433 0.74801615 0.40463337
vn 0.43041655 0.74981867 0.50250728
vn 0.64570587 0.71058916 0.27951201
vn 0.84915984 0.48725389 0.20374299
vn 0.95825245 0.23764813 0.15898306
vn 0.99214012 0.04892291 0.11517176
vn -0.89125503 0.03244666 0.45234023
vn -0.91792512 -0.01501191 0.39646956
vn -0.95859263 0.00927523 0.28462981
vn -0.30968551 0.89138219 0.33095721
vn -0.21037097 0.88622297 0.41273830
vn -0.35897913 0.81685755 0.45152822
vn -0.15478742 0.91649146 0.36889599
vn -0.09814373 0.89119527 0.44287560
vn -0.99531764 0.09600261 0.01123791
vn -0.99479158 0.08512411 0.05606784
vn -0.95069419 0.31005479 0.00682497
vn -0.96753821 0.23950839 0.08065695
vn -0.77302067 0.63230146 0.05132165
vn -0.84772052 0.51741124 0.11685685
vn -0.40929346 0.08477393 0.90845597
vn -0.53538404 0.01069950 0.84454097
vn -0.66297155 0.06540068 0.74578246
vn -0.61240738 0.24046490 0.75308289
vn -0.99054310 -0.00263078 0.13717670
vn -0.98075792 0.10094205 0.16710656
vn -0.81485712 0.00432952 0.57964570
vn -0.23537408 0.16286582 0.95816166
vn -0.25246211 -0.00480177 0.96759487
vn -0.03884846 0.78165536 0.62249955
vn -0.06719037 0.69587900 0.71500900
vn -0.02461312 0.47563791 0.87929675
vn -0.03925999 0.23566581 0.97104082
vn -0.04517667 0.05804576 0.99729121
vn -0.01149809 0.82867752 0.55960822
vn -0.01777790 0.85270410 0.52209162
vn -0.02792311 0.87388839 0.48532400
vn -0.03132012 0.87434822 0.48428735
vn -0.04526505 0.90150561 0.43039367
vn -0.43781510 0.87734636 0.19642125
vn -0.99338137 0.08885935 0.07278369
vn -0.06111645 0.87712619 0.47635536
vn -0.12136232 0.91338882 0.38857696
vn -0.21382096 0.92955490 0.30034693
vn -0.28442164 0.91780940 0.27700224
vn -0.37792152 0.31022430 0.87231658
vn -0.54444761 0.46813721 0.69600600
vn -0.32505400 0.53376216 0.78066501
vn -0.46699024 0.66332550 0.58473874
vn -0.25713689 0.71163974 0.65379622
vn -0.17562036 0.81693645 0.54933808
vn -0.10819935 0.85226348 0.51180060
vn -0.04499359 0.86151204 0.50573963
vn -0.78014990 0.12583656 0.61280608
vn -0.73559095 0.31085655 0.60189215
vn -0.68151848 0.49504197 0.53894898
vn -0.60162095 0.67142001 0.43272093
vn -0.49564305 0.81238206 0.30720247
vn -0.86300312 0.17785143 0.47285779
vn -0.83602769 0.32214790 0.44416037
vn -0.79363924 0.47667957 0.37803882
vn -0.72484136 0.63067389 0.27722815
vn -0.62981475 0.75650848 0.17614853
vn -0.92989777 0.15174704 0.33505666
vn -0.91915909 0.27422826 0.28274622
vn -0.89708372 0.38572035 0.21554725
vn -0.97317859 0.18021490 0.14298960
vn -0.11258949 0.09116178 0.98945093
vn -0.10833305 0.29924753 0.94800573
vn -0.09154610 0.53686816 0.83868462
vn -0.19889933 0.39932848 0.89497253
vn -0.15766204 0.61327948 0.77397091
vn -0.11282248 0.74723715 0.65491047
vn -0.07468844 0.81078631 0.58055765
vn -0.02991098 0.84441630 0.53485179
vn -0.71234821 0.68163442 -0.16713629
vn -0.65306591 0.68065627 -0.33198185
vn -0.55325291 0.68065585 -0.48022790
vn -0.42051637 0.68065654 -0.59989387
vn -0.26275446 0.68065525 -0.68386295
vn -0.08935643 0.68065566 -0.72713362
vn 0.08935919 0.68065564 -0.72713330
vn 0.26275745 0.68065724 -0.68385982
vn 0.42051904 0.68065607 -0.59989254
vn 0.55325501 0.68065596 -0.48022531
vn 0.65306683 0.68065650 -0.33197960
vn 0.71234737 0.68163593 -0.16713374
vn 0.67412573 0.70456466 0.22168253
vn -0.67404823 0.70535009 0.21940884
vn 0.71347864 0.63746166 0.29084510
vn -0.71348084 0.63746054 0.29084215
vn 0.68899811 0.57794956 0.43732815
vn 0.70719548 -0.55107904 -0.44292940
vn 0.68900097 0.64199588 0.33633162
vn 0.71101102 -0.59263138 -0.37848564
vn 0.67759105 -0.64276270 -0.35738841
vn 0.69966345 0.69116677 -0.18099600
vn 0.69315230 0.70894920 -0.13011883
vn 0.68899942 -0.71291427 0.13051073
vn 0.68899890 0.49816379 0.52641557
vn 0.68899988 -0.72467026 0.01149719
vn 0.68899939 -0.71669581 -0.10782836
vn 0.68899981 -0.68920604 -0.22421932
vn 0.69966258 0.71056339 -0.07464543
vn 0.68412847 0.72929556 -0.00980935
vn 0.69613971 0.71745375 0.02548739
vn 0.69177361 0.71593005 0.09430501
vn 0.68899860 -0.48275233 0.54058405
vn 0.68899942 -0.56507699 0.45383674
vn 0.68899885 0.30044281 0.65955645
vn 0.68899901 -0.63201611 0.35473372
vn 0.68900073 -0.64294944 -0.33450561
vn 0.69082338 -0.58177526 -0.42930246
vn 0.68899894 0.40481473 0.60117010
vn 0.68899998 -0.68174609 0.24597013
vn 0.66786432 -0.60038504 -0.43988072
vn 0.69000831 0.65110220 -0.31615575
vn 0.69770962 0.67729615 -0.23339070
vn 0.69154369 0.51478133 -0.50672232
vn 0.69001171 -0.38495439 -0.61293879
vn 0.68857161 -0.28082641 -0.66858482
vn 0.68519963 -0.49392229 -0.53529640
vn 0.68856967 0.59249458 -0.41811719
vn 0.68899751 -0.38728221 0.61261319
vn 0.68899856 0.18789027 0.69998445
vn 0.68899567 0.07022165 0.72135559
vn 0.68899867 -0.04935828 0.72307994
vn 0.68899840 -0.16759449 0.70511934
vn 0.68899785 -0.28126799 0.66795979
vn 0.68857098 0.19992010 -0.69706668
vn 0.68857111 0.31447286 -0.65343450
vn 0.68857040 0.07965550 -0.72078138
vn 0.68857077 -0.04288573 -0.72389993
vn 0.68857037 -0.16420144 -0.70633472
vn 0.69009211 0.41647377 -0.59188046
vn -0.65910589 0.39340720 -0.64094477
vn -0.65954596 0.05197907 -0.74986486
vn -0.91375113 0.24613980 -0.32322450
vn -0.74008245 0.51298588 0.43488326
vn -0.75941146 0.31361198 0.57003663
vn -0.68900074 0.57794956 0.43732401
vn -0.68900115 0.49816335 0.52641305
vn -0.75884304 0.04205469 0.64991434
vn -0.70502762 -0.10672129 0.70110386
vn -0.65756845 0.06857025 0.75026786
vn -0.72134097 0.61774475 0.31314315
vn -0.68899885 0.64199969 0.33632868
vn -0.72110278 0.66051259 0.20912650
vn -0.72391830 0.68278713 0.09871190
vn -0.72515303 0.68854008 -0.00810219
vn -0.69077471 0.72178634 0.04306715
vn -0.69487816 0.71537210 -0.07339685
vn -0.69897271 0.69323696 -0.17566920
vn -0.66171941 0.74677259 0.06676918
vn -0.70590972 0.69979616 -0.10943859
vn -0.66136600 0.63815013 0.39415660
vn -0.65916434 0.39220595 0.64162049
vn -0.65916719 0.64421869 -0.38791866
vn -0.65949798 0.75033149 -0.04544300
vn -0.65839038 0.68697058 0.30756062
vn -0.70441328 0.55622876 0.44092118
vn -0.65756712 -0.75026920 0.06856837
vn -0.65916390 -0.64162133 0.39220534
vn -0.66136880 -0.39415608 0.63814754
vn -0.75884281 -0.64991469 0.04205337
vn -0.70502445 -0.70110679 -0.10672297
vn -0.70591180 0.10943504 0.69979462
vn -0.66172051 -0.06677046 0.74677149
vn -0.65916194 -0.66047268 -0.35955719
vn -0.66136550 -0.74973284 -0.02227891
vn -0.65756501 -0.43452082 -0.61546723
vn -0.66171951 -0.68011048 0.31555828
vn -0.70502975 -0.25811853 -0.66053605
vn -0.70591052 -0.55132312 0.44467196
vn -0.75883967 -0.36137658 -0.54182038
vn -0.68899934 -0.68920518 -0.22422339
vn -0.75940913 -0.55661509 -0.33686409
vn -0.68899971 -0.71669479 -0.10783311
vn -0.75762093 -0.04200489 0.65134178
vn -0.68900006 -0.56507807 0.45383444
vn -0.75941052 -0.57003903 0.31360990
vn -0.68900065 -0.48275222 0.54058154
vn -0.74212349 -0.42984689 0.51428045
vn -0.68900151 -0.38728174 0.61260899
vn -0.72278862 -0.30167464 0.62174675
vn -0.68900069 -0.28126846 0.66795666
vn -0.72294184 -0.18315752 0.66618948
vn -0.68900087 -0.16759497 0.70511682
vn -0.72320513 -0.06067044 0.68796325
vn -0.68900061 -0.04935873 0.72307805
vn -0.72383664 0.05893551 0.68744973
vn -0.68900195 0.07022294 0.72134946
vn -0.72307460 0.18361915 0.66591826
vn -0.68900083 0.18789077 0.69998208
vn -0.72278870 0.30167401 0.62174697
vn -0.68900057 0.30044277 0.65955466
vn -0.74070080 0.42938044 0.51671536
vn -0.68900079 0.40481442 0.60116820
vn -0.75740212 0.57249642 0.31399024
vn -0.75762072 0.65134232 0.04200035
vn -0.75740160 -0.31399102 0.57249669
vn -0.73816879 -0.51451535 0.43632647
vn -0.68900044 -0.63201611 0.35473094
vn -0.71991940 -0.61505847 0.32158846
vn -0.68899941 -0.68174746 0.24596791
vn -0.71986651 -0.65549811 0.22828586
vn -0.68899989 -0.71291431 0.13050798
vn -0.71986075 -0.68182795 0.13004286
vn -0.68899979 -0.72467038 0.01149470
vn -0.71990773 -0.69346331 0.02900868
vn -0.73960328 -0.66185483 -0.12220955
vn -0.75917259 0.58340974 0.28860017
vn -0.75953101 0.65033276 0.01341464
vn -0.69770831 0.67729681 -0.23339269
vn -0.74161134 0.63033171 -0.22955297
vn -0.69000807 0.65110131 -0.31615810
vn -0.72412983 0.57046719 -0.38756054
vn -0.68856888 0.59249399 -0.41811931
vn -0.72536723 0.49134152 -0.48210568
vn -0.72536478 -0.49065522 -0.48280783
vn -0.71639656 -0.53067667 -0.45294398
vn -0.72315740 -0.57049157 -0.38933629
vn -0.69078270 -0.58114355 -0.43022254
vn -0.73918476 -0.63271263 -0.23082594
vn -0.68899917 -0.64294996 -0.33450783
vn -0.75740081 -0.65279311 0.01432371
vn -0.75762016 -0.58508051 0.28929655
vn -0.69593969 0.52564333 -0.48925150
vn -0.69494019 0.47785484 -0.53732010
vn -0.72611453 0.40158411 -0.55811100
vn -0.69029509 0.41430370 -0.59316535
vn -0.72412120 0.29593214 -0.62295478
vn -0.68856714 0.31447339 -0.65343842
vn -0.72382057 0.18134644 -0.66573061
vn -0.68856760 0.19992012 -0.69707002
vn -0.72503554 0.05851458 -0.68622118
vn -0.68856773 0.07965484 -0.72078401
vn -0.72590578 -0.05850826 -0.68530108
vn -0.68856769 -0.04288635 -0.72390283
vn -0.72415275 -0.18092556 -0.66548384
vn -0.68856785 -0.16420203 -0.70633704
vn -0.72382180 -0.29576191 -0.62338342
vn -0.68856781 -0.28082540 -0.66858917
vn -0.72449246 -0.40203836 -0.55988913
vn -0.69003627 -0.38407345 -0.61346355
vn -0.68851401 -0.47054869 -0.55184453
vn -0.69752285 -0.56040055 -0.44655695
vn -0.72463258 -0.58737500 -0.36041397
vn -0.74162751 -0.54817489 -0.38664316
vn -0.01999010 -0.77844795 -0.62739077
vn -0.02001101 -0.72699951 -0.68634632
vn -0.48900284 0.26901709 0.82976264
vn -0.49581193 0.34693275 0.79612072
vn -0.82217854 -0.12433577 0.55548453
vn -0.49653119 0.40500773 0.76774053
vn -0.49675196 0.44932661 0.74252481
vn -0.51678904 0.57355170 0.63558440
vn -0.54844411 0.59101023 0.59153695
vn -0.74281634 0.36599613 0.56059853
vn -0.83168165 0.23955870 0.50091642
vn -0.50193665 -0.16623856 0.84877814
vn -0.47803339 -0.18620230 0.85837799
vn -0.47056187 -0.10138930 0.87652252
vn -0.48715764 -0.01696862 0.87314919
vn -0.48002287 0.08346580 0.87327630
vn -0.48910454 0.17145020 0.85520850
vn 0.01199469 -0.59613641 -0.80279356
vn -0.99632588 0.06683234 0.05355530
vn -0.99671609 0.05831984 0.05617683
vn -0.99557832 -0.08629571 0.03710604
vn -0.99575067 -0.08993756 0.01979474
vn -0.99617550 0.08413600 -0.02356913
vn -0.99679936 0.02718964 0.07517820
vn -0.99477507 -0.03740232 -0.09499273
vn -0.99477608 0.06414482 -0.07941028
vn -0.99477254 0.05317128 -0.08718035
vn -0.99593382 0.09004208 0.00287298
vn -0.99999130 0.00413928 -0.00051663
vn -0.99578599 -0.09028351 0.01609794
vn -0.99487201 0.09236302 -0.04121605
vn -0.99485658 0.08778273 -0.05054275
vn -0.71389786 0.68738271 -0.13362208
vn -0.99623700 -0.00774292 -0.08632429
vn -0.69046890 0.72333716 -0.00600442
vn -0.69340504 0.71493227 0.08978470
vn -0.99678334 0.04840399 0.06387509
vn -0.99680056 0.03836177 0.07012144
vn -0.99678854 0.01537405 0.07858907
vn -0.99675307 0.00301972 0.08046242
vn -0.99617520 0.07123342 -0.05060403
vn -0.99669229 -0.00895030 0.08077353
vn -0.99617519 0.04995488 -0.07169025
vn -0.99643361 -0.01885289 0.08224738
vn -0.99617517 0.02280557 -0.08435011
vn -0.99727750 0.07306288 0.00997033
vn -0.69844715 0.70120208 0.14313358
vn -0.99708106 -0.03355419 0.06858185
vn -0.99722752 -0.04344815 0.06041140
vn -0.99721872 -0.05292840 0.05247299
vn -0.99713780 -0.06208148 0.04315210
vn -0.99710972 -0.06822324 0.03343343
vn -0.99677084 -0.07784411 0.01970268
vn -0.99634053 -0.08447630 0.01301179
vn -0.99576250 0.06780894 0.06212084
vn -0.99557834 -0.07580174 0.05547848
vn -0.99557832 -0.06146226 0.07103666
vn -1.00000000 0.00001236 -0.00001176
vn -0.99560820 -0.05801644 0.07347381
vn -0.99830508 -0.01652874 0.05580121
vn -0.99637892 -0.02522879 0.08119459
vn -0.99477228 0.04124933 -0.09341627
vn -0.99477214 0.02861447 -0.09802860
vn -0.99477612 0.01547450 -0.10090104
vn -0.99477616 0.00207831 -0.10205918
vn -0.99477516 -0.01135511 -0.10145656
vn -0.99477532 -0.02459213 -0.09908220
vn -0.99477592 -0.04956010 -0.08924492
vn -0.99468381 -0.06289377 -0.08153828
vn -0.99450168 -0.08431913 -0.06210230
vn -0.99604484 -0.08871185 0.00498809
vn -0.99477575 0.07402852 -0.07029215
vn -0.99481770 0.08187836 -0.06027996
vn -0.99450400 -0.09863220 -0.03512091
vn -0.99487516 -0.10094715 -0.00575284
vn -0.99557943 -0.04399701 0.08298109
vn -0.99557828 0.03790685 0.08594747
vn -0.99557846 0.05618166 0.07528047
vn -0.99557849 -0.02431278 0.09073234
vn -0.99557815 -0.00338884 0.09387576
vn -0.99557877 0.01770605 0.09224644
vn -0.48093792 -0.85805935 -0.18009128
vn -0.45063954 -0.88715749 -0.09937602
vn -0.51661078 -0.85490292 0.04747942
vn -0.37350782 -0.92705367 -0.03260978
vn -0.25360753 -0.95492009 0.15430761
vn -0.49247198 -0.86385579 0.10594585
vn -0.26286397 -0.96186396 0.07563237
vn -0.36672581 -0.93017986 -0.01666181
vn -0.52859369 -0.84403728 -0.09049741
vn -0.52477664 -0.84175270 -0.12673540
vn -0.13384550 -0.76492622 -0.63005814
vn -0.52668579 -0.83161242 -0.17613308
vn -0.35754124 -0.83541651 -0.41742486
vn -0.53353018 -0.84535533 -0.02683119
vn -0.00991391 0.94758290 0.31935618
vn -0.06867186 0.80480191 0.58955752
vn -0.01087948 0.94951511 0.31353261
vn -0.15844048 0.12700520 0.97916612
vn -0.17241454 -0.16297641 0.97144836
vn -0.17287465 -0.16243869 0.97145665
vn -0.12146878 0.50649884 0.85364176
vn -0.01862036 0.96045576 0.27780931
vn -0.40743478 0.84351720 0.34996518
vn -0.49106287 0.59500699 0.63625776
vn -0.47385353 0.68723255 0.55061262
vn -0.45269921 0.75462477 0.47497882
vn -0.42917499 0.79909137 0.42102472
vn -0.57407154 0.32651998 0.75088385
vn -0.57000300 0.35955835 0.73879251
vn -0.54002627 0.41279909 0.73346339
vn -0.52429945 0.50363716 0.68662923
vn -0.51323931 0.53869308 0.66812811
vn -0.92289646 0.00000073 0.38504822
vn -0.99478596 0.00000165 0.10198479
vn -0.99477600 -0.01329658 0.10121220
vn -0.92285602 0.14567667 0.35653201
vn -0.99477564 0.03898727 0.09434736
vn -0.99478588 0.02634186 0.09852488
vn -0.67853767 0.60350009 0.41877713
vn -0.72806412 0.52247963 0.44377661
vn -0.99482412 0.06109840 0.08119086
vn -0.92256985 -0.23780421 0.30383224
vn -0.67758213 -0.59922607 0.42639251
vn -0.62812760 -0.64013515 0.44236038
vn -0.99482715 -0.06105492 0.08118639
vn -0.72750113 -0.52199398 0.44526890
vn -0.92257697 0.23781466 0.30380245
vn -0.99477496 0.05094777 0.08847094
vn -0.92286067 0.19354318 0.33297032
vn -0.99478597 0.01328334 0.10111589
vn -0.92284843 0.09505325 0.37325013
vn -0.92412554 0.04783416 0.37908293
vn -0.99477851 -0.02635956 0.09859459
vn -0.92281904 -0.05309627 0.38155709
vn -0.92411029 -0.09928594 0.36900200
vn -0.92286085 -0.19354371 0.33296950
vn -0.99477641 -0.05094112 0.08845849
vn -0.92285867 -0.14567532 0.35652570
vn -0.99477653 -0.03898435 0.09433913
vn -0.84046864 0.23937989 0.48611700
vn -0.77209885 0.31986390 0.54913609
vn -0.83542991 0.30910296 0.45443616
vn -0.77299261 0.39037966 0.50008613
vn -0.54596890 0.69315206 0.47059343
vn -0.77119300 0.23847780 0.59024545
vn -0.83396044 0.17488772 0.52337776
vn -0.83955605 0.03706756 0.54200704
vn -0.77248362 0.07763260 0.63027156
vn -0.81801468 0.10366401 0.56577890
vn -0.77172205 0.15403898 0.61702274
vn -0.77183447 -0.00000023 0.63582352
vn -0.83956035 -0.03706786 0.54200037
vn -0.83551551 -0.17219269 0.52178875
vn -0.77236733 -0.16536955 0.61327125
vn -0.82948374 -0.11484739 0.54659564
vn -0.77214058 -0.08947780 0.62912054
vn -0.77226074 -0.23961741 0.58838494
vn -0.84027139 -0.23979397 0.48625388
vn -0.77164379 -0.32012701 0.54962219
vn -0.83511106 -0.30937175 0.45483913
vn -0.77244021 -0.39045836 0.50087761
vn -0.54016776 -0.69292539 0.47757009
vn -0.92295635 -0.30380055 0.23634045
vn -0.99482481 -0.08128854 0.06095715
vn -0.99477938 -0.08850053 0.05080992
vn -0.77251575 -0.50094771 0.39021892
vn -0.54330955 -0.47131294 0.69475092
vn -0.72750308 -0.44527536 0.52198575
vn -0.67776784 -0.42630279 0.59907987
vn -0.62844423 -0.44207800 0.64001945
vn -0.92269876 -0.38173207 -0.05392240
vn -0.67773387 -0.66876682 -0.30565952
vn -0.62908808 -0.70242457 -0.33293831
vn -0.99483356 -0.10079092 -0.01213976
vn -0.72750386 -0.64660848 -0.22942452
vn -0.99477860 -0.09433567 0.03893996
vn -0.92301703 -0.33194209 0.19456110
vn -0.92302453 -0.35496007 0.14842195
vn -0.92301866 -0.38474730 -0.00246436
vn -0.99478915 -0.10195333 0.00024281
vn -0.92299508 -0.38167773 0.04901221
vn -0.99477886 -0.10116531 0.01343871
vn -0.92302731 -0.37161719 0.09960547
vn -0.99477940 -0.09857188 0.02641084
vn -0.82957091 -0.46108320 0.31498316
vn -0.83941257 -0.51438839 0.17547399
vn -0.77223009 -0.58586728 0.24580523
vn -0.83658436 -0.49011628 0.24477060
vn -0.77252607 -0.54702134 0.32244554
vn -0.77194221 -0.61400982 0.16461216
vn -0.83946034 -0.53312188 0.10529672
vn -0.77182699 -0.63081559 0.07971698
vn -0.83589710 -0.54788888 0.03307298
vn -0.77113806 -0.63664107 -0.00585238
vn -0.82896197 -0.55778073 -0.04126395
vn -0.77249224 -0.62888923 -0.08805730
vn -0.54064939 -0.75984687 -0.36101381
vn -0.94303554 -0.32758146 -0.05808920
vn -0.84162796 -0.46599228 -0.27297173
vn -0.91832433 -0.33303775 -0.21393057
vn -0.76627949 -0.50767388 -0.39380577
vn -0.71093586 -0.55664173 -0.42979086
vn -0.72222236 -0.55297942 -0.41546194
vn -0.75174826 -0.61442645 -0.23948841
vn -0.72188447 -0.53924440 -0.43370300
vn -0.73549921 -0.52733092 -0.42539748
vn -0.57924771 -0.79663310 -0.17276513
vn -0.62940606 -0.75070242 -0.20073336
vn -0.54320827 -0.83890899 0.03400709
vn -0.74282183 -0.66908680 -0.02320740
vn -0.57826538 -0.80509489 0.13202792
vn -0.80013470 -0.39260277 0.45348377
vn -0.89776497 -0.40583365 0.17122238
vn -0.96638956 -0.24741419 0.06983870
vn -0.98672632 -0.15869070 -0.03447373
vn -0.62585030 -0.77746286 -0.06215232
vn -0.67584400 -0.73374542 -0.06966022
vn -0.92302865 -0.35903960 -0.13823412
vn -0.72749947 -0.67470709 -0.12455866
vn -0.99491563 -0.09349741 -0.03743167
vn -0.53729855 -0.84131632 -0.05913645
vn -0.99486207 -0.08993850 -0.04648148
vn -0.92218499 -0.34243065 -0.17976675
vn -0.99486213 -0.08466424 -0.05550949
vn -0.92268721 -0.32488671 -0.20759800
vn -0.82103908 -0.46195761 -0.33539529
vn -0.77234627 -0.53673717 -0.33969760
vn -0.77192358 -0.56213107 -0.29688827
vn -0.81862219 -0.52515942 -0.23251945
vn -0.77096844 -0.59401162 -0.22969081
vn -0.97321798 -0.05070943 0.22422157
vn -0.99158924 0.07767417 0.10352534
vn -0.91662779 0.35261819 0.18829207
vn -0.78966827 0.49145278 0.36728488
vn -0.57411828 0.23031621 0.78571155
vn -0.57257269 0.16901695 0.80224297
vn -0.74193112 0.62663870 0.23845785
vn -0.74469204 0.61024214 0.27025599
vn -0.87571880 0.34563797 0.33712162
vn -0.76662128 0.59206961 0.24848620
vn -0.75684566 -0.32041774 0.56966404
vn -0.91563725 -0.04971048 0.39892015
vn -0.89931073 0.11634370 0.42154993
vn -0.63779583 0.02153872 0.76990426
vn -0.49009631 -0.17863216 0.85316831
vn -0.54620937 -0.27070502 0.79270052
vn -0.24522663 -0.24310630 0.93848987
vn -0.36510733 -0.13235900 0.92150840
vn -0.46319272 -0.03724603 0.88547459
vn -0.49299185 -0.02854677 0.86956548
vn -0.73076354 -0.13660973 0.66882168
vn -0.78369654 0.01643568 0.62092640
vn -0.82280841 0.28550404 0.49139981
vn -0.55500980 0.08866666 0.82710480
vn -0.92144492 0.32847838 0.20746375
vn -0.77041806 0.56938583 0.28680270
vn -0.92099776 0.34838243 0.17433537
vn -0.92223970 0.29985885 0.24404631
vn -0.81354403 0.46850880 0.34444972
vn -0.77109793 0.53947390 0.33819505
vn -0.62524125 0.44321240 0.64236761
vn -0.53510293 0.47809816 0.69648187
vn -0.76473978 0.50179107 0.40420144
vn -0.67544803 0.42743417 0.60089099
vn -0.99482114 0.07995676 0.06275195
vn -0.72754456 0.44510717 0.52207138
vn -0.99478630 0.08595395 0.05488288
vn -0.99478783 0.09118719 0.04562962
vn -0.94037737 0.26484471 0.21341903
vn -0.94429832 0.23704183 0.22828019
vn -0.94527947 0.19859673 0.25885529
vn -0.94582543 0.15602001 0.28473148
vn -0.94594648 0.11035620 0.30497011
vn -0.94572126 0.06236952 0.31893782
vn -0.94512475 0.01378743 0.32641862
vn -0.94419161 -0.03623560 0.32739759
vn -0.94145554 -0.07515352 0.32865393
vn -0.82731000 -0.06222575 0.55828856
vn -0.82972975 0.02485375 0.55761172
vn -0.83167369 0.10527510 0.54519356
vn -0.83046518 0.18922632 0.52394750
vn -0.82954629 0.26806194 0.48989362
vn -0.82754849 0.34069838 0.44619290
vn -0.82465612 0.40662928 0.39318559
vn -0.81931268 0.44605828 0.36022040
vn -0.99369704 0.08916061 0.06794540
vn -0.93591646 0.12135825 0.33065474
vn -0.94121668 -0.33364875 0.05281733
vn -0.93668589 -0.34239134 0.07340110
vn -0.93438704 -0.28671133 0.21146506
vn -0.93669090 -0.32211585 0.13730088
vn -0.93708996 -0.22717142 0.26505763
vn -0.93843850 -0.16170571 0.30526128
vn -0.93792644 -0.08678700 0.33580056
vn -0.93564166 -0.01401948 0.35267284
vn -0.93694395 0.06691520 0.34301369
vn -0.93785912 0.13405634 0.32007682
vn -0.93734093 0.20894434 0.27880863
vn -0.93603602 0.26715080 0.22905680
vn -0.81678647 0.21949650 0.53355519
vn -0.84422230 0.26043651 0.46846721
vn -0.82205883 0.41911230 0.38544021
vn -0.83817656 0.36032552 0.40942103
vn -0.83023789 0.30761900 0.46483932
vn -0.83776285 0.14729060 0.52579358
vn -0.82442759 0.08911546 0.55890749
vn -0.84307511 -0.06751837 0.53354065
vn -0.83343591 0.01219998 0.55248144
vn -0.85104605 0.04514268 0.52314698
vn -0.81791960 -0.25451364 0.51597513
vn -0.85383815 -0.19695234 0.48184042
vn -0.84987925 -0.18059662 0.49506578
vn -0.81691806 -0.14319107 0.55869599
vn -0.82245537 -0.39252552 0.41169271
vn -0.83888364 -0.32702669 0.43511812
vn -0.84878386 -0.29536629 0.43854842
vn -0.81845835 -0.28598535 0.49833554
vn -0.84183414 -0.40538023 0.35634554
vn -0.81918321 -0.56123334 0.11813555
vn -0.84862537 -0.50380042 0.16130751
vn -0.83126500 -0.49530785 0.25232646
vn -0.83490093 -0.46615050 0.29265021
vn -0.82120913 -0.56308295 0.09248330
vn -0.41449125 0.85627947 0.30819227
vn -0.59735901 0.76600224 0.23749270
vn -0.95840918 -0.25147043 0.13496095
vn -0.94196294 -0.25302007 0.22065054
vn -0.94848091 -0.19914707 0.24642323
vn -0.94194021 -0.17380802 0.28729674
vn -0.94155438 -0.12927567 0.31106776
vn -0.93976036 -0.10561600 0.32510880
vn -0.94771973 -0.31137680 0.06979830
vn -0.94141514 -0.31220296 0.12754153
vn -0.82185352 -0.54897570 0.15225788
vn -0.81799786 -0.47041458 0.33104323
vn -0.78245825 -0.54362847 0.30368928
vn -0.82544261 -0.52494480 0.20755112
vn -0.82908687 -0.42210969 0.36665840
vn -0.81514055 -0.39839419 0.42050916
vn -0.82074481 -0.31620373 0.47580791
vn -0.81976872 -0.23460405 0.52243677
vn -0.82155882 -0.17198863 0.54356325
vn -0.95834873 -0.09562644 0.26911577
vn -0.83677241 -0.18852851 0.51407093
vn -0.93878093 -0.34053682 0.05220189
vn -0.93967862 -0.31557000 0.13198357
vn -0.98580806 -0.14412577 0.08608268
vn -0.94553404 -0.24680608 0.21225487
vn -0.92249424 -0.17923485 0.34187607
vn -0.82695715 -0.32424430 0.45935554
vn -0.84329425 -0.46439251 0.27054466
vn -0.82779355 -0.42162924 0.37011704
vn -0.82861832 -0.51875493 0.21043999
vn -0.82411430 -0.55489162 0.11371415
vn -0.81827249 -0.57158580 0.06099012
vn -0.93616225 -0.35149969 0.00694291
vn -0.81982918 -0.57247116 0.01252533
vn -0.92345322 -0.23481641 -0.30347223
vn -0.91050941 -0.33014140 -0.24895635
vn -0.94190611 -0.33131360 -0.05517403
vn -0.94603682 -0.28815499 -0.14826005
vn -0.83496461 -0.53928539 -0.10956899
vn -0.79820071 -0.42720366 -0.42470301
vn -0.83673995 -0.45235796 -0.30860739
vn -0.83734421 -0.50224383 -0.21588378
vn -0.77157502 -0.38957412 -0.50289560
vn -0.80702849 -0.02818756 -0.58983936
vn -0.77223268 -0.06573350 -0.63193021
vn -0.92406846 -0.04108515 -0.38001250
vn -0.80762061 -0.25329931 -0.53253020
vn -0.77223713 -0.31366380 -0.55250776
vn -0.92276667 -0.18953287 -0.33552788
vn -0.79956854 -0.33198120 -0.50047841
vn -0.92276773 0.15601666 -0.35236133
vn -0.92277396 0.00838570 -0.38525043
vn -0.92276672 -0.14052588 -0.35882317
vn -0.92409744 -0.09274840 -0.37073124
vn -0.92276307 0.06233654 -0.38029260
vn -0.92406912 0.10831645 -0.36655669
vn -0.92276109 0.20393583 -0.32698952
vn -0.92407245 0.24117089 -0.29652438
vn -0.92278599 0.27968623 -0.26503137
vn -0.92266701 0.31380788 -0.22407633
vn -0.77130604 -0.23058815 -0.59322516
vn -0.80449415 -0.17850795 -0.56650161
vn -0.79107328 -0.09413650 -0.60443477
vn -0.79935539 -0.11512143 -0.58972707
vn -0.77254205 -0.15530217 -0.61567851
vn -0.77200485 0.01370826 -0.63546880
vn -0.80560735 0.05577855 -0.58981823
vn -0.80653221 0.20171038 -0.55571461
vn -0.77231071 0.18306547 -0.60829533
vn -0.79340437 0.14064460 -0.59222344
vn -0.77109374 0.10489920 -0.62802118
vn -0.77069883 0.25707351 -0.58304076
vn -0.80425326 0.28099543 -0.52365854
vn -0.80743898 0.39838845 -0.43511946
vn -0.77016000 0.40344235 -0.49405247
vn -0.79313884 0.36034351 -0.49100237
vn -0.76767628 0.33774963 -0.54460841
vn -0.77231793 0.46148336 -0.43652963
vn -0.80546848 0.45839041 -0.37563115
vn -0.77092237 0.51998382 -0.36782540
vn -0.92194466 0.33485093 -0.19466096
vn -0.99174107 0.12712704 -0.01698165
vn -0.90573930 0.42108747 -0.04818362
vn -0.92288086 0.35387050 -0.15187686
vn -0.75837167 0.64971504 -0.05237160
vn -0.77180080 0.58519243 -0.24874354
vn -0.78749994 0.55249221 -0.27312304
vn -0.77095465 0.55044574 -0.32037230
vn -0.19071535 0.52664787 -0.82841395
vn -0.05882190 0.52673538 -0.84799164
vn -0.09770159 -0.12645110 -0.98714969
vn -0.92983013 0.36780578 0.01161224
vn -0.65526241 0.75467562 -0.03310402
vn -0.71731994 0.69621430 0.02716147
vn -0.37556730 0.92519472 0.05444205
vn -0.56262410 0.82668202 -0.00713913
vn -0.10638844 0.98815444 0.11059972
vn -0.44086267 0.89704557 0.03081141
vn -0.37699170 -0.09048138 -0.92178651
vn -0.31813371 0.54155916 -0.77814178
vn -0.71783523 -0.05630084 -0.69393285
vn -0.53284862 0.57622407 -0.61970814
vn -0.43421404 0.55266235 -0.71135258
vn -0.71215831 0.62844386 -0.31287196
vn -0.02499064 0.08335545 -0.99620647
vn -0.37990879 0.25448347 -0.88932979
vn -0.09840985 0.29555674 -0.95024298
vn -0.09928394 0.56950356 -0.81597083
vn -0.39042775 0.52634236 -0.75533429
vn -0.09913787 0.77028381 -0.62994804
vn -0.37502661 0.74630932 -0.54988857
vn -0.05158372 0.88406530 -0.46450799
vn -0.38492609 0.89071606 -0.24177843
vn -0.08849301 0.95930574 -0.26814451
vn 0.03212618 0.99344115 -0.10973874
vn -0.71794034 0.67030553 -0.18775563
vn -0.71794773 0.56748750 -0.40312405
vn -0.71795049 0.39797241 -0.57110863
vn -0.71795127 0.18168107 -0.67196575
vn -0.93133704 0.35066119 -0.09822444
vn -0.93133478 0.29688089 -0.21089633
vn -0.93133684 0.20819556 -0.29877468
vn -0.93133805 0.09504492 -0.35153365
vn -0.93111939 -0.03055775 -0.36343211
vn -0.62953949 0.59248934 -0.50262949
vn -0.99428343 -0.10586253 0.01391317
vn -0.92673154 -0.37123247 0.05792322
vn -0.76963240 -0.62968616 0.10564706
vn -0.44628162 -0.88402086 0.13906771
vn -0.60711395 -0.78529489 0.12134492
vn -0.21947333 -0.84050291 0.49536483
vn -0.26884090 -0.90426038 0.33171936
vn -0.51002632 -0.79609475 0.32573962
vn -0.95308785 -0.12369859 0.27626473
vn -0.99709920 -0.03477992 0.06770184
vn -0.99404075 -0.03753234 0.10234410
vn -0.94934015 -0.17806557 0.25893231
vn -0.99768891 -0.04378377 0.05195971
vn -0.95256767 -0.23428609 0.19422888
vn -0.99744422 -0.05561178 0.04485932
vn -0.99715550 -0.07073041 0.02604082
vn -0.99789282 -0.05572319 0.03323923
vn -0.94648441 -0.29537913 0.13007083
vn -0.78813760 -0.47150002 0.39563475
vn -0.96472053 -0.25405970 0.06905049
vn -0.78924280 -0.56379158 0.24338212
vn -0.27518278 -0.74238224 0.61085436
vn -0.51554627 -0.66247034 0.54345661
vn -0.43551731 -0.29047587 0.85202608
vn -0.25703959 -0.26505847 0.92934098
vn -0.23916706 -0.35356418 0.90431824
vn -0.50433000 -0.45899075 0.73142241
vn -0.62082542 -0.26148899 0.73905298
vn -0.79056668 -0.33671620 0.51149440
vn -0.77777048 -0.19552171 0.59736450
vn -0.91600631 -0.11730194 0.38363093
vn -0.28637583 -0.50431150 0.81465256
vn -0.25677883 -0.63437540 0.72913132
vn -0.99290723 -0.03513939 0.11358019
vn -0.91182746 -0.14083203 0.38566440
vn -0.76405069 -0.21977699 0.60656790
vn -0.61518491 -0.26360377 0.74300779
vn -0.43992908 -0.29986281 0.84648964
vn -0.26389926 -0.31320253 0.91228359
vn -0.99343290 -0.03888892 0.10760448
vn -0.99616840 -0.04594102 0.07441735
vn -0.93676918 -0.18696145 0.29581905
vn -0.99550649 -0.06159661 0.07192137
vn -0.99511452 -0.08301473 0.05343832
vn -0.93833034 -0.26379941 0.22348612
vn -0.43840159 -0.88081079 0.17881947
vn -0.50703934 -0.79137215 0.34152778
vn -0.61960062 -0.76938353 0.15538358
vn -0.76620512 -0.58860853 0.25781722
vn -0.99560117 -0.08803635 0.03206110
vn -0.99322523 -0.11462654 0.01908911
vn -0.93931030 -0.31384700 0.13855041
vn -0.91439030 -0.39686536 0.07992661
vn -0.75904666 -0.63887192 0.12526306
vn -0.51563780 -0.65309998 0.55459721
vn -0.76943022 -0.48696979 0.41332501
vn -0.50585734 -0.46654869 0.72556231
vn -0.76767943 -0.34796230 0.53813616
vn -0.29742621 -0.51220365 0.80572021
vn -0.30783631 -0.72553508 0.61549627
vn -0.29667725 -0.87851898 0.37441555
vn -0.26543226 -0.94639449 0.18407386
vn -0.43986050 0.66858443 0.59959787
vn -0.26505589 0.72299461 0.63798445
vn -0.29417629 0.69801761 0.65286425
vn -0.76430910 0.47731900 0.43358756
vn -0.61491903 0.58646998 0.52718834
vn -0.60120273 0.59085440 0.53800219
vn -0.89742864 -0.43025491 0.09748104
vn -0.60174539 -0.77876984 0.17725695
vn -0.99376836 -0.10866441 0.02482925
vn -0.89750541 -0.41367771 0.15282275
vn -0.99378876 -0.10439083 0.03855449
vn -0.89765295 -0.38922319 0.20669902
vn -0.99380941 -0.09812141 0.05210619
vn -0.89765212 -0.35739878 0.25785030
vn -0.99380964 -0.09009646 0.06500026
vn -0.89765124 -0.31889616 0.30418333
vn -0.99380958 -0.08039058 0.07668038
vn -0.89765210 -0.27443342 0.34482894
vn -0.99380968 -0.06918236 0.08692592
vn -0.89765144 -0.22484295 0.37903501
vn -0.99380967 -0.05668061 0.09554920
vn -0.89765132 -0.17105095 0.40615721
vn -0.99380973 -0.04312040 0.10238584
vn -0.89765227 -0.11406283 0.42568777
vn -0.99380976 -0.02875438 0.10730954
vn -0.89765148 -0.05494312 0.43726774
vn -0.99380968 -0.01385046 0.11022927
vn -0.89765177 0.00520277 0.44067474
vn -0.99380971 0.00131168 0.11108799
vn -0.89765122 0.06525200 0.43584912
vn -0.99380968 0.01644906 0.10987154
vn -0.89765206 0.12408057 0.42287680
vn -0.99380967 0.03127922 0.10660180
vn -0.89765126 0.18059249 0.40200569
vn -0.99380970 0.04552479 0.10133988
vn -0.89765096 0.23372945 0.37362187
vn -0.99380973 0.05891948 0.09418445
vn -0.89750521 0.28184400 0.33918779
vn -0.99378901 0.07112606 0.08558319
vn -0.89858382 0.32417897 0.29572810
vn -0.99376840 0.08169051 0.07583547
vn -0.91265144 0.30175907 0.27569694
vn -0.99315876 0.09000045 0.07440155
vn -0.60183717 0.51037049 0.61425889
vn -0.60201510 0.42347737 0.67693777
vn -0.60201778 0.32720091 0.72836403
vn -0.60201629 0.22481368 0.76618222
vn -0.60201093 0.11822599 0.78968693
vn -0.60201034 0.00942676 0.79843265
vn -0.60201038 -0.09954852 0.79225854
vn -0.60201238 -0.20666303 0.77127912
vn -0.60201306 -0.30991606 0.73588879
vn -0.60201197 -0.40737837 0.68674919
vn -0.60200884 -0.49722879 0.62477907
vn -0.60200927 -0.57778757 0.55113190
vn -0.60201475 -0.64754827 0.46718249
vn -0.60201374 -0.70521117 0.37450857
vn -0.60183118 -0.74912651 0.27678278
vn -0.29026175 0.61363519 0.73430237
vn -0.30833988 0.49426400 0.81279125
vn -0.29175351 0.39621877 0.87056911
vn -0.29677203 0.27565281 0.91429858
vn -0.28089378 0.14230446 0.94913019
vn -0.28573444 0.01181742 0.95823597
vn -0.28714819 -0.12064606 0.95025809
vn -0.29156025 -0.25193099 0.92278025
vn -0.28942722 -0.37006847 0.88276906
vn -0.30609636 -0.49545403 0.81291471
vn -0.29150655 -0.59224925 0.75117559
vn -0.29759247 -0.68585268 0.66411205
vn -0.28504792 -0.77941002 0.55791371
vn -0.28918071 -0.84352535 0.45259199
vn -0.28564230 -0.89919187 0.33145505
vn -0.28777548 -0.93377172 0.21273373
vn -0.99343389 0.08702443 0.07426884
vn -0.99617014 0.05346957 0.06918137
vn -0.93677766 0.21106050 0.27910767
vn -0.99550881 0.04562563 0.08294879
vn -0.99511709 0.02079062 0.09648697
vn -0.93833111 0.11631543 0.32558478
vn -0.99560186 -0.00098366 0.09368014
vn -0.99363983 -0.02406160 0.11000417
vn -0.93922807 0.01928252 0.34275182
vn -0.91820238 -0.07465218 0.38901343
vn -0.76541890 0.03161794 0.64275517
vn -0.76062693 -0.11576384 0.63878432
vn -0.50586481 0.03467095 0.86191573
vn -0.53728906 -0.15278214 0.82944444
vn -0.51565002 0.28919779 0.80651702
vn -0.76942146 0.21545453 0.60130688
vn -0.50588271 0.51488135 0.69208372
vn -0.76768519 0.38120097 0.51511675
vn -0.29775288 0.57368605 0.76303836
vn -0.30782892 0.31999961 0.89601429
vn -0.29889853 0.03779647 0.95353610
vn -0.28712001 -0.18554461 0.93975279
vn -0.39428981 -0.61084594 -0.68658778
vn -0.77285505 -0.63453389 0.00786273
vn -0.36369673 0.90898343 -0.20365119
vn -0.37350245 0.92146969 -0.10672179
vn -0.38961167 0.91997096 0.04308338
vn -0.39902222 0.90365785 0.15551130
vn -0.41896709 0.87143662 0.25507800
vn -0.44421764 0.85495717 0.26780390
vn -0.38312730 0.92279038 -0.04088247
vn -0.37103376 0.84507788 -0.38493808
vn -0.35605029 0.88152470 -0.31006837
vn -0.36310412 -0.86210148 -0.35346349
vn -0.35240715 -0.91013049 -0.21788001
vn -0.38943552 -0.91899823 0.06149988
vn -0.36414865 -0.93010310 -0.04799981
vn -0.45076991 -0.83927367 0.30401678
vn -0.44181489 -0.84000946 0.31493446
vn -0.42013302 -0.86835544 0.26352812
vn -0.40411916 -0.90129023 0.15608855
vn -0.36235738 -0.88960335 -0.27803418
vn -0.37072029 -0.85117130 -0.37158295
vn -0.38894812 -0.77526312 -0.49768107
vn -0.39763795 -0.70414484 -0.58827213
vn -0.41586152 -0.62699108 -0.65874227
vn -0.44299060 -0.60682451 -0.65994192
vn -0.37947552 -0.82031040 -0.42788922
vn -0.36945474 -0.92441036 -0.09470315
vn -0.35142970 -0.92043574 -0.17115848
vn -0.36237044 -0.74042287 0.56609331
vn -0.35310194 -0.64354377 0.67909531
vn -0.39125662 -0.40700009 0.82539032
vn -0.36546606 -0.50670801 0.78082108
vn -0.44964833 -0.15498303 0.87965712
vn -0.44069472 -0.14604512 0.88569689
vn -0.41908267 -0.20509335 0.88448088
vn -0.40519222 -0.31724062 0.85742501
vn -0.36278617 -0.68541427 0.63134260
vn -0.37125045 -0.74709028 0.55138844
vn -0.38958462 -0.81819604 0.42282273
vn -0.39799647 -0.86116439 0.31621938
vn -0.41568508 -0.88410260 0.21346780
vn -0.44278333 -0.87509188 0.19533849
vn -0.38008362 -0.78031127 0.49663947
vn -0.37040660 -0.55669365 0.74356650
vn -0.35172819 -0.60837308 0.71145588
vn -0.36423113 0.57714351 0.73091796
vn -0.35351302 0.67895715 0.64346386
vn -0.39060084 0.82522000 0.40797418
vn -0.36604384 0.78050844 0.50677262
vn -0.44944259 0.87981251 0.15469746
vn -0.44049379 0.88583768 0.14579723
vn -0.41889539 0.88460259 0.20495099
vn -0.40307845 0.85930062 0.31484951
vn -0.36144452 0.63160767 0.68587871
vn -0.36921424 0.55129506 0.74816750
vn -0.38671830 0.42174388 0.82011039
vn -0.39613373 0.31361845 0.86297250
vn -0.41627210 0.21395604 0.88370830
vn -0.44344590 0.19602439 0.87460287
vn -0.37754693 0.49605695 0.78191164
vn -0.37000678 0.74815956 0.55077423
vn -0.35114910 0.71174692 0.60836718
vn -0.43141546 0.77651001 0.45925255
vn -0.44887575 0.86508899 0.22390088
vn -0.43895019 0.84440800 0.30707957
vn -0.43006758 0.81474129 0.38889396
vn -0.43529742 -0.78808481 0.43524532
vn -0.42860630 -0.76408225 0.48215656
vn -0.43957650 -0.81701341 0.37317770
vn -0.44619359 -0.85189028 0.27421567
vn -0.37533783 -0.19706296 0.90569736
vn -0.37519666 0.15339726 0.91416451
vn -0.38070680 0.09359738 0.91994666
vn -0.37510969 -0.51477293 0.77090956
vn -0.36777332 -0.47825095 0.79750788
vn -0.37825925 -0.26077653 0.88820918
vn -0.38036445 -0.42252655 0.82267503
vn -0.38082220 -0.38898060 0.83884954
vn -0.37462276 -0.33557136 0.86432034
vn -0.37339749 -0.14898098 0.91563037
vn -0.38070632 -0.09359416 0.91994719
vn -0.37981156 -0.05488260 0.92343440
vn -0.36589424 0.00628444 0.93063522
vn -0.37478518 0.04949583 0.92578952
vn -0.37725857 0.24568078 0.89292605
vn -0.37616502 0.33403218 0.86424671
vn -0.38082199 0.38898163 0.83884915
vn -0.38010404 0.42235712 0.82288236
vn -0.36718280 0.47829501 0.79775352
vn -0.37479544 0.51510754 0.77083890
vn -0.43922665 -0.30729735 0.84418499
vn -0.43042176 -0.38910117 0.81445527
vn -0.43188366 -0.45939095 0.77616780
vn -0.44909940 -0.22413579 0.86491206
vn -0.43566316 -0.77099492 -0.46450451
vn -0.42913814 -0.79951898 -0.42024976
vn -0.43989955 -0.73172647 -0.52063880
vn -0.44644226 -0.66352547 -0.60035261
vn -0.37918367 -0.92497521 -0.02531005
vn -0.38024687 -0.92392694 0.04208721
vn -0.37797728 -0.91955072 0.10751581
vn -0.38084697 -0.91097209 0.15838384
vn -0.38097530 -0.90464732 0.19097395
vn -0.37764276 -0.89443212 0.23953524
vn -0.38096514 -0.87892701 0.28697190
vn -0.38089020 -0.86812786 0.31823996
vn -0.37734529 -0.85074625 0.36584334
vn -0.37902924 -0.82164854 0.42571177
vn -0.37731758 -0.78924258 0.48448693
vn -0.57529192 0.26989762 0.77213631
vn -0.37645387 0.86046133 0.34334937
vn -0.38088596 0.87638254 0.29475333
vn -0.38525473 0.88108797 0.27434064
vn -0.37707539 0.78272639 0.49512983
vn -0.43725399 0.37423162 0.81777726
vn -0.44698294 0.27496945 0.85123325
vn -0.42397396 0.48117275 0.76728018
vn -0.43150986 0.43390588 0.79090134
vn -0.38779485 0.81545913 0.42969939
vn -0.38326399 0.83737557 0.38975745
vn -0.37351396 0.53952897 -0.75458320
vn -0.43295458 0.89327391 0.12088033
vn -0.44821882 0.87453804 0.18515698
vn -0.37899654 0.80554551 -0.45547564
vn -0.38107925 0.76522111 -0.51885957
vn -0.37602014 0.72406334 -0.57822240
vn -0.37287970 0.61177996 -0.69762885
vn -0.37813001 0.69495536 -0.61160015
vn -0.38027649 0.65917502 -0.64875118
vn -0.37875350 0.45493758 -0.80596376
vn -0.38021310 0.38727350 -0.83991501
vn -0.37741806 0.31530004 -0.87071321
vn -0.38049393 0.25795651 -0.88807816
vn -0.38167408 0.22086572 -0.89752060
vn -0.37929410 0.16829770 -0.90984167
vn -0.37528295 -0.06431642 -0.92467622
vn -0.37299307 0.00887184 -0.92779171
vn -0.38122082 0.07021989 -0.92181335
vn -0.38012610 0.11031530 -0.91833256
vn -0.37877595 -0.25480470 -0.88972094
vn -0.37701988 -0.18756503 -0.90701454
vn -0.37774019 -0.13211460 -0.91643771
vn -0.37793673 -0.32802644 -0.86577277
vn -0.38091341 -0.38257128 -0.84175067
vn -0.38012901 -0.41637075 -0.82591605
vn -0.37741965 -0.46737463 -0.79944691
vn -0.38047609 -0.51505844 -0.76808382
vn -0.37963606 -0.55441839 -0.74060563
vn -0.42699008 -0.90423080 -0.00679129
vn -0.37657374 -0.65139091 -0.65869727
vn -0.38450576 -0.66391692 -0.64138104
vn -0.38118133 -0.67958000 -0.62679488
vn -0.36813512 -0.72047326 -0.58770300
vn -0.37459320 -0.74540322 -0.55141089
vn -0.38097038 -0.76814286 -0.51460482
vn -0.37740239 -0.79491700 -0.47505199
vn -0.37582790 -0.81976608 -0.43213073
vn -0.42677964 -0.90137762 0.07333153
vn -0.44862823 -0.86184286 0.23655782
vn -0.43651347 -0.88554249 0.15896693
vn -0.52563341 -0.04952208 0.84926856
vn -0.52024158 0.03379650 0.85335016
vn -0.50071577 0.65634190 0.56435719
vn -0.53177655 0.57149536 0.62498540
vn -0.53464032 0.46419016 0.70617790
vn -0.54182327 0.36018264 0.75940503
vn -0.52949164 0.28742526 0.79813866
vn -0.53699153 0.20876036 0.81734889
vn -0.53121778 0.11397729 0.83953371
vn -0.49725473 -0.86045822 0.11112775
vn -0.50200330 -0.85333524 0.14075387
vn -0.49493089 -0.84684279 0.19468101
vn -0.49693607 -0.82493591 0.26932377
vn -0.49657087 -0.80639854 0.32115225
vn -0.49322386 -0.53931880 0.68254337
vn -0.49350096 -0.64980832 0.57810549
vn -0.49682650 -0.71113486 0.49744410
vn -0.49456573 -0.77299031 0.39735464
vn -0.48321358 -0.41672052 0.76996665
vn -0.49163198 -0.33041072 0.80568403
vn -0.49156810 -0.21253710 0.84450505
vn -0.49651803 -0.13559802 0.85736983
vn -0.49664225 -0.08189715 0.86408294
vn -0.49367038 -0.00504547 0.86963446
vn -0.49205208 0.08367549 0.86653515
vn -0.49717969 0.14165164 0.85600652
vn -0.49250890 0.21723408 0.84275995
vn -0.49307911 0.36026849 0.79188358
vn -0.48910768 0.65404957 0.57705531
vn -0.49136268 0.56599301 0.66197781
vn -0.48147595 0.49508038 0.72324015
vn -0.52702070 -0.81300731 0.24752431
vn -0.52136874 -0.78777921 0.32799169
vn -0.53264175 -0.74818315 0.39561943
vn -0.54058132 -0.69235285 0.47793239
vn -0.53115246 -0.64785269 0.54604391
vn -0.54168181 -0.58741558 0.60126846
vn -0.53536094 -0.50194874 0.67929090
vn -0.53171557 -0.38773085 0.75295640
vn -0.50571383 -0.27833832 0.81656678
vn -0.49598532 -0.25546995 0.82989979
vn -0.50085485 -0.37489077 0.78012905
vn -0.50112030 -0.49612636 0.70903955
vn -0.51348192 -0.70319750 0.49178206
vn -0.50877523 -0.61159966 0.60588252
vn -0.49430359 -0.84416675 0.20747641
vn -0.51276218 -0.79911147 0.31384042
vn -0.51500358 -0.76005623 0.39634056
vn 0.00052146 0.98665864 -0.16280192
f 1//1 2//2 3//3
f 1//1 3//3 4//4
f 4//4 3//3 5//5
f 4//4 5//5 6//6
f 7//7 8//8 9//9
f 10//10 11//11 12//12
f 12//12 11//11 13//13
f 12//12 13//13 14//14
f 14//14 13//13 15//15
f 14//14 15//15 16//16
f 16//16 15//15 17//17
f 18//18 19//19 20//20
f 18//18 20//20 21//21
f 19//19 18//18 22//22
f 22//22 18//18 23//23
f 22//22 23//23 24//24
f 25//25 26//26 9//9
f 9//9 26//26 27//27
f 9//9 27//27 7//7
f 20//20 28//28 21//21
f 21//21 28//28 29//29
f 21//21 29//29 30//30
f 30//30 29//29 6//6
f 30//30 6//6 5//5
f 31//31 32//32 8//8
f 33//33 34//34 35//35
f 35//35 34//34 36//36
f 35//35 36//36 9//9
f 9//9 36//36 37//37
f 9//9 37//37 25//25
f 24//24 23//23 38//38
f 38//38 23//23 39//39
f 38//38 39//39 8//8
f 8//8 39//39 40//40
f 8//8 40//40 31//31
f 32//32 41//41 8//8
f 8//8 41//41 42//42
f 8//8 42//42 9//9
f 9//9 42//42 43//43
f 9//9 43//43 15//15
f 15//15 43//43 44//44
f 15//15 44//44 17//17
f 45//45 46//46 47//47
f 47//47 46//46 48//48
f 49//49 50//50 51//51
f 52//52 53//53 54//54
f 55//55 56//56 57//57
f 58//58 59//59 60//60
f 61//61 62//62 63//63
f 64//64 65//65 66//66
f 67//67 68//68 69//69
f 70//70 71//71 23//23
f 72//72 73//73 74//74
f 74//74 73//73 75//75
f 76//76 77//77 72//72
f 78//78 79//79 80//80
f 80//80 79//79 77//77
f 81//81 82//82 83//83
f 83//83 82//82 84//84
f 83//83 84//84 78//78
f 78//78 84//84 85//85
f 78//78 85//85 79//79
f 86//86 87//87 81//81
f 88//88 89//89 86//86
f 86//86 89//89 90//90
f 86//86 90//90 87//87
f 91//91 92//92 93//93
f 94//94 95//95 92//92
f 92//92 91//91 94//94
f 94//94 91//91 96//96
f 94//94 96//96 97//97
f 97//97 96//96 98//98
f 97//97 98//98 99//99
f 99//99 98//98 100//100
f 99//99 100//100 101//101
f 101//101 100//100 102//102
f 101//101 102//102 103//103
f 103//103 102//102 104//104
f 104//104 102//102 105//105
f 104//104 105//105 106//106
f 107//107 108//108 105//105
f 105//105 108//108 109//109
f 105//105 109//109 106//106
f 110//110 111//111 112//112
f 112//112 111//111 113//113
f 112//112 113//113 114//114
f 68//68 67//67 115//115
f 116//116 64//64 117//117
f 117//117 64//64 118//118
f 118//118 64//64 66//66
f 118//118 66//66 119//119
f 119//119 66//66 120//120
f 119//119 120//120 121//121
f 62//62 61//61 120//120
f 120//120 61//61 122//122
f 120//120 122//122 121//121
f 123//123 124//124 125//125
f 125//125 124//124 126//126
f 127//127 128//128 129//129
f 129//129 128//128 130//130
f 129//129 130//130 131//131
f 132//132 131//131 133//133
f 133//133 131//131 130//130
f 133//133 130//130 126//126
f 126//126 130//130 128//128
f 126//126 128//128 125//125
f 134//134 135//135 136//136
f 136//136 135//135 137//137
f 136//136 137//137 138//138
f 138//138 137//137 139//139
f 138//138 139//139 140//140
f 140//140 139//139 141//141
f 140//140 141//141 142//142
f 143//143 144//144 145//145
f 145//145 144//144 146//146
f 145//145 146//146 147//147
f 147//147 146//146 148//148
f 147//147 148//148 149//149
f 149//149 148//148 150//150
f 149//149 150//150 151//151
f 152//152 153//153 154//154
f 155//155 156//156 157//157
f 157//157 156//156 158//158
f 159//159 160//160 161//161
f 161//161 160//160 162//162
f 163//163 164//164 165//165
f 166//166 167//167 168//168
f 168//168 167//167 169//169
f 23//23 18//18 70//70
f 70//70 18//18 21//21
f 70//70 21//21 167//167
f 167//167 21//21 30//30
f 167//167 30//30 169//169
f 169//169 30//30 5//5
f 127//127 170//170 128//128
f 128//128 170//170 171//171
f 128//128 171//171 125//125
f 125//125 171//171 172//172
f 125//125 172//172 173//173
f 173//173 172//172 174//174
f 123//123 125//125 141//141
f 141//141 125//125 173//173
f 141//141 173//173 142//142
f 142//142 173//173 174//174
f 142//142 174//174 140//140
f 140//140 174//174 175//175
f 140//140 175//175 138//138
f 138//138 175//175 176//176
f 138//138 176//176 136//136
f 136//136 176//176 177//177
f 136//136 177//177 134//134
f 134//134 177//177 178//178
f 134//134 178//178 179//179
f 180//180 143//143 181//181
f 181//181 143//143 145//145
f 181//181 145//145 182//182
f 182//182 145//145 147//147
f 182//182 147//147 183//183
f 183//183 147//147 149//149
f 183//183 149//149 184//184
f 184//184 149//149 151//151
f 184//184 151//151 185//185
f 185//185 151//151 150//150
f 186//186 155//155 59//59
f 59//59 155//155 157//157
f 59//59 157//157 60//60
f 60//60 157//157 187//187
f 60//60 187//187 54//54
f 162//162 186//186 161//161
f 161//161 186//186 59//59
f 161//161 59//59 159//159
f 159//159 59//59 58//58
f 159//159 58//58 188//188
f 164//164 160//160 165//165
f 165//165 160//160 159//159
f 165//165 159//159 189//189
f 189//189 159//159 188//188
f 189//189 188//188 190//190
f 191//191 71//71 190//190
f 190//190 71//71 70//70
f 190//190 70//70 189//189
f 189//189 70//70 167//167
f 189//189 167//167 165//165
f 165//165 167//167 166//166
f 165//165 166//166 163//163
f 163//163 166//166 168//168
f 192//192 193//193 194//194
f 194//194 193//193 195//195
f 194//194 195//195 180//180
f 180//180 195//195 152//152
f 180//180 152//152 143//143
f 143//143 152//152 154//154
f 143//143 154//154 144//144
f 52//52 196//196 53//53
f 53//53 196//196 197//197
f 53//53 197//197 54//54
f 54//54 197//197 198//198
f 54//54 198//198 60//60
f 60//60 198//198 199//199
f 60//60 199//199 58//58
f 58//58 199//199 200//200
f 58//58 200//200 188//188
f 188//188 200//200 74//74
f 188//188 74//74 190//190
f 190//190 74//74 75//75
f 190//190 75//75 191//191
f 81//81 83//83 86//86
f 86//86 83//83 201//201
f 86//86 201//201 88//88
f 77//77 76//76 80//80
f 80//80 76//76 202//202
f 80//80 202//202 78//78
f 78//78 202//202 203//203
f 78//78 203//203 83//83
f 83//83 203//203 204//204
f 83//83 204//204 201//201
f 201//201 204//204 205//205
f 201//201 205//205 88//88
f 72//72 74//74 76//76
f 76//76 74//74 200//200
f 76//76 200//200 202//202
f 202//202 200//200 199//199
f 202//202 199//199 203//203
f 203//203 199//199 198//198
f 203//203 198//198 204//204
f 204//204 198//198 197//197
f 204//204 197//197 205//205
f 205//205 197//197 196//196
f 205//205 196//196 206//206
f 206//206 196//196 52//52
f 206//206 52//52 192//192
f 192//192 52//52 54//54
f 192//192 54//54 193//193
f 193//193 54//54 187//187
f 193//193 187//187 195//195
f 195//195 187//187 157//157
f 195//195 157//157 152//152
f 152//152 157//157 158//158
f 152//152 158//158 153//153
f 65//65 64//64 207//207
f 207//207 64//64 116//116
f 207//207 116//116 51//51
f 208//208 209//209 210//210
f 210//210 209//209 211//211
f 210//210 211//211 212//212
f 212//212 211//211 213//213
f 212//212 213//213 214//214
f 214//214 213//213 215//215
f 214//214 215//215 216//216
f 216//216 215//215 217//217
f 216//216 217//217 218//218
f 218//218 217//217 219//219
f 218//218 219//219 111//111
f 111//111 219//219 220//220
f 111//111 220//220 113//113
f 93//93 208//208 91//91
f 91//91 208//208 210//210
f 91//91 210//210 96//96
f 96//96 210//210 212//212
f 96//96 212//212 98//98
f 98//98 212//212 214//214
f 98//98 214//214 100//100
f 100//100 214//214 216//216
f 100//100 216//216 102//102
f 102//102 216//216 218//218
f 102//102 218//218 105//105
f 105//105 218//218 111//111
f 105//105 111//111 107//107
f 107//107 111//111 110//110
f 107//107 110//110 108//108
f 51//51 50//50 207//207
f 207//207 50//50 221//221
f 207//207 221//221 65//65
f 65//65 221//221 222//222
f 65//65 222//222 66//66
f 66//66 222//222 223//223
f 66//66 223//223 120//120
f 120//120 223//223 224//224
f 120//120 224//224 62//62
f 62//62 224//224 225//225
f 62//62 225//225 63//63
f 63//63 225//225 226//226
f 63//63 226//226 227//227
f 227//227 226//226 228//228
f 227//227 228//228 229//229
f 230//230 231//231 232//232
f 232//232 231//231 233//233
f 232//232 233//233 234//234
f 234//234 233//233 235//235
f 234//234 235//235 236//236
f 236//236 235//235 237//237
f 236//236 237//237 238//238
f 238//238 237//237 239//239
f 238//238 239//239 240//240
f 240//240 239//239 49//49
f 240//240 49//49 241//241
f 241//241 49//49 51//51
f 241//241 51//51 115//115
f 115//115 51//51 116//116
f 115//115 116//116 68//68
f 68//68 116//116 117//117
f 68//68 117//117 69//69
f 56//56 55//55 242//242
f 231//231 57//57 233//233
f 233//233 57//57 56//56
f 233//233 56//56 235//235
f 235//235 56//56 242//242
f 235//235 242//242 237//237
f 237//237 242//242 243//243
f 237//237 243//243 239//239
f 239//239 243//243 244//244
f 239//239 244//244 49//49
f 55//55 245//245 242//242
f 242//242 245//245 246//246
f 242//242 246//246 243//243
f 243//243 246//246 247//247
f 243//243 247//247 244//244
f 244//244 247//247 248//248
f 244//244 248//248 49//49
f 49//49 248//248 179//179
f 49//49 179//179 50//50
f 50//50 179//179 178//178
f 50//50 178//178 221//221
f 221//221 178//178 177//177
f 221//221 177//177 222//222
f 222//222 177//177 176//176
f 222//222 176//176 223//223
f 223//223 176//176 175//175
f 223//223 175//175 224//224
f 224//224 175//175 174//174
f 224//224 174//174 225//225
f 225//225 174//174 172//172
f 225//225 172//172 226//226
f 226//226 172//172 171//171
f 226//226 171//171 228//228
f 228//228 171//171 170//170
f 67//67 114//114 115//115
f 115//115 114//114 113//113
f 115//115 113//113 241//241
f 241//241 113//113 220//220
f 241//241 220//220 240//240
f 240//240 220//220 219//219
f 240//240 219//219 238//238
f 238//238 219//219 217//217
f 238//238 217//217 236//236
f 236//236 217//217 215//215
f 236//236 215//215 234//234
f 234//234 215//215 213//213
f 234//234 213//213 232//232
f 232//232 213//213 211//211
f 232//232 211//211 230//230
f 230//230 211//211 209//209
f 93//93 89//89 208//208
f 208//208 89//89 88//88
f 208//208 88//88 209//209
f 209//209 88//88 205//205
f 209//209 205//205 230//230
f 230//230 205//205 206//206
f 230//230 206//206 231//231
f 231//231 206//206 192//192
f 231//231 192//192 57//57
f 57//57 192//192 194//194
f 57//57 194//194 55//55
f 55//55 194//194 180//180
f 55//55 180//180 245//245
f 245//245 180//180 181//181
f 245//245 181//181 246//246
f 246//246 181//181 182//182
f 246//246 182//182 247//247
f 247//247 182//182 183//183
f 247//247 183//183 248//248
f 248//248 183//183 184//184
f 248//248 184//184 179//179
f 179//179 184//184 185//185
f 179//179 185//185 134//134
f 131//131 132//132 249//249
f 46//46 45//45 250//250
f 46//46 250//250 251//251
f 251//251 250//250 252//252
f 251//251 252//252 249//249
f 253//253 254//254 252//252
f 252//252 254//254 255//255
f 252//252 255//255 256//256
f 170//170 127//127 249//249
f 249//249 127//127 129//129
f 249//249 129//129 131//131
f 256//256 257//257 252//252
f 252//252 257//257 229//229
f 252//252 229//229 249//249
f 249//249 229//229 228//228
f 249//249 228//228 170//170
f 169//169 5//5 3//3
f 169//169 3//3 168//168
f 168//168 3//3 2//2
f 168//168 2//2 163//163
f 163//163 2//2 258//258
f 163//163 258//258 164//164
f 164//164 258//258 259//259
f 164//164 259//259 260//260
f 260//260 261//261 164//164
f 164//164 261//261 262//262
f 164//164 262//262 160//160
f 160//160 262//262 263//263
f 160//160 263//263 162//162
f 162//162 263//263 264//264
f 162//162 264//264 186//186
f 186//186 264//264 265//265
f 251//251 249//249 266//266
f 126//126 267//267 268//268
f 266//266 249//249 269//269
f 269//269 249//249 132//132
f 269//269 132//132 268//268
f 268//268 132//132 133//133
f 268//268 133//133 126//126
f 266//266 270//270 251//251
f 251//251 270//270 271//271
f 251//251 271//271 46//46
f 46//46 271//271 272//272
f 46//46 272//272 48//48
f 48//48 272//272 273//273
f 126//126 124//124 267//267
f 267//267 124//124 123//123
f 267//267 123//123 274//274
f 274//274 123//123 141//141
f 274//274 141//141 275//275
f 275//275 141//141 139//139
f 275//275 139//139 276//276
f 276//276 139//139 137//137
f 276//276 137//137 277//277
f 277//277 137//137 135//135
f 277//277 135//135 278//278
f 278//278 135//135 134//134
f 278//278 134//134 279//279
f 279//279 134//134 185//185
f 279//279 185//185 280//280
f 280//280 185//185 150//150
f 280//280 150//150 281//281
f 281//281 150//150 148//148
f 281//281 148//148 282//282
f 282//282 148//148 146//146
f 282//282 146//146 283//283
f 283//283 146//146 144//144
f 283//283 144//144 284//284
f 284//284 144//144 154//154
f 284//284 154//154 285//285
f 285//285 154//154 153//153
f 285//285 153//153 286//286
f 286//286 153//153 158//158
f 286//286 158//158 287//287
f 287//287 158//158 156//156
f 287//287 156//156 265//265
f 265//265 156//156 155//155
f 265//265 155//155 186//186
f 4//4 6//6 288//288
f 289//289 290//290 47//47
f 47//47 290//290 291//291
f 47//47 291//291 292//292
f 293//293 294//294 295//295
f 295//295 294//294 296//296
f 295//295 296//296 297//297
f 292//292 298//298 47//47
f 47//47 298//298 299//299
f 47//47 299//299 253//253
f 300//300 301//301 1//1
f 1//1 301//301 302//302
f 303//303 1//1 304//304
f 304//304 1//1 305//305
f 306//306 307//307 295//295
f 47//47 308//308 297//297
f 302//302 309//309 1//1
f 1//1 309//309 310//310
f 1//1 310//310 305//305
f 253//253 252//252 47//47
f 47//47 252//252 250//250
f 47//47 250//250 45//45
f 307//307 311//311 295//295
f 295//295 311//311 312//312
f 295//295 312//312 1//1
f 303//303 313//313 1//1
f 1//1 313//313 314//314
f 1//1 314//314 295//295
f 295//295 314//314 315//315
f 295//295 315//315 293//293
f 4//4 288//288 1//1
f 1//1 288//288 316//316
f 1//1 316//316 300//300
f 297//297 317//317 47//47
f 47//47 317//317 318//318
f 47//47 318//318 319//319
f 308//308 320//320 297//297
f 297//297 320//320 321//321
f 297//297 321//321 322//322
f 319//319 323//323 47//47
f 47//47 323//323 324//324
f 47//47 324//324 289//289
f 325//325 326//326 295//295
f 295//295 326//326 327//327
f 295//295 327//327 306//306
f 322//322 328//328 297//297
f 297//297 328//328 329//329
f 297//297 329//329 295//295
f 330//330 331//331 332//332
f 333//333 334//334 335//335
f 335//335 334//334 336//336
f 335//335 336//336 337//337
f 337//337 336//336 338//338
f 337//337 338//338 339//339
f 339//339 338//338 340//340
f 339//339 340//340 341//341
f 341//341 340//340 342//342
f 341//341 342//342 343//343
f 343//343 342//342 344//344
f 343//343 344//344 345//345
f 345//345 344//344 346//346
f 345//345 346//346 347//347
f 347//347 346//346 348//348
f 347//347 348//348 349//349
f 349//349 348//348 350//350
f 349//349 350//350 351//351
f 351//351 350//350 352//352
f 351//351 352//352 353//353
f 353//353 352//352 354//354
f 353//353 354//354 355//355
f 355//355 354//354 356//356
f 355//355 356//356 357//357
f 357//357 356//356 358//358
f 357//357 358//358 359//359
f 359//359 358//358 20//20
f 359//359 20//20 19//19
f 95//95 333//333 360//360
f 360//360 333//333 335//335
f 360//360 335//335 361//361
f 362//362 331//331 363//363
f 363//363 331//331 330//330
f 363//363 330//330 364//364
f 365//365 366//366 332//332
f 332//332 366//366 367//367
f 332//332 367//367 330//330
f 368//368 369//369 370//370
f 370//370 369//369 371//371
f 370//370 371//371 372//372
f 373//373 374//374 375//375
f 375//375 374//374 376//376
f 375//375 376//376 377//377
f 377//377 376//376 378//378
f 377//377 378//378 368//368
f 368//368 378//378 379//379
f 368//368 379//379 369//369
f 380//380 381//381 382//382
f 382//382 381//381 383//383
f 382//382 383//383 373//373
f 373//373 383//383 384//384
f 373//373 384//384 374//374
f 385//385 386//386 380//380
f 380//380 386//386 387//387
f 380//380 387//387 381//381
f 388//388 389//389 390//390
f 390//390 389//389 391//391
f 390//390 391//391 385//385
f 385//385 391//391 392//392
f 385//385 392//392 386//386
f 7//7 388//388 8//8
f 8//8 388//388 390//390
f 8//8 390//390 38//38
f 38//38 390//390 24//24
f 359//359 393//393 357//357
f 357//357 393//393 394//394
f 357//357 394//394 355//355
f 355//355 394//394 395//395
f 355//355 395//395 353//353
f 353//353 395//395 396//396
f 353//353 396//396 351//351
f 351//351 396//396 397//397
f 351//351 397//397 349//349
f 349//349 397//397 398//398
f 349//349 398//398 347//347
f 347//347 398//398 399//399
f 347//347 399//399 345//345
f 345//345 399//399 400//400
f 345//345 400//400 343//343
f 343//343 400//400 401//401
f 343//343 401//401 341//341
f 341//341 401//401 365//365
f 341//341 365//365 339//339
f 339//339 365//365 332//332
f 339//339 332//332 337//337
f 337//337 332//332 331//331
f 337//337 331//331 335//335
f 335//335 331//331 362//362
f 335//335 362//362 361//361
f 19//19 22//22 359//359
f 359//359 22//22 24//24
f 359//359 24//24 393//393
f 393//393 24//24 390//390
f 393//393 390//390 394//394
f 394//394 390//390 385//385
f 394//394 385//385 395//395
f 395//395 385//385 380//380
f 395//395 380//380 396//396
f 396//396 380//380 382//382
f 396//396 382//382 397//397
f 397//397 382//382 373//373
f 397//397 373//373 398//398
f 398//398 373//373 375//375
f 398//398 375//375 399//399
f 399//399 375//375 377//377
f 399//399 377//377 400//400
f 400//400 377//377 368//368
f 400//400 368//368 401//401
f 401//401 368//368 370//370
f 401//401 370//370 365//365
f 365//365 370//370 372//372
f 365//365 372//372 366//366
f 366//366 372//372 371//371
f 402//402 403//403 404//404
f 405//405 406//406 407//407
f 31//31 40//40 408//408
f 39//39 23//23 71//71
f 31//31 408//408 32//32
f 44//44 43//43 402//402
f 402//402 43//43 42//42
f 402//402 42//42 403//403
f 403//403 42//42 41//41
f 16//16 17//17 409//409
f 409//409 17//17 410//410
f 405//405 407//407 411//411
f 411//411 407//407 412//412
f 411//411 412//412 413//413
f 414//414 415//415 416//416
f 416//416 415//415 417//417
f 417//417 415//415 418//418
f 417//417 418//418 419//419
f 419//419 418//418 420//420
f 419//419 420//420 421//421
f 421//421 420//420 422//422
f 421//421 422//422 423//423
f 423//423 422//422 424//424
f 423//423 424//424 425//425
f 425//425 424//424 426//426
f 425//425 426//426 427//427
f 427//427 426//426 428//428
f 427//427 428//428 429//429
f 429//429 428//428 430//430
f 429//429 430//430 431//431
f 431//431 430//430 432//432
f 432//432 430//430 433//433
f 432//432 433//433 434//434
f 435//435 436//436 437//437
f 437//437 436//436 434//434
f 437//437 434//434 364//364
f 364//364 434//434 433//433
f 364//364 433//433 363//363
f 438//438 93//93 439//439
f 439//439 93//93 92//92
f 439//439 92//92 440//440
f 440//440 92//92 95//95
f 440//440 95//95 360//360
f 441//441 90//90 438//438
f 438//438 90//90 89//89
f 438//438 89//89 93//93
f 442//442 81//81 441//441
f 441//441 81//81 87//87
f 441//441 87//87 90//90
f 443//443 85//85 444//444
f 444//444 85//85 84//84
f 444//444 84//84 442//442
f 442//442 84//84 82//82
f 442//442 82//82 81//81
f 79//79 445//445 77//77
f 77//77 445//445 446//446
f 77//77 446//446 72//72
f 72//72 446//446 73//73
f 73//73 446//446 447//447
f 73//73 447//447 75//75
f 75//75 447//447 448//448
f 75//75 448//448 191//191
f 448//448 449//449 191//191
f 191//191 449//449 408//408
f 191//191 408//408 71//71
f 71//71 408//408 40//40
f 71//71 40//40 39//39
f 450//450 443//443 451//451
f 451//451 443//443 444//444
f 451//451 444//444 452//452
f 452//452 444//444 442//442
f 452//452 442//442 453//453
f 453//453 442//442 441//441
f 453//453 441//441 454//454
f 454//454 441//441 438//438
f 454//454 438//438 455//455
f 455//455 438//438 439//439
f 455//455 439//439 456//456
f 456//456 439//439 440//440
f 41//41 32//32 403//403
f 403//403 32//32 408//408
f 403//403 408//408 404//404
f 404//404 408//408 449//449
f 404//404 449//449 457//457
f 457//457 449//449 448//448
f 457//457 448//448 458//458
f 458//458 448//448 447//447
f 458//458 447//447 459//459
f 459//459 447//447 446//446
f 459//459 446//446 460//460
f 460//460 446//446 445//445
f 416//416 413//413 414//414
f 414//414 413//413 412//412
f 414//414 412//412 461//461
f 461//461 412//412 407//407
f 17//17 44//44 410//410
f 410//410 44//44 402//402
f 410//410 402//402 462//462
f 462//462 402//402 404//404
f 462//462 404//404 463//463
f 463//463 404//404 457//457
f 463//463 457//457 464//464
f 464//464 457//457 458//458
f 464//464 458//458 465//465
f 465//465 458//458 459//459
f 465//465 459//459 466//466
f 466//466 459//459 460//460
f 466//466 460//460 450//450
f 450//450 460//460 445//445
f 450//450 445//445 443//443
f 443//443 445//445 79//79
f 443//443 79//79 85//85
f 406//406 409//409 407//407
f 407//407 409//409 410//410
f 407//407 410//410 461//461
f 461//461 410//410 462//462
f 461//461 462//462 414//414
f 414//414 462//462 463//463
f 414//414 463//463 415//415
f 415//415 463//463 464//464
f 415//415 464//464 418//418
f 418//418 464//464 465//465
f 418//418 465//465 420//420
f 420//420 465//465 466//466
f 420//420 466//466 422//422
f 422//422 466//466 450//450
f 422//422 450//450 424//424
f 424//424 450//450 451//451
f 424//424 451//451 426//426
f 426//426 451//451 452//452
f 426//426 452//452 428//428
f 428//428 452//452 453//453
f 428//428 453//453 430//430
f 430//430 453//453 454//454
f 430//430 454//454 433//433
f 433//433 454//454 455//455
f 433//433 455//455 363//363
f 363//363 455//455 456//456
f 363//363 456//456 362//362
f 362//362 456//456 440//440
f 362//362 440//440 361//361
f 361//361 440//440 360//360
f 467//467 468//468 469//469
f 470//470 471//471 472//472
f 472//472 471//471 473//473
f 472//472 473//473 474//474
f 475//475 476//476 477//477
f 477//477 476//476 478//478
f 477//477 478//478 473//473
f 473//473 478//478 479//479
f 473//473 479//479 474//474
f 475//475 477//477 480//480
f 480//480 477//477 481//481
f 480//480 481//481 482//482
f 482//482 481//481 483//483
f 482//482 483//483 484//484
f 484//484 483//483 485//485
f 484//484 485//485 486//486
f 486//486 485//485 487//487
f 486//486 487//487 488//488
f 488//488 487//487 489//489
f 488//488 489//489 490//490
f 469//469 468//468 489//489
f 489//489 468//468 491//491
f 489//489 491//491 490//490
f 467//467 469//469 492//492
f 492//492 469//469 493//493
f 492//492 493//493 494//494
f 494//494 493//493 495//495
f 495//495 493//493 496//496
f 495//495 496//496 497//497
f 497//497 496//496 498//498
f 498//498 496//496 11//11
f 498//498 11//11 10//10
f 499//499 500//500 33//33
f 33//33 500//500 34//34
f 501//501 502//502 503//503
f 503//503 502//502 504//504
f 503//503 504//504 505//505
f 505//505 504//504 506//506
f 505//505 506//506 499//499
f 499//499 506//506 507//507
f 499//499 507//507 500//500
f 508//508 509//509 510//510
f 510//510 509//509 511//511
f 510//510 511//511 512//512
f 512//512 511//511 513//513
f 512//512 513//513 503//503
f 503//503 513//513 514//514
f 503//503 514//514 501//501
f 515//515 516//516 517//517
f 517//517 516//516 518//518
f 517//517 518//518 510//510
f 510//510 518//518 519//519
f 510//510 519//519 508//508
f 520//520 521//521 515//515
f 515//515 521//521 522//522
f 515//515 522//522 516//516
f 523//523 524//524 520//520
f 520//520 524//524 525//525
f 520//520 525//525 521//521
f 526//526 527//527 523//523
f 523//523 527//527 528//528
f 523//523 528//528 524//524
f 526//526 523//523 529//529
f 529//529 523//523 471//471
f 529//529 471//471 470//470
f 530//530 531//531 520//520
f 520//520 531//531 523//523
f 523//523 531//531 532//532
f 523//523 532//532 471//471
f 471//471 532//532 473//473
f 473//473 532//532 533//533
f 473//473 533//533 477//477
f 477//477 533//533 481//481
f 481//481 533//533 534//534
f 481//481 534//534 483//483
f 483//483 534//534 535//535
f 483//483 535//535 485//485
f 493//493 536//536 537//537
f 13//13 11//11 537//537
f 537//537 11//11 496//496
f 537//537 496//496 493//493
f 520//520 515//515 530//530
f 530//530 515//515 517//517
f 530//530 517//517 538//538
f 493//493 469//469 536//536
f 536//536 469//469 489//489
f 536//536 489//489 535//535
f 535//535 489//489 487//487
f 535//535 487//487 485//485
f 33//33 35//35 499//499
f 499//499 35//35 539//539
f 517//517 510//510 538//538
f 538//538 510//510 512//512
f 538//538 512//512 540//540
f 540//540 512//512 503//503
f 540//540 503//503 539//539
f 539//539 503//503 505//505
f 539//539 505//505 499//499
f 500//500 507//507 541//541
f 34//34 500//500 36//36
f 36//36 500//500 541//541
f 36//36 541//541 37//37
f 37//37 541//541 25//25
f 26//26 25//25 542//542
f 542//542 25//25 541//541
f 542//542 541//541 543//543
f 543//543 541//541 544//544
f 545//545 546//546 547//547
f 547//547 548//548 545//545
f 545//545 548//548 549//549
f 545//545 549//549 550//550
f 551//551 552//552 553//553
f 553//553 552//552 554//554
f 555//555 556//556 554//554
f 556//556 555//555 557//557
f 557//557 555//555 558//558
f 557//557 558//558 559//559
f 559//559 558//558 560//560
f 559//559 560//560 561//561
f 562//562 563//563 564//564
f 564//564 563//563 565//565
f 566//566 435//435 567//567
f 567//567 435//435 568//568
f 567//567 568//568 565//565
f 565//565 568//568 569//569
f 565//565 569//569 564//564
f 470//470 566//566 529//529
f 529//529 566//566 567//567
f 529//529 567//567 526//526
f 526//526 567//567 527//527
f 527//527 567//567 528//528
f 528//528 567//567 565//565
f 528//528 565//565 524//524
f 524//524 565//565 563//563
f 524//524 563//563 525//525
f 562//562 561//561 563//563
f 563//563 561//561 560//560
f 563//563 560//560 525//525
f 525//525 560//560 558//558
f 525//525 558//558 521//521
f 554//554 552//552 555//555
f 555//555 552//552 516//516
f 555//555 516//516 558//558
f 558//558 516//516 522//522
f 558//558 522//522 521//521
f 551//551 519//519 552//552
f 552//552 519//519 518//518
f 552//552 518//518 516//516
f 511//511 509//509 551//551
f 551//551 509//509 508//508
f 551//551 508//508 519//519
f 547//547 513//513 548//548
f 548//548 513//513 511//511
f 548//548 511//511 549//549
f 549//549 511//511 551//551
f 549//549 551//551 550//550
f 550//550 551//551 553//553
f 504//504 502//502 547//547
f 502//502 501//501 547//547
f 547//547 501//501 514//514
f 547//547 514//514 513//513
f 547//547 570//570 504//504
f 504//504 570//570 571//571
f 504//504 571//571 506//506
f 546//546 572//572 547//547
f 547//547 572//572 573//573
f 547//547 573//573 570//570
f 570//570 573//573 544//544
f 570//570 544//544 571//571
f 571//571 544//544 541//541
f 571//571 541//541 506//506
f 506//506 541//541 507//507
f 431//431 574//574 575//575
f 474//474 576//576 472//472
f 472//472 576//576 566//566
f 472//472 566//566 470//470
f 435//435 566//566 436//436
f 436//436 566//566 576//576
f 436//436 576//576 434//434
f 434//434 576//576 432//432
f 431//431 575//575 429//429
f 429//429 575//575 577//577
f 429//429 577//577 427//427
f 427//427 577//577 578//578
f 427//427 578//578 425//425
f 425//425 578//578 579//579
f 425//425 579//579 423//423
f 423//423 579//579 580//580
f 423//423 580//580 421//421
f 421//421 580//580 581//581
f 421//421 581//581 419//419
f 419//419 581//581 417//417
f 417//417 581//581 582//582
f 417//417 582//582 416//416
f 416//416 582//582 413//413
f 413//413 582//582 583//583
f 413//413 583//583 411//411
f 411//411 583//583 584//584
f 411//411 584//584 405//405
f 405//405 584//584 585//585
f 405//405 585//585 406//406
f 586//586 409//409 406//406
f 586//586 12//12 409//409
f 409//409 12//12 14//14
f 409//409 14//14 16//16
f 406//406 585//585 586//586
f 586//586 585//585 497//497
f 586//586 497//497 12//12
f 12//12 497//497 498//498
f 12//12 498//498 10//10
f 583//583 492//492 584//584
f 584//584 492//492 494//494
f 584//584 494//494 585//585
f 585//585 494//494 495//495
f 585//585 495//495 497//497
f 581//581 491//491 582//582
f 582//582 491//491 468//468
f 582//582 468//468 583//583
f 583//583 468//468 467//467
f 583//583 467//467 492//492
f 575//575 480//480 577//577
f 577//577 480//480 482//482
f 577//577 482//482 578//578
f 578//578 482//482 484//484
f 578//578 484//484 579//579
f 579//579 484//484 486//486
f 579//579 486//486 580//580
f 580//580 486//486 488//488
f 580//580 488//488 581//581
f 581//581 488//488 490//490
f 581//581 490//490 491//491
f 474//474 479//479 576//576
f 576//576 479//479 574//574
f 576//576 574//574 432//432
f 432//432 574//574 431//431
f 479//479 478//478 574//574
f 574//574 478//478 476//476
f 574//574 476//476 575//575
f 575//575 476//476 475//475
f 575//575 475//475 480//480
f 564//564 587//587 588//588
f 27//27 26//26 589//589
f 589//589 26//26 542//542
f 590//590 391//391 589//589
f 589//589 391//391 389//389
f 589//589 389//389 27//27
f 27//27 389//389 388//388
f 27//27 388//388 7//7
f 387//387 386//386 590//590
f 590//590 386//386 392//392
f 590//590 392//392 391//391
f 387//387 591//591 381//381
f 381//381 591//591 592//592
f 381//381 592//592 383//383
f 383//383 592//592 384//384
f 384//384 592//592 593//593
f 384//384 593//593 374//374
f 374//374 593//593 594//594
f 374//374 594//594 376//376
f 376//376 594//594 595//595
f 376//376 595//595 378//378
f 435//435 437//437 568//568
f 568//568 437//437 587//587
f 568//568 587//587 569//569
f 569//569 587//587 564//564
f 596//596 561//561 588//588
f 588//588 561//561 562//562
f 588//588 562//562 564//564
f 556//556 557//557 596//596
f 596//596 557//557 559//559
f 596//596 559//559 561//561
f 596//596 595//595 556//556
f 556//556 595//595 594//594
f 556//556 594//594 554//554
f 554//554 594//594 593//593
f 554//554 593//593 553//553
f 553//553 593//593 592//592
f 553//553 592//592 550//550
f 550//550 592//592 545//545
f 545//545 592//592 591//591
f 545//545 591//591 546//546
f 387//387 590//590 591//591
f 591//591 590//590 572//572
f 591//591 572//572 546//546
f 542//542 543//543 589//589
f 589//589 543//543 544//544
f 589//589 544//544 590//590
f 590//590 544//544 573//573
f 590//590 573//573 572//572
f 437//437 364//364 587//587
f 587//587 364//364 330//330
f 587//587 330//330 588//588
f 588//588 330//330 367//367
f 367//367 366//366 588//588
f 588//588 366//366 371//371
f 588//588 371//371 596//596
f 596//596 371//371 369//369
f 596//596 369//369 595//595
f 595//595 369//369 379//379
f 595//595 379//379 378//378
f 597//597 598//598 599//599
f 600//600 601//601 602//602
f 603//603 604//604 605//605
f 606//606 607//607 608//608
f 607//607 606//606 609//609
f 344//344 610//610 611//611
f 333//333 95//95 94//94
f 255//255 600//600 256//256
f 310//310 309//309 603//603
f 603//603 309//309 302//302
f 603//603 302//302 604//604
f 604//604 302//302 301//301
f 604//604 301//301 605//605
f 605//605 301//301 300//300
f 605//605 300//300 612//612
f 612//612 300//300 316//316
f 613//613 614//614 615//615
f 615//615 614//614 303//303
f 616//616 293//293 617//617
f 617//617 293//293 315//315
f 617//617 315//315 314//314
f 294//294 618//618 296//296
f 296//296 618//618 619//619
f 296//296 619//619 297//297
f 297//297 619//619 620//620
f 297//297 620//620 317//317
f 317//317 620//620 621//621
f 317//317 621//621 318//318
f 254//254 253//253 299//299
f 622//622 601//601 623//623
f 623//623 601//601 600//600
f 623//623 600//600 254//254
f 254//254 600//600 255//255
f 624//624 229//229 257//257
f 122//122 61//61 625//625
f 625//625 61//61 63//63
f 625//625 63//63 624//624
f 624//624 63//63 227//227
f 624//624 227//227 229//229
f 121//121 626//626 119//119
f 119//119 626//626 627//627
f 117//117 118//118 628//628
f 629//629 67//67 630//630
f 630//630 67//67 69//69
f 630//630 69//69 631//631
f 631//631 69//69 117//117
f 631//631 117//117 632//632
f 632//632 117//117 628//628
f 633//633 108//108 634//634
f 634//634 108//108 110//110
f 634//634 110//110 635//635
f 635//635 110//110 112//112
f 635//635 112//112 629//629
f 629//629 112//112 114//114
f 629//629 114//114 67//67
f 101//101 103//103 636//636
f 636//636 103//103 104//104
f 636//636 104//104 637//637
f 637//637 104//104 106//106
f 637//637 106//106 109//109
f 638//638 639//639 640//640
f 333//333 94//94 334//334
f 94//94 641//641 334//334
f 334//334 641//641 642//642
f 334//334 642//642 336//336
f 336//336 642//642 643//643
f 336//336 643//643 338//338
f 338//338 643//643 644//644
f 338//338 644//644 340//340
f 340//340 644//644 645//645
f 340//340 645//645 342//342
f 344//344 611//611 346//346
f 346//346 611//611 646//646
f 346//346 646//646 348//348
f 348//348 646//646 608//608
f 348//348 608//608 350//350
f 350//350 608//608 607//607
f 350//350 607//607 352//352
f 352//352 607//607 609//609
f 352//352 609//609 354//354
f 354//354 609//609 647//647
f 354//354 647//647 356//356
f 356//356 647//647 648//648
f 356//356 648//648 358//358
f 288//288 6//6 649//649
f 649//649 6//6 29//29
f 608//608 650//650 606//606
f 606//606 650//650 651//651
f 606//606 651//651 609//609
f 609//609 651//651 652//652
f 609//609 652//652 647//647
f 647//647 652//652 649//649
f 647//647 649//649 648//648
f 648//648 649//649 29//29
f 648//648 29//29 358//358
f 358//358 29//29 28//28
f 358//358 28//28 20//20
f 303//303 304//304 615//615
f 615//615 304//304 305//305
f 615//615 305//305 653//653
f 653//653 305//305 310//310
f 653//653 310//310 650//650
f 650//650 310//310 603//603
f 650//650 603//603 651//651
f 651//651 603//603 605//605
f 651//651 605//605 652//652
f 652//652 605//605 612//612
f 652//652 612//612 649//649
f 649//649 612//612 316//316
f 649//649 316//316 288//288
f 654//654 655//655 656//656
f 657//657 613//613 658//658
f 617//617 659//659 616//616
f 616//616 659//659 660//660
f 616//616 660//660 661//661
f 661//661 660//660 662//662
f 661//661 662//662 663//663
f 663//663 662//662 664//664
f 663//663 664//664 665//665
f 665//665 621//621 663//663
f 663//663 621//621 620//620
f 663//663 620//620 661//661
f 661//661 620//620 619//619
f 661//661 619//619 616//616
f 616//616 619//619 618//618
f 616//616 618//618 293//293
f 293//293 618//618 294//294
f 666//666 667//667 668//668
f 668//668 667//667 669//669
f 668//668 669//669 670//670
f 670//670 669//669 671//671
f 670//670 671//671 672//672
f 672//672 671//671 673//673
f 672//672 673//673 674//674
f 674//674 673//673 675//675
f 674//674 675//675 676//676
f 676//676 675//675 677//677
f 676//676 677//677 678//678
f 679//679 680//680 597//597
f 597//597 680//680 681//681
f 597//597 681//681 598//598
f 118//118 119//119 628//628
f 628//628 119//119 627//627
f 628//628 627//627 632//632
f 632//632 627//627 682//682
f 632//632 682//682 631//631
f 631//631 682//682 683//683
f 631//631 683//683 630//630
f 630//630 683//683 684//684
f 630//630 684//684 629//629
f 629//629 684//684 685//685
f 629//629 685//685 635//635
f 635//635 685//685 686//686
f 635//635 686//686 634//634
f 634//634 686//686 687//687
f 634//634 687//687 633//633
f 633//633 687//687 688//688
f 633//633 688//688 689//689
f 121//121 122//122 626//626
f 626//626 122//122 625//625
f 626//626 625//625 690//690
f 690//690 625//625 624//624
f 690//690 624//624 691//691
f 691//691 624//624 257//257
f 691//691 257//257 256//256
f 254//254 299//299 623//623
f 623//623 299//299 298//298
f 623//623 298//298 622//622
f 622//622 298//298 292//292
f 622//622 292//292 601//601
f 601//601 292//292 678//678
f 601//601 678//678 602//602
f 602//602 678//678 677//677
f 602//602 677//677 692//692
f 692//692 677//677 693//693
f 693//693 677//677 675//675
f 693//693 675//675 694//694
f 694//694 675//675 673//673
f 694//694 673//673 695//695
f 695//695 673//673 671//671
f 695//695 671//671 696//696
f 696//696 671//671 669//669
f 696//696 669//669 697//697
f 697//697 669//669 667//667
f 697//697 667//667 698//698
f 698//698 667//667 699//699
f 698//698 699//699 599//599
f 700//700 701//701 702//702
f 702//702 701//701 703//703
f 702//702 703//703 704//704
f 704//704 703//703 705//705
f 704//704 705//705 638//638
f 638//638 705//705 706//706
f 638//638 706//706 639//639
f 701//701 707//707 703//703
f 703//703 707//707 708//708
f 703//703 708//708 705//705
f 705//705 708//708 709//709
f 705//705 709//709 706//706
f 109//109 700//700 637//637
f 637//637 700//700 702//702
f 637//637 702//702 636//636
f 636//636 702//702 704//704
f 636//636 704//704 101//101
f 101//101 704//704 638//638
f 101//101 638//638 99//99
f 99//99 638//638 640//640
f 99//99 640//640 97//97
f 94//94 97//97 641//641
f 641//641 97//97 640//640
f 641//641 640//640 642//642
f 642//642 640//640 639//639
f 642//642 639//639 643//643
f 643//643 639//639 706//706
f 643//643 706//706 644//644
f 644//644 706//706 709//709
f 644//644 709//709 645//645
f 689//689 710//710 711//711
f 711//711 710//710 712//712
f 711//711 712//712 713//713
f 713//713 712//712 714//714
f 656//656 715//715 654//654
f 654//654 715//715 716//716
f 654//654 716//716 717//717
f 717//717 716//716 718//718
f 717//717 718//718 719//719
f 719//719 718//718 720//720
f 719//719 720//720 721//721
f 655//655 654//654 722//722
f 722//722 654//654 717//717
f 722//722 717//717 723//723
f 723//723 717//717 719//719
f 723//723 719//719 714//714
f 714//714 719//719 721//721
f 714//714 721//721 713//713
f 689//689 688//688 710//710
f 710//710 688//688 724//724
f 710//710 724//724 712//712
f 712//712 724//724 725//725
f 712//712 725//725 714//714
f 714//714 725//725 726//726
f 714//714 726//726 723//723
f 723//723 726//726 657//657
f 723//723 657//657 722//722
f 722//722 657//657 658//658
f 722//722 658//658 655//655
f 613//613 615//615 658//658
f 658//658 615//615 653//653
f 658//658 653//653 655//655
f 655//655 653//653 650//650
f 655//655 650//650 656//656
f 656//656 650//650 608//608
f 656//656 608//608 715//715
f 715//715 608//608 646//646
f 715//715 646//646 716//716
f 716//716 646//646 611//611
f 716//716 611//611 718//718
f 718//718 611//611 610//610
f 718//718 610//610 720//720
f 344//344 342//342 610//610
f 610//610 342//342 645//645
f 610//610 645//645 720//720
f 720//720 645//645 709//709
f 720//720 709//709 721//721
f 721//721 709//709 708//708
f 721//721 708//708 713//713
f 713//713 708//708 707//707
f 713//713 707//707 711//711
f 711//711 707//707 701//701
f 711//711 701//701 689//689
f 689//689 701//701 700//700
f 689//689 700//700 633//633
f 633//633 700//700 109//109
f 633//633 109//109 108//108
f 313//313 727//727 314//314
f 314//314 727//727 728//728
f 314//314 728//728 617//617
f 617//617 728//728 729//729
f 617//617 729//729 659//659
f 659//659 729//729 679//679
f 659//659 679//679 660//660
f 660//660 679//679 597//597
f 660//660 597//597 662//662
f 662//662 597//597 599//599
f 662//662 599//599 664//664
f 664//664 599//599 699//699
f 664//664 699//699 665//665
f 665//665 699//699 667//667
f 665//665 667//667 621//621
f 621//621 667//667 666//666
f 621//621 666//666 318//318
f 318//318 666//666 668//668
f 318//318 668//668 319//319
f 319//319 668//668 670//670
f 319//319 670//670 323//323
f 323//323 670//670 672//672
f 323//323 672//672 324//324
f 324//324 672//672 674//674
f 324//324 674//674 289//289
f 289//289 674//674 676//676
f 289//289 676//676 290//290
f 290//290 676//676 678//678
f 290//290 678//678 291//291
f 291//291 678//678 292//292
f 256//256 600//600 691//691
f 691//691 600//600 602//602
f 691//691 602//602 690//690
f 690//690 602//602 692//692
f 690//690 692//692 626//626
f 626//626 692//692 693//693
f 626//626 693//693 627//627
f 627//627 693//693 694//694
f 627//627 694//694 682//682
f 682//682 694//694 695//695
f 682//682 695//695 683//683
f 683//683 695//695 696//696
f 683//683 696//696 684//684
f 684//684 696//696 697//697
f 684//684 697//697 685//685
f 685//685 697//697 698//698
f 685//685 698//698 686//686
f 686//686 698//698 599//599
f 686//686 599//599 687//687
f 687//687 599//599 598//598
f 687//687 598//598 688//688
f 688//688 598//598 681//681
f 688//688 681//681 724//724
f 724//724 681//681 680//680
f 724//724 680//680 725//725
f 725//725 680//680 679//679
f 725//725 679//679 726//726
f 726//726 679//679 729//729
f 726//726 729//729 657//657
f 657//657 729//729 728//728
f 657//657 728//728 613//613
f 613//613 728//728 727//727
f 613//613 727//727 614//614
f 614//614 727//727 313//313
f 614//614 313//313 303//303
f 35//35 9//9 730//730
f 35//35 730//730 539//539
f 539//539 730//730 731//731
f 539//539 731//731 540//540
f 540//540 731//731 732//732
f 540//540 732//732 538//538
f 538//538 732//732 733//733
f 538//538 733//733 530//530
f 530//530 733//733 734//734
f 530//530 734//734 531//531
f 531//531 734//734 735//735
f 531//531 735//735 532//532
f 532//532 735//735 736//736
f 532//532 736//736 533//533
f 533//533 736//736 737//737
f 533//533 737//737 534//534
f 534//534 737//737 738//738
f 534//534 738//738 535//535
f 535//535 738//738 739//739
f 535//535 739//739 536//536
f 536//536 739//739 740//740
f 536//536 740//740 537//537
f 537//537 740//740 15//15
f 537//537 15//15 13//13
f 9//9 15//15 740//740
f 732//732 731//731 740//740
f 740//740 731//731 730//730
f 740//740 730//730 9//9
f 738//738 737//737 733//733
f 732//732 740//740 733//733
f 733//733 740//740 739//739
f 733//733 739//739 738//738
f 737//737 736//736 733//733
f 733//733 736//736 735//735
f 733//733 735//735 734//734
f 263//263 262//262 741//741
f 741//741 262//262 742//742
f 258//258 2//2 743//743
f 283//283 284//284 744//744
f 744//744 284//284 745//745
f 269//269 268//268 746//746
f 746//746 268//268 267//267
f 746//746 267//267 747//747
f 269//269 746//746 266//266
f 266//266 746//746 748//748
f 266//266 748//748 270//270
f 749//749 273//273 750//750
f 750//750 273//273 272//272
f 750//750 272//272 748//748
f 748//748 272//272 271//271
f 748//748 271//271 270//270
f 262//262 261//261 742//742
f 742//742 261//261 260//260
f 742//742 260//260 751//751
f 751//751 260//260 259//259
f 751//751 259//259 752//752
f 284//284 285//285 745//745
f 745//745 285//285 286//286
f 745//745 286//286 753//753
f 258//258 743//743 259//259
f 259//259 743//743 754//754
f 259//259 754//754 752//752
f 755//755 756//756 279//279
f 757//757 277//277 756//756
f 756//756 277//277 278//278
f 756//756 278//278 279//279
f 267//267 274//274 747//747
f 747//747 274//274 275//275
f 747//747 275//275 757//757
f 757//757 275//275 276//276
f 757//757 276//276 277//277
f 286//286 287//287 753//753
f 753//753 287//287 265//265
f 753//753 265//265 741//741
f 741//741 265//265 264//264
f 741//741 264//264 263//263
f 743//743 758//758 754//754
f 754//754 758//758 759//759
f 754//754 759//759 760//760
f 760//760 759//759 761//761
f 760//760 761//761 762//762
f 762//762 761//761 763//763
f 762//762 763//763 764//764
f 764//764 763//763 765//765
f 764//764 765//765 766//766
f 279//279 280//280 755//755
f 755//755 280//280 281//281
f 755//755 281//281 744//744
f 744//744 281//281 282//282
f 744//744 282//282 283//283
f 765//765 767//767 766//766
f 766//766 767//767 768//768
f 766//766 768//768 769//769
f 769//769 768//768 770//770
f 769//769 770//770 771//771
f 771//771 770//770 772//772
f 771//771 772//772 773//773
f 773//773 772//772 774//774
f 773//773 774//774 775//775
f 775//775 774//774 776//776
f 775//775 776//776 749//749
f 749//749 776//776 777//777
f 749//749 777//777 273//273
f 273//273 777//777 778//778
f 273//273 778//778 48//48
f 308//308 47//47 48//48
f 48//48 778//778 308//308
f 308//308 778//778 777//777
f 308//308 777//777 320//320
f 320//320 777//777 776//776
f 320//320 776//776 321//321
f 321//321 776//776 774//774
f 321//321 774//774 322//322
f 322//322 774//774 772//772
f 322//322 772//772 328//328
f 328//328 772//772 770//770
f 328//328 770//770 329//329
f 329//329 770//770 768//768
f 329//329 768//768 295//295
f 295//295 768//768 767//767
f 295//295 767//767 325//325
f 325//325 767//767 765//765
f 325//325 765//765 326//326
f 326//326 765//765 763//763
f 326//326 763//763 327//327
f 327//327 763//763 761//761
f 327//327 761//761 306//306
f 306//306 761//761 759//759
f 306//306 759//759 307//307
f 307//307 759//759 758//758
f 307//307 758//758 311//311
f 311//311 758//758 743//743
f 311//311 743//743 312//312
f 312//312 743//743 2//2
f 312//312 2//2 1//1
f 779//779 746//746 780//780
f 780//780 746//746 747//747
f 780//780 747//747 781//781
f 781//781 747//747 757//757
f 781//781 757//757 782//782
f 782//782 757//757 756//756
f 782//782 756//756 783//783
f 783//783 756//756 755//755
f 783//783 755//755 784//784
f 784//784 755//755 744//744
f 784//784 744//744 785//785
f 785//785 744//744 745//745
f 785//785 745//745 786//786
f 786//786 745//745 753//753
f 786//786 753//753 787//787
f 787//787 753//753 741//741
f 787//787 741//741 788//788
f 788//788 741//741 742//742
f 788//788 742//742 789//789
f 789//789 742//742 751//751
f 789//789 751//751 790//790
f 790//790 751//751 752//752
f 790//790 752//752 791//791
f 791//791 752//752 754//754
f 791//791 754//754 792//792
f 792//792 754//754 760//760
f 792//792 760//760 793//793
f 793//793 760//760 762//762
f 793//793 762//762 794//794
f 794//794 762//762 764//764
f 794//794 764//764 795//795
f 795//795 764//764 766//766
f 795//795 766//766 796//796
f 796//796 766//766 769//769
f 796//796 769//769 797//797
f 797//797 769//769 771//771
f 797//797 771//771 798//798
f 798//798 771//771 773//773
f 798//798 773//773 799//799
f 799//799 773//773 775//775
f 799//799 775//775 800//800
f 800//800 775//775 749//749
f 800//800 749//749 801//801
f 801//801 749//749 750//750
f 801//801 750//750 802//802
f 802//802 750//750 748//748
f 802//802 748//748 779//779
f 779//779 748//748 746//746
f 783//783 784//784 803//803
f 803//803 784//784 785//785
f 803//803 785//785 786//786
f 780//780 781//781 803//803
f 803//803 781//781 782//782
f 803//803 782//782 783//783
f 801//801 802//802 803//803
f 803//803 802//802 779//779
f 803//803 779//779 780//780
f 798//798 799//799 803//803
f 803//803 799//799 800//800
f 803//803 800//800 801//801
f 795//795 796//796 803//803
f 803//803 796//796 797//797
f 803//803 797//797 798//798
f 792//792 793//793 803//803
f 803//803 793//793 794//794
f 803//803 794//794 795//795
f 789//789 790//790 803//803
f 803//803 790//790 791//791
f 803//803 791//791 792//792
f 786//786 787//787 803//803
f 803//803 787//787 788//788
f 803//803 788//788 789//789
f 804//804 805//805 806//806
f 804//804 806//806 807//807
f 807//807 806//806 6//6
f 807//807 6//6 808//808
f 9//9 809//809 810//810
f 23//23 811//811 812//812
f 813//813 814//814 815//815
f 815//815 814//814 816//816
f 815//815 816//816 817//817
f 817//817 816//816 9//9
f 817//817 9//9 818//818
f 818//818 9//9 810//810
f 819//819 15//15 10//10
f 10//10 15//15 820//820
f 10//10 820//820 821//821
f 822//822 20//20 811//811
f 811//811 20//20 823//823
f 811//811 823//823 812//812
f 808//808 6//6 824//824
f 824//824 6//6 825//825
f 824//824 825//825 822//822
f 822//822 825//825 826//826
f 822//822 826//826 20//20
f 819//819 827//827 15//15
f 15//15 827//827 828//828
f 15//15 828//828 829//829
f 809//809 830//830 831//831
f 831//831 830//830 23//23
f 831//831 23//23 832//832
f 832//832 23//23 812//812
f 829//829 833//833 15//15
f 15//15 833//833 834//834
f 15//15 834//834 9//9
f 9//9 834//834 835//835
f 835//835 836//836 9//9
f 9//9 836//836 837//837
f 9//9 837//837 809//809
f 809//809 837//837 838//838
f 809//809 838//838 830//830
f 839//839 840//840 45//45
f 45//45 840//840 841//841
f 23//23 842//842 811//811
f 811//811 842//842 843//843
f 811//811 843//843 822//822
f 843//843 844//844 822//822
f 822//822 844//844 845//845
f 822//822 845//845 824//824
f 824//824 845//845 846//846
f 846//846 847//847 824//824
f 824//824 847//847 848//848
f 824//824 848//848 808//808
f 849//849 850//850 851//851
f 852//852 45//45 841//841
f 841//841 853//853 852//852
f 852//852 853//853 854//854
f 852//852 854//854 855//855
f 855//855 854//854 856//856
f 855//855 856//856 857//857
f 856//856 858//858 857//857
f 857//857 858//858 859//859
f 857//857 859//859 860//860
f 859//859 861//861 860//860
f 860//860 861//861 862//862
f 860//860 862//862 863//863
f 862//862 864//864 863//863
f 863//863 864//864 865//865
f 863//863 865//865 866//866
f 865//865 867//867 866//866
f 866//866 867//867 868//868
f 866//866 868//868 869//869
f 868//868 870//870 869//869
f 869//869 870//870 871//871
f 869//869 871//871 872//872
f 871//871 873//873 872//872
f 872//872 873//873 874//874
f 872//872 874//874 875//875
f 874//874 876//876 875//875
f 875//875 876//876 877//877
f 875//875 877//877 851//851
f 878//878 877//877 879//879
f 879//879 877//877 880//880
f 878//878 881//881 877//877
f 877//877 881//881 882//882
f 877//877 882//882 883//883
f 883//883 884//884 877//877
f 877//877 884//884 885//885
f 877//877 885//885 851//851
f 851//851 885//885 886//886
f 851//851 886//886 849//849
f 807//807 808//808 848//848
f 853//853 841//841 840//840
f 871//871 887//887 873//873
f 873//873 887//887 888//888
f 873//873 888//888 874//874
f 889//889 880//880 890//890
f 890//890 891//891 889//889
f 889//889 891//891 892//892
f 889//889 892//892 893//893
f 893//893 892//892 894//894
f 893//893 894//894 895//895
f 895//895 894//894 896//896
f 895//895 896//896 897//897
f 897//897 896//896 898//898
f 897//897 898//898 899//899
f 899//899 898//898 900//900
f 899//899 900//900 901//901
f 901//901 900//900 902//902
f 901//901 902//902 903//903
f 840//840 904//904 853//853
f 853//853 904//904 905//905
f 853//853 905//905 854//854
f 854//854 905//905 906//906
f 854//854 906//906 856//856
f 856//856 906//906 907//907
f 856//856 907//907 858//858
f 858//858 907//907 908//908
f 858//858 908//908 859//859
f 859//859 908//908 909//909
f 859//859 909//909 861//861
f 909//909 910//910 861//861
f 861//861 910//910 911//911
f 861//861 911//911 862//862
f 862//862 911//911 912//912
f 862//862 912//912 864//864
f 864//864 912//912 913//913
f 864//864 913//913 865//865
f 865//865 913//913 914//914
f 865//865 914//914 867//867
f 867//867 914//914 915//915
f 867//867 915//915 868//868
f 868//868 915//915 916//916
f 868//868 916//916 870//870
f 870//870 916//916 917//917
f 870//870 917//917 871//871
f 871//871 917//917 918//918
f 871//871 918//918 887//887
f 874//874 888//888 876//876
f 876//876 888//888 919//919
f 876//876 919//919 877//877
f 877//877 919//919 920//920
f 877//877 920//920 880//880
f 880//880 920//920 921//921
f 880//880 921//921 890//890
f 902//902 922//922 903//903
f 903//903 922//922 923//923
f 903//903 923//923 924//924
f 924//924 923//923 925//925
f 924//924 925//925 848//848
f 848//848 925//925 926//926
f 848//848 926//926 807//807
f 807//807 926//926 804//804
f 806//806 805//805 927//927
f 6//6 806//806 928//928
f 928//928 806//806 927//927
f 928//928 927//927 929//929
f 930//930 931//931 850//850
f 850//850 931//931 932//932
f 850//850 932//932 851//851
f 929//929 927//927 933//933
f 933//933 927//927 934//934
f 933//933 934//934 935//935
f 930//930 936//936 931//931
f 931//931 936//936 937//937
f 931//931 937//937 938//938
f 938//938 937//937 939//939
f 938//938 939//939 940//940
f 940//940 939//939 941//941
f 940//940 941//941 942//942
f 942//942 941//941 943//943
f 942//942 943//943 934//934
f 934//934 943//943 944//944
f 934//934 944//944 935//935
f 851//851 932//932 875//875
f 875//875 932//932 945//945
f 875//875 945//945 872//872
f 839//839 45//45 946//946
f 946//946 45//45 852//852
f 946//946 852//852 947//947
f 947//947 852//852 855//855
f 947//947 855//855 948//948
f 948//948 855//855 857//857
f 948//948 857//857 949//949
f 949//949 857//857 860//860
f 949//949 860//860 950//950
f 950//950 860//860 863//863
f 950//950 863//863 951//951
f 951//951 863//863 866//866
f 951//951 866//866 952//952
f 952//952 866//866 869//869
f 952//952 869//869 953//953
f 953//953 869//869 872//872
f 953//953 872//872 954//954
f 954//954 872//872 945//945
f 826//826 955//955 20//20
f 6//6 928//928 956//956
f 956//956 928//928 929//929
f 956//956 929//929 933//933
f 956//956 957//957 6//6
f 6//6 957//957 958//958
f 6//6 958//958 825//825
f 825//825 958//958 959//959
f 825//825 959//959 826//826
f 826//826 959//959 960//960
f 826//826 960//960 955//955
f 840//840 839//839 904//904
f 904//904 839//839 946//946
f 904//904 946//946 905//905
f 905//905 946//946 906//906
f 906//906 946//946 947//947
f 906//906 947//947 907//907
f 907//907 947//947 908//908
f 908//908 947//947 948//948
f 908//908 948//948 909//909
f 909//909 948//948 910//910
f 910//910 948//948 949//949
f 910//910 949//949 911//911
f 911//911 949//949 912//912
f 912//912 949//949 950//950
f 912//912 950//950 913//913
f 913//913 950//950 914//914
f 914//914 950//950 951//951
f 914//914 951//951 915//915
f 915//915 951//951 916//916
f 916//916 951//951 952//952
f 916//916 952//952 917//917
f 917//917 952//952 918//918
f 918//918 952//952 953//953
f 918//918 953//953 887//887
f 887//887 953//953 954//954
f 887//887 954//954 888//888
f 961//961 962//962 963//963
f 823//823 20//20 964//964
f 965//965 832//832 812//812
f 812//812 966//966 965//965
f 965//965 966//966 967//967
f 965//965 967//967 968//968
f 968//968 967//967 969//969
f 968//968 969//969 970//970
f 970//970 969//969 971//971
f 972//972 973//973 974//974
f 974//974 973//973 975//975
f 974//974 975//975 976//976
f 976//976 975//975 977//977
f 976//976 977//977 978//978
f 978//978 977//977 979//979
f 978//978 979//979 980//980
f 981//981 982//982 983//983
f 983//983 982//982 984//984
f 983//983 984//984 972//972
f 972//972 984//984 985//985
f 972//972 985//985 973//973
f 981//981 983//983 986//986
f 986//986 983//983 987//987
f 986//986 987//987 988//988
f 988//988 987//987 989//989
f 988//988 989//989 990//990
f 991//991 992//992 993//993
f 993//993 994//994 991//991
f 991//991 994//994 990//990
f 991//991 990//990 995//995
f 995//995 990//990 989//989
f 995//995 989//989 996//996
f 961//961 997//997 962//962
f 962//962 997//997 998//998
f 962//962 998//998 999//999
f 1000//1000 1001//1001 963//963
f 963//963 1001//1001 1002//1002
f 963//963 1002//1002 961//961
f 1003//1003 1004//1004 1000//1000
f 1000//1000 1004//1004 1005//1005
f 1000//1000 1005//1005 1001//1001
f 1000//1000 1006//1006 1003//1003
f 1003//1003 1006//1006 1007//1007
f 1003//1003 1007//1007 1008//1008
f 1008//1008 1007//1007 1009//1009
f 1008//1008 1009//1009 1010//1010
f 1010//1010 1009//1009 1011//1011
f 1010//1010 1011//1011 1012//1012
f 1012//1012 1011//1011 971//971
f 1012//1012 971//971 1013//1013
f 1013//1013 971//971 969//969
f 1013//1013 969//969 1014//1014
f 1014//1014 969//969 967//967
f 1014//1014 967//967 1015//1015
f 1015//1015 967//967 966//966
f 1015//1015 966//966 964//964
f 964//964 966//966 812//812
f 964//964 812//812 823//823
f 999//999 996//996 962//962
f 962//962 996//996 989//989
f 962//962 989//989 963//963
f 963//963 989//989 987//987
f 963//963 987//987 1000//1000
f 1000//1000 987//987 983//983
f 1000//1000 983//983 1006//1006
f 1006//1006 983//983 972//972
f 1006//1006 972//972 1007//1007
f 1007//1007 972//972 974//974
f 1007//1007 974//974 1009//1009
f 1009//1009 974//974 976//976
f 1009//1009 976//976 1011//1011
f 1011//1011 976//976 978//978
f 1011//1011 978//978 971//971
f 971//971 978//978 980//980
f 971//971 980//980 970//970
f 970//970 980//980 979//979
f 1016//1016 1017//1017 1018//1018
f 996//996 999//999 1019//1019
f 997//997 1020//1020 998//998
f 998//998 1020//1020 999//999
f 996//996 1019//1019 995//995
f 992//992 991//991 1021//1021
f 1021//1021 991//991 1022//1022
f 991//991 1023//1023 1022//1022
f 1022//1022 1023//1023 1024//1024
f 1022//1022 1024//1024 1025//1025
f 1025//1025 1024//1024 1026//1026
f 1026//1026 1024//1024 1027//1027
f 1026//1026 1027//1027 1028//1028
f 1028//1028 1027//1027 1029//1029
f 1029//1029 1027//1027 1030//1030
f 1029//1029 1030//1030 1031//1031
f 1031//1031 1030//1030 1032//1032
f 1031//1031 1032//1032 1033//1033
f 1033//1033 1032//1032 1034//1034
f 1033//1033 1034//1034 1035//1035
f 1035//1035 1034//1034 1036//1036
f 1035//1035 1036//1036 1037//1037
f 1037//1037 1036//1036 1038//1038
f 1037//1037 1038//1038 1039//1039
f 1039//1039 1038//1038 1040//1040
f 1039//1039 1040//1040 1041//1041
f 1041//1041 1040//1040 1042//1042
f 1041//1041 1042//1042 1043//1043
f 1043//1043 1042//1042 1044//1044
f 1043//1043 1044//1044 1045//1045
f 1045//1045 1044//1044 830//830
f 1045//1045 830//830 838//838
f 1016//1016 1018//1018 1046//1046
f 1046//1046 1018//1018 1047//1047
f 1046//1046 1047//1047 1048//1048
f 1047//1047 1049//1049 1048//1048
f 1048//1048 1049//1049 1050//1050
f 1048//1048 1050//1050 1051//1051
f 1051//1051 1050//1050 1052//1052
f 1051//1051 1052//1052 1053//1053
f 1053//1053 1052//1052 1054//1054
f 1053//1053 1054//1054 1055//1055
f 1055//1055 1054//1054 1056//1056
f 1056//1056 1054//1054 1057//1057
f 1056//1056 1057//1057 1058//1058
f 1058//1058 1057//1057 1059//1059
f 1058//1058 1059//1059 1060//1060
f 1060//1060 1059//1059 1061//1061
f 1061//1061 1059//1059 1062//1062
f 1061//1061 1062//1062 1063//1063
f 999//999 1020//1020 1019//1019
f 1019//1019 1020//1020 1064//1064
f 1019//1019 1064//1064 1062//1062
f 1062//1062 1064//1064 1065//1065
f 1062//1062 1065//1065 1063//1063
f 991//991 995//995 1023//1023
f 1023//1023 995//995 1019//1019
f 1023//1023 1019//1019 1024//1024
f 1024//1024 1019//1019 1062//1062
f 1024//1024 1062//1062 1027//1027
f 1027//1027 1062//1062 1059//1059
f 1027//1027 1059//1059 1030//1030
f 1030//1030 1059//1059 1057//1057
f 1030//1030 1057//1057 1032//1032
f 1032//1032 1057//1057 1054//1054
f 1032//1032 1054//1054 1034//1034
f 1034//1034 1054//1054 1052//1052
f 1034//1034 1052//1052 1036//1036
f 1036//1036 1052//1052 1050//1050
f 1036//1036 1050//1050 1038//1038
f 1038//1038 1050//1050 1049//1049
f 1038//1038 1049//1049 1040//1040
f 1040//1040 1049//1049 1047//1047
f 1040//1040 1047//1047 1042//1042
f 1042//1042 1047//1047 1018//1018
f 1042//1042 1018//1018 1044//1044
f 1044//1044 1018//1018 1017//1017
f 1044//1044 1017//1017 830//830
f 830//830 1017//1017 1016//1016
f 830//830 1016//1016 23//23
f 1066//1066 1067//1067 1068//1068
f 1068//1068 1067//1067 1069//1069
f 1068//1068 1069//1069 1070//1070
f 1071//1071 1072//1072 1073//1073
f 1073//1073 1072//1072 1074//1074
f 821//821 820//820 1075//1075
f 1075//1075 820//820 1076//1076
f 1066//1066 1077//1077 1067//1067
f 1067//1067 1077//1077 1078//1078
f 1067//1067 1078//1078 1076//1076
f 1076//1076 1078//1078 1079//1079
f 1076//1076 1079//1079 1075//1075
f 1070//1070 1069//1069 1080//1080
f 1080//1080 1069//1069 1081//1081
f 1080//1080 1081//1081 1082//1082
f 1083//1083 1084//1084 1085//1085
f 1085//1085 1084//1084 1086//1086
f 1085//1085 1086//1086 1087//1087
f 1087//1087 1086//1086 1088//1088
f 1089//1089 1090//1090 1091//1091
f 1091//1091 1090//1090 1074//1074
f 1091//1091 1074//1074 1092//1092
f 1092//1092 1074//1074 1072//1072
f 814//814 1093//1093 816//816
f 816//816 1093//1093 1094//1094
f 816//816 1094//1094 1095//1095
f 1083//1083 1096//1096 1084//1084
f 1084//1084 1096//1096 1097//1097
f 1084//1084 1097//1097 1081//1081
f 1081//1081 1097//1097 1098//1098
f 1081//1081 1098//1098 1082//1082
f 1088//1088 1086//1086 1099//1099
f 1099//1099 1086//1086 1100//1100
f 1099//1099 1100//1100 1101//1101
f 1094//1094 1102//1102 1095//1095
f 1095//1095 1102//1102 1103//1103
f 1095//1095 1103//1103 1073//1073
f 1073//1073 1103//1103 1104//1104
f 1073//1073 1104//1104 1071//1071
f 1089//1089 1105//1105 1090//1090
f 1090//1090 1105//1105 1106//1106
f 1090//1090 1106//1106 1107//1107
f 1106//1106 1108//1108 1107//1107
f 1107//1107 1108//1108 1109//1109
f 1107//1107 1109//1109 1100//1100
f 1100//1100 1109//1109 1110//1110
f 1100//1100 1110//1110 1101//1101
f 1099//1099 1111//1111 1088//1088
f 1088//1088 1111//1111 1112//1112
f 1088//1088 1112//1112 1087//1087
f 1087//1087 1112//1112 1113//1113
f 1087//1087 1113//1113 1085//1085
f 1113//1113 1114//1114 1085//1085
f 1085//1085 1114//1114 1115//1115
f 1085//1085 1115//1115 1083//1083
f 1083//1083 1115//1115 1116//1116
f 1083//1083 1116//1116 1096//1096
f 1096//1096 1116//1116 1117//1117
f 1096//1096 1117//1117 1097//1097
f 1097//1097 1117//1117 1118//1118
f 1097//1097 1118//1118 1098//1098
f 1098//1098 1118//1118 1119//1119
f 1098//1098 1119//1119 1082//1082
f 1119//1119 1120//1120 1082//1082
f 1082//1082 1120//1120 1121//1121
f 1082//1082 1121//1121 1080//1080
f 1080//1080 1121//1121 1122//1122
f 1080//1080 1122//1122 1070//1070
f 1070//1070 1122//1122 1123//1123
f 1070//1070 1123//1123 1068//1068
f 1123//1123 1124//1124 1068//1068
f 1068//1068 1124//1124 1125//1125
f 1068//1068 1125//1125 1066//1066
f 1066//1066 1125//1125 1126//1126
f 1066//1066 1126//1126 1077//1077
f 1077//1077 1126//1126 1127//1127
f 1077//1077 1127//1127 1078//1078
f 1078//1078 1127//1127 1128//1128
f 1078//1078 1128//1128 1079//1079
f 1079//1079 1128//1128 1129//1129
f 1079//1079 1129//1129 1075//1075
f 10//10 821//821 1130//1130
f 1130//1130 821//821 1075//1075
f 1130//1130 1075//1075 1131//1131
f 1131//1131 1075//1075 1129//1129
f 1111//1111 1099//1099 1132//1132
f 1132//1132 1099//1099 1101//1101
f 1132//1132 1101//1101 1133//1133
f 1133//1133 1101//1101 1110//1110
f 1106//1106 1134//1134 1108//1108
f 1108//1108 1134//1134 1135//1135
f 1108//1108 1135//1135 1109//1109
f 1109//1109 1135//1135 1136//1136
f 1109//1109 1136//1136 1110//1110
f 1110//1110 1136//1136 1137//1137
f 1110//1110 1137//1137 1133//1133
f 1091//1091 1138//1138 1089//1089
f 1089//1089 1138//1138 1139//1139
f 1089//1089 1139//1139 1105//1105
f 1105//1105 1139//1139 1140//1140
f 1105//1105 1140//1140 1106//1106
f 1106//1106 1140//1140 1141//1141
f 1106//1106 1141//1141 1134//1134
f 1072//1072 1142//1142 1092//1092
f 1092//1092 1142//1142 1143//1143
f 1092//1092 1143//1143 1091//1091
f 1091//1091 1143//1143 1144//1144
f 1091//1091 1144//1144 1138//1138
f 1104//1104 1145//1145 1071//1071
f 1071//1071 1145//1145 1146//1146
f 1071//1071 1146//1146 1072//1072
f 1072//1072 1146//1146 1147//1147
f 1072//1072 1147//1147 1142//1142
f 1102//1102 1148//1148 1103//1103
f 1103//1103 1148//1148 1149//1149
f 1103//1103 1149//1149 1104//1104
f 1104//1104 1149//1149 1150//1150
f 1104//1104 1150//1150 1145//1145
f 1094//1094 1093//1093 1151//1151
f 1151//1151 1093//1093 814//814
f 1151//1151 814//814 813//813
f 1151//1151 1152//1152 1094//1094
f 1094//1094 1152//1152 1153//1153
f 1094//1094 1153//1153 1102//1102
f 1102//1102 1153//1153 1154//1154
f 1102//1102 1154//1154 1148//1148
f 1155//1155 1156//1156 1157//1157
f 828//828 827//827 1158//1158
f 833//833 1159//1159 834//834
f 834//834 1159//1159 1160//1160
f 834//834 1160//1160 1161//1161
f 1161//1161 1160//1160 1162//1162
f 1161//1161 1162//1162 1163//1163
f 1163//1163 1162//1162 1164//1164
f 1163//1163 1164//1164 1165//1165
f 1165//1165 1164//1164 1166//1166
f 1165//1165 1166//1166 1167//1167
f 1166//1166 1168//1168 1167//1167
f 1167//1167 1168//1168 1169//1169
f 1167//1167 1169//1169 1170//1170
f 1156//1156 1155//1155 1169//1169
f 1169//1169 1155//1155 1171//1171
f 1169//1169 1171//1171 1170//1170
f 1172//1172 1173//1173 1157//1157
f 1157//1157 1173//1173 1174//1174
f 1157//1157 1174//1174 1155//1155
f 1175//1175 1176//1176 1177//1177
f 1177//1177 1176//1176 1178//1178
f 1177//1177 1178//1178 1179//1179
f 1179//1179 1178//1178 1180//1180
f 1179//1179 1180//1180 1181//1181
f 1181//1181 1180//1180 1172//1172
f 1181//1181 1172//1172 1182//1182
f 1182//1182 1172//1172 1157//1157
f 1183//1183 1184//1184 1185//1185
f 1185//1185 1184//1184 1186//1186
f 1185//1185 1186//1186 1187//1187
f 1188//1188 1186//1186 1189//1189
f 1189//1189 1186//1186 1184//1184
f 1189//1189 1184//1184 1177//1177
f 1177//1177 1184//1184 1183//1183
f 1177//1177 1183//1183 1175//1175
f 1190//1190 1191//1191 1192//1192
f 1193//1193 1194//1194 1195//1195
f 1195//1195 1194//1194 1196//1196
f 1195//1195 1196//1196 1197//1197
f 1197//1197 1196//1196 1198//1198
f 1197//1197 1198//1198 1199//1199
f 1199//1199 1198//1198 1200//1200
f 1199//1199 1200//1200 1201//1201
f 1201//1201 1200//1200 1202//1202
f 1201//1201 1202//1202 1203//1203
f 1203//1203 1202//1202 1204//1204
f 1203//1203 1204//1204 1205//1205
f 1205//1205 1204//1204 1206//1206
f 1205//1205 1206//1206 1207//1207
f 1206//1206 1208//1208 1207//1207
f 1207//1207 1208//1208 1209//1209
f 1207//1207 1209//1209 1210//1210
f 1210//1210 1209//1209 1211//1211
f 1210//1210 1211//1211 1212//1212
f 1212//1212 1211//1211 1213//1213
f 1212//1212 1213//1213 1214//1214
f 1214//1214 1213//1213 1215//1215
f 1214//1214 1215//1215 1216//1216
f 1216//1216 1215//1215 1217//1217
f 1217//1217 1215//1215 1218//1218
f 1217//1217 1218//1218 1219//1219
f 1219//1219 1218//1218 1220//1220
f 1220//1220 1218//1218 1221//1221
f 1220//1220 1221//1221 1222//1222
f 1222//1222 1221//1221 1223//1223
f 1222//1222 1223//1223 1224//1224
f 1224//1224 1223//1223 1225//1225
f 1225//1225 1223//1223 1226//1226
f 1225//1225 1226//1226 1158//1158
f 1158//1158 1226//1226 1227//1227
f 1158//1158 1227//1227 828//828
f 1196//1196 1190//1190 1198//1198
f 1198//1198 1190//1190 1192//1192
f 1198//1198 1192//1192 1200//1200
f 1200//1200 1192//1192 1228//1228
f 1200//1200 1228//1228 1202//1202
f 1202//1202 1228//1228 1229//1229
f 1202//1202 1229//1229 1204//1204
f 1204//1204 1229//1229 1230//1230
f 1204//1204 1230//1230 1206//1206
f 1206//1206 1230//1230 1231//1231
f 1206//1206 1231//1231 1208//1208
f 1208//1208 1231//1231 1232//1232
f 1208//1208 1232//1232 1209//1209
f 1209//1209 1232//1232 1233//1233
f 1209//1209 1233//1233 1211//1211
f 1211//1211 1233//1233 1234//1234
f 1211//1211 1234//1234 1213//1213
f 1213//1213 1234//1234 1235//1235
f 1213//1213 1235//1235 1215//1215
f 1215//1215 1235//1235 1236//1236
f 1215//1215 1236//1236 1218//1218
f 1218//1218 1236//1236 1237//1237
f 1218//1218 1237//1237 1221//1221
f 1221//1221 1237//1237 1238//1238
f 1221//1221 1238//1238 1223//1223
f 1223//1223 1238//1238 1239//1239
f 1223//1223 1239//1239 1226//1226
f 1226//1226 1239//1239 1240//1240
f 1226//1226 1240//1240 1227//1227
f 1227//1227 1240//1240 1241//1241
f 1227//1227 1241//1241 828//828
f 828//828 1241//1241 829//829
f 1191//1191 1242//1242 1192//1192
f 1192//1192 1242//1242 1188//1188
f 1192//1192 1188//1188 1228//1228
f 1228//1228 1188//1188 1189//1189
f 1228//1228 1189//1189 1229//1229
f 1229//1229 1189//1189 1177//1177
f 1229//1229 1177//1177 1230//1230
f 1230//1230 1177//1177 1179//1179
f 1230//1230 1179//1179 1231//1231
f 1231//1231 1179//1179 1181//1181
f 1231//1231 1181//1181 1232//1232
f 1232//1232 1181//1181 1182//1182
f 1232//1232 1182//1182 1233//1233
f 1233//1233 1182//1182 1157//1157
f 1233//1233 1157//1157 1234//1234
f 1234//1234 1157//1157 1156//1156
f 1234//1234 1156//1156 1235//1235
f 1235//1235 1156//1156 1169//1169
f 1235//1235 1169//1169 1236//1236
f 1236//1236 1169//1169 1168//1168
f 1236//1236 1168//1168 1237//1237
f 1237//1237 1168//1168 1166//1166
f 1237//1237 1166//1166 1238//1238
f 1238//1238 1166//1166 1164//1164
f 1238//1238 1164//1164 1239//1239
f 1239//1239 1164//1164 1162//1162
f 1239//1239 1162//1162 1240//1240
f 1240//1240 1162//1162 1160//1160
f 1240//1240 1160//1160 1241//1241
f 1241//1241 1160//1160 1159//1159
f 1241//1241 1159//1159 829//829
f 829//829 1159//1159 833//833
f 1242//1242 1191//1191 1243//1243
f 1244//1244 817//817 818//818
f 1245//1245 1246//1246 1247//1247
f 1247//1247 1246//1246 1248//1248
f 1247//1247 1248//1248 1249//1249
f 1249//1249 1248//1248 1244//1244
f 1249//1249 1244//1244 1250//1250
f 1250//1250 1244//1244 818//818
f 1251//1251 1252//1252 1253//1253
f 1253//1253 1252//1252 1254//1254
f 1251//1251 1253//1253 1255//1255
f 1255//1255 1253//1253 1256//1256
f 1255//1255 1256//1256 1257//1257
f 1257//1257 1256//1256 1258//1258
f 1257//1257 1258//1258 1259//1259
f 1259//1259 1258//1258 1260//1260
f 1259//1259 1260//1260 1261//1261
f 1261//1261 1260//1260 1262//1262
f 1261//1261 1262//1262 1263//1263
f 1263//1263 1262//1262 1264//1264
f 1263//1263 1264//1264 1265//1265
f 1265//1265 1264//1264 1266//1266
f 1265//1265 1266//1266 1267//1267
f 1267//1267 1266//1266 1268//1268
f 1267//1267 1268//1268 1269//1269
f 1268//1268 1270//1270 1269//1269
f 1269//1269 1270//1270 1271//1271
f 1269//1269 1271//1271 1272//1272
f 1272//1272 1271//1271 1273//1273
f 1272//1272 1273//1273 1274//1274
f 1193//1193 1275//1275 1194//1194
f 1194//1194 1275//1275 1274//1274
f 1194//1194 1274//1274 1196//1196
f 1196//1196 1274//1274 1273//1273
f 1196//1196 1273//1273 1190//1190
f 1242//1242 1276//1276 1188//1188
f 1188//1188 1276//1276 1277//1277
f 1188//1188 1277//1277 1186//1186
f 1278//1278 1279//1279 1280//1280
f 1280//1280 1279//1279 1281//1281
f 1280//1280 1281//1281 1282//1282
f 1282//1282 1281//1281 1283//1283
f 1282//1282 1283//1283 1284//1284
f 1284//1284 1283//1283 1285//1285
f 1284//1284 1285//1285 1286//1286
f 1286//1286 1285//1285 1287//1287
f 1286//1286 1287//1287 1288//1288
f 1288//1288 1287//1287 1289//1289
f 1288//1288 1289//1289 1290//1290
f 1290//1290 1289//1289 1291//1291
f 1290//1290 1291//1291 1292//1292
f 1291//1291 1293//1293 1292//1292
f 1292//1292 1293//1293 1294//1294
f 1292//1292 1294//1294 1295//1295
f 1295//1295 1294//1294 1296//1296
f 1295//1295 1296//1296 1297//1297
f 1297//1297 1296//1296 1298//1298
f 1297//1297 1298//1298 1299//1299
f 1299//1299 1298//1298 1300//1300
f 1299//1299 1300//1300 1301//1301
f 1301//1301 1300//1300 1302//1302
f 1301//1301 1302//1302 1303//1303
f 1303//1303 1302//1302 810//810
f 1303//1303 810//810 809//809
f 1242//1242 1243//1243 1276//1276
f 1276//1276 1243//1243 1304//1304
f 1276//1276 1304//1304 1277//1277
f 818//818 810//810 1250//1250
f 1250//1250 810//810 1302//1302
f 1250//1250 1302//1302 1249//1249
f 1249//1249 1302//1302 1300//1300
f 1249//1249 1300//1300 1247//1247
f 1247//1247 1300//1300 1298//1298
f 1247//1247 1298//1298 1245//1245
f 1245//1245 1298//1298 1296//1296
f 1245//1245 1296//1296 1305//1305
f 1305//1305 1296//1296 1294//1294
f 1305//1305 1294//1294 1306//1306
f 1306//1306 1294//1294 1293//1293
f 1306//1306 1293//1293 1307//1307
f 1307//1307 1293//1293 1291//1291
f 1307//1307 1291//1291 1308//1308
f 1308//1308 1291//1291 1289//1289
f 1308//1308 1289//1289 1309//1309
f 1309//1309 1289//1289 1287//1287
f 1309//1309 1287//1287 1310//1310
f 1310//1310 1287//1287 1285//1285
f 1310//1310 1285//1285 1311//1311
f 1311//1311 1285//1285 1283//1283
f 1311//1311 1283//1283 1312//1312
f 1312//1312 1283//1283 1281//1281
f 1312//1312 1281//1281 1304//1304
f 1304//1304 1281//1281 1279//1279
f 1304//1304 1279//1279 1277//1277
f 1277//1277 1279//1279 1278//1278
f 1277//1277 1278//1278 1186//1186
f 1186//1186 1278//1278 1313//1313
f 1186//1186 1313//1313 1187//1187
f 1252//1252 1246//1246 1254//1254
f 1254//1254 1246//1246 1245//1245
f 1254//1254 1245//1245 1253//1253
f 1253//1253 1245//1245 1305//1305
f 1253//1253 1305//1305 1256//1256
f 1256//1256 1305//1305 1306//1306
f 1256//1256 1306//1306 1258//1258
f 1258//1258 1306//1306 1307//1307
f 1258//1258 1307//1307 1260//1260
f 1260//1260 1307//1307 1308//1308
f 1260//1260 1308//1308 1262//1262
f 1262//1262 1308//1308 1309//1309
f 1262//1262 1309//1309 1264//1264
f 1264//1264 1309//1309 1310//1310
f 1264//1264 1310//1310 1266//1266
f 1266//1266 1310//1310 1311//1311
f 1266//1266 1311//1311 1268//1268
f 1268//1268 1311//1311 1312//1312
f 1268//1268 1312//1312 1270//1270
f 1270//1270 1312//1312 1304//1304
f 1270//1270 1304//1304 1271//1271
f 1271//1271 1304//1304 1243//1243
f 1271//1271 1243//1243 1273//1273
f 1273//1273 1243//1243 1191//1191
f 1273//1273 1191//1191 1190//1190
f 994//994 993//993 1314//1314
f 1286//1286 1315//1315 1316//1316
f 809//809 831//831 1317//1317
f 809//809 1317//1317 1303//1303
f 1303//1303 1317//1317 1318//1318
f 1303//1303 1318//1318 1301//1301
f 1319//1319 1320//1320 1299//1299
f 1299//1299 1320//1320 1297//1297
f 1320//1320 1321//1321 1297//1297
f 1297//1297 1321//1321 1322//1322
f 1297//1297 1322//1322 1295//1295
f 1295//1295 1322//1322 1323//1323
f 1295//1295 1323//1323 1292//1292
f 1292//1292 1323//1323 1324//1324
f 1292//1292 1324//1324 1290//1290
f 1290//1290 1324//1324 1325//1325
f 1290//1290 1325//1325 1288//1288
f 1286//1286 1316//1316 1284//1284
f 1284//1284 1316//1316 1326//1326
f 1284//1284 1326//1326 1282//1282
f 1282//1282 1326//1326 1327//1327
f 1282//1282 1327//1327 1280//1280
f 990//990 994//994 1328//1328
f 1328//1328 994//994 1314//1314
f 1328//1328 1314//1314 1278//1278
f 1278//1278 1314//1314 1313//1313
f 1329//1329 986//986 1330//1330
f 1330//1330 986//986 988//988
f 1330//1330 988//988 990//990
f 984//984 982//982 1329//1329
f 1329//1329 982//982 981//981
f 1329//1329 981//981 986//986
f 1286//1286 1288//1288 1315//1315
f 1315//1315 1288//1288 1325//1325
f 1315//1315 1325//1325 985//985
f 985//985 1325//1325 1324//1324
f 985//985 1324//1324 973//973
f 973//973 1324//1324 1323//1323
f 973//973 1323//1323 975//975
f 975//975 1323//1323 1322//1322
f 975//975 1322//1322 977//977
f 977//977 1322//1322 1321//1321
f 977//977 1321//1321 979//979
f 979//979 1321//1321 1320//1320
f 979//979 1320//1320 970//970
f 970//970 1320//1320 1319//1319
f 970//970 1319//1319 968//968
f 1299//1299 1301//1301 1319//1319
f 1319//1319 1301//1301 1318//1318
f 1319//1319 1318//1318 968//968
f 968//968 1318//1318 1317//1317
f 968//968 1317//1317 965//965
f 965//965 1317//1317 831//831
f 965//965 831//831 832//832
f 985//985 984//984 1315//1315
f 1315//1315 984//984 1329//1329
f 1315//1315 1329//1329 1316//1316
f 1316//1316 1329//1329 1330//1330
f 1316//1316 1330//1330 1326//1326
f 1326//1326 1330//1330 990//990
f 1326//1326 990//990 1327//1327
f 1327//1327 990//990 1328//1328
f 1327//1327 1328//1328 1280//1280
f 1280//1280 1328//1328 1278//1278
f 1331//1331 1111//1111 1132//1132
f 1275//1275 1193//1193 1331//1331
f 1331//1331 1132//1132 1275//1275
f 1275//1275 1132//1132 1133//1133
f 1275//1275 1133//1133 1274//1274
f 1274//1274 1133//1133 1137//1137
f 1274//1274 1137//1137 1272//1272
f 1272//1272 1137//1137 1136//1136
f 1272//1272 1136//1136 1269//1269
f 1136//1136 1135//1135 1269//1269
f 1269//1269 1135//1135 1134//1134
f 1269//1269 1134//1134 1267//1267
f 1134//1134 1141//1141 1267//1267
f 1267//1267 1141//1141 1140//1140
f 1267//1267 1140//1140 1265//1265
f 1265//1265 1140//1140 1139//1139
f 1265//1265 1139//1139 1263//1263
f 1139//1139 1138//1138 1263//1263
f 1263//1263 1138//1138 1144//1144
f 1263//1263 1144//1144 1261//1261
f 1261//1261 1144//1144 1143//1143
f 1261//1261 1143//1143 1259//1259
f 1143//1143 1142//1142 1259//1259
f 1259//1259 1142//1142 1147//1147
f 1259//1259 1147//1147 1257//1257
f 1257//1257 1147//1147 1255//1255
f 1255//1255 1147//1147 1146//1146
f 1255//1255 1146//1146 1251//1251
f 1146//1146 1145//1145 1251//1251
f 1251//1251 1145//1145 1150//1150
f 1251//1251 1150//1150 1252//1252
f 1150//1150 1149//1149 1252//1252
f 1252//1252 1149//1149 1148//1148
f 1252//1252 1148//1148 1246//1246
f 1246//1246 1148//1148 1154//1154
f 1246//1246 1154//1154 1248//1248
f 1151//1151 1244//1244 1152//1152
f 1152//1152 1244//1244 1248//1248
f 1152//1152 1248//1248 1153//1153
f 1153//1153 1248//1248 1154//1154
f 1151//1151 813//813 1244//1244
f 1244//1244 813//813 815//815
f 1244//1244 815//815 817//817
f 1331//1331 1193//1193 1195//1195
f 1130//1130 1225//1225 1158//1158
f 827//827 819//819 1158//1158
f 1158//1158 819//819 10//10
f 1158//1158 10//10 1130//1130
f 1130//1130 1131//1131 1225//1225
f 1225//1225 1131//1131 1129//1129
f 1225//1225 1129//1129 1224//1224
f 1224//1224 1129//1129 1128//1128
f 1224//1224 1128//1128 1222//1222
f 1222//1222 1128//1128 1127//1127
f 1222//1222 1127//1127 1220//1220
f 1220//1220 1127//1127 1126//1126
f 1220//1220 1126//1126 1219//1219
f 1219//1219 1126//1126 1217//1217
f 1217//1217 1126//1126 1125//1125
f 1217//1217 1125//1125 1216//1216
f 1125//1125 1124//1124 1216//1216
f 1216//1216 1124//1124 1123//1123
f 1216//1216 1123//1123 1214//1214
f 1214//1214 1123//1123 1122//1122
f 1214//1214 1122//1122 1212//1212
f 1212//1212 1122//1122 1121//1121
f 1212//1212 1121//1121 1210//1210
f 1210//1210 1121//1121 1120//1120
f 1210//1210 1120//1120 1207//1207
f 1120//1120 1119//1119 1207//1207
f 1207//1207 1119//1119 1118//1118
f 1207//1207 1118//1118 1205//1205
f 1205//1205 1118//1118 1117//1117
f 1205//1205 1117//1117 1203//1203
f 1203//1203 1117//1117 1116//1116
f 1203//1203 1116//1116 1201//1201
f 1201//1201 1116//1116 1115//1115
f 1201//1201 1115//1115 1199//1199
f 1112//1112 1197//1197 1113//1113
f 1113//1113 1197//1197 1199//1199
f 1113//1113 1199//1199 1114//1114
f 1114//1114 1199//1199 1115//1115
f 1111//1111 1331//1331 1112//1112
f 1112//1112 1331//1331 1195//1195
f 1112//1112 1195//1195 1197//1197
f 837//837 836//836 1332//1332
f 1041//1041 1043//1043 1333//1333
f 1333//1333 1334//1334 1041//1041
f 1041//1041 1334//1334 1335//1335
f 1041//1041 1335//1335 1039//1039
f 1039//1039 1335//1335 1336//1336
f 1039//1039 1336//1336 1037//1037
f 1037//1037 1336//1336 1337//1337
f 1037//1037 1337//1337 1035//1035
f 1035//1035 1337//1337 1338//1338
f 1035//1035 1338//1338 1033//1033
f 1033//1033 1338//1338 1339//1339
f 1033//1033 1339//1339 1031//1031
f 1029//1029 1340//1340 1028//1028
f 1028//1028 1340//1340 1341//1341
f 1028//1028 1341//1341 1026//1026
f 1026//1026 1341//1341 1342//1342
f 1026//1026 1342//1342 1025//1025
f 1343//1343 1022//1022 1025//1025
f 1344//1344 1021//1021 1022//1022
f 1343//1343 1175//1175 1183//1183
f 1022//1022 1343//1343 1344//1344
f 1344//1344 1343//1343 1183//1183
f 1344//1344 1183//1183 1185//1185
f 1025//1025 1342//1342 1343//1343
f 1343//1343 1342//1342 1176//1176
f 1343//1343 1176//1176 1175//1175
f 1174//1174 1173//1173 1340//1340
f 1340//1340 1173//1173 1172//1172
f 1340//1340 1172//1172 1341//1341
f 1341//1341 1172//1172 1180//1180
f 1341//1341 1180//1180 1342//1342
f 1342//1342 1180//1180 1178//1178
f 1342//1342 1178//1178 1176//1176
f 1155//1155 1174//1174 1339//1339
f 1339//1339 1174//1174 1340//1340
f 1339//1339 1340//1340 1031//1031
f 1031//1031 1340//1340 1029//1029
f 835//835 834//834 1345//1345
f 1345//1345 834//834 1161//1161
f 1345//1345 1161//1161 1346//1346
f 1346//1346 1161//1161 1163//1163
f 1346//1346 1163//1163 1347//1347
f 1347//1347 1163//1163 1165//1165
f 1347//1347 1165//1165 1348//1348
f 1348//1348 1165//1165 1167//1167
f 1348//1348 1167//1167 1349//1349
f 1349//1349 1167//1167 1170//1170
f 1349//1349 1170//1170 1350//1350
f 1350//1350 1170//1170 1171//1171
f 1350//1350 1171//1171 1351//1351
f 1351//1351 1171//1171 1155//1155
f 837//837 1332//1332 838//838
f 1346//1346 1352//1352 1345//1345
f 1345//1345 1352//1352 1332//1332
f 1345//1345 1332//1332 835//835
f 835//835 1332//1332 836//836
f 1155//1155 1339//1339 1351//1351
f 1351//1351 1339//1339 1338//1338
f 1351//1351 1338//1338 1350//1350
f 1350//1350 1338//1338 1337//1337
f 1350//1350 1337//1337 1349//1349
f 1349//1349 1337//1337 1336//1336
f 1349//1349 1336//1336 1348//1348
f 1348//1348 1336//1336 1335//1335
f 1348//1348 1335//1335 1347//1347
f 1347//1347 1335//1335 1334//1334
f 1347//1347 1334//1334 1346//1346
f 1346//1346 1334//1334 1333//1333
f 1346//1346 1333//1333 1352//1352
f 1352//1352 1333//1333 1043//1043
f 1352//1352 1043//1043 1332//1332
f 1332//1332 1043//1043 1045//1045
f 1332//1332 1045//1045 838//838
f 1187//1187 1313//1313 1314//1314
f 992//992 1021//1021 1344//1344
f 992//992 1344//1344 993//993
f 993//993 1344//1344 1314//1314
f 1314//1314 1344//1344 1185//1185
f 1314//1314 1185//1185 1187//1187
f 1353//1353 1354//1354 1355//1355
f 1356//1356 1357//1357 1358//1358
f 1359//1359 1360//1360 1361//1361
f 1362//1362 1363//1363 1364//1364
f 1020//1020 997//997 1365//1365
f 1366//1366 1367//1367 1368//1368
f 899//899 901//901 1369//1369
f 1369//1369 901//901 903//903
f 842//842 23//23 1016//1016
f 843//843 1370//1370 844//844
f 844//844 1370//1370 1371//1371
f 844//844 1371//1371 845//845
f 899//899 1372//1372 897//897
f 897//897 1372//1372 1373//1373
f 897//897 1373//1373 895//895
f 895//895 1373//1373 1374//1374
f 895//895 1374//1374 893//893
f 893//893 1374//1374 1375//1375
f 893//893 1375//1375 889//889
f 878//878 879//879 1376//1376
f 1377//1377 883//883 882//882
f 1378//1378 1379//1379 1380//1380
f 1380//1380 1379//1379 1381//1381
f 1380//1380 1381//1381 1382//1382
f 1383//1383 1384//1384 1385//1385
f 1385//1385 1384//1384 1378//1378
f 1020//1020 1365//1365 1064//1064
f 1063//1063 1065//1065 1386//1386
f 1386//1386 1065//1065 1064//1064
f 1386//1386 1064//1064 1387//1387
f 1387//1387 1064//1064 1365//1365
f 1386//1386 1388//1388 1063//1063
f 1063//1063 1388//1388 1389//1389
f 1063//1063 1389//1389 1061//1061
f 1061//1061 1389//1389 1060//1060
f 1053//1053 1055//1055 1390//1390
f 1390//1390 1055//1055 1056//1056
f 1390//1390 1056//1056 1391//1391
f 1392//1392 1393//1393 1051//1051
f 1394//1394 1046//1046 1048//1048
f 1046//1046 1370//1370 1016//1016
f 1016//1016 1370//1370 843//843
f 1016//1016 843//843 842//842
f 1367//1367 1395//1395 1368//1368
f 1368//1368 1395//1395 1396//1396
f 1368//1368 1396//1396 1397//1397
f 1397//1397 1396//1396 1398//1398
f 1397//1397 1398//1398 1354//1354
f 1381//1381 1399//1399 1382//1382
f 1382//1382 1399//1399 1400//1400
f 1382//1382 1400//1400 1401//1401
f 1401//1401 1400//1400 1402//1402
f 1401//1401 1402//1402 1403//1403
f 1388//1388 1404//1404 1389//1389
f 1389//1389 1404//1404 1405//1405
f 1389//1389 1405//1405 1060//1060
f 1060//1060 1405//1405 1391//1391
f 1060//1060 1391//1391 1058//1058
f 1058//1058 1391//1391 1056//1056
f 1378//1378 1380//1380 1385//1385
f 1385//1385 1380//1380 1382//1382
f 1385//1385 1382//1382 1406//1406
f 1406//1406 1382//1382 1401//1401
f 1406//1406 1401//1401 1407//1407
f 1407//1407 1401//1401 1403//1403
f 1407//1407 1403//1403 1408//1408
f 1408//1408 1403//1403 1409//1409
f 1408//1408 1409//1409 1410//1410
f 1411//1411 1412//1412 1371//1371
f 1413//1413 1414//1414 1415//1415
f 1415//1415 1414//1414 1416//1416
f 1415//1415 1416//1416 1392//1392
f 1392//1392 1416//1416 1394//1394
f 1392//1392 1394//1394 1393//1393
f 1393//1393 1394//1394 1048//1048
f 1393//1393 1048//1048 1051//1051
f 1410//1410 1413//1413 1417//1417
f 1417//1417 1413//1413 1415//1415
f 1417//1417 1415//1415 1418//1418
f 1418//1418 1415//1415 1392//1392
f 1418//1418 1392//1392 1419//1419
f 1419//1419 1392//1392 1051//1051
f 1051//1051 1053//1053 1419//1419
f 1419//1419 1053//1053 1390//1390
f 1419//1419 1390//1390 1418//1418
f 1418//1418 1390//1390 1391//1391
f 1418//1418 1391//1391 1417//1417
f 1417//1417 1391//1391 1405//1405
f 1417//1417 1405//1405 1410//1410
f 1410//1410 1405//1405 1404//1404
f 1410//1410 1404//1404 1408//1408
f 1408//1408 1404//1404 1388//1388
f 1408//1408 1388//1388 1407//1407
f 1407//1407 1388//1388 1386//1386
f 1407//1407 1386//1386 1406//1406
f 1406//1406 1386//1386 1387//1387
f 1406//1406 1387//1387 1385//1385
f 1385//1385 1387//1387 1365//1365
f 1385//1385 1365//1365 1383//1383
f 1395//1395 1377//1377 1396//1396
f 1396//1396 1377//1377 882//882
f 1396//1396 882//882 1398//1398
f 1398//1398 882//882 881//881
f 1398//1398 881//881 1420//1420
f 1420//1420 881//881 878//878
f 1420//1420 878//878 1421//1421
f 1421//1421 878//878 1376//1376
f 1421//1421 1376//1376 1422//1422
f 880//880 889//889 879//879
f 879//879 889//889 1375//1375
f 879//879 1375//1375 1376//1376
f 1376//1376 1375//1375 1374//1374
f 1376//1376 1374//1374 1422//1422
f 1422//1422 1374//1374 1373//1373
f 1422//1422 1373//1373 1423//1423
f 1423//1423 1373//1373 1372//1372
f 1412//1412 1411//1411 1424//1424
f 1424//1424 1411//1411 1425//1425
f 1424//1424 1425//1425 1426//1426
f 1426//1426 1425//1425 1427//1427
f 1426//1426 1427//1427 1428//1428
f 1428//1428 1427//1427 1429//1429
f 1428//1428 1429//1429 1353//1353
f 1355//1355 1356//1356 1353//1353
f 1353//1353 1356//1356 1358//1358
f 1353//1353 1358//1358 1428//1428
f 1428//1428 1358//1358 1430//1430
f 1428//1428 1430//1430 1426//1426
f 1426//1426 1430//1430 1431//1431
f 1426//1426 1431//1431 1424//1424
f 1424//1424 1431//1431 1432//1432
f 1424//1424 1432//1432 1412//1412
f 1412//1412 1432//1432 1433//1433
f 1412//1412 1433//1433 1371//1371
f 1371//1371 1433//1433 846//846
f 1371//1371 846//846 845//845
f 1358//1358 1359//1359 1430//1430
f 1430//1430 1359//1359 1361//1361
f 1430//1430 1361//1361 1431//1431
f 1431//1431 1361//1361 1362//1362
f 1431//1431 1362//1362 1432//1432
f 1432//1432 1362//1362 1364//1364
f 1432//1432 1364//1364 1433//1433
f 1433//1433 1364//1364 847//847
f 1433//1433 847//847 846//846
f 1354//1354 1398//1398 1355//1355
f 1355//1355 1398//1398 1420//1420
f 1355//1355 1420//1420 1356//1356
f 1356//1356 1420//1420 1421//1421
f 1356//1356 1421//1421 1357//1357
f 1357//1357 1421//1421 1422//1422
f 1357//1357 1422//1422 1358//1358
f 1358//1358 1422//1422 1423//1423
f 1358//1358 1423//1423 1359//1359
f 1359//1359 1423//1423 1372//1372
f 1359//1359 1372//1372 1360//1360
f 1360//1360 1372//1372 899//899
f 1360//1360 899//899 1361//1361
f 1361//1361 899//899 1369//1369
f 1361//1361 1369//1369 1362//1362
f 1362//1362 1369//1369 903//903
f 1362//1362 903//903 1363//1363
f 1363//1363 903//903 924//924
f 1363//1363 924//924 1364//1364
f 1364//1364 924//924 848//848
f 1364//1364 848//848 847//847
f 1046//1046 1394//1394 1370//1370
f 1370//1370 1394//1394 1416//1416
f 1370//1370 1416//1416 1371//1371
f 1371//1371 1416//1416 1414//1414
f 1371//1371 1414//1414 1411//1411
f 1411//1411 1414//1414 1413//1413
f 1411//1411 1413//1413 1425//1425
f 1425//1425 1413//1413 1410//1410
f 1425//1425 1410//1410 1427//1427
f 1427//1427 1410//1410 1409//1409
f 1427//1427 1409//1409 1429//1429
f 1429//1429 1409//1409 1403//1403
f 1429//1429 1403//1403 1353//1353
f 1353//1353 1403//1403 1402//1402
f 1353//1353 1402//1402 1354//1354
f 1354//1354 1402//1402 1400//1400
f 1354//1354 1400//1400 1397//1397
f 1397//1397 1400//1400 1399//1399
f 1397//1397 1399//1399 1368//1368
f 1368//1368 1399//1399 1381//1381
f 1368//1368 1381//1381 1366//1366
f 1434//1434 1435//1435 1436//1436
f 1437//1437 1438//1438 1439//1439
f 1440//1440 1441//1441 1438//1438
f 933//933 1442//1442 1443//1443
f 935//935 1444//1444 1445//1445
f 944//944 1446//1446 1447//1447
f 1365//1365 997//997 961//961
f 1004//1004 1003//1003 1448//1448
f 1449//1449 1450//1450 1451//1451
f 1436//1436 1435//1435 1015//1015
f 964//964 20//20 955//955
f 1015//1015 964//964 1436//1436
f 1436//1436 964//964 1452//1452
f 1436//1436 1452//1452 1453//1453
f 1454//1454 1012//1012 1434//1434
f 1434//1434 1012//1012 1013//1013
f 1434//1434 1013//1013 1435//1435
f 1435//1435 1013//1013 1014//1014
f 1435//1435 1014//1014 1015//1015
f 1004//1004 1448//1448 1005//1005
f 1455//1455 1002//1002 1456//1456
f 1456//1456 1002//1002 1001//1001
f 1457//1457 1381//1381 1458//1458
f 1458//1458 1381//1381 1379//1379
f 1458//1458 1379//1379 1459//1459
f 1459//1459 1379//1379 1378//1378
f 1459//1459 1378//1378 1460//1460
f 1460//1460 1378//1378 1384//1384
f 1460//1460 1384//1384 1461//1461
f 1461//1461 1384//1384 1383//1383
f 1461//1461 1383//1383 1365//1365
f 1462//1462 1377//1377 1457//1457
f 1457//1457 1377//1377 1395//1395
f 1395//1395 1367//1367 1457//1457
f 1457//1457 1367//1367 1366//1366
f 1457//1457 1366//1366 1381//1381
f 883//883 1377//1377 884//884
f 884//884 1377//1377 1462//1462
f 884//884 1462//1462 885//885
f 885//885 1462//1462 886//886
f 886//886 1462//1462 1463//1463
f 886//886 1463//1463 849//849
f 849//849 1463//1463 1464//1464
f 849//849 1464//1464 1465//1465
f 1464//1464 1466//1466 1465//1465
f 1465//1465 1466//1466 930//930
f 1465//1465 930//930 849//849
f 849//849 930//930 850//850
f 1467//1467 941//941 939//939
f 959//959 958//958 1468//1468
f 1468//1468 958//958 957//957
f 1468//1468 957//957 1443//1443
f 1443//1443 957//957 956//956
f 1443//1443 956//956 933//933
f 964//964 955//955 1452//1452
f 1452//1452 955//955 960//960
f 1452//1452 960//960 1453//1453
f 1469//1469 1441//1441 1470//1470
f 1470//1470 1441//1441 1440//1440
f 1470//1470 1440//1440 1471//1471
f 1438//1438 1437//1437 1440//1440
f 1440//1440 1437//1437 1472//1472
f 1440//1440 1472//1472 1471//1471
f 1003//1003 1449//1449 1448//1448
f 1448//1448 1449//1449 1451//1451
f 1448//1448 1451//1451 1473//1473
f 1473//1473 1451//1451 1474//1474
f 1473//1473 1474//1474 1475//1475
f 1475//1475 1474//1474 1476//1476
f 1475//1475 1476//1476 1477//1477
f 1477//1477 1476//1476 1439//1439
f 1477//1477 1439//1439 1478//1478
f 1478//1478 1439//1439 1438//1438
f 1478//1478 1438//1438 1479//1479
f 1479//1479 1438//1438 1441//1441
f 1479//1479 1441//1441 1480//1480
f 1480//1480 1441//1441 1469//1469
f 1003//1003 1008//1008 1449//1449
f 1449//1449 1008//1008 1010//1010
f 1449//1449 1010//1010 1450//1450
f 1450//1450 1010//1010 1481//1481
f 1450//1450 1481//1481 1451//1451
f 1451//1451 1481//1481 1482//1482
f 1451//1451 1482//1482 1474//1474
f 1474//1474 1482//1482 1483//1483
f 1474//1474 1483//1483 1476//1476
f 1476//1476 1483//1483 1484//1484
f 1476//1476 1484//1484 1439//1439
f 1439//1439 1484//1484 1485//1485
f 1439//1439 1485//1485 1437//1437
f 1437//1437 1485//1485 1467//1467
f 1437//1437 1467//1467 1472//1472
f 1472//1472 1467//1467 939//939
f 1472//1472 939//939 1471//1471
f 1471//1471 939//939 937//937
f 1471//1471 937//937 1470//1470
f 1470//1470 937//937 936//936
f 1481//1481 1486//1486 1482//1482
f 1482//1482 1486//1486 1487//1487
f 1482//1482 1487//1487 1483//1483
f 1483//1483 1487//1487 1488//1488
f 1483//1483 1488//1488 1484//1484
f 1484//1484 1488//1488 1489//1489
f 1484//1484 1489//1489 1485//1485
f 1485//1485 1489//1489 1490//1490
f 1485//1485 1490//1490 1467//1467
f 1467//1467 1490//1490 943//943
f 1467//1467 943//943 941//941
f 1486//1486 1491//1491 1487//1487
f 1487//1487 1491//1491 1492//1492
f 1487//1487 1492//1492 1488//1488
f 1488//1488 1492//1492 1493//1493
f 1488//1488 1493//1493 1489//1489
f 1489//1489 1493//1493 1447//1447
f 1489//1489 1447//1447 1490//1490
f 1490//1490 1447//1447 1446//1446
f 1490//1490 1446//1446 943//943
f 943//943 1446//1446 944//944
f 960//960 959//959 1453//1453
f 1453//1453 959//959 1468//1468
f 1453//1453 1468//1468 1494//1494
f 1494//1494 1468//1468 1443//1443
f 1494//1494 1443//1443 1445//1445
f 1445//1445 1443//1443 1442//1442
f 1445//1445 1442//1442 935//935
f 935//935 1442//1442 933//933
f 935//935 944//944 1444//1444
f 1444//1444 944//944 1447//1447
f 1444//1444 1447//1447 1445//1445
f 1445//1445 1447//1447 1493//1493
f 1445//1445 1493//1493 1494//1494
f 1494//1494 1493//1493 1492//1492
f 1494//1494 1492//1492 1453//1453
f 1453//1453 1492//1492 1491//1491
f 1453//1453 1491//1491 1436//1436
f 1436//1436 1491//1491 1486//1486
f 1436//1436 1486//1486 1434//1434
f 1434//1434 1486//1486 1481//1481
f 1434//1434 1481//1481 1454//1454
f 1454//1454 1481//1481 1010//1010
f 1454//1454 1010//1010 1012//1012
f 1461//1461 1495//1495 1460//1460
f 1460//1460 1495//1495 1496//1496
f 1460//1460 1496//1496 1459//1459
f 1459//1459 1496//1496 1497//1497
f 1459//1459 1497//1497 1458//1458
f 1365//1365 961//961 1461//1461
f 1461//1461 961//961 1002//1002
f 1461//1461 1002//1002 1495//1495
f 1495//1495 1002//1002 1455//1455
f 1495//1495 1455//1455 1496//1496
f 1496//1496 1455//1455 1498//1498
f 1496//1496 1498//1498 1497//1497
f 1497//1497 1498//1498 1499//1499
f 1497//1497 1499//1499 1458//1458
f 1458//1458 1499//1499 1500//1500
f 1458//1458 1500//1500 1457//1457
f 1457//1457 1500//1500 1501//1501
f 1457//1457 1501//1501 1462//1462
f 1462//1462 1501//1501 1502//1502
f 1462//1462 1502//1502 1463//1463
f 1001//1001 1005//1005 1456//1456
f 1456//1456 1005//1005 1448//1448
f 1456//1456 1448//1448 1455//1455
f 1455//1455 1448//1448 1473//1473
f 1455//1455 1473//1473 1498//1498
f 1498//1498 1473//1473 1475//1475
f 1498//1498 1475//1475 1499//1499
f 1499//1499 1475//1475 1477//1477
f 1499//1499 1477//1477 1500//1500
f 1500//1500 1477//1477 1478//1478
f 1500//1500 1478//1478 1501//1501
f 1501//1501 1478//1478 1479//1479
f 1501//1501 1479//1479 1502//1502
f 1502//1502 1479//1479 1480//1480
f 1502//1502 1480//1480 1463//1463
f 1463//1463 1480//1480 1469//1469
f 1463//1463 1469//1469 1464//1464
f 1464//1464 1469//1469 1470//1470
f 1464//1464 1470//1470 1466//1466
f 1466//1466 1470//1470 936//936
f 1466//1466 936//936 930//930
f 888//888 954//954 919//919
f 919//919 954//954 945//945
f 932//932 921//921 945//945
f 945//945 921//921 920//920
f 945//945 920//920 919//919
f 938//938 892//892 931//931
f 931//931 892//892 891//891
f 931//931 891//891 932//932
f 932//932 891//891 890//890
f 932//932 890//890 921//921
f 940//940 896//896 938//938
f 938//938 896//896 894//894
f 938//938 894//894 892//892
f 934//934 902//902 942//942
f 942//942 902//902 900//900
f 942//942 900//900 940//940
f 940//940 900//900 898//898
f 940//940 898//898 896//896
f 926//926 925//925 934//934
f 925//925 923//923 934//934
f 934//934 923//923 922//922
f 934//934 922//922 902//902
f 934//934 927//927 926//926
f 926//926 927//927 805//805
f 926//926 805//805 804//804
f 820//820 15//15 1076//1076
f 1076//1076 15//15 1503//1503
f 1076//1076 1503//1503 1067//1067
f 1067//1067 1503//1503 1504//1504
f 1067//1067 1504//1504 1069//1069
f 1069//1069 1504//1504 1505//1505
f 1069//1069 1505//1505 1081//1081
f 1081//1081 1505//1505 1506//1506
f 1081//1081 1506//1506 1084//1084
f 1084//1084 1506//1506 1507//1507
f 1084//1084 1507//1507 1086//1086
f 1086//1086 1507//1507 1508//1508
f 1086//1086 1508//1508 1100//1100
f 1100//1100 1508//1508 1509//1509
f 1100//1100 1509//1509 1107//1107
f 1107//1107 1509//1509 1510//1510
f 1107//1107 1510//1510 1090//1090
f 1090//1090 1510//1510 1511//1511
f 1090//1090 1511//1511 1074//1074
f 1074//1074 1511//1511 1512//1512
f 1074//1074 1512//1512 1073//1073
f 1073//1073 1512//1512 1513//1513
f 1073//1073 1513//1513 1095//1095
f 1095//1095 1513//1513 1514//1514
f 1095//1095 1514//1514 816//816
f 816//816 1514//1514 9//9
f 15//15 9//9 1514//1514
f 15//15 1514//1514 1503//1503
f 1503//1503 1514//1514 1513//1513
f 1503//1503 1513//1513 1504//1504
f 1506//1506 1511//1511 1510//1510
f 1513//1513 1512//1512 1504//1504
f 1504//1504 1512//1512 1511//1511
f 1504//1504 1511//1511 1505//1505
f 1505//1505 1511//1511 1506//1506
f 1510//1510 1509//1509 1506//1506
f 1506//1506 1509//1509 1508//1508
f 1506//1506 1508//1508 1507//1507
f 1515//1515 1516//1516 1517//1517
f 1517//1517 1516//1516 1518//1518
f 1519//1519 1520//1520 1521//1521
f 1521//1521 1520//1520 1522//1522
f 1523//1523 1524//1524 1525//1525
f 1526//1526 1519//1519 1527//1527
f 1526//1526 1528//1528 1519//1519
f 1519//1519 1528//1528 1529//1529
f 1519//1519 1529//1529 1530//1530
f 1525//1525 1531//1531 1523//1523
f 1523//1523 1531//1531 1532//1532
f 1523//1523 1532//1532 1533//1533
f 1533//1533 1534//1534 1523//1523
f 1523//1523 1534//1534 1515//1515
f 1523//1523 1515//1515 1522//1522
f 1522//1522 1515//1515 1517//1517
f 1522//1522 1517//1517 1521//1521
f 1535//1535 1536//1536 1537//1537
f 1537//1537 1536//1536 1538//1538
f 1530//1530 1539//1539 1519//1519
f 1519//1519 1539//1539 1540//1540
f 1519//1519 1540//1540 1520//1520
f 1527//1527 1541//1541 1526//1526
f 1526//1526 1541//1541 1537//1537
f 1526//1526 1537//1537 1542//1542
f 1542//1542 1537//1537 1538//1538
f 1543//1543 1544//1544 1523//1523
f 1523//1523 1544//1544 1545//1545
f 1523//1523 1545//1545 1524//1524
f 1546//1546 1547//1547 1548//1548
f 1543//1543 1549//1549 1544//1544
f 1544//1544 1549//1549 1547//1547
f 1544//1544 1547//1547 1550//1550
f 1550//1550 1547//1547 1546//1546
f 1535//1535 1537//1537 1551//1551
f 1551//1551 1537//1537 1552//1552
f 1551//1551 1552//1552 1553//1553
f 1553//1553 1554//1554 1551//1551
f 1551//1551 1554//1554 1555//1555
f 1551//1551 1555//1555 1556//1556
f 1557//1557 1558//1558 1559//1559
f 1559//1559 1558//1558 1560//1560
f 1548//1548 1561//1561 1546//1546
f 1546//1546 1561//1561 1560//1560
f 1546//1546 1560//1560 1562//1562
f 1562//1562 1560//1560 1558//1558
f 1563//1563 1564//1564 1565//1565
f 1566//1566 1567//1567 1568//1568
f 1568//1568 1567//1567 1569//1569
f 1567//1567 1570//1570 1569//1569
f 1569//1569 1570//1570 1571//1571
f 1569//1569 1571//1571 1572//1572
f 1566//1566 1568//1568 1573//1573
f 1573//1573 1568//1568 1574//1574
f 1573//1573 1574//1574 1575//1575
f 1575//1575 1574//1574 1518//1518
f 1575//1575 1518//1518 1576//1576
f 1576//1576 1518//1518 1516//1516
f 1576//1576 1516//1516 1577//1577
f 1577//1577 1516//1516 1578//1578
f 1577//1577 1578//1578 1565//1565
f 1565//1565 1578//1578 1579//1579
f 1565//1565 1579//1579 1580//1580
f 1581//1581 1582//1582 1583//1583
f 1583//1583 1582//1582 1569//1569
f 1583//1583 1569//1569 1584//1584
f 1584//1584 1569//1569 1572//1572
f 1585//1585 1563//1563 1586//1586
f 1586//1586 1563//1563 1565//1565
f 1586//1586 1565//1565 1587//1587
f 1587//1587 1565//1565 1588//1588
f 1589//1589 1590//1590 1591//1591
f 1592//1592 1593//1593 1594//1594
f 1594//1594 1593//1593 1589//1589
f 1594//1594 1589//1589 1595//1595
f 1595//1595 1589//1589 1591//1591
f 1596//1596 1597//1597 1598//1598
f 1598//1598 1597//1597 1599//1599
f 1598//1598 1599//1599 1600//1600
f 1600//1600 1599//1599 1601//1601
f 1600//1600 1601//1601 1602//1602
f 1602//1602 1601//1601 1603//1603
f 1602//1602 1603//1603 1604//1604
f 1604//1604 1603//1603 1605//1605
f 1594//1594 1606//1606 1592//1592
f 1592//1592 1606//1606 1607//1607
f 1592//1592 1607//1607 1608//1608
f 1608//1608 1607//1607 1609//1609
f 1608//1608 1609//1609 1610//1610
f 1610//1610 1609//1609 1611//1611
f 1610//1610 1611//1611 1612//1612
f 1612//1612 1611//1611 1613//1613
f 1612//1612 1613//1613 1614//1614
f 1614//1614 1613//1613 1615//1615
f 1614//1614 1615//1615 1616//1616
f 1616//1616 1615//1615 1617//1617
f 1616//1616 1617//1617 1618//1618
f 1618//1618 1617//1617 1619//1619
f 1618//1618 1619//1619 1620//1620
f 1620//1620 1619//1619 1621//1621
f 1620//1620 1621//1621 1622//1622
f 1622//1622 1621//1621 1623//1623
f 1622//1622 1623//1623 1624//1624
f 1624//1624 1623//1623 1625//1625
f 1624//1624 1625//1625 1626//1626
f 1626//1626 1625//1625 1569//1569
f 1626//1626 1569//1569 1627//1627
f 1627//1627 1569//1569 1582//1582
f 1606//1606 1628//1628 1607//1607
f 1607//1607 1628//1628 1629//1629
f 1607//1607 1629//1629 1630//1630
f 1630//1630 1629//1629 1631//1631
f 1630//1630 1631//1631 1632//1632
f 1632//1632 1631//1631 1633//1633
f 1632//1632 1633//1633 1634//1634
f 1634//1634 1633//1633 1635//1635
f 1634//1634 1635//1635 1636//1636
f 1636//1636 1635//1635 1637//1637
f 1636//1636 1637//1637 1605//1605
f 1605//1605 1637//1637 1638//1638
f 1605//1605 1638//1638 1604//1604
f 1588//1588 1565//1565 1639//1639
f 1639//1639 1565//1565 1580//1580
f 1639//1639 1580//1580 1640//1640
f 1640//1640 1580//1580 1641//1641
f 1640//1640 1641//1641 1642//1642
f 1642//1642 1641//1641 1643//1643
f 1642//1642 1643//1643 1644//1644
f 1644//1644 1643//1643 1645//1645
f 1644//1644 1645//1645 1646//1646
f 1647//1647 1648//1648 1649//1649
f 1649//1649 1648//1648 1650//1650
f 1649//1649 1650//1650 1651//1651
f 1651//1651 1650//1650 1652//1652
f 1651//1651 1652//1652 1653//1653
f 1653//1653 1652//1652 1603//1603
f 1653//1653 1603//1603 1654//1654
f 1654//1654 1603//1603 1601//1601
f 1645//1645 1655//1655 1646//1646
f 1646//1646 1655//1655 1656//1656
f 1646//1646 1656//1656 1657//1657
f 1657//1657 1656//1656 1658//1658
f 1657//1657 1658//1658 1659//1659
f 1659//1659 1658//1658 1660//1660
f 1659//1659 1660//1660 1661//1661
f 1661//1661 1660//1660 1662//1662
f 1661//1661 1662//1662 1663//1663
f 1663//1663 1662//1662 1664//1664
f 1663//1663 1664//1664 1665//1665
f 1665//1665 1664//1664 1666//1666
f 1665//1665 1666//1666 1667//1667
f 1667//1667 1666//1666 1668//1668
f 1667//1667 1668//1668 1669//1669
f 1669//1669 1668//1668 1670//1670
f 1669//1669 1670//1670 1671//1671
f 1671//1671 1670//1670 1672//1672
f 1671//1671 1672//1672 1673//1673
f 1673//1673 1674//1674 1671//1671
f 1671//1671 1674//1674 1675//1675
f 1671//1671 1675//1675 1647//1647
f 1647//1647 1675//1675 1676//1676
f 1647//1647 1676//1676 1648//1648
f 1675//1675 1523//1523 1676//1676
f 1676//1676 1523//1523 1522//1522
f 1520//1520 1677//1677 1522//1522
f 1522//1522 1677//1677 1648//1648
f 1522//1522 1648//1648 1676//1676
f 1523//1523 1675//1675 1674//1674
f 1674//1674 1673//1673 1678//1678
f 1523//1523 1674//1674 1543//1543
f 1543//1543 1674//1674 1678//1678
f 1543//1543 1678//1678 1549//1549
f 1679//1679 1680//1680 1681//1681
f 1680//1680 1682//1682 1681//1681
f 1681//1681 1682//1682 1683//1683
f 1681//1681 1683//1683 1684//1684
f 1684//1684 1685//1685 1681//1681
f 1681//1681 1685//1685 1686//1686
f 1681//1681 1686//1686 1687//1687
f 1688//1688 1689//1689 1681//1681
f 1681//1681 1689//1689 1690//1690
f 1681//1681 1690//1690 1691//1691
f 1691//1691 1692//1692 1681//1681
f 1681//1681 1692//1692 1693//1693
f 1681//1681 1693//1693 1679//1679
f 1694//1694 1673//1673 1672//1672
f 1547//1547 1549//1549 1694//1694
f 1694//1694 1672//1672 1547//1547
f 1547//1547 1672//1672 1670//1670
f 1547//1547 1670//1670 1548//1548
f 1548//1548 1670//1670 1668//1668
f 1548//1548 1668//1668 1561//1561
f 1561//1561 1668//1668 1666//1666
f 1561//1561 1666//1666 1560//1560
f 1560//1560 1666//1666 1664//1664
f 1560//1560 1664//1664 1559//1559
f 1559//1559 1664//1664 1662//1662
f 1559//1559 1662//1662 1557//1557
f 1557//1557 1662//1662 1660//1660
f 1557//1557 1660//1660 1558//1558
f 1558//1558 1660//1660 1658//1658
f 1558//1558 1658//1658 1562//1562
f 1562//1562 1658//1658 1656//1656
f 1562//1562 1656//1656 1546//1546
f 1656//1656 1655//1655 1546//1546
f 1546//1546 1655//1655 1645//1645
f 1546//1546 1645//1645 1550//1550
f 1550//1550 1645//1645 1643//1643
f 1550//1550 1643//1643 1544//1544
f 1544//1544 1643//1643 1545//1545
f 1545//1545 1643//1643 1641//1641
f 1545//1545 1641//1641 1524//1524
f 1524//1524 1641//1641 1580//1580
f 1524//1524 1580//1580 1525//1525
f 1525//1525 1580//1580 1579//1579
f 1525//1525 1579//1579 1531//1531
f 1578//1578 1516//1516 1515//1515
f 1515//1515 1534//1534 1578//1578
f 1578//1578 1534//1534 1533//1533
f 1578//1578 1533//1533 1579//1579
f 1579//1579 1533//1533 1532//1532
f 1579//1579 1532//1532 1531//1531
f 1695//1695 1696//1696 1697//1697
f 1698//1698 1697//1697 1699//1699
f 1699//1699 1697//1697 1700//1700
f 1701//1701 1702//1702 1703//1703
f 1704//1704 1705//1705 1706//1706
f 1706//1706 1705//1705 1707//1707
f 1706//1706 1707//1707 1708//1708
f 1709//1709 1710//1710 1711//1711
f 1711//1711 1710//1710 1712//1712
f 1696//1696 1713//1713 1697//1697
f 1697//1697 1713//1713 1714//1714
f 1697//1697 1714//1714 1700//1700
f 1700//1700 1715//1715 1699//1699
f 1699//1699 1715//1715 1716//1716
f 1699//1699 1716//1716 1717//1717
f 1717//1717 1716//1716 1718//1718
f 1717//1717 1718//1718 1719//1719
f 1719//1719 1718//1718 1720//1720
f 1719//1719 1720//1720 1721//1721
f 1721//1721 1720//1720 1722//1722
f 1721//1721 1722//1722 1710//1710
f 1710//1710 1722//1722 1723//1723
f 1710//1710 1723//1723 1712//1712
f 1724//1724 1725//1725 1704//1704
f 1704//1704 1725//1725 1726//1726
f 1704//1704 1726//1726 1727//1727
f 1727//1727 1728//1728 1704//1704
f 1704//1704 1728//1728 1729//1729
f 1704//1704 1729//1729 1699//1699
f 1699//1699 1729//1729 1730//1730
f 1699//1699 1730//1730 1698//1698
f 1695//1695 1697//1697 1731//1731
f 1731//1731 1697//1697 1732//1732
f 1731//1731 1732//1732 1733//1733
f 1734//1734 1735//1735 1706//1706
f 1706//1706 1735//1735 1736//1736
f 1706//1706 1736//1736 1704//1704
f 1704//1704 1736//1736 1737//1737
f 1704//1704 1737//1737 1724//1724
f 1703//1703 1738//1738 1701//1701
f 1701//1701 1738//1738 1739//1739
f 1701//1701 1739//1739 1740//1740
f 1740//1740 1741//1741 1701//1701
f 1701//1701 1741//1741 1742//1742
f 1701//1701 1742//1742 1743//1743
f 1701//1701 1744//1744 1702//1702
f 1702//1702 1744//1744 1745//1745
f 1702//1702 1745//1745 1746//1746
f 1702//1702 1747//1747 1748//1748
f 1748//1748 1747//1747 1706//1706
f 1748//1748 1706//1706 1749//1749
f 1749//1749 1706//1706 1708//1708
f 1746//1746 1750//1750 1702//1702
f 1702//1702 1750//1750 1751//1751
f 1702//1702 1751//1751 1747//1747
f 1752//1752 1753//1753 1733//1733
f 1733//1733 1753//1753 1754//1754
f 1733//1733 1754//1754 1731//1731
f 1752//1752 1755//1755 1753//1753
f 1753//1753 1755//1755 1756//1756
f 1753//1753 1756//1756 1757//1757
f 1758//1758 1759//1759 1760//1760
f 1760//1760 1759//1759 1761//1761
f 1762//1762 1763//1763 1764//1764
f 1764//1764 1763//1763 1760//1760
f 1764//1764 1760//1760 1765//1765
f 1765//1765 1760//1760 1761//1761
f 1766//1766 1767//1767 1768//1768
f 1768//1768 1767//1767 1769//1769
f 1768//1768 1769//1769 1770//1770
f 1758//1758 1760//1760 1768//1768
f 1768//1768 1760//1760 1771//1771
f 1768//1768 1771//1771 1766//1766
f 1772//1772 1684//1684 1683//1683
f 1683//1683 1682//1682 1772//1772
f 1772//1772 1682//1682 1773//1773
f 1772//1772 1773//1773 1774//1774
f 1690//1690 1689//1689 1775//1775
f 1775//1775 1689//1689 1776//1776
f 1775//1775 1776//1776 1777//1777
f 1778//1778 1692//1692 1775//1775
f 1775//1775 1692//1692 1691//1691
f 1775//1775 1691//1691 1690//1690
f 1682//1682 1680//1680 1773//1773
f 1773//1773 1680//1680 1679//1679
f 1773//1773 1679//1679 1778//1778
f 1778//1778 1679//1679 1693//1693
f 1778//1778 1693//1693 1692//1692
f 1779//1779 1774//1774 1780//1780
f 1780//1780 1774//1774 1773//1773
f 1781//1781 1782//1782 1778//1778
f 1778//1778 1782//1782 1783//1783
f 1778//1778 1783//1783 1773//1773
f 1773//1773 1783//1783 1784//1784
f 1773//1773 1784//1784 1780//1780
f 1777//1777 1785//1785 1775//1775
f 1775//1775 1785//1785 1786//1786
f 1786//1786 1787//1787 1775//1775
f 1775//1775 1787//1787 1788//1788
f 1775//1775 1788//1788 1778//1778
f 1778//1778 1788//1788 1789//1789
f 1778//1778 1789//1789 1781//1781
f 1790//1790 1791//1791 1792//1792
f 1793//1793 1794//1794 1795//1795
f 1796//1796 1797//1797 1798//1798
f 1799//1799 1800//1800 1801//1801
f 1802//1802 1803//1803 1800//1800
f 1796//1796 1798//1798 1804//1804
f 1804//1804 1798//1798 1805//1805
f 1804//1804 1805//1805 1806//1806
f 1795//1795 1807//1807 1808//1808
f 1808//1808 1807//1807 1809//1809
f 1792//1792 1810//1810 1811//1811
f 1811//1811 1810//1810 1812//1812
f 1800//1800 1799//1799 1802//1802
f 1802//1802 1799//1799 1813//1813
f 1802//1802 1813//1813 1814//1814
f 1814//1814 1813//1813 1815//1815
f 1814//1814 1815//1815 1816//1816
f 1817//1817 1818//1818 1806//1806
f 1806//1806 1818//1818 1819//1819
f 1806//1806 1819//1819 1804//1804
f 1804//1804 1819//1819 1820//1820
f 1804//1804 1820//1820 1796//1796
f 1796//1796 1820//1820 1821//1821
f 1805//1805 1794//1794 1806//1806
f 1806//1806 1794//1794 1793//1793
f 1806//1806 1793//1793 1817//1817
f 1817//1817 1793//1793 1822//1822
f 1795//1795 1808//1808 1793//1793
f 1793//1793 1808//1808 1823//1823
f 1793//1793 1823//1823 1822//1822
f 1824//1824 1825//1825 1809//1809
f 1809//1809 1825//1825 1826//1826
f 1809//1809 1826//1826 1808//1808
f 1808//1808 1826//1826 1827//1827
f 1808//1808 1827//1827 1823//1823
f 1807//1807 1791//1791 1809//1809
f 1809//1809 1791//1791 1790//1790
f 1809//1809 1790//1790 1824//1824
f 1824//1824 1790//1790 1828//1828
f 1792//1792 1811//1811 1790//1790
f 1790//1790 1811//1811 1829//1829
f 1790//1790 1829//1829 1828//1828
f 1830//1830 1831//1831 1812//1812
f 1812//1812 1831//1831 1832//1832
f 1812//1812 1832//1832 1811//1811
f 1811//1811 1832//1832 1833//1833
f 1811//1811 1833//1833 1829//1829
f 1810//1810 1816//1816 1812//1812
f 1812//1812 1816//1816 1815//1815
f 1812//1812 1815//1815 1830//1830
f 1830//1830 1815//1815 1834//1834
f 1834//1834 1815//1815 1835//1835
f 1835//1835 1815//1815 1813//1813
f 1835//1835 1813//1813 1836//1836
f 1836//1836 1813//1813 1837//1837
f 1837//1837 1813//1813 1799//1799
f 1837//1837 1799//1799 1838//1838
f 1838//1838 1799//1799 1801//1801
f 1838//1838 1801//1801 1839//1839
f 1840//1840 1841//1841 1842//1842
f 1840//1840 1843//1843 1844//1844
f 1845//1845 1841//1841 1846//1846
f 1846//1846 1841//1841 1840//1840
f 1846//1846 1840//1840 1847//1847
f 1847//1847 1840//1840 1844//1844
f 1848//1848 1849//1849 1850//1850
f 1851//1851 1852//1852 1849//1849
f 1842//1842 1853//1853 1854//1854
f 1854//1854 1853//1853 1855//1855
f 1849//1849 1848//1848 1851//1851
f 1851//1851 1848//1848 1856//1856
f 1851//1851 1856//1856 1857//1857
f 1857//1857 1856//1856 1858//1858
f 1857//1857 1858//1858 1859//1859
f 1859//1859 1858//1858 1860//1860
f 1859//1859 1860//1860 1861//1861
f 1842//1842 1854//1854 1840//1840
f 1840//1840 1854//1854 1862//1862
f 1840//1840 1862//1862 1843//1843
f 1863//1863 1864//1864 1855//1855
f 1855//1855 1864//1864 1865//1865
f 1855//1855 1865//1865 1854//1854
f 1854//1854 1865//1865 1866//1866
f 1854//1854 1866//1866 1862//1862
f 1853//1853 1861//1861 1855//1855
f 1855//1855 1861//1861 1860//1860
f 1855//1855 1860//1860 1863//1863
f 1863//1863 1860//1860 1867//1867
f 1867//1867 1860//1860 1868//1868
f 1868//1868 1860//1860 1858//1858
f 1868//1868 1858//1858 1869//1869
f 1869//1869 1858//1858 1870//1870
f 1870//1870 1858//1858 1856//1856
f 1870//1870 1856//1856 1871//1871
f 1871//1871 1856//1856 1872//1872
f 1872//1872 1856//1856 1848//1848
f 1872//1872 1848//1848 1873//1873
f 1873//1873 1848//1848 1850//1850
f 1873//1873 1850//1850 1874//1874
f 1875//1875 1876//1876 1877//1877
f 1877//1877 1876//1876 1878//1878
f 1879//1879 1880//1880 1881//1881
f 1881//1881 1880//1880 1882//1882
f 1881//1881 1882//1882 1876//1876
f 1876//1876 1882//1882 1883//1883
f 1876//1876 1883//1883 1878//1878
f 1884//1884 1761//1761 1885//1885
f 1885//1885 1761//1761 1759//1759
f 1885//1885 1759//1759 1881//1881
f 1881//1881 1759//1759 1758//1758
f 1881//1881 1758//1758 1879//1879
f 1886//1886 1764//1764 1765//1765
f 1881//1881 1887//1887 1888//1888
f 1881//1881 1888//1888 1885//1885
f 1885//1885 1888//1888 1886//1886
f 1885//1885 1886//1886 1884//1884
f 1884//1884 1886//1886 1765//1765
f 1884//1884 1765//1765 1761//1761
f 1887//1887 1881//1881 1889//1889
f 1889//1889 1881//1881 1876//1876
f 1889//1889 1876//1876 1890//1890
f 1890//1890 1876//1876 1875//1875
f 1890//1890 1875//1875 1891//1891
f 1891//1891 1875//1875 1877//1877
f 1891//1891 1877//1877 1892//1892
f 1893//1893 1894//1894 1895//1895
f 1894//1894 1896//1896 1897//1897
f 1893//1893 1895//1895 1898//1898
f 1894//1894 1897//1897 1895//1895
f 1895//1895 1897//1897 1899//1899
f 1895//1895 1899//1899 1900//1900
f 1900//1900 1899//1899 1901//1901
f 1900//1900 1901//1901 1902//1902
f 1903//1903 1904//1904 1902//1902
f 1902//1902 1904//1904 1905//1905
f 1902//1902 1905//1905 1900//1900
f 1900//1900 1905//1905 1906//1906
f 1900//1900 1906//1906 1895//1895
f 1895//1895 1906//1906 1907//1907
f 1895//1895 1907//1907 1898//1898
f 1901//1901 1892//1892 1902//1902
f 1902//1902 1892//1892 1877//1877
f 1902//1902 1877//1877 1903//1903
f 1903//1903 1877//1877 1878//1878
f 1908//1908 1909//1909 1910//1910
f 1911//1911 1912//1912 1913//1913
f 1914//1914 1915//1915 1916//1916
f 1914//1914 1916//1916 1917//1917
f 1918//1918 1919//1919 1920//1920
f 1920//1920 1919//1919 1908//1908
f 1920//1920 1908//1908 1916//1916
f 1916//1916 1908//1908 1910//1910
f 1916//1916 1910//1910 1917//1917
f 1921//1921 1922//1922 1923//1923
f 1924//1924 1922//1922 1925//1925
f 1925//1925 1922//1922 1921//1921
f 1925//1925 1921//1921 1926//1926
f 1926//1926 1921//1921 1927//1927
f 1928//1928 1918//1918 1929//1929
f 1929//1929 1918//1918 1920//1920
f 1929//1929 1920//1920 1930//1930
f 1930//1930 1920//1920 1916//1916
f 1930//1930 1916//1916 1911//1911
f 1911//1911 1916//1916 1915//1915
f 1911//1911 1915//1915 1912//1912
f 1913//1913 1931//1931 1911//1911
f 1911//1911 1931//1931 1927//1927
f 1911//1911 1927//1927 1930//1930
f 1930//1930 1927//1927 1921//1921
f 1930//1930 1921//1921 1929//1929
f 1929//1929 1921//1921 1923//1923
f 1929//1929 1923//1923 1928//1928
f 1932//1932 1933//1933 1934//1934
f 1934//1934 1933//1933 1917//1917
f 1934//1934 1917//1917 1910//1910
f 1935//1935 1936//1936 1932//1932
f 1932//1932 1936//1936 1937//1937
f 1932//1932 1937//1937 1933//1933
f 1938//1938 1939//1939 1940//1940
f 1941//1941 1938//1938 1935//1935
f 1935//1935 1938//1938 1940//1940
f 1935//1935 1940//1940 1936//1936
f 1942//1942 1943//1943 1941//1941
f 1941//1941 1935//1935 1942//1942
f 1942//1942 1935//1935 1932//1932
f 1942//1942 1932//1932 1944//1944
f 1944//1944 1932//1932 1934//1934
f 1944//1944 1934//1934 1945//1945
f 1945//1945 1934//1934 1910//1910
f 1945//1945 1910//1910 1909//1909
f 1695//1695 1946//1946 1947//1947
f 1695//1695 1947//1947 1696//1696
f 1696//1696 1947//1947 1948//1948
f 1696//1696 1948//1948 1713//1713
f 1713//1713 1948//1948 1949//1949
f 1713//1713 1949//1949 1714//1714
f 1714//1714 1949//1949 1950//1950
f 1714//1714 1950//1950 1700//1700
f 1700//1700 1950//1950 1951//1951
f 1700//1700 1951//1951 1715//1715
f 1715//1715 1951//1951 1952//1952
f 1715//1715 1952//1952 1716//1716
f 1716//1716 1952//1952 1953//1953
f 1716//1716 1953//1953 1718//1718
f 1720//1720 1718//1718 1954//1954
f 1954//1954 1718//1718 1953//1953
f 1954//1954 1953//1953 1681//1681
f 1681//1681 1953//1953 1955//1955
f 1955//1955 1953//1953 1952//1952
f 1955//1955 1952//1952 1956//1956
f 1956//1956 1952//1952 1951//1951
f 1956//1956 1951//1951 1957//1957
f 1957//1957 1951//1951 1950//1950
f 1957//1957 1950//1950 1958//1958
f 1958//1958 1950//1950 1949//1949
f 1958//1958 1949//1949 1959//1959
f 1959//1959 1949//1949 1948//1948
f 1959//1959 1948//1948 1960//1960
f 1960//1960 1948//1948 1947//1947
f 1960//1960 1947//1947 1961//1961
f 1961//1961 1947//1947 1946//1946
f 1961//1961 1946//1946 1962//1962
f 1954//1954 1681//1681 1687//1687
f 1722//1722 1720//1720 1963//1963
f 1963//1963 1720//1720 1954//1954
f 1963//1963 1954//1954 1964//1964
f 1964//1964 1954//1954 1687//1687
f 1965//1965 1966//1966 1730//1730
f 1730//1730 1966//1966 1698//1698
f 1732//1732 1697//1697 1967//1967
f 1967//1967 1697//1697 1968//1968
f 1732//1732 1969//1969 1733//1733
f 1733//1733 1969//1969 1970//1970
f 1733//1733 1970//1970 1752//1752
f 1752//1752 1970//1970 1971//1971
f 1752//1752 1971//1971 1755//1755
f 1755//1755 1971//1971 1972//1972
f 1755//1755 1972//1972 1756//1756
f 1756//1756 1972//1972 1973//1973
f 1756//1756 1973//1973 1757//1757
f 1757//1757 1973//1973 1974//1974
f 1757//1757 1974//1974 1753//1753
f 1754//1754 1975//1975 1976//1976
f 1754//1754 1976//1976 1731//1731
f 1731//1731 1976//1976 1946//1946
f 1731//1731 1946//1946 1695//1695
f 1977//1977 1978//1978 1974//1974
f 1974//1974 1978//1978 1975//1975
f 1974//1974 1975//1975 1753//1753
f 1753//1753 1975//1975 1754//1754
f 1962//1962 1946//1946 1979//1979
f 1979//1979 1946//1946 1976//1976
f 1979//1979 1976//1976 1980//1980
f 1980//1980 1976//1976 1975//1975
f 1980//1980 1975//1975 1981//1981
f 1981//1981 1975//1975 1978//1978
f 1977//1977 1974//1974 1982//1982
f 1982//1982 1974//1974 1973//1973
f 1982//1982 1973//1973 1983//1983
f 1971//1971 1984//1984 1972//1972
f 1972//1972 1984//1984 1985//1985
f 1972//1972 1985//1985 1973//1973
f 1973//1973 1985//1985 1986//1986
f 1973//1973 1986//1986 1983//1983
f 1987//1987 1988//1988 1970//1970
f 1970//1970 1988//1988 1989//1989
f 1970//1970 1989//1989 1971//1971
f 1971//1971 1989//1989 1990//1990
f 1971//1971 1990//1990 1984//1984
f 1991//1991 1992//1992 1969//1969
f 1969//1969 1992//1992 1993//1993
f 1969//1969 1993//1993 1970//1970
f 1970//1970 1993//1993 1994//1994
f 1970//1970 1994//1994 1987//1987
f 1732//1732 1967//1967 1969//1969
f 1969//1969 1967//1967 1995//1995
f 1969//1969 1995//1995 1991//1991
f 1996//1996 1997//1997 1968//1968
f 1968//1968 1997//1997 1998//1998
f 1968//1968 1998//1998 1967//1967
f 1967//1967 1998//1998 1999//1999
f 1967//1967 1999//1999 1995//1995
f 1697//1697 1698//1698 1968//1968
f 1968//1968 1698//1698 1966//1966
f 1968//1968 1966//1966 1996//1996
f 1996//1996 1966//1966 1965//1965
f 1996//1996 1965//1965 2000//2000
f 1686//1686 1685//1685 2001//2001
f 1686//1686 2001//2001 1687//1687
f 1687//1687 2001//2001 2002//2002
f 1687//1687 2002//2002 1964//1964
f 1723//1723 1722//1722 2002//2002
f 2002//2002 1722//1722 1963//1963
f 2002//2002 1963//1963 1964//1964
f 2003//2003 1727//1727 2004//2004
f 2004//2004 1727//1727 1726//1726
f 2004//2004 1726//1726 2005//2005
f 2005//2005 1726//1726 1725//1725
f 2005//2005 1725//1725 2006//2006
f 2006//2006 1725//1725 1724//1724
f 2006//2006 1724//1724 2007//2007
f 2007//2007 1724//1724 1737//1737
f 2007//2007 1737//1737 2008//2008
f 1728//1728 2009//2009 1729//1729
f 1729//1729 2009//2009 1965//1965
f 1729//1729 1965//1965 1730//1730
f 1728//1728 2010//2010 2009//2009
f 2009//2009 2010//2010 2011//2011
f 2009//2009 2011//2011 1965//1965
f 1965//1965 2011//2011 2000//2000
f 2012//2012 2013//2013 2010//2010
f 2010//2010 2013//2013 2014//2014
f 2010//2010 2014//2014 2011//2011
f 1728//1728 1727//1727 2010//2010
f 2010//2010 1727//1727 2003//2003
f 2010//2010 2003//2003 2012//2012
f 2012//2012 2003//2003 2004//2004
f 2012//2012 2004//2004 2015//2015
f 2015//2015 2004//2004 2005//2005
f 2015//2015 2005//2005 2016//2016
f 2016//2016 2005//2005 2006//2006
f 2016//2016 2006//2006 2017//2017
f 2017//2017 2006//2006 2007//2007
f 2017//2017 2007//2007 2018//2018
f 2018//2018 2007//2007 2008//2008
f 2018//2018 2008//2008 2019//2019
f 1737//1737 1736//1736 2008//2008
f 2008//2008 1736//1736 2020//2020
f 2008//2008 2020//2020 2019//2019
f 2019//2019 2020//2020 2021//2021
f 2022//2022 2023//2023 1706//1706
f 1706//1706 2023//2023 2024//2024
f 2023//2023 2025//2025 2024//2024
f 2024//2024 2025//2025 2026//2026
f 2024//2024 2026//2026 1735//1735
f 2027//2027 2021//2021 2020//2020
f 2028//2028 2029//2029 2025//2025
f 2025//2025 2029//2029 2027//2027
f 2025//2025 2027//2027 2026//2026
f 2026//2026 2027//2027 2020//2020
f 2026//2026 2020//2020 1735//1735
f 1735//1735 2020//2020 1736//1736
f 2028//2028 2025//2025 2030//2030
f 2030//2030 2025//2025 2023//2023
f 2030//2030 2023//2023 2031//2031
f 2031//2031 2023//2023 2022//2022
f 2031//2031 2022//2022 2032//2032
f 1706//1706 1747//1747 2022//2022
f 2022//2022 1747//1747 2033//2033
f 2022//2022 2033//2033 2032//2032
f 2032//2032 2033//2033 2034//2034
f 2035//2035 2036//2036 1745//1745
f 1745//1745 2036//2036 1746//1746
f 1751//1751 1750//1750 2037//2037
f 2037//2037 1750//1750 2038//2038
f 2037//2037 2038//2038 2039//2039
f 1747//1747 1751//1751 2033//2033
f 2033//2033 1751//1751 2037//2037
f 2033//2033 2037//2037 2034//2034
f 2034//2034 2037//2037 2039//2039
f 2040//2040 2041//2041 2038//2038
f 2038//2038 2041//2041 2042//2042
f 2038//2038 2042//2042 2039//2039
f 1750//1750 1746//1746 2038//2038
f 2038//2038 1746//1746 2036//2036
f 2038//2038 2036//2036 2040//2040
f 2040//2040 2036//2036 2035//2035
f 2040//2040 2035//2035 2043//2043
f 2044//2044 2045//2045 2046//2046
f 2047//2047 2048//2048 2049//2049
f 2050//2050 2043//2043 2035//2035
f 2051//2051 1738//1738 1703//1703
f 2052//2052 1741//1741 1740//1740
f 2053//2053 1701//1701 1743//1743
f 1743//1743 1742//1742 2054//2054
f 2054//2054 1742//1742 2046//2046
f 1740//1740 1739//1739 2055//2055
f 2055//2055 1739//1739 2056//2056
f 1703//1703 1702//1702 2057//2057
f 2057//2057 1702//1702 2058//2058
f 1748//1748 1749//1749 2059//2059
f 2059//2059 1749//1749 2060//2060
f 1745//1745 1744//1744 2035//2035
f 2035//2035 1744//1744 2049//2049
f 2035//2035 2049//2049 2050//2050
f 2050//2050 2049//2049 2048//2048
f 1744//1744 1701//1701 2049//2049
f 2049//2049 1701//1701 2053//2053
f 2049//2049 2053//2053 2047//2047
f 2047//2047 2053//2053 2061//2061
f 1743//1743 2054//2054 2053//2053
f 2053//2053 2054//2054 2062//2062
f 2053//2053 2062//2062 2061//2061
f 2045//2045 2063//2063 2046//2046
f 2046//2046 2063//2063 2064//2064
f 2046//2046 2064//2064 2054//2054
f 2054//2054 2064//2064 2065//2065
f 2054//2054 2065//2065 2062//2062
f 1742//1742 1741//1741 2046//2046
f 2046//2046 1741//1741 2052//2052
f 2046//2046 2052//2052 2044//2044
f 2044//2044 2052//2052 2066//2066
f 1740//1740 2055//2055 2052//2052
f 2052//2052 2055//2055 2067//2067
f 2052//2052 2067//2067 2066//2066
f 2068//2068 2069//2069 2056//2056
f 2056//2056 2069//2069 2070//2070
f 2056//2056 2070//2070 2055//2055
f 2055//2055 2070//2070 2071//2071
f 2055//2055 2071//2071 2067//2067
f 1739//1739 1738//1738 2056//2056
f 2056//2056 1738//1738 2051//2051
f 2056//2056 2051//2051 2068//2068
f 2068//2068 2051//2051 2072//2072
f 1703//1703 2057//2057 2051//2051
f 2051//2051 2057//2057 2073//2073
f 2051//2051 2073//2073 2072//2072
f 2074//2074 2075//2075 2058//2058
f 2058//2058 2075//2075 2076//2076
f 2058//2058 2076//2076 2057//2057
f 2057//2057 2076//2076 2077//2077
f 2057//2057 2077//2077 2073//2073
f 1702//1702 1748//1748 2058//2058
f 2058//2058 1748//1748 2059//2059
f 2058//2058 2059//2059 2074//2074
f 2074//2074 2059//2059 2078//2078
f 2078//2078 2059//2059 2079//2079
f 2079//2079 2059//2059 2060//2060
f 2079//2079 2060//2060 2080//2080
f 2080//2080 2060//2060 2081//2081
f 2082//2082 2083//2083 2084//2084
f 2084//2084 2083//2083 2085//2085
f 1707//1707 1705//1705 2082//2082
f 2082//2082 2084//2084 1707//1707
f 1707//1707 2084//2084 2081//2081
f 1707//1707 2081//2081 1708//1708
f 1708//1708 2081//2081 2060//2060
f 1708//1708 2060//2060 1749//1749
f 2085//2085 2086//2086 2084//2084
f 2084//2084 2086//2086 2087//2087
f 2084//2084 2087//2087 2081//2081
f 2081//2081 2087//2087 2088//2088
f 2081//2081 2088//2088 2080//2080
f 2089//2089 2090//2090 2091//2091
f 2082//2082 1705//1705 1704//1704
f 2092//2092 2083//2083 2082//2082
f 2093//2093 2085//2085 2094//2094
f 2094//2094 2085//2085 2083//2083
f 2093//2093 2095//2095 2096//2096
f 2096//2096 2095//2095 2097//2097
f 2096//2096 2097//2097 2098//2098
f 2099//2099 2100//2100 2089//2089
f 2101//2101 2102//2102 2103//2103
f 1710//1710 1709//1709 2104//2104
f 2089//2089 2091//2091 2099//2099
f 2099//2099 2091//2091 2105//2105
f 2099//2099 2105//2105 2106//2106
f 2105//2105 2107//2107 2106//2106
f 2106//2106 2107//2107 2108//2108
f 2106//2106 2108//2108 2109//2109
f 2109//2109 2108//2108 2110//2110
f 2109//2109 2110//2110 2111//2111
f 2111//2111 2110//2110 2112//2112
f 2111//2111 2112//2112 2113//2113
f 2113//2113 2112//2112 2114//2114
f 2113//2113 2114//2114 2095//2095
f 2095//2095 2114//2114 2115//2115
f 2095//2095 2115//2115 2097//2097
f 2093//2093 2094//2094 2095//2095
f 2095//2095 2094//2094 2116//2116
f 2095//2095 2116//2116 2113//2113
f 2113//2113 2116//2116 2117//2117
f 2113//2113 2117//2117 2111//2111
f 2111//2111 2117//2117 2118//2118
f 2111//2111 2118//2118 2109//2109
f 2109//2109 2118//2118 2119//2119
f 2109//2109 2119//2119 2106//2106
f 2106//2106 2119//2119 2101//2101
f 2106//2106 2101//2101 2099//2099
f 2099//2099 2101//2101 2103//2103
f 2099//2099 2103//2103 2100//2100
f 2083//2083 2092//2092 2094//2094
f 2094//2094 2092//2092 2120//2120
f 2094//2094 2120//2120 2116//2116
f 2116//2116 2120//2120 2121//2121
f 2116//2116 2121//2121 2117//2117
f 2117//2117 2121//2121 2122//2122
f 2117//2117 2122//2122 2118//2118
f 2118//2118 2122//2122 2123//2123
f 2118//2118 2123//2123 2119//2119
f 2119//2119 2123//2123 2124//2124
f 2119//2119 2124//2124 2101//2101
f 2101//2101 2124//2124 2125//2125
f 2101//2101 2125//2125 2102//2102
f 2082//2082 1704//1704 2092//2092
f 2092//2092 1704//1704 1699//1699
f 2092//2092 1699//1699 2120//2120
f 2120//2120 1699//1699 1717//1717
f 2120//2120 1717//1717 2121//2121
f 2121//2121 1717//1717 1719//1719
f 2121//2121 1719//1719 2122//2122
f 2122//2122 1719//1719 1721//1721
f 2122//2122 1721//1721 2123//2123
f 2123//2123 1721//1721 1710//1710
f 2123//2123 1710//1710 2124//2124
f 2124//2124 1710//1710 2104//2104
f 2124//2124 2104//2104 2125//2125
f 1892//1892 2126//2126 1891//1891
f 1891//1891 2126//2126 2127//2127
f 2128//2128 1889//1889 2127//2127
f 2127//2127 1889//1889 1890//1890
f 2127//2127 1890//1890 1891//1891
f 1762//1762 1764//1764 2129//2129
f 2129//2129 1764//1764 1886//1886
f 2129//2129 1886//1886 2130//2130
f 2130//2130 1886//1886 1888//1888
f 2130//2130 1888//1888 2128//2128
f 2128//2128 1888//1888 1887//1887
f 2128//2128 1887//1887 1889//1889
f 2131//2131 2132//2132 2133//2133
f 2134//2134 2135//2135 2136//2136
f 2135//2135 2137//2137 2138//2138
f 2138//2138 2137//2137 2139//2139
f 2138//2138 2139//2139 2140//2140
f 2127//2127 2126//2126 2141//2141
f 2142//2142 2140//2140 2143//2143
f 2143//2143 2140//2140 2139//2139
f 2143//2143 2139//2139 2144//2144
f 2144//2144 2139//2139 2137//2137
f 2141//2141 2145//2145 2127//2127
f 2127//2127 2145//2145 2146//2146
f 2127//2127 2146//2146 2128//2128
f 2131//2131 2133//2133 2147//2147
f 2141//2141 2142//2142 2145//2145
f 2145//2145 2142//2142 2143//2143
f 2145//2145 2143//2143 2146//2146
f 2146//2146 2143//2143 2144//2144
f 2146//2146 2144//2144 2133//2133
f 2133//2133 2144//2144 2148//2148
f 2133//2133 2148//2148 2147//2147
f 2149//2149 2150//2150 2151//2151
f 2149//2149 2152//2152 2153//2153
f 2153//2153 2152//2152 2154//2154
f 2153//2153 2154//2154 2155//2155
f 2155//2155 2154//2154 2134//2134
f 2155//2155 2134//2134 2156//2156
f 2156//2156 2134//2134 2136//2136
f 2149//2149 2151//2151 2152//2152
f 2152//2152 2151//2151 2157//2157
f 2152//2152 2157//2157 2158//2158
f 2132//2132 1762//1762 2133//2133
f 2133//2133 1762//1762 2129//2129
f 2133//2133 2129//2129 2146//2146
f 2146//2146 2129//2129 2130//2130
f 2146//2146 2130//2130 2128//2128
f 2135//2135 2134//2134 2137//2137
f 2137//2137 2134//2134 2154//2154
f 2137//2137 2154//2154 2144//2144
f 2144//2144 2154//2154 2152//2152
f 2144//2144 2152//2152 2148//2148
f 2148//2148 2152//2152 2158//2158
f 2148//2148 2158//2158 2147//2147
f 2136//2136 2159//2159 2156//2156
f 2156//2156 2159//2159 2160//2160
f 2156//2156 2160//2160 2155//2155
f 2155//2155 2160//2160 2161//2161
f 2155//2155 2161//2161 2153//2153
f 2153//2153 2161//2161 2162//2162
f 2153//2153 2162//2162 2149//2149
f 2149//2149 2162//2162 2163//2163
f 2149//2149 2163//2163 2150//2150
f 2150//2150 2163//2163 2164//2164
f 2165//2165 2166//2166 2167//2167
f 2168//2168 2169//2169 2170//2170
f 2171//2171 2172//2172 2173//2173
f 2173//2173 2172//2172 2174//2174
f 2175//2175 2176//2176 2177//2177
f 2177//2177 2176//2176 2178//2178
f 2177//2177 2178//2178 2174//2174
f 2174//2174 2178//2178 2179//2179
f 2174//2174 2179//2179 2173//2173
f 2172//2172 2180//2180 2174//2174
f 2174//2174 2180//2180 2181//2181
f 2174//2174 2181//2181 2177//2177
f 2177//2177 2181//2181 2170//2170
f 2177//2177 2170//2170 2175//2175
f 2175//2175 2170//2170 2169//2169
f 2180//2180 2182//2182 2181//2181
f 2181//2181 2182//2182 2183//2183
f 2181//2181 2183//2183 2170//2170
f 2170//2170 2183//2183 2167//2167
f 2170//2170 2167//2167 2168//2168
f 2168//2168 2167//2167 2166//2166
f 2164//2164 2182//2182 2184//2184
f 2184//2184 2182//2182 2180//2180
f 2184//2184 2180//2180 2185//2185
f 2185//2185 2180//2180 2172//2172
f 2185//2185 2172//2172 2186//2186
f 2186//2186 2172//2172 2171//2171
f 2186//2186 2171//2171 2187//2187
f 2159//2159 2165//2165 2160//2160
f 2160//2160 2165//2165 2167//2167
f 2160//2160 2167//2167 2161//2161
f 2161//2161 2167//2167 2183//2183
f 2161//2161 2183//2183 2162//2162
f 2162//2162 2183//2183 2182//2182
f 2162//2162 2182//2182 2163//2163
f 2163//2163 2182//2182 2164//2164
f 2188//2188 2189//2189 2190//2190
f 2191//2191 2192//2192 2193//2193
f 2179//2179 2178//2178 2194//2194
f 2179//2179 2194//2194 2173//2173
f 2187//2187 2171//2171 2195//2195
f 2178//2178 2176//2176 2194//2194
f 2194//2194 2176//2176 2196//2196
f 2194//2194 2196//2196 2197//2197
f 2197//2197 2196//2196 2198//2198
f 2197//2197 2198//2198 2199//2199
f 2199//2199 2198//2198 2200//2200
f 2199//2199 2200//2200 2201//2201
f 2201//2201 2200//2200 2202//2202
f 2201//2201 2202//2202 2203//2203
f 2203//2203 2202//2202 2204//2204
f 2203//2203 2204//2204 2205//2205
f 2205//2205 2204//2204 2206//2206
f 2205//2205 2206//2206 2207//2207
f 2207//2207 2206//2206 2208//2208
f 2207//2207 2208//2208 2209//2209
f 2209//2209 2208//2208 2210//2210
f 2209//2209 2210//2210 2211//2211
f 2211//2211 2210//2210 2212//2212
f 2211//2211 2212//2212 2213//2213
f 2213//2213 2212//2212 2214//2214
f 2213//2213 2214//2214 2215//2215
f 2215//2215 2214//2214 2216//2216
f 2215//2215 2216//2216 2217//2217
f 2217//2217 2216//2216 2218//2218
f 2217//2217 2218//2218 2219//2219
f 2219//2219 2218//2218 2220//2220
f 2219//2219 2220//2220 2221//2221
f 2221//2221 2220//2220 2222//2222
f 2221//2221 2222//2222 2223//2223
f 2223//2223 2222//2222 2224//2224
f 2223//2223 2224//2224 2225//2225
f 2225//2225 2224//2224 2226//2226
f 2225//2225 2226//2226 2227//2227
f 2227//2227 2226//2226 2228//2228
f 2227//2227 2228//2228 2229//2229
f 2229//2229 2228//2228 2230//2230
f 2229//2229 2191//2191 2227//2227
f 2227//2227 2191//2191 2193//2193
f 2227//2227 2193//2193 2225//2225
f 2225//2225 2193//2193 2231//2231
f 2225//2225 2231//2231 2223//2223
f 2223//2223 2231//2231 2232//2232
f 2223//2223 2232//2232 2221//2221
f 2221//2221 2232//2232 2233//2233
f 2221//2221 2233//2233 2219//2219
f 2219//2219 2233//2233 2234//2234
f 2219//2219 2234//2234 2217//2217
f 2217//2217 2234//2234 2235//2235
f 2217//2217 2235//2235 2215//2215
f 2215//2215 2235//2235 2236//2236
f 2215//2215 2236//2236 2213//2213
f 2213//2213 2236//2236 2237//2237
f 2213//2213 2237//2237 2211//2211
f 2211//2211 2237//2237 2238//2238
f 2211//2211 2238//2238 2209//2209
f 2209//2209 2238//2238 2239//2239
f 2209//2209 2239//2239 2207//2207
f 2207//2207 2239//2239 2240//2240
f 2207//2207 2240//2240 2205//2205
f 2205//2205 2240//2240 2241//2241
f 2205//2205 2241//2241 2203//2203
f 2203//2203 2241//2241 2242//2242
f 2203//2203 2242//2242 2201//2201
f 2201//2201 2242//2242 2243//2243
f 2201//2201 2243//2243 2199//2199
f 2199//2199 2243//2243 2244//2244
f 2199//2199 2244//2244 2197//2197
f 2197//2197 2244//2244 2245//2245
f 2197//2197 2245//2245 2194//2194
f 2194//2194 2245//2245 2195//2195
f 2194//2194 2195//2195 2173//2173
f 2173//2173 2195//2195 2171//2171
f 2192//2192 2188//2188 2193//2193
f 2193//2193 2188//2188 2190//2190
f 2193//2193 2190//2190 2231//2231
f 2231//2231 2190//2190 2246//2246
f 2231//2231 2246//2246 2232//2232
f 2232//2232 2246//2246 2247//2247
f 2232//2232 2247//2247 2233//2233
f 2233//2233 2247//2247 2248//2248
f 2233//2233 2248//2248 2234//2234
f 2234//2234 2248//2248 2249//2249
f 2234//2234 2249//2249 2235//2235
f 2235//2235 2249//2249 2250//2250
f 2235//2235 2250//2250 2236//2236
f 2236//2236 2250//2250 2251//2251
f 2236//2236 2251//2251 2237//2237
f 2237//2237 2251//2251 2252//2252
f 2237//2237 2252//2252 2238//2238
f 2238//2238 2252//2252 2253//2253
f 2238//2238 2253//2253 2239//2239
f 2239//2239 2253//2253 2254//2254
f 2239//2239 2254//2254 2240//2240
f 2240//2240 2254//2254 2255//2255
f 2240//2240 2255//2255 2241//2241
f 2241//2241 2255//2255 2256//2256
f 2241//2241 2256//2256 2242//2242
f 2242//2242 2256//2256 2257//2257
f 2242//2242 2257//2257 2243//2243
f 2243//2243 2257//2257 2258//2258
f 2243//2243 2258//2258 2244//2244
f 2244//2244 2258//2258 2259//2259
f 2244//2244 2259//2259 2245//2245
f 2245//2245 2259//2259 2260//2260
f 2245//2245 2260//2260 2195//2195
f 2195//2195 2260//2260 2261//2261
f 2195//2195 2261//2261 2187//2187
f 2262//2262 2263//2263 2264//2264
f 2265//2265 2266//2266 2267//2267
f 2268//2268 2269//2269 2270//2270
f 2270//2270 2269//2269 2271//2271
f 2270//2270 2271//2271 2272//2272
f 2272//2272 2271//2271 2273//2273
f 2272//2272 2273//2273 2274//2274
f 2274//2274 2273//2273 2275//2275
f 2274//2274 2276//2276 2272//2272
f 2272//2272 2276//2276 2277//2277
f 2272//2272 2277//2277 2270//2270
f 2270//2270 2277//2277 2267//2267
f 2270//2270 2267//2267 2268//2268
f 2268//2268 2267//2267 2266//2266
f 2276//2276 2278//2278 2277//2277
f 2277//2277 2278//2278 2279//2279
f 2277//2277 2279//2279 2267//2267
f 2267//2267 2279//2279 2264//2264
f 2267//2267 2264//2264 2265//2265
f 2265//2265 2264//2264 2263//2263
f 2189//2189 2278//2278 2280//2280
f 2280//2280 2278//2278 2276//2276
f 2280//2280 2276//2276 2281//2281
f 2281//2281 2276//2276 2274//2274
f 2281//2281 2274//2274 2282//2282
f 2282//2282 2274//2274 2275//2275
f 2282//2282 2275//2275 2283//2283
f 2230//2230 2262//2262 2229//2229
f 2229//2229 2262//2262 2264//2264
f 2229//2229 2264//2264 2191//2191
f 2191//2191 2264//2264 2279//2279
f 2191//2191 2279//2279 2192//2192
f 2192//2192 2279//2279 2278//2278
f 2192//2192 2278//2278 2188//2188
f 2188//2188 2278//2278 2189//2189
f 2269//2269 1909//1909 1908//1908
f 1924//1924 2283//2283 1922//1922
f 1922//1922 2283//2283 2275//2275
f 2273//2273 1928//1928 2275//2275
f 2275//2275 1928//1928 1923//1923
f 2275//2275 1923//1923 1922//1922
f 2269//2269 1908//1908 2271//2271
f 2271//2271 1908//1908 1919//1919
f 2271//2271 1919//1919 2273//2273
f 2273//2273 1919//1919 1918//1918
f 2273//2273 1918//1918 1928//1928
f 1770//1770 2041//2041 2284//2284
f 2284//2284 2041//2041 2040//2040
f 2284//2284 2040//2040 2043//2043
f 2285//2285 2034//2034 2039//2039
f 2285//2285 2039//2039 1760//1760
f 1770//1770 1769//1769 2041//2041
f 2041//2041 1769//1769 1767//1767
f 2041//2041 1767//1767 2042//2042
f 2042//2042 1767//1767 1766//1766
f 2042//2042 1766//1766 2039//2039
f 2039//2039 1766//1766 1771//1771
f 2039//2039 1771//1771 1760//1760
f 2286//2286 2287//2287 1640//1640
f 2288//2288 2289//2289 1639//1639
f 1639//1639 2289//2289 1588//1588
f 1588//1588 2289//2289 2290//2290
f 1588//1588 2290//2290 2291//2291
f 1640//1640 2287//2287 1639//1639
f 1639//1639 2287//2287 2292//2292
f 1639//1639 2292//2292 2288//2288
f 1642//1642 2293//2293 1640//1640
f 1640//1640 2293//2293 2294//2294
f 1640//1640 2294//2294 2286//2286
f 2295//2295 1651//1651 2296//2296
f 2296//2296 1651//1651 1653//1653
f 1654//1654 2297//2297 1653//1653
f 1653//1653 2297//2297 2298//2298
f 1653//1653 2298//2298 2296//2296
f 2299//2299 2300//2300 1601//1601
f 1601//1601 2300//2300 2301//2301
f 1601//1601 2301//2301 1654//1654
f 1654//1654 2301//2301 2302//2302
f 1654//1654 2302//2302 2297//2297
f 2303//2303 2304//2304 1604//1604
f 2305//2305 2306//2306 1602//1602
f 1602//1602 2306//2306 1600//1600
f 1600//1600 2306//2306 2307//2307
f 1600//1600 2307//2307 2308//2308
f 1604//1604 2304//2304 1602//1602
f 1602//1602 2304//2304 2309//2309
f 1602//1602 2309//2309 2305//2305
f 1638//1638 2310//2310 1604//1604
f 1604//1604 2310//2310 2311//2311
f 1604//1604 2311//2311 2303//2303
f 2312//2312 1629//1629 2313//2313
f 2313//2313 1629//1629 1628//1628
f 1606//1606 2314//2314 1628//1628
f 1628//1628 2314//2314 2315//2315
f 1628//1628 2315//2315 2313//2313
f 2316//2316 2317//2317 1594//1594
f 1594//1594 2317//2317 2318//2318
f 1594//1594 2318//2318 1606//1606
f 1606//1606 2318//2318 2319//2319
f 1606//1606 2319//2319 2314//2314
f 2320//2320 2321//2321 1608//1608
f 2322//2322 2323//2323 1592//1592
f 1592//1592 2323//2323 1593//1593
f 1593//1593 2323//2323 2324//2324
f 1593//1593 2324//2324 2325//2325
f 1608//1608 2321//2321 1592//1592
f 1592//1592 2321//2321 2326//2326
f 1592//1592 2326//2326 2322//2322
f 1610//1610 2327//2327 1608//1608
f 1608//1608 2327//2327 2328//2328
f 1608//1608 2328//2328 2320//2320
f 2329//2329 1624//1624 2330//2330
f 2330//2330 1624//1624 1626//1626
f 1627//1627 2331//2331 1626//1626
f 1626//1626 2331//2331 2332//2332
f 1626//1626 2332//2332 2330//2330
f 2333//2333 2334//2334 1582//1582
f 1582//1582 2334//2334 2335//2335
f 1582//1582 2335//2335 1627//1627
f 1627//1627 2335//2335 2336//2336
f 1627//1627 2336//2336 2331//2331
f 2337//2337 2338//2338 1567//1567
f 2339//2339 2340//2340 1570//1570
f 1570//1570 2340//2340 1571//1571
f 1571//1571 2340//2340 2341//2341
f 1571//1571 2341//2341 2342//2342
f 1567//1567 2338//2338 1570//1570
f 1570//1570 2338//2338 2343//2343
f 1570//1570 2343//2343 2339//2339
f 1566//1566 2344//2344 1567//1567
f 1567//1567 2344//2344 2345//2345
f 1567//1567 2345//2345 2337//2337
f 2346//2346 1821//1821 1820//1820
f 2347//2347 2348//2348 1820//1820
f 1820//1820 2348//2348 2349//2349
f 1820//1820 2349//2349 2346//2346
f 2335//2335 2334//2334 1820//1820
f 1820//1820 2334//2334 2333//2333
f 1820//1820 2333//2333 2347//2347
f 1819//1819 2329//2329 2330//2330
f 2330//2330 2332//2332 1819//1819
f 1819//1819 2332//2332 2331//2331
f 1819//1819 2331//2331 1820//1820
f 1820//1820 2331//2331 2336//2336
f 1820//1820 2336//2336 2335//2335
f 2326//2326 2321//2321 1837//1837
f 1837//1837 2321//2321 2320//2320
f 1837//1837 2320//2320 2328//2328
f 2350//2350 1838//1838 2351//2351
f 2351//2351 1838//1838 1839//1839
f 2350//2350 2352//2352 1838//1838
f 1838//1838 2352//2352 2353//2353
f 1838//1838 2353//2353 2325//2325
f 2325//2325 2324//2324 1838//1838
f 1838//1838 2324//2324 2323//2323
f 1838//1838 2323//2323 1837//1837
f 1837//1837 2323//2323 2322//2322
f 1837//1837 2322//2322 2326//2326
f 1833//1833 1832//1832 2354//2354
f 2355//2355 1825//1825 2356//2356
f 2356//2356 1825//1825 1824//1824
f 2328//2328 2327//2327 1837//1837
f 1837//1837 2327//2327 2357//2357
f 1837//1837 2357//2357 1836//1836
f 1836//1836 2357//2357 2358//2358
f 1836//1836 2358//2358 1835//1835
f 2354//2354 1832//1832 2359//2359
f 2358//2358 2360//2360 1835//1835
f 1835//1835 2360//2360 2361//2361
f 1835//1835 2361//2361 1834//1834
f 1834//1834 2361//2361 2362//2362
f 1834//1834 2362//2362 1830//1830
f 1830//1830 2362//2362 2359//2359
f 1830//1830 2359//2359 1831//1831
f 1831//1831 2359//2359 1832//1832
f 2354//2354 2363//2363 1833//1833
f 1833//1833 2363//2363 2364//2364
f 1833//1833 2364//2364 1829//1829
f 1829//1829 2364//2364 2365//2365
f 1829//1829 2365//2365 1828//1828
f 1828//1828 2365//2365 2366//2366
f 1828//1828 2366//2366 1824//1824
f 1824//1824 2366//2366 2367//2367
f 1824//1824 2367//2367 2356//2356
f 1822//1822 1823//1823 2368//2368
f 2368//2368 1823//1823 1827//1827
f 2368//2368 1827//1827 2355//2355
f 2355//2355 1827//1827 1826//1826
f 2355//2355 1826//1826 1825//1825
f 2368//2368 2369//2369 1822//1822
f 1822//1822 2369//2369 2370//2370
f 1822//1822 2370//2370 1817//1817
f 1817//1817 2370//2370 2371//2371
f 1817//1817 2371//2371 1818//1818
f 1818//1818 2371//2371 2372//2372
f 1818//1818 2372//2372 1819//1819
f 1819//1819 2372//2372 2373//2373
f 1819//1819 2373//2373 2329//2329
f 2374//2374 2375//2375 1843//1843
f 1843//1843 2375//2375 2376//2376
f 1843//1843 2376//2376 1844//1844
f 2317//2317 2316//2316 1843//1843
f 1843//1843 2316//2316 2377//2377
f 1843//1843 2377//2377 2374//2374
f 2313//2313 2315//2315 1862//1862
f 2315//2315 2314//2314 1862//1862
f 1862//1862 2314//2314 2319//2319
f 1862//1862 2319//2319 1843//1843
f 1843//1843 2319//2319 2318//2318
f 1843//1843 2318//2318 2317//2317
f 2309//2309 2304//2304 1872//1872
f 1872//1872 2304//2304 2303//2303
f 2378//2378 1873//1873 2379//2379
f 2379//2379 1873//1873 1874//1874
f 2378//2378 2380//2380 1873//1873
f 1873//1873 2380//2380 2381//2381
f 1873//1873 2381//2381 2308//2308
f 2308//2308 2307//2307 1873//1873
f 1873//1873 2307//2307 2306//2306
f 1873//1873 2306//2306 1872//1872
f 1872//1872 2306//2306 2305//2305
f 1872//1872 2305//2305 2309//2309
f 2303//2303 2311//2311 1872//1872
f 1872//1872 2311//2311 2310//2310
f 1872//1872 2310//2310 1871//1871
f 1871//1871 2310//2310 2382//2382
f 1871//1871 2382//2382 1870//1870
f 1870//1870 2382//2382 2383//2383
f 1870//1870 2383//2383 1869//1869
f 2383//2383 2384//2384 1869//1869
f 1869//1869 2384//2384 2385//2385
f 1869//1869 2385//2385 1868//1868
f 1868//1868 2385//2385 2386//2386
f 1868//1868 2386//2386 1867//1867
f 1867//1867 2386//2386 2387//2387
f 1867//1867 2387//2387 1863//1863
f 2387//2387 2388//2388 1863//1863
f 1863//1863 2388//2388 2389//2389
f 1863//1863 2389//2389 1864//1864
f 1864//1864 2389//2389 2390//2390
f 1864//1864 2390//2390 1865//1865
f 1865//1865 2390//2390 2391//2391
f 1865//1865 2391//2391 1866//1866
f 1866//1866 2391//2391 2392//2392
f 1866//1866 2392//2392 1862//1862
f 1862//1862 2392//2392 2312//2312
f 1862//1862 2312//2312 2313//2313
f 2393//2393 1912//1912 1915//1915
f 2393//2393 1915//1915 1785//1785
f 1785//1785 1915//1915 1914//1914
f 1785//1785 1914//1914 1786//1786
f 2394//2394 2395//2395 1782//1782
f 1782//1782 1781//1781 2394//2394
f 2394//2394 1781//1781 1789//1789
f 2394//2394 1789//1789 1788//1788
f 1779//1779 1780//1780 2396//2396
f 2396//2396 1780//1780 1784//1784
f 2396//2396 1784//1784 2395//2395
f 2395//2395 1784//1784 1783//1783
f 2395//2395 1783//1783 1782//1782
f 2397//2397 1937//1937 2344//2344
f 2344//2344 1937//1937 1936//1936
f 2344//2344 1936//1936 2345//2345
f 1936//1936 1940//1940 2398//2398
f 2398//2398 2399//2399 1936//1936
f 1936//1936 2399//2399 2342//2342
f 1936//1936 2342//2342 2341//2341
f 2341//2341 2340//2340 1936//1936
f 1936//1936 2340//2340 2339//2339
f 1936//1936 2339//2339 2343//2343
f 2343//2343 2338//2338 1936//1936
f 1936//1936 2338//2338 2337//2337
f 1936//1936 2337//2337 2345//2345
f 1939//1939 2400//2400 1940//1940
f 1940//1940 2400//2400 2401//2401
f 1940//1940 2401//2401 2398//2398
f 2397//2397 2402//2402 1937//1937
f 1937//1937 2402//2402 2403//2403
f 1937//1937 2403//2403 1933//1933
f 1933//1933 2403//2403 2394//2394
f 1933//1933 2394//2394 1917//1917
f 1917//1917 2394//2394 1788//1788
f 1917//1917 1788//1788 1914//1914
f 1914//1914 1788//1788 1787//1787
f 1914//1914 1787//1787 1786//1786
f 2404//2404 2077//2077 2076//2076
f 2288//2288 2087//2087 2086//2086
f 2288//2288 2292//2292 2087//2087
f 2087//2087 2292//2292 2287//2287
f 2087//2087 2287//2287 2286//2286
f 2085//2085 2093//2093 2086//2086
f 2086//2086 2093//2093 2096//2096
f 2086//2086 2096//2096 2098//2098
f 2098//2098 2405//2405 2086//2086
f 2086//2086 2405//2405 2406//2406
f 2086//2086 2406//2406 2291//2291
f 2291//2291 2290//2290 2086//2086
f 2086//2086 2290//2290 2289//2289
f 2086//2086 2289//2289 2288//2288
f 2286//2286 2294//2294 2087//2087
f 2087//2087 2294//2294 2293//2293
f 2087//2087 2293//2293 2088//2088
f 2088//2088 2293//2293 2407//2407
f 2088//2088 2407//2407 2080//2080
f 2080//2080 2407//2407 2408//2408
f 2080//2080 2408//2408 2079//2079
f 2079//2079 2408//2408 2409//2409
f 2079//2079 2409//2409 2078//2078
f 2404//2404 2076//2076 2410//2410
f 2409//2409 2411//2411 2078//2078
f 2078//2078 2411//2411 2412//2412
f 2078//2078 2412//2412 2074//2074
f 2074//2074 2412//2412 2410//2410
f 2074//2074 2410//2410 2075//2075
f 2075//2075 2410//2410 2076//2076
f 2077//2077 2404//2404 2073//2073
f 2073//2073 2404//2404 2413//2413
f 2073//2073 2413//2413 2072//2072
f 2072//2072 2413//2413 2414//2414
f 2072//2072 2414//2414 2068//2068
f 2068//2068 2414//2414 2415//2415
f 2068//2068 2415//2415 2069//2069
f 2069//2069 2415//2415 2416//2416
f 2069//2069 2416//2416 2070//2070
f 2070//2070 2416//2416 2417//2417
f 2070//2070 2417//2417 2071//2071
f 2071//2071 2417//2417 2418//2418
f 2071//2071 2418//2418 2067//2067
f 2419//2419 2044//2044 2420//2420
f 2420//2420 2044//2044 2066//2066
f 2420//2420 2066//2066 2421//2421
f 2421//2421 2066//2066 2067//2067
f 2421//2421 2067//2067 2422//2422
f 2422//2422 2067//2067 2418//2418
f 2061//2061 2062//2062 2423//2423
f 2423//2423 2062//2062 2065//2065
f 2423//2423 2065//2065 2424//2424
f 2424//2424 2065//2065 2064//2064
f 2424//2424 2064//2064 2425//2425
f 2425//2425 2064//2064 2063//2063
f 2425//2425 2063//2063 2419//2419
f 2419//2419 2063//2063 2045//2045
f 2419//2419 2045//2045 2044//2044
f 2423//2423 2426//2426 2061//2061
f 2061//2061 2426//2426 2427//2427
f 2061//2061 2427//2427 2047//2047
f 2047//2047 2427//2427 2428//2428
f 2047//2047 2428//2428 2048//2048
f 2048//2048 2428//2428 2429//2429
f 2048//2048 2429//2429 2050//2050
f 2050//2050 2429//2429 2430//2430
f 2050//2050 2430//2430 2043//2043
f 2043//2043 2430//2430 2431//2431
f 2043//2043 2431//2431 2284//2284
f 2432//2432 1898//1898 1907//1907
f 1768//1768 2433//2433 1758//1758
f 1758//1758 2433//2433 2434//2434
f 1758//1758 2434//2434 2435//2435
f 1878//1878 1883//1883 2435//2435
f 2435//2435 1883//1883 1882//1882
f 1882//1882 1880//1880 2435//2435
f 2435//2435 1880//1880 1879//1879
f 2435//2435 1879//1879 1758//1758
f 2435//2435 2436//2436 1878//1878
f 1878//1878 2436//2436 2437//2437
f 1878//1878 2437//2437 1903//1903
f 1903//1903 2437//2437 2438//2438
f 1903//1903 2438//2438 1904//1904
f 2298//2298 2297//2297 1906//1906
f 2438//2438 2439//2439 1904//1904
f 1904//1904 2439//2439 2440//2440
f 1904//1904 2440//2440 1905//1905
f 1905//1905 2440//2440 2295//2295
f 1905//1905 2295//2295 1906//1906
f 1906//1906 2295//2295 2296//2296
f 1906//1906 2296//2296 2298//2298
f 2297//2297 2302//2302 1906//1906
f 1906//1906 2302//2302 2301//2301
f 1906//1906 2301//2301 2300//2300
f 2432//2432 1907//1907 2441//2441
f 2300//2300 2299//2299 1906//1906
f 1906//1906 2299//2299 2442//2442
f 1906//1906 2442//2442 1907//1907
f 1907//1907 2442//2442 2443//2443
f 1907//1907 2443//2443 2441//2441
f 1688//1688 1681//1681 2444//2444
f 2444//2444 1681//1681 1955//1955
f 2444//2444 1955//1955 2445//2445
f 2445//2445 1955//1955 1956//1956
f 1962//1962 2446//2446 1961//1961
f 1961//1961 2446//2446 2447//2447
f 1961//1961 2447//2447 1960//1960
f 1960//1960 2447//2447 2448//2448
f 1960//1960 2448//2448 1959//1959
f 1959//1959 2448//2448 2449//2449
f 1959//1959 2449//2449 1958//1958
f 1958//1958 2449//2449 2450//2450
f 1958//1958 2450//2450 1957//1957
f 1957//1957 2450//2450 2451//2451
f 1957//1957 2451//2451 1956//1956
f 1956//1956 2451//2451 2452//2452
f 1956//1956 2452//2452 2445//2445
f 2446//2446 1962//1962 1979//1979
f 2453//2453 1996//1996 2454//2454
f 2454//2454 1996//1996 2000//2000
f 2453//2453 2455//2455 1996//1996
f 1996//1996 2455//2455 2456//2456
f 1996//1996 2456//2456 1997//1997
f 1997//1997 2456//2456 2457//2457
f 1997//1997 2457//2457 1998//1998
f 1992//1992 1991//1991 2458//2458
f 2458//2458 1991//1991 1995//1995
f 2458//2458 1995//1995 2459//2459
f 2459//2459 1995//1995 1999//1999
f 2459//2459 1999//1999 2460//2460
f 2460//2460 1999//1999 1998//1998
f 2460//2460 1998//1998 2461//2461
f 2461//2461 1998//1998 2457//2457
f 1992//1992 2458//2458 1993//1993
f 1993//1993 2458//2458 2462//2462
f 1993//1993 2462//2462 1994//1994
f 1990//1990 1989//1989 2463//2463
f 2463//2463 1989//1989 1988//1988
f 2463//2463 1988//1988 2462//2462
f 2462//2462 1988//1988 1987//1987
f 2462//2462 1987//1987 1994//1994
f 2463//2463 2464//2464 1990//1990
f 1990//1990 2464//2464 2465//2465
f 1990//1990 2465//2465 1984//1984
f 2465//2465 2466//2466 1984//1984
f 1984//1984 2466//2466 2467//2467
f 1984//1984 2467//2467 1985//1985
f 1985//1985 2467//2467 2468//2468
f 1985//1985 2468//2468 1986//1986
f 1986//1986 2468//2468 1983//1983
f 1983//1983 2468//2468 2469//2469
f 1983//1983 2469//2469 1982//1982
f 1982//1982 2469//2469 2470//2470
f 1982//1982 2470//2470 2471//2471
f 2446//2446 1979//1979 2472//2472
f 2472//2472 1979//1979 1980//1980
f 2472//2472 1980//1980 2473//2473
f 2473//2473 1980//1980 1981//1981
f 2473//2473 1981//1981 2474//2474
f 2474//2474 1981//1981 1978//1978
f 2474//2474 1978//1978 2471//2471
f 2471//2471 1978//1978 1977//1977
f 2471//2471 1977//1977 1982//1982
f 2454//2454 2000//2000 2475//2475
f 2475//2475 2000//2000 2011//2011
f 2475//2475 2011//2011 2476//2476
f 2476//2476 2011//2011 2014//2014
f 2476//2476 2014//2014 2477//2477
f 2477//2477 2014//2014 2013//2013
f 2477//2477 2013//2013 2478//2478
f 2478//2478 2013//2013 2012//2012
f 2478//2478 2012//2012 2479//2479
f 2479//2479 2012//2012 2015//2015
f 2479//2479 2015//2015 2480//2480
f 2480//2480 2015//2015 2016//2016
f 2480//2480 2016//2016 2481//2481
f 2481//2481 2016//2016 2017//2017
f 2481//2481 2017//2017 2482//2482
f 2482//2482 2017//2017 2018//2018
f 2482//2482 2018//2018 2483//2483
f 2483//2483 2018//2018 2019//2019
f 2484//2484 2483//2483 2021//2021
f 2021//2021 2483//2483 2019//2019
f 2484//2484 2021//2021 2485//2485
f 2485//2485 2021//2021 2027//2027
f 2485//2485 2027//2027 2486//2486
f 2486//2486 2027//2027 2029//2029
f 2028//2028 2487//2487 2029//2029
f 2029//2029 2487//2487 2488//2488
f 2029//2029 2488//2488 2486//2486
f 2032//2032 1763//1763 2031//2031
f 2031//2031 1763//1763 2489//2489
f 2031//2031 2489//2489 2030//2030
f 2030//2030 2489//2489 2490//2490
f 2030//2030 2490//2490 2028//2028
f 2028//2028 2490//2490 2491//2491
f 2028//2028 2491//2491 2487//2487
f 1760//1760 1763//1763 2285//2285
f 2285//2285 1763//1763 2032//2032
f 2285//2285 2032//2032 2034//2034
f 2446//2446 2189//2189 2447//2447
f 2447//2447 2189//2189 2280//2280
f 2281//2281 2449//2449 2280//2280
f 2280//2280 2449//2449 2448//2448
f 2280//2280 2448//2448 2447//2447
f 2445//2445 2452//2452 2282//2282
f 2282//2282 2452//2452 2451//2451
f 2282//2282 2451//2451 2281//2281
f 2281//2281 2451//2451 2450//2450
f 2281//2281 2450//2450 2449//2449
f 2445//2445 2282//2282 2444//2444
f 2444//2444 2282//2282 2283//2283
f 2444//2444 2283//2283 1688//1688
f 2483//2483 2164//2164 2482//2482
f 2482//2482 2164//2164 2184//2184
f 2185//2185 2480//2480 2184//2184
f 2184//2184 2480//2480 2481//2481
f 2184//2184 2481//2481 2482//2482
f 2476//2476 2477//2477 2186//2186
f 2186//2186 2477//2477 2478//2478
f 2186//2186 2478//2478 2185//2185
f 2185//2185 2478//2478 2479//2479
f 2185//2185 2479//2479 2480//2480
f 2476//2476 2186//2186 2475//2475
f 2475//2475 2186//2186 2187//2187
f 2475//2475 2187//2187 2454//2454
f 1763//1763 1762//1762 2489//2489
f 2489//2489 1762//1762 2132//2132
f 2489//2489 2132//2132 2490//2490
f 2490//2490 2132//2132 2491//2491
f 2491//2491 2132//2132 2131//2131
f 2491//2491 2131//2131 2487//2487
f 2487//2487 2131//2131 2147//2147
f 2487//2487 2147//2147 2488//2488
f 2150//2150 2484//2484 2151//2151
f 2151//2151 2484//2484 2485//2485
f 2488//2488 2147//2147 2486//2486
f 2486//2486 2147//2147 2158//2158
f 2486//2486 2158//2158 2485//2485
f 2485//2485 2158//2158 2157//2157
f 2485//2485 2157//2157 2151//2151
f 2405//2405 2098//2098 1587//1587
f 1587//1587 2098//2098 2097//2097
f 1587//1587 2097//2097 1586//1586
f 1588//1588 2291//2291 1587//1587
f 1587//1587 2291//2291 2406//2406
f 1587//1587 2406//2406 2405//2405
f 2090//2090 1565//1565 2091//2091
f 2091//2091 1565//1565 1564//1564
f 1563//1563 2107//2107 1564//1564
f 1564//1564 2107//2107 2105//2105
f 1564//1564 2105//2105 2091//2091
f 1585//1585 2110//2110 1563//1563
f 1563//1563 2110//2110 2108//2108
f 1563//1563 2108//2108 2107//2107
f 2097//2097 2115//2115 1586//1586
f 1586//1586 2115//2115 2114//2114
f 1586//1586 2114//2114 1585//1585
f 1585//1585 2114//2114 2112//2112
f 1585//1585 2112//2112 2110//2110
f 1894//1894 1893//1893 1597//1597
f 2299//2299 1601//1601 2442//2442
f 2442//2442 1601//1601 1599//1599
f 2442//2442 1599//1599 2443//2443
f 1893//1893 1898//1898 1597//1597
f 1597//1597 1898//1898 2432//2432
f 1597//1597 2432//2432 1599//1599
f 1599//1599 2432//2432 2441//2441
f 1599//1599 2441//2441 2443//2443
f 1849//1849 1852//1852 1596//1596
f 1596//1596 1852//1852 1597//1597
f 1597//1597 1852//1852 1896//1896
f 1597//1597 1896//1896 1894//1894
f 2379//2379 1874//1874 1596//1596
f 1596//1596 1874//1874 1850//1850
f 1596//1596 1850//1850 1849//1849
f 1598//1598 1600//1600 2308//2308
f 2308//2308 2381//2381 1598//1598
f 1598//1598 2381//2381 2380//2380
f 1598//1598 2380//2380 1596//1596
f 1596//1596 2380//2380 2378//2378
f 1596//1596 2378//2378 2379//2379
f 2333//2333 1582//1582 2347//2347
f 2347//2347 1582//1582 1581//1581
f 2347//2347 1581//1581 2348//2348
f 2348//2348 1581//1581 2349//2349
f 2349//2349 1581//1581 2346//2346
f 2346//2346 1581//1581 1583//1583
f 2346//2346 1583//1583 1821//1821
f 1941//1941 1943//1943 1584//1584
f 1584//1584 1943//1943 1797//1797
f 1584//1584 1797//1797 1583//1583
f 1583//1583 1797//1797 1796//1796
f 1583//1583 1796//1796 1821//1821
f 2400//2400 1939//1939 1584//1584
f 1584//1584 1939//1939 1938//1938
f 1584//1584 1938//1938 1941//1941
f 1572//1572 1571//1571 2342//2342
f 2342//2342 2399//2399 1572//1572
f 1572//1572 2399//2399 2398//2398
f 1572//1572 2398//2398 1584//1584
f 1584//1584 2398//2398 2401//2401
f 1584//1584 2401//2401 2400//2400
f 1846//1846 1847//1847 1591//1591
f 2316//2316 1594//1594 2377//2377
f 2377//2377 1594//1594 1595//1595
f 2377//2377 1595//1595 2374//2374
f 1847//1847 1844//1844 1591//1591
f 1591//1591 1844//1844 2376//2376
f 1591//1591 2376//2376 1595//1595
f 1595//1595 2376//2376 2375//2375
f 1595//1595 2375//2375 2374//2374
f 1800//1800 1803//1803 1590//1590
f 1590//1590 1803//1803 1591//1591
f 1591//1591 1803//1803 1845//1845
f 1591//1591 1845//1845 1846//1846
f 2351//2351 1839//1839 1590//1590
f 1590//1590 1839//1839 1801//1801
f 1590//1590 1801//1801 1800//1800
f 1589//1589 1593//1593 2325//2325
f 2325//2325 2353//2353 1589//1589
f 1589//1589 2353//2353 2352//2352
f 1589//1589 2352//2352 1590//1590
f 1590//1590 2352//2352 2350//2350
f 1590//1590 2350//2350 2351//2351
f 1688//1688 2283//2283 1689//1689
f 1689//1689 2283//2283 1924//1924
f 1689//1689 1924//1924 1925//1925
f 1931//1931 1913//1913 1689//1689
f 1689//1689 1913//1913 1912//1912
f 1689//1689 1912//1912 1776//1776
f 1925//1925 1926//1926 1689//1689
f 1689//1689 1926//1926 1927//1927
f 1689//1689 1927//1927 1931//1931
f 1776//1776 1912//1912 1777//1777
f 1777//1777 1912//1912 2393//2393
f 1777//1777 2393//2393 1785//1785
f 2164//2164 2483//2483 2150//2150
f 2150//2150 2483//2483 2484//2484
f 2260//2260 2456//2456 2261//2261
f 2261//2261 2456//2456 2455//2455
f 2261//2261 2455//2455 2187//2187
f 2187//2187 2455//2455 2453//2453
f 2187//2187 2453//2453 2454//2454
f 2250//2250 2468//2468 2251//2251
f 2251//2251 2468//2468 2467//2467
f 2251//2251 2467//2467 2252//2252
f 2467//2467 2466//2466 2252//2252
f 2252//2252 2466//2466 2465//2465
f 2252//2252 2465//2465 2253//2253
f 2253//2253 2465//2465 2464//2464
f 2253//2253 2464//2464 2254//2254
f 2254//2254 2464//2464 2463//2463
f 2254//2254 2463//2463 2255//2255
f 2255//2255 2463//2463 2462//2462
f 2255//2255 2462//2462 2256//2256
f 2256//2256 2462//2462 2458//2458
f 2256//2256 2458//2458 2257//2257
f 2257//2257 2458//2458 2459//2459
f 2257//2257 2459//2459 2258//2258
f 2258//2258 2459//2459 2460//2460
f 2258//2258 2460//2460 2259//2259
f 2259//2259 2460//2460 2461//2461
f 2259//2259 2461//2461 2260//2260
f 2260//2260 2461//2461 2457//2457
f 2260//2260 2457//2457 2456//2456
f 2189//2189 2446//2446 2190//2190
f 2190//2190 2446//2446 2472//2472
f 2190//2190 2472//2472 2246//2246
f 2246//2246 2472//2472 2473//2473
f 2246//2246 2473//2473 2247//2247
f 2247//2247 2473//2473 2474//2474
f 2247//2247 2474//2474 2248//2248
f 2248//2248 2474//2474 2471//2471
f 2248//2248 2471//2471 2249//2249
f 2249//2249 2471//2471 2470//2470
f 2249//2249 2470//2470 2250//2250
f 2250//2250 2470//2470 2469//2469
f 2250//2250 2469//2469 2468//2468
f 2136//2136 2135//2135 1842//1842
f 1842//1842 2200//2200 2198//2198
f 1897//1897 1896//1896 2126//2126
f 2126//2126 1896//1896 1852//1852
f 2126//2126 1852//1852 2141//2141
f 2141//2141 1852//1852 1851//1851
f 2141//2141 1851//1851 2142//2142
f 2142//2142 1851//1851 1857//1857
f 2142//2142 1857//1857 2140//2140
f 2140//2140 1857//1857 1859//1859
f 2140//2140 1859//1859 2138//2138
f 2138//2138 1859//1859 1861//1861
f 2138//2138 1861//1861 2135//2135
f 2135//2135 1861//1861 1853//1853
f 2135//2135 1853//1853 1842//1842
f 2200//2200 1842//1842 2202//2202
f 2202//2202 1842//1842 1841//1841
f 2202//2202 1841//1841 2204//2204
f 1892//1892 1901//1901 2126//2126
f 2126//2126 1901//1901 1899//1899
f 2126//2126 1899//1899 1897//1897
f 1841//1841 1845//1845 2204//2204
f 2204//2204 1845//1845 1803//1803
f 2204//2204 1803//1803 2206//2206
f 2206//2206 1803//1803 1802//1802
f 2206//2206 1802//1802 2208//2208
f 2208//2208 1802//1802 1814//1814
f 2208//2208 1814//1814 2210//2210
f 2210//2210 1814//1814 1816//1816
f 2210//2210 1816//1816 2212//2212
f 2212//2212 1816//1816 1810//1810
f 2212//2212 1810//1810 2214//2214
f 2214//2214 1810//1810 1792//1792
f 2214//2214 1792//1792 2216//2216
f 2216//2216 1792//1792 1791//1791
f 2216//2216 1791//1791 2218//2218
f 2218//2218 1791//1791 1807//1807
f 2218//2218 1807//1807 2220//2220
f 2220//2220 1807//1807 1795//1795
f 2220//2220 1795//1795 2222//2222
f 2222//2222 1795//1795 1794//1794
f 2222//2222 1794//1794 2224//2224
f 2224//2224 1794//1794 1805//1805
f 2224//2224 1805//1805 2226//2226
f 2166//2166 2165//2165 1842//1842
f 1842//1842 2165//2165 2159//2159
f 1842//1842 2159//2159 2136//2136
f 2198//2198 2196//2196 1842//1842
f 1842//1842 2196//2196 2176//2176
f 1842//1842 2176//2176 2175//2175
f 1805//1805 1798//1798 2226//2226
f 2226//2226 1798//1798 1797//1797
f 2226//2226 1797//1797 2228//2228
f 2228//2228 1797//1797 1943//1943
f 2228//2228 1943//1943 2230//2230
f 2230//2230 1943//1943 1942//1942
f 2230//2230 1942//1942 2262//2262
f 2262//2262 1942//1942 1944//1944
f 2262//2262 1944//1944 2263//2263
f 2263//2263 1944//1944 2265//2265
f 2175//2175 2169//2169 1842//1842
f 1842//1842 2169//2169 2168//2168
f 1842//1842 2168//2168 2166//2166
f 1909//1909 2269//2269 1945//1945
f 1945//1945 2269//2269 2268//2268
f 1945//1945 2268//2268 1944//1944
f 1944//1944 2268//2268 2266//2266
f 1944//1944 2266//2266 2265//2265
f 2312//2312 2392//2392 1629//1629
f 1629//1629 2392//2392 1631//1631
f 2389//2389 1633//1633 2390//2390
f 2390//2390 1633//1633 1631//1631
f 2390//2390 1631//1631 2391//2391
f 2391//2391 1631//1631 2392//2392
f 2386//2386 1635//1635 2387//2387
f 2387//2387 1635//1635 1633//1633
f 2387//2387 1633//1633 2388//2388
f 2388//2388 1633//1633 2389//2389
f 2386//2386 2385//2385 1635//1635
f 1635//1635 2385//2385 2384//2384
f 1635//1635 2384//2384 1637//1637
f 2310//2310 1638//1638 2382//2382
f 2382//2382 1638//1638 1637//1637
f 2382//2382 1637//1637 2383//2383
f 2383//2383 1637//1637 2384//2384
f 2365//2365 2364//2364 1616//1616
f 1624//1624 2329//2329 2373//2373
f 1624//1624 2373//2373 1622//1622
f 1622//1622 2373//2373 2372//2372
f 1622//1622 2372//2372 2371//2371
f 2371//2371 2370//2370 1622//1622
f 1622//1622 2370//2370 2369//2369
f 1622//1622 2369//2369 1620//1620
f 2369//2369 2368//2368 1620//1620
f 1620//1620 2368//2368 2355//2355
f 1620//1620 2355//2355 1618//1618
f 2355//2355 2356//2356 1618//1618
f 1618//1618 2356//2356 2367//2367
f 1618//1618 2367//2367 1616//1616
f 1616//1616 2367//2367 2366//2366
f 1616//1616 2366//2366 2365//2365
f 2364//2364 2363//2363 1616//1616
f 1616//1616 2363//2363 2354//2354
f 1616//1616 2354//2354 1614//1614
f 2354//2354 2359//2359 1614//1614
f 1614//1614 2359//2359 2362//2362
f 1614//1614 2362//2362 1612//1612
f 1612//1612 2362//2362 2361//2361
f 1612//1612 2361//2361 2360//2360
f 2327//2327 1610//1610 2357//2357
f 2357//2357 1610//1610 1612//1612
f 2357//2357 1612//1612 2358//2358
f 2358//2358 1612//1612 2360//2360
f 1772//1772 1712//1712 1723//1723
f 1685//1685 1684//1684 2001//2001
f 2001//2001 1684//1684 1772//1772
f 2001//2001 1772//1772 2002//2002
f 2002//2002 1772//1772 1723//1723
f 2396//2396 1575//1575 1779//1779
f 1779//1779 1575//1575 1576//1576
f 1779//1779 1576//1576 1774//1774
f 1709//1709 2492//2492 2104//2104
f 2104//2104 2492//2492 2125//2125
f 2100//2100 2492//2492 2089//2089
f 2089//2089 2492//2492 2090//2090
f 2100//2100 2103//2103 2492//2492
f 2492//2492 2103//2103 2102//2102
f 2492//2492 2102//2102 2125//2125
f 2090//2090 2492//2492 1565//1565
f 1565//1565 2492//2492 1709//1709
f 1565//1565 1709//1709 1577//1577
f 2344//2344 1566//1566 2397//2397
f 2397//2397 1566//1566 1573//1573
f 2397//2397 1573//1573 2402//2402
f 2396//2396 2395//2395 1575//1575
f 1575//1575 2395//2395 2394//2394
f 1575//1575 2394//2394 1573//1573
f 1573//1573 2394//2394 2403//2403
f 1573//1573 2403//2403 2402//2402
f 1709//1709 1711//1711 1577//1577
f 1577//1577 1711//1711 1712//1712
f 1577//1577 1712//1712 1576//1576
f 1576//1576 1712//1712 1772//1772
f 1576//1576 1772//1772 1774//1774
f 1677//1677 1520//1520 1540//1540
f 1650//1650 1648//1648 1677//1677
f 1677//1677 1540//1540 1650//1650
f 1650//1650 1540//1540 1539//1539
f 1650//1650 1539//1539 1652//1652
f 1652//1652 1539//1539 1530//1530
f 1652//1652 1530//1530 1603//1603
f 1603//1603 1530//1530 1529//1529
f 1603//1603 1529//1529 1605//1605
f 1605//1605 1529//1529 1528//1528
f 1605//1605 1528//1528 1636//1636
f 1636//1636 1528//1528 1526//1526
f 1636//1636 1526//1526 1634//1634
f 1634//1634 1526//1526 1542//1542
f 1634//1634 1542//1542 1632//1632
f 1632//1632 1542//1542 1538//1538
f 1632//1632 1538//1538 1630//1630
f 1630//1630 1538//1538 1536//1536
f 1630//1630 1536//1536 1607//1607
f 1607//1607 1536//1536 1535//1535
f 1607//1607 1535//1535 1609//1609
f 1609//1609 1535//1535 1551//1551
f 1609//1609 1551//1551 1611//1611
f 1611//1611 1551//1551 1556//1556
f 1611//1611 1556//1556 1613//1613
f 1613//1613 1556//1556 1555//1555
f 1613//1613 1555//1555 1615//1615
f 1615//1615 1555//1555 1554//1554
f 1615//1615 1554//1554 1617//1617
f 1617//1617 1554//1554 1553//1553
f 1617//1617 1553//1553 1619//1619
f 1619//1619 1553//1553 1552//1552
f 1619//1619 1552//1552 1621//1621
f 1621//1621 1552//1552 1537//1537
f 1621//1621 1537//1537 1623//1623
f 1623//1623 1537//1537 1541//1541
f 1623//1623 1541//1541 1625//1625
f 1625//1625 1541//1541 1527//1527
f 1625//1625 1527//1527 1569//1569
f 1569//1569 1527//1527 1519//1519
f 1569//1569 1519//1519 1568//1568
f 1568//1568 1519//1519 1521//1521
f 1568//1568 1521//1521 1574//1574
f 1574//1574 1521//1521 1517//1517
f 1574//1574 1517//1517 1518//1518
f 2284//2284 2431//2431 1671//1671
f 2284//2284 1671//1671 1770//1770
f 2435//2435 2434//2434 1647//1647
f 1647//1647 2434//2434 2433//2433
f 1647//1647 2433//2433 1671//1671
f 1671//1671 2433//2433 1768//1768
f 1671//1671 1768//1768 1770//1770
f 2439//2439 2438//2438 1649//1649
f 1649//1649 2438//2438 2437//2437
f 1649//1649 2437//2437 1647//1647
f 1647//1647 2437//2437 2436//2436
f 1647//1647 2436//2436 2435//2435
f 2439//2439 1649//1649 2440//2440
f 2440//2440 1649//1649 1651//1651
f 2440//2440 1651//1651 2295//2295
f 2428//2428 1669//1669 2429//2429
f 2429//2429 1669//1669 1671//1671
f 2429//2429 1671//1671 2430//2430
f 2430//2430 1671//1671 2431//2431
f 2428//2428 2427//2427 1669//1669
f 1669//1669 2427//2427 2426//2426
f 1669//1669 2426//2426 1667//1667
f 2426//2426 2423//2423 1667//1667
f 1667//1667 2423//2423 2424//2424
f 1667//1667 2424//2424 1665//1665
f 2424//2424 2425//2425 1665//1665
f 1665//1665 2425//2425 2419//2419
f 1665//1665 2419//2419 1663//1663
f 1663//1663 2419//2419 2420//2420
f 1663//1663 2420//2420 2421//2421
f 2417//2417 1661//1661 2418//2418
f 2418//2418 1661//1661 1663//1663
f 2418//2418 1663//1663 2422//2422
f 2422//2422 1663//1663 2421//2421
f 2417//2417 2416//2416 1661//1661
f 1661//1661 2416//2416 2415//2415
f 1661//1661 2415//2415 1659//1659
f 2415//2415 2414//2414 1659//1659
f 1659//1659 2414//2414 2413//2413
f 1659//1659 2413//2413 1657//1657
f 1657//1657 2413//2413 2404//2404
f 1657//1657 2404//2404 1646//1646
f 1646//1646 2404//2404 2410//2410
f 2410//2410 2412//2412 1646//1646
f 1646//1646 2412//2412 2411//2411
f 1646//1646 2411//2411 1644//1644
f 1644//1644 2411//2411 2409//2409
f 2293//2293 1642//1642 2407//2407
f 2407//2407 1642//1642 1644//1644
f 2407//2407 1644//1644 2408//2408
f 2408//2408 1644//1644 2409//2409

