# https://github.com/mikedh/trimesh

o left_shoulder_roll_link.STL
v -0.02232070 -0.05150229 0.01477695
v -0.02231923 -0.05162587 0.01477717
v -0.02280030 -0.05151782 0.01379379
v -0.02352624 -0.05162587 0.01202833
v -0.02366473 -0.05154682 0.01164354
v -0.02386736 -0.05162587 0.01104840
v -0.02468315 -0.05155592 0.00819677
v -0.02492593 -0.05162587 0.00715971
v -0.02492146 -0.05155406 0.00717796
v -0.02554250 -0.05154097 0.00372154
v -0.02558577 -0.05162587 0.00339898
v -0.02565532 -0.05153701 0.00282048
v -0.02563818 -0.05162587 0.00297260
v -0.02583671 -0.05152849 0.00047650
v -0.02584841 -0.05162587 0.00008948
v -0.02585407 -0.05152676 -0.00054162
v -0.02583425 -0.05162587 -0.00132858
v -0.02583420 -0.05152694 -0.00132853
v -0.02279955 -0.05162587 -0.01378865
v -0.02280021 -0.05151765 -0.01378840
v -0.02381827 -0.05162587 -0.01120669
v -0.02395810 -0.05154966 -0.01078563
v -0.02471714 -0.05162587 -0.00816721
v -0.02483617 -0.05154981 -0.00768545
v -0.02543895 -0.05162587 -0.00477704
v -0.02547932 -0.05153783 -0.00452882
v -0.02551106 -0.05162587 -0.00433501
v 0.03893689 -0.05162587 0.00017550
v 0.03893463 -0.05162587 0.00049257
v 0.03893548 -0.05038143 0.00049300
v 0.03893786 -0.05162587 -0.00049539
v 0.03860357 -0.02662530 0.00050682
v 0.03860367 -0.02662512 -0.00050143
v 0.03887115 -0.03605278 0.00048606
v 0.03886445 -0.03601669 -0.00049816
v 0.03890792 -0.03912351 0.00048871
v 0.03889971 -0.03845927 -0.00049729
v 0.03892507 -0.04160248 0.00049161
v 0.03892642 -0.04156000 -0.00049623
v 0.03892643 -0.04189180 0.00049184
v 0.03892822 -0.04193579 -0.00049611
v 0.03893657 -0.04738456 0.00049277
v 0.03893599 -0.04478772 -0.00049538
v 0.03893904 -0.05040199 -0.00049505
v 0.03723283 -0.06962586 -0.00048437
v 0.03870127 -0.06762587 -0.00049348
v 0.03723253 -0.06962579 -0.00049538
v -0.01587148 -0.02870782 0.03214442
v -0.01637621 -0.02945023 0.03258482
v -0.01861678 -0.02663954 0.03220364
v -0.02028862 -0.02648114 0.03248069
v -0.01896881 -0.02639004 0.03222460
v -0.01972132 -0.02583252 0.03227036
v -0.02816720 -0.01705184 0.03244385
v -0.02883896 -0.01587563 0.03244366
v -0.02847056 -0.01567408 0.03244362
v -0.02744931 -0.01740073 0.03244288
v -0.02632350 -0.01906105 0.03243788
v -0.02502921 -0.02155383 0.03244382
v -0.02509740 -0.02064874 0.03242641
v -0.02454344 -0.02130424 0.03241867
v -0.02340844 -0.02343946 0.03244913
v -0.02257650 -0.02337845 0.03237856
v -0.02006018 -0.02557029 0.03228859
v 0.01625524 0.02814279 0.03346967
v 0.01666301 0.02791757 0.03347399
v 0.01665758 0.02790652 0.03349909
v 0.01589964 0.02834521 0.03344410
v 0.01577691 0.02841369 0.03343540
v 0.01670852 0.02807833 0.03304047
v 0.01341148 0.02960376 0.03329476
v 0.01253430 0.03006239 0.03304343
v 0.01253534 0.02998523 0.03326230
v 0.02700960 0.01894126 0.03366910
v 0.02386236 0.02230198 0.03382360
v 0.02395312 0.02236519 0.03367557
v 0.02115704 0.02467040 0.03382946
v 0.02045954 0.02534128 0.03368134
v 0.02040704 0.02529431 0.03378116
v 0.01879648 0.02651305 0.03366175
v 0.03469135 0.00239376 0.03366758
v 0.03458221 0.00239051 0.03381126
v 0.03325115 0.00677125 0.03382168
v 0.03494596 0.00248275 0.03304917
v 0.03480136 0.00241030 0.03346665
v 0.03347078 0.00681586 0.03346715
v 0.03360905 0.00690875 0.03303915
v 0.03178665 0.01109968 0.03347052
v 0.03191455 0.01120986 0.03304319
v 0.02967814 0.01519249 0.03346687
v 0.02978743 0.01531390 0.03304266
v 0.02847127 0.01738010 0.03304133
v 0.02709890 0.01900459 0.03346415
v 0.02719117 0.01913680 0.03304086
v 0.03336132 0.00678633 0.03367367
v 0.03157296 0.01103068 0.03382498
v 0.03168090 0.01105771 0.03367694
v 0.02947923 0.01510177 0.03381978
v 0.02958088 0.01514001 0.03367221
v 0.02878310 0.01623777 0.03381800
v 0.02691408 0.01889128 0.03381646
v 0.02053483 0.02542807 0.03347332
v 0.02403649 0.02244107 0.03346919
v 0.02533311 0.02133236 0.03304144
v 0.02411605 0.02258683 0.03304189
v 0.02059905 0.02558399 0.03304183
v 0.00629885 0.03188382 0.03304360
v 0.00944385 0.03113569 0.03304352
v 0.00809945 0.03147457 0.03311791
v 0.00879885 0.03128625 0.03314349
v 0.01133374 0.03045974 0.03322714
v -0.01588975 -0.02835076 0.03275393
v -0.01588334 -0.02837892 0.03271092
v -0.01613935 -0.02820944 0.03271687
v -0.01678558 0.02782975 0.03244374
v -0.01598118 0.02912162 0.03244374
v -0.01503848 0.02881134 0.03244375
v -0.03022336 -0.01194983 0.03244367
v -0.02880848 -0.01504399 0.03244364
v -0.02879498 -0.01506983 0.03244364
v -0.03014299 -0.01321181 0.03244367
v -0.03044808 -0.01248833 0.03244367
v -0.03045637 -0.01134284 0.03244367
v -0.03196315 -0.00782519 0.03244368
v -0.03147528 -0.00809671 0.03244368
v -0.03250380 -0.00514947 0.03244368
v -0.03283550 -0.00227686 0.03244369
v -0.03242758 -0.00216844 0.03244369
v -0.03223228 -0.00416287 0.03244368
v -0.03191446 -0.00614147 0.03244368
v -0.03149414 -0.00802304 0.03244368
v -0.03247251 0.00133632 0.03244369
v -0.03283402 0.00246457 0.03244369
v -0.03241591 0.00233633 0.03244369
v -0.03279255 0.00297503 0.03244369
v -0.03221029 0.00432972 0.03244370
v -0.03248924 0.00083582 0.03244369
v -0.03249957 -0.00016575 0.03244369
v -0.03249545 -0.00054373 0.03244369
v -0.03188221 0.00630666 0.03244370
v -0.03192227 0.00814481 0.03244370
v -0.03174491 0.00696490 0.03244370
v -0.03027211 0.01310934 0.03244371
v -0.03017797 0.01206402 0.03244371
v -0.03141971 0.00995133 0.03244371
v -0.03086412 0.01018117 0.03244371
v -0.03143291 0.00825960 0.03244371
v -0.02796762 0.01655481 0.03244372
v -0.02846448 0.01568509 0.03244372
v -0.02836071 0.01693059 0.03244372
v -0.02928302 0.01409803 0.03244371
v -0.02937707 0.01390098 0.03244371
v -0.02689417 0.01824702 0.03244372
v -0.02779056 0.01786567 0.03244372
v -0.02571845 0.01986984 0.03244372
v -0.02446194 0.02225924 0.03244373
v -0.02524245 0.02047116 0.03244372
v -0.01984106 0.02574066 0.03244374
v -0.02008793 0.02554847 0.03244374
v -0.02046773 0.02606119 0.03244374
v -0.02162433 0.02426187 0.03244373
v -0.02377005 0.02300967 0.03244373
v -0.02307852 0.02288301 0.03244373
v -0.02444495 0.02141715 0.03244373
v -0.01794182 0.02791757 0.03244374
v -0.01960296 0.02592246 0.03244374
v -0.01114081 0.03135483 0.03244375
v -0.01337004 0.02962247 0.03244375
v -0.01449292 0.02908961 0.03244375
v -0.00557016 0.03201909 0.03244376
v -0.00617823 0.03190736 0.03244376
v -0.00504181 0.03296803 0.03244376
v -0.00753294 0.03161494 0.03244376
v -0.01056530 0.03156007 0.03244375
v -0.01079674 0.03065420 0.03244375
v -0.01137243 0.03044532 0.03244375
v -0.00358619 0.03230153 0.03244377
v -0.00373931 0.03316019 0.03244377
v -0.00158858 0.03246115 0.03244377
v 0.00041547 0.03342659 0.03244377
v 0.00041506 0.03249736 0.03244377
v 0.00681788 0.03280280 0.03244377
v 0.01290987 0.03098921 0.03244377
v 0.01253407 0.03006265 0.03244377
v 0.00629136 0.03188525 0.03244377
v 0.00134664 0.03247209 0.03244377
v -0.01712255 -0.02762370 0.03255156
v -0.01176545 -0.03029563 0.03344433
v -0.01013567 -0.03150247 0.03324759
v -0.01237005 -0.03005381 0.03333499
v -0.01037289 -0.03201650 0.03257994
v -0.00482071 -0.03420531 0.03355213
v -0.00414828 -0.03466104 0.03351808
v -0.00464988 -0.03543042 0.03281940
v -0.00990544 -0.03095373 0.03374396
v -0.00484495 -0.03573116 0.03248338
v 0.03339221 -0.01439317 0.03392858
v 0.03193853 -0.01200627 0.03506548
v 0.03442767 -0.00970470 0.03400833
v 0.03687065 -0.03847887 0.01326629
v 0.03761913 -0.03576137 0.01090498
v 0.03829808 -0.04009138 0.00684412
v 0.02445532 -0.05020798 0.02836959
v 0.02739809 -0.05462976 0.02634821
v 0.02489263 -0.05712106 0.02790019
v 0.01860596 -0.04116451 0.03186424
v 0.02153815 -0.04573815 0.03018704
v 0.01845671 -0.04807702 0.03099038
v 0.02624333 -0.03877838 0.02939280
v 0.02509834 -0.03662560 0.03069423
v 0.02811463 -0.03428476 0.02982737
v 0.02744836 -0.01740225 0.03589358
v 0.02861224 -0.01541399 0.03587054
v 0.03074029 -0.01664879 0.03481376
v 0.02190427 0.02400945 0.03385968
v 0.03328615 0.00456969 0.03426385
v 0.03611200 -0.00616496 0.03320810
v 0.03542004 -0.00497474 0.03374945
v 0.03568554 -0.00300260 0.03358629
v 0.03666661 -0.01264064 0.03175501
v 0.03676225 -0.01400038 0.03129942
v 0.03657542 -0.01426773 0.03143507
v 0.03677575 -0.01419609 0.03122738
v 0.03781990 -0.02541374 0.01931339
v 0.03791095 -0.02569835 0.01802926
v 0.03707041 -0.02814325 0.02016938
v 0.03880337 -0.03460317 0.00177615
v 0.03864429 -0.03735832 0.00431866
v 0.03891469 -0.05171617 0.00183206
v 0.03892899 -0.05338052 0.00138527
v 0.03881323 -0.05445925 0.00468157
v 0.03892066 -0.05172688 0.00156948
v 0.03892010 -0.05162587 0.00158123
v 0.03790517 -0.02916574 0.01326094
v 0.03794222 -0.02578377 0.01757041
v 0.03817882 -0.02627363 0.01375425
v 0.03757880 -0.02435054 0.02243420
v 0.03764407 -0.02468788 0.02162204
v 0.03700452 -0.02637028 0.02257860
v 0.03781813 -0.02540763 0.01933768
v 0.03662600 -0.02274441 0.02715666
v 0.03719010 -0.02103182 0.02714214
v 0.03732809 -0.02257880 0.02543250
v 0.03687533 -0.02458282 0.02492718
v 0.03733872 -0.02267503 0.02530538
v 0.03740156 -0.02319541 0.02456135
v 0.03757504 -0.02432986 0.02248034
v 0.03714944 -0.02042853 0.02767884
v 0.03620018 -0.02082436 0.02921000
v 0.03714888 -0.02041950 0.02768643
v 0.03554606 -0.01880260 0.03103592
v 0.03698009 -0.01723280 0.02982784
v 0.03702501 -0.01795097 0.02940745
v 0.03704373 -0.01830619 0.02919040
v 0.03705902 -0.01865940 0.02897009
v 0.03705949 -0.01866912 0.02896382
v 0.03461678 -0.01666765 0.03259845
v 0.03687939 -0.01575302 0.03058646
v 0.03695045 -0.01679983 0.03006648
v 0.03654063 -0.01090827 0.03224595
v 0.03563149 -0.01204108 0.03282067
v 0.03631518 -0.00817116 0.03286253
v 0.03301173 -0.00728553 0.03502332
v 0.03101399 0.00971506 0.03453460
v 0.03121422 0.00905112 0.03457785
v 0.03198459 0.00576509 0.03482343
v 0.03034988 0.01162473 0.03442059
v 0.02982299 0.01291663 0.03435102
v 0.02831384 0.01595546 0.03420528
v 0.02685080 0.01831076 0.03410348
v 0.02649426 0.01882298 0.03408201
v 0.02604469 0.01944027 0.03405626
v 0.02385829 0.02206878 0.03394566
v 0.03400861 -0.00255682 0.03461582
v 0.03209524 -0.00511335 0.03557708
v 0.03233890 -0.00323211 0.03549265
v 0.03245187 -0.00176828 0.03541382
v 0.03248461 -0.00100025 0.03536670
v 0.03241016 0.00241495 0.03510995
v 0.03221263 0.00431241 0.03494683
v 0.03139170 -0.00841500 0.03570001
v 0.03083499 -0.01026910 0.03575653
v 0.03072174 -0.01060312 0.03576582
v 0.03033742 -0.01165726 0.03579352
v 0.02685040 -0.01831140 0.03589928
v 0.02772390 -0.01881992 0.03550575
v 0.02477757 -0.02103149 0.03589873
v 0.01929574 -0.02615198 0.03584578
v 0.02191976 -0.02399533 0.03587508
v 0.02279175 -0.02540847 0.03526098
v 0.02269523 -0.02326324 0.03588254
v 0.02617515 -0.02331432 0.03487092
v 0.02430481 -0.02157610 0.03589585
v 0.01671859 -0.02787005 0.03579907
v 0.01574530 -0.02950325 0.03544750
v 0.01643945 -0.02803563 0.03579258
v 0.01601223 -0.02828180 0.03578212
v 0.00866664 -0.03351640 0.03483340
v 0.00980271 -0.03098642 0.03557256
v 0.00984069 -0.03097438 0.03557410
v -0.00094374 -0.03248631 0.03492711
v 0.00240321 -0.03241103 0.03519551
v 0.00188453 -0.03746634 0.03356382
v 0.00243224 -0.03240888 0.03519746
v 0.00521898 -0.03550737 0.03428337
v 0.00574967 -0.03198739 0.03538993
v 0.00649597 -0.03184422 0.03542681
v -0.00464106 -0.03411632 0.03363409
v -0.00163645 -0.03245880 0.03485883
v -0.00047745 -0.03733850 0.03329364
v -0.00663355 -0.03181582 0.03422035
v -0.00510782 -0.03209611 0.03443865
v -0.00428467 -0.03221633 0.03454974
v 0.00378287 -0.04139023 0.03298229
v 0.00208569 -0.03956730 0.03310775
v 0.00077279 -0.03837122 0.03320338
v 0.00609931 -0.04517119 0.03275808
v 0.00515341 -0.04330551 0.03286211
v 0.00525269 -0.04269223 0.03292700
v 0.00682961 -0.04739201 0.03266154
v 0.00867433 -0.04777448 0.03261178
v 0.00710259 -0.04868675 0.03262016
v 0.00731166 -0.05011163 0.03258546
v 0.00757649 -0.05511713 0.03251858
v 0.00758222 -0.05482045 0.03251981
v 0.00910789 -0.05490782 0.03245880
v 0.00756437 -0.05395066 0.03252899
v 0.01220678 -0.05266542 0.03216058
v 0.02167298 -0.05264052 0.02957418
v 0.02234032 -0.05862180 0.02918426
v 0.01878034 -0.05503197 0.03059120
v 0.01899434 -0.05862387 0.03049813
v 0.01582505 -0.05739473 0.03141608
v 0.01540062 -0.05862646 0.03151516
v 0.01424372 -0.05862579 0.03176382
v 0.03226066 -0.05644620 0.02198515
v 0.03255078 -0.05861792 0.02168398
v 0.03129233 -0.05773351 0.02304494
v 0.03037437 -0.05862062 0.02393657
v 0.02796151 -0.05862213 0.02591966
v 0.02527620 -0.05862223 0.02767484
v 0.03553999 -0.05861080 0.01733293
v 0.03489381 -0.05861262 0.01845980
v 0.03315035 -0.05514133 0.02087148
v 0.03416478 -0.05861503 0.01958640
v 0.03673767 -0.05860883 0.01478361
v 0.03592388 -0.05814727 0.01659149
v 0.03651205 -0.05683029 0.01528899
v 0.03776386 -0.05278987 0.01121255
v 0.03838754 -0.05861347 0.00886743
v 0.03701104 -0.05549619 0.01395161
v 0.03774332 -0.05860976 0.01180289
v 0.03687502 -0.05860877 0.01443709
v 0.03894199 -0.05862648 0.00103357
v 0.03878871 -0.05861839 0.00550974
v 0.03857423 -0.05716703 0.00754714
v 0.01929401 -0.02747115 0.03546007
v 0.02249279 -0.03217774 0.03318351
v 0.02441548 -0.02774780 0.03405181
v 0.00859228 -0.04061938 0.03322382
v 0.01203347 -0.03852581 0.03340997
v 0.02705435 -0.03217440 0.03131359
v 0.02385913 -0.03443014 0.03196086
v 0.02583164 -0.03000044 0.03272891
v 0.02905378 -0.03635139 0.02829052
v 0.02991774 -0.03839641 0.02672143
v 0.02865597 -0.03965763 0.02741511
v 0.03075159 -0.04044165 0.02513597
v 0.02451703 -0.04335222 0.02921988
v 0.02594836 -0.04213681 0.02866674
v 0.02829929 -0.04643980 0.02618566
v 0.02946569 -0.04514569 0.02535375
v 0.03168736 -0.04944623 0.02258154
v 0.03339642 -0.04674124 0.02038703
v 0.01903876 -0.03431540 0.03343266
v 0.02190558 -0.03891610 0.03136894
v 0.02323008 -0.04114935 0.03030640
v 0.02967831 -0.05207697 0.02457608
v 0.02707124 -0.04771448 0.02696571
v 0.03395841 -0.05381774 0.01970561
v 0.03468349 -0.05247583 0.01849161
v 0.03532601 -0.05111806 0.01723678
v 0.01193905 -0.04559097 0.03247301
v 0.01526470 -0.04338593 0.03222099
v 0.01553289 -0.03642638 0.03349258
v 0.01218889 -0.03151490 0.03522889
v 0.01297734 -0.02979665 0.03569135
v 0.01533080 -0.05038444 0.03165102
v 0.01162895 -0.05862393 0.03219067
v 0.00759810 -0.05862239 0.03249846
v 0.03420940 -0.03328036 0.02361721
v 0.03222482 -0.03584697 0.02522459
v 0.03380378 -0.03139379 0.02564729
v 0.03159488 -0.03388404 0.02703036
v 0.03330862 -0.02949264 0.02762843
v 0.03087836 -0.03190367 0.02879600
v 0.03266550 -0.02754559 0.02952196
v 0.03002140 -0.02987873 0.03049314
v 0.03181952 -0.02552419 0.03128888
v 0.02897487 -0.02778428 0.03209168
v 0.03623462 -0.03444790 0.01747446
v 0.03497303 -0.03713000 0.01955177
v 0.03282100 -0.03781912 0.02340445
v 0.03721706 -0.03179233 0.01538378
v 0.03583446 -0.03071060 0.02192989
v 0.03562160 -0.02888896 0.02416391
v 0.03532663 -0.02705350 0.02634121
v 0.03489036 -0.02516978 0.02841268
v 0.03425556 -0.02320760 0.03033050
v 0.03337133 -0.02114462 0.03205151
v 0.03849824 -0.03039881 0.00619062
v 0.03860864 -0.02768882 0.00377307
v 0.03840294 -0.02652740 0.00936170
v 0.03831823 -0.02653112 0.01106802
v 0.03637759 -0.04837142 0.01464760
v 0.03480259 -0.04399112 0.01805397
v 0.03717499 -0.04560562 0.01201755
v 0.03594278 -0.04122836 0.01565988
v 0.03779889 -0.04284105 0.00940619
v 0.03826229 -0.05005147 0.00844579
v 0.03860227 -0.04729548 0.00569951
v 0.03883759 -0.04452978 0.00299396
v 0.02733049 -0.04090512 0.02806485
v 0.03056527 -0.04383341 0.02447249
v 0.03159395 -0.04250612 0.02354686
v 0.03342959 -0.03982376 0.02159224
v 0.02934816 -0.02117445 0.03429759
v 0.02769998 -0.02560057 0.03356075
v 0.03072440 -0.02340593 0.03289167
v 0.03219617 -0.01896526 0.03354263
v 0.03006304 -0.01234766 0.03581037
v -0.02502911 -0.02155369 -0.03243843
v -0.02454359 -0.02130394 -0.03241329
v -0.02504787 -0.02070870 -0.03242040
v -0.02847061 -0.01567399 -0.03243823
v -0.02883886 -0.01587545 -0.03243827
v -0.02664039 -0.01861550 -0.03243437
v -0.02544116 -0.02022361 -0.03242497
v -0.02275147 -0.02320807 -0.03237767
v -0.02340836 -0.02343931 -0.03244374
v -0.02127664 -0.02456721 -0.03233401
v -0.02028851 -0.02648099 -0.03247530
v -0.01972127 -0.02583241 -0.03226499
v -0.02938251 -0.01388954 -0.03243827
v -0.03067357 -0.01074176 -0.03243828
v -0.03014291 -0.01321163 -0.03243827
v -0.00617838 0.03190763 -0.03243837
v -0.00490260 0.03212838 -0.03243837
v -0.00504170 0.03296820 -0.03243837
v -0.00340928 0.03232096 -0.03243837
v 0.00041558 0.03342677 -0.03243838
v -0.00150299 0.03246550 -0.03243838
v 0.00041516 0.03249760 -0.03243838
v -0.01056519 0.03156025 -0.03243836
v -0.00773156 0.03156726 -0.03243836
v -0.00713538 0.03170733 -0.03243837
v -0.01643482 0.02803866 -0.03243835
v -0.01467554 0.02899824 -0.03243835
v -0.01598111 0.02912177 -0.03243835
v -0.01337019 0.02962274 -0.03243836
v -0.01114071 0.03135500 -0.03243836
v -0.01156363 0.03037352 -0.03243836
v -0.01098927 0.03058604 -0.03243836
v -0.01696024 0.02772401 -0.03243835
v -0.01794173 0.02791775 -0.03243835
v -0.01976557 0.02579905 -0.03243835
v -0.02046766 0.02606134 -0.03243835
v -0.01984121 0.02574093 -0.03243835
v -0.02376995 0.02300982 -0.03243834
v -0.02279487 0.02316598 -0.03243834
v -0.02024819 0.02542202 -0.03243835
v -0.02547650 0.02017958 -0.03243833
v -0.02524260 0.02047143 -0.03243833
v -0.02446185 0.02225939 -0.03243833
v -0.02403371 0.02187804 -0.03243833
v -0.02322734 0.02273233 -0.03243834
v -0.02585222 0.01969595 -0.03243833
v -0.02779047 0.01786585 -0.03243833
v -0.02776958 0.01688541 -0.03243833
v -0.02963597 0.01334069 -0.03243832
v -0.02928315 0.01409830 -0.03243832
v -0.03027202 0.01310949 -0.03243832
v -0.02875744 0.01514185 -0.03243832
v -0.02836061 0.01693074 -0.03243833
v -0.03141961 0.00995151 -0.03243832
v -0.03105435 0.00958599 -0.03243832
v -0.02988209 0.01277990 -0.03243832
v -0.03279245 0.00297521 -0.03243830
v -0.03199910 0.00568507 -0.03243831
v -0.03192218 0.00814498 -0.03243831
v -0.03174506 0.00696517 -0.03243831
v -0.03122945 0.00899912 -0.03243831
v -0.03241803 -0.00230842 -0.03243829
v -0.03249559 -0.00054347 -0.03243830
v -0.03283539 -0.00227668 -0.03243829
v -0.03249869 -0.00030609 -0.03243830
v -0.03283392 0.00246475 -0.03243830
v -0.03245580 0.00169743 -0.03243830
v -0.03210053 0.00508110 -0.03243831
v -0.03250369 -0.00514932 -0.03243829
v -0.03196305 -0.00782501 -0.03243829
v -0.03188625 -0.00628673 -0.03243829
v -0.03149427 -0.00802277 -0.03243829
v -0.03236878 -0.00291886 -0.03243829
v -0.03044798 -0.01248818 -0.03243828
v -0.03087053 -0.01016187 -0.03243828
v -0.03143816 -0.00823994 -0.03243829
v -0.02879511 -0.01506956 -0.03243825
v -0.01013556 -0.03150233 -0.03324220
v -0.00414817 -0.03466089 -0.03351269
v -0.00482218 -0.03420525 -0.03354625
v -0.01046218 -0.03195708 -0.03257654
v -0.00907339 -0.03287645 -0.03255197
v -0.00465304 -0.03543578 -0.03280805
v -0.00484485 -0.03573098 -0.03247799
v -0.01588965 -0.02835064 -0.03274848
v -0.01588325 -0.02837878 -0.03270553
v -0.01527797 -0.02868487 -0.03283568
v -0.01361364 -0.02987059 -0.03265304
v -0.01237162 -0.03005295 -0.03332930
v -0.01234621 -0.03006341 -0.03333393
v -0.00990544 -0.03095349 -0.03373857
v 0.03168101 0.01105789 -0.03367155
v 0.03336141 0.00678651 -0.03366828
v 0.03347088 0.00681601 -0.03346175
v 0.02115576 0.02467165 -0.03382407
v 0.02045964 0.02534143 -0.03367594
v 0.01831548 0.02684776 -0.03361941
v 0.02395321 0.02236537 -0.03367018
v 0.01670862 0.02807851 -0.03303508
v 0.01253439 0.03006254 -0.03303804
v 0.01253544 0.02998541 -0.03325690
v 0.03325126 0.00677143 -0.03381629
v 0.03157306 0.01103086 -0.03381959
v 0.02947933 0.01510195 -0.03381439
v 0.02386246 0.02230216 -0.03381821
v 0.02514756 0.02097906 -0.03381453
v 0.02700970 0.01894141 -0.03366371
v 0.02967824 0.01519267 -0.03346148
v 0.02709900 0.01900477 -0.03345876
v 0.02403658 0.02244125 -0.03346379
v 0.02053493 0.02542824 -0.03346793
v 0.01666311 0.02791775 -0.03346860
v 0.01577791 0.02841333 -0.03343013
v 0.03494607 0.00248290 -0.03304378
v 0.03480146 0.00241045 -0.03346125
v 0.03469145 0.00239394 -0.03366219
v 0.03458231 0.00239066 -0.03380587
v 0.03360914 0.00690893 -0.03303376
v 0.03178675 0.01109986 -0.03346513
v 0.02958099 0.01514016 -0.03366682
v 0.02691418 0.01889146 -0.03381107
v 0.03191465 0.01121003 -0.03303780
v 0.02059915 0.02558414 -0.03303644
v 0.02411615 0.02258701 -0.03303650
v 0.02719126 0.01913697 -0.03303546
v 0.02847137 0.01738028 -0.03303593
v 0.02978752 0.01531408 -0.03303727
v -0.01613885 -0.02820953 -0.03271147
v 0.01929353 -0.02747019 -0.03545503
v 0.01574482 -0.02950226 -0.03544243
v 0.01903841 -0.03431453 -0.03342756
v 0.02167279 -0.05263994 -0.02956893
v 0.02489250 -0.05712057 -0.02789493
v 0.02739797 -0.05462927 -0.02634297
v 0.03075152 -0.04044108 -0.02513089
v 0.02991765 -0.03839581 -0.02671639
v 0.02865585 -0.03965702 -0.02741004
v 0.02905366 -0.03635075 -0.02828550
v 0.03506897 -0.03199481 -0.02277750
v 0.03420942 -0.03327980 -0.02361226
v 0.03497304 -0.03712948 -0.01954674
v 0.03616189 -0.02582189 -0.02564700
v 0.03687538 -0.02458220 -0.02492238
v 0.03662601 -0.02274372 -0.02715185
v 0.03854319 -0.02657758 -0.00547214
v 0.03860873 -0.02768837 -0.00376803
v 0.03855719 -0.02658271 -0.00491844
v 0.03804751 -0.02603196 -0.01595206
v 0.03791105 -0.02569821 -0.01802387
v 0.03790525 -0.02916523 -0.01325599
v 0.03698018 -0.01723262 -0.02982246
v 0.03695049 -0.01679884 -0.03006153
v 0.03554591 -0.01880183 -0.03103105
v 0.03676228 -0.01399924 -0.03129438
v 0.03657526 -0.01426687 -0.03143017
v 0.03677585 -0.01419594 -0.03122199
v 0.03328555 0.00457091 -0.03425869
v -0.00464156 -0.03411524 -0.03362896
v 0.01834760 -0.05862195 -0.03070373
v 0.01582482 -0.05739415 -0.03141078
v 0.01517248 -0.05862219 -0.03156064
v 0.01893415 -0.05862190 -0.03051248
v 0.02195581 -0.05862162 -0.02934709
v 0.01878013 -0.05503139 -0.03058592
v 0.03815022 -0.05861155 -0.01010021
v 0.03834661 -0.05861293 -0.00908554
v 0.03857432 -0.05716679 -0.00754182
v 0.03853023 -0.05861453 -0.00792755
v 0.03776392 -0.05278956 -0.01120729
v 0.03701109 -0.05549588 -0.01394635
v 0.03782792 -0.05860991 -0.01146935
v 0.03677323 -0.05860883 -0.01469009
v 0.03592391 -0.05814696 -0.01658622
v 0.03544599 -0.05860918 -0.01750194
v 0.03489404 -0.05861022 -0.01845449
v 0.03501372 -0.05599751 -0.01818631
v 0.03401952 -0.05861274 -0.01979030
v 0.03346796 -0.05793320 -0.02053718
v 0.03210473 -0.05861855 -0.02219101
v 0.03226062 -0.05644580 -0.02197991
v 0.03057483 -0.05861970 -0.02374994
v 0.01338726 -0.05862230 -0.03191781
v 0.01220649 -0.05266473 -0.03215525
v 0.01141293 -0.05862241 -0.03221356
v 0.00910759 -0.05490712 -0.03245344
v 0.00741560 -0.05111286 -0.03256113
v 0.00758232 -0.05482029 -0.03251442
v 0.00759821 -0.05862223 -0.03249307
v 0.00791120 -0.05862235 -0.03248668
v 0.00760880 -0.05597848 -0.03250669
v 0.00758190 -0.05489110 -0.03251522
v 0.00867399 -0.04777368 -0.03260643
v 0.00703830 -0.04833971 -0.03262480
v 0.00525230 -0.04269132 -0.03292166
v 0.00545223 -0.04382372 -0.03282600
v 0.00640899 -0.04597661 -0.03271371
v 0.00188409 -0.03746532 -0.03355859
v -0.00010537 -0.03764476 -0.03325973
v 0.00238445 -0.03986320 -0.03308091
v 0.00301121 -0.04051330 -0.03303557
v 0.00417898 -0.04188967 -0.03294476
v 0.00492388 -0.04294041 -0.03287880
v -0.00510749 -0.03209590 -0.03443332
v -0.00506897 -0.03210201 -0.03443865
v -0.00174102 -0.03245308 -0.03484273
v 0.00163027 -0.03245880 -0.03513614
v -0.00838660 -0.03139906 -0.03395617
v -0.00909020 -0.03120263 -0.03385371
v 0.00736390 -0.03165444 -0.03546225
v 0.00573478 -0.03198974 -0.03538384
v 0.00521853 -0.03550636 -0.03427820
v 0.00239441 -0.03241139 -0.03518957
v 0.00243208 -0.03240858 -0.03519210
v 0.01218843 -0.03151392 -0.03522380
v 0.01292450 -0.02981924 -0.03568422
v 0.01224534 -0.03010451 -0.03566048
v 0.00866618 -0.03351541 -0.03482827
v 0.00902315 -0.03122201 -0.03553503
v 0.00984045 -0.03097411 -0.03556876
v 0.02279128 -0.02540754 -0.03525596
v 0.02150390 -0.02436828 -0.03586562
v 0.01882418 -0.02649300 -0.03583365
v 0.01671841 -0.02786978 -0.03579376
v 0.01596150 -0.02831008 -0.03577552
v 0.02441054 -0.02145590 -0.03589126
v 0.02269507 -0.02326294 -0.03587725
v 0.02203720 -0.02388706 -0.03587094
v 0.02834394 -0.01590138 -0.03587221
v 0.02744820 -0.01740195 -0.03588830
v 0.03073985 -0.01664781 -0.03480877
v 0.02772340 -0.01881894 -0.03550074
v 0.03339185 -0.01439222 -0.03392361
v 0.03193806 -0.01200523 -0.03506047
v 0.02868058 -0.01528587 -0.03586330
v 0.03011757 -0.01221337 -0.03580191
v 0.03301126 -0.00728442 -0.03501828
v 0.03122634 -0.00900843 -0.03571386
v 0.03072158 -0.01060282 -0.03576054
v 0.03245106 0.00178064 -0.03515729
v 0.03246127 -0.00158288 -0.03539757
v 0.03400811 -0.00255569 -0.03461074
v 0.03233875 -0.00323178 -0.03548738
v 0.03212305 -0.00493433 -0.03556440
v 0.03221246 0.00431282 -0.03494155
v 0.03538515 -0.00124126 -0.03370263
v 0.03541964 -0.00497367 -0.03374442
v 0.03199977 -0.00567912 -0.03559465
v 0.03004228 0.01239796 -0.03437304
v 0.02857690 0.01547937 -0.03422152
v 0.03034971 0.01162509 -0.03441531
v 0.03116777 0.00920955 -0.03456210
v 0.03195473 0.00592784 -0.03480478
v 0.03208811 0.00515724 -0.03486913
v 0.02185707 0.02405254 -0.03385238
v 0.02190410 0.02400971 -0.03385434
v 0.02426644 0.02161930 -0.03395959
v 0.02639007 0.01896883 -0.03407062
v 0.02685065 0.01831103 -0.03409818
v 0.02822535 0.01611150 -0.03419303
v 0.03563121 -0.01204016 -0.03281572
v 0.03631528 -0.00817098 -0.03285713
v 0.03442729 -0.00970369 -0.03400334
v 0.03611209 -0.00616478 -0.03320271
v 0.03666671 -0.01264050 -0.03174962
v 0.03654065 -0.01090701 -0.03224083
v 0.03687949 -0.01575287 -0.03058107
v 0.03461652 -0.01666679 -0.03259353
v 0.03705913 -0.01865922 -0.02896470
v 0.03704382 -0.01830601 -0.02918501
v 0.03702512 -0.01795079 -0.02940206
v 0.03757890 -0.02435040 -0.02242881
v 0.03739773 -0.02316641 -0.02459991
v 0.03733882 -0.02267488 -0.02529999
v 0.03719515 -0.02109962 -0.02707216
v 0.03620012 -0.02082365 -0.02920517
v 0.03714953 -0.02042835 -0.02767345
v 0.03707049 -0.02814271 -0.02016451
v 0.03782000 -0.02541356 -0.01930800
v 0.03761496 -0.02454128 -0.02198390
v 0.03721713 -0.03179182 -0.01537881
v 0.03829370 -0.02642517 -0.01163819
v 0.03831833 -0.02653064 -0.01106309
v 0.03849832 -0.03039836 -0.00618557
v 0.03829814 -0.04009100 -0.00683895
v 0.03864437 -0.03735792 -0.00431350
v 0.03880345 -0.03460278 -0.00177100
v 0.03860234 -0.04729517 -0.00569426
v 0.03883768 -0.04452947 -0.00298872
v 0.03892007 -0.05162587 -0.00158174
v 0.03891478 -0.05171593 -0.00182674
v 0.03893998 -0.05692132 -0.00109542
v 0.03881332 -0.05445901 -0.00467626
v 0.03894220 -0.05862636 -0.00102720
v 0.03884194 -0.05861913 -0.00475263
v 0.03489032 -0.02516912 -0.02840784
v 0.03437344 -0.02827605 -0.02699462
v 0.03532664 -0.02705287 -0.02633636
v 0.03650262 -0.02942600 -0.02105476
v 0.03583451 -0.03071006 -0.02192499
v 0.03623468 -0.03444739 -0.01746947
v 0.03816829 -0.03308072 -0.00855683
v 0.03761919 -0.03576093 -0.01089990
v 0.03687069 -0.03847841 -0.01326120
v 0.03425545 -0.02320685 -0.03032564
v 0.03181934 -0.02552341 -0.03128397
v 0.03266539 -0.02754488 -0.02951707
v 0.03330857 -0.02949198 -0.02762353
v 0.03380377 -0.03139319 -0.02564238
v 0.03594279 -0.04122790 -0.01565477
v 0.03779893 -0.04284065 -0.00940100
v 0.03826235 -0.05005116 -0.00844054
v 0.03717502 -0.04560522 -0.01201235
v 0.03637760 -0.04837102 -0.01464240
v 0.03480257 -0.04399065 -0.01804883
v 0.03342956 -0.03982322 -0.02158718
v 0.03339637 -0.04674076 -0.02038188
v 0.01860568 -0.04116376 -0.03185906
v 0.02451685 -0.04335158 -0.02921473
v 0.02322987 -0.04114867 -0.03030126
v 0.02594819 -0.04213618 -0.02866161
v 0.02946558 -0.04514514 -0.02534861
v 0.03056519 -0.04383287 -0.02446737
v 0.03159389 -0.04250558 -0.02354176
v 0.02153794 -0.04573751 -0.03018184
v 0.02707110 -0.04771391 -0.02696053
v 0.02829917 -0.04643925 -0.02618050
v 0.01845646 -0.04807637 -0.03098513
v 0.02445515 -0.05020742 -0.02836437
v 0.02967822 -0.05207649 -0.02457087
v 0.02999761 -0.05861998 -0.02427580
v 0.03395839 -0.05381735 -0.01970038
v 0.03623710 -0.05331980 -0.01562218
v 0.03532600 -0.05111766 -0.01723157
v 0.03168730 -0.04944575 -0.02257635
v 0.02651569 -0.01879229 -0.03589576
v 0.02617470 -0.02331339 -0.03486593
v 0.02441510 -0.02774694 -0.03404680
v 0.02249247 -0.03217693 -0.03317846
v 0.02385887 -0.03442936 -0.03195580
v 0.02190534 -0.03891537 -0.03136382
v 0.02509813 -0.03662488 -0.03068917
v 0.02624316 -0.03877773 -0.02938772
v 0.00859189 -0.04061848 -0.03321855
v 0.01203309 -0.03852493 -0.03340476
v 0.01193872 -0.04559020 -0.03246771
v 0.01526439 -0.04338517 -0.03221574
v 0.01533053 -0.05038377 -0.03164573
v 0.02498995 -0.05862125 -0.02782925
v 0.02770094 -0.05862072 -0.02610220
v 0.01553253 -0.03642552 -0.03348742
v 0.03568564 -0.00300243 -0.03358090
v 0.03219583 -0.01896437 -0.03353769
v 0.02934775 -0.02117356 -0.03429262
v 0.02769964 -0.02559974 -0.03355579
v 0.02583135 -0.02999963 -0.03272391
v 0.02705413 -0.03217365 -0.03130859
v 0.02811447 -0.03428404 -0.02982236
v 0.02733035 -0.04090451 -0.02805975
v 0.03337111 -0.02114381 -0.03204661
v 0.03072411 -0.02340510 -0.03288674
v 0.02897462 -0.02778350 -0.03208674
v 0.03002123 -0.02987801 -0.03048820
v 0.03087825 -0.03190302 -0.02879105
v 0.03159482 -0.03388341 -0.02702539
v 0.03222478 -0.03584640 -0.02521959
v 0.03282097 -0.03781855 -0.02339943
v -0.01896894 -0.02638977 -0.03221923
v -0.01637612 -0.02945005 -0.03257943
v -0.01587139 -0.02870767 -0.03213903
v -0.01861614 -0.02663981 -0.03219824
v 0.01253416 0.03006283 -0.03243838
v 0.01290998 0.03098936 -0.03243838
v 0.00629552 0.03188465 -0.03243838
v 0.00681799 0.03280298 -0.03243838
v 0.00134650 0.03247235 -0.03243838
v -0.01588293 -0.02838944 -0.03268612
v -0.01795469 -0.02709003 -0.03237496
v 0.00944628 0.03113518 -0.03303812
v 0.00630367 0.03188310 -0.03303821
v 0.00629599 0.03188453 -0.03303821
v 0.00495301 0.01803643 0.04018141
v 0.00475010 0.01808287 0.04015137
v 0.00277610 0.01844687 0.04015119
v 0.00243986 0.01849071 0.04018138
v 0.00041544 0.01859854 0.04015109
v 0.00041542 0.01860211 0.04018136
v 0.00735330 0.01724846 0.04015120
v 0.00735463 0.01725174 0.04018131
v 0.00735625 0.01724724 0.04015120
v 0.00735760 0.01725055 0.04018131
v 0.00736811 0.01724238 0.04015119
v 0.00736944 0.01724569 0.04018131
v 0.00741549 0.01722298 0.04015118
v 0.00741682 0.01722629 0.04018133
v 0.00760466 0.01714454 0.04015111
v 0.00760601 0.01714785 0.04018131
v 0.00835244 0.01680941 0.04015085
v 0.00835380 0.01681275 0.04018131
v 0.01058882 0.01554991 0.04015105
v 0.01058971 0.01555360 0.04018131
v 0.01118627 0.01513947 0.04015148
v 0.01118763 0.01514281 0.04018132
v 0.01317280 0.01349554 0.04015334
v 0.01317483 0.01349817 0.04018135
v 0.01490070 0.01160495 0.04015365
v 0.01490340 0.01160682 0.04018135
v 0.01555797 0.01072473 0.04015315
v 0.01556107 0.01072610 0.04018136
v 0.01615615 0.00981621 0.04015252
v 0.01615904 0.00981800 0.04018136
v 0.01688859 0.00851447 0.04015179
v 0.01689169 0.00851605 0.04018137
v 0.01789350 0.00615628 0.04015196
v 0.01789643 0.00615839 0.04018138
v 0.01822025 0.00511501 0.04015261
v 0.01822447 0.00511251 0.04018138
v 0.01874485 0.00259007 0.04015468
v 0.01874848 0.00258667 0.04018137
v 0.01891628 0.00002948 0.04018135
v 0.01891332 0.00003381 0.04015609
v 0.01887671 -0.00106501 0.04015622
v 0.01887963 -0.00106602 0.04018134
v 0.01853531 -0.00362008 0.04015538
v 0.01853809 -0.00362172 0.04018134
v 0.01784689 -0.00608747 0.04015367
v 0.01784964 -0.00608944 0.04018138
v 0.01744937 -0.00710954 0.04015301
v 0.01745149 -0.00711309 0.04018139
v 0.01628044 -0.00940924 0.04015231
v 0.01628239 -0.00941264 0.04018139
v 0.01511516 -0.01112731 0.04015273
v 0.01511784 -0.01112937 0.04018135
v 0.01481440 -0.01151063 0.04015291
v 0.01481604 -0.01151391 0.04018135
v 0.01410473 -0.01233964 0.04015333
v 0.01410477 -0.01234450 0.04018133
v 0.01232271 -0.01405915 0.04018132
v 0.01224212 -0.01412233 0.04015389
v 0.01224124 -0.01412727 0.04018132
v 0.01016442 -0.01561951 0.04015326
v 0.01016263 -0.01562451 0.04018129
v 0.00921143 -0.01617186 0.04015259
v 0.00921169 -0.01617559 0.04018129
v 0.00686321 -0.01723634 0.04015022
v 0.00686291 -0.01724037 0.04018132
v 0.00514750 -0.01778041 0.04014801
v 0.00514851 -0.01778423 0.04018135
v 0.00440495 -0.01796039 0.04014700
v 0.00440420 -0.01796471 0.04018136
v 0.00333343 -0.01816394 0.04014555
v 0.00333039 -0.01816868 0.04018136
v 0.00077484 -0.01839205 0.04014255
v 0.00077192 -0.01839670 0.04018132
v 0.00041481 -0.01840012 0.04018063
v 0.00041481 -0.01839559 0.04014222
v -0.00097980 -0.01834290 0.04014120
v -0.00214549 -0.01822268 0.04018124
v -0.00352548 -0.01797002 0.04014139
v -0.00295660 -0.01809104 0.04018123
v -0.00545330 -0.01744523 0.04018126
v -0.00598464 -0.01724996 0.04014441
v -0.00666252 -0.01698439 0.04014580
v -0.00782253 -0.01646485 0.04018132
v -0.00882767 -0.01591479 0.04015011
v -0.00890711 -0.01587992 0.04018129
v -0.00890131 -0.01587241 0.04015022
v -0.00884605 -0.01590427 0.04015014
v -0.00883222 -0.01591220 0.04015011
v -0.00912132 -0.01574310 0.04015054
v -0.01000032 -0.01519476 0.04018082
v -0.00998338 -0.01519584 0.04015147
v -0.01057802 -0.01478793 0.04018054
v -0.01198046 -0.01363861 0.04015185
v -0.01200167 -0.01362996 0.04017995
v -0.01217845 -0.01346849 0.04017990
v -0.01310988 -0.01252948 0.04015151
v -0.01385555 -0.01168846 0.04018017
v -0.01472479 -0.01052927 0.04015133
v -0.01534707 -0.00958844 0.04018116
v -0.01604922 -0.00831958 0.04015150
v -0.01656369 -0.00723841 0.04018175
v -0.01650061 -0.00736918 0.04015150
v -0.01696707 -0.00622498 0.04018172
v -0.01737902 -0.00494184 0.04015131
v -0.01742293 -0.00480457 0.04018139
v -0.01788636 -0.00265284 0.04018054
v -0.01791258 -0.00244268 0.04015121
v -0.01793692 -0.00230249 0.04018039
v -0.01803562 -0.00133957 0.04015124
v -0.01805455 -0.00115480 0.04017997
v -0.01809918 0.00010170 0.04017974
v -0.01805987 0.00120942 0.04015130
v -0.01805267 0.00139509 0.04017988
v -0.01772469 0.00373597 0.04015121
v -0.01769176 0.00392000 0.04018081
v -0.01744622 0.00490717 0.04015115
v -0.01740217 0.00508613 0.04018125
v -0.01696770 0.00642870 0.04018158
v -0.01659346 0.00736035 0.04015106
v -0.01652546 0.00753025 0.04018166
v -0.01542218 0.00965653 0.04015095
v -0.01533216 0.00981392 0.04018122
v -0.01490957 0.01046346 0.04015088
v -0.01480755 0.01062168 0.04018091
v -0.01376286 0.01199887 0.04018040
v -0.01333645 0.01248417 0.04015066
v -0.01321408 0.01262538 0.04018028
v -0.01151426 0.01424495 0.04015057
v -0.01137211 0.01436840 0.04018066
v -0.01052441 0.01502059 0.04015056
v -0.01037644 0.01513229 0.04018098
v -0.00833687 0.01639579 0.04015047
v -0.00817456 0.01648585 0.04018147
v -0.00634115 0.01732127 0.04018167
v -0.00599565 0.01744870 0.04015039
v -0.00582276 0.01751531 0.04018172
v -0.00505380 0.01776768 0.04015043
v -0.00487726 0.01782505 0.04018177
v -0.00254931 0.01835642 0.04015076
v -0.00236814 0.01838870 0.04018167
v -0.00000468 0.01859353 0.04015106
v 0.00041544 0.00010107 0.04103577
v 0.00503572 -0.00711503 0.04091366
v 0.00613308 -0.00628074 0.04091366
v 0.00708629 -0.00527652 0.04091366
v 0.00388192 -0.00773488 0.04091366
v 0.00786084 -0.00413977 0.04091366
v 0.00843330 -0.00292098 0.04091366
v 0.00880096 -0.00166016 0.04091366
v 0.00896835 -0.00041517 0.04091366
v 0.00897377 0.00051812 0.04091366
v 0.00887331 0.00147338 0.04091366
v 0.00858048 0.00269933 0.04091366
v 0.00809029 0.00391100 0.04091366
v 0.00643400 0.00619991 0.04091366
v 0.00537103 0.00709114 0.04091366
v 0.00736265 0.00511656 0.04091366
v 0.00145744 -0.00840383 0.04091366
v 0.00268217 -0.00816216 0.04091366
v 0.00041543 0.01641310 0.04041535
v 0.00245548 0.01350738 0.04064639
v 0.00443630 0.01305188 0.04064639
v 0.00639702 0.01227118 0.04064639
v 0.00994052 0.00975318 0.04064639
v 0.00825823 0.01116366 0.04064639
v 0.01141020 0.00803868 0.04064639
v 0.01333757 0.00421310 0.04064639
v 0.01256178 0.00613073 0.04064639
v 0.01310464 -0.00468167 0.04064639
v 0.01368650 -0.00268628 0.04064639
v 0.01395143 -0.00071593 0.04064639
v 0.01395999 0.00076110 0.04064639
v 0.01380101 0.00227291 0.04064639
v 0.01219866 -0.00661056 0.04064639
v 0.01097284 -0.00840961 0.04064639
v 0.00946427 -0.00999888 0.04064639
v 0.00772757 -0.01131921 0.04064639
v 0.00400280 -0.01297643 0.04064639
v 0.00590155 -0.01230027 0.04064639
v 0.00206453 -0.01335891 0.04064639
v 0.00041514 -0.00847392 0.04091342
v 0.00041488 -0.01621093 0.04041535
v 0.00419499 0.00779093 0.04091366
v 0.00295608 0.00828422 0.04091366
v 0.00170447 0.00857205 0.04091366
v 0.00041543 0.00867606 0.04091342
v 0.00041543 0.00866957 0.04091366
v -0.00251712 0.00815905 0.04091342
v -0.00387181 0.00752739 0.04091342
v -0.00615321 0.00561319 0.04091342
v -0.00701058 0.00438882 0.04091342
v -0.00509624 0.00667010 0.04091342
v -0.00802924 0.00159038 0.04091342
v -0.00815956 0.00010137 0.04091342
v -0.00764233 0.00303415 0.04091342
v -0.00764252 -0.00283148 0.04091342
v -0.00701088 -0.00418617 0.04091342
v -0.00802934 -0.00138768 0.04091342
v -0.00509669 -0.00646757 0.04091342
v -0.00387232 -0.00732495 0.04091342
v -0.00615358 -0.00541060 0.04091342
v -0.00107388 -0.00834360 0.04091342
v -0.00251766 -0.00795670 0.04091342
v -0.00241766 -0.01596304 0.04041535
v -0.00516412 -0.01522701 0.04041535
v -0.00774105 -0.01402526 0.04041535
v -0.01007015 -0.01239430 0.04041535
v -0.01371145 -0.00805445 0.04041535
v -0.01208064 -0.01038366 0.04041535
v -0.01491304 -0.00547745 0.04041535
v -0.01564886 -0.00273093 0.04041535
v -0.01589658 0.00010164 0.04041535
v -0.01564866 0.00293417 0.04041535
v -0.01491265 0.00568063 0.04041535
v -0.01371090 0.00825755 0.04041535
v -0.01207994 0.01058666 0.04041535
v -0.01006930 0.01259715 0.04041535
v -0.00774010 0.01422797 0.04041535
v -0.00516309 0.01542954 0.04041535
v -0.00241657 0.01616536 0.04041535
v -0.00107332 0.00854586 0.04091342
v -0.02683057 -0.05152901 -0.00135874
v -0.02684847 -0.05152600 -0.00049726
v -0.02685458 -0.05152551 0.00050451
v -0.02661714 -0.05153552 0.00403816
v -0.02633296 -0.05153494 0.00593934
v -0.02600846 -0.05153442 0.00752701
v -0.02503473 -0.05154512 0.01093212
v -0.02370706 -0.05152239 0.01421538
v -0.02552179 -0.06762587 0.00190613
v -0.02392394 -0.06962586 0.00178778
v -0.02555661 -0.06762587 -0.00108361
v -0.02397223 -0.06962579 -0.00049539
v -0.02537331 -0.06762587 -0.00365014
v -0.02388208 -0.06962570 -0.00239650
v -0.02378431 -0.06962579 -0.00342229
v -0.00635946 -0.06298452 -0.02975178
v -0.00567913 -0.06727075 -0.03009198
v -0.00565627 -0.06112558 -0.03002725
v -0.01761751 -0.05863329 -0.02157328
v -0.01884449 -0.05863209 -0.02012760
v -0.01884979 -0.06111981 -0.02014341
v -0.01969908 -0.05863127 -0.01900968
v -0.01984991 -0.05863107 -0.01880139
v -0.01569264 -0.05863473 -0.02353868
v -0.01517125 -0.06112287 -0.02404695
v -0.01485516 -0.05863536 -0.02429831
v -0.01200108 -0.05863701 -0.02653325
v -0.01088682 -0.06112516 -0.02730978
v -0.01087567 -0.05863744 -0.02728418
v -0.00635177 -0.06112568 -0.02973212
v -0.00564534 -0.05863773 -0.03000090
v -0.00892092 -0.05863792 -0.02843894
v -0.01057705 -0.06727029 -0.02758260
v -0.01001027 -0.06727070 -0.02792813
v -0.01089490 -0.06298398 -0.02732847
v -0.00908061 -0.06727136 -0.02846163
v -0.00699876 -0.06727224 -0.02951620
v -0.01592773 -0.06727459 -0.02341065
v -0.01420516 -0.06727261 -0.02495548
v -0.01517807 -0.06298172 -0.02406214
v -0.01336026 -0.06727133 -0.02563736
v -0.01091288 -0.06727011 -0.02737030
v -0.01826963 -0.06727216 -0.02090735
v -0.01885425 -0.06297880 -0.02015434
v -0.01856849 -0.06727164 -0.02054702
v -0.02176005 -0.06297617 -0.01582631
v -0.02176005 -0.06727111 -0.01585307
v -0.01995653 -0.06726990 -0.01872006
v -0.02176005 -0.06111706 -0.01581553
v -0.02176005 -0.05862895 -0.01580169
v -0.02176005 -0.06762587 -0.01525478
v -0.02033143 -0.06962570 -0.01449073
v -0.01861991 -0.06962570 -0.01730235
v -0.01727134 -0.06962570 -0.01912181
v -0.01686740 -0.06962570 -0.01961629
v -0.01517372 -0.06962570 -0.02148810
v -0.01306135 -0.06962570 -0.02343865
v -0.01274069 -0.06962570 -0.02370336
v -0.01004926 -0.06962570 -0.02566490
v -0.00488798 -0.06962570 -0.02836640
v -0.00754917 -0.06962570 -0.02713192
v -0.00803919 -0.06962570 -0.02686867
v 0.01838784 -0.06724035 -0.03069096
v 0.01486852 -0.06725764 -0.03162760
v 0.01378989 -0.06962570 -0.02978857
v 0.01338726 -0.06726351 -0.03191781
v 0.01098473 -0.06962570 -0.03031499
v 0.01126519 -0.06727027 -0.03223157
v 0.00860216 -0.06962570 -0.03055627
v 0.00880030 -0.06727500 -0.03244781
v 0.00768133 -0.06962570 -0.03059978
v 0.00762030 -0.06727565 -0.03249526
v 0.00434022 -0.06962570 -0.03052850
v 0.00439826 -0.06725430 -0.03244344
v 0.00293705 -0.06962570 -0.03039064
v 0.00261012 -0.06725406 -0.03227015
v 0.00146843 -0.06962570 -0.03017602
v 0.00103146 -0.06725939 -0.03203401
v -0.00174527 -0.06962570 -0.02944492
v -0.00256196 -0.06726607 -0.03118973
v -0.00265841 -0.06962570 -0.02916967
v -0.00340894 -0.06726748 -0.03092687
v 0.02865016 -0.06962570 -0.02146857
v 0.02771663 -0.06717003 -0.02609098
v 0.02642111 -0.06962570 -0.02351723
v 0.02500544 -0.06719237 -0.02782047
v 0.02408678 -0.06962570 -0.02526884
v 0.02407245 -0.06720094 -0.02832958
v 0.02122795 -0.06962570 -0.02700328
v 0.02192718 -0.06721810 -0.02935964
v 0.01969323 -0.06962570 -0.02777013
v 0.02096934 -0.06722476 -0.02976228
v 0.01827159 -0.06962570 -0.02838107
v 0.01703305 -0.06962570 -0.02884276
v 0.03081680 -0.06962570 -0.01899271
v 0.03211075 -0.06715318 -0.02218433
v 0.03012032 -0.06715914 -0.02416655
v 0.03268792 -0.06962570 -0.01632359
v 0.03417290 -0.06714868 -0.01956919
v 0.03235047 -0.06715251 -0.02191461
v 0.03781049 -0.06720472 -0.01153585
v 0.03686284 -0.06718224 -0.01446260
v 0.03413156 -0.06962570 -0.01373005
v 0.03558071 -0.06715810 -0.01725373
v 0.03489405 -0.06715062 -0.01845448
v 0.03509942 -0.06962570 -0.01154618
v 0.03529871 -0.06962570 -0.01102802
v 0.03848230 -0.06723527 -0.00825618
v 0.03614242 -0.06962570 -0.00841471
v 0.03873254 -0.06725753 -0.00619137
v 0.03715996 -0.06962570 -0.00228805
v 0.03869259 -0.06762587 -0.00140680
v 0.03683452 -0.06962570 -0.00519574
v 0.03848379 -0.06762587 -0.00555218
v 0.03676761 -0.06962570 -0.00559936
v 0.03883891 -0.06726734 -0.00480300
v 0.03868807 -0.06750327 -0.00419665
v 0.03894172 -0.06729371 -0.00103402
v -0.02482018 -0.06762587 -0.00699371
v -0.02323909 -0.06962570 -0.00668401
v -0.02412637 -0.06762587 -0.00961404
v -0.02262825 -0.06962570 -0.00899088
v -0.02392556 -0.06762587 -0.01023796
v -0.02235019 -0.06962570 -0.00985018
v -0.02294569 -0.06762587 -0.01280440
v -0.02174202 -0.06962570 -0.01148396
v -0.02045332 -0.06962570 -0.01426138
v -0.00154095 -0.06962586 0.02950778
v -0.00350391 -0.06962586 0.02889276
v -0.00431165 -0.06726845 0.03062313
v -0.01841197 -0.06962586 0.01760744
v -0.02024739 -0.06962586 0.01465201
v -0.02176005 -0.06762587 0.01526064
v -0.02244131 -0.06762587 0.01391864
v -0.02107352 -0.06962586 0.01302017
v -0.02320335 -0.06762587 0.01219664
v -0.02174209 -0.06962586 0.01148940
v -0.02430776 -0.06762587 0.00901520
v -0.02273078 -0.06962586 0.00865621
v -0.02456705 -0.06762587 0.00806366
v -0.02303499 -0.06962586 0.00754590
v -0.02495741 -0.06762587 0.00634416
v -0.02352309 -0.06962586 0.00525820
v -0.02544144 -0.06762587 0.00298595
v -0.02176005 -0.06727142 0.01585858
v -0.01984215 -0.06727100 0.01888556
v -0.01806195 -0.06962586 0.01809499
v -0.01941109 -0.06727109 0.01947524
v -0.01625115 -0.06962586 0.02033798
v -0.01759586 -0.06727209 0.02168992
v -0.00567924 -0.06727093 0.03009737
v -0.00488801 -0.06962586 0.02837182
v -0.00570779 -0.06727115 0.03008548
v -0.00678696 -0.06962586 0.02752449
v -0.00703140 -0.06727170 0.02950714
v -0.00973906 -0.06727090 0.02809357
v -0.00896308 -0.06962586 0.02634642
v -0.01003058 -0.06727078 0.02792152
v -0.00984992 -0.06962586 0.02579911
v -0.01251823 -0.06727035 0.02627801
v -0.01266021 -0.06962586 0.02377390
v -0.01505098 -0.06727419 0.02422968
v -0.01397532 -0.06962586 0.02264710
v -0.01517376 -0.06962586 0.02149355
v -0.00228627 -0.06726506 0.03127597
v 0.00122066 -0.06725932 0.03207198
v 0.00190042 -0.06962586 0.03025216
v 0.00180331 -0.06725835 0.03216475
v 0.00536777 -0.06962586 0.03059409
v 0.00466318 -0.06725473 0.03246529
v 0.00798183 -0.06962586 0.03059399
v 0.00762020 -0.06727581 0.03250065
v 0.00886512 -0.06962586 0.03054416
v 0.02128754 -0.06962586 0.02697653
v 0.02407247 -0.06719933 0.02833522
v 0.02422819 -0.06962586 0.02517740
v 0.02545906 -0.06718808 0.02756351
v 0.02470635 -0.06962586 0.02484175
v 0.01234529 -0.06962586 0.03009813
v 0.01147779 -0.06726968 0.03220889
v 0.01372785 -0.06962586 0.02980861
v 0.01445816 -0.06725615 0.03171960
v 0.01574224 -0.06962586 0.02926927
v 0.01543956 -0.06725254 0.03150539
v 0.01827146 -0.06962586 0.02838647
v 0.01874292 -0.06723811 0.03058151
v 0.01934042 -0.06962586 0.02793613
v 0.02058782 -0.06722737 0.02991908
v 0.02219079 -0.06721484 0.02924884
v 0.02631945 -0.06718142 0.02703751
v 0.02836894 -0.06716784 0.02561552
v 0.02701773 -0.06962586 0.02301618
v 0.03084125 -0.06715762 0.02350191
v 0.02865002 -0.06962586 0.02147400
v 0.03211063 -0.06715249 0.02218970
v 0.03093666 -0.06962586 0.01884402
v 0.03309094 -0.06714907 0.02103441
v 0.03478146 -0.06715078 0.01864219
v 0.03291075 -0.06962586 0.01596606
v 0.03615537 -0.06716793 0.01611545
v 0.03452526 -0.06962586 0.01290420
v 0.03687480 -0.06718331 0.01443703
v 0.03734119 -0.06719428 0.01313097
v 0.03509931 -0.06962586 0.01155161
v 0.03763656 -0.06720129 0.01217051
v 0.03534409 -0.06962586 0.01091103
v 0.03618228 -0.06962586 0.00827209
v 0.03813995 -0.06721921 0.01015033
v 0.03681022 -0.06962586 0.00535092
v 0.03848504 -0.06762587 0.00554493
v 0.03870896 -0.06725556 0.00644687
v 0.03887080 -0.06736202 0.00239160
v 0.03893488 -0.06728957 0.00191486
v 0.03894070 -0.06729587 0.00108470
v 0.03688174 -0.06962586 0.00489334
v 0.03861529 -0.06762587 0.00377534
v 0.03720648 -0.06962586 0.00142836
v 0.03670455 -0.01257428 -0.03155722
v 0.03627037 -0.00607370 -0.03289482
v 0.03619310 -0.00613182 -0.03307113
v 0.03673962 -0.01345955 -0.03110087
v 0.03679104 -0.01458429 -0.03076746
v 0.03684708 -0.01565846 -0.03039605
v 0.03669859 -0.01246925 -0.03135648
v 0.03652655 -0.00838574 -0.03218408
v 0.03636102 -0.00591712 -0.03254712
v 0.03692603 -0.01694318 -0.02986516
v 0.03694317 -0.01719259 -0.02974917
v 0.03699842 -0.01793574 -0.02937500
v 0.03702806 -0.01830014 -0.02917448
v 0.03699832 -0.01793592 0.02938039
v 0.03619301 -0.00613197 0.03307653
v 0.03670445 -0.01257442 0.03156261
v 0.03627028 -0.00607388 0.03290022
v 0.03702796 -0.01830029 0.02917987
v 0.03679094 -0.01458444 0.03077285
v 0.03684698 -0.01565864 0.03040144
v 0.03692593 -0.01694336 0.02987055
v 0.03694307 -0.01719277 0.02975456
v 0.03636092 -0.00591730 0.03255251
v 0.03652646 -0.00838592 0.03218947
v 0.03659692 -0.00988941 0.03192068
v 0.03669848 -0.01246943 0.03136187
v 0.03748968 -0.02569874 -0.01800314
v 0.03761873 -0.02611729 -0.01525943
v 0.03773022 -0.02636992 -0.01250354
v 0.03796814 -0.02658360 -0.00049545
v 0.03789230 -0.02657645 -0.00699644
v 0.03787449 -0.02656465 0.00777946
v 0.03748959 -0.02569889 0.01800853
v 0.03754833 -0.02590879 0.01680231
v 0.03771609 -0.02634301 0.01288409
v 0.03796864 -0.02558353 -0.00049543
v 0.03784048 -0.02553221 -0.00912735
v 0.03769307 -0.02529102 -0.01348708
v 0.03749774 -0.02471673 -0.01781270
v -0.01820435 -0.06962579 -0.00049539
v 0.02352534 -0.06962570 -0.01758049
v 0.02741013 -0.06962570 -0.01251773
v 0.02985222 -0.06962570 -0.00662202
v -0.01104534 -0.06962570 -0.01758049
v -0.01493013 -0.06962570 -0.01251773
v 0.00624000 -0.06962570 -0.02474031
v -0.00008688 -0.06962570 -0.02390736
v 0.03068435 -0.06962579 -0.00049538
v -0.01737222 -0.06962570 -0.00662202
v 0.01256688 -0.06962570 -0.02390736
v 0.01846258 -0.06962570 -0.02146528
v -0.00598258 -0.06962570 -0.02146528
v 0.03809761 -0.02471631 -0.01784227
v 0.03829299 -0.02529134 -0.01351015
v 0.03844011 -0.02553271 -0.00914391
v 0.03856768 -0.02558388 -0.00049730
v -0.02445294 -0.07062586 -0.00049539
v -0.02674395 -0.06776280 -0.00049731
v -0.02438036 -0.07062586 -0.00216435
v -0.02648631 -0.06776144 -0.00418875
v -0.02397050 -0.07062586 -0.00547243
v -0.02612968 -0.06776073 -0.00643173
v 0.03984506 -0.06775763 -0.00049731
v 0.03773902 -0.07062586 -0.00049537
v 0.03750709 -0.07062586 -0.00381161
v 0.03692698 -0.07062586 -0.00707328
v 0.03927710 -0.06777012 -0.00878921
v 0.03969799 -0.06776298 -0.00523600
v 0.03642866 -0.07062586 -0.00894093
v 0.03528877 -0.07062586 -0.01210482
v 0.03855644 -0.06777490 -0.01203149
v 0.03383306 -0.07062586 -0.01509167
v 0.03753776 -0.06777973 -0.01502016
v 0.03610595 -0.06777427 -0.01800289
v 0.03206374 -0.07062586 -0.01791057
v 0.03434190 -0.06777509 -0.02073347
v 0.03082993 -0.07062586 -0.01954680
v 0.03227816 -0.06777995 -0.02320248
v 0.02860406 -0.07062586 -0.02203005
v 0.02615958 -0.07062586 -0.02421113
v 0.02991003 -0.06777773 -0.02543463
v 0.02339837 -0.07062586 -0.02619142
v 0.02724451 -0.06777402 -0.02742762
v 0.02427007 -0.06777240 -0.02918498
v 0.02295413 -0.07062586 -0.02647138
v 0.02003283 -0.07062586 -0.02807421
v 0.02101639 -0.06777061 -0.03067406
v 0.01700627 -0.07062586 -0.02931903
v 0.01994898 -0.06776968 -0.03107946
v 0.01748697 -0.06776895 -0.03187705
v 0.01377567 -0.07062586 -0.03026476
v 0.01371763 -0.06776967 -0.03275736
v 0.01324688 -0.07062586 -0.03038500
v 0.01277632 -0.07062586 -0.03048396
v 0.00981788 -0.06776827 -0.03326868
v 0.00997114 -0.07062586 -0.03091812
v 0.00764014 -0.06776474 -0.03338511
v 0.00686402 -0.07062586 -0.03109434
v 0.00032908 -0.06774396 -0.03281407
v 0.00202249 -0.06774173 -0.03309374
v 0.00351699 -0.07062586 -0.03093699
v 0.00564816 -0.06774182 -0.03339708
v 0.00689537 -0.06776390 -0.03339619
v 0.00091863 -0.07062586 -0.03056362
v 0.00023611 -0.07062586 -0.03042778
v -0.00153768 -0.06774484 -0.03240022
v -0.00261483 -0.07062586 -0.02968467
v -0.00502540 -0.06774560 -0.03131451
v -0.00490147 -0.07062586 -0.02887650
v -0.00599398 -0.06774596 -0.03093657
v -0.00574623 -0.07062586 -0.02852624
v -0.00835438 -0.06774680 -0.02986338
v -0.00869328 -0.07062586 -0.02705076
v -0.01149859 -0.06774705 -0.02806361
v -0.01121564 -0.07062586 -0.02545395
v -0.01445724 -0.06775064 -0.02591154
v -0.01385033 -0.07062586 -0.02339303
v -0.01620680 -0.07062586 -0.02109423
v -0.01714735 -0.06775507 -0.02346733
v -0.01955813 -0.06775687 -0.02073973
v -0.01833634 -0.07062586 -0.01852163
v -0.02114402 -0.06775800 -0.01856088
v -0.01864322 -0.07062586 -0.01810072
v -0.02165775 -0.06775834 -0.01776857
v -0.02044296 -0.07062586 -0.01527745
v -0.02343117 -0.06775928 -0.01457344
v -0.02191881 -0.07062586 -0.01229753
v -0.02483051 -0.06775963 -0.01122499
v -0.02220971 -0.07062586 -0.01159937
v -0.02306879 -0.07062586 -0.00918313
v -0.02584271 -0.06776034 -0.00777077
v -0.02320580 -0.07062586 -0.00872818
v -0.02389683 -0.07062586 -0.00587004
v -0.02685720 -0.06092015 -0.00049928
v -0.02685714 -0.05862587 -0.00050029
v -0.02636883 -0.06091997 -0.00575267
v -0.02685526 -0.06745047 -0.00050206
v -0.02685718 -0.06303816 -0.00049939
v -0.02660118 -0.06744864 -0.00414782
v -0.02636853 -0.06303798 -0.00575492
v -0.02636384 -0.06744776 -0.00575481
v -0.02278549 -0.06303798 -0.01603903
v -0.02351956 -0.06744372 -0.01463789
v -0.02499533 -0.06303798 -0.01107017
v -0.02491982 -0.06744496 -0.01129712
v -0.02595471 -0.06744666 -0.00776874
v -0.01979473 -0.06303798 -0.02057753
v -0.02177388 -0.06744205 -0.01778428
v -0.02279076 -0.06744304 -0.01604982
v -0.01609928 -0.06303798 -0.02457628
v -0.01725632 -0.06743834 -0.02350487
v -0.01967207 -0.06744014 -0.02076568
v -0.00723416 -0.06303798 -0.03045694
v -0.01159977 -0.06742922 -0.02811925
v -0.01179026 -0.06303798 -0.02794054
v -0.01456398 -0.06743354 -0.02595697
v -0.01611678 -0.06743687 -0.02460800
v -0.00603497 -0.06091997 -0.03095029
v -0.00605965 -0.06742825 -0.03102154
v -0.00845397 -0.06742912 -0.02992564
v -0.01178064 -0.06091997 -0.02791976
v -0.01176991 -0.05862585 -0.02789669
v -0.00722543 -0.06091997 -0.03043440
v -0.00934419 -0.05862581 -0.02934701
v -0.00602576 -0.05862572 -0.03092561
v -0.01753544 -0.05862549 -0.02312650
v -0.01637659 -0.05862548 -0.02426814
v -0.01609095 -0.06091997 -0.02455989
v -0.01538675 -0.05862597 -0.02516145
v -0.01246292 -0.05862585 -0.02742999
v -0.01991192 -0.05862555 -0.02038881
v -0.01978921 -0.06091997 -0.02056604
v -0.02196951 -0.05862561 -0.01741870
v -0.02278301 -0.06091997 -0.01603166
v -0.02278128 -0.05862563 -0.01602249
v -0.02602795 -0.05862573 -0.00746672
v -0.02499499 -0.06091997 -0.01106574
v -0.02505018 -0.05862572 -0.01090273
v -0.02369072 -0.05862566 -0.01424108
v -0.02663365 -0.05862575 -0.00390963
v -0.02632988 -0.05862575 -0.00597734
v 0.02290533 0.02503459 -0.03243671
v 0.02117918 0.02639780 -0.03243648
v 0.02058650 0.02559514 -0.03243623
v 0.01717880 0.02895565 -0.03243533
v 0.01669704 0.02808408 -0.03243516
v 0.02478375 0.02332936 -0.03243628
v 0.02408656 0.02261550 -0.03243552
v 0.02637724 0.02166737 -0.03243564
v 0.02533322 0.02133269 -0.03243515
v 0.02794231 0.01979742 -0.03243514
v 0.02715786 0.01918561 -0.03243671
v 0.02980599 0.01717297 -0.03243496
v 0.02847595 0.01738290 -0.03243822
v 0.03060201 0.01588784 -0.03243501
v 0.03494690 0.00247986 -0.03244078
v 0.03591340 0.00273360 -0.03244092
v 0.03368635 0.00668869 -0.03243244
v 0.03453691 0.00727967 -0.03243768
v 0.03359478 0.00695581 -0.03243228
v 0.03278333 0.01168982 -0.03243578
v 0.03187966 0.01128025 -0.03243368
v 0.02975090 0.01538093 -0.03243762
v 0.03601308 -0.00287299 -0.03232129
v 0.03700445 -0.00274252 -0.03230149
v 0.03579215 -0.00148337 -0.03237037
v 0.03652767 0.00000871 -0.03240945
v 0.03733242 -0.00623097 -0.03197622
v 0.03640554 -0.00730478 -0.03201615
v 0.03738781 -0.00723203 -0.03184156
v 0.03652605 -0.00984936 -0.03170959
v 0.03751136 -0.01262846 -0.03068831
v 0.03665321 -0.01277860 -0.03117791
v 0.03683451 -0.01654022 -0.02998597
v 0.03748097 -0.01621174 -0.02929355
v 0.03686520 -0.01714995 -0.02971091
v 0.03746839 -0.01678165 -0.02899804
v 0.03701906 -0.02018367 -0.02781329
v 0.03739182 -0.01958801 -0.02709424
v 0.03709267 -0.02153873 -0.02658324
v 0.03734398 -0.02194928 -0.02456972
v 0.03716640 -0.02275141 -0.02515076
v 0.03730195 -0.02445190 -0.02214569
v 0.03736569 -0.02353092 -0.02175133
v -0.01757170 -0.05097016 -0.02161979
v -0.01570790 -0.05001803 -0.02350225
v -0.01637659 -0.05003587 -0.02424546
v -0.01830810 -0.05098440 -0.02229402
v -0.02070220 -0.05140102 -0.01932809
v -0.01989293 -0.05139171 -0.01874883
v -0.02339342 -0.05151122 -0.01486331
v -0.02249743 -0.05150667 -0.01442025
v -0.02370696 -0.05152223 -0.01420999
v -0.01550862 -0.02896144 -0.03212777
v -0.01606682 -0.04979352 -0.02452716
v -0.01540639 -0.04977441 -0.02377655
v -0.01417452 -0.04821456 -0.02485766
v -0.01480468 -0.04823687 -0.02563393
v -0.01337053 -0.04607249 -0.02559367
v -0.01397172 -0.04612720 -0.02639138
v -0.01349886 -0.04386692 -0.02695560
v -0.01291950 -0.04376519 -0.02614684
v -0.01311252 -0.04149105 -0.02760143
v -0.01255188 -0.04133283 -0.02678871
v -0.01213689 -0.03697664 -0.02830145
v -0.01266477 -0.03728392 -0.02909508
v -0.01230864 -0.03362446 -0.02993477
v -0.01334642 -0.03231539 -0.03172990
v -0.01284018 -0.03388779 -0.03078611
v -0.01280131 -0.03411384 -0.03065532
v -0.01286586 -0.03170358 -0.03110117
v -0.01391213 -0.03030180 -0.03179622
v -0.01439686 -0.03098842 -0.03233820
v -0.01600982 -0.02969684 -0.03258343
v -0.00201872 -0.05511187 -0.03122436
v -0.00486498 -0.05514741 -0.03026306
v 0.00033154 -0.05676537 -0.03180943
v 0.00567957 -0.05506835 -0.03249970
v 0.00483668 -0.05862697 -0.03243750
v 0.00570144 -0.05674287 -0.03247185
v 0.00282097 -0.05863035 -0.03223730
v 0.00157634 -0.05863198 -0.03205595
v 0.00033559 -0.05863591 -0.03182547
v -0.00487100 -0.05863774 -0.03030820
v -0.00150775 -0.05863622 -0.03139292
v 0.00470151 -0.05506641 -0.03242182
v 0.00125875 -0.05508244 -0.03197961
v 0.00546184 -0.05058405 -0.03249585
v 0.00500729 -0.04780633 -0.03250993
v 0.00462738 -0.04653141 -0.03251769
v 0.00334546 -0.04384293 -0.03252833
v 0.00429366 -0.04566297 -0.03252282
v 0.00177998 -0.04177292 -0.03250458
v -0.00066121 -0.03923940 -0.03247362
v -0.00197236 -0.03803568 -0.03246596
v -0.00256132 -0.03752061 -0.03246499
v -0.00333190 -0.03687388 -0.03246755
v -0.00386071 -0.03645246 -0.03247129
v -0.00222691 -0.06298020 -0.03125583
v 0.00280828 -0.06297836 -0.03230712
v 0.00761796 -0.06297668 -0.03249491
v -0.02176005 -0.05162587 -0.01581277
v -0.02176005 -0.05615364 -0.01579101
v 0.03602285 -0.00286647 -0.03285263
v 0.03494650 0.00248129 -0.03274230
v 0.03579275 -0.00148024 -0.03265036
v 0.03554640 -0.00018384 -0.03269857
v 0.03579572 -0.00147562 -0.03294609
v 0.03554682 -0.00018149 -0.03300057
v -0.01043691 -0.03317579 -0.03144488
v -0.01056133 -0.04136049 -0.02804578
v -0.00492643 -0.04109368 -0.03061387
v -0.01053943 -0.03791643 -0.02892608
v -0.00493859 -0.03867564 -0.03108445
v -0.01048480 -0.03465625 -0.03040607
v -0.00491370 -0.03704332 -0.03166843
v -0.00485674 -0.05230673 -0.03023305
v -0.01059520 -0.05179632 -0.02734014
v -0.00486355 -0.04709876 -0.03024268
v -0.01056844 -0.04485193 -0.02757419
v -0.00487702 -0.04553225 -0.03028088
v -0.00488064 -0.04517503 -0.03029359
v -0.01323088 -0.05118028 -0.02553336
v -0.01322212 -0.04741903 -0.02562358
v 0.01893415 -0.06297673 -0.03051248
v 0.03879467 -0.06297689 -0.00545376
v 0.03687486 -0.06297686 -0.01443161
v 0.03815022 -0.06297687 -0.01010021
v 0.03211075 -0.06297681 -0.02218433
v 0.03489404 -0.06297684 -0.01845449
v 0.02407244 -0.06297676 -0.02832959
v 0.02850861 -0.06297679 -0.02550363
v 0.01338726 -0.06297671 -0.03191781
v -0.00233823 -0.04299705 -0.03125456
v -0.00232199 -0.04543789 -0.03114678
v 0.00033311 -0.04531479 -0.03181264
v 0.00026155 -0.04042842 -0.03239484
v 0.00030748 -0.05022149 -0.03176915
v 0.00302638 -0.04530278 -0.03232836
v -0.00397115 -0.03690574 -0.03212908
v -0.00252868 -0.03808189 -0.03219286
v 0.00032768 -0.04286506 -0.03197004
v -0.00239021 -0.04054763 -0.03152594
v 0.00562835 -0.05507668 -0.03350034
v 0.00761241 -0.05482252 -0.03351125
v 0.00764104 -0.05734617 -0.03349854
v -0.00522795 -0.05862576 -0.03124225
v 0.00004423 -0.05674966 -0.03277110
v -0.00188553 -0.05862500 -0.03232700
v 0.00119696 -0.05862460 -0.03300584
v 0.00548655 -0.05673081 -0.03346287
v 0.00497763 -0.05862512 -0.03344994
v 0.00272932 -0.05862478 -0.03323363
v 0.00764365 -0.05862558 -0.03349186
v 0.00010271 -0.05508516 -0.03277501
v -0.00522824 -0.05513503 -0.03119263
v -0.00399593 -0.03718174 -0.03322566
v -0.00522791 -0.03629853 -0.03320643
v -0.00435828 -0.03503724 -0.03441503
v 0.00742544 -0.05099868 -0.03356301
v 0.00543040 -0.05103955 -0.03351832
v 0.00501443 -0.04835815 -0.03352352
v 0.00697291 -0.04801272 -0.03363554
v 0.00628916 -0.04575143 -0.03372517
v 0.00431533 -0.04614368 -0.03352730
v 0.00597215 -0.04501041 -0.03376171
v 0.00520094 -0.04356611 -0.03384101
v 0.00323307 -0.04411860 -0.03351555
v 0.00384785 -0.04170426 -0.03395273
v 0.00244456 -0.04303895 -0.03349465
v 0.00187708 -0.04236561 -0.03347543
v 0.00201031 -0.03979949 -0.03407378
v -0.00034905 -0.04016054 -0.03338359
v 0.00125313 -0.03912710 -0.03412064
v -0.00051499 -0.03770920 -0.03422818
v -0.00236251 -0.03845635 -0.03328997
v -0.00296094 -0.03797825 -0.03326331
v -0.00373072 -0.03738168 -0.03323387
v -0.00239343 -0.06303545 -0.03224975
v 0.00272169 -0.06303298 -0.03330475
v 0.00764220 -0.06521063 -0.03349468
v -0.00276213 -0.06742641 -0.03216943
v 0.00069345 -0.06742609 -0.03298122
v 0.00564524 -0.06743679 -0.03349858
v 0.00405750 -0.06742736 -0.03340976
v 0.00271678 -0.06742568 -0.03328050
v 0.00764356 -0.06745093 -0.03349540
v 0.00321863 -0.00057467 -0.04014820
v 0.01808069 -0.00609889 -0.04014818
v 0.01701533 -0.00857835 -0.04014761
v 0.01559985 -0.01087274 -0.04014890
v 0.01383778 -0.01296081 -0.04014927
v 0.01176347 -0.01478617 -0.04014943
v 0.00943337 -0.01631041 -0.04014900
v 0.00695849 -0.01746201 -0.04014668
v 0.00436769 -0.01824098 -0.04014302
v 0.00169697 -0.01863693 -0.04014030
v -0.00100947 -0.01863428 -0.04013572
v 0.00280220 0.01870168 -0.04014588
v 0.00515869 0.01824034 -0.04014616
v 0.00744654 0.01748157 -0.04014626
v 0.00853768 0.01699764 -0.04014705
v 0.01856006 0.00469489 -0.04014845
v 0.01903441 0.00197853 -0.04015131
v 0.01087981 0.01564465 -0.04014831
v 0.01304684 0.01392506 -0.04015079
v 0.01493478 0.01193214 -0.04014994
v 0.01649213 0.00971482 -0.04014775
v 0.01770766 0.00728641 -0.04014694
v 0.01911347 -0.00071873 -0.04015265
v 0.01879193 -0.00344234 -0.04015097
v -0.00135021 -0.01860534 -0.04014069
v -0.00387681 -0.01818522 -0.04014281
v -0.00649971 -0.01734426 -0.04014457
v -0.00903404 -0.01609757 -0.04014600
v -0.01128070 -0.01456170 -0.04014648
v -0.01549871 0.01003079 -0.04014515
v -0.01455017 0.01141686 -0.04014505
v -0.01018460 0.00315476 -0.04015251
v -0.01677597 0.00759904 -0.04014522
v -0.01388335 0.01225079 -0.04014498
v -0.01197994 0.01418305 -0.04014492
v -0.00979851 0.01583437 -0.04014495
v -0.01637334 -0.00825032 -0.04014574
v -0.01741213 -0.00571202 -0.04014555
v -0.01807630 -0.00305610 -0.04014541
v -0.01822768 -0.00200995 -0.04014545
v -0.01834659 -0.00033330 -0.04014554
v -0.01821074 0.00238527 -0.04014552
v -0.01768403 0.00502385 -0.04014532
v -0.01327646 -0.01271479 -0.04014594
v -0.01438113 -0.01142134 -0.04014568
v -0.01499058 -0.01059308 -0.04014566
v -0.00741208 0.01714993 -0.04014488
v -0.00598757 0.01773263 -0.04014490
v -0.00486195 0.01810009 -0.04014499
v -0.00219792 0.01867477 -0.04014539
v 0.00041552 0.01885576 -0.04014564
v -0.01378362 0.01590649 -0.03975504
v -0.01050742 0.01831646 -0.03975502
v -0.01848617 -0.00958051 -0.03975496
v -0.01983491 -0.00629770 -0.03975489
v -0.00991878 -0.01761635 -0.03988913
v -0.01137388 -0.02011626 -0.03922238
v -0.01357976 -0.01589202 -0.03975547
v -0.01635172 -0.01295163 -0.03975517
v -0.02070026 -0.00228744 -0.03975494
v -0.02077195 0.00177513 -0.03975506
v -0.02009076 0.00564004 -0.03975504
v -0.01866698 0.00942222 -0.03975493
v -0.01653135 0.01291580 -0.03975488
v -0.00683351 0.02006195 -0.03975494
v -0.00290945 0.02107505 -0.03975501
v 0.00041552 0.02133943 -0.03975507
v 0.00041557 0.03262408 -0.03463667
v 0.00041554 0.02832959 -0.03728850
v -0.00378294 0.03235267 -0.03463617
v -0.00400452 0.02798040 -0.03728836
v -0.00467733 0.03222407 -0.03463587
v -0.00791177 0.03154386 -0.03463505
v -0.00922057 0.02663563 -0.03728824
v -0.01068746 0.03067605 -0.03463554
v -0.01190137 0.03020800 -0.03463576
v -0.01410176 0.02431420 -0.03728834
v -0.01568456 0.02836723 -0.03463500
v -0.01845555 0.02110989 -0.03728838
v -0.01919893 0.02605400 -0.03463608
v -0.01631135 0.02800117 -0.03463489
v -0.02553475 0.01972870 -0.03464004
v -0.02519271 0.02017347 -0.03464050
v -0.02211069 0.01713748 -0.03728817
v -0.02238719 0.02330882 -0.03464028
v -0.02132432 0.02430476 -0.03463858
v -0.02756618 0.01669962 -0.03463598
v -0.02494994 0.01249526 -0.03728817
v -0.02881405 0.01438577 -0.03463339
v -0.02947322 0.01294939 -0.03463261
v -0.02684199 0.00746853 -0.03728826
v -0.03088297 0.00898511 -0.03463461
v -0.03177242 0.00487299 -0.03464011
v -0.02774769 0.00233180 -0.03728830
v -0.03202499 0.00267361 -0.03464291
v -0.03212288 0.00068043 -0.03464445
v -0.02765432 -0.00306719 -0.03728822
v -0.03192338 -0.00352209 -0.03464122
v -0.03117980 -0.00766318 -0.03463481
v -0.02650556 -0.00839700 -0.03728820
v -0.03060998 -0.00968792 -0.03463223
v -0.02991067 -0.01167451 -0.03463066
v -0.02471368 -0.01276018 -0.03728829
v -0.02813775 -0.01549007 -0.03463240
v -0.02622789 -0.01858129 -0.03463361
v -0.02187742 -0.01724090 -0.03728847
v -0.02527607 -0.01987796 -0.03463359
v -0.02399157 -0.02143492 -0.03463392
v -0.01819399 -0.02114918 -0.03728872
v -0.02148752 -0.02397465 -0.03463487
v -0.01597196 -0.02799045 -0.03463639
v -0.01654905 -0.02764898 -0.03463642
v -0.01441814 -0.02533098 -0.03663006
v -0.01962342 -0.02553703 -0.03463519
v -0.02103107 -0.02438020 -0.03463485
v 0.00041552 0.02453203 -0.03889933
v -0.00340963 0.02422885 -0.03889919
v -0.00792380 0.02306424 -0.03889908
v -0.01214904 0.02105577 -0.03889919
v -0.01591736 0.01828305 -0.03889923
v -0.01907955 0.01484386 -0.03889900
v -0.02153655 0.01082561 -0.03889902
v -0.02317418 0.00647504 -0.03889914
v -0.02395790 0.00202925 -0.03889918
v -0.02387627 -0.00264369 -0.03889906
v -0.02288147 -0.00725665 -0.03889903
v -0.02133031 -0.01103290 -0.03889912
v -0.01887530 -0.01491081 -0.03889935
v -0.01568705 -0.01829325 -0.03889966
v -0.01287936 -0.02269807 -0.03815172
v 0.03854167 -0.02494105 -0.01686314
v 0.03878339 -0.02547010 -0.01147338
v 0.03910400 -0.02567725 -0.01150368
v 0.03890852 -0.02561345 -0.00049542
v 0.03899483 -0.02563434 -0.00049543
v 0.03937817 -0.02588015 -0.00049549
v 0.03950202 -0.02611621 -0.00049552
v 0.03928705 -0.02601187 -0.01153338
v 0.03797694 -0.01666330 -0.03034849
v 0.03743500 -0.01335402 -0.03224010
v 0.03780595 -0.01415118 -0.03153447
v 0.03733987 -0.01232280 -0.03258483
v 0.03761005 -0.01152410 -0.03244749
v 0.03709304 -0.00974049 -0.03330092
v 0.03706507 -0.00611602 -0.03372316
v 0.03670353 -0.00621991 -0.03400713
v 0.03813384 -0.01898502 -0.02883560
v 0.03787936 -0.01824935 -0.02983358
v 0.03766834 -0.01591744 -0.03117510
v 0.03829420 -0.02104118 -0.02698740
v 0.03807367 -0.02030321 -0.02822651
v 0.03791020 -0.01858388 -0.02960281
v 0.03844290 -0.02346670 -0.02436184
v 0.03825475 -0.02201774 -0.02643536
v 0.03815413 -0.02109682 -0.02746135
v 0.03846916 -0.02274882 -0.02482032
v 0.03865493 -0.02403053 -0.02238020
v 0.03862310 -0.02450203 -0.02221893
v 0.03883762 -0.02490743 -0.01976216
v 0.03881729 -0.02532296 -0.01967416
v 0.03902382 -0.02594518 -0.01655346
v 0.03900529 -0.02547218 -0.01705300
v 0.03923883 -0.02634483 -0.01278610
v 0.03930220 -0.02641933 -0.01155826
v 0.03947837 -0.02655088 -0.00753755
v 0.03959250 -0.02658298 -0.00049758
v 0.03932707 -0.02582200 -0.00049548
v 0.03921748 -0.02583384 -0.01151912
v 0.03920183 -0.02572315 -0.00049546
v 0.03839666 -0.02439170 -0.01950362
v 0.03790446 -0.02372538 -0.02136756
v 0.03824748 -0.02352925 -0.02204808
v 0.03732952 -0.00600763 -0.03335300
v 0.03738602 -0.00595569 -0.03313074
v 0.03777774 -0.01130055 -0.03191014
v 0.03776807 -0.01137467 -0.03209819
v 0.03789017 -0.01388462 -0.03100046
v 0.03791045 -0.01397224 -0.03118214
v 0.03796471 -0.01635741 -0.02984252
v 0.03801733 -0.01645585 -0.03000920
v 0.03802817 -0.01865014 -0.02838715
v 0.03810997 -0.01875459 -0.02853080
v 0.03811919 -0.02068191 -0.02660550
v 0.03822145 -0.02079018 -0.02672543
v 0.03824944 -0.02235596 -0.02449638
v 0.03836466 -0.02247079 -0.02459724
v 0.03839941 -0.02361070 -0.02211642
v 0.03852510 -0.02373039 -0.02219896
v 0.03855462 -0.02447267 -0.01955912
v 0.03868835 -0.02459445 -0.01962350
v 0.03884365 -0.02514797 -0.01695321
v 0.03894743 -0.02530163 -0.01700312
v 0.03753969 -0.01743021 -0.02869694
v 0.03790617 -0.01856112 -0.02826330
v 0.03786623 -0.01626607 -0.02968839
v 0.03754553 -0.01815491 -0.02825062
v 0.03757737 -0.01957067 -0.02721471
v 0.03798316 -0.02059772 -0.02650700
v 0.03735044 -0.00582023 -0.03243912
v 0.03741976 -0.00678637 -0.03227022
v 0.03739581 -0.00590791 -0.03290019
v 0.03754371 -0.00979014 -0.03160830
v 0.03774325 -0.01122518 -0.03171295
v 0.03756313 -0.01105796 -0.03126769
v 0.03782292 -0.01379823 -0.03082016
v 0.03756511 -0.01331883 -0.03055250
v 0.03754199 -0.01609393 -0.02940762
v 0.03810478 -0.02227359 -0.02441472
v 0.03878639 -0.02474379 -0.01969256
v 0.03861379 -0.02387481 -0.02228908
v 0.03844097 -0.02260580 -0.02470824
v 0.03828222 -0.02091311 -0.02685624
v 0.03814660 -0.01886832 -0.02868380
v 0.03802176 -0.01655873 -0.03018056
v 0.03788230 -0.01406114 -0.03136143
v 0.03771225 -0.01144876 -0.03227720
v 0.03721860 -0.00606202 -0.03355286
v 0.03761656 -0.02050160 -0.02637524
v 0.03765642 -0.02119680 -0.02563463
v 0.03773259 -0.02221032 -0.02430975
v 0.03784113 -0.02325880 -0.02245646
v -0.01206087 0.03059850 -0.03430283
v -0.01589313 0.02873383 -0.03430213
v -0.01601811 0.02895359 -0.03397474
v -0.02792901 0.01691482 -0.03430307
v -0.02986039 0.01311595 -0.03430017
v -0.03009287 0.01321600 -0.03397339
v -0.02268273 0.02361021 -0.03430669
v -0.03254448 0.00068779 -0.03431053
v -0.03030269 -0.01182749 -0.03429858
v -0.02850712 -0.01569237 -0.03429999
v -0.03158855 -0.00776448 -0.03430217
v -0.03234205 -0.00356971 -0.03430777
v -0.03218944 0.00493510 -0.03430672
v -0.02552483 0.02043382 -0.03430699
v -0.01945301 0.02639080 -0.03430301
v -0.00383735 0.03277130 -0.03430303
v -0.03163652 0.00919981 -0.03357535
v -0.03153121 0.00916974 -0.03397449
v -0.03128842 0.00910057 -0.03430189
v -0.02814606 0.01704366 -0.03397533
v -0.02572224 0.02058868 -0.03397787
v -0.01967104 0.02668015 -0.03357587
v -0.01960513 0.02659256 -0.03397534
v -0.00808409 0.03219606 -0.03397479
v -0.00386997 0.03302241 -0.03397544
v -0.03258972 -0.00359791 -0.03397813
v -0.03279302 0.00069211 -0.03397998
v -0.03269513 -0.00360998 -0.03357656
v -0.03289820 0.00069393 -0.03357737
v -0.02580685 0.02065522 -0.03357678
v -0.02824003 0.01709963 -0.03357578
v -0.03019411 0.01325969 -0.03357491
v -0.02285867 0.02378971 -0.03397772
v -0.02293424 0.02386693 -0.03357682
v -0.00388412 0.03313161 -0.03357605
v -0.00811209 0.03230224 -0.03357562
v -0.01219763 0.03093372 -0.03357577
v 0.00041557 0.03304611 -0.03430344
v 0.00041557 0.03329886 -0.03397565
v 0.00041558 0.03340856 -0.03357607
v -0.02872850 -0.01581379 -0.03397313
v -0.03053791 -0.01191940 -0.03397214
v -0.02882458 -0.01586684 -0.03357463
v -0.03064020 -0.01195963 -0.03357414
v -0.02884029 -0.01587613 -0.03303821
v -0.03065708 -0.01196672 -0.03303823
v -0.03183261 -0.00782504 -0.03397451
v -0.03193797 -0.00785132 -0.03357514
v -0.03195532 -0.00785585 -0.03303824
v -0.03250331 -0.00514927 -0.03303824
v -0.03271228 -0.00361203 -0.03303824
v -0.03291520 0.00069417 -0.03303825
v -0.03283678 0.00246478 -0.03303826
v -0.03243700 0.00497196 -0.03397756
v -0.03254294 0.00498776 -0.03357648
v -0.03256029 0.00499035 -0.03303827
v -0.03165396 0.00920496 -0.03303828
v -0.03143130 0.00995539 -0.03303828
v -0.03021088 0.01326714 -0.03303829
v -0.02836058 0.01693074 -0.03303830
v -0.02825545 0.01710916 -0.03303830
v -0.02582056 0.02066634 -0.03303831
v -0.02378522 0.02302588 -0.03303832
v -0.02294657 0.02387975 -0.03303833
v -0.01968181 0.02669481 -0.03303834
v -0.01794462 0.02792198 -0.03303834
v -0.01607230 0.02904917 -0.03357560
v -0.01215632 0.03083230 -0.03397520
v -0.00801954 0.03195165 -0.03430220
v -0.01608114 0.02906514 -0.03303835
v 0.00041558 0.03342677 -0.03303835
v -0.00388642 0.03314976 -0.03303837
v -0.00811663 0.03231991 -0.03303837
v -0.01114422 0.03136284 -0.03303836
v -0.01220431 0.03095062 -0.03303836
v 0.03060499 0.01586104 -0.03357450
v 0.03278868 0.01165898 -0.03357463
v 0.03269371 0.01160191 -0.03397353
v 0.03279898 0.01168064 -0.03303766
v 0.03061228 0.01588417 -0.03303695
v 0.02980913 0.01717568 -0.03303621
v 0.02794265 0.01979808 -0.03303540
v 0.02478650 0.02333079 -0.03303642
v 0.02478058 0.02331103 -0.03357406
v 0.02290622 0.02503584 -0.03303674
v 0.02117064 0.02638207 -0.03357385
v 0.02117768 0.02639941 -0.03303637
v 0.01718897 0.02895526 -0.03303513
v 0.01718134 0.02893902 -0.03357321
v 0.01290985 0.03098921 -0.03303804
v 0.03419187 0.00712360 -0.03430038
v 0.03442744 0.00721411 -0.03397208
v 0.03452766 0.00725786 -0.03357181
v 0.03454129 0.00727350 -0.03303404
v 0.01712964 0.02884344 -0.03397330
v 0.02110872 0.02629174 -0.03397328
v 0.02470942 0.02322678 -0.03397344
v 0.02785797 0.01969979 -0.03397296
v 0.01700882 0.02862282 -0.03430194
v 0.02096192 0.02608646 -0.03430113
v 0.02453830 0.02304027 -0.03430112
v 0.02766619 0.01953564 -0.03430107
v 0.03030796 0.01565314 -0.03430201
v 0.03513216 0.00252507 -0.03463025
v 0.03554466 0.00263442 -0.03430674
v 0.03579037 0.00270019 -0.03398050
v 0.03589630 0.00272978 -0.03358005
v 0.03591333 0.00273673 -0.03304379
v 0.03379542 0.00697569 -0.03463193
v 0.03246851 0.01148603 -0.03430077
v 0.03051793 0.01579363 -0.03397411
v 0.02793696 0.01977603 -0.03357318
v 0.02637873 0.02166859 -0.03303580
v 0.03209019 0.01129822 -0.03463284
v 0.02995345 0.01542367 -0.03463484
v 0.02850919 0.01767651 -0.03463454
v 0.02734196 0.01926530 -0.03463433
v 0.02425012 0.02273170 -0.03463428
v 0.02071516 0.02574457 -0.03463446
v 0.01680599 0.02825345 -0.03463623
v 0.01479206 0.02928845 -0.03463711
v 0.01290312 0.03097240 -0.03357582
v 0.01286225 0.03087119 -0.03397542
v 0.01276782 0.03063757 -0.03430363
v 0.01260993 0.03024701 -0.03463786
v 0.00678020 0.03281013 -0.03303822
v 0.00677679 0.03279225 -0.03357549
v 0.00675588 0.03268461 -0.03397469
v 0.00670765 0.03243665 -0.03430219
v 0.00662713 0.03202279 -0.03463523
v -0.01637602 -0.02914371 -0.03312025
v -0.01958390 -0.02687447 -0.03306745
v -0.02009338 -0.02646225 -0.03306209
v -0.02498669 -0.02156641 -0.03299732
v -0.02703855 -0.01882150 -0.03303796
v -0.02264875 -0.02414008 -0.03304386
v -0.02496891 -0.02158528 -0.03303845
v 0.00838097 0.01979188 -0.03975440
v 0.00642197 0.02041171 -0.03976649
v 0.00937043 0.02223820 -0.03907806
v 0.00732944 0.02348072 -0.03891562
v 0.00955829 0.02270264 -0.03891564
v 0.01040423 0.02479408 -0.03804379
v 0.00841093 0.02713824 -0.03730415
v 0.01147169 0.02743311 -0.03660491
v 0.00442875 0.02089737 -0.03976649
v 0.00503519 0.02403996 -0.03891561
v 0.00575792 0.02778519 -0.03730413
v 0.03720488 -0.00427397 -0.03266407
v 0.03701268 -0.00272565 -0.03283256
v 0.03652793 0.00001649 -0.03299118
v 0.03722677 -0.00433852 -0.03313134
v 0.03720648 -0.00437506 -0.03336388
v 0.03714061 -0.00441675 -0.03358674
v 0.03702161 -0.00446268 -0.03378576
v 0.03686158 -0.00451012 -0.03395446
v 0.03649069 -0.00460427 -0.03423570
v 0.03701520 -0.00276684 -0.03330566
v 0.03698581 -0.00279208 -0.03353984
v 0.03691182 -0.00282340 -0.03376263
v 0.03678675 -0.00286066 -0.03396023
v 0.03662316 -0.00290143 -0.03412745
v 0.03624880 -0.00298565 -0.03440707
v 0.03600992 -0.00156741 -0.03451065
v -0.01623947 -0.02854197 -0.03403294
v -0.02007029 -0.02629360 -0.03351228
v -0.01998180 -0.02607392 -0.03394861
v -0.02237281 -0.02363031 -0.03431998
v -0.02466981 -0.02118601 -0.03432579
v -0.02670707 -0.01852336 -0.03433507
v -0.02693759 -0.01869019 -0.03396225
v -0.02486949 -0.02137749 -0.03394851
v -0.02254680 -0.02385085 -0.03393949
v -0.02703110 -0.01878067 -0.03350944
v -0.02495790 -0.02150514 -0.03350447
v -0.02263290 -0.02401870 -0.03350400
v -0.01359628 -0.03091543 -0.03314757
v -0.01054833 -0.03209548 -0.03393488
v -0.01080713 -0.03268882 -0.03317374
v -0.00785460 -0.03376218 -0.03391394
v -0.00740051 -0.03310784 -0.03451677
v -0.01381718 -0.04745716 -0.02642636
v -0.01105829 -0.04151771 -0.02889920
v -0.01108259 -0.04492823 -0.02842848
v -0.01092118 -0.03511061 -0.03118267
v -0.01100914 -0.03819459 -0.02976393
v -0.01086347 -0.03374054 -0.03215136
v -0.01112296 -0.05178868 -0.02818951
v -0.01383282 -0.05118165 -0.02633190
v -0.00522950 -0.05266127 -0.03116438
v -0.00523059 -0.04600354 -0.03120076
v -0.00523803 -0.04206349 -0.03145183
v -0.00523687 -0.04137233 -0.03153543
v -0.00522953 -0.03934162 -0.03190216
v -0.00522801 -0.03748902 -0.03250889
v -0.02663027 -0.06760723 -0.00367904
v -0.02679695 -0.06768336 -0.00049725
v -0.02613287 -0.06760698 -0.00684083
v -0.02124651 -0.06760732 -0.01855325
v -0.02288930 -0.06760751 -0.01581432
v -0.02425881 -0.06760726 -0.01293909
v -0.02534078 -0.06760690 -0.00994176
v -0.01935208 -0.06760684 -0.02112489
v -0.01722788 -0.06760631 -0.02349809
v -0.01488081 -0.06760349 -0.02566259
v -0.01233031 -0.06760036 -0.02760185
v -0.00961916 -0.06760076 -0.02928101
v -0.00676324 -0.06760146 -0.03069329
v -0.00376886 -0.06760158 -0.03183257
v -0.00068289 -0.06760242 -0.03267929
v 0.00245451 -0.06760088 -0.03322382
v 0.00564559 -0.06752393 -0.03349801
v 0.00764248 -0.06761872 -0.03346614
v 0.01088618 -0.06762180 -0.03325057
v 0.03994139 -0.06746190 -0.00049725
v 0.03991421 -0.06761654 -0.00049554
v 0.03993647 -0.06745978 -0.00157564
v 0.03962882 -0.06761409 -0.00695622
v 0.03709438 -0.06760763 -0.01635668
v 0.03767143 -0.06740544 -0.01513947
v 0.03828857 -0.06761193 -0.01331719
v 0.03850067 -0.06741305 -0.01277945
v 0.03912442 -0.06761128 -0.01015611
v 0.03927387 -0.06742584 -0.00958655
v 0.03973834 -0.06744245 -0.00617659
v 0.03362981 -0.06760482 -0.02186934
v 0.03558928 -0.06738807 -0.01922850
v 0.03554279 -0.06760117 -0.01921262
v 0.03593979 -0.06738933 -0.01865226
v 0.03738599 -0.06740212 -0.01581944
v 0.02622628 -0.06760655 -0.02821781
v 0.02926771 -0.06739753 -0.02617974
v 0.02892933 -0.06760634 -0.02638269
v 0.03188016 -0.06739464 -0.02387467
v 0.03140893 -0.06760801 -0.02426885
v 0.03268973 -0.06739292 -0.02302843
v 0.03410625 -0.06738897 -0.02134916
v 0.01162913 -0.06745283 -0.03319402
v 0.01356379 -0.06744906 -0.03290318
v 0.01410805 -0.06761972 -0.03277193
v 0.01557277 -0.06744341 -0.03249740
v 0.01728098 -0.06761550 -0.03203137
v 0.01940180 -0.06743049 -0.03141292
v 0.02037642 -0.06761225 -0.03102903
v 0.02303880 -0.06741751 -0.02995940
v 0.02336346 -0.06760957 -0.02976337
v 0.02446157 -0.06741165 -0.02925843
v 0.02624778 -0.06740477 -0.02825459
v 0.00912124 -0.05862543 -0.03342922
v 0.00959872 -0.05862536 -0.03339642
v 0.01289992 -0.05862561 -0.03301336
v 0.01661120 -0.05862593 -0.03224304
v 0.01923290 -0.05862555 -0.03146755
v 0.02033160 -0.05862557 -0.03108155
v 0.02392914 -0.05862581 -0.02953064
v 0.02704228 -0.05862593 -0.02776051
v 0.02898579 -0.05862582 -0.02639730
v 0.02985770 -0.05862587 -0.02570664
v 0.03229226 -0.05862590 -0.02345167
v 0.03443616 -0.05862598 -0.02091987
v 0.03559060 -0.05862567 -0.01922937
v 0.03616163 -0.05862537 -0.01827001
v 0.03750970 -0.05862669 -0.01552847
v 0.03767053 -0.05862676 -0.01513915
v 0.03856178 -0.05862630 -0.01257610
v 0.03930920 -0.05862601 -0.00939849
v 0.03976751 -0.05862613 -0.00581539
v 0.03994247 -0.05862613 -0.00049734
v 0.03994063 -0.05862815 -0.00140568
v 0.02444196 -0.00224563 -0.03922360
v 0.02044099 0.00336773 -0.03993564
v 0.02367375 0.00561289 -0.03918936
v 0.01970057 0.01115094 -0.03953952
v 0.01571276 0.01656259 -0.03946099
v 0.01879711 0.01877792 -0.03827104
v 0.03892437 -0.03214606 -0.01084897
v 0.03823341 -0.03492014 -0.01324739
v 0.03787176 -0.03083678 -0.01824843
v 0.03186807 -0.04748990 -0.02400769
v 0.03288639 -0.04611473 -0.02289906
v 0.03517026 -0.05077148 -0.01949269
v 0.02380573 -0.04080972 -0.03124442
v 0.02214289 -0.04198109 -0.03166253
v 0.02054512 -0.03952876 -0.03273294
v 0.02370257 -0.04438897 -0.03055795
v 0.01457073 -0.01663872 -0.03966946
v 0.02577366 0.01557718 -0.03678565
v 0.03738187 -0.01600086 -0.03151968
v 0.03977264 -0.03136282 -0.00049328
v 0.03975867 -0.03096150 -0.00079576
v 0.03974979 -0.03050511 -0.00049325
v 0.03667393 -0.05694470 -0.01729397
v 0.03730239 -0.05556478 -0.01590255
v 0.03811330 -0.05794895 -0.01396072
v 0.01267908 -0.05639081 -0.03306003
v 0.02428302 -0.05532560 -0.02937908
v 0.02568689 -0.05406385 -0.02864015
v 0.03594742 -0.05830762 -0.01864102
v 0.03987980 -0.05198180 -0.00295295
v 0.03993428 -0.05148642 -0.00051756
v 0.03993405 -0.05016792 -0.00052235
v 0.03938977 -0.04712849 -0.00724479
v 0.03993445 -0.04879685 -0.00052684
v 0.03993419 -0.04945118 -0.00052477
v 0.03993082 -0.04276233 -0.00053549
v 0.03993274 -0.04337396 -0.00053574
v 0.03971598 -0.04430086 -0.00441805
v 0.03989719 -0.03802273 -0.00052213
v 0.03991868 -0.04025834 -0.00053159
v 0.03990150 -0.04145342 -0.00161572
v 0.03992558 -0.04148266 -0.00053413
v 0.03943206 -0.03664515 -0.00608317
v 0.03988056 -0.03684289 -0.00051496
v 0.03969852 -0.03382202 -0.00345359
v 0.03985038 -0.03502746 -0.00050427
v 0.03981620 -0.03326013 -0.00049674
v 0.03874391 -0.02809610 -0.01611183
v 0.03697956 -0.02300023 -0.02857909
v 0.03740243 -0.02503740 -0.02610779
v 0.03726543 -0.01956551 -0.03016541
v 0.03639002 -0.01726772 -0.03221304
v 0.03491437 -0.01099141 -0.03472352
v 0.03427126 -0.00320052 -0.03561927
v 0.01168176 0.02177481 -0.03888863
v 0.01470565 0.02394057 -0.03751246
v 0.01760973 0.02602092 -0.03567384
v 0.00854748 0.01954524 -0.03978052
v 0.02170062 -0.01232742 -0.03913125
v 0.01815167 -0.01449235 -0.03948141
v 0.00743517 -0.02089947 -0.03959326
v 0.00390322 -0.02300315 -0.03929088
v -0.00328863 -0.01958044 -0.03996195
v 0.00040234 -0.02507581 -0.03875932
v -0.00671293 -0.02163904 -0.03936311
v -0.01009432 -0.02360915 -0.03835426
v -0.00975390 -0.03077846 -0.03506520
v -0.01339865 -0.02543207 -0.03686227
v -0.00279285 -0.03442531 -0.03498328
v -0.00645448 -0.02901488 -0.03672553
v 0.00063452 -0.03251215 -0.03612229
v 0.00434676 -0.03797770 -0.03464605
v 0.00809891 -0.04346954 -0.03389389
v 0.01502833 -0.02431305 -0.03809128
v 0.01136885 -0.02640556 -0.03793178
v 0.00415149 -0.03051629 -0.03695685
v -0.00305753 -0.02709397 -0.03793413
v 0.02248787 -0.03482141 -0.03342846
v 0.02082788 -0.03230845 -0.03468683
v 0.02443978 -0.03012942 -0.03433483
v 0.02268816 -0.02757656 -0.03570508
v 0.02625029 -0.02540817 -0.03530050
v 0.01888448 -0.03701985 -0.03377791
v 0.01529243 -0.03181269 -0.03585018
v 0.01901362 -0.02971136 -0.03589303
v 0.01157972 -0.03388779 -0.03560476
v 0.00792002 -0.03594400 -0.03519864
v 0.01524745 -0.03918428 -0.03394033
v 0.01163798 -0.04133149 -0.03397043
v 0.01875451 -0.04428848 -0.03235432
v 0.02048354 -0.04677275 -0.03151620
v 0.02394856 -0.05165063 -0.02966954
v 0.02679419 -0.04913149 -0.02822194
v 0.02704524 -0.05278786 -0.02784047
v 0.03436947 -0.05216790 -0.02077481
v 0.03347886 -0.05354648 -0.02200484
v 0.03076870 -0.04884607 -0.02506017
v 0.02959383 -0.05018098 -0.02605105
v 0.02670485 -0.04551466 -0.02872166
v 0.03478064 -0.05593010 -0.02037810
v 0.03292480 -0.05795037 -0.02276371
v 0.03250098 -0.05490494 -0.02317600
v 0.03144023 -0.05624307 -0.02428489
v 0.02835018 -0.05149442 -0.02697788
v 0.03030231 -0.05756224 -0.02533067
v 0.02284114 -0.05657651 -0.03005946
v 0.01533790 -0.04656715 -0.03289099
v 0.01907546 -0.05163345 -0.03163232
v 0.01194180 -0.04883382 -0.03329508
v 0.01588791 -0.05402019 -0.03245133
v 0.00858906 -0.05108674 -0.03352845
v 0.03629117 -0.02083405 -0.03084769
v 0.03526966 -0.01850747 -0.03283199
v 0.02401323 -0.03725525 -0.03212127
v 0.02598131 -0.03257604 -0.03285369
v 0.02789578 -0.02790948 -0.03376640
v 0.02961126 -0.02319266 -0.03469131
v 0.03662268 -0.03356772 -0.02034388
v 0.03634086 -0.03159245 -0.02278420
v 0.03763834 -0.02698912 -0.02351391
v 0.03600980 -0.02962439 -0.02523493
v 0.03555023 -0.02761455 -0.02763771
v 0.03488242 -0.02551552 -0.02992604
v 0.03393526 -0.02328705 -0.03202897
v 0.03501020 -0.03628455 -0.02241073
v 0.03304167 -0.03898037 -0.02441422
v 0.03448935 -0.03424405 -0.02462799
v 0.03224880 -0.03685891 -0.02637749
v 0.03390990 -0.03220170 -0.02684578
v 0.03139888 -0.03472676 -0.02833077
v 0.03319812 -0.03011327 -0.02901659
v 0.03042896 -0.03254654 -0.03023991
v 0.03228193 -0.02793672 -0.03108624
v 0.03073023 -0.04164124 -0.02629099
v 0.02966290 -0.03943143 -0.02798233
v 0.02854856 -0.03720321 -0.02965368
v 0.03935500 -0.02936762 -0.00842421
v 0.03895807 -0.03945159 -0.00870430
v 0.03729936 -0.03771074 -0.01566538
v 0.03650504 -0.04794428 -0.01681817
v 0.03466821 -0.04332640 -0.02055297
v 0.03752761 -0.04510196 -0.01408233
v 0.02221298 -0.04922332 -0.03062502
v 0.02524728 -0.04676736 -0.02941297
v 0.02811057 -0.04424276 -0.02797033
v 0.03629566 -0.05316471 -0.01774004
v 0.03744288 -0.05034809 -0.01495439
v 0.03893662 -0.04995102 -0.01012356
v 0.03941368 -0.05237279 -0.00805332
v 0.03972291 -0.05479260 -0.00593454
v 0.03827642 -0.05276868 -0.01303159
v 0.03892146 -0.05517517 -0.01102055
v 0.03938115 -0.05757934 -0.00894994
v 0.02175125 0.02092535 -0.03657617
v 0.02281079 0.01338462 -0.03841602
v 0.02966068 0.01009570 -0.03635606
v 0.03336761 0.00461171 -0.03538864
v 0.03062718 0.00231055 -0.03710032
v 0.03328948 -0.00831368 -0.03592358
v 0.03587893 -0.00589909 -0.03459984
v 0.03388898 -0.01601293 -0.03447803
v 0.03630318 -0.01356568 -0.03327437
v 0.02675871 0.00786154 -0.03801299
v 0.02763925 0.00001867 -0.03835630
v 0.02845051 -0.00787749 -0.03788866
v 0.03149701 -0.00556683 -0.03691328
v 0.03039527 -0.01066025 -0.03696086
v 0.02918431 -0.01568492 -0.03669144
v 0.03223281 -0.01338388 -0.03583564
v 0.03103746 -0.01835530 -0.03541559
v 0.03265526 -0.02090146 -0.03387474
v 0.03110006 -0.02563732 -0.03299710
v 0.02927810 -0.03028344 -0.03206569
v 0.02733752 -0.03492706 -0.03128519
v 0.02701931 -0.03842126 -0.03024079
v 0.02543472 -0.03962352 -0.03077135
v 0.02945531 -0.04295116 -0.02715907
v 0.02108415 -0.00447695 -0.03979985
v 0.02515848 -0.01012759 -0.03860779
v 0.02584553 -0.01790505 -0.03733360
v 0.02782357 -0.02060326 -0.03612912
v 0.02231589 -0.02006801 -0.03777957
v 0.02435552 -0.02278327 -0.03663731
v 0.01868906 -0.02219953 -0.03803387
v 0.02074054 -0.02492364 -0.03694427
v 0.03832223 -0.04226822 -0.01136494
v 0.03612437 -0.04051696 -0.01811500
v 0.03383416 -0.04112654 -0.02246736
v 0.03179443 -0.04386114 -0.02459420
v -0.00434800 -0.03736064 -0.03293597
v -0.00289969 -0.03846507 -0.03303861
v -0.00003199 -0.04069123 -0.03331389
v 0.00010748 -0.05021483 -0.03274892
v 0.00012691 -0.04534650 -0.03279072
v 0.00285023 -0.04536437 -0.03331112
v -0.00269534 -0.04071330 -0.03246372
v 0.00009723 -0.04296692 -0.03293767
v -0.02654241 -0.05153534 -0.00461222
v -0.02633071 -0.05497870 -0.00595473
v -0.02685273 -0.05496097 -0.00049808
v -0.02492611 -0.05502910 -0.01123873
v -0.02497049 -0.05154527 -0.01111080
v -0.02591838 -0.05153470 -0.00790184
v -0.02633256 -0.05153478 -0.00593396
v 0.03588847 -0.00296613 -0.03324767
v 0.03578675 -0.00299342 -0.03344090
v 0.00757792 0.03160442 -0.03309232
v 0.00879875 0.03128652 -0.03313798
v 0.00933619 0.03113035 -0.03315684
v 0.01518731 0.02887381 0.03244104
v 0.01717870 0.02895547 0.03244072
v 0.01669694 0.02808390 0.03244055
v 0.02058639 0.02559499 0.03244162
v 0.02117909 0.02639762 0.03244187
v 0.02290523 0.02503441 0.03244211
v 0.02408646 0.02261532 0.03244091
v 0.02478365 0.02332921 0.03244167
v 0.02533313 0.02133251 0.03244055
v 0.02637715 0.02166719 0.03244103
v 0.02715776 0.01918546 0.03244210
v 0.02794221 0.01979725 0.03244053
v 0.02847585 0.01738275 0.03244361
v 0.02980590 0.01717282 0.03244035
v 0.02975080 0.01538075 0.03244301
v 0.03060191 0.01588766 0.03244040
v 0.03187957 0.01128007 0.03243908
v 0.03278323 0.01168967 0.03244117
v 0.03359468 0.00695563 0.03243767
v 0.03591330 0.00273345 0.03244631
v 0.03494679 0.00247971 0.03244617
v 0.03489008 0.00622744 0.03244370
v 0.03453682 0.00727950 0.03244307
v 0.03601298 -0.00287317 0.03232668
v 0.03652757 0.00000853 0.03241484
v 0.03700435 -0.00274270 0.03230688
v 0.03640544 -0.00730496 0.03202154
v 0.03739172 -0.01958819 0.02709962
v 0.03701896 -0.02018385 0.02781868
v 0.03746829 -0.01678183 0.02900343
v 0.03686511 -0.01715012 0.02971630
v 0.03748086 -0.01621189 0.02929894
v 0.03683441 -0.01654040 0.02999136
v 0.03751126 -0.01262863 0.03069370
v 0.03665311 -0.01277878 0.03118329
v 0.03747467 -0.00976508 0.03140650
v 0.03652595 -0.00984954 0.03171498
v 0.03738771 -0.00723221 0.03184695
v 0.03733233 -0.00623115 0.03198161
v 0.03749764 -0.02471690 0.01781808
v 0.03736559 -0.02353110 0.02175672
v 0.03730185 -0.02445208 0.02215108
v 0.03734388 -0.02194946 0.02457511
v 0.03716630 -0.02275159 0.02515615
v 0.03709257 -0.02153890 0.02658863
v 0.03770171 -0.02530979 0.01327035
v 0.03785248 -0.02554472 0.00868706
v -0.01637669 -0.05003605 0.02425085
v -0.01570800 -0.05001820 0.02350764
v -0.01738541 -0.05063172 0.02327647
v -0.01667787 -0.05061692 0.02256591
v -0.01844123 -0.05102347 0.02215167
v -0.01770097 -0.05100924 0.02148295
v -0.02044451 -0.05137460 0.01968843
v -0.01964426 -0.05136392 0.01910009
v -0.02220975 -0.05148617 0.01703632
v -0.02135147 -0.05148125 0.01652353
v -0.01540649 -0.04977458 0.02378194
v -0.01606693 -0.04979368 0.02453255
v -0.01417463 -0.04821472 0.02486305
v -0.01480477 -0.04823704 0.02563932
v -0.01337063 -0.04607265 0.02559906
v -0.01397182 -0.04612737 0.02639677
v -0.01291959 -0.04376535 0.02615223
v -0.01349896 -0.04386710 0.02696098
v -0.01255198 -0.04133301 0.02679410
v -0.01311261 -0.04149123 0.02760682
v -0.01213698 -0.03697680 0.02830684
v -0.01266487 -0.03728409 0.02910047
v -0.01230873 -0.03362461 0.02994016
v -0.01600993 -0.02969702 0.03258883
v -0.01550873 -0.02896159 0.03213316
v -0.01439697 -0.03098859 0.03234359
v -0.01391222 -0.03030198 0.03180161
v -0.01334651 -0.03231554 0.03173530
v -0.01286596 -0.03170376 0.03110655
v -0.01284029 -0.03388794 0.03079150
v -0.01280140 -0.03411402 0.03066071
v -0.00486860 -0.05689346 0.03029112
v -0.00486507 -0.05514758 0.03026845
v 0.00033145 -0.05676553 0.03181482
v -0.00173621 -0.05510877 0.03130912
v 0.00478661 -0.05862934 0.03243926
v 0.00281839 -0.05863306 0.03224236
v 0.00100548 -0.05863493 0.03196145
v -0.00261980 -0.05864047 0.03108329
v -0.00487110 -0.05863791 0.03031359
v 0.00570134 -0.05674303 0.03247724
v 0.00032817 -0.05508908 0.03180590
v 0.00193602 -0.05507982 0.03209841
v 0.00567992 -0.05506903 0.03250062
v 0.00549914 -0.05091592 0.03252716
v 0.00531033 -0.04934287 0.03253169
v 0.00503635 -0.04791057 0.03253794
v 0.00463740 -0.04652836 0.03254503
v 0.00437137 -0.04582887 0.03254820
v 0.00338038 -0.04390584 0.03254914
v 0.00203636 -0.04206479 0.03252999
v -0.00025201 -0.03963821 0.03248903
v -0.00257206 -0.03751257 0.03247387
v -0.00324977 -0.03694116 0.03247540
v -0.00222927 -0.06298158 0.03126058
v 0.00280571 -0.06297975 0.03231223
v 0.00761990 -0.06725202 0.03250055
v 0.00761336 -0.06616511 0.03250029
v 0.00760154 -0.05876536 0.03249767
v -0.00565584 -0.06112646 0.03003280
v -0.00564543 -0.05863789 0.03000629
v -0.01820517 -0.06962586 -0.00029514
v 0.02985222 -0.06962586 0.00603173
v -0.01737222 -0.06962586 0.00603173
v -0.01493013 -0.06962586 0.01192744
v 0.02741013 -0.06962586 0.01192744
v 0.02352534 -0.06962586 0.01699020
v -0.01104534 -0.06962586 0.01699020
v 0.03068517 -0.06962586 -0.00029514
v 0.01846258 -0.06962586 0.02087499
v -0.00008688 -0.06962586 0.02331708
v 0.00624000 -0.06962586 0.02415003
v -0.00598258 -0.06962586 0.02087499
v 0.01256688 -0.06962586 0.02331708
v 0.00629116 0.03188522 0.03304360
v 0.03601751 -0.00286977 0.03257667
v 0.03602275 -0.00286665 0.03285802
v 0.03494640 0.00248114 0.03274769
v 0.03554671 -0.00018167 0.03300596
v 0.03554630 -0.00018402 0.03270396
v 0.03579265 -0.00148039 0.03265575
v 0.03579562 -0.00147577 0.03295148
v -0.01485259 -0.05863586 0.02430598
v -0.01569273 -0.05863490 0.02354407
v -0.01322220 -0.04741921 0.02562897
v -0.01043701 -0.03317596 0.03145028
v -0.01048491 -0.03465639 0.03041146
v -0.01056853 -0.04485211 0.02757957
v -0.01056144 -0.04136067 0.02805117
v -0.01053952 -0.03791660 0.02893147
v -0.01059531 -0.05179648 0.02734553
v -0.01323097 -0.05118044 0.02553875
v -0.01198176 -0.05863725 0.02655224
v -0.01087561 -0.05863768 0.02728971
v -0.00891367 -0.05863813 0.02844834
v -0.00491007 -0.04262309 0.03045281
v -0.00486712 -0.04683967 0.03025204
v -0.00485934 -0.05288197 0.03024304
v -0.00493704 -0.03827888 0.03120450
v -0.00493793 -0.03961650 0.03086683
v -0.00492519 -0.04124987 0.03059860
v -0.00486858 -0.03606110 0.03223499
v -0.00492723 -0.03751414 0.03147096
v 0.01050964 -0.05876536 0.03232012
v 0.03687476 -0.05876552 0.01443700
v 0.03815012 -0.05876553 0.01010561
v 0.03879458 -0.05876553 0.00545915
v 0.03489394 -0.05876550 0.01845988
v 0.03211065 -0.05876547 0.02218972
v 0.02638546 -0.05876543 0.02699561
v 0.02407235 -0.05876542 0.02833498
v 0.02158075 -0.05876540 0.02951447
v 0.01338716 -0.05876537 0.03192320
v 0.01893405 -0.05876539 0.03051787
v 0.01338716 -0.06316105 0.03192320
v 0.01893405 -0.06316108 0.03051787
v 0.02850851 -0.06316114 0.02550902
v 0.02407235 -0.06316111 0.02833498
v 0.03211065 -0.06316117 0.02218972
v 0.03687476 -0.06316120 0.01443700
v 0.03489394 -0.06316119 0.01845988
v 0.03815012 -0.06316122 0.01010561
v 0.03879458 -0.06316123 0.00545915
v 0.03894189 -0.06316123 0.00103698
v 0.03894153 -0.06729627 0.00103698
v 0.03041183 -0.05876546 0.02390685
v 0.02850851 -0.05876544 0.02550902
v -0.00239031 -0.04054779 0.03153133
v 0.00026145 -0.04042858 0.03240023
v 0.00032758 -0.04286522 0.03197543
v -0.00397125 -0.03690592 0.03213447
v -0.00252879 -0.03808207 0.03219825
v 0.00033301 -0.04531496 0.03181803
v 0.00030738 -0.05022166 0.03177454
v 0.00302628 -0.04530295 0.03233375
v 0.03856788 -0.02558400 0.00000461
v 0.03856763 -0.02558397 0.00050461
v 0.03845207 -0.02554526 0.00870292
v 0.03836888 -0.02543589 0.01145226
v 0.03830163 -0.02531012 0.01329310
v 0.03809751 -0.02471649 0.01784766
v 0.03891193 -0.02561333 0.00050468
v 0.03891049 -0.02561330 0.00000481
v 0.03920493 -0.02572285 0.00000493
v 0.03938147 -0.02587919 0.00000495
v 0.03959313 -0.02658277 0.00000470
v 0.03950372 -0.02611329 0.00000490
v 0.03899526 -0.02563324 0.00050470
v 0.03959915 -0.02658295 0.00050499
v 0.03950439 -0.02611097 0.00050489
v 0.03938398 -0.02587878 0.00050482
v 0.03933028 -0.02581846 0.00050480
v 0.03920738 -0.02572297 0.00050476
v -0.02685900 -0.05862596 0.00050447
v -0.00236744 -0.05862509 0.03219923
v 0.00111995 -0.05862293 0.03299788
v 0.00004414 -0.05674982 0.03277649
v 0.00272921 -0.05862295 0.03323904
v 0.00548644 -0.05673097 0.03346826
v 0.00496848 -0.05862436 0.03345469
v 0.00764355 -0.05862575 0.03349726
v -0.00522804 -0.05862593 0.03124764
v -0.00522833 -0.05513519 0.03119802
v 0.00010261 -0.05508533 0.03278041
v 0.00562825 -0.05507684 0.03350573
v 0.00761230 -0.05482270 0.03351665
v 0.00417703 -0.04213961 0.03392972
v 0.00244460 -0.04303931 0.03348569
v 0.00542117 -0.04393462 0.03382528
v 0.00342157 -0.04440803 0.03350819
v 0.00597106 -0.04501132 0.03376682
v 0.00443921 -0.04647297 0.03351096
v 0.00638049 -0.04601570 0.03371811
v 0.00502608 -0.04839713 0.03350572
v 0.00703731 -0.04837485 0.03362958
v 0.00541487 -0.05088938 0.03349730
v 0.00740925 -0.05099789 0.03356860
v 0.00230753 -0.04013913 0.03404967
v -0.00007767 -0.04040279 0.03339257
v 0.00204190 -0.04256101 0.03347200
v -0.00481770 -0.03570904 0.03387200
v -0.00522801 -0.03629868 0.03321182
v -0.00330655 -0.03770446 0.03325327
v 0.00163422 -0.03951869 0.03409013
v 0.00122180 -0.03915635 0.03411549
v -0.00234512 -0.03846261 0.03329527
v -0.00035359 -0.03786849 0.03421383
v -0.00435838 -0.03503739 0.03442043
v -0.00264087 -0.06742779 0.03221419
v -0.00239353 -0.06303561 0.03225514
v -0.00605974 -0.06742843 0.03102693
v 0.00564515 -0.06743696 0.03350397
v 0.00764345 -0.06745110 0.03350080
v 0.00764353 -0.06304071 0.03349997
v 0.00272158 -0.06303314 0.03331015
v 0.00449227 -0.06743526 0.03345126
v 0.00271611 -0.06743275 0.03329009
v 0.00089066 -0.06743040 0.03302569
v -0.00602587 -0.05862590 0.03093100
v 0.03994051 -0.06746241 0.00050451
v 0.03991647 -0.06761768 0.00050456
v 0.03984519 -0.06775746 0.00050461
v 0.03993946 -0.05862624 0.00050470
v -0.02674402 -0.06776286 0.00050461
v -0.02682544 -0.06761599 0.00050461
v -0.02685364 -0.06745046 0.00050461
v 0.01245165 -0.07062586 -0.02318222
v -0.01454461 -0.07062586 -0.01200000
v 0.01281626 -0.07062586 0.03048137
v 0.00843984 -0.07062586 0.03104983
v 0.01245165 -0.07062586 0.02318222
v 0.00624000 -0.07062586 0.02400000
v 0.02917941 -0.07062586 0.02144288
v 0.02488370 -0.07062586 0.02518591
v 0.02321056 -0.07062586 0.01697056
v 0.01824000 -0.07062586 0.02078461
v 0.01965175 -0.07062586 0.02825916
v 0.01866527 -0.07062586 0.02869188
v 0.01414005 -0.07062586 0.03018185
v 0.02321056 -0.07062586 -0.01697056
v 0.01824000 -0.07062586 -0.02078461
v 0.00002834 -0.07062586 0.02318222
v -0.00364624 -0.07062586 0.02934978
v -0.00576000 -0.07062586 0.02078461
v -0.00877030 -0.07062586 0.02701237
v -0.01073057 -0.07062586 0.01697056
v 0.00686393 -0.07062586 0.03109987
v 0.00234010 -0.07062586 0.03080121
v -0.00209312 -0.07062586 0.02984773
v 0.03118437 -0.07062586 0.01910451
v 0.02702461 -0.07062586 0.01200000
v 0.03286204 -0.07062586 0.01672605
v 0.03441335 -0.07062586 0.01400195
v 0.02942222 -0.07062586 0.00621166
v 0.03561468 -0.07062586 0.01130771
v 0.02702461 -0.07062586 -0.01200000
v 0.00002834 -0.07062586 -0.02318222
v 0.00624000 -0.07062586 -0.02400000
v -0.00576000 -0.07062586 -0.02078461
v -0.01073057 -0.07062586 -0.01697056
v -0.01694222 -0.07062586 -0.00621166
v -0.01380694 -0.07062586 0.02343649
v -0.01787900 -0.07062586 0.01912844
v -0.01454461 -0.07062586 0.01200000
v -0.02096424 -0.07062586 0.01431919
v -0.01694222 -0.07062586 0.00621166
v 0.03024000 -0.07062586 -0.00000000
v 0.03724354 -0.07062586 0.00555094
v 0.03657291 -0.07062586 0.00845169
v 0.02942222 -0.07062586 -0.00621166
v -0.02432138 -0.07062586 0.00289454
v -0.01776000 -0.07062586 -0.00000000
v -0.02395715 -0.07062586 0.00555344
v -0.02317138 -0.07062586 0.00885108
v -0.02650611 -0.06776140 0.00407463
v -0.02487309 -0.06775842 0.01111668
v -0.02587934 -0.06775991 0.00764837
v -0.02348653 -0.06775694 0.01447075
v -0.02297794 -0.06775647 0.01548587
v -0.01455690 -0.06775098 0.02583643
v -0.01725374 -0.06775247 0.02336807
v -0.01964849 -0.06775396 0.02063766
v -0.02173400 -0.06775545 0.01766189
v 0.00194632 -0.06774352 0.03308777
v 0.00027337 -0.06774422 0.03280928
v -0.00167480 -0.06774502 0.03237138
v -0.00513138 -0.06774651 0.03128019
v -0.00846183 -0.06774800 0.02981360
v -0.01160951 -0.06774949 0.02799509
v 0.00564806 -0.06774200 0.03340247
v 0.00688939 -0.06776405 0.03340163
v 0.00764004 -0.06776492 0.03339050
v 0.00860646 -0.06776574 0.03335399
v 0.01230954 -0.06776872 0.03298755
v 0.01356356 -0.06776965 0.03278356
v 0.01613969 -0.06777150 0.03223548
v 0.01973022 -0.06777387 0.03115884
v 0.02309590 -0.06777585 0.02976989
v 0.02619366 -0.06777749 0.02809770
v 0.02890951 -0.06777879 0.02623845
v 0.03135102 -0.06777980 0.02414540
v 0.03279795 -0.06777751 0.02264473
v 0.03487924 -0.06777316 0.01998651
v 0.03644352 -0.06777904 0.01737574
v 0.03778456 -0.06778044 0.01439310
v 0.03874319 -0.06777479 0.01132939
v 0.03937336 -0.06776879 0.00819165
v 0.03953859 -0.06776652 0.00695246
v 0.03975631 -0.06776191 0.00429009
v 0.00744644 0.01748140 0.04015166
v 0.00280210 0.01870153 0.04015127
v 0.00515859 0.01824019 0.04015156
v 0.00853521 0.01699833 0.04015080
v 0.01088671 0.01563896 0.04015080
v 0.01304907 0.01392219 0.04015262
v 0.01493456 0.01193212 0.04015305
v 0.01648975 0.00971834 0.04015152
v 0.01770732 0.00728721 0.04015080
v 0.01856089 0.00469230 0.04015235
v 0.01903236 0.00199557 0.04015468
v 0.01911243 -0.00073128 0.04015582
v 0.01878961 -0.00345229 0.04015506
v 0.01807983 -0.00610070 0.04015312
v 0.01701124 -0.00858550 0.04015166
v 0.01559330 -0.01088132 0.04015181
v 0.01384532 -0.01295297 0.04015296
v 0.00436676 -0.01824119 0.04014668
v 0.00696222 -0.01746072 0.04015004
v 0.01175818 -0.01479008 0.04015347
v 0.00943478 -0.01631000 0.04015244
v -0.00100957 -0.01863446 0.04014112
v 0.00169835 -0.01863693 0.04014335
v -0.00135693 -0.01860463 0.04014112
v -0.00387979 -0.01818257 0.04014094
v -0.00651543 -0.01733588 0.04014472
v -0.00903414 -0.01609774 0.04015139
v -0.01129751 -0.01455670 0.04015163
v -0.01330541 -0.01270168 0.04015153
v -0.01438755 -0.01142662 0.04015138
v -0.01498655 -0.01060705 0.04015131
v -0.01636072 -0.00827505 0.04015119
v -0.01740432 -0.00573521 0.04015115
v -0.01807596 -0.00305833 0.04015117
v -0.01822856 -0.00201019 0.04015119
v -0.01834718 -0.00032436 0.04015124
v -0.01820956 0.00238071 0.04015130
v -0.01768469 0.00501437 0.04015127
v -0.01677552 0.00758944 0.04015119
v -0.01549649 0.01002948 0.04015111
v -0.01454863 0.01141546 0.04015109
v -0.01387860 0.01225470 0.04015108
v -0.01196848 0.01419438 0.04015113
v -0.00981897 0.01581828 0.04015113
v -0.00742759 0.01713453 0.04015109
v -0.00598532 0.01772604 0.04015107
v -0.00486404 0.01809312 0.04015106
v -0.00219350 0.01867057 0.04015105
v 0.00041542 0.01885561 0.04015103
v -0.01050751 0.01831631 0.03976041
v -0.01378372 0.01590634 0.03976043
v -0.01667379 -0.02757319 0.03464179
v -0.01597206 -0.02799060 0.03464178
v -0.01444273 -0.02536874 0.03661054
v -0.01161801 -0.02052676 0.03908373
v -0.01028776 -0.01824676 0.03976009
v -0.01357986 -0.01589220 0.03976086
v -0.00965512 -0.01716234 0.03998301
v -0.01568714 -0.01829340 0.03890505
v -0.01189514 -0.02100175 0.03890490
v -0.01819410 -0.02114936 0.03729411
v -0.01300779 -0.02290895 0.03804942
v -0.01962352 -0.02553721 0.03464058
v -0.02103123 -0.02438044 0.03464032
v -0.02187751 -0.01724105 0.03729387
v -0.02401133 -0.02141278 0.03463939
v -0.02150297 -0.02396130 0.03464019
v -0.02471379 -0.01276036 0.03729368
v -0.02623798 -0.01856830 0.03463859
v -0.02527632 -0.01987826 0.03463895
v -0.02650567 -0.00839715 0.03729360
v -0.02991077 -0.01167466 0.03463605
v -0.02813785 -0.01549022 0.03463779
v -0.02765443 -0.00306736 0.03729361
v -0.03117991 -0.00766333 0.03464020
v -0.03061007 -0.00968807 0.03463762
v -0.02774780 0.00233162 0.03729370
v -0.03212298 0.00068028 0.03464984
v -0.03192349 -0.00352224 0.03464662
v -0.02684209 0.00746838 0.03729366
v -0.03177251 0.00487284 0.03464551
v -0.03202510 0.00267343 0.03464830
v -0.02495004 0.01249508 0.03729356
v -0.02947331 0.01294924 0.03463800
v -0.03088306 0.00898496 0.03464000
v -0.02519281 0.02017329 0.03464590
v -0.02553487 0.01972852 0.03464543
v -0.02211079 0.01713730 0.03729356
v -0.02756629 0.01669947 0.03464137
v -0.02881415 0.01438559 0.03463878
v -0.02238730 0.02330864 0.03464567
v -0.01845566 0.02110974 0.03729378
v -0.02132446 0.02430458 0.03464397
v -0.01919903 0.02605383 0.03464147
v -0.01410185 0.02431403 0.03729374
v -0.01631142 0.02800099 0.03464029
v -0.00922068 0.02663545 0.03729364
v -0.01190146 0.03020785 0.03464115
v -0.01568465 0.02836705 0.03464039
v -0.00378305 0.03235249 0.03464157
v -0.00467751 0.03222389 0.03464126
v -0.00400461 0.02798022 0.03729375
v -0.00791188 0.03154368 0.03464045
v -0.01068752 0.03067590 0.03464093
v 0.00041542 0.02128229 0.03977187
v -0.00290954 0.02107490 0.03976040
v -0.00683361 0.02006177 0.03976034
v -0.01653145 0.01291565 0.03976028
v -0.02077204 0.00177495 0.03976046
v -0.02009085 0.00563986 0.03976043
v -0.01866707 0.00942204 0.03976032
v -0.02070035 -0.00228759 0.03976033
v -0.01983501 -0.00629788 0.03976028
v -0.01848628 -0.00958069 0.03976035
v -0.01635182 -0.01295181 0.03976056
v 0.00041547 0.03262393 0.03464206
v 0.00041544 0.02829907 0.03730943
v 0.00041543 0.02448369 0.03892093
v -0.00340973 0.02422870 0.03890459
v -0.00792389 0.02306406 0.03890448
v -0.01214913 0.02105559 0.03890458
v -0.01591745 0.01828287 0.03890462
v -0.01907964 0.01484368 0.03890439
v -0.02153665 0.01082547 0.03890441
v -0.02317427 0.00647486 0.03890453
v -0.02395798 0.00202907 0.03890457
v -0.02387637 -0.00264387 0.03890445
v -0.02288155 -0.00725683 0.03890442
v -0.02133042 -0.01103308 0.03890451
v -0.01887541 -0.01491096 0.03890475
v -0.01637669 -0.05862564 0.02427353
v -0.01755490 -0.05862598 0.02311173
v -0.01993419 -0.05862596 0.02036555
v -0.02041152 -0.05862594 0.01973455
v -0.02197527 -0.05862588 0.01741490
v -0.02369082 -0.05862584 0.01424647
v 0.03921741 -0.02583401 0.01152452
v 0.03910392 -0.02567746 0.01150907
v 0.03884357 -0.02514817 0.01695861
v 0.03878330 -0.02547028 0.01147877
v 0.03928696 -0.02601208 0.01153878
v 0.03944539 -0.02652760 0.00840918
v 0.03901169 -0.02591204 0.01675875
v 0.03923559 -0.02634244 0.01284573
v 0.03930188 -0.02642276 0.01156374
v 0.03900521 -0.02547239 0.01705840
v 0.03883752 -0.02490764 0.01976757
v 0.03880036 -0.02525925 0.01993175
v 0.03865483 -0.02403074 0.02238561
v 0.03860922 -0.02443572 0.02240257
v 0.03846906 -0.02274903 0.02482574
v 0.03843049 -0.02337333 0.02451933
v 0.03829411 -0.02104138 0.02699282
v 0.03823810 -0.02186363 0.02662689
v 0.03783187 -0.01776328 0.03016021
v 0.03790706 -0.01858314 0.02961526
v 0.03813373 -0.01898520 0.02884102
v 0.03804155 -0.01999392 0.02851440
v 0.03815417 -0.02109935 0.02747084
v 0.03797682 -0.01666348 0.03035392
v 0.03780583 -0.01415138 0.03153991
v 0.03763492 -0.01545491 0.03138833
v 0.03736999 -0.01243978 0.03253206
v 0.03760992 -0.01152428 0.03245293
v 0.03700951 -0.00886588 0.03350421
v 0.03706496 -0.00611620 0.03372855
v 0.03670343 -0.00622009 0.03401252
v 0.03739571 -0.00590809 0.03290558
v 0.03738592 -0.00595587 0.03313613
v 0.03777764 -0.01130073 0.03191556
v 0.03774315 -0.01122536 0.03171836
v 0.03754362 -0.00979032 0.03161369
v 0.03741966 -0.00678655 0.03227561
v 0.03735033 -0.00582041 0.03244451
v 0.03868827 -0.02459463 0.01962890
v 0.03839932 -0.02361091 0.02212182
v 0.03852502 -0.02373060 0.02220437
v 0.03824936 -0.02235614 0.02450178
v 0.03836457 -0.02247097 0.02460265
v 0.03811911 -0.02068209 0.02661090
v 0.03822137 -0.02079039 0.02673084
v 0.03802808 -0.01865034 0.02839256
v 0.03810988 -0.01875480 0.02853622
v 0.03796462 -0.01635759 0.02984793
v 0.03801724 -0.01645603 0.03001462
v 0.03789008 -0.01388480 0.03100587
v 0.03791034 -0.01397245 0.03118756
v 0.03776797 -0.01137485 0.03210361
v 0.03732941 -0.00600781 0.03335840
v 0.03798307 -0.02059790 0.02651240
v 0.03761646 -0.02050178 0.02638063
v 0.03757726 -0.01957085 0.02722010
v 0.03790608 -0.01856126 0.02826870
v 0.03782283 -0.01379841 0.03082557
v 0.03786615 -0.01626625 0.02969379
v 0.03810469 -0.02227377 0.02442012
v 0.03824739 -0.02352943 0.02205347
v 0.03754543 -0.01815509 0.02825601
v 0.03753959 -0.01743039 0.02870233
v 0.03754188 -0.01609408 0.02941301
v 0.03756502 -0.01331901 0.03055789
v 0.03756303 -0.01105814 0.03127308
v 0.03855454 -0.02447285 0.01956451
v 0.03839658 -0.02439188 0.01950901
v 0.03854159 -0.02494123 0.01686853
v 0.03894734 -0.02530183 0.01700852
v 0.03721850 -0.00606220 0.03355825
v 0.03771213 -0.01144897 0.03228263
v 0.03878631 -0.02474396 0.01969797
v 0.03861371 -0.02387502 0.02229449
v 0.03844088 -0.02260601 0.02471365
v 0.03828213 -0.02091332 0.02686165
v 0.03814650 -0.01886850 0.02868922
v 0.03802165 -0.01655894 0.03018598
v 0.03788219 -0.01406132 0.03136685
v 0.03790437 -0.02372556 0.02137295
v 0.03784104 -0.02325894 0.02246185
v 0.03773250 -0.02221047 0.02431514
v 0.03765632 -0.02119695 0.02564002
v -0.00383745 0.03277115 0.03430842
v -0.01794471 0.02792183 0.03304373
v -0.01968192 0.02669466 0.03304373
v -0.01967114 0.02668000 0.03358126
v -0.01589324 0.02873365 0.03430752
v -0.02846791 -0.01567101 0.03434632
v -0.02872843 -0.01581388 0.03397823
v -0.03030278 -0.01182764 0.03430397
v -0.02882996 -0.01586997 0.03351947
v -0.03053801 -0.01191958 0.03397753
v -0.02884039 -0.01587628 0.03304360
v -0.03064031 -0.01195978 0.03357953
v -0.03158866 -0.00776466 0.03430757
v -0.03065719 -0.01196687 0.03304362
v -0.03193806 -0.00785147 0.03358053
v -0.03195542 -0.00785603 0.03304363
v -0.03250341 -0.00514941 0.03304363
v -0.03269523 -0.00361012 0.03358195
v -0.03271237 -0.00361221 0.03304364
v -0.03289829 0.00069375 0.03358277
v -0.03291531 0.00069399 0.03304365
v -0.03234214 -0.00356986 0.03431316
v -0.03254458 0.00068764 0.03431593
v -0.03218953 0.00493492 0.03431211
v -0.03283688 0.00246460 0.03304365
v -0.03254305 0.00498761 0.03358188
v -0.03256038 0.00499020 0.03304366
v -0.03163663 0.00919966 0.03358074
v -0.03165404 0.00920482 0.03304367
v -0.03128852 0.00910042 0.03430728
v -0.02986050 0.01311577 0.03430557
v -0.02792910 0.01691468 0.03430846
v -0.02552493 0.02043364 0.03431238
v -0.03183270 -0.00782522 0.03397991
v -0.03258982 -0.00359808 0.03398352
v -0.03279310 0.00069196 0.03398537
v -0.03243710 0.00497181 0.03398295
v -0.03153132 0.00916956 0.03397989
v -0.03009297 0.01321582 0.03397878
v -0.02814616 0.01704351 0.03398072
v -0.02572234 0.02058850 0.03398326
v -0.03019419 0.01325951 0.03358030
v -0.02824013 0.01709948 0.03358117
v -0.02580694 0.02065505 0.03358218
v -0.02378532 0.02302570 0.03304372
v -0.02582064 0.02066616 0.03304370
v -0.02825555 0.01710899 0.03304369
v -0.02836068 0.01693056 0.03304369
v -0.03021099 0.01326699 0.03304368
v -0.03143141 0.00995524 0.03304367
v -0.02294666 0.02387957 0.03304372
v -0.02293435 0.02386675 0.03358221
v -0.02285876 0.02378953 0.03398312
v -0.02268283 0.02361003 0.03431209
v -0.01960524 0.02659238 0.03398073
v -0.01945311 0.02639062 0.03430841
v -0.01601821 0.02895344 0.03398013
v -0.01607241 0.02904899 0.03358099
v -0.01608125 0.02906496 0.03304374
v -0.01206097 0.03059832 0.03430823
v -0.01215643 0.03083212 0.03398059
v -0.01219772 0.03093357 0.03358116
v -0.00811674 0.03231974 0.03304376
v -0.01114433 0.03136266 0.03304375
v -0.01220441 0.03095047 0.03304375
v -0.00801963 0.03195147 0.03430759
v -0.00808419 0.03219588 0.03398018
v -0.00387007 0.03302224 0.03398084
v -0.00811218 0.03230206 0.03358101
v -0.00388423 0.03313143 0.03358144
v 0.00041547 0.03340838 0.03358146
v 0.00041547 0.03329868 0.03398104
v 0.00041547 0.03304593 0.03430883
v -0.00388652 0.03314961 0.03304376
v 0.00041547 0.03342659 0.03304374
v 0.01718887 0.02895511 0.03304052
v 0.01718124 0.02893884 0.03357860
v 0.02117053 0.02638189 0.03357925
v 0.03586749 0.00272129 0.03376114
v 0.03590193 0.00273139 0.03352565
v 0.03452756 0.00725768 0.03357720
v 0.03591322 0.00273655 0.03304918
v 0.03454120 0.00727333 0.03303943
v 0.03566442 0.00266622 0.03418332
v 0.03579043 0.00270007 0.03398491
v 0.03442734 0.00721396 0.03397747
v 0.03419177 0.00712345 0.03430577
v 0.03550173 0.00262285 0.03435162
v 0.03030786 0.01565299 0.03430740
v 0.03209009 0.01129804 0.03463823
v 0.03246842 0.01148588 0.03430617
v 0.03379531 0.00697554 0.03463732
v 0.03513207 0.00252489 0.03463564
v 0.02637864 0.02166841 0.03304119
v 0.02478049 0.02331088 0.03357946
v 0.02793686 0.01977588 0.03357857
v 0.03279888 0.01168046 0.03304306
v 0.03278858 0.01165880 0.03358002
v 0.03061218 0.01588399 0.03304234
v 0.03060489 0.01586086 0.03357989
v 0.02980903 0.01717550 0.03304161
v 0.02794255 0.01979790 0.03304080
v 0.02478640 0.02333064 0.03304182
v 0.02290612 0.02503569 0.03304213
v 0.02117758 0.02639923 0.03304176
v 0.03269360 0.01160176 0.03397892
v 0.03051784 0.01579345 0.03397950
v 0.02785788 0.01969961 0.03397835
v 0.02470933 0.02322663 0.03397883
v 0.02110863 0.02629156 0.03397867
v 0.01712954 0.02884326 0.03397869
v 0.02766610 0.01953546 0.03430646
v 0.02453819 0.02304010 0.03430652
v 0.02096183 0.02608631 0.03430652
v 0.01700872 0.02862267 0.03430734
v 0.01479194 0.02928827 0.03464250
v 0.01680589 0.02825327 0.03464163
v 0.02071506 0.02574439 0.03463986
v 0.02425001 0.02273152 0.03463967
v 0.02734186 0.01926515 0.03463973
v 0.02850909 0.01767633 0.03463993
v 0.02995335 0.01542349 0.03464023
v 0.01290975 0.03098903 0.03304343
v 0.01290306 0.03097234 0.03358136
v 0.01286231 0.03087143 0.03398144
v 0.01276791 0.03063790 0.03430974
v 0.01260982 0.03024686 0.03464325
v 0.00662702 0.03202261 0.03464063
v 0.00670755 0.03243647 0.03430758
v 0.00675578 0.03268443 0.03398008
v 0.00677669 0.03279207 0.03358088
v 0.00678010 0.03280998 0.03304361
v -0.01637612 -0.02914386 0.03312565
v -0.01906409 -0.02727955 0.03307931
v -0.01919675 -0.02717753 0.03307781
v -0.02009349 -0.02646243 0.03306748
v -0.02703865 -0.01882168 0.03304335
v -0.02498678 -0.02156659 0.03300271
v -0.02496901 -0.02158543 0.03304384
v -0.02264886 -0.02414023 0.03304926
v 0.01145727 0.02739442 0.03663428
v 0.00841083 0.02713809 0.03730955
v 0.00732934 0.02348057 0.03892101
v 0.01025357 0.02440877 0.03822794
v 0.00642188 0.02041153 0.03977188
v 0.00918245 0.02175719 0.03923754
v 0.00800790 0.01886667 0.03993793
v 0.00442865 0.02089722 0.03977189
v 0.00503509 0.02403981 0.03892100
v 0.00575782 0.02778501 0.03730952
v 0.03701258 -0.00272583 0.03283795
v 0.03720478 -0.00427415 0.03266946
v 0.03652762 0.00001628 0.03299640
v 0.03649060 -0.00460445 0.03424109
v 0.03686149 -0.00451030 0.03395985
v 0.03702150 -0.00446283 0.03379115
v 0.03714050 -0.00441693 0.03359214
v 0.03720638 -0.00437524 0.03336927
v 0.03722667 -0.00433867 0.03313673
v 0.03624871 -0.00298580 0.03441246
v 0.03662306 -0.00290157 0.03413284
v 0.03678665 -0.00286083 0.03396562
v 0.03691172 -0.00282358 0.03376802
v 0.03698571 -0.00279223 0.03354523
v 0.03701510 -0.00276699 0.03331105
v 0.03600982 -0.00156759 0.03451604
v -0.01802835 -0.02712657 0.03432576
v -0.01623793 -0.02853753 0.03404477
v -0.01816370 -0.02740227 0.03395091
v -0.02007042 -0.02629380 0.03351769
v -0.01998563 -0.02608149 0.03394120
v -0.01983606 -0.02582731 0.03432117
v -0.02237292 -0.02363049 0.03432537
v -0.02670716 -0.01852353 0.03434046
v -0.02263300 -0.02401884 0.03350939
v -0.02254689 -0.02385100 0.03394488
v -0.02495800 -0.02150529 0.03350987
v -0.02486959 -0.02137767 0.03395390
v -0.02466990 -0.02118619 0.03433118
v -0.02703120 -0.01878082 0.03351484
v -0.02693770 -0.01869037 0.03396764
v -0.01359406 -0.03091182 0.03316012
v -0.01054844 -0.03209566 0.03394027
v -0.00757225 -0.03300403 0.03452565
v -0.00785469 -0.03376235 0.03391933
v -0.01032055 -0.03299712 0.03318562
v -0.01086357 -0.03374069 0.03215676
v -0.01092129 -0.03511079 0.03118806
v -0.00522584 -0.03761310 0.03246106
v -0.00522903 -0.03947667 0.03187622
v -0.01100925 -0.03819475 0.02976932
v -0.00523675 -0.04137205 0.03154095
v -0.01105838 -0.04151787 0.02890459
v -0.00523767 -0.04220651 0.03144213
v -0.01108270 -0.04492839 0.02843387
v -0.00522898 -0.04669489 0.03118786
v -0.01112305 -0.05178884 0.02819490
v -0.00522947 -0.05273919 0.03117061
v -0.00935151 -0.05862582 0.02934848
v -0.01248300 -0.05862575 0.02742152
v -0.01383291 -0.05118181 0.02633728
v -0.01538946 -0.05862567 0.02516459
v -0.01381728 -0.04745734 0.02643174
v -0.00995270 -0.06743429 0.02912639
v -0.00961927 -0.06760093 0.02928640
v -0.00676333 -0.06760163 0.03069868
v -0.01233040 -0.06760054 0.02760724
v -0.02598821 -0.06744861 0.00765889
v -0.02613297 -0.06760714 0.00684622
v -0.02534087 -0.06760708 0.00994715
v -0.02658898 -0.06744956 0.00429010
v -0.02663037 -0.06760740 0.00368444
v -0.01935218 -0.06760702 0.02113028
v -0.01722796 -0.06760647 0.02350348
v -0.01770908 -0.06744268 0.02304201
v -0.01687093 -0.06744222 0.02389538
v -0.01996915 -0.06744394 0.02039623
v -0.02043341 -0.06744421 0.01977697
v -0.02124661 -0.06760748 0.01855864
v -0.02203512 -0.06744520 0.01737520
v -0.02288939 -0.06760769 0.01581970
v -0.02363678 -0.06744634 0.01440211
v -0.02425891 -0.06760743 0.01294448
v -0.02493544 -0.06744745 0.01126289
v -0.02532785 -0.06744785 0.01008738
v -0.01586858 -0.06744156 0.02484108
v -0.01488091 -0.06760366 0.02566798
v -0.01301827 -0.06743831 0.02715248
v 0.00245441 -0.06760105 0.03322921
v -0.00068298 -0.06760258 0.03268468
v -0.00376897 -0.06760175 0.03183796
v -0.00686367 -0.06742973 0.03068151
v 0.00564545 -0.06752007 0.03349320
v 0.00764239 -0.06761888 0.03347153
v 0.03962871 -0.06761425 0.00696161
v 0.01410795 -0.06761988 0.03277732
v 0.01728088 -0.06761567 0.03203676
v 0.02037632 -0.06761242 0.03103442
v 0.02336336 -0.06760973 0.02976876
v 0.02622618 -0.06760671 0.02822320
v 0.02892923 -0.06760650 0.02638808
v 0.03140882 -0.06760817 0.02427424
v 0.03362972 -0.06760500 0.02187473
v 0.03554269 -0.06760135 0.01921801
v 0.03709429 -0.06760781 0.01636207
v 0.03828847 -0.06761209 0.01332258
v 0.03912432 -0.06761146 0.01016150
v 0.01088609 -0.06762198 0.03325596
v 0.01110138 -0.06744915 0.03326064
v 0.01356322 -0.06744444 0.03290632
v 0.01468989 -0.06744187 0.03269206
v 0.01818976 -0.06743283 0.03180691
v 0.02162809 -0.06742255 0.03058236
v 0.02446117 -0.06741374 0.02926346
v 0.02481384 -0.06741264 0.02907677
v 0.02743263 -0.06740455 0.02750844
v 0.02898572 -0.06739997 0.02640274
v 0.03009861 -0.06739705 0.02551277
v 0.03220352 -0.06739437 0.02355138
v 0.03422418 -0.06739455 0.02120415
v 0.03558920 -0.06739598 0.01923391
v 0.03597951 -0.06739668 0.01858999
v 0.03739180 -0.06740087 0.01581150
v 0.03847513 -0.06740736 0.01286867
v 0.03903243 -0.06741329 0.01076336
v 0.03924358 -0.06741654 0.00975266
v 0.03971428 -0.06742915 0.00644147
v 0.03993292 -0.06745150 0.00206101
v 0.03651164 -0.05862609 0.01763690
v 0.03558920 -0.05862606 0.01923391
v 0.01357477 -0.05862579 0.03290429
v 0.00957624 -0.05862576 0.03340327
v 0.01744290 -0.05862582 0.03202474
v 0.01923337 -0.05862584 0.03147478
v 0.02109415 -0.05862587 0.03079783
v 0.02447044 -0.05862590 0.02925862
v 0.02753746 -0.05862594 0.02743831
v 0.02898573 -0.05862596 0.02640274
v 0.03027850 -0.05862597 0.02536026
v 0.03268818 -0.05862601 0.02303696
v 0.03476694 -0.05862604 0.02046672
v 0.03778558 -0.05862612 0.01485727
v 0.03876162 -0.05862615 0.01186475
v 0.03903243 -0.05862616 0.01076336
v 0.03917585 -0.05862616 0.01009529
v 0.03944115 -0.05862618 0.00861732
v 0.03982212 -0.05862621 0.00509842
v 0.03975134 -0.03049137 0.00051947
v 0.03984252 -0.03425421 0.00052092
v 0.03983953 -0.03409438 0.00047429
v 0.03983583 -0.03391834 0.00052154
v 0.03993431 -0.05125375 0.00049009
v 0.03993572 -0.05086358 0.00030623
v 0.03993532 -0.05051273 0.00049016
v 0.03992534 -0.04237767 0.00050463
v 0.03992618 -0.04256335 0.00050437
v 0.03992704 -0.04275762 0.00050410
v 0.03993756 -0.04879342 0.00049154
v 0.03993677 -0.04945404 0.00049082
v 0.03977636 -0.03137871 0.00052152
v 0.03988602 -0.03687939 0.00051328
v 0.03990442 -0.03860015 0.00050903
v 0.03991516 -0.04026328 0.00050701
v 0.02448786 -0.02649700 0.03553393
v 0.02625018 -0.02540835 0.03530589
v 0.02435542 -0.02278342 0.03664270
v 0.03638992 -0.01726787 0.03221843
v 0.03738177 -0.01600104 0.03152507
v 0.03630308 -0.01356586 0.03327977
v 0.02367365 0.00561271 0.03919476
v 0.02044090 0.00336758 0.03994104
v 0.02444186 -0.00224580 0.03922899
v -0.01339875 -0.02543222 0.03686766
v -0.00975400 -0.03077864 0.03507059
v -0.00645457 -0.02901505 0.03673092
v 0.01194171 -0.04883398 0.03330048
v 0.00858896 -0.05108691 0.03353385
v 0.01267897 -0.05639097 0.03306542
v 0.03662258 -0.03356786 0.02034927
v 0.03729926 -0.03771091 0.01567077
v 0.03823331 -0.03492032 0.01325278
v 0.02741222 -0.05646882 0.02753179
v 0.03811320 -0.05794911 0.01396611
v 0.03938106 -0.05757952 0.00895533
v 0.03975858 -0.03096168 0.00080115
v 0.03950320 -0.02742325 0.00672753
v 0.03763824 -0.02698927 0.02351930
v 0.03697946 -0.02300038 0.02858448
v 0.00390311 -0.02300333 0.03929628
v 0.00743507 -0.02089961 0.03959865
v -0.00328872 -0.01958062 0.03996734
v -0.00279296 -0.03442549 0.03498868
v 0.00809881 -0.04346970 0.03389928
v 0.00434665 -0.03797786 0.03465145
v -0.01009442 -0.02360930 0.03835965
v -0.00671302 -0.02163922 0.03936850
v 0.00040223 -0.02507599 0.03876472
v 0.02170051 -0.01232760 0.03913664
v 0.01815156 -0.01449253 0.03948680
v 0.01457064 -0.01663887 0.03967485
v 0.02108405 -0.00447713 0.03980524
v 0.01970047 0.01115079 0.03954492
v 0.01571266 0.01656241 0.03946638
v 0.00854738 0.01954509 0.03978591
v 0.01168166 0.02177463 0.03889402
v 0.01470555 0.02394039 0.03751785
v 0.02175115 0.02092520 0.03658156
v 0.02577356 0.01557703 0.03679105
v 0.02966058 0.01009555 0.03636146
v 0.03427117 -0.00320070 0.03562467
v 0.03587883 -0.00589927 0.03460523
v 0.03726533 -0.01956566 0.03017080
v 0.03935491 -0.02936777 0.00842960
v 0.03969841 -0.03382220 0.00345898
v 0.03990141 -0.04145359 0.00162112
v 0.03943196 -0.03664533 0.00608856
v 0.03938967 -0.04712865 0.00725018
v 0.03971588 -0.04430102 0.00442345
v 0.03987969 -0.05198196 0.00295834
v 0.03958302 -0.05618945 0.00744556
v 0.03972282 -0.05479277 0.00593993
v 0.03783436 -0.05417136 0.01448274
v 0.03730229 -0.05556494 0.01590794
v 0.03594732 -0.05830779 0.01864642
v 0.03291205 -0.05827921 0.02278637
v 0.03144013 -0.05624324 0.02429028
v 0.02990756 -0.05386472 0.02567601
v 0.02284103 -0.05657667 0.03006485
v 0.01907536 -0.05163362 0.03163771
v 0.01588782 -0.05402035 0.03245672
v 0.03629107 -0.02083423 0.03085308
v 0.03892427 -0.03214620 0.01085436
v 0.03874382 -0.02809625 0.01611722
v 0.03787165 -0.03083696 0.01825382
v 0.03740233 -0.02503758 0.02611318
v 0.03555012 -0.02761473 0.02764310
v 0.03600971 -0.02962457 0.02524032
v 0.03501533 -0.03092017 0.02605982
v 0.03319801 -0.03011345 0.02902198
v 0.03390981 -0.03220188 0.02685117
v 0.03488231 -0.02551570 0.02993143
v 0.03228182 -0.02793690 0.03109163
v 0.02927799 -0.03028359 0.03207108
v 0.03042886 -0.03254672 0.03024530
v 0.03393516 -0.02328720 0.03203437
v 0.03109997 -0.02563750 0.03300249
v 0.02789568 -0.02790966 0.03377179
v 0.02765975 -0.03143575 0.03248999
v 0.03586128 -0.03492837 0.02138755
v 0.03501009 -0.03628470 0.02241612
v 0.03612427 -0.04051713 0.01812039
v 0.03406981 -0.03763591 0.02342930
v 0.03466811 -0.04332656 0.02055836
v 0.03270131 -0.03347053 0.02761137
v 0.03139879 -0.03472694 0.02833616
v 0.03001144 -0.03597133 0.02902049
v 0.02733742 -0.03492724 0.03129058
v 0.02854845 -0.03720338 0.02965907
v 0.03895797 -0.03945177 0.00870969
v 0.03832212 -0.04226840 0.01137033
v 0.03752750 -0.04510212 0.01408772
v 0.03650495 -0.04794445 0.01682356
v 0.03588084 -0.04936201 0.01817469
v 0.03893653 -0.04995118 0.01012895
v 0.03863916 -0.05136124 0.01158252
v 0.03827632 -0.05276885 0.01303698
v 0.03304157 -0.03898053 0.02441961
v 0.03192732 -0.04031660 0.02537839
v 0.03381978 -0.04472536 0.02174882
v 0.03288630 -0.04611490 0.02290445
v 0.03517015 -0.05077164 0.01949808
v 0.02598121 -0.03257619 0.03285909
v 0.02248777 -0.03482159 0.03343385
v 0.02401313 -0.03725541 0.03212667
v 0.02054503 -0.03952894 0.03273834
v 0.02214278 -0.04198127 0.03166792
v 0.02380562 -0.04080990 0.03124981
v 0.02543462 -0.03962368 0.03077674
v 0.02701922 -0.03842143 0.03024618
v 0.02811047 -0.04424292 0.02797573
v 0.03076860 -0.04884625 0.02506556
v 0.02945521 -0.04295132 0.02716446
v 0.03186797 -0.04749006 0.02401308
v 0.03073013 -0.04164142 0.02629638
v 0.02568679 -0.05406401 0.02864554
v 0.02835008 -0.05149460 0.02698327
v 0.02394847 -0.05165080 0.02967492
v 0.02679409 -0.04913165 0.02822733
v 0.02221288 -0.04922350 0.03063041
v 0.02524718 -0.04676752 0.02941836
v 0.01533780 -0.04656732 0.03289639
v 0.02048344 -0.04677293 0.03152159
v 0.00791993 -0.03594418 0.03520403
v 0.00063442 -0.03251233 0.03612768
v 0.01157962 -0.03388794 0.03561015
v 0.01163788 -0.04133165 0.03397582
v 0.02959373 -0.05018114 0.02605644
v 0.02670474 -0.04551483 0.02872705
v 0.03478055 -0.05593026 0.02038349
v 0.03629556 -0.05316487 0.01774544
v 0.03347875 -0.05354666 0.02201023
v 0.03212492 -0.05118198 0.02356262
v 0.01524734 -0.03918444 0.03394572
v 0.01875441 -0.04428865 0.03235971
v 0.02370246 -0.04438915 0.03056334
v 0.01901351 -0.02971151 0.03589842
v 0.02268805 -0.02757674 0.03571047
v 0.02074043 -0.02492382 0.03694966
v 0.02231578 -0.02006819 0.03778496
v 0.01868895 -0.02219968 0.03803926
v 0.01502823 -0.02431323 0.03809667
v 0.01529233 -0.03181287 0.03585557
v 0.01136874 -0.02640574 0.03793717
v 0.00415140 -0.03051647 0.03696224
v -0.00305762 -0.02709415 0.03793952
v 0.01760962 0.02602074 0.03567923
v 0.01879701 0.01877777 0.03827643
v 0.02281069 0.01338447 0.03842142
v 0.03336751 0.00461153 0.03539403
v 0.03062708 0.00231041 0.03710571
v 0.02763916 0.00001849 0.03836169
v 0.02675860 0.00786139 0.03801838
v 0.03149691 -0.00556697 0.03691867
v 0.03328938 -0.00831382 0.03592898
v 0.03491428 -0.01099159 0.03472891
v 0.02515837 -0.01012777 0.03861318
v 0.02845041 -0.00787764 0.03789406
v 0.03265516 -0.02090161 0.03388013
v 0.03526955 -0.01850765 0.03283738
v 0.03103736 -0.01835548 0.03542098
v 0.03388888 -0.01601311 0.03448343
v 0.02918421 -0.01568507 0.03669683
v 0.03223271 -0.01338403 0.03584104
v 0.03039518 -0.01066040 0.03696625
v 0.02584543 -0.01790520 0.03733899
v 0.02782347 -0.02060341 0.03613452
v 0.02961116 -0.02319284 0.03469670
v 0.01888438 -0.03702003 0.03378331
v 0.02082778 -0.03230860 0.03469223
v 0.02443968 -0.03012960 0.03434023
v -0.00792882 -0.06303816 0.03013604
v -0.01265525 -0.06303816 0.02735791
v -0.01685380 -0.06303816 0.02386550
v -0.02042106 -0.06303816 0.01975776
v -0.02326869 -0.06303816 0.01512792
v -0.02532448 -0.06303816 0.01008291
v -0.02653423 -0.06303816 0.00469404
v -0.02653450 -0.06092015 0.00469219
v -0.02632997 -0.05862591 0.00598273
v -0.02653548 -0.05862591 0.00468874
v -0.02663700 -0.05862593 0.00388663
v -0.02603443 -0.05862590 0.00744386
v -0.02532438 -0.06092015 0.01007893
v -0.02505084 -0.05862587 0.01090650
v -0.02326672 -0.06092015 0.01512120
v -0.02041613 -0.06092015 0.01974714
v -0.01684593 -0.06092015 0.02385005
v -0.01264572 -0.06092015 0.02733783
v -0.00791982 -0.06092015 0.03011353
v -0.00003208 -0.04069139 0.03331928
v -0.00434809 -0.03736082 0.03294136
v 0.00009712 -0.04296710 0.03294306
v -0.00269544 -0.04071346 0.03246912
v -0.00289980 -0.03846525 0.03304400
v 0.00012681 -0.04534668 0.03279611
v 0.00010739 -0.05021499 0.03275431
v -0.00260411 -0.04546109 0.03211130
v -0.00262235 -0.04306567 0.03221633
v -0.02633082 -0.05497887 0.00596012
v -0.02492622 -0.05502926 0.01124412
v 0.03588837 -0.00296627 0.03325306
v 0.03578665 -0.00299360 0.03344629
v -0.01884450 -0.05863208 0.02013318
v -0.01984351 -0.05863107 0.01881578
v -0.02176005 -0.05162587 0.01581834
v -0.02176005 -0.05862902 0.01580723
v -0.01761751 -0.05863326 0.02157874
v -0.02176005 -0.06304387 0.01583228
v -0.01885422 -0.06297872 0.02015989
v -0.01517801 -0.06298166 0.02406766
v -0.01089482 -0.06298392 0.02733397
v -0.00637184 -0.06298446 0.02975179
v -0.00636415 -0.06112658 0.02973214
v -0.01088676 -0.06112606 0.02731529
v -0.01884976 -0.06112071 0.02014896
v -0.01517120 -0.06112375 0.02405248
v -0.02176005 -0.06111794 0.01582110
v 0.01577671 0.02841399 -0.03065962
v 0.01385812 0.02939753 -0.03065961
v 0.01071273 0.03068388 -0.03065960
v 0.01001247 0.03091947 -0.03065960
v 0.01685141 0.02779011 -0.03065962
v 0.01844678 0.02675770 -0.03065963
v 0.01968248 0.02586229 -0.03065963
v 0.02026529 0.02540819 -0.03065964
v 0.02190411 0.02400971 -0.03065964
v 0.02280757 0.02315320 -0.03065965
v 0.02510007 0.02064560 -0.03065967
v 0.02685064 0.01831106 -0.03065968
v 0.02713343 0.01788936 -0.03065968
v 0.02887589 0.01491420 -0.03065970
v 0.02956360 0.01349972 -0.03065970
v 0.03027502 0.01181827 -0.03065971
v 0.03034963 0.01162530 -0.03065971
v 0.03134957 0.00857032 -0.03065973
v 0.03204344 0.00542788 -0.03065974
v 0.03221247 0.00431279 -0.03065975
v 0.03243493 0.00205372 -0.03065976
v 0.03247119 -0.00136467 -0.03065977
v 0.03240008 -0.00254463 -0.03065978
v 0.03233872 -0.00323220 -0.03065978
v 0.03195694 -0.00591542 -0.03065979
v 0.03116062 -0.00923323 -0.03065981
v 0.03094268 -0.00993918 -0.03065981
v 0.03072157 -0.01060291 -0.03065982
v 0.02973566 -0.01311584 -0.03065982
v 0.02869696 -0.01525511 -0.03065983
v 0.02820387 -0.01614856 -0.03065983
v 0.02744820 -0.01740201 -0.03065984
v 0.02126863 -0.02457391 -0.03065986
v 0.01929365 -0.02615314 -0.03065987
v 0.02634772 -0.01902710 -0.03065985
v 0.02590839 -0.01962112 -0.03065985
v 0.02371792 -0.02221920 -0.03065986
v 0.02269509 -0.02326297 -0.03065986
v 0.01856430 -0.02667581 -0.03065987
v 0.01795310 -0.02709090 -0.03065987
v 0.01671847 -0.02786978 -0.03065987
v 0.01502614 -0.02881747 -0.03065987
v 0.01193551 -0.03022872 -0.03065987
v 0.01077269 -0.03066238 -0.03065987
v 0.00984055 -0.03097411 -0.03065987
v 0.00868787 -0.03131695 -0.03065987
v 0.00797373 -0.03150638 -0.03065987
v 0.00610579 -0.03192102 -0.03065987
v 0.00464026 -0.03216677 -0.03065987
v 0.00243211 -0.03240861 -0.03065987
v 0.00125672 -0.03247543 -0.03065987
v -0.00216806 -0.03242736 -0.03065987
v -0.00352699 -0.03230782 -0.03065986
v -0.01223774 -0.03010773 -0.03065984
v -0.00900448 -0.03122749 -0.03065985
v -0.00827979 -0.03142740 -0.03065985
v -0.00569533 -0.03199684 -0.03065986
v -0.00510745 -0.03209593 -0.03065986
v -0.01896894 -0.02638980 -0.03065982
v -0.01794656 -0.02709543 -0.03065982
v -0.01713488 -0.02761587 -0.03065982
v -0.01502095 -0.02882030 -0.03065983
v -0.01284945 -0.02985181 -0.03065984
v -0.01237168 -0.03005295 -0.03065984
v -0.02588763 -0.01964887 -0.03060894
v -0.02558617 -0.02003982 -0.03061644
v -0.02454362 -0.02130391 -0.03063606
v -0.02335079 -0.02260499 -0.03064972
v -0.02069178 -0.02506178 -0.03065981
v -0.02778693 -0.01685633 -0.03052977
v -0.02810911 -0.01631342 -0.03050763
v -0.02879553 -0.01506876 -0.03044494
v -0.02959226 -0.01343684 -0.03032761
v -0.03043816 -0.01139172 -0.03014342
v -0.03099263 -0.00978317 -0.03002012
v -0.03149413 -0.00802337 -0.02995360
v -0.03175089 -0.00693803 -0.02996112
v -0.03226751 -0.00388133 -0.03014513
v -0.03236905 -0.00291585 -0.03022672
v -0.03249535 -0.00055735 -0.03041654
v -0.03249557 -0.00054409 -0.03041750
v -0.03249708 0.00044561 -0.03048561
v -0.03227656 0.00380574 -0.03065944
v -0.03198443 0.00576697 -0.03072606
v -0.03184070 0.00651396 -0.03074655
v -0.03174506 0.00696511 -0.03075783
v -0.03098993 0.00979225 -0.03081366
v -0.02928317 0.01409830 -0.03086536
v -0.02980142 0.01296688 -0.03085476
v -0.02524260 0.02047140 -0.03089389
v -0.02601035 0.01948665 -0.03089233
v -0.02790252 0.01666481 -0.03088268
v -0.02827412 0.01602624 -0.03087920
v -0.02383425 0.02209515 -0.03089491
v -0.02137692 0.02448050 -0.03089195
v -0.02081368 0.02496115 -0.03089048
v -0.01984121 0.02574093 -0.03088738
v -0.01809369 0.02699790 -0.03088028
v -0.01517667 0.02873913 -0.03086319
v -0.01337017 0.02962274 -0.03084911
v -0.01206820 0.03017662 -0.03083777
v -0.01138327 0.03044159 -0.03083154
v -0.00814244 0.03146378 -0.03080087
v -0.00617837 0.03190760 -0.03078138
v -0.00481331 0.03214188 -0.03076720
v -0.00140409 0.03246991 -0.03072980
v 0.00134650 0.03247235 -0.03070071
v 0.00879878 0.03128649 -0.03065960
v 0.00873800 0.03130354 -0.03065970
v 0.00540410 0.03204779 -0.03067044
v 0.00203211 0.03243665 -0.03069426
v 0.02610270 -0.00607388 -0.03101233
v 0.02610270 -0.00607388 -0.03041246
v 0.02389063 -0.01214417 -0.03041246
v 0.02389063 -0.01214417 -0.03101235
v 0.02029011 -0.01750871 -0.03041246
v 0.02029011 -0.01750871 -0.03101237
v 0.01551042 -0.02185567 -0.03041246
v 0.01551042 -0.02185567 -0.03101238
v 0.00982931 -0.02493246 -0.03041246
v 0.00982931 -0.02493246 -0.03101239
v 0.00357696 -0.02656030 -0.03041246
v 0.00357696 -0.02656030 -0.03101240
v -0.00288327 -0.02664452 -0.03041246
v -0.00288327 -0.02664452 -0.03101240
v -0.00917594 -0.02518027 -0.03041246
v -0.00917594 -0.02518027 -0.03101240
v -0.01493533 -0.02225261 -0.03041246
v -0.01493533 -0.02225261 -0.03101240
v -0.01982674 -0.01803174 -0.03041246
v -0.01982674 -0.01803174 -0.03101238
v -0.02356589 -0.01276292 -0.03041246
v -0.02356589 -0.01276292 -0.03101237
v -0.02593547 -0.00675236 -0.03041246
v -0.02593547 -0.00675236 -0.03101235
v -0.02679779 -0.00034939 -0.03041246
v -0.02679779 -0.00034939 -0.03101234
v -0.02610271 0.00607390 -0.03041246
v -0.02610271 0.00607390 -0.03101232
v -0.02389063 0.01214419 -0.03041246
v -0.02389063 0.01214419 -0.03101230
v -0.02029011 0.01750869 -0.03041246
v -0.02029011 0.01750869 -0.03101228
v -0.01551041 0.02185566 -0.03041246
v -0.01551041 0.02185566 -0.03101227
v -0.00982931 0.02493245 -0.03041246
v -0.00982931 0.02493245 -0.03101226
v -0.00357695 0.02656029 -0.03041246
v -0.00357695 0.02656029 -0.03101225
v 0.00288328 0.02664451 -0.03041246
v 0.00288328 0.02664451 -0.03101225
v 0.00917594 0.02518026 -0.03041246
v 0.00917594 0.02518026 -0.03101225
v 0.01493534 0.02225263 -0.03041246
v 0.01493534 0.02225263 -0.03101225
v 0.01982674 0.01803173 -0.03041246
v 0.01982674 0.01803173 -0.03101227
v 0.02356589 0.01276291 -0.03041246
v 0.02356589 0.01276291 -0.03101228
v 0.02593547 0.00675235 -0.03041246
v 0.02593547 0.00675235 -0.03101229
v 0.02679778 0.00034938 -0.03041246
v 0.02679778 0.00034938 -0.03101231
v -0.03167969 0.00373719 -0.03101235
v -0.03189760 0.00035883 -0.03101234
v -0.03175785 -0.00300383 -0.03101235
v -0.03136073 -0.00583841 -0.03101235
v -0.03056753 -0.00912197 -0.03101237
v -0.02904566 -0.01318835 -0.03101237
v -0.02943553 -0.01229366 -0.03101237
v 0.00857674 0.03072483 -0.03101223
v 0.00532387 0.03145279 -0.03101223
v 0.00348367 0.03170816 -0.03101223
v 0.00010362 0.03189902 -0.03101224
v -0.00324707 0.03173543 -0.03101224
v -0.00655759 0.03121893 -0.03101224
v -0.00720897 0.03107447 -0.03101224
v -0.01046191 0.03013424 -0.03101224
v -0.01356851 0.02887146 -0.03101225
v -0.01651725 0.02729137 -0.03101225
v -0.01711102 0.02692247 -0.03101226
v -0.02238792 0.02272529 -0.03101227
v -0.01987468 0.02495153 -0.03101226
v -0.02465552 0.02024049 -0.03101228
v -0.02506170 0.01973532 -0.03101228
v -0.02701667 0.01696290 -0.03101229
v -0.02865061 0.01402668 -0.03101230
v -0.02997133 0.01092125 -0.03101231
v -0.03110506 0.00707934 -0.03101232
v -0.03018493 0.01031671 -0.03101231
v -0.02749211 -0.01617571 -0.03101238
v -0.02311182 -0.02198388 -0.03101240
v -0.02342136 -0.02165334 -0.03101240
v -0.02558065 -0.01905238 -0.03101239
v -0.02067687 -0.02429079 -0.03101240
v -0.02030957 -0.02459883 -0.03101237
v 0.01179603 0.02963860 -0.03101224
v -0.01262269 -0.02929579 -0.03101241
v -0.01147524 -0.02976399 -0.03101241
v -0.00812903 -0.03084632 -0.03101241
v -0.00483365 -0.03153111 -0.03101241
v -0.00347331 -0.03170978 -0.03101241
v 0.01485380 0.02823044 -0.03101224
v 0.01774397 0.02650932 -0.03101224
v 0.00253656 -0.03179844 -0.03101241
v 0.00587303 -0.03135415 -0.03101241
v 0.00917022 -0.03055294 -0.03101241
v -0.00145996 -0.03186603 -0.03101241
v -0.00082939 -0.03188865 -0.03101241
v 0.00126820 -0.03187423 -0.03101241
v -0.01456927 -0.02837803 -0.03101241
v -0.01682815 -0.02709963 -0.03101241
v 0.02145824 0.02360372 -0.03101225
v 0.01882971 0.02574945 -0.03101224
v 0.00977275 -0.03036558 -0.03101241
v 0.01056282 -0.03009986 -0.03101240
v 0.01291908 -0.02916627 -0.03101240
v 0.01876652 -0.02579521 -0.03101239
v 0.01592041 -0.02764263 -0.03101240
v 0.01491032 -0.02820029 -0.03101240
v -0.01747823 -0.02668499 -0.03101241
v 0.02806015 0.01517285 -0.03101227
v 0.02698113 0.01701785 -0.03101227
v 0.02629141 0.01806516 -0.03101226
v 0.02592895 0.01858167 -0.03101226
v 0.02382587 0.02121128 -0.03101225
v 0.02950262 0.01213185 -0.03101228
v 0.02902230 0.01323984 -0.03101227
v 0.01927306 -0.02541899 -0.03101239
v 0.02184507 -0.02324583 -0.03101238
v 0.03142067 0.00550688 -0.03101229
v 0.03065879 0.00881044 -0.03101228
v 0.02252701 -0.02258562 -0.03101238
v 0.02417287 -0.02081462 -0.03101237
v 0.02562771 -0.01899468 -0.03101237
v 0.02624704 -0.01812925 -0.03101236
v 0.02660049 -0.01760658 -0.03101236
v 0.03076840 -0.00841935 -0.03101233
v 0.03087655 -0.00801369 -0.03101233
v 0.03131805 -0.00606306 -0.03101233
v 0.03154960 -0.00471215 -0.03101232
v 0.03187095 -0.00135099 -0.03101231
v 0.03182599 0.00216560 -0.03101230
v 0.02830819 -0.01470457 -0.03101235
v 0.02970002 -0.01163991 -0.03101234
v 0.03007238 -0.01064100 -0.03101234
v 0.01056633 0.03041873 -0.03083493
v 0.03217297 -0.00135787 -0.03083493
v 0.03219232 0.00077374 -0.03083493
v 0.03179672 0.00509043 -0.03083493
v 0.03082494 0.00931490 -0.03083493
v 0.02929459 0.01337055 -0.03083493
v 0.02723338 0.01718394 -0.03083493
v 0.02167678 0.02381308 -0.03083493
v 0.02467868 0.02068592 -0.03083493
v 0.01455609 0.02872396 -0.03083493
v 0.01828208 0.02650870 -0.03083493
v 0.03161377 -0.00611432 -0.03083610
v -0.00350016 -0.03200888 -0.03083610
v -0.01698153 -0.02735778 -0.03083610
v -0.01273608 -0.02957385 -0.03083610
v -0.00820892 -0.03113573 -0.03083610
v 0.00128601 -0.03217398 -0.03083610
v 0.00604375 -0.03162738 -0.03083610
v 0.01066778 -0.03038119 -0.03083610
v 0.01505584 -0.02846294 -0.03083610
v 0.01911086 -0.02591508 -0.03083610
v 0.02587234 -0.01916867 -0.03083610
v 0.02274315 -0.02279397 -0.03083610
v 0.02842923 -0.01511933 -0.03083610
v 0.03035726 -0.01073556 -0.03083610
v 0.03034977 0.01162503 0.03068306
v 0.00638324 0.03186698 0.03068920
v 0.00710934 0.03171290 0.03068665
v 0.00873797 0.03130333 0.03068320
v 0.00879892 0.03128625 0.03068309
v 0.00302226 0.03235916 0.03070962
v 0.00134663 0.03247209 0.03072448
v -0.00037122 0.03249789 0.03074179
v -0.00378832 0.03227846 0.03077832
v -0.00451936 0.03218425 0.03078601
v -0.00617823 0.03190736 0.03080299
v -0.01110459 0.03054405 0.03084960
v -0.00785522 0.03153641 0.03081944
v -0.01984108 0.02574066 0.03090567
v -0.01784851 0.02716027 0.03089756
v -0.01491526 0.02887533 0.03088054
v -0.01425730 0.02920581 0.03087578
v -0.01337004 0.02962250 0.03086890
v -0.02058619 0.02514873 0.03090809
v -0.02311835 0.02284277 0.03091341
v -0.02359668 0.02234832 0.03091385
v -0.02524246 0.02047116 0.03091380
v -0.02772322 0.01696093 0.03090589
v -0.02580130 0.01976217 0.03091311
v -0.02928302 0.01409803 0.03088851
v -0.02935378 0.01395009 0.03088729
v -0.02952354 0.01358716 0.03088417
v -0.03174493 0.00696487 0.03078186
v -0.03227620 0.00380750 0.03068293
v -0.03169981 0.00716747 0.03078675
v -0.03078054 0.01043112 0.03084786
v -0.03249526 0.00055460 0.03051610
v -0.03249544 -0.00054439 0.03044099
v -0.03149407 -0.00802334 0.02997709
v -0.03154495 -0.00782086 0.02997558
v -0.03191283 -0.00614985 0.03001291
v -0.03237991 -0.00279136 0.03026084
v -0.02786419 -0.01672833 0.03054815
v -0.02879530 -0.01506918 0.03046834
v -0.02938830 -0.01387726 0.03038767
v -0.02959238 -0.01343655 0.03035098
v -0.03071697 -0.01061686 0.03010242
v -0.02602384 -0.01946818 0.03062856
v -0.02573532 -0.01984801 0.03063619
v -0.02454348 -0.02130415 0.03065940
v -0.01896881 -0.02639004 0.03068312
v -0.01984739 -0.02573579 0.03068312
v -0.02069186 -0.02506187 0.03068312
v -0.02319652 -0.02276336 0.03067430
v -0.02352476 -0.02242400 0.03067151
v -0.01599011 -0.02829429 0.03068311
v -0.01405536 -0.02930354 0.03068311
v -0.01705007 -0.02766847 0.03068311
v -0.01338560 -0.02961545 0.03068311
v -0.01237154 -0.03005319 0.03068311
v -0.01145379 -0.03041481 0.03068311
v -0.01022002 -0.03085127 0.03068311
v -0.00694335 -0.03174965 0.03068310
v -0.00510731 -0.03209620 0.03068310
v -0.00356341 -0.03230407 0.03068310
v -0.00282815 -0.03237673 0.03068310
v -0.00167959 -0.03245657 0.03068310
v 0.00056805 -0.03249504 0.03068309
v 0.00243225 -0.03240885 0.03068309
v 0.00332628 -0.03232934 0.03068309
v 0.00395736 -0.03225817 0.03068309
v 0.00733029 -0.03166254 0.03068309
v 0.00804815 -0.03148772 0.03068309
v 0.00984068 -0.03097435 0.03068308
v 0.01129206 -0.03047522 0.03068308
v 0.01298415 -0.02979364 0.03068308
v 0.01441192 -0.02912982 0.03068308
v 0.01671860 -0.02787002 0.03068308
v 0.01739755 -0.02745133 0.03068308
v 0.01801707 -0.02704876 0.03068308
v 0.02074298 -0.02501958 0.03068307
v 0.02141640 -0.02444561 0.03068307
v 0.02269522 -0.02326321 0.03068307
v 0.02324163 -0.02271732 0.03068307
v 0.02491749 -0.02086549 0.03068307
v 0.02550337 -0.02014517 0.03068307
v 0.02744833 -0.01740228 0.03068307
v 0.02755025 -0.01724046 0.03068307
v 0.02782705 -0.01679002 0.03068306
v 0.02919949 -0.01427024 0.03068306
v 0.03007601 -0.01231598 0.03068306
v 0.03053798 -0.01112120 0.03068306
v 0.03072170 -0.01060318 0.03068306
v 0.03147545 -0.00809606 0.03068306
v 0.03161098 -0.00754954 0.03068306
v 0.03214850 -0.00476696 0.03068306
v 0.03233885 -0.00323244 0.03068306
v 0.03247133 -0.00136479 0.03068306
v 0.03249928 -0.00021633 0.03068306
v 0.03249580 0.00052250 0.03068306
v 0.03226360 0.00391282 0.03068306
v 0.03221261 0.00431253 0.03068306
v 0.03167880 0.00725971 0.03068306
v 0.03110892 0.00940667 0.03068306
v 0.03073886 0.01055331 0.03068306
v 0.03049101 0.01124934 0.03068306
v 0.02685077 0.01831082 0.03068307
v 0.02749003 0.01733632 0.03068307
v 0.02914969 0.01437167 0.03068307
v 0.02065584 0.02509157 0.03068308
v 0.02190424 0.02400948 0.03068307
v 0.02316235 0.02279816 0.03068307
v 0.02551286 0.02013315 0.03068307
v 0.01577685 0.02841375 0.03068308
v 0.01790333 0.02712418 0.03068308
v 0.01197804 0.03021220 0.03068309
v 0.01506590 0.02879704 0.03068308
v -0.00288327 -0.02664452 0.03043597
v -0.00917594 -0.02518027 0.03043597
v 0.02610270 -0.00607388 0.03043597
v -0.01493533 -0.02225261 0.03043597
v -0.01982674 -0.01803174 0.03043597
v -0.02356589 -0.01276292 0.03043597
v -0.02593547 -0.00675236 0.03043597
v -0.02679779 -0.00034939 0.03043597
v 0.01493534 0.02225263 0.03043597
v 0.01982674 0.01803173 0.03043597
v 0.02356589 0.01276291 0.03043597
v 0.01551042 -0.02185567 0.03043597
v 0.02029011 -0.01750871 0.03043597
v 0.02389063 -0.01214417 0.03043597
v 0.00982931 -0.02493246 0.03043597
v 0.00357696 -0.02656030 0.03043597
v -0.02610271 0.00607390 0.03043597
v -0.02389063 0.01214419 0.03043597
v 0.02679778 0.00034938 0.03043597
v -0.02029011 0.01750869 0.03043597
v -0.01551041 0.02185566 0.03043597
v 0.00288328 0.02664451 0.03043597
v 0.00917594 0.02518026 0.03043597
v 0.02593547 0.00675235 0.03043597
v -0.00982931 0.02493245 0.03043597
v -0.00357695 0.02656029 0.03043597
v 0.02610270 -0.00607388 0.03103571
v 0.02679778 0.00034938 0.03103576
v 0.02593547 0.00675235 0.03103579
v 0.02356589 0.01276291 0.03103582
v 0.01982674 0.01803173 0.03103585
v 0.01493534 0.02225263 0.03103588
v 0.00917594 0.02518026 0.03103591
v 0.00288328 0.02664451 0.03103592
v -0.00357695 0.02656029 0.03103594
v -0.00982931 0.02493245 0.03103595
v -0.01551041 0.02185566 0.03103595
v -0.02029011 0.01750869 0.03103594
v -0.02389063 0.01214419 0.03103592
v -0.02610271 0.00607390 0.03103571
v -0.02679779 -0.00034939 0.03103588
v -0.02593547 -0.00675236 0.03103585
v -0.02356589 -0.01276292 0.03103582
v -0.01982674 -0.01803174 0.03103579
v -0.01493533 -0.02225261 0.03103576
v -0.00917594 -0.02518027 0.03103574
v -0.00288327 -0.02664452 0.03103572
v 0.00357696 -0.02656030 0.03103570
v 0.00982931 -0.02493246 0.03103570
v 0.01551042 -0.02185567 0.03103570
v 0.02029011 -0.01750871 0.03103570
v 0.02389063 -0.01214417 0.03103572
v -0.00407387 -0.03163840 0.03103570
v -0.00469883 -0.03155165 0.03103570
v -0.01981947 0.02499382 0.03103597
v -0.01705180 0.02695824 0.03103597
v -0.03109336 0.00712786 0.03103592
v -0.03016725 0.01036642 0.03103593
v -0.02995184 0.01097242 0.03103593
v -0.03167970 0.00373716 0.03103578
v -0.03177953 0.00276227 0.03103590
v 0.00325335 -0.03173329 0.03103568
v 0.00600975 -0.03132840 0.03103568
v 0.00662819 -0.03120341 0.03103568
v 0.02101207 -0.02400162 0.03103567
v 0.01938367 -0.02533492 0.03103567
v 0.01707557 -0.02694457 0.03103567
v 0.00354371 0.03170116 0.03103594
v 0.00016162 0.03189833 0.03103595
v -0.00319292 0.03173972 0.03103596
v -0.00650980 0.03122790 0.03103597
v -0.01647471 0.02731518 0.03103597
v -0.01351841 0.02889324 0.03103597
v -0.01040614 0.03015281 0.03103597
v -0.00714919 0.03108741 0.03103597
v -0.01431664 -0.02850642 0.03103573
v -0.01469103 -0.02831530 0.03103574
v -0.01570474 -0.02776586 0.03103574
v -0.00653410 -0.03122323 0.03103571
v -0.00799842 -0.03088056 0.03103571
v -0.01120775 -0.02986585 0.03103572
v 0.00267403 -0.03178735 0.03103568
v -0.00069025 -0.03189214 0.03103569
v -0.00166008 -0.03185638 0.03103569
v 0.00808956 -0.03085684 0.03103567
v 0.00990507 -0.03032284 0.03103567
v 0.01658299 -0.02725049 0.03103567
v 0.01604078 -0.02757316 0.03103567
v 0.01304500 -0.02911036 0.03103567
v -0.03165166 -0.00396877 0.03103587
v -0.03189379 -0.00060092 0.03103589
v -0.01759573 -0.02660774 0.03103575
v -0.02030957 -0.02459883 0.03103575
v 0.02194527 -0.02315145 0.03103568
v 0.02426334 -0.02070927 0.03103568
v 0.01495870 0.02817441 0.03103591
v 0.00530778 0.03145466 0.03103594
v 0.00857673 0.03072483 0.03103567
v 0.01190681 0.02959372 0.03103592
v -0.02233914 0.02277071 0.03103597
v -0.02461225 0.02029092 0.03103596
v -0.02862369 0.01407881 0.03103594
v -0.02698420 0.01701210 0.03103595
v -0.02502325 0.01978175 0.03103596
v -0.02725230 -0.01657574 0.03103581
v -0.02884430 -0.01362278 0.03103583
v 0.03102423 -0.00742130 0.03103572
v 0.03084183 -0.00814619 0.03103572
v 0.02980312 -0.01137339 0.03103571
v 0.02951596 -0.01209911 0.03103571
v 0.02837000 -0.01458507 0.03103570
v 0.02730698 -0.01648971 0.03103569
v 0.02667535 -0.01749309 0.03103569
v 0.02466819 -0.02022534 0.03103568
v -0.02904566 -0.01318835 0.03103575
v -0.03027997 -0.01003500 0.03103585
v -0.03116866 -0.00678914 0.03103586
v -0.02278789 -0.02231993 0.03103578
v -0.02506645 -0.01972388 0.03103579
v -0.02701409 -0.01696061 0.03103581
v 0.03069838 0.00867070 0.03103579
v 0.03144078 0.00538982 0.03103577
v 0.02147761 0.02358551 0.03103587
v 0.02066507 0.02430058 0.03103588
v 0.01786437 0.02642776 0.03103589
v 0.02311050 0.02198792 0.03103586
v 0.02445078 0.02048717 0.03103585
v 0.02531357 0.01941107 0.03103585
v 0.03183373 0.00204642 0.03103576
v 0.03187084 -0.00135099 0.03103575
v 0.03152845 -0.00485118 0.03103573
v 0.02908476 0.01310138 0.03103581
v 0.03031186 0.00993789 0.03103580
v 0.02569254 0.01890660 0.03103584
v 0.02698089 0.01701761 0.03103583
v 0.02754234 0.01609308 0.03103583
v 0.01828097 0.02650700 0.03085950
v 0.01455520 0.02872215 0.03085950
v 0.01056568 0.03041680 0.03085950
v 0.02167547 0.02381153 0.03085950
v 0.02467718 0.02068455 0.03085950
v 0.02723171 0.01718275 0.03085950
v 0.02929278 0.01336960 0.03085950
v 0.03082303 0.00931416 0.03085950
v 0.03179473 0.00508995 0.03085950
v 0.03219029 0.00077350 0.03085950
v 0.01724120 -0.02719494 0.03085941
v -0.00658983 -0.03151824 0.03085941
v -0.01996526 -0.02526294 0.03085941
v -0.01584743 -0.02803009 0.03085941
v 0.02121419 -0.02422356 0.03085941
v 0.02468357 -0.02067714 0.03085941
v 0.02979594 -0.01220753 0.03085941
v 0.03131757 -0.00748541 0.03085941
v 0.03209574 -0.00258561 0.03085941
v 0.02756697 -0.01663985 0.03085941
v 0.01285891 -0.02952071 0.03085941
v 0.00817136 -0.03114568 0.03085941
v 0.00328981 -0.03203126 0.03085941
v -0.00166983 -0.03215646 0.03085941
v -0.01135339 -0.03013184 0.03085941
v -0.02931911 -0.01331248 0.03069344
v -0.01820517 -0.04562587 -0.00029514
v 0.02985222 -0.04562587 -0.00662202
v 0.02741013 -0.04562587 -0.01251773
v 0.02352534 -0.04562587 -0.01758049
v 0.01846258 -0.04562587 -0.02146528
v 0.01256688 -0.04562587 -0.02390736
v 0.00624000 -0.04562587 -0.02474031
v -0.00008688 -0.04562587 -0.02390736
v -0.00598258 -0.04562587 -0.02146528
v -0.01104534 -0.04562587 -0.01758049
v -0.01493013 -0.04562587 -0.01251773
v -0.01737222 -0.04562587 -0.00662202
v -0.01737222 -0.04562587 0.00603173
v -0.01493013 -0.04562587 0.01192744
v -0.01104534 -0.04562587 0.01699020
v -0.00598258 -0.04562587 0.02087499
v -0.00008688 -0.04562587 0.02331708
v 0.00624000 -0.04562587 0.02415003
v 0.01256688 -0.04562587 0.02331708
v 0.01846258 -0.04562587 0.02087499
v 0.02352534 -0.04562587 0.01699020
v 0.02741013 -0.04562587 0.01192744
v 0.02985222 -0.04562587 0.00603173
v 0.03068517 -0.04562587 -0.00029514
v 0.00624000 -0.04562587 -0.00029514
v -0.01776000 -0.10320000 -0.00000000
v -0.01694222 -0.10320000 -0.00621166
v -0.01454461 -0.10320000 -0.01200000
v -0.01073057 -0.10320000 -0.01697056
v -0.00576000 -0.10320000 -0.02078461
v 0.00002834 -0.10320000 -0.02318222
v 0.00624000 -0.10320000 -0.02400000
v 0.01245165 -0.10320000 -0.02318222
v 0.01824000 -0.10320000 -0.02078461
v 0.02321056 -0.10320000 -0.01697056
v 0.02702461 -0.10320000 -0.01200000
v 0.02942222 -0.10320000 -0.00621166
v 0.03024000 -0.10320000 -0.00000000
v 0.02942222 -0.10320000 0.00621166
v 0.02702461 -0.10320000 0.01200000
v 0.02321056 -0.10320000 0.01697056
v 0.01824000 -0.10320000 0.02078461
v 0.01245165 -0.10320000 0.02318222
v 0.00624000 -0.10320000 0.02400000
v 0.00002834 -0.10320000 0.02318222
v -0.00576000 -0.10320000 0.02078461
v -0.01073057 -0.10320000 0.01697056
v -0.01454461 -0.10320000 0.01200000
v -0.01694222 -0.10320000 0.00621166
v 0.00624000 -0.10320000 -0.00000000
v 0.03836051 -0.05162587 0.00622588
v 0.03836051 -0.06762587 0.00622588
v 0.03661855 -0.05162587 0.01215040
v 0.03661855 -0.06762587 0.01215040
v 0.03423995 -0.05162587 0.01692607
v 0.03423995 -0.06762587 0.01692607
v 0.03830623 -0.05162587 -0.00649967
v 0.03830623 -0.06762587 -0.00649967
v 0.03672219 -0.06762587 -0.01188802
v 0.03672219 -0.05162587 -0.01188802
v 0.03423995 -0.06762587 -0.01692607
v 0.03423995 -0.05162587 -0.01692607
vn 0.61561791 0.71801925 -0.32475058
vn 0.63048126 0.70624124 -0.32205077
vn 0.50236485 0.83345354 -0.23018417
vn 0.71269897 0.64190169 -0.28288231
vn 0.65110671 0.72284017 -0.23143497
vn 0.77731659 0.58534377 -0.23054629
vn 0.50181395 0.85402847 -0.13717917
vn 0.70224283 0.69751518 -0.14257483
vn 0.69498356 0.70406401 -0.14591682
vn 0.64396891 0.75746815 -0.10745251
vn 0.71290430 0.69517864 -0.09216359
vn 0.68421937 0.72714163 -0.05575747
vn 0.70899905 0.70046609 -0.08165537
vn 0.64451372 0.76340056 -0.04268080
vn 0.72520331 0.68837951 -0.01462266
vn 0.66307793 0.74852563 0.00608660
vn 0.71471489 0.69783971 0.04692937
vn 0.69539016 0.71721053 0.04518389
vn 0.65336447 0.70083375 0.28626373
vn 0.63436119 0.71786188 0.28681037
vn 0.74029360 0.61134571 0.27968163
vn 0.61125931 0.76916621 0.18640116
vn 0.75067488 0.62639707 0.21003317
vn 0.62111480 0.77244263 0.13247187
vn 0.73202864 0.66538850 0.14626080
vn 0.69951128 0.70597327 0.11084094
vn 0.74148271 0.66522297 0.08764576
vn -0.70779587 0.70641182 -0.00271116
vn -0.70752946 0.70664674 -0.00724180
vn -0.99995825 0.00010935 -0.00913700
vn -0.70891804 0.70527341 0.00496288
vn -0.72842715 -0.68511665 -0.00301187
vn -0.72214767 -0.69173893 -0.00003032
vn -0.99963548 -0.01466450 -0.02266845
vn -0.99967883 -0.01890837 0.01687308
vn -0.99948268 -0.00891297 -0.03090194
vn -0.99948329 -0.00988176 0.03058586
vn -0.99922437 -0.00966142 -0.03817474
vn -0.99926855 -0.00990974 0.03693450
vn -0.99977918 -0.00367101 -0.02069105
vn -0.99980467 -0.00379227 0.01939674
vn -0.99965619 -0.00027608 -0.02621887
vn -0.99985924 -0.00198798 0.01665978
vn -0.99978832 -0.00464401 0.02004354
vn -0.45598824 0.88996546 0.00601761
vn -0.89477134 -0.44652036 0.00195588
vn -0.45346532 0.89108362 0.01841728
vn 0.16972556 0.28216663 -0.94423261
vn -0.54900178 -0.76641596 -0.33347206
vn -0.45793766 -0.66864234 -0.58584172
vn -0.57753000 -0.64044539 -0.50624975
vn -0.48474054 -0.61825164 -0.61870148
vn -0.49616106 -0.60565139 -0.62210176
vn -0.62301369 -0.38176498 -0.68272209
vn -0.63026757 -0.33386326 -0.70092661
vn -0.61277029 -0.34386068 -0.71152821
vn -0.58609883 -0.37608302 -0.71766965
vn -0.57362431 -0.40829617 -0.71010520
vn -0.58318669 -0.46288024 -0.66755911
vn -0.56013719 -0.44847707 -0.69650172
vn -0.53736890 -0.47656009 -0.69579102
vn -0.58151933 -0.53535600 -0.61255957
vn -0.50260369 -0.53302948 -0.68063875
vn -0.51055285 -0.58914356 -0.62629518
vn 0.15286524 0.11136480 -0.98195219
vn -0.46577762 -0.79361627 -0.39143892
vn 0.15704136 0.15263392 -0.97572583
vn 0.14309225 0.11225990 -0.98332208
vn 0.15538409 0.05717013 -0.98619844
vn -0.49276151 -0.85269383 -0.17349155
vn -0.02811075 0.07354349 -0.99689575
vn -0.36834466 -0.91781395 -0.14812079
vn 0.10358535 0.10959286 -0.98856435
vn -0.66981994 -0.52486099 -0.52522585
vn -0.49367364 -0.50632056 -0.70705434
vn -0.59413760 -0.60157015 -0.53396056
vn 0.12671104 0.12887783 -0.98353181
vn -0.51522898 -0.68085114 -0.52055818
vn 0.21719298 0.18990958 -0.95747666
vn 0.24131272 -0.09509865 -0.96577659
vn -0.81830022 -0.19372204 -0.54116220
vn -0.66296790 -0.14887486 -0.73369602
vn -0.65511275 -0.22925088 -0.71991063
vn -0.95128791 -0.25006161 -0.18033443
vn -0.87923660 -0.21762332 -0.42377246
vn -0.85929913 -0.29660601 -0.41668920
vn -0.92930575 -0.32278800 -0.17944004
vn -0.82815104 -0.37291311 -0.41845151
vn -0.89615836 -0.40697849 -0.17682959
vn -0.78699375 -0.45866470 -0.41263487
vn -0.85326045 -0.49122648 -0.17505182
vn -0.80307659 -0.54662825 -0.23720360
vn -0.71799404 -0.55915151 -0.41452883
vn -0.77376693 -0.60853848 -0.17597065
vn -0.79709165 -0.27562656 -0.53728475
vn -0.63862584 -0.28850099 -0.71338925
vn -0.76790744 -0.34643664 -0.53879478
vn -0.60689392 -0.34624403 -0.71539838
vn -0.73562489 -0.42647501 -0.52628423
vn -0.66958505 -0.44777182 -0.59258439
vn -0.56040699 -0.44211943 -0.70033879
vn -0.55059829 -0.72497322 -0.41383011
vn -0.62989622 -0.65272031 -0.42093581
vn -0.72214530 -0.65051824 -0.23522794
vn -0.67281182 -0.71795351 -0.17851335
vn -0.58505523 -0.79080934 -0.17980813
vn -0.93743793 0.21960169 0.27015778
vn -0.28598541 -0.95434124 -0.08628526
vn 0.05825044 0.12033983 0.99102231
vn 0.16853955 0.03488511 -0.98507738
vn 0.08318503 0.01011199 -0.99648281
vn 0.06978398 -0.27318182 -0.95942790
vn 0.49518668 0.75517821 -0.42953000
vn 0.01987401 -0.25281426 -0.96731069
vn -0.35999751 0.59464295 -0.71888911
vn -0.33607032 0.63897553 -0.69192992
vn -0.33154926 0.61849214 -0.71242021
vn -0.64664026 -0.26589784 -0.71495084
vn -0.62609697 -0.31393609 -0.71375536
vn -0.62367402 -0.32744937 -0.70979407
vn -0.67288430 -0.30982149 -0.67174203
vn -0.66480545 -0.26317876 -0.69912134
vn -0.65978375 -0.23253790 -0.71457087
vn -0.69605179 -0.17861932 -0.69541861
vn -0.67380020 -0.19224855 -0.71346603
vn -0.70777493 -0.11228453 -0.69745741
vn -0.77566043 -0.01306297 -0.63101526
vn -0.69921790 -0.04725752 -0.71334498
vn -0.68600231 -0.09631605 -0.72119627
vn -0.68666489 -0.12647046 -0.71588864
vn -0.68446763 -0.16455700 -0.71022887
vn -0.69863675 0.03686515 -0.71452617
vn -0.70870992 0.03877600 -0.70443358
vn -0.69256692 0.04813364 -0.71974594
vn -0.71071327 0.07607628 -0.69935616
vn -0.69125116 0.09770599 -0.71597861
vn -0.70422630 0.01615209 -0.70979182
vn -0.70479733 -0.00053348 -0.70940852
vn -0.70335185 -0.01851165 -0.71060080
vn -0.68742550 0.12509703 -0.71539983
vn -0.71302847 0.15847214 -0.68299120
vn -0.68693593 0.15387735 -0.71023996
vn -0.66019189 0.27796744 -0.69776842
vn -0.63926032 0.24377150 -0.72932962
vn -0.67200135 0.21891722 -0.70745278
vn -0.66068178 0.22249362 -0.71693526
vn -0.67244062 0.18287540 -0.71720304
vn -0.60239390 0.35926768 -0.71277508
vn -0.60861375 0.32243104 -0.72500174
vn -0.62568795 0.34788230 -0.69820663
vn -0.62548554 0.31687338 -0.71299305
vn -0.63998167 0.29351872 -0.71011987
vn -0.57482072 0.39151201 -0.71853983
vn -0.60812987 0.40936206 -0.68014760
vn -0.55971300 0.42471844 -0.71157263
vn -0.54101217 0.46663243 -0.69968566
vn -0.54488068 0.44516165 -0.71058860
vn -0.43110128 0.55915179 -0.70816732
vn -0.44092370 0.54892952 -0.71011455
vn -0.46865193 0.55612274 -0.68636206
vn -0.46557154 0.50760924 -0.72496621
vn -0.50209116 0.48469793 -0.71622091
vn -0.49084651 0.49725603 -0.71540628
vn -0.52488338 0.46304455 -0.71420388
vn -0.39244391 0.59314425 -0.70297061
vn -0.41270134 0.56747371 -0.71249645
vn -0.25432788 0.65839137 -0.70840535
vn -0.28283827 0.64105449 -0.71347856
vn -0.31124814 0.63101235 -0.71059693
vn -0.11480807 0.69349029 -0.71125968
vn -0.13781874 0.68996672 -0.71059969
vn -0.13839220 0.71985027 -0.68019349
vn -0.17051918 0.67859024 -0.71444979
vn -0.21912754 0.68167248 -0.69807288
vn -0.21823218 0.66437338 -0.71483056
vn -0.25469080 0.65315303 -0.71310849
vn -0.07010780 0.69488115 -0.71569901
vn -0.07050081 0.71032666 -0.70033255
vn -0.04225007 0.69082145 -0.72178990
vn 0.01171206 0.72422827 -0.68946083
vn 0.00502405 0.70236173 -0.71180247
vn 0.14253264 0.71358655 -0.68591449
vn 0.25901352 0.67602118 -0.68986040
vn -0.25548872 -0.64841342 -0.71713705
vn 0.11721385 0.68399324 -0.72000984
vn 0.04501925 0.69901882 -0.71368477
vn 0.11914862 -0.24104290 -0.96317284
vn 0.02306306 -0.41160686 -0.91106964
vn 0.35870431 0.61288462 -0.70406226
vn 0.03659807 -0.36730041 -0.92938205
vn 0.41340850 0.63991209 -0.64776997
vn 0.27471809 0.46543655 -0.84136721
vn 0.25372454 0.43610928 -0.86338436
vn 0.34550322 0.54980426 -0.76048853
vn 0.03808878 -0.44971944 -0.89235737
vn 0.37601369 0.55185100 -0.74436159
vn -0.49471247 0.16295883 -0.85364160
vn -0.43047475 0.12766616 -0.89352831
vn -0.52403002 0.10074643 -0.84572022
vn -0.96238909 0.06952700 -0.26262755
vn -0.98061953 0.06713182 -0.18406155
vn -0.98737675 0.00535573 -0.15829866
vn -0.47887489 0.06599306 -0.87539920
vn -0.58679105 0.02193817 -0.80944116
vn -0.49343396 0.01261869 -0.86969173
vn -0.25687011 0.18184052 -0.94918479
vn -0.36311844 0.11868911 -0.92415253
vn -0.26749811 0.07712913 -0.96046648
vn -0.50633794 0.26795516 -0.81964744
vn -0.42258066 0.27770434 -0.86273164
vn -0.52333692 0.32080329 -0.78943253
vn 0.45213161 -0.28288149 -0.84590488
vn 0.45573294 -0.26822942 -0.84874052
vn -0.39942554 0.17185796 -0.90051323
vn 0.17752521 -0.06723588 -0.98181675
vn -0.53455982 -0.15533575 -0.83073257
vn -0.71294277 0.02277737 -0.70085219
vn -0.54274856 0.03187999 -0.83928998
vn -0.68260980 -0.06036675 -0.72828547
vn -0.86576918 0.08558671 -0.49307063
vn -0.89932152 0.08721971 -0.42850148
vn -0.70816733 0.23206910 -0.66681554
vn -0.90720761 0.10926028 -0.40624690
vn -0.81852544 -0.56819772 0.08466089
vn -0.78121143 -0.62218650 0.05091819
vn -0.94806940 0.24601441 -0.20159692
vn -0.99893975 -0.01473604 -0.04361448
vn -0.99452376 0.00621820 -0.10432559
vn -0.99888308 -0.00485507 -0.04700023
vn -0.04269977 -0.08206607 0.99571175
vn -0.99632595 -0.02257400 -0.08261365
vn -0.03911001 0.03884097 0.99847974
vn -0.72291815 0.69066927 0.01911297
vn -0.98798360 0.11015266 -0.10841953
vn -0.76043272 -0.64685416 0.05763489
vn -0.76400574 -0.64490532 0.01980793
vn -0.83052748 -0.53128797 0.16720409
vn -0.86114418 -0.50192530 0.08063305
vn -0.92832642 0.27737743 -0.24753146
vn -0.86420653 -0.49514218 0.08933805
vn -0.85666773 0.31273212 -0.41026702
vn -0.95834116 -0.22252598 0.17906539
vn -0.90810208 -0.35787277 0.21743434
vn -0.89789002 0.30390382 -0.31849016
vn -0.87495329 -0.42145178 0.23840121
vn -0.92637923 -0.35714558 0.11945105
vn -0.85932268 -0.47828612 0.18112681
vn -0.96019555 -0.22721013 0.16248095
vn -0.79269535 0.29969942 -0.53086188
vn -0.95588379 -0.22296877 0.19123572
vn -0.70795054 0.26471239 -0.65477735
vn -0.98946702 0.02576243 -0.14244761
vn -0.99869358 -0.04938228 -0.01313517
vn -0.99289610 -0.08828529 0.07976870
vn -0.99830763 -0.05546593 -0.01747574
vn -0.99808201 -0.05765893 0.02253341
vn -0.60759543 0.21304284 -0.76514086
vn -0.94601974 0.07093979 -0.31625020
vn -0.97672736 0.05318309 -0.20778649
vn -0.89828556 0.02978383 -0.43840161
vn -0.60961462 0.14220529 -0.77983824
vn -0.83766546 0.03447640 -0.54509444
vn -0.46668411 0.06334380 -0.88215277
vn 0.44874519 0.09343687 -0.88876167
vn 0.45414061 0.05397293 -0.88929367
vn 0.47252480 0.01141080 -0.88124350
vn 0.44131205 0.10990345 -0.89059806
vn 0.39989492 0.14878311 -0.90440458
vn 0.40963905 0.16953689 -0.89635545
vn 0.37933943 0.22400616 -0.89773205
vn 0.38629057 0.23726881 -0.89133782
vn 0.35658055 0.21344173 -0.90955645
vn 0.32592062 0.27806089 -0.90358060
vn -0.50143412 -0.02698257 -0.86477498
vn 0.48538234 -0.13092215 -0.86444397
vn 0.49866903 -0.08963431 -0.86214552
vn 0.50584806 -0.08295717 -0.85862439
vn 0.48746188 -0.08159462 -0.86932344
vn 0.47737508 -0.04085248 -0.87774945
vn 0.48418705 -0.01116060 -0.87489333
vn 0.48670026 -0.14510568 -0.86143323
vn 0.48456797 -0.19440218 -0.85287846
vn 0.50071906 -0.20039330 -0.84209438
vn 0.49659546 -0.21035535 -0.84210663
vn 0.44019439 -0.32484971 -0.83707919
vn -0.32667737 0.20400058 -0.92285733
vn 0.42443841 -0.34657635 -0.83650276
vn 0.33402985 -0.44626314 -0.83022483
vn 0.37544477 -0.41294743 -0.82976843
vn -0.25357351 0.27799183 -0.92651013
vn 0.38899879 -0.39383609 -0.83281035
vn -0.31426138 0.27407318 -0.90891346
vn 0.41136681 -0.36741504 -0.83413640
vn 0.31254287 -0.47119959 -0.82479567
vn -0.14184556 0.29850702 -0.94380792
vn 0.30421479 -0.49002435 -0.81690238
vn 0.28690553 -0.49673499 -0.81910901
vn -0.03754617 0.28462321 -0.95790392
vn 0.19192324 -0.55030030 -0.81261002
vn 0.21738979 -0.53856525 -0.81405722
vn 0.07423012 -0.57303270 -0.81616384
vn 0.08969985 -0.57951528 -0.81000986
vn 0.09007186 0.25621045 -0.96241533
vn 0.10773286 -0.57659543 -0.80989588
vn 0.01666254 0.27123617 -0.96236859
vn 0.13174656 -0.56534327 -0.81426644
vn 0.16503064 -0.55452633 -0.81563806
vn 0.19334243 0.38863495 -0.90087823
vn 0.07515682 -0.56214422 -0.82361722
vn 0.21558980 0.34270237 -0.91437199
vn 0.01936525 -0.52025408 -0.85379194
vn 0.03122717 -0.53898276 -0.84173776
vn 0.04147947 -0.53572632 -0.84337226
vn 0.16157565 0.20613021 -0.96509256
vn 0.19061007 0.23512458 -0.95309193
vn 0.17529846 0.28169632 -0.94335446
vn 0.04753618 0.07140083 -0.99631432
vn 0.10060113 0.10077101 -0.98981039
vn 0.02684780 0.11009503 -0.99355839
vn 0.01343158 0.03925836 -0.99913882
vn -0.06087187 0.03820997 -0.99741396
vn 0.00805291 0.02945139 -0.99953377
vn -0.01531430 0.02435814 -0.99958599
vn -0.01927035 0.01122108 -0.99975134
vn -0.01553451 0.00752722 -0.99985100
vn -0.07212574 0.00586425 -0.99737831
vn -0.02685383 0.00346111 -0.99963338
vn -0.13294172 0.00846802 -0.99108768
vn -0.39006533 0.04048884 -0.91989657
vn -0.41626441 0.08087072 -0.90564003
vn -0.31280879 0.01974114 -0.94961095
vn -0.32355167 0.00442714 -0.94620015
vn -0.24359344 0.00713492 -0.96985119
vn -0.22857177 0.29615709 -0.92738661
vn -0.19409049 0.07439918 -0.97815829
vn -0.75414295 -0.02079848 -0.65638086
vn -0.77185744 0.11315954 -0.62564448
vn -0.70640746 0.00388623 -0.70779474
vn -0.67109708 -0.02521263 -0.74094064
vn -0.58443841 0.06077489 -0.80915892
vn -0.50408385 0.09243036 -0.85869442
vn -0.86420295 0.21235959 -0.45613229
vn -0.85625886 -0.03908130 -0.51506642
vn -0.79006001 -0.01629089 -0.61281301
vn -0.78999467 0.23676472 -0.56555361
vn -0.91367793 0.06312554 -0.40150692
vn -0.89502966 -0.00010301 -0.44600661
vn -0.91423840 -0.03373049 -0.40377022
vn -0.96530104 -0.04284394 -0.25760105
vn -0.97112409 0.17569032 -0.16140296
vn -0.93930377 -0.04057103 -0.34067935
vn -0.94283075 0.21147439 -0.25758254
vn -0.94149752 -0.01573256 -0.33665250
vn -0.03468391 -0.19370417 0.98044669
vn -0.99683026 -0.00585020 -0.07934236
vn -0.99059207 -0.02212139 -0.13504815
vn -0.19396805 0.29501632 -0.93559701
vn -0.27063701 0.28753874 -0.91873668
vn -0.31102122 0.29404487 -0.90377177
vn -0.02757687 0.15887131 -0.98691409
vn -0.07214465 0.19859575 -0.97742257
vn -0.44353763 0.32818014 -0.83400969
vn -0.36571873 0.28807775 -0.88502035
vn -0.37026541 0.31059762 -0.87546139
vn -0.59596608 0.31285341 -0.73955877
vn -0.65587398 0.26758394 -0.70585279
vn -0.61573651 0.20780324 -0.76005682
vn -0.72567469 0.20276274 -0.65748272
vn -0.46944704 0.15881398 -0.86856065
vn -0.50961979 0.16749427 -0.84393918
vn -0.63052272 0.12338472 -0.76630105
vn -0.68890866 0.11680701 -0.71537471
vn -0.75454570 0.01368998 -0.65610470
vn -0.83812529 0.02068446 -0.54508545
vn -0.20260869 0.25252762 -0.94613927
vn -0.32036396 0.24623793 -0.91473155
vn -0.39384673 0.20307335 -0.89646303
vn -0.67885242 0.01206182 -0.73417566
vn -0.59238919 0.08153444 -0.80151555
vn -0.83376079 -0.02355454 -0.55162318
vn -0.86062147 -0.01921325 -0.50888264
vn -0.89835010 -0.03654547 -0.43775739
vn -0.11254602 0.08135090 -0.99031077
vn -0.15722441 0.14255103 -0.97722039
vn -0.13473624 0.22151079 -0.96580491
vn -0.08833477 0.29408617 -0.95168813
vn 0.24645300 -0.51185030 -0.82296427
vn -0.20039602 0.02507353 -0.97939407
vn -0.13332069 0.06206524 -0.98912765
vn -0.02367735 0.00288750 -0.99971548
vn -0.85127588 0.30291429 -0.42845338
vn -0.76493885 0.29089962 -0.57467031
vn -0.79160287 0.34469436 -0.50453018
vn -0.70083178 0.33207390 -0.63131746
vn -0.72653568 0.36822397 -0.58013534
vn -0.62513838 0.35501190 -0.69510327
vn -0.64776326 0.37054978 -0.66565428
vn -0.54171157 0.35793010 -0.76054889
vn -0.54944884 0.34968545 -0.75883204
vn -0.45078718 0.33012186 -0.82934340
vn -0.94236927 0.18116283 -0.28128310
vn -0.90684222 0.18386195 -0.37925185
vn -0.82508952 0.23545821 -0.51360170
vn -0.96674966 0.16356502 -0.19657460
vn -0.90496261 0.29621312 -0.30545124
vn -0.87036426 0.32407510 -0.37073087
vn -0.82367135 0.34789381 -0.44781179
vn -0.75982335 0.35351345 -0.54561590
vn -0.67707958 0.33657220 -0.65443288
vn -0.57958770 0.29552395 -0.75943643
vn -0.99720673 0.01954294 -0.07208890
vn -0.99996820 -0.00416594 -0.00679987
vn -0.74369670 -0.66851684 0.00067580
vn -0.99764866 0.02592421 -0.06344350
vn -0.92999116 -0.03171105 -0.36621148
vn -0.89728144 0.04236688 -0.43942128
vn -0.95819488 -0.02155597 -0.28530320
vn -0.93730379 0.05730352 -0.34377014
vn -0.97569551 -0.00531219 -0.21906632
vn -0.98236322 -0.03217150 -0.18419419
vn -0.99122464 -0.02003598 -0.13066089
vn -0.99624936 -0.01289894 -0.08556179
vn -0.56026427 0.21825515 -0.79904233
vn -0.72914959 0.16123193 -0.66509033
vn -0.79294965 0.15356605 -0.58961710
vn -0.86234329 0.16696236 -0.47800379
vn -0.38147624 0.26378097 -0.88594327
vn -0.37945254 0.31024362 -0.87164481
vn -0.45725617 0.31845060 -0.83036499
vn -0.48077461 0.23952330 -0.84349533
vn 0.47984968 -0.21956508 -0.84943243
vn -0.58654599 -0.46029608 0.66640177
vn -0.54226050 -0.47031222 0.69624706
vn -0.55765434 -0.45448692 0.69459577
vn -0.60608415 -0.34880486 0.71484066
vn -0.63253474 -0.34124276 0.69530798
vn -0.57656518 -0.37956488 0.72353514
vn -0.56802109 -0.43929299 0.69596962
vn -0.51539449 -0.51571745 0.68440049
vn -0.58353176 -0.53532708 0.61066816
vn -0.50266025 -0.56797481 0.65171872
vn -0.56906913 -0.64323477 0.51225907
vn -0.50019982 -0.59296948 0.63102086
vn -0.63648232 -0.29112375 0.71423891
vn -0.65729267 -0.24213201 0.71367951
vn -0.68121764 -0.32711182 0.65493541
vn -0.13198076 0.69062232 0.71107095
vn -0.10510648 0.69439703 0.71187456
vn -0.13163363 0.72150835 0.67977812
vn -0.06216290 0.68716165 0.72384020
vn 0.01108029 0.72422801 0.68947155
vn -0.03822213 0.69684600 0.71620160
vn 0.00339707 0.70000990 0.71412506
vn -0.21912743 0.68167239 0.69807301
vn -0.17794617 0.67797742 0.71321930
vn -0.15316736 0.68579175 0.71149803
vn -0.35087658 0.60123319 0.71791662
vn -0.31500638 0.62481496 0.71440692
vn -0.34150840 0.63282996 0.69490881
vn -0.28717409 0.63867587 0.71387966
vn -0.25267868 0.65888258 0.70853880
vn -0.25669336 0.65481394 0.71086372
vn -0.22251721 0.66266951 0.71509105
vn -0.36913225 0.58934592 0.71861866
vn -0.39806231 0.59187408 0.70087907
vn -0.41102178 0.56704869 0.71380451
vn -0.49515967 0.55934119 0.66479646
vn -0.43360787 0.55603640 0.70908937
vn -0.50033737 0.48679354 0.71602693
vn -0.45840422 0.50124972 0.73390346
vn -0.44656553 0.53909524 0.71411172
vn -0.55363444 0.43621071 0.70937234
vn -0.54109112 0.44911827 0.71099451
vn -0.54100483 0.46663077 0.69969243
vn -0.52183161 0.46887067 0.71263740
vn -0.50104288 0.49055350 0.71296094
vn -0.56565536 0.41271209 0.71393469
vn -0.60790674 0.40960009 0.68020377
vn -0.58937729 0.37190537 0.71716163
vn -0.64175820 0.29046093 0.70977380
vn -0.63317635 0.30683220 0.71059251
vn -0.66137759 0.27770949 0.69674753
vn -0.61918260 0.32881273 0.71308842
vn -0.62658581 0.34562436 0.69852274
vn -0.67202454 0.22043029 0.70696075
vn -0.66556041 0.21927980 0.71340431
vn -0.64901550 0.26126500 0.71450646
vn -0.71071363 0.07607497 0.69935594
vn -0.69116172 0.12262637 0.71222065
vn -0.71303494 0.15847487 0.68298382
vn -0.68412761 0.15479467 0.71274681
vn -0.67455325 0.18562745 0.71450708
vn -0.70077740 -0.04342364 0.71205717
vn -0.70334404 -0.01999928 0.71056821
vn -0.74089383 -0.03945118 0.67046249
vn -0.70412025 0.00136468 0.71007944
vn -0.70845141 0.04121219 0.70455528
vn -0.68499397 0.05360059 0.72657432
vn -0.68908547 0.09747568 0.71809450
vn -0.70480895 -0.11726995 0.69963712
vn -0.69609298 -0.18145387 0.69464311
vn -0.68641170 -0.12853489 0.71576376
vn -0.68385993 -0.16551630 0.71059127
vn -0.69813558 -0.07473472 0.71205437
vn -0.66546621 -0.26202943 0.69892439
vn -0.66862637 -0.21449038 0.71199203
vn -0.67819599 -0.18694054 0.71070629
vn -0.62346496 -0.32424292 0.71144780
vn 0.36697969 0.60215927 0.70903464
vn 0.24230826 0.43421445 0.86760850
vn 0.26163189 0.45808946 0.84953093
vn 0.42228813 0.64149490 0.64043503
vn 0.40766630 0.63167376 0.65939096
vn 0.34876317 0.54101346 0.76528993
vn 0.37570706 0.52699545 0.76231227
vn 0.00384677 -0.24575620 0.96932404
vn 0.49234665 0.75984377 0.42453767
vn 0.04391340 -0.29084213 0.95576277
vn 0.45522270 0.68894857 0.56402319
vn 0.03721435 -0.36652940 0.92966192
vn 0.03545118 -0.39195804 0.91929979
vn 0.01233486 -0.44725496 0.89432145
vn -0.76791576 -0.34644030 0.53878057
vn -0.79711107 -0.27563492 0.53725165
vn -0.85930269 -0.29660429 0.41668307
vn 0.10254816 0.13977839 0.98485830
vn -0.46197381 -0.63536080 0.61878660
vn 0.30417820 -0.20497957 0.93030049
vn -0.59063210 -0.60967569 0.52862962
vn -0.48569195 -0.85770933 0.16863578
vn -0.37270490 -0.91478396 0.15576061
vn 0.05543598 0.11285008 0.99206437
vn -0.65532922 -0.22947726 0.71964144
vn -0.63751340 -0.28851728 0.71437696
vn -0.60403078 -0.35011816 0.71593582
vn -0.46804310 -0.49904369 0.72930862
vn -0.60955399 -0.54451180 0.57615174
vn -0.67513684 -0.51816878 0.52506320
vn -0.78698695 -0.45866305 0.41264967
vn -0.71586805 -0.56396596 0.41167382
vn -0.63854472 -0.64850479 0.41436962
vn -0.54922491 -0.72546969 0.41478395
vn -0.37644305 -0.67946899 0.62977180
vn 0.24588026 -0.01702587 0.96915067
vn -0.95128956 -0.25006350 0.18032312
vn -0.87923805 -0.21762228 0.42376997
vn -0.81910476 -0.19970706 0.53775876
vn -0.66112873 -0.15800332 0.73344649
vn -0.92789443 -0.32494136 0.18282516
vn -0.82815630 -0.37291565 0.41843884
vn -0.72958830 -0.43166220 0.53044195
vn -0.56559085 -0.43209385 0.70242572
vn -0.89620220 -0.40684595 0.17691238
vn -0.58516353 -0.79075216 0.17970719
vn -0.68047160 -0.70941829 0.18353227
vn -0.76871634 -0.61367321 0.18022315
vn -0.80309530 -0.54661250 0.23717654
vn -0.85314873 -0.49137996 0.17516559
vn 0.13760874 -0.21783720 0.96623537
vn -0.19825445 0.28552830 0.93764000
vn -0.13137022 0.28381589 0.94983704
vn -0.21928900 0.26661065 0.93852602
vn -0.40607584 0.02522706 0.91349111
vn -0.48939931 -0.00344251 0.87205302
vn -0.56776797 -0.00081159 0.82318824
vn -0.72292142 0.22562808 0.65305176
vn -0.69195054 0.25207185 0.67650886
vn -0.61969318 0.23503067 0.74882638
vn -0.60538916 0.28386885 0.74358755
vn -0.87279113 0.29415057 0.38950107
vn -0.82517912 0.31272603 0.47040604
vn -0.90585821 0.17662560 0.38499909
vn -0.86260316 0.32733184 0.38570670
vn -0.90789674 0.29526708 0.29755815
vn -0.84889932 0.31226991 0.42644748
vn -0.70099526 -0.71293793 0.01803213
vn -0.99949929 -0.01999897 0.02451972
vn -0.70225752 -0.71179525 0.01348698
vn -0.76834855 -0.63843878 -0.04512669
vn -0.78361328 -0.62006513 -0.03833358
vn -0.98740841 0.11408682 0.10958481
vn -0.98969167 0.01909592 0.14193572
vn -0.97446470 0.03209255 0.22223549
vn -0.69756701 0.26879882 0.66418933
vn -0.89091805 0.08050913 0.44697127
vn -0.68917659 0.19044604 0.69911797
vn -0.91121551 0.09636781 0.40049911
vn -0.53495123 -0.15527606 0.83049174
vn 0.19353326 0.38706870 0.90151134
vn -0.28268508 0.00765156 0.95918226
vn -0.23832376 0.00763646 0.97115574
vn -0.22742935 0.00707108 0.97376891
vn -0.33541442 0.00243141 0.94206754
vn -0.40208919 0.00856762 0.91556042
vn -0.31182039 0.01813353 0.94996801
vn -0.97834287 -0.01469961 0.20646830
vn -0.98415985 -0.01741752 0.17642567
vn -0.99175338 -0.01676306 0.12705998
vn -0.99131577 0.00088618 0.13150003
vn -0.96356715 -0.03860547 0.26466577
vn -0.93635445 -0.03255811 0.34954302
vn -0.96345954 -0.00604761 0.26778564
vn -0.92928604 -0.00376952 0.36934165
vn -0.89936199 0.01184745 0.43704421
vn -0.87825758 -0.03360313 0.47700572
vn -0.85270893 -0.01006622 0.52228934
vn -0.86056097 -0.03608217 0.50806780
vn -0.81397536 -0.00369526 0.58088765
vn -0.79482412 -0.01394559 0.60667960
vn -0.74521391 -0.00327994 0.66681742
vn -0.75776673 -0.01553202 0.65234067
vn -0.69332949 0.00403853 0.72060940
vn -0.17518201 0.00081232 0.98453573
vn -0.13470573 0.01792949 0.99072342
vn -0.11292285 0.00982642 0.99355517
vn -0.07053632 0.00353722 0.99750294
vn -0.01714675 0.01706026 0.99970743
vn -0.01658804 0.00095126 0.99986196
vn 0.00243583 0.00483034 0.99998537
vn -0.04803965 0.00541660 0.99883074
vn -0.01295429 0.00722191 0.99989001
vn -0.01582049 -0.00225416 0.99987231
vn -0.04638861 0.04858658 0.99774117
vn 0.01808548 0.02910562 0.99941272
vn 0.04516923 0.12264060 0.99142273
vn 0.08820063 0.10505616 0.99054725
vn 0.03997023 0.05216982 0.99783801
vn 0.10332920 0.24760590 0.96333504
vn 0.21365780 0.34143936 0.91529750
vn 0.18764555 0.23493018 0.95372793
vn 0.19167594 0.23313555 0.95336674
vn 0.14738108 0.17950887 0.97265378
vn 0.09397340 0.12154957 0.98812686
vn 0.02965723 -0.53494796 0.84436433
vn 0.03973082 -0.53595893 0.84330866
vn 0.04966173 -0.50945384 0.85906373
vn 0.10385059 -0.56950725 0.81539963
vn 0.00931180 -0.51463794 0.85735703
vn -0.01979872 -0.50570740 0.86247785
vn 0.16612890 -0.55810343 0.81297094
vn 0.14001156 -0.56332949 0.81428291
vn 0.02971634 0.25106410 0.96751422
vn 0.09462107 -0.58429639 0.80600532
vn 0.10590196 -0.57511090 0.81119185
vn -0.07976909 0.28073701 0.95646413
vn 0.25159393 -0.50936376 0.82295143
vn 0.23729366 -0.52858790 0.81503776
vn -0.03110934 0.27057278 0.96219675
vn 0.18954585 -0.55326223 0.81115552
vn 0.20687598 -0.53855469 0.81679935
vn -0.24792936 0.28235500 0.92671824
vn 0.36598722 -0.42193317 0.82947318
vn 0.33796218 -0.44837817 0.82748932
vn 0.29911173 -0.47115320 0.82978722
vn 0.28769218 -0.49457972 0.82013664
vn 0.41121817 -0.35597997 0.83915307
vn 0.39231648 -0.39253523 0.83186770
vn 0.38704032 -0.41093799 0.82542702
vn 0.46670650 -0.27583745 0.84029682
vn 0.45174827 -0.30486979 0.83843778
vn -0.40649468 0.19409104 0.89279939
vn -0.33323743 0.21441458 0.91813899
vn -0.51428823 0.16398516 0.84179361
vn -0.43936673 0.12782384 0.88916700
vn 0.46962895 -0.26001613 0.84370627
vn 0.48066341 -0.21378854 0.85044527
vn -0.46719137 0.06058347 0.88207815
vn 0.48976850 -0.16279431 0.85651902
vn 0.49403155 -0.19854621 0.84647045
vn 0.47642039 -0.05444206 0.87753044
vn 0.49197875 -0.08077489 0.86685196
vn -0.49838820 -0.01876531 0.86675086
vn 0.49874016 -0.08884355 0.86218622
vn 0.49293075 -0.11437720 0.86251790
vn 0.48452801 -0.01822851 0.87458581
vn -0.79196693 -0.12853990 0.59688012
vn -0.54265955 0.03014132 0.83941177
vn 0.49847414 -0.13939770 0.85562364
vn 0.41457928 0.11367233 0.90288572
vn 0.41414989 0.17066240 0.89406611
vn 0.44409049 0.10450923 0.88986598
vn 0.44525749 0.06765238 0.89284317
vn 0.47168320 0.02107130 0.88151628
vn 0.48773633 0.00147065 0.87298975
vn 0.08576760 0.00460377 0.99630453
vn 0.20294523 0.10601393 0.97343427
vn 0.33919451 0.26401143 0.90290921
vn 0.37371613 0.23677414 0.89681339
vn 0.37393848 0.22682834 0.89928801
vn 0.38590775 0.16941481 0.90684830
vn -0.59792431 0.15843651 0.78573812
vn -0.83821458 0.03105877 0.54445539
vn -0.52254388 0.10828875 0.84570766
vn -0.71294228 0.02277142 0.70085289
vn -0.86271970 0.09236081 0.49717623
vn -0.90474761 0.03476479 0.42452700
vn -0.94465166 0.09234094 0.31481167
vn -0.60282270 0.21394629 0.76865583
vn -0.99855448 -0.05132246 0.01596732
vn -0.99225616 -0.09569851 -0.07918021
vn -0.99881680 -0.04753988 0.01024526
vn -0.86109168 -0.48062285 -0.16589998
vn -0.92592863 -0.35635692 -0.12516357
vn -0.89706115 -0.38112474 -0.22366317
vn -0.96012365 -0.22705700 -0.16311864
vn -0.78122892 0.31273816 0.54025570
vn -0.96541831 -0.20946279 -0.15521867
vn -0.95193749 0.23405742 0.19756555
vn -0.87528293 -0.47486793 -0.09154362
vn -0.83778458 -0.53561257 -0.10600085
vn -0.96952507 0.16301553 0.18288542
vn -0.76458950 -0.64416218 0.02140055
vn -0.99785433 0.03015406 0.05811603
vn -0.99724897 0.01271006 0.07302707
vn -0.98906840 0.00445727 0.14739004
vn -0.99547723 0.00906031 0.09456746
vn -0.99902919 -0.01501707 0.04141444
vn -0.99265242 -0.01742049 0.11974015
vn -0.99704100 -0.01434330 0.07552162
vn -0.72371673 0.68971092 -0.02308572
vn -0.99914832 -0.01340548 0.03902481
vn -0.07759716 -0.05070655 -0.99569449
vn -0.99729978 -0.00611161 0.07318331
vn -0.07016952 0.02585467 -0.99719997
vn -0.99732401 -0.05502820 0.04813232
vn -0.75534926 0.34383622 0.55787468
vn -0.76589975 0.37757524 0.52041763
vn -0.82522893 0.34664916 0.44590534
vn -0.92898163 0.26282637 0.26060588
vn -0.89966981 0.29133500 0.32514327
vn -0.94416848 0.18950546 0.26950613
vn -0.99011053 0.04149879 0.13401112
vn -0.97773747 0.05845357 0.20152575
vn -0.95984947 0.05709262 0.27464420
vn -0.67859117 0.33735564 0.65246087
vn -0.57098805 0.35211564 0.74161124
vn -0.64117256 0.37267653 0.67082781
vn -0.71575977 0.38224100 0.58444827
vn -0.80847672 0.30980668 0.50038507
vn -0.93965143 0.04392408 0.33930202
vn -0.97619848 -0.00572932 0.21680339
vn -0.98297550 -0.03091482 0.18111722
vn -0.95923151 -0.02037412 0.28188617
vn -0.93175747 -0.01798586 0.36263553
vn -0.89991570 0.04592496 0.43363882
vn -0.84453799 0.14695026 0.51493807
vn -0.83471125 0.03403179 0.54963530
vn -0.26256225 0.18466283 0.94708009
vn -0.43417088 0.17095755 0.88445981
vn -0.37185818 0.22773065 0.89992235
vn -0.50033964 0.18823660 0.84511965
vn -0.68020245 0.13051537 0.72131156
vn -0.74037291 0.12135515 0.66115118
vn -0.77197548 0.13284190 0.62161635
vn -0.38315725 0.12516397 0.91516365
vn -0.55290036 0.10531823 0.82656473
vn -0.63942869 0.10908296 0.76107283
vn -0.29877676 0.08379904 0.95063672
vn -0.47952740 0.06171085 0.87535436
vn -0.66015795 0.01632272 0.75094943
vn -0.65171310 0.00611828 0.75844090
vn -0.82937538 -0.01553910 0.55847562
vn -0.91408601 -0.06659667 0.40001457
vn -0.89329800 -0.02355896 0.44884703
vn -0.75685015 0.02185271 0.65322302
vn 0.44508165 -0.31628565 0.83777426
vn -0.30930162 0.26548939 0.91315272
vn -0.29205093 0.30080498 0.90786707
vn -0.28739752 0.30402478 0.90827947
vn -0.35635697 0.28130388 0.89099822
vn -0.33501531 0.24368856 0.91015418
vn -0.43781599 0.27984516 0.85440262
vn -0.49312190 0.23939468 0.83637371
vn -0.02729416 0.15615247 0.98735578
vn -0.08482512 0.19712785 0.97670124
vn -0.11222416 0.08366114 0.99015481
vn -0.17472401 0.13024286 0.97596533
vn -0.21173928 0.04391988 0.97633883
vn -0.49647815 0.00712739 0.86801996
vn -0.57887702 0.00534078 0.81539737
vn -0.14287409 0.23457933 0.96154019
vn -0.65175886 -0.04152485 0.75728863
vn -0.48541281 0.24041383 0.84058051
vn -0.39382892 0.24998790 0.88453651
vn -0.37602184 0.30768091 0.87403663
vn -0.37542776 0.33363667 0.86471994
vn -0.44636708 0.32981451 0.83185264
vn -0.52559748 0.32174188 0.78754648
vn -0.56714295 0.20264366 0.79830096
vn -0.58331259 0.29640238 0.75623545
vn -0.48090865 0.30052540 0.82365730
vn -0.46506779 0.35455313 0.81117447
vn -0.54391106 0.35957109 0.75820142
vn -0.62613876 0.35623592 0.69357496
vn -0.70065534 0.33301356 0.63101827
vn -0.76681762 0.29388040 0.57063565
vn -0.82544855 0.21122917 0.52346626
vn -0.48457704 -0.61859015 0.61849117
vn -0.53835029 -0.77590461 0.32886319
vn 0.18530124 0.27577521 0.94319218
vn -0.47004846 -0.64331788 0.60431494
vn -0.26165509 -0.64300132 0.71978186
vn 0.25936761 0.67594117 0.68980575
vn 0.11987156 0.68249251 0.72099569
vn 0.14253792 0.71360385 0.68589539
vn 0.04475129 0.69886733 0.71384997
vn 0.53019595 0.74761067 0.39996318
vn -0.24122937 -0.07736864 -0.96737918
vn -0.29489157 -0.95493049 0.03386333
vn -0.82551838 0.18870491 -0.53189271
vn 0.00000000 0.00000000 -0.00000000
vn 0.26084824 0.85048899 0.45675669
vn 0.11196867 0.58759612 0.80136996
vn 0.08847992 0.50023914 0.86135481
vn 0.07015567 0.90962960 0.40945352
vn 0.01595930 0.74014137 0.67226189
vn 0.01352037 0.78667849 0.61721483
vn 0.25617490 0.69267648 0.67422082
vn 0.26852929 0.73606598 0.62136856
vn 0.28446338 0.69072626 0.66481412
vn 0.29268696 0.72120272 0.62785427
vn 0.28336268 0.69113324 0.66486121
vn 0.29467313 0.71961949 0.62874123
vn 0.28459058 0.69005302 0.66545851
vn 0.29630244 0.71936415 0.62826752
vn 0.29504930 0.68297813 0.66819667
vn 0.30889170 0.71646063 0.62551585
vn 0.33238783 0.65829067 0.67540486
vn 0.35353430 0.70169012 0.61858264
vn 0.39123309 0.62638500 0.67422437
vn 0.41514978 0.66732038 0.61833177
vn 0.44469140 0.58875097 0.67499767
vn 0.47260202 0.62697702 0.61931183
vn 0.50566293 0.53073006 0.68016954
vn 0.54403992 0.57218084 0.61370159
vn 0.56860355 0.47010998 0.67504564
vn 0.60623474 0.50094350 0.61768523
vn 0.60791895 0.42645060 0.66975700
vn 0.64106021 0.44940574 0.62215455
vn 0.63299404 0.38540424 0.67140310
vn 0.66919084 0.40795312 0.62109410
vn 0.66077779 0.32523563 0.67645732
vn 0.70610985 0.34781510 0.61679295
vn 0.69227405 0.25494860 0.67509840
vn 0.73747204 0.27295653 0.61776186
vn 0.71346466 0.18895779 0.67473190
vn 0.76247311 0.19551138 0.61677391
vn 0.72522215 0.10393999 0.68062421
vn 0.78332569 0.10189578 0.61320316
vn 0.78553276 0.00872505 0.61875857
vn 0.73602102 0.01622675 0.67676418
vn 0.73524007 -0.06074420 0.67507939
vn 0.78387938 -0.06598078 0.61739748
vn 0.71798592 -0.14657746 0.68044932
vn 0.77321294 -0.16004796 0.61361747
vn 0.69949668 -0.23261083 0.67571932
vn 0.74544607 -0.24901343 0.61830613
vn 0.67425755 -0.29988690 0.67486636
vn 0.71754673 -0.32290481 0.61713789
vn 0.63332510 -0.37153192 0.67886918
vn 0.67781068 -0.40244472 0.61531368
vn 0.59858989 -0.43676849 0.67150832
vn 0.63294015 -0.46216883 0.62111733
vn 0.57587229 -0.47107619 0.66817537
vn 0.60401931 -0.49586400 0.62392273
vn 0.53929436 -0.50454537 0.67423702
vn 0.57057037 -0.54200831 0.61698983
vn 0.57937619 -0.61583800 0.53391647
vn 0.46034008 -0.58173673 0.67057393
vn 0.48026087 -0.62168194 0.61875768
vn 0.40296556 -0.61629047 0.67661275
vn 0.42424530 -0.66133864 0.61858478
vn 0.33810878 -0.65548165 0.67529716
vn 0.35938372 -0.70010412 0.61700693
vn 0.26377286 -0.68547938 0.67863238
vn 0.28077387 -0.73613747 0.61584711
vn 0.19843603 -0.71335107 0.67212603
vn 0.21096605 -0.75500703 0.62085241
vn 0.15640954 -0.72573505 0.66995872
vn 0.16465779 -0.76465718 0.62304672
vn 0.10305889 -0.72994946 0.67568680
vn 0.10651018 -0.77957561 0.61718511
vn 0.03718229 -0.73726133 0.67458373
vn 0.03924070 -0.78516540 0.61804163
vn -0.01280437 -0.78567336 0.61850902
vn -0.01094028 -0.74208968 0.67021132
vn -0.02705249 -0.38420731 0.92285043
vn -0.13397683 -0.95006107 0.28184069
vn -0.11943339 -0.46737661 0.87595364
vn -0.15292592 -0.89820851 0.41211058
vn -0.27140048 -0.90347382 0.33177830
vn -0.21346775 -0.55137864 0.80648194
vn -0.14313485 -0.34854291 0.92629923
vn -0.42865470 -0.86841986 0.24920292
vn -0.37048072 -0.68571920 0.62652471
vn -0.41849044 -0.72117433 0.55206280
vn -0.40219138 -0.69264477 0.59873643
vn -0.39755551 -0.69457613 0.59959454
vn -0.39526277 -0.69415654 0.60159292
vn -0.38653137 -0.61957294 0.68317119
vn -0.46869893 -0.69016455 0.55135670
vn -0.43748084 -0.66289578 0.60760159
vn -0.59416372 -0.76846762 0.23754366
vn -0.50506948 -0.59855454 0.62180164
vn -0.54840589 -0.62193523 0.55897009
vn -0.62791253 -0.64094041 0.44149887
vn -0.24909701 -0.23437881 0.93968998
vn -0.76141332 -0.61637040 0.20084145
vn -0.26630445 -0.18912053 0.94515362
vn -0.83577488 -0.50489236 0.21578705
vn -0.28018628 -0.14528928 0.94888707
vn -0.77896229 -0.31816323 0.54036090
vn -0.64962446 -0.30491510 0.69643007
vn -0.91708373 -0.33133047 0.22176011
vn -0.67314168 -0.21142417 0.70864667
vn -0.84802806 -0.19285197 0.49361577
vn -0.87984720 -0.18095181 0.43946029
vn -0.74626627 -0.10840787 0.65676053
vn -0.82596316 -0.09402714 0.55582708
vn -0.70344227 -0.06975041 0.70732161
vn -0.86146895 -0.03652843 0.50649475
vn -0.97856283 -0.00722707 0.20582166
vn -0.69996994 0.02816252 0.71361681
vn -0.88841068 0.10884334 0.44595918
vn -0.61876959 0.09132719 0.78024582
vn -0.82422044 0.18914275 0.53374683
vn -0.68971650 0.17396128 0.70287169
vn -0.82423811 0.25985559 0.50309702
vn -0.91833301 0.32161297 0.23071535
vn -0.65688649 0.26701984 0.70512448
vn -0.79164716 0.39466336 0.46640712
vn -0.55112110 0.29121743 0.78195776
vn -0.70047775 0.43835484 0.56318376
vn -0.59737066 0.39104152 0.70016771
vn -0.69864353 0.52181135 0.48949989
vn -0.75619276 0.59434186 0.27373391
vn -0.53859066 0.47484611 0.69601816
vn -0.62159213 0.63294871 0.46151832
vn -0.41569126 0.44337948 0.79411298
vn -0.52103029 0.65360052 0.54893880
vn -0.41678859 0.54857710 0.72481062
vn -0.47576363 0.74057213 0.47455440
vn -0.31474453 0.51960385 0.79432218
vn -0.37036374 0.78829413 0.49134821
vn -0.37516560 0.84463410 0.38189528
vn -0.25446223 0.67974406 0.68789315
vn -0.26426138 0.77385420 0.57560021
vn -0.21533003 0.66717645 0.71309786
vn -0.20760208 0.85021117 0.48377923
vn -0.12937777 0.59496977 0.79326689
vn -0.09159637 0.87076100 0.48309977
vn -0.03287348 0.43865913 0.89805206
vn -0.00001636 -0.00000014 1.00000000
vn 0.01884833 -0.02930386 0.99939283
vn 0.02327270 -0.02596616 0.99939189
vn 0.02714003 -0.02189061 0.99939193
vn 0.01411507 -0.03181261 0.99939418
vn 0.03027067 -0.01727728 0.99939241
vn 0.03258088 -0.01231766 0.99939320
vn 0.03404316 -0.00721147 0.99939435
vn 0.03457666 -0.00242372 0.99939911
vn 0.03450987 0.00170979 0.99940289
vn 0.03417377 0.00586135 0.99939872
vn 0.03314441 0.01059844 0.99939438
vn 0.03116911 0.01559198 0.99939250
vn 0.02453514 0.02480243 0.99939125
vn 0.02018102 0.02843191 0.99939199
vn 0.02828083 0.02044163 0.99939098
vn 0.00288427 -0.03694192 0.99931325
vn 0.00922685 -0.03353508 0.99939495
vn 0.00066740 0.08797146 0.99612277
vn -0.00033809 0.07025734 0.99752884
vn 0.02185380 0.07123942 0.99721981
vn 0.03287845 0.06657869 0.99723933
vn 0.05225497 0.05301305 0.99722567
vn 0.04316449 0.06062133 0.99722710
vn 0.06010020 0.04348085 0.99724490
vn 0.07082517 0.02281245 0.99722785
vn 0.06670713 0.03307273 0.99722432
vn 0.06963665 -0.02615775 0.99722942
vn 0.07294811 -0.01548720 0.99721548
vn 0.07410502 -0.00526284 0.99723656
vn 0.07408398 0.00369513 0.99724516
vn 0.07319026 0.01250536 0.99723959
vn 0.06456007 -0.03687721 0.99723220
vn 0.05783710 -0.04655139 0.99724011
vn 0.04954518 -0.05533313 0.99723795
vn 0.04020592 -0.06242569 0.99723945
vn 0.01966195 -0.07150988 0.99724608
vn 0.03008505 -0.06783857 0.99724261
vn -0.00633599 -0.06974187 0.99754495
vn -0.00053704 -0.04049437 0.99917962
vn 0.00788178 -0.09016912 0.99589528
vn 0.01540376 0.03125703 0.99939268
vn 0.01037273 0.03323454 0.99939375
vn 0.00374759 0.03692904 0.99931086
vn -0.00026818 0.05119717 0.99868853
vn -0.00017907 0.02602807 0.99966120
vn -0.01390325 0.03820279 0.99917328
vn -0.02032588 0.03520794 0.99917329
vn -0.03114191 0.02613276 0.99917329
vn -0.03520661 0.02032810 0.99917329
vn -0.02613092 0.03114355 0.99917329
vn -0.04003602 0.00706086 0.99917329
vn -0.04065392 0.00000144 0.99917329
vn -0.03820172 0.01390578 0.99917329
vn -0.03820260 -0.01390316 0.99917329
vn -0.03520802 -0.02032577 0.99917329
vn -0.04003657 -0.00705819 0.99917329
vn -0.02613298 -0.03114172 0.99917329
vn -0.02032827 -0.03520662 0.99917329
vn -0.03114361 -0.02613078 0.99917329
vn -0.00706069 -0.04003600 0.99917329
vn -0.01390562 -0.03820193 0.99917328
vn -0.01517162 -0.08447864 0.99630978
vn -0.02918465 -0.08083001 0.99630054
vn -0.04268095 -0.07390680 0.99635140
vn -0.05498306 -0.06546318 0.99633902
vn -0.07435172 -0.04317343 0.99629708
vn -0.06608690 -0.05510254 0.99629124
vn -0.08018252 -0.02920649 0.99635222
vn -0.08421399 -0.01487389 0.99633668
vn -0.08535818 0.00000101 0.99635033
vn -0.08438849 0.01477497 0.99632338
vn -0.08017610 0.02919611 0.99635304
vn -0.07423432 0.04271377 0.99632565
vn -0.06540136 0.05497858 0.99634332
vn -0.05519564 0.06546972 0.99632683
vn -0.04280619 0.07438834 0.99631020
vn -0.02943872 0.08026862 0.99633845
vn -0.01479766 0.08458522 0.99630636
vn -0.00708225 0.04004784 0.99917266
vn -0.71769847 0.69481577 -0.04625962
vn -0.70745933 0.70667646 -0.01047295
vn -0.71435599 0.69921510 0.02817376
vn -0.72122464 0.68912324 0.07031486
vn -0.69640414 0.70702896 0.12300945
vn -0.69256189 0.70058150 0.17188251
vn -0.68119835 0.69381849 0.23363372
vn -0.65624274 0.69321984 0.29797941
vn 0.90381585 -0.42612289 -0.03919438
vn 0.44112122 0.89705703 -0.02647173
vn 0.90560024 -0.42305557 0.03020254
vn 0.44369386 0.89615828 0.00600731
vn 0.89995740 -0.42285249 0.10617179
vn 0.44185754 0.89662869 0.02861653
vn 0.43645542 0.89792601 0.05688190
vn 0.42814071 -0.01504992 0.90358676
vn 0.35040958 0.32387019 0.87881809
vn 0.37934840 -0.01128899 0.92518504
vn 0.73390391 0.01603547 0.67906400
vn 0.77870012 -0.00362147 0.62738585
vn 0.78078699 0.00564170 0.62477183
vn 0.80343176 0.00211432 0.59539309
vn 0.82687935 0.00938422 0.56230106
vn 0.69814813 0.00374390 0.71594355
vn 0.66958198 -0.00036430 0.74273807
vn 0.64293739 -0.00386545 0.76590899
vn 0.58641268 -0.00272481 0.81000787
vn 0.53771655 -0.00132885 0.84312463
vn 0.53280021 -0.01379780 0.84612857
vn 0.43499417 -0.01941469 0.90022394
vn 0.40743805 -0.01715382 0.91307173
vn 0.45721015 0.00953769 0.88930755
vn 0.49788302 0.32797851 0.80283410
vn 0.48101567 0.32578803 0.81393248
vn 0.54039722 -0.01874582 0.84120119
vn 0.45099487 0.31905469 0.83355128
vn 0.40361176 0.32467201 0.85538625
vn 0.66275578 0.32512073 0.67457490
vn 0.61151595 0.32583186 0.72102833
vn 0.67077826 -0.01579051 0.74148984
vn 0.57213116 0.32082293 0.75481030
vn 0.52550312 0.32589820 0.78589874
vn 0.70814088 0.32461412 0.62702645
vn 0.78275107 -0.01103304 0.62223712
vn 0.73908396 0.33031560 0.58706601
vn 0.95658581 -0.00186898 0.29144483
vn 0.90639433 0.26640185 0.32784047
vn 0.78190478 0.31864036 0.53581082
vn 0.95762818 0.00199444 0.28800052
vn 0.96010819 -0.00138019 0.27962538
vn 0.90991121 0.34026363 0.23723881
vn 0.37908484 0.90009872 0.21474863
vn 0.36493013 0.89770436 0.24688639
vn 0.34504120 0.89956333 0.26782901
vn 0.33068805 0.89914593 0.28667404
vn 0.31701503 0.89613956 0.31054044
vn 0.28831615 0.89901520 0.32961412
vn 0.26871826 0.89965480 0.34411006
vn 0.24257149 0.89824610 0.36648739
vn 0.16600369 0.89816764 0.40710892
vn 0.19685440 0.89937687 0.39034547
vn 0.21411139 0.90009863 0.37944535
vn -0.28250753 0.35647666 0.89056942
vn -0.21594815 0.34164740 0.91468216
vn -0.09514147 0.90484606 0.41497195
vn -0.16266327 0.34155469 0.92567870
vn -0.05880826 0.90104998 0.42970982
vn -0.10782005 0.32540033 0.93940910
vn -0.03098041 0.90002521 0.43473537
vn -0.06553805 0.32565885 0.94321317
vn -0.00560144 0.89861324 0.43870589
vn -0.01016758 0.33157868 0.94337278
vn 0.02687912 0.89778566 0.43961167
vn 0.05287450 0.32730752 0.94343737
vn 0.05274683 0.89916474 0.43441978
vn 0.11538212 0.33126045 0.93645794
vn 0.08045153 0.89785994 0.43286842
vn 0.17810063 0.32590587 0.92847484
vn 0.11187177 0.89828506 0.42493371
vn 0.24935014 0.32691920 0.91156368
vn 0.13698209 0.89957887 0.41472131
vn 0.30539523 0.32299967 0.89577060
vn -0.24577892 0.93675577 0.24916129
vn -0.53118835 0.41147411 0.74062676
vn -0.23111320 0.93084740 0.28303676
vn -0.47455122 0.39917034 0.78451525
vn -0.21150115 0.92658658 0.31097359
vn -0.42789516 0.39423565 0.81331666
vn -0.18061137 0.92330069 0.33896219
vn -0.38250028 0.37169269 0.84589484
vn -0.16253622 0.91990141 0.35688006
vn -0.34757164 0.36430069 0.86399014
vn -0.14581456 0.91565492 0.37458533
vn -0.12754612 0.91143344 0.39117908
vn -0.27014762 0.93923897 0.21177918
vn -0.66048934 0.42605629 0.61824742
vn -0.60579289 0.41829948 0.67678691
vn -0.29450988 0.93822288 0.18166386
vn -0.73878886 0.41610205 0.53014159
vn -0.69843856 0.42290907 0.57734868
vn -0.88564548 0.39465819 0.24469777
vn -0.84945324 0.40885347 0.33356863
vn -0.32898874 0.93218703 0.15097600
vn -0.80676000 0.41362111 0.42196668
vn -0.77279882 0.42289064 0.47322880
vn -0.35111492 0.92469530 0.14716291
vn -0.36513802 0.92318669 0.12000237
vn -0.91493245 0.37241575 0.15557996
vn -0.40092227 0.90997091 0.10589748
vn -0.93039995 0.35029297 0.10793874
vn -0.46137662 0.88639263 0.03794361
vn -0.89819081 -0.43830670 0.03377138
vn -0.43155133 0.90068482 0.05030215
vn -0.87428944 0.48185185 -0.05862391
vn -0.41726353 0.90538164 0.07858264
vn -0.94136188 0.33271312 0.05603389
vn 0.28364942 0.94972349 -0.13254544
vn -0.04604072 0.52281428 -0.85120237
vn 0.88658073 -0.42157097 0.19040097
vn 0.43203923 0.89701881 0.09327031
vn 0.86808804 -0.42560919 0.25549945
vn 0.41977243 0.89928463 0.12279358
vn 0.85406156 -0.42535097 0.29942512
vn 0.41206482 0.89958631 0.14473096
vn 0.83139673 -0.41887645 0.36513284
vn 0.40741863 0.89761595 0.16821314
vn 0.39220598 0.89918452 0.19401459
vn 0.11336511 0.89727237 -0.42667393
vn 0.14259455 0.89885117 -0.41440724
vn 0.31911564 0.31926790 -0.89231901
vn 0.36433348 0.89893018 -0.24328099
vn 0.38344127 0.89774561 -0.21685391
vn 0.90471214 0.34356290 -0.25191363
vn 0.81745451 -0.42455338 -0.38925898
vn 0.39485399 0.89978073 -0.18570130
vn 0.84335415 -0.42201148 -0.33265612
vn 0.40919236 0.89836662 -0.15968415
vn 0.86540395 -0.42387561 -0.26721800
vn 0.41920508 0.89841565 -0.13082975
vn 0.87725007 -0.42675171 -0.21980738
vn 0.42441588 0.89946981 -0.10404432
vn 0.88970356 -0.42423122 -0.16868741
vn 0.43577595 0.89720162 -0.07161407
vn 0.90046761 -0.42407201 -0.09654541
vn 0.90514377 0.27614916 -0.32319715
vn 0.78115843 0.32420059 -0.53355926
vn 0.34725834 0.89986449 -0.26392338
vn 0.74786947 0.32918564 -0.57647903
vn 0.33077104 0.89885027 -0.28750428
vn 0.70099797 0.32261685 -0.63601903
vn 0.34722502 0.32265914 -0.88052590
vn 0.16632211 0.89884035 -0.40549104
vn 0.36973996 0.32825656 -0.86921804
vn 0.19462821 0.89789345 -0.39485087
vn 0.40872000 0.32307591 -0.85356307
vn 0.46012848 0.32027925 -0.82807185
vn 0.21914295 0.89938406 -0.37826534
vn 0.49845902 0.32495262 -0.80370666
vn 0.24185036 0.89881489 -0.36556831
vn 0.56012251 0.32128901 -0.76356804
vn 0.27342726 0.89803753 -0.34462463
vn 0.63254951 0.32338543 -0.70377766
vn 0.29826452 0.89793708 -0.32364684
vn 0.31312667 0.89651596 -0.31338605
vn 0.25042132 0.32648865 -0.91142434
vn 0.17925985 0.32593893 -0.92824012
vn 0.06816725 0.89661545 -0.43753168
vn 0.12412464 0.33281139 -0.93478856
vn 0.01948287 0.89598328 -0.44366020
vn 0.05296208 0.32548552 -0.94406260
vn -0.01169484 0.89850546 -0.43880653
vn -0.03075209 0.33024192 -0.94339524
vn -0.04572729 0.89386605 -0.44599607
vn -0.17920645 0.92210752 -0.34293259
vn -0.43271012 0.39413321 -0.81081500
vn -0.20175438 0.92926440 -0.30945572
vn -0.46756330 0.39903980 -0.78876600
vn -0.21143068 0.93237863 -0.29320157
vn -0.07256040 0.89820902 -0.43353839
vn -0.10437542 0.33408298 -0.93674667
vn -0.09423670 0.90366348 -0.41774604
vn -0.18373451 0.34640277 -0.91991671
vn -0.12683314 0.90456562 -0.40703120
vn -0.22947527 0.34924062 -0.90849991
vn -0.14264801 0.91176922 -0.38513431
vn -0.28510166 0.36624527 -0.88576602
vn -0.16230558 0.91645299 -0.36574693
vn -0.34759029 0.36858987 -0.86216152
vn -0.37953484 0.37442452 -0.84602576
vn -0.51090519 0.38538522 -0.76841012
vn -0.55637351 0.40414993 -0.72602434
vn -0.22896500 0.93570001 -0.26840364
vn -0.62656846 0.41442555 -0.66004805
vn -0.24743293 0.93844630 -0.24103005
vn -0.67222659 0.42599750 -0.60550602
vn -0.27262207 0.93895579 -0.20985527
vn -0.72212971 0.41523660 -0.55326960
vn -0.76719344 0.41624163 -0.48801345
vn -0.30051701 0.93697623 -0.17822756
vn -0.81775108 0.41074735 -0.40319944
vn -0.32844195 0.93277973 -0.14848525
vn -0.84860800 0.40721341 -0.33770060
vn -0.87107435 0.39558848 -0.29110003
vn -0.34186812 0.93001399 -0.13490799
vn -0.88648422 0.38224322 -0.26083682
vn -0.35352841 0.92734489 -0.12267480
vn -0.38408554 0.91847159 -0.09427745
vn -0.91028236 0.36674377 -0.19205476
vn -0.41497312 0.90728551 -0.06804642
vn -0.90674355 0.41962245 0.04163101
vn -0.93527079 0.33633561 -0.11021301
vn 0.22278247 0.97097630 0.08702302
vn -0.94562595 0.32461001 -0.02049150
vn -0.02579579 0.52577933 0.85022977
vn -0.42945581 0.90168435 -0.05032931
vn -0.90121336 -0.42920737 -0.05996263
vn -0.45534622 0.89014990 -0.01711629
vn -0.99443412 -0.03052315 0.10084207
vn -0.93779286 -0.03691148 0.34522761
vn -0.88581493 -0.02144668 0.46354283
vn -0.96985829 -0.10828007 -0.21828955
vn -0.96870047 -0.11852153 -0.21811019
vn -0.93837352 -0.15979058 -0.30646713
vn -0.97110994 -0.08400736 -0.22335678
vn -0.99549845 -0.03019810 0.08983823
vn -0.99480706 -0.08107813 0.06152443
vn -0.81664260 -0.28046637 -0.50441399
vn -0.77387588 -0.32603846 -0.54296873
vn -0.78205300 -0.35211512 -0.51420624
vn -0.74179950 -0.37772099 -0.55413027
vn -0.78099638 -0.35459281 0.51410951
vn -0.88509638 -0.02282694 -0.46484765
vn -0.99455109 -0.02905688 -0.10011902
vn -0.93793635 -0.03851414 -0.34466223
vn -0.73995660 -0.37445008 0.55879457
vn -0.96870187 -0.11840232 0.21816869
vn -0.93757890 -0.16343071 0.30697918
vn -0.80531508 -0.29206341 0.51591335
vn -0.77146933 -0.32202159 0.54875966
vn -0.99521539 -0.08684301 -0.04477296
vn -0.99060749 -0.02386323 -0.13463782
vn -0.99874378 -0.04426682 -0.02348015
vn -0.97091119 -0.08451620 0.22402784
vn -0.70615819 -0.69996935 -0.10669356
vn -0.68841942 -0.72393226 -0.04473006
vn -0.68891769 -0.72402845 -0.03428163
vn -0.72640245 -0.68726764 -0.00163485
vn -0.66630489 -0.74554596 -0.01410724
vn -0.68047954 -0.73273984 -0.00631934
vn -0.71003408 -0.69487715 0.11400593
vn -0.68436748 -0.72593482 0.06826262
vn -0.68235385 -0.73087791 0.01451562
vn -0.70480994 0.70939397 0.00177336
vn -0.70742486 0.70558111 0.04129599
vn -0.71138863 0.69653348 0.09363404
vn -0.71816153 0.67528062 0.16804793
vn -0.68991814 0.72228372 -0.04815795
vn 0.47738793 0.73770024 -0.47738780
vn 0.58467838 0.73770018 -0.33756426
vn 0.65228760 0.73720487 -0.17620973
vn -0.47738792 0.73770025 -0.47738781
vn -0.58467833 0.73770005 -0.33756464
vn 0.00000000 0.73770023 -0.67512842
vn -0.17473615 0.73770027 -0.65212390
vn 0.69010204 0.72212313 -0.04793065
vn -0.65218373 0.73736053 -0.17594266
vn 0.17473615 0.73770027 -0.65212391
vn 0.33756432 0.73770021 -0.58467831
vn -0.33756431 0.73770021 -0.58467832
vn 0.05276611 0.97879452 0.19793187
vn -0.01225168 0.99535875 0.09545084
vn -0.03476168 0.99912534 0.02324175
vn 0.04374807 0.99903879 0.00275540
vn -0.44069046 -0.89765558 -0.00252745
vn -0.80809176 -0.58843883 -0.02697140
vn -0.44039667 -0.89712003 -0.03502039
vn -0.84944429 -0.51514950 -0.11430396
vn -0.43266482 -0.89896255 -0.06831901
vn -0.83771753 -0.52515893 -0.14979131
vn 0.85334631 -0.52105827 -0.01727277
vn 0.46529562 -0.88515516 -0.00057663
vn 0.44214084 -0.89612391 -0.03838510
vn 0.39927907 -0.91285770 -0.08524699
vn 0.82288350 -0.54723382 -0.15296366
vn 0.92981016 -0.36353593 -0.05739941
vn 0.38803074 -0.91321440 -0.12438491
vn 0.36088967 -0.92088267 -0.14742373
vn 0.77503506 -0.59413385 -0.21523391
vn 0.31815422 -0.93378883 -0.16375689
vn 0.73421334 -0.61377821 -0.29018457
vn 0.68183999 -0.62494949 -0.38017412
vn 0.28391143 -0.93898483 -0.19416949
vn 0.62609274 -0.63282508 -0.45556591
vn 0.26450820 -0.93953835 -0.21749275
vn 0.56686308 -0.63218982 -0.52820666
vn 0.24516276 -0.93597020 -0.25269547
vn 0.22286755 -0.93212184 -0.28544516
vn 0.50546091 -0.62806310 -0.59164686
vn 0.20240933 -0.92864818 -0.31087460
vn 0.44533080 -0.61322493 -0.65240759
vn 0.38215419 -0.59333386 -0.70845826
vn 0.19151924 -0.92630592 -0.32446528
vn 0.16471407 -0.91868467 -0.35900939
vn 0.31752786 -0.57850548 -0.75133712
vn 0.13079341 -0.91153426 -0.38986969
vn 0.26389370 -0.58429104 -0.76743996
vn 0.23304482 -0.58111323 -0.77974196
vn 0.10139416 -0.90612083 -0.41068756
vn 0.14063590 -0.55177534 -0.82204959
vn 0.09032381 -0.90640271 -0.41264481
vn 0.07336633 -0.90261917 -0.42414151
vn 0.06882081 -0.50111832 -0.86263789
vn 0.04742562 -0.89756548 -0.43832297
vn 0.02884138 -0.55940422 -0.82839308
vn 0.00239020 -0.89774402 -0.44051102
vn -0.15761540 -0.46599151 -0.87063729
vn -0.12206727 -0.51873545 -0.84617558
vn -0.04300354 -0.89694904 -0.44003762
vn -0.03870476 -0.52513706 -0.85013706
vn -0.00190036 -0.52677914 -0.85000008
vn -0.07351992 -0.89896345 -0.43180960
vn -0.09656159 -0.89950548 -0.42610532
vn -0.22797096 -0.47445114 -0.85025017
vn -0.12956196 -0.89780756 -0.42089818
vn -0.30696595 -0.45571304 -0.83552231
vn -0.15707035 -0.89962641 -0.40743249
vn -0.32610812 -0.49693041 -0.80418509
vn -0.18085265 -0.89880302 -0.39930622
vn -0.39818628 -0.46075123 -0.79319354
vn -0.21722896 -0.89747630 -0.38385919
vn -0.46974889 -0.47966634 -0.74111820
vn -0.25413735 -0.89754547 -0.36031421
vn -0.53365963 -0.51422343 -0.67140275
vn -0.29803512 -0.89450696 -0.33321519
vn -0.32372328 -0.89649854 -0.30247910
vn -0.58963721 -0.55251617 -0.58911276
vn -0.67489492 -0.52040133 -0.52316279
vn -0.34697905 -0.89915095 -0.26670790
vn -0.68719262 -0.55064682 -0.47387170
vn -0.35990950 -0.89920630 -0.24878341
vn -0.74595853 -0.48968182 -0.45139516
vn -0.38382222 -0.89766435 -0.21651609
vn -0.79352019 -0.47411758 -0.38149472
vn -0.40071287 -0.89857963 -0.17884027
vn -0.83000282 -0.47212657 -0.29697108
vn -0.40786974 -0.89889779 -0.16007822
vn -0.41805029 -0.89855439 -0.13354386
vn -0.84607849 -0.48945486 -0.21115194
vn -0.42495855 -0.89753686 -0.11763426
vn -0.42874136 -0.89880190 -0.09130159
vn -0.99980486 -0.00494294 -0.01912622
vn -0.99924529 -0.00347786 -0.03868802
vn -0.98550114 -0.01100777 -0.16931133
vn -0.99219375 -0.12073855 -0.03120535
vn -0.99987414 0.00543222 -0.01490612
vn -0.98668408 -0.10803908 -0.12158161
vn -0.98476811 0.00610217 -0.17376576
vn -0.97195765 -0.16964294 -0.16284837
vn -0.87737448 0.01082210 -0.47968416
vn -0.89236616 -0.16578283 -0.41976027
vn -0.94538048 0.00299051 -0.32595522
vn -0.92983496 -0.16571801 -0.32854906
vn -0.95832433 -0.14492616 -0.24619280
vn -0.78728926 0.01115226 -0.61648297
vn -0.83868843 -0.14634000 -0.52458205
vn -0.86805068 -0.09347811 -0.48759601
vn -0.67731380 0.01638047 -0.73551186
vn -0.72144607 -0.06596425 -0.68932161
vn -0.78667709 -0.11134129 -0.60724152
vn -0.44003032 0.01318603 -0.89788610
vn -0.52986269 -0.13069673 -0.83795220
vn -0.54905562 0.01434610 -0.83566268
vn -0.61386357 -0.10162439 -0.78284353
vn -0.66742975 -0.16517913 -0.72612216
vn -0.38340556 0.01151307 -0.92350832
vn -0.36222080 -0.13872360 -0.92171137
vn -0.45053274 -0.14527206 -0.88086110
vn -0.54732503 0.00577608 -0.83690020
vn -0.53173792 0.00818853 -0.84686937
vn -0.43831836 0.01114659 -0.89875067
vn -0.47856839 -0.00688358 -0.87802330
vn -0.40051310 0.02229557 -0.91601974
vn -0.73420306 -0.02407644 -0.67850291
vn -0.68692788 0.00429436 -0.72671291
vn -0.67679154 -0.00189705 -0.73617227
vn -0.63744566 0.00096239 -0.77049472
vn -0.58823620 0.00568410 -0.80866919
vn -0.78716743 -0.00357329 -0.61672901
vn -0.78334154 0.00316396 -0.62158348
vn -0.84404527 -0.00762516 -0.53621772
vn -0.87792160 -0.00858283 -0.47872748
vn -0.87715374 0.00282048 -0.48020138
vn -0.97090795 -0.00597078 -0.23937859
vn -0.94225030 -0.00201837 -0.33490342
vn -0.94452330 -0.00295257 -0.32843114
vn -0.91290844 -0.02683806 -0.40728110
vn -0.99522958 -0.01589431 -0.09625721
vn -0.98492666 0.00027298 -0.17297228
vn 0.46120611 0.54510157 0.70010942
vn 0.41666145 0.58438062 0.69634225
vn -0.41032754 -0.55511748 0.72351634
vn 0.34769268 0.62815231 0.69608510
vn -0.33565029 -0.60593441 0.72123670
vn 0.49745958 0.51127144 0.70081059
vn -0.47440131 -0.50858546 0.71852921
vn 0.53152131 0.47624939 0.70047956
vn -0.49295121 -0.44191587 0.74947280
vn 0.56582052 0.43685918 0.69928620
vn -0.54621715 -0.43260406 0.71728694
vn 0.59160055 0.39320456 0.70384583
vn -0.57624053 -0.39401291 0.71603120
vn 0.61722698 0.35163284 0.70383606
vn -0.67874698 -0.17342595 0.71360071
vn 0.69156713 0.18572345 0.69802701
vn -0.66389997 -0.21080976 0.71749291
vn 0.67686178 0.23575375 0.69733658
vn -0.65492185 -0.24238907 0.71576875
vn 0.64803872 0.29691873 0.70134520
vn -0.63217916 -0.29139139 0.71794190
vn -0.60260095 -0.34980622 0.71729193
vn -0.72109442 -0.05387425 0.69073903
vn 0.69130067 0.14656419 0.70754669
vn -0.70335501 -0.09946502 0.70384547
vn 0.70021743 0.15529842 0.69683423
vn 0.61757889 0.11868489 0.77750255
vn -0.81426089 0.00791262 0.58044517
vn 0.57415422 0.14328913 0.80611113
vn -0.92163558 0.04159365 0.38582098
vn 0.23554810 0.24922594 0.93936336
vn -0.97445489 0.01167839 0.22427948
vn -0.98730766 -0.09386259 -0.12811477
vn -0.09105426 0.41920655 0.90331334
vn -0.98537856 -0.09495304 -0.14146736
vn -0.21599117 0.46733587 0.85728933
vn -0.89276587 -0.28199867 -0.35134863
vn -0.39653273 0.59177888 0.70182587
vn -0.78198009 -0.47022079 -0.40914490
vn -0.59066749 0.64532995 0.48441839
vn -0.79990628 -0.50335787 -0.32677331
vn -0.74575552 -0.62449605 -0.23206333
vn -0.67302471 0.67660708 0.29873165
vn 0.42807631 0.67860497 0.59686344
vn 0.25732160 0.63503106 0.72836883
vn -0.70775818 0.60641219 -0.36241220
vn -0.65140199 0.64885560 -0.39327072
vn -0.62462130 0.67910178 -0.38557619
vn 0.54232977 0.71035888 0.44862978
vn -0.63907322 0.69618613 -0.32697140
vn 0.56845359 0.76339349 0.30674238
vn -0.65817190 0.69789270 -0.28241022
vn 0.13070750 0.31501145 0.94004433
vn -0.79919866 0.51741814 -0.30587574
vn 0.15173726 0.56659908 0.80990202
vn 0.04829865 0.41643143 0.90788331
vn -0.88659252 0.38176463 -0.26116945
vn -0.09677338 0.29772279 0.94973473
vn -0.95779604 0.22173837 -0.18291756
vn -0.97077184 0.12865292 -0.20260913
vn -0.16622547 0.26665894 0.94934825
vn -0.97484173 0.06936249 -0.21183118
vn -0.19014770 0.29782338 0.93549190
vn -0.21575334 0.37832393 0.90017859
vn -0.97196499 -0.05461736 -0.22869411
vn -0.23837876 0.43991109 0.86582550
vn -0.86421683 -0.50219254 -0.03052760
vn -0.93457981 -0.32230665 -0.15059549
vn -0.95728971 -0.21503657 -0.19327616
vn -0.15904098 0.44834424 0.87959843
vn 0.01757337 0.35007844 0.93655553
vn -0.72165966 -0.67468678 0.15493574
vn -0.58046136 -0.75243238 0.31130390
vn 0.29363538 0.02975866 0.95545418
vn 0.36819815 -0.01520669 0.92962298
vn 0.20640413 -0.01219307 0.97839085
vn 0.04546204 0.01093443 0.99890622
vn 0.05904293 -0.00368991 0.99824862
vn 0.05424696 0.00813560 0.99849441
vn 0.12204479 -0.03370282 0.99195221
vn 0.16151418 -0.01797844 0.98670662
vn 0.20530567 -0.00464467 0.97868688
vn 0.33210898 -0.01445327 0.94313028
vn 0.27761880 -0.03885179 0.95990538
vn 0.10737510 0.01583721 0.99409244
vn 0.16689854 0.00310079 0.98596920
vn 0.08660418 0.01096259 0.99618248
vn 0.10462111 0.03696883 0.99382480
vn 0.11234346 0.04486220 0.99265620
vn 0.17032799 0.11180274 0.97902427
vn 0.12357328 0.05232576 0.99095492
vn 0.21509176 0.18462965 0.95898250
vn 0.26982042 0.26675665 0.92522312
vn 0.33458796 0.37809629 0.86318833
vn 0.33133379 0.39268240 0.85791518
vn 0.36269988 0.46918816 0.80517778
vn 0.37118113 0.50482834 0.77934134
vn 0.28265653 -0.01644182 0.95908027
vn 0.12077383 -0.00667550 0.99265760
vn -0.02706931 -0.00265957 0.99963002
vn 0.90832948 -0.16500712 0.38433085
vn 0.96062361 0.00055640 0.27785244
vn -0.97856676 -0.12204896 0.16586486
vn -0.96719104 -0.25404994 0.00036094
vn -0.98494917 -0.17263149 -0.00857298
vn -0.97738935 -0.20622694 -0.04669588
vn -0.95933994 -0.16519282 0.22886288
vn -0.94661456 -0.18491693 0.26405796
vn 0.42903414 0.56850556 0.70194810
vn 0.47556896 0.16415853 0.86422575
vn 0.35715226 0.14123281 0.92330686
vn 0.44467328 0.28904700 0.84777208
vn 0.36371038 0.24831835 0.89780441
vn 0.42682305 0.44605937 0.78667218
vn 0.35871064 0.38427725 0.85068071
vn 0.37085888 -0.00312327 0.92868398
vn 0.50803306 -0.00112693 0.86133683
vn 0.38425366 0.01476650 0.92310946
vn 0.49994030 0.07623472 0.86269807
vn 0.37039898 0.03765611 0.92810916
vn 0.35909416 0.05403339 0.93173590
vn 0.60069561 0.00464839 0.79946431
vn 0.58812160 0.03393979 0.80806007
vn -0.31642566 -0.00137316 0.94861632
vn -0.99655104 -0.00161470 0.08296640
vn -0.93171311 -0.00072132 0.36319438
vn -0.97765337 0.00128777 0.21021950
vn -0.74480362 0.00208644 0.66728046
vn -0.85255693 0.00082007 0.52263372
vn -0.46758664 -0.00118015 0.88394646
vn -0.60803752 0.00004450 0.79390829
vn -0.17416243 -0.00022455 0.98471691
vn 0.26736497 0.07304706 0.96082262
vn 0.27374190 0.04192000 0.96088922
vn 0.22347259 0.04002034 0.97388828
vn 0.31842955 0.26926744 0.90889915
vn 0.21682005 0.00242333 0.97620858
vn 0.17659357 0.05972304 0.98247029
vn 0.34936093 0.44169470 0.82634904
vn 0.34405577 0.34543826 0.87309681
vn 0.24231293 0.11558972 0.96328784
vn 0.28944147 0.20166766 0.93571031
vn -0.06941469 -0.00910402 -0.99754635
vn 0.03561806 -0.00971997 -0.99931821
vn 0.01404776 -0.00600543 -0.99988329
vn -0.33494194 0.01700436 -0.94208532
vn -0.20722185 0.01437387 -0.97818838
vn -0.27038976 0.03805752 -0.96199844
vn -0.17875913 0.01043749 -0.98383750
vn -0.07019400 -0.00381193 -0.99752608
vn -0.07137116 0.00203119 -0.99744776
vn -0.10689211 0.04778113 -0.99312187
vn 0.01334249 -0.00238137 -0.99990815
vn -0.20660567 0.00569436 -0.97840772
vn -0.36295104 0.01689848 -0.93165497
vn -0.37998584 -0.49675789 -0.78028351
vn -0.33730086 -0.50145356 -0.79672609
vn -0.26017603 -0.45159207 -0.85344773
vn 0.00252166 -0.01427424 -0.99989494
vn -0.08205605 -0.01106365 -0.99656631
vn -0.09954440 -0.03277533 -0.99449318
vn -0.00129707 -0.04227184 -0.99910530
vn -0.05162962 -0.05623913 -0.99708151
vn -0.13834350 -0.06258117 -0.98840512
vn -0.04777717 -0.07485629 -0.99604913
vn -0.07288738 -0.11457425 -0.99073719
vn -0.16481151 -0.10771081 -0.98042621
vn -0.14647267 -0.16578969 -0.97522281
vn -0.18709793 -0.12241098 -0.97468452
vn -0.20783844 -0.15756155 -0.96538984
vn -0.15883451 -0.20822007 -0.96509896
vn -0.27345687 -0.29422672 -0.91577944
vn -0.15942044 -0.28947054 -0.94381774
vn -0.22581437 -0.33796287 -0.91366787
vn -0.33742125 -0.32539676 -0.88332545
vn -0.34115845 -0.43315337 -0.83425959
vn -0.38494704 -0.43917388 -0.81175247
vn -0.26615792 0.00999564 -0.96387761
vn -0.11441117 0.01148157 -0.99336713
vn 0.00170076 0.00030874 -0.99999851
vn -0.27199269 -0.14091407 -0.95192605
vn -0.17938170 -0.15329900 -0.97176212
vn -0.01842628 0.01113524 -0.99976821
vn -0.07365258 -0.16308584 -0.98385889
vn -0.11307128 -0.08351717 -0.99007059
vn 0.02962306 -0.08082757 -0.99628780
vn -0.00162760 0.00000699 -0.99999868
vn 0.08275053 -0.03437027 -0.99597743
vn 0.07973222 -0.03943246 -0.99603607
vn 0.06830409 -0.04738338 -0.99653869
vn 0.05889695 -0.06011869 -0.99645215
vn 0.04906695 -0.06333054 -0.99678567
vn 0.04140491 -0.07797579 -0.99609508
vn 0.02999138 -0.07924057 -0.99640426
vn 0.01538081 -0.08965871 -0.99585378
vn 0.00385650 -0.09833549 -0.99514585
vn -0.00022574 -0.10704494 -0.99425416
vn 0.00940466 0.08283916 -0.99651855
vn 0.02005678 0.07890238 -0.99668056
vn 0.02850254 0.07499975 -0.99677612
vn 0.03835297 0.07359506 -0.99655046
vn 0.07431245 0.02270236 -0.99697656
vn 0.07404387 0.00576762 -0.99723831
vn 0.06710202 0.08891507 -0.99377635
vn 0.06307130 0.07910877 -0.99486874
vn 0.08318602 0.06249327 -0.99457261
vn 0.07827785 0.05074726 -0.99563914
vn 0.08759810 0.03551268 -0.99552269
vn 0.08562880 -0.00259313 -0.99632373
vn 0.07317066 -0.01398373 -0.99722139
vn 0.00366141 -0.10023199 -0.99495736
vn -0.02018303 -0.07597468 -0.99690546
vn -0.03958912 -0.09058685 -0.99510136
vn -0.03514522 -0.07376464 -0.99665621
vn -0.05044989 -0.06255872 -0.99676538
vn -0.07018236 0.04269022 -0.99662028
vn -0.06431505 0.04767584 -0.99679014
vn 0.00034325 -0.00025298 -0.99999991
vn -0.07669686 0.03193230 -0.99654298
vn -0.06149428 0.05648810 -0.99650768
vn -0.05472174 0.06209170 -0.99656919
vn -0.04592808 0.06858537 -0.99658751
vn -0.07359937 -0.03704395 -0.99659966
vn -0.07765793 -0.02572709 -0.99664806
vn -0.08016043 -0.01590742 -0.99665504
vn -0.07948139 -0.00859918 -0.99679926
vn -0.08685551 0.00143606 -0.99621988
vn -0.08235403 0.00946755 -0.99655817
vn -0.07915020 0.02249429 -0.99660888
vn -0.05905951 -0.05598973 -0.99668306
vn -0.06222196 -0.04934122 -0.99684195
vn -0.06982049 -0.04460630 -0.99656178
vn -0.03515472 0.07420674 -0.99662305
vn -0.02765253 0.07514799 -0.99678890
vn -0.02057871 0.08138207 -0.99647051
vn -0.01237015 0.08147982 -0.99659822
vn 0.00051409 0.08208307 -0.99662536
vn -0.14057417 0.15631253 -0.97765295
vn -0.10871038 0.18113193 -0.97743198
vn -0.18649054 -0.09676824 -0.97767949
vn -0.20123833 -0.06281634 -0.97752608
vn -0.07882926 -0.17003783 -0.98227953
vn -0.13287378 -0.24514227 -0.96033839
vn -0.13993452 -0.16418837 -0.97645302
vn -0.16722808 -0.12919542 -0.97741665
vn -0.21012174 -0.02372566 -0.97738731
vn -0.20880969 0.01513682 -0.97783914
vn -0.20314006 0.05602174 -0.97754574
vn -0.18993039 0.09235770 -0.97744386
vn -0.16866902 0.12775132 -0.97735887
vn -0.07172910 0.19921312 -0.97732751
vn -0.03523705 0.20709315 -0.97768644
vn 0.00176423 0.21041290 -0.97761102
vn 0.00930297 0.57544062 -0.81779065
vn 0.00493205 0.46192574 -0.88690489
vn -0.05945990 0.57083162 -0.81891134
vn -0.07439728 0.45294019 -0.88843133
vn -0.10699063 0.58295272 -0.80543102
vn -0.14795104 0.55510985 -0.81851301
vn -0.15699516 0.43062409 -0.88877186
vn -0.19373171 0.58319911 -0.78888961
vn -0.22936133 0.52498479 -0.81962452
vn -0.23499450 0.39411200 -0.88851185
vn -0.26964778 0.50601333 -0.81929273
vn -0.30611850 0.34086740 -0.88887619
vn -0.34214832 0.45960139 -0.81957372
vn -0.31647260 0.49694309 -0.80801774
vn -0.47828378 0.33840835 -0.81038535
vn -0.44127337 0.36662303 -0.81906372
vn -0.36582800 0.27669602 -0.88859957
vn -0.41004750 0.40036014 -0.81949545
vn -0.39427942 0.45352839 -0.79928452
vn -0.49088529 0.29518227 -0.81969449
vn -0.41180489 0.20058943 -0.88892104
vn -0.53803905 0.26964888 -0.79862598
vn -0.53100048 0.21513952 -0.81960568
vn -0.44289655 0.12158370 -0.88829052
vn -0.55243310 0.15869674 -0.81831107
vn -0.56590724 0.09438504 -0.81904851
vn -0.45622487 0.03606387 -0.88913344
vn -0.60335933 0.05059567 -0.79586280
vn -0.57353192 0.00023727 -0.81918318
vn -0.45588059 -0.05261663 -0.88848432
vn -0.57153343 -0.06544663 -0.81796472
vn -0.55844973 -0.12932231 -0.81939590
vn -0.43744822 -0.13630789 -0.88885275
vn -0.57591415 -0.18300082 -0.79676445
vn -0.53179834 -0.21624503 -0.81879705
vn -0.40830110 -0.21074886 -0.88818642
vn -0.50517654 -0.27335574 -0.81858005
vn -0.48070262 -0.32918393 -0.81275023
vn -0.36212493 -0.28058043 -0.88889829
vn -0.48273749 -0.37406592 -0.79185807
vn -0.44850275 -0.41844545 -0.78977762
vn -0.29554896 -0.34479343 -0.89093675
vn -0.41834501 -0.46436675 -0.78060936
vn -0.31730243 -0.53800240 -0.78094339
vn -0.34936834 -0.53457871 -0.76952412
vn -0.26951496 -0.41467944 -0.86913903
vn -0.38348043 -0.50657618 -0.77221974
vn -0.42897614 -0.49352011 -0.75658269
vn 0.00265447 0.32898712 -0.94433068
vn -0.05433960 0.32434735 -0.94437599
vn -0.11229656 0.30940102 -0.94427776
vn -0.16895564 0.28250852 -0.94426846
vn -0.21970564 0.24511105 -0.94427221
vn -0.26277250 0.19811798 -0.94429862
vn -0.29567854 0.14444589 -0.94430376
vn -0.31730755 0.08691522 -0.94433133
vn -0.32795650 0.02579766 -0.94434052
vn -0.32687127 -0.03776911 -0.94431386
vn -0.31409690 -0.09750459 -0.94437068
vn -0.29214930 -0.15100229 -0.94437656
vn -0.25997927 -0.20175323 -0.94430208
vn -0.20415678 -0.25314263 -0.94564201
vn -0.22387762 -0.32828818 -0.91766316
vn 0.40040910 0.90937537 0.11273416
vn 0.34934540 0.93610023 0.04091633
vn 0.69231378 0.72139629 0.01700074
vn 0.16022930 0.98707394 0.00340730
vn 0.32165183 0.94680486 0.01003227
vn 0.82449543 0.56580390 -0.00855770
vn 0.94382718 0.33029394 -0.00980639
vn 0.97850882 0.20413468 -0.02914659
vn 0.92091864 -0.13623909 -0.36516813
vn 0.75473393 -0.15853266 -0.63658785
vn 0.83407307 -0.17390027 -0.52352727
vn 0.70522354 -0.14418450 -0.69416899
vn 0.80561042 -0.09952380 -0.58402643
vn 0.67930759 -0.09333587 -0.72789396
vn 0.69388159 -0.05209246 -0.71820241
vn 0.59341176 -0.07123722 -0.80174045
vn 0.96666731 -0.10601959 -0.23305396
vn 0.85693663 -0.21244227 -0.46960398
vn 0.83913363 -0.17045820 -0.51652566
vn 0.98988233 -0.04942337 -0.13300487
vn 0.89654899 -0.23745720 -0.37391708
vn 0.88008659 -0.22136774 -0.42005228
vn 0.95079280 -0.22994898 -0.20764517
vn 0.93177777 -0.23006582 -0.28082005
vn 0.91388292 -0.23915469 -0.32805951
vn 0.99576592 -0.00729761 -0.09163505
vn 0.99706970 0.05577846 -0.05235246
vn 0.96673837 -0.19801271 -0.16188852
vn 0.99352085 0.10668536 -0.03917339
vn 0.98134667 -0.14564286 -0.12548656
vn 0.99334688 -0.08801677 -0.07426315
vn 0.98946393 0.13968435 -0.03807109
vn 0.99738151 -0.02853673 -0.06645135
vn 0.99880526 0.00102246 -0.04885703
vn 0.99457819 0.09902396 -0.03175667
vn 0.99332901 0.11497463 -0.00884971
vn 0.68859705 0.72513360 -0.00392048
vn 0.87946609 0.47594366 -0.00412753
vn 0.50773728 0.86150767 0.00271884
vn 0.40427193 0.88794817 0.21934507
vn 0.11817657 0.94141260 0.31587436
vn 0.37863771 0.85794828 0.34721497
vn 0.92682643 0.01912341 -0.37500274
vn 0.98541373 0.05929947 -0.15950970
vn 0.99722938 0.06730602 0.03167742
vn 0.98269509 0.01348741 -0.18473885
vn 0.97798229 0.10890863 0.17801561
vn 0.99862060 0.03201664 -0.04161534
vn 0.92877223 0.19906198 0.31266031
vn 0.98986072 0.09866801 0.10217813
vn 0.85317983 0.33275169 0.40169701
vn 0.95313049 0.21083512 0.21700418
vn 0.77373834 0.48094736 0.41233314
vn 0.90284441 0.34097591 0.26193015
vn 0.71247086 0.60739506 0.35136380
vn 0.86092804 0.45124914 0.23489810
vn 0.65724818 0.70655884 0.26229646
vn 0.82094465 0.54249601 0.17817958
vn 0.61001936 0.77311958 0.17367355
vn 0.78506275 0.60846015 0.11598588
vn 0.72460564 0.68573428 0.06866709
vn 0.89970601 0.43612164 0.01808319
vn 0.68177379 0.38844026 0.61991828
vn 0.67699041 0.44343458 0.58740937
vn 0.80415146 0.27713080 0.52586970
vn 0.68279743 0.39735715 0.61310273
vn 0.38910494 0.59319323 0.70478304
vn 0.54533465 0.61256428 0.57216703
vn 0.98977353 0.09874899 0.10294176
vn 0.99383981 0.06548179 0.08941236
vn 0.99640692 0.08438932 0.00719009
vn 0.95827824 0.09952992 0.26794888
vn 0.96809309 0.10842356 0.22592055
vn 0.91313607 0.12714812 0.38731881
vn 0.91402113 0.17208731 0.36735723
vn 0.87143887 0.16818511 0.46076900
vn 0.70305776 0.28690490 0.65068838
vn 0.45793541 0.75812414 0.46426603
vn 0.91307077 0.40462193 0.05082191
vn 0.93533127 0.34405472 0.08235148
vn 0.95874556 0.26526790 0.10217574
vn 0.98033681 0.17520486 0.09079094
vn 0.99730411 0.07193293 0.01449682
vn 0.99308043 -0.00998493 -0.11701095
vn 0.96374195 -0.04913881 -0.26227243
vn 0.91722006 -0.04373425 -0.39597308
vn 0.81611434 -0.02510008 -0.57734510
vn 0.48841908 0.62510218 0.60884650
vn 0.32655145 0.72439607 0.60713630
vn 0.25056403 0.82764883 0.50221020
vn 0.15342051 0.87329578 0.46240311
vn -0.27518466 0.66150722 -0.69762569
vn -0.35033350 0.62492819 -0.69766123
vn -0.44338266 0.77890351 -0.44353257
vn -0.61523273 0.36613154 -0.69816644
vn -0.65909366 0.27808781 -0.69875799
vn -0.82291921 0.35361693 -0.44470107
vn -0.50611825 0.50943198 -0.69593345
vn -0.72064731 0.00881374 -0.69324582
vn -0.66502870 -0.26294414 -0.69899728
vn -0.62773336 -0.33937949 -0.70055149
vn -0.69649562 -0.16863276 -0.69746458
vn -0.71269970 -0.08112508 -0.69676241
vn -0.70988278 0.11059072 -0.69558330
vn -0.56321223 0.44654390 -0.69526292
vn -0.42988726 0.57245447 -0.69820686
vn -0.08736985 0.71087912 -0.69786631
vn -0.95228354 0.26184583 -0.15682098
vn -0.86240194 0.24531744 -0.44281176
vn -0.68625059 0.19576499 -0.70052566
vn -0.77162313 0.45710612 -0.44232538
vn -0.70752561 0.55455886 -0.43803194
vn -0.60097911 0.78417483 -0.15457666
vn -0.54015133 0.71562720 -0.44284789
vn -0.22905107 0.86653891 -0.44344777
vn -0.11537817 0.88859444 -0.44394572
vn -0.89496869 -0.10108620 -0.43452575
vn -0.90164195 0.01627924 -0.43217679
vn -0.98327709 -0.10305021 -0.15015600
vn -0.98888446 0.00977347 -0.14836441
vn -0.77847512 0.61038502 -0.14631001
vn -0.84804650 0.50716906 -0.15361212
vn -0.90711704 0.39207971 -0.15301038
vn -0.62923515 0.64139487 -0.43894845
vn -0.68664630 0.71055318 -0.15372388
vn -0.12723009 0.98043431 -0.15020345
vn -0.24886361 0.95644597 -0.15257131
vn -0.38163163 0.91098383 -0.15641534
vn 0.01153559 0.71417107 -0.69987615
vn 0.01439498 0.89681179 -0.44217802
vn 0.01587401 0.98864407 -0.14943531
vn -0.78779400 -0.42673007 -0.44416446
vn -0.83501628 -0.32463607 -0.44425132
vn -0.87027657 -0.46872543 -0.15137753
vn -0.92150607 -0.35804473 -0.15043449
vn -0.88126823 -0.47235676 -0.01566524
vn -0.93810309 -0.34635220 0.00165803
vn -0.87142239 -0.21524451 -0.44078659
vn -0.96027445 -0.23652470 -0.14808460
vn -0.96864521 -0.24774513 -0.01867639
vn -0.97915605 -0.17802957 -0.09776963
vn -0.99502818 -0.09953156 -0.00351917
vn -0.99931695 0.00023793 0.03695358
vn -0.99478413 0.07525370 -0.06885798
vn -0.88968554 0.13272086 -0.43685789
vn -0.97712011 0.15100707 -0.14977703
vn -0.98537920 0.16132589 0.05478867
vn -0.96693966 0.25492281 -0.00648543
vn -0.94664903 0.32027608 -0.03576106
vn -0.91524695 0.40278042 -0.00953678
vn -0.87912215 0.47603821 -0.02306238
vn -0.84761919 0.53012100 -0.02265886
vn -0.78971427 0.61024279 0.06288972
vn -0.73833413 0.67139415 -0.06397348
vn -0.67158231 0.73753052 0.07089383
vn -0.60486746 0.79599644 0.02291344
vn -0.55242980 0.83111407 -0.06380217
vn -0.48273870 0.86195783 -0.15489363
vn -0.33917377 0.83002764 -0.44273613
vn -0.18425970 0.69010031 -0.69986422
vn -0.48331137 0.87527132 -0.01761377
vn 0.01612453 0.99972702 -0.01690842
vn -0.11408601 0.99290536 0.03351610
vn -0.24690124 0.96627765 0.07312510
vn -0.33151995 0.94187021 -0.05454387
vn -0.40536864 0.91344895 0.03587859
vn 0.85177863 0.50040422 -0.15514115
vn 0.89949324 0.41018725 -0.15052683
vn 0.81511192 0.37130771 -0.44466071
vn 0.90957337 0.41544893 -0.00885790
vn 0.86886182 0.49493324 -0.01096496
vn 0.82228962 0.56166823 -0.09147992
vn 0.79395509 0.60767417 -0.01916839
vn 0.69725565 0.71667322 -0.01463062
vn 0.68898905 0.70681146 -0.16034853
vn 0.64462067 0.76038590 -0.07923056
vn 0.58151351 0.79862080 -0.15507049
vn 0.57999100 0.81445619 -0.01647873
vn 0.48538509 0.87420442 -0.01295950
vn 0.48014385 0.86461251 -0.14801044
vn 0.35825233 0.93347324 -0.01682189
vn 0.67253310 0.23363316 -0.70222132
vn 0.84700823 0.29471885 -0.44240011
vn 0.93392826 0.32509119 -0.14863960
vn 0.94423093 0.32894035 -0.01503983
vn 0.43607333 0.78488110 -0.44022916
vn 0.53401495 0.72062136 -0.44219100
vn 0.62633594 0.64118588 -0.44337790
vn 0.70706420 0.55228756 -0.44163183
vn 0.35220019 0.62537172 -0.69632265
vn 0.42550238 0.57372958 -0.69984434
vn 0.49872495 0.51024873 -0.70065659
vn 0.56214078 0.44444392 -0.69747211
vn 0.61647748 0.36327629 -0.69855984
vn 0.54041208 0.11782461 -0.83310992
vn 0.68620780 0.16270772 -0.70897465
vn 0.86847650 0.21118258 -0.44849804
vn 0.95735695 0.24424026 -0.15431904
vn 0.96679304 0.25502745 -0.01649908
vn 0.54518494 0.19262275 -0.81588594
vn 0.64815960 0.29485662 -0.70210306
vn 0.77008111 0.45967118 -0.44235449
vn 0.78278167 0.60302432 -0.15367020
vn 0.74306486 0.66466039 -0.07798188
vn 0.52744622 0.23963250 -0.81509309
vn 0.49738083 0.28696316 -0.81869680
vn 0.50256693 0.34425583 -0.79304124
vn 0.44629126 0.36141079 -0.81866132
vn 0.40442593 0.41496745 -0.81501023
vn 0.34777401 0.45231962 -0.82125526
vn 0.28834620 0.51186687 -0.80922727
vn 0.26415492 0.54820241 -0.79353406
vn 0.35420559 0.92326476 -0.14872987
vn 0.32149084 0.83805008 -0.44081256
vn 0.25341236 0.67149778 -0.69632816
vn 0.20113073 0.54911104 -0.81118648
vn 0.18978716 0.98167845 -0.01697789
vn 0.18931147 0.97049516 -0.14933289
vn 0.17173808 0.88065163 -0.44154132
vn 0.13676253 0.70165997 -0.69926340
vn 0.10828140 0.56776054 -0.81604112
vn -0.49511284 -0.72497538 -0.47882563
vn -0.56980442 -0.76026339 -0.31196554
vn -0.62425295 -0.73420645 -0.26692536
vn -0.78252558 -0.62053413 -0.05090303
vn -0.82554422 -0.55937584 0.07466863
vn -0.69601392 -0.70415322 -0.14047371
vn -0.76647811 -0.63608837 -0.08889823
vn 0.08810445 0.18851849 -0.97810960
vn 0.05662182 0.19672073 -0.97882323
vn 0.10756345 0.25445203 -0.96108494
vn 0.08558339 0.31251176 -0.94605068
vn 0.12748951 0.30993298 -0.94217195
vn 0.18990018 0.37144537 -0.90882686
vn 0.12507082 0.44516982 -0.88666855
vn 0.19084378 0.46161155 -0.86631024
vn 0.03557878 0.20383581 -0.97835838
vn 0.05461617 0.32213275 -0.94511775
vn 0.07689662 0.45492516 -0.88720347
vn 0.99167345 0.11379230 0.06029160
vn 0.98843694 0.15147954 0.00680891
vn 0.97797012 0.19439260 -0.07606551
vn 0.99266912 0.11465138 -0.03825034
vn 0.97452672 0.09731861 -0.20205635
vn 0.90845472 0.06619306 -0.41270874
vn 0.79251097 0.02948988 -0.60914425
vn 0.66746081 -0.00133292 -0.74464373
vn 0.57253194 -0.01578919 -0.81973037
vn 0.98470936 0.15550925 -0.07851331
vn 0.96032474 0.14726858 -0.23682980
vn 0.88822024 0.12286322 -0.44268436
vn 0.77214619 0.08997767 -0.62904235
vn 0.65656564 0.05058744 -0.75257057
vn 0.55931665 0.01463796 -0.82882484
vn 0.59045231 0.08246838 -0.80284807
vn -0.42204707 -0.65638868 -0.62532406
vn -0.56104105 -0.72521689 -0.39911578
vn -0.49867086 -0.65143791 -0.57180069
vn -0.50786830 -0.51538370 -0.69025317
vn -0.56327248 -0.47828922 -0.67376816
vn -0.59583045 -0.40425077 -0.69395057
vn -0.73565831 -0.50963603 -0.44618155
vn -0.67736886 -0.57396882 -0.46014261
vn -0.60630028 -0.62593065 -0.49052093
vn -0.81310290 -0.55731500 -0.16811803
vn -0.74701028 -0.62581820 -0.22433728
vn -0.66996554 -0.68098560 -0.29564302
vn -0.44606811 -0.68495451 -0.57607340
vn -0.36644368 -0.60534366 -0.70659612
vn -0.42501295 -0.63058630 -0.64940350
vn -0.34889195 -0.56248699 -0.74958841
vn -0.27145968 -0.47500152 -0.83706822
vn -0.59126205 -0.03652223 -0.80565211
vn -0.46932827 -0.16737993 -0.86701496
vn -0.49987898 -0.07593326 -0.86276019
vn -0.45772397 -0.43913085 -0.77308011
vn -0.45890770 -0.29002275 -0.83981577
vn -0.45103898 -0.55848540 -0.69617375
vn -0.51062178 -0.00263748 -0.85980139
vn -0.60437648 -0.00958890 -0.79664115
vn -0.36792993 0.00108297 -0.92985289
vn -0.35397860 -0.03484933 -0.93460402
vn -0.34524616 -0.08706919 -0.93446458
vn -0.33470376 -0.16132755 -0.92841091
vn -0.29758091 -0.23860755 -0.92439820
vn -0.32839020 -0.37268382 -0.86790936
vn -0.94705492 -0.31240207 -0.07410748
vn -0.91386566 -0.40499860 -0.02873492
vn -0.93727027 -0.28999694 -0.19345856
vn -0.80449829 -0.21493153 -0.55370293
vn -0.80656042 -0.40109658 -0.43426008
vn -0.88564212 -0.27976258 -0.37063586
vn -0.92160489 -0.27704082 -0.27183233
vn -0.71895846 -0.30422961 -0.62493446
vn -0.68173688 -0.31667746 -0.65950755
vn -0.61903866 -0.33489935 -0.71037565
vn -0.55982527 -0.29159007 -0.77561002
vn -0.47548664 -0.28418794 -0.83255611
vn -0.39218960 -0.30630077 -0.86739101
vn -0.29897312 -0.30841366 -0.90304822
vn -0.21721969 -0.21550374 -0.95203663
vn -0.10431467 -0.35155360 -0.93033785
vn -0.03108733 -0.21804954 -0.97544245
vn 0.03105053 -0.32864784 -0.94394198
vn 0.09462594 -0.33667688 -0.93685357
vn 0.99620999 -0.08696067 -0.00187135
vn 0.94989161 -0.31243428 -0.00952604
vn 0.97864605 -0.20307884 -0.03179467
vn 0.92544841 -0.36106997 -0.11477683
vn 0.81093801 -0.42798589 -0.39900830
vn 0.91292049 -0.20106175 -0.35517652
vn 0.85599063 -0.42675696 -0.29181936
vn 0.95104173 -0.14820508 -0.27121004
vn 0.89772626 -0.39009233 -0.20473285
vn 0.97539480 -0.13714297 -0.17261748
vn 0.97938972 -0.18931482 -0.07039657
vn 0.68455465 -0.45550029 -0.56912601
vn 0.83089225 -0.11194521 -0.54505628
vn 0.73348559 -0.48332611 -0.47790664
vn 0.86165289 -0.17053860 -0.47798629
vn 0.90497271 -0.13103553 -0.40478895
vn 0.46304416 -0.45832604 -0.75863518
vn 0.62332087 -0.14967385 -0.76750820
vn 0.52905199 -0.43257380 -0.73005746
vn 0.69697744 -0.14244080 -0.70280372
vn 0.61183469 -0.40617863 -0.67873207
vn 0.72495468 -0.20212158 -0.65847368
vn 0.78836124 -0.18715254 -0.58605502
vn 0.12604503 -0.14226649 -0.98177029
vn 0.16311038 -0.13014699 -0.97798608
vn 0.19141121 -0.35457661 -0.91522521
vn 0.22749933 -0.16710568 -0.95933297
vn 0.25146487 -0.24763476 -0.93565081
vn 0.31296647 -0.15559964 -0.93693156
vn 0.34650068 -0.27553831 -0.89666935
vn 0.39982402 -0.12527311 -0.90799086
vn 0.38570088 -0.43775200 -0.81216256
vn 0.46303490 -0.17730583 -0.86842462
vn 0.52491841 -0.10378322 -0.84480158
vn 0.05776297 -0.00017997 -0.99833031
vn 0.08961724 0.00400514 -0.99596823
vn 0.16072588 -0.00051153 -0.98699895
vn 0.25734371 0.06223830 -0.96431354
vn 0.30642876 0.01678440 -0.95174561
vn 0.35662741 -0.00056964 -0.93424652
vn 0.44747777 -0.00593241 -0.89427538
vn 0.54518462 0.02782994 -0.83785394
vn 0.59936056 0.02656052 -0.80003841
vn 0.64263786 0.00403456 -0.76615945
vn 0.71812922 0.01610500 -0.69572341
vn 0.79849828 0.00763609 -0.60194866
vn 0.83580948 0.04893160 -0.54683472
vn 0.88400173 0.03423420 -0.46622845
vn 0.91445543 0.02171439 -0.40410364
vn 0.93097504 0.02189760 -0.36442554
vn 0.96117491 0.00634613 -0.27586685
vn 0.98281635 0.00720173 -0.18444552
vn 0.99666830 0.00329899 -0.08149485
vn 0.99997641 0.00478960 -0.00492345
vn 0.99963370 0.02220086 -0.01547858
vn 0.22537055 -0.02044227 -0.97405864
vn 0.16939894 0.03168322 -0.98503816
vn 0.24304168 0.07353451 -0.96722459
vn 0.19646692 0.12180421 -0.97291546
vn 0.16096845 0.19015650 -0.96846769
vn 0.24844327 0.27328491 -0.92929613
vn 0.98725062 -0.08259681 -0.13606612
vn 0.97228384 -0.10515149 -0.20882361
vn 0.95316957 -0.21360119 -0.21410817
vn 0.74625491 -0.06867833 -0.66210792
vn 0.80805949 -0.07419437 -0.58441001
vn 0.85009502 0.03573009 -0.52541585
vn 0.39834786 -0.21274909 -0.89222015
vn 0.34527138 -0.17475866 -0.92208843
vn 0.30689865 -0.21275947 -0.92765653
vn 0.39131941 -0.16145178 -0.90598148
vn 0.11700612 -0.14768245 -0.98208934
vn 0.38193620 0.26269176 -0.88606872
vn 0.74791593 -0.21725760 -0.62723273
vn 0.99962922 0.02106209 -0.01725748
vn 0.99941850 0.02083825 -0.02698931
vn 0.99938664 0.03371388 -0.00947155
vn 0.88789809 0.01295029 -0.45985787
vn 0.91727420 0.02606839 -0.39740217
vn 0.94270839 0.00275649 -0.33360651
vn 0.15500083 0.00521360 -0.98790058
vn 0.47468212 -0.02441565 -0.87981859
vn 0.51090583 -0.03084037 -0.85908330
vn 0.86181914 0.01652689 -0.50694639
vn 0.99834766 0.01462412 -0.05557061
vn 0.99993325 0.00039560 -0.01154716
vn 0.99993037 -0.00002537 -0.01180100
vn 0.98642622 0.03404342 -0.16063735
vn 0.99948627 0.00452142 -0.03172933
vn 0.99992559 -0.00058209 -0.01218542
vn 0.99978202 -0.00069853 -0.02086703
vn 0.99966769 0.00162956 -0.02572642
vn 0.99363027 0.01317974 -0.11191597
vn 0.99917031 0.01530673 -0.03774115
vn 0.99990422 0.00769134 -0.01150640
vn 0.99788877 0.00789832 -0.06446408
vn 0.99994712 0.00484129 -0.00907258
vn 0.99217181 -0.01618502 -0.12382708
vn 0.99921153 0.01122262 -0.03808367
vn 0.99758327 0.00252013 -0.06943540
vn 0.99953641 0.01761739 -0.02483128
vn 0.99946468 0.02182806 -0.02436996
vn 0.98020713 -0.15689847 -0.12073461
vn 0.82074147 -0.31637212 -0.47570172
vn 0.88122057 -0.31329976 -0.35396831
vn 0.79119245 -0.28749268 -0.53978003
vn 0.69072377 -0.23503540 -0.68385601
vn 0.53971745 -0.10349379 -0.83546042
vn 0.46949719 0.01670479 -0.88277593
vn 0.16828075 0.27135438 -0.94765415
vn 0.22293384 0.37006690 -0.90185974
vn 0.28082387 0.43962177 -0.85315336
vn 0.10325221 0.16621130 -0.98066956
vn 0.19029828 -0.10984842 -0.97556132
vn 0.15379198 -0.13079623 -0.97940817
vn 0.06403605 -0.19509012 -0.97869261
vn 0.02285613 -0.23730600 -0.97116603
vn -0.02633200 -0.18569149 -0.98225521
vn -0.01606080 -0.27786546 -0.96048573
vn -0.08623674 -0.24409220 -0.96591005
vn -0.14864073 -0.33163375 -0.93162492
vn -0.24156183 -0.45152912 -0.85893500
vn -0.22302120 -0.41286718 -0.88306412
vn -0.15257468 -0.35716147 -0.92149696
vn -0.16192663 -0.39574642 -0.90397154
vn -0.07078783 -0.33048068 -0.94115440
vn -0.03622582 -0.22359975 -0.97400762
vn 0.03427897 -0.09726383 -0.99466814
vn 0.12663929 -0.24191827 -0.96199690
vn 0.08163888 -0.27110944 -0.95908017
vn 0.00267106 -0.31297823 -0.94975654
vn -0.07902888 -0.33816947 -0.93776108
vn 0.29694759 -0.28088614 -0.91264731
vn 0.24480042 -0.28431845 -0.92694971
vn 0.31122212 -0.30658027 -0.89952728
vn 0.25020558 -0.27967126 -0.92692025
vn 0.31472284 -0.27897613 -0.90726063
vn 0.20113846 -0.23631373 -0.95063092
vn 0.12333699 -0.28483881 -0.95060762
vn 0.17723792 -0.27713850 -0.94434155
vn 0.07378612 -0.27845943 -0.95760950
vn 0.02070190 -0.25670106 -0.96626911
vn 0.13317161 -0.19866949 -0.97097670
vn 0.08718405 -0.15418815 -0.98418746
vn 0.24307541 -0.13036798 -0.96120681
vn 0.34249822 -0.09844303 -0.93434680
vn 0.46616415 -0.04252293 -0.88367572
vn 0.51820439 -0.08842061 -0.85067385
vn 0.55232174 -0.03922648 -0.83270762
vn 0.81669920 0.02824694 -0.57637187
vn 0.77163793 0.02103443 -0.63571413
vn 0.69878859 -0.05128450 -0.71348750
vn 0.65877357 -0.04789550 -0.75081516
vn 0.54767142 -0.11996533 -0.82804851
vn 0.82207998 0.02532943 -0.56880834
vn 0.75121199 -0.00691426 -0.66002480
vn 0.73598368 0.02055592 -0.67668713
vn 0.68747632 0.00856674 -0.72615626
vn 0.61023785 -0.05532433 -0.79028411
vn 0.65869142 0.00719515 -0.75237879
vn 0.40448869 -0.01748133 -0.91437591
vn 0.17600032 -0.08049228 -0.98109372
vn 0.29024351 -0.04309792 -0.95598184
vn 0.12802389 -0.04623651 -0.99069272
vn 0.21921855 -0.01257728 -0.97559471
vn 0.07042821 -0.01738763 -0.99736530
vn 0.73724675 -0.29419939 -0.60820551
vn 0.62420978 -0.24781565 -0.74091130
vn 0.37665163 -0.26923311 -0.88636735
vn 0.38752087 -0.31577836 -0.86608984
vn 0.39508368 -0.32428431 -0.85950484
vn 0.39274487 -0.28337898 -0.87489875
vn 0.92220442 -0.23656885 -0.30589899
vn 0.89377420 -0.29316232 -0.33944593
vn 0.92128965 -0.27907457 -0.27081871
vn 0.84587550 -0.33569074 -0.41449531
vn 0.78619250 -0.35818880 -0.50358925
vn 0.70630464 -0.35687851 -0.61136853
vn 0.60744601 -0.32739150 -0.72375697
vn 0.87373088 -0.24111678 -0.42244176
vn 0.79387680 -0.22376739 -0.56540939
vn 0.82057825 -0.30371849 -0.48415536
vn 0.73489053 -0.28360895 -0.61603724
vn 0.75878354 -0.34730075 -0.55102606
vn 0.66091110 -0.32634068 -0.67579456
vn 0.68100274 -0.36864790 -0.63271953
vn 0.57523354 -0.34768436 -0.74042012
vn 0.58974244 -0.36450123 -0.72065436
vn 0.70275903 -0.20177298 -0.68221508
vn 0.62567038 -0.24483578 -0.74066998
vn 0.55715163 -0.29820291 -0.77502070
vn 0.99629236 -0.04225737 -0.07493893
vn 0.98240858 -0.01942379 -0.18573127
vn 0.95045287 -0.10921732 -0.29105141
vn 0.89889790 0.03639399 -0.43664406
vn 0.87499429 -0.07958516 -0.47754705
vn 0.94498505 0.02020551 -0.32648888
vn 0.38599820 -0.07292029 -0.91961297
vn 0.47992156 -0.11494219 -0.86974915
vn 0.58978487 -0.14959219 -0.79358427
vn 0.87718381 0.03558111 -0.47883456
vn 0.93064196 0.04780207 -0.36279542
vn 0.97020706 0.05274801 -0.23646543
vn 0.98891196 0.02778018 -0.14588148
vn 0.99608565 0.01647925 -0.08684363
vn 0.95047394 0.04849305 -0.30699790
vn 0.97171430 0.02247021 -0.23508811
vn 0.98618995 0.00696539 -0.16547167
vn 0.32855436 0.35113368 -0.87678799
vn 0.28828616 0.19208666 -0.93807985
vn 0.43814924 0.19491358 -0.87751578
vn 0.49325293 0.13918188 -0.85867919
vn 0.40693480 0.07973893 -0.90997021
vn 0.46047865 -0.07576370 -0.88443161
vn 0.53147450 -0.05910559 -0.84500969
vn 0.51826248 -0.18905723 -0.83406316
vn 0.62775623 -0.16237420 -0.76128623
vn 0.34199235 0.13277258 -0.93027559
vn 0.30968108 0.02446273 -0.95052575
vn 0.29419711 -0.06537977 -0.95350592
vn 0.38405969 -0.02657036 -0.92292588
vn 0.34678014 -0.10506565 -0.93204332
vn 0.32607150 -0.15673914 -0.93226081
vn 0.42374015 -0.13995377 -0.89490627
vn 0.40503699 -0.21224775 -0.88932330
vn 0.49999087 -0.27249895 -0.82204225
vn 0.49172488 -0.33446383 -0.80395310
vn 0.48397414 -0.34646428 -0.80357422
vn 0.46929267 -0.31189578 -0.82612675
vn 0.49870408 -0.27659398 -0.82145603
vn 0.46112098 -0.24551679 -0.85269511
vn 0.64126033 -0.18118505 -0.74562535
vn 0.17341511 -0.04749776 -0.98370278
vn 0.23742505 -0.08859526 -0.96735734
vn 0.25772277 -0.17664789 -0.94993394
vn 0.31751669 -0.23600007 -0.91841555
vn 0.21029109 -0.19132056 -0.95873568
vn 0.26062187 -0.24535496 -0.93374364
vn 0.16597674 -0.21314124 -0.96282009
vn 0.20173400 -0.25621102 -0.94533555
vn 0.96775109 -0.00769215 -0.25179090
vn 0.91858352 -0.09974596 -0.38243308
vn 0.84492546 -0.15526589 -0.51185298
vn 0.74943881 -0.12408787 -0.65034120
vn -0.34618116 -0.47269908 -0.81037904
vn -0.35815163 -0.34291239 -0.86841148
vn -0.31880237 -0.26539198 -0.90990777
vn -0.21621857 -0.00762509 -0.97631521
vn -0.24087484 -0.04401780 -0.96955750
vn -0.18021746 -0.07190304 -0.98099522
vn -0.30861592 -0.21606505 -0.92632182
vn -0.27054568 -0.10812714 -0.95661568
vn -0.71527421 0.69386387 -0.08328113
vn -0.98443622 0.00093045 -0.17573975
vn -0.99906738 0.00067483 -0.04317314
vn -0.94482698 0.00063933 -0.32756918
vn -0.67802299 0.69641345 -0.23514491
vn -0.69307899 0.69840569 -0.17852452
vn -0.69972475 0.70268475 -0.12891634
vn -0.90366032 -0.10367495 0.41551117
vn -0.84539160 -0.08865873 0.52673777
vn 0.04879178 0.21045660 -0.97638485
vn 0.13623656 0.02769540 0.99028913
vn 0.09697764 0.10702757 0.98951525
vn -0.28842567 -0.60159135 -0.74491508
vn 0.34831720 0.62783543 -0.69605876
vn -0.34964950 -0.60352432 -0.71659167
vn -0.41023689 -0.55526085 -0.72345772
vn 0.41629149 0.58469891 -0.69629633
vn 0.46144586 0.54488839 -0.70011739
vn -0.47455114 -0.50852792 -0.71847099
vn 0.49725853 0.51146831 -0.70080962
vn -0.51778236 -0.46952281 -0.71515715
vn 0.53148324 0.47590198 -0.70074451
vn -0.54606737 -0.43250547 -0.71746042
vn 0.56603514 0.43642160 -0.69938574
vn -0.57620550 -0.39357041 -0.71630270
vn 0.59189746 0.39343837 -0.70346546
vn -0.60267255 -0.34965120 -0.71730735
vn 0.61732003 0.35199538 -0.70357319
vn -0.63200019 -0.29155723 -0.71803213
vn 0.64803123 0.29708803 -0.70128042
vn -0.65534766 -0.22981026 -0.71951838
vn 0.69177067 0.18907170 -0.69692555
vn -0.68034872 -0.17042404 -0.71279820
vn 0.70199936 0.20929357 -0.68072983
vn 0.67032304 0.24471586 -0.70055776
vn -0.71530850 -0.05398495 -0.69672044
vn 0.71271818 0.15356979 -0.68443343
vn 0.68915658 0.14007654 -0.71094428
vn -0.81395033 0.00999842 -0.58084843
vn -0.39683544 0.58976499 -0.70334834
vn -0.89416787 -0.28041101 0.34904654
vn -0.21600144 0.46732335 -0.85729357
vn -0.98538137 -0.09494281 0.14145468
vn -0.09105317 0.41919723 -0.90331777
vn -0.98730645 -0.09386686 0.12812102
vn 0.22381096 0.27103642 -0.93618797
vn -0.97655839 0.02136560 -0.21418969
vn 0.44797960 0.18464032 -0.87476982
vn -0.89694558 0.03815576 -0.44049150
vn 0.58276289 0.13332075 -0.80163146
vn 0.61746370 0.12082759 -0.77726397
vn -0.72049336 0.67169586 -0.17237747
vn -0.67382630 0.67756464 -0.29472745
vn -0.74550837 -0.62223434 0.23883403
vn -0.59592941 0.64858321 -0.47350602
vn -0.80434253 -0.49530749 0.32818224
vn -0.79566472 -0.46592561 0.38708007
vn -0.70889337 0.69861690 -0.09697742
vn -0.70741993 0.70593812 -0.03476231
vn -0.71608409 0.60686433 0.34487572
vn 0.23215183 0.62776532 -0.74297795
vn -0.67649417 0.64061236 0.36327873
vn 0.34730996 0.65984964 -0.66631393
vn -0.63354994 0.66544575 0.39471056
vn 0.44480877 0.69284912 -0.56754317
vn -0.61701909 0.68234528 0.39203617
vn 0.53167226 0.71079516 -0.46053756
vn -0.62999915 0.69042038 0.35555697
vn 0.58706552 0.71262975 -0.38407411
vn 0.15351442 0.56672171 -0.80948120
vn -0.79851033 0.51748518 0.30755543
vn 0.04828875 0.41643569 -0.90788188
vn -0.88659154 0.38176144 0.26117740
vn -0.04368099 0.30366248 -0.95177785
vn -0.94669587 0.22310079 0.23236388
vn -0.15591408 0.26582183 -0.95133041
vn -0.96894267 0.12582716 0.21287937
vn -0.18022346 0.29949867 -0.93692051
vn -0.97255030 0.06879190 0.22229167
vn -0.20029177 0.38885380 -0.89926410
vn -0.97468183 -0.07136803 0.21190078
vn -0.22355470 0.45170441 -0.86370506
vn -0.56940968 -0.76926733 -0.28982819
vn 0.16183455 0.32247548 -0.93264095
vn -0.72919817 -0.66858002 -0.14584507
vn -0.02211889 0.36443897 -0.93096455
vn -0.86830700 -0.49592838 0.00989895
vn -0.15855386 0.42019449 -0.89347482
vn -0.94081146 -0.31493819 0.12525064
vn -0.95928392 -0.20513733 0.19414695
vn 0.35251753 -0.02178273 -0.93555166
vn 0.36983131 -0.01121480 -0.92903123
vn 0.21505918 0.01018253 -0.97654793
vn 0.28814162 0.02992782 -0.95712002
vn 0.07591948 -0.00582994 -0.99709691
vn 0.11198862 -0.04081818 -0.99287080
vn 0.20191235 -0.00613706 -0.97938437
vn 0.26373297 -0.05898554 -0.96279054
vn 0.34586351 -0.01009524 -0.93823052
vn 0.05422945 0.00820404 -0.99849480
vn 0.20657095 -0.00511259 -0.97841827
vn 0.13512933 0.00559008 -0.99081220
vn 0.06292482 0.00730975 -0.99799150
vn 0.08358519 0.01334018 -0.99641134
vn 0.09228060 0.02310383 -0.99546497
vn 0.10419327 0.03612125 -0.99390091
vn 0.12979062 0.04141076 -0.99067631
vn 0.14710216 0.07382984 -0.98636206
vn 0.17288461 0.09532073 -0.98031876
vn 0.20936088 0.18067345 -0.96100215
vn 0.27786012 0.29857788 -0.91304162
vn 0.35080781 0.39730911 -0.84798547
vn 0.35289404 0.44528934 -0.82291142
vn 0.26738879 -0.01437028 -0.96348157
vn 0.11583583 -0.01283237 -0.99318548
vn -0.03532298 -0.00600708 -0.99935789
vn -0.03644686 -0.00228691 -0.99933298
vn -0.02034130 0.00227247 -0.99979051
vn 0.36480405 -0.00826835 -0.93104760
vn 0.40210833 -0.02484401 -0.91525497
vn -0.68982254 0.72264443 0.04393041
vn 0.65212393 0.73770020 0.17473637
vn -0.65212365 0.73770047 0.17473627
vn -0.58467828 0.73770007 0.33756468
vn 0.58467833 0.73770020 0.33756430
vn 0.47738790 0.73770022 0.47738786
vn -0.47738789 0.73770023 0.47738787
vn 0.68982486 0.72264235 0.04392830
vn 0.33756432 0.73770021 0.58467831
vn -0.17473615 0.73770027 0.65212390
vn 0.00000000 0.73770023 0.67512842
vn -0.33756431 0.73770021 0.58467832
vn 0.17473615 0.73770027 0.65212391
vn -0.00000000 -0.00000000 -0.00000000
vn -0.99101359 -0.13173962 0.02316765
vn -0.97857360 -0.12203916 -0.16583171
vn -0.96704097 -0.25462083 0.00001863
vn -0.94679183 -0.18447466 -0.26373156
vn -0.97446049 -0.20062737 0.10087324
vn -0.98013416 -0.18171334 0.07948137
vn -0.95925314 -0.16593720 -0.22868814
vn 0.63976283 -0.00312528 -0.76856604
vn 0.69520659 -0.00071927 -0.71880963
vn 0.59161402 0.03629681 -0.80540387
vn 0.42313815 0.55897975 -0.71308888
vn 0.42442200 0.44896142 -0.78632030
vn 0.50321682 0.07776627 -0.86065396
vn 0.47624606 0.16929496 -0.86286089
vn 0.43347164 0.28589210 -0.85461573
vn 0.51137048 0.00285581 -0.85935562
vn 0.60401543 0.00918856 -0.79691965
vn 0.58952140 0.00018755 -0.80775274
vn 0.53259717 -0.01382293 -0.84625598
vn 0.46807327 -0.01040082 -0.88362845
vn 0.33398699 0.08505145 -0.93873262
vn 0.35381840 0.02565926 -0.93496211
vn 0.37380604 -0.00648268 -0.92748424
vn 0.34926679 0.28118073 -0.89384009
vn 0.34959241 0.19732485 -0.91588648
vn 0.32090861 0.12901292 -0.93828212
vn 0.37186417 0.48746353 -0.78999769
vn 0.30805017 0.35611434 -0.88220614
vn -0.08838904 -0.13475496 -0.98692881
vn -0.93444056 0.01824281 -0.35565158
vn -0.97387684 -0.08379202 -0.21105166
vn -0.99704704 -0.00514454 -0.07662070
vn -0.85318838 0.02010875 -0.52121515
vn -0.73838316 -0.09466483 -0.66770419
vn -0.53300787 -0.10005670 -0.84017335
vn -0.46418561 -0.10622749 -0.87934489
vn -0.37262744 -0.07289141 -0.92511385
vn -0.17748253 -0.05081110 -0.98281137
vn -0.30680810 0.00771044 -0.95174016
vn -0.17641792 -0.00227272 -0.98431273
vn -0.31894932 -0.00779734 -0.94773970
vn -0.60865251 -0.00169004 -0.79343510
vn -0.46831294 -0.00533380 -0.88354657
vn -0.74509279 -0.00519684 -0.66694057
vn -0.93180651 -0.00823259 -0.36286203
vn -0.85153550 -0.00461677 -0.52427663
vn -0.97823903 -0.00340540 -0.20745315
vn -0.99634256 -0.00087937 -0.08544427
vn -0.02308884 -0.66778875 0.74399266
vn 0.00000000 0.00000000 0.00000000
vn -0.67618057 0.00266755 -0.73673110
vn -0.62272858 -0.08334230 -0.77798662
vn 0.30553528 0.21190464 -0.92830201
vn 0.32572427 0.27145362 -0.90565812
vn 0.25557018 0.11874796 -0.95947006
vn 0.36163383 0.45154029 -0.81567907
vn 0.36054197 0.35253274 -0.86355669
vn 0.23800798 0.03800385 -0.97051940
vn 0.21513438 0.00287816 -0.97658021
vn 0.18115172 0.06841573 -0.98107255
vn 0.04315292 0.99906848 -0.00007122
vn 0.04626649 0.99892516 -0.00281793
vn -0.04673756 0.99873419 -0.01859095
vn 0.06565318 0.99655711 -0.05063191
vn -0.01049445 0.99511063 -0.09820744
vn 0.05625778 0.97793393 -0.20119715
vn 0.15816163 0.98740643 -0.00366604
vn 0.21548273 0.97650012 -0.00383456
vn 0.51215321 0.85886445 -0.00713770
vn 0.79139469 0.61128330 -0.00521383
vn 0.99336656 0.11487370 -0.00518672
vn 0.94442973 0.32869119 -0.00381812
vn 0.31295048 0.94974686 -0.00655007
vn 0.99306817 0.11747918 0.00377585
vn 0.94388164 0.33024279 0.00521020
vn 0.82404545 0.56651290 0.00349706
vn 0.68389941 0.72957619 -0.00042830
vn 0.50718355 0.86183575 -0.00199759
vn -0.99930670 -0.00885478 0.03616218
vn -0.27286512 0.01982576 0.96184800
vn -0.18021412 0.01287770 0.98354310
vn -0.20551606 0.01545674 0.97853167
vn -0.12332283 0.03265185 0.99182929
vn -0.07073314 -0.00166479 0.99749389
vn -0.05331882 -0.00018189 0.99857752
vn 0.01475810 -0.00720866 0.99986511
vn -0.34152378 0.01097470 0.93980906
vn -0.36462226 0.02085117 0.93092203
vn -0.20787494 0.00380736 0.97814800
vn -0.06946212 -0.00893574 0.99754457
vn 0.03568781 -0.00993132 0.99931364
vn -0.11573057 -0.16161978 0.98004361
vn -0.18666852 -0.12090226 0.97495513
vn -0.07430677 -0.09416681 0.99277949
vn -0.15505552 -0.08899419 0.98388913
vn -0.06196882 -0.07161510 0.99550547
vn -0.13932909 -0.05752040 0.98857413
vn -0.02798019 -0.06229626 0.99766542
vn -0.10966931 -0.02947988 0.99353086
vn 0.00547130 -0.02327435 0.99971414
vn -0.08809300 -0.01149641 0.99604591
vn -0.00082717 -0.01548243 0.99987980
vn -0.16667941 -0.22403817 0.96022126
vn -0.26965415 -0.26823715 0.92484348
vn -0.20464554 -0.15234885 0.96690746
vn -0.32948129 -0.51790099 0.78944325
vn -0.35499649 -0.52015025 0.77680191
vn -0.32390466 -0.42157867 0.84696942
vn -0.16056198 -0.24276965 0.95670411
vn -0.16965991 -0.25191858 0.95276049
vn -0.33613345 -0.37214181 0.86517326
vn -0.20151532 -0.35595851 0.91251581
vn -0.24098287 -0.41711957 0.87632101
vn -0.26650012 -0.15307918 0.95160099
vn -0.26855681 0.00790190 0.96323144
vn -0.35747071 -0.13960334 0.92343143
vn -0.02462177 -0.05792006 0.99801755
vn 0.03427531 -0.08574017 0.99572779
vn 0.01811669 0.00360802 0.99982937
vn -0.12171760 0.00519144 0.99255120
vn -0.06379988 -0.20500022 0.97668034
vn -0.10817297 -0.10237617 0.98884667
vn -0.18080563 -0.16367069 0.96980474
vn -0.40064329 0.02183798 0.91597383
vn 0.99700246 -0.07733275 0.00239416
vn 0.95093815 -0.30930762 0.00674067
vn 0.84507656 -0.53429706 0.01929427
vn 0.99985526 0.00067332 0.01700030
vn -0.83005629 -0.55693219 0.02886316
vn -0.94465421 -0.32690927 0.02754530
vn -0.99607757 -0.08290610 0.03092019
vn 0.17473597 -0.73770019 -0.65212405
vn -0.58467857 -0.73770010 -0.33756411
vn 0.07573262 -0.90228478 0.42443698
vn 0.03200709 -0.89855367 0.43769492
vn 0.17473597 -0.73770019 0.65212405
vn 0.00000006 -0.73770021 0.67512843
vn 0.24653674 -0.93698548 0.24754362
vn 0.20895902 -0.92852000 0.30689858
vn 0.47738798 -0.73770013 0.47738792
vn 0.33756418 -0.73770034 0.58467823
vn 0.17138286 -0.91744984 0.35904555
vn 0.14325033 -0.91251051 0.38315000
vn 0.10784191 -0.90509520 0.41130622
vn 0.47738802 -0.73770016 -0.47738783
vn 0.33756418 -0.73770034 -0.58467823
vn -0.17473604 -0.73770027 0.65212394
vn -0.15552183 -0.89668775 0.41444426
vn -0.33756417 -0.73770019 0.58467842
vn -0.22266487 -0.89523687 0.38596802
vn -0.47738787 -0.73770034 0.47738772
vn -0.00583860 -0.89809448 0.43976382
vn -0.06070642 -0.89611771 0.43964505
vn -0.11726848 -0.89707035 0.42604330
vn 0.27077619 -0.93931433 0.21063913
vn 0.58467823 -0.73770025 0.33756437
vn 0.29344870 -0.93810964 0.18395153
vn 0.32080856 -0.93405017 0.15694633
vn 0.65212389 -0.73770035 0.17473590
vn 0.35171464 -0.92716076 0.12911131
vn 0.58467831 -0.73770021 -0.33756433
vn -0.17473604 -0.73770027 -0.65212394
vn 0.00000006 -0.73770021 -0.67512843
vn -0.33756417 -0.73770019 -0.58467842
vn -0.47738791 -0.73770037 -0.47738763
vn -0.65212387 -0.73770035 -0.17473592
vn -0.29127632 -0.89494925 0.33797033
vn -0.35594056 -0.89401319 0.27211531
vn -0.58467850 -0.73770014 0.33756416
vn -0.39437449 -0.89581825 0.20488635
vn -0.65212389 -0.73770035 0.17473590
vn 0.67512859 -0.73770006 -0.00000000
vn 0.43073592 -0.90071647 0.05635969
vn 0.38975818 -0.91581546 0.09680191
vn 0.65212387 -0.73770035 -0.17473592
vn -0.44053364 -0.89690993 0.03850573
vn -0.67512859 -0.73770006 -0.00000000
vn -0.44364048 -0.89165350 0.09020618
vn -0.42641307 -0.89524598 0.12925371
vn -0.84838915 -0.51609815 0.11780728
vn -0.82612378 -0.47736159 0.29940844
vn -0.84903473 -0.48886761 0.20037089
vn -0.80143877 -0.46932993 0.37070921
vn -0.74703914 -0.53792191 0.39060535
vn -0.52552597 -0.52721718 0.66773086
vn -0.60332911 -0.54829544 0.57910802
vn -0.68716978 -0.50772020 0.51963246
vn -0.73952693 -0.48791895 0.46371868
vn -0.12247453 -0.51080996 0.85092489
vn -0.16255945 -0.47206878 0.86644416
vn -0.22753495 -0.46893639 0.85342048
vn -0.31669494 -0.46026780 0.82937197
vn -0.39214031 -0.47122944 0.79004354
vn -0.47037617 -0.49909783 0.72776893
vn -0.03790756 -0.50881533 0.86004068
vn -0.00386830 -0.51775381 0.85552091
vn 0.02152448 -0.55826842 0.82938114
vn 0.05740609 -0.49902385 0.86468476
vn 0.12085303 -0.51167442 0.85063731
vn 0.14391917 -0.56792978 0.81039684
vn 0.20600301 -0.54423174 0.81324939
vn 0.26376879 -0.58277059 0.76863806
vn 0.33127569 -0.63783238 0.69528863
vn 0.38894497 -0.66748784 0.63496598
vn 0.45247098 -0.68406256 0.57212624
vn 0.49482770 -0.69481796 0.52189419
vn 0.57554423 -0.63470249 0.51565646
vn 0.62858921 -0.63934932 0.44284089
vn 0.68421995 -0.62880481 0.36938810
vn 0.74338296 -0.60136643 0.29281428
vn 0.79149421 -0.57297931 0.21267727
vn 0.82913840 -0.54318662 0.13220367
vn 0.80089175 -0.59122184 0.09502178
vn 0.94443728 -0.32594137 0.04243170
vn 0.02544796 0.06943760 0.99726166
vn 0.00975060 0.08057896 0.99670054
vn 0.02017099 0.07687998 0.99683630
vn 0.03990086 0.07140637 0.99664891
vn 0.06743935 0.08898614 0.99374715
vn 0.06329317 0.07973217 0.99480488
vn 0.07460133 0.06202051 0.99528292
vn 0.07870294 0.04706795 0.99578635
vn 0.08908810 0.03616291 0.99536705
vn 0.07507929 0.02281721 0.99691648
vn 0.08150035 0.00223898 0.99667080
vn 0.08850604 -0.00034420 0.99607558
vn 0.07392525 -0.01379839 0.99716832
vn 0.08381217 -0.03476927 0.99587480
vn 0.08096814 -0.04144908 0.99585447
vn 0.07130767 -0.04823174 0.99628757
vn 0.05856880 -0.05532505 0.99674913
vn 0.01560224 -0.08844365 0.99595898
vn 0.03008110 -0.07933313 0.99639419
vn 0.04588278 -0.06961504 0.99651820
vn 0.05189450 -0.08546493 0.99498880
vn 0.00107645 -0.10294618 0.99468635
vn 0.00106353 -0.10344088 0.99463503
vn -0.00762535 -0.07561266 0.99710811
vn -0.02744878 -0.08286294 0.99618286
vn -0.02982567 -0.08955809 0.99553492
vn -0.03361356 -0.06022969 0.99761842
vn -0.05234373 -0.06186990 0.99671072
vn -0.06090595 -0.06156698 0.99624293
vn -0.06260540 -0.04926352 0.99682178
vn -0.06797354 -0.04453810 0.99669251
vn -0.07364280 -0.03619722 0.99662756
vn -0.07857845 -0.02525713 0.99658793
vn -0.08132861 -0.01743332 0.99653486
vn -0.07928009 -0.00856576 0.99681558
vn -0.08185597 -0.00118681 0.99664346
vn -0.08171605 0.01163492 0.99658774
vn -0.07890345 0.02110674 0.99665879
vn -0.07512146 0.03354457 0.99661002
vn -0.07485636 0.04237005 0.99629378
vn -0.06367950 0.04710866 0.99685791
vn -0.06030399 0.05365361 0.99673704
vn -0.05283313 0.06086219 0.99674694
vn -0.04389983 0.06876884 0.99666627
vn -0.03835461 0.07533817 0.99642013
vn -0.02709979 0.07356688 0.99692202
vn -0.02104516 0.07752080 0.99676859
vn -0.01091718 0.08033742 0.99670794
vn -0.00067942 0.08112623 0.99670360
vn -0.10673086 0.18064267 0.97774063
vn -0.14101132 0.15740757 0.97741428
vn -0.33003482 -0.52733345 0.78294090
vn -0.31460991 -0.53943621 0.78104365
vn -0.26284717 -0.43214842 0.86264657
vn -0.12081817 -0.24623448 0.96165043
vn -0.09998868 -0.19067071 0.97654849
vn -0.13989538 -0.15522864 0.97792298
vn -0.07456770 -0.14173246 0.98709248
vn -0.21898542 -0.24420468 0.94467426
vn -0.17013931 -0.29366309 0.94064584
vn -0.30497154 -0.34337793 0.88830398
vn -0.11448620 -0.38184447 0.91710834
vn -0.36332864 -0.47375380 0.80221545
vn -0.40501600 -0.47113783 0.78357590
vn -0.36210625 -0.28059581 0.88890104
vn -0.44579538 -0.40725225 0.79712739
vn -0.41195802 -0.44421930 0.79558771
vn -0.40829829 -0.21073540 0.88819091
vn -0.48087591 -0.32885231 0.81278196
vn -0.48290335 -0.37403475 0.79177166
vn -0.43744839 -0.13630770 0.88885270
vn -0.53177732 -0.21595943 0.81888607
vn -0.50180525 -0.27187599 0.82114246
vn -0.45588065 -0.05261668 0.88848428
vn -0.55844663 -0.12932294 0.81939791
vn -0.57590979 -0.18300144 0.79676746
vn -0.45622455 0.03606375 0.88913360
vn -0.57353027 0.00023623 0.81918433
vn -0.57154270 -0.06544631 0.81795826
vn -0.44289664 0.12158378 0.88829046
vn -0.56591184 0.09438798 0.81904499
vn -0.60336296 0.05059789 0.79585991
vn -0.41180490 0.20058967 0.88892098
vn -0.53099924 0.21513999 0.81960636
vn -0.55242778 0.15869476 0.81831505
vn -0.44127276 0.36662675 0.81906238
vn -0.48181098 0.33825972 0.80835546
vn -0.36582762 0.27669537 0.88859992
vn -0.49081395 0.29670893 0.81918586
vn -0.53803991 0.26964828 0.79862560
vn -0.41005061 0.40035729 0.81949530
vn -0.30611800 0.34086734 0.88887638
vn -0.39428631 0.45353480 0.79927748
vn -0.34133875 0.46131741 0.81894695
vn -0.23499376 0.39411218 0.88851197
vn -0.32130984 0.49914755 0.80474325
vn -0.15699508 0.43062391 0.88877196
vn -0.22936217 0.52499238 0.81961942
vn -0.26964996 0.50600851 0.81929499
vn -0.05938211 0.57075804 0.81896827
vn -0.11201640 0.58913898 0.80022971
vn -0.07422076 0.45294543 0.88844342
vn -0.14284378 0.55593205 0.81886214
vn -0.19456632 0.56687388 0.80049857
vn 0.00103641 0.20923653 0.97786451
vn -0.03425453 0.20814228 0.97749855
vn -0.07273393 0.19871549 0.97735456
vn -0.16933414 0.12683808 0.97736280
vn -0.21043724 0.01696093 0.97746023
vn -0.20332837 0.05528212 0.97754870
vn -0.18768793 0.09307315 0.97780910
vn -0.21017764 -0.02484485 0.97734748
vn -0.20077216 -0.06203280 0.97767196
vn -0.18738791 -0.09651526 0.97753290
vn -0.16670716 -0.13009466 0.97738636
vn 0.00924287 0.57529531 0.81789356
vn 0.00482694 0.46080523 0.88748816
vn 0.00261383 0.32715591 0.94496676
vn -0.05404741 0.32445505 0.94435576
vn -0.11229780 0.30940063 0.94427774
vn -0.16895547 0.28250922 0.94426828
vn -0.21970549 0.24511097 0.94427227
vn -0.26277275 0.19811860 0.94429842
vn -0.29567814 0.14444590 0.94430388
vn -0.31730644 0.08691443 0.94433178
vn -0.32795588 0.02579794 0.94434073
vn -0.32687037 -0.03776914 0.94431417
vn -0.31409679 -0.09750429 0.94437075
vn -0.29214911 -0.15100259 0.94437658
vn -0.25997936 -0.20175380 0.94430193
vn -0.68466769 0.00311880 0.72884870
vn -0.73212775 -0.00549722 0.68114517
vn -0.77541986 -0.00516734 0.63142484
vn -0.81827004 -0.00331126 0.57482448
vn -0.84773809 -0.03288893 0.52939442
vn -0.90692693 -0.00527665 0.42125492
vn 0.87946469 0.47594954 0.00372809
vn 0.69218612 0.72154685 -0.01576473
vn 0.72318772 0.68735144 -0.06743533
vn 0.32050348 0.94637729 -0.04059007
vn 0.97861075 0.20359072 0.02952675
vn 0.99608970 0.08250305 0.03160006
vn 0.99354046 -0.08692384 0.07294935
vn 0.99743709 -0.02138534 0.06827826
vn 0.99877113 0.00032859 0.04955920
vn 0.98853716 0.14606321 0.03820751
vn 0.99346095 0.10850006 0.03553994
vn 0.98048728 -0.14841153 0.12891358
vn 0.99708052 0.05827052 0.04934563
vn 0.96793252 -0.19602471 0.15710174
vn 0.99615079 -0.00342879 0.08758913
vn 0.94907773 -0.21375293 0.23143280
vn 0.98994441 -0.04900819 0.13269611
vn 0.92259541 -0.25869746 0.28617010
vn 0.82883588 -0.24966256 0.50069920
vn 0.86934012 -0.20958222 0.44757463
vn 0.96719506 -0.10328479 0.23209044
vn 0.88331218 -0.26652937 0.38564451
vn 0.90619046 -0.23547656 0.35124014
vn 0.91162267 -0.13811239 0.38712926
vn 0.85691234 -0.13299395 0.49800990
vn 0.81185443 -0.18248463 0.55460954
vn 0.72114162 -0.15273964 0.67574060
vn 0.79720236 -0.09950775 0.59545495
vn 0.67482517 -0.08521286 0.73304144
vn 0.69363560 -0.04848302 0.71869260
vn 0.59410803 -0.06545543 0.80171768
vn 0.99622443 0.08644727 -0.00798502
vn 0.98507356 0.06261402 0.16034201
vn 0.99716810 0.06863045 -0.03075144
vn 0.96594511 0.10400671 -0.23692330
vn 0.95592411 0.10735527 -0.27328363
vn 0.99183160 0.07358507 -0.10418881
vn 0.98913477 0.10040084 -0.10738748
vn 0.78734165 0.60463715 -0.12044515
vn 0.65729657 0.70637308 -0.26267525
vn 0.82097048 0.54234310 -0.17852571
vn 0.71256677 0.60695157 -0.35193520
vn 0.86098433 0.45088330 -0.23539380
vn 0.77394298 0.47947611 -0.41366039
vn 0.90296837 0.33960940 -0.26327471
vn 0.85333557 0.33136006 -0.40251573
vn 0.95318623 0.20970587 -0.21785192
vn 0.92891279 0.19855816 -0.31256308
vn 0.98988102 0.09852922 -0.10211538
vn 0.97808382 0.10915093 -0.17730796
vn 0.99858375 0.03250662 0.04211668
vn 0.98260684 0.01432687 0.18514462
vn 0.92650394 0.02240334 0.37561755
vn 0.54349889 0.61321405 -0.57321678
vn 0.48841968 0.62510627 -0.60884183
vn 0.38910352 0.59319158 -0.70478522
vn 0.67443351 0.44398601 -0.58992869
vn 0.90512557 0.17213771 -0.38873681
vn 0.79775324 0.28851893 -0.52947766
vn 0.45739163 0.75280268 -0.47337197
vn 0.37711722 0.85924516 -0.34565932
vn 0.68279025 0.39736223 -0.61310743
vn 0.68178071 0.38843767 -0.61991228
vn 0.70874651 0.29427329 -0.64115647
vn 0.88026941 0.16996244 -0.44298820
vn 0.93225426 0.10386290 -0.34657539
vn 0.60876422 0.77298645 -0.17860029
vn 0.40697314 0.88571464 -0.22334377
vn 0.40425376 0.90797001 -0.11031483
vn 0.90032417 0.43502940 -0.01287659
vn 0.81573103 -0.02168266 0.57802487
vn 0.91708711 -0.04330421 0.39632813
vn 0.91259920 0.40497672 -0.05618323
vn 0.93537718 0.34384644 -0.08269922
vn 0.95880258 0.26488076 -0.10264406
vn 0.98046336 0.17389290 -0.09193940
vn 0.99738283 0.07071033 -0.01508453
vn 0.99305373 -0.01025710 0.11721382
vn 0.96363222 -0.04867384 0.26276189
vn 0.12771982 0.94267302 -0.30831026
vn 0.16667436 0.87746082 -0.44975790
vn 0.24918133 0.82061610 -0.51429357
vn 0.29756773 0.73674110 -0.60717871
vn -0.08790080 0.71072252 0.69795913
vn -0.54894415 0.83318537 0.06680163
vn -0.60863940 0.79342005 -0.00653495
vn -0.60097867 0.78417019 0.15460190
vn -0.35074449 0.62454491 0.69779793
vn -0.61744296 -0.33470174 0.71185597
vn -0.78792767 -0.42654572 0.44410442
vn -0.66520009 -0.26281285 0.69888357
vn -0.87267372 -0.46891522 0.13623178
vn -0.83494324 -0.32525602 0.44393503
vn -0.88185185 -0.47113010 0.01933223
vn -0.92124665 -0.35855970 0.15079637
vn -0.69650251 -0.16863420 0.69745735
vn -0.93742343 -0.34818134 0.00265739
vn -0.95850481 -0.24137849 0.15167381
vn -0.96787405 -0.25089980 0.01640494
vn -0.98430352 -0.16504161 0.06251281
vn -0.98334353 -0.10227042 0.15025399
vn -0.99433258 -0.10453906 -0.01934696
vn -0.98888276 0.00977103 0.14837591
vn -0.99440223 -0.01891726 -0.10395352
vn -0.71269510 -0.08112382 0.69676726
vn -0.72065560 0.00881474 0.69323719
vn -0.70987395 0.11058707 0.69559289
vn -0.99478376 0.07525275 0.06886426
vn -0.97712174 0.15100744 0.14976603
vn -0.98537816 0.16132842 -0.05479980
vn -0.95207776 0.26272001 0.15660824
vn -0.96694197 0.25491444 0.00646965
vn -0.68624822 0.19576538 0.70052787
vn -0.65909289 0.27808739 0.69875888
vn -0.61411211 0.36683576 0.69878312
vn -0.56344753 0.44604147 0.69539477
vn -0.87143171 -0.21524691 0.44076699
vn -0.89496310 -0.10108937 0.43453652
vn -0.90164775 0.01628223 0.43216457
vn -0.88967788 0.13271865 0.43687416
vn -0.86240040 0.24531506 0.44281606
vn -0.82292513 0.35361989 0.44468776
vn -0.77161915 0.45710231 0.44233626
vn -0.70752840 0.55456418 0.43802070
vn -0.90843214 0.38973070 0.15119864
vn -0.84804780 0.50717086 0.15359896
vn -0.78064107 0.60693760 0.14908477
vn -0.73429064 0.67737929 0.04443594
vn -0.79210446 0.60683831 -0.06570993
vn -0.84943070 0.52755075 0.01255761
vn -0.87750344 0.47908925 0.02147545
vn -0.91638456 0.40009500 0.01278000
vn -0.94520313 0.32336036 0.04504586
vn -0.68267361 0.72977055 -0.03730537
vn -0.68600937 0.71113505 0.15387685
vn -0.62923465 0.64139474 0.43894937
vn -0.50612506 0.50943623 0.69592539
vn -0.54014777 0.71561568 0.44287085
vn -0.42826991 0.57273889 0.69896713
vn -0.44338150 0.77890765 0.44352646
vn -0.48273850 0.86196308 0.15486509
vn -0.47960921 0.87734800 0.01534550
vn -0.27569267 0.66138716 0.69753895
vn -0.33917088 0.83001842 0.44275562
vn -0.38083238 0.91134042 0.15628609
vn -0.25077023 0.96548008 -0.07044508
vn -0.32477676 0.94302819 0.07223499
vn -0.41233697 0.90937067 -0.05498365
vn -0.18007492 0.69164068 0.69943276
vn -0.22905234 0.86653945 0.44344606
vn -0.11537862 0.88860571 0.44392305
vn -0.25269558 0.95585993 0.14992246
vn -0.12723146 0.98043029 0.15022852
vn 0.01587518 0.98864409 0.14943509
vn 0.01439548 0.89681120 0.44217919
vn 0.01153766 0.71418078 0.69986620
vn -0.12352095 0.99215951 0.01902828
vn 0.01612672 0.99972697 0.01690917
vn 0.48575975 0.87399654 0.01294221
vn 0.48015020 0.86460585 0.14802875
vn 0.58151147 0.79862290 0.15506733
vn 0.94128125 0.23230559 0.24499740
vn 0.96480243 0.24623087 0.09233970
vn 0.93361793 0.32619287 0.14817477
vn 0.96685225 0.25503879 0.01232630
vn 0.94255702 0.33348971 0.01925826
vn 0.75539316 0.17807770 0.63061043
vn 0.87001071 0.21071292 0.44573694
vn 0.84636235 0.29660848 0.44237334
vn 0.67170274 0.23452319 0.70271922
vn 0.63847774 0.14968009 0.75494506
vn 0.61648184 0.36328085 0.69855362
vn 0.52725980 0.23814556 0.81564931
vn 0.64815741 0.29485677 0.70210502
vn 0.53859310 0.19337529 0.82007529
vn 0.53645154 0.11705016 0.83577449
vn 0.74305077 0.66466048 0.07811529
vn 0.68898980 0.70681045 0.16034973
vn 0.77949501 0.60642363 0.15696468
vn 0.90953023 0.41554470 0.00879533
vn 0.89949552 0.41018723 0.15051330
vn 0.86875399 0.49512984 0.01062718
vn 0.85213683 0.49976225 0.15524342
vn 0.82886925 0.55589046 0.06294096
vn 0.79138813 0.61110547 0.01596692
vn 0.69710706 0.71681811 0.01461340
vn 0.64479240 0.76024083 0.07922527
vn 0.57971282 0.81465559 0.01641097
vn 0.81511650 0.37131239 0.44464840
vn 0.77008953 0.45967423 0.44233665
vn 0.70705737 0.55228043 0.44165166
vn 0.62632682 0.64117939 0.44340017
vn 0.53402255 0.72062996 0.44216782
vn 0.43612427 0.78487432 0.44019077
vn 0.56214436 0.44444544 0.69746826
vn 0.49871428 0.51023768 0.70067223
vn 0.42550715 0.57373561 0.69983650
vn 0.35223736 0.62534330 0.69632937
vn 0.26398083 0.54780902 0.79386359
vn 0.28833809 0.51185533 0.80923746
vn 0.35028756 0.46477827 0.81319111
vn 0.40745846 0.41421437 0.81388209
vn 0.44629898 0.36141549 0.81865504
vn 0.50256492 0.34425442 0.79304313
vn 0.49737723 0.28696083 0.81869981
vn 0.35806883 0.93354280 0.01686856
vn 0.35426679 0.92333926 0.14812041
vn 0.32163452 0.83830771 0.44021746
vn 0.25325837 0.67110177 0.69676583
vn 0.20078289 0.54826921 0.81184180
vn 0.10831582 0.56773691 0.81605299
vn 0.13671984 0.70165204 0.69927970
vn 0.17168311 0.88066449 0.44153705
vn 0.18928242 0.97049859 0.14934739
vn 0.18978043 0.98167974 0.01697878
vn -0.50414347 -0.72297056 0.47239065
vn -0.56165304 -0.77970783 0.27676986
vn -0.57409086 -0.75671460 0.31273423
vn -0.62721800 -0.73306183 0.26309302
vn -0.82362725 -0.56650697 -0.02660835
vn -0.77881453 -0.62503972 0.05266195
vn -0.76134068 -0.64365369 0.07791214
vn -0.68883854 -0.71657142 0.10966711
vn 0.18397345 0.46135673 0.86793072
vn 0.13822362 0.43125237 0.89158041
vn 0.11284822 0.29632123 0.94839813
vn 0.12283505 0.37949509 0.91700329
vn 0.06257692 0.20137585 0.97751312
vn 0.07669274 0.28130456 0.95654899
vn 0.06670193 0.15532836 0.98560842
vn 0.03520710 0.20593844 0.97793140
vn 0.05436531 0.32221222 0.94510513
vn 0.07678402 0.45488555 0.88723354
vn 0.98843393 0.15149958 -0.00680043
vn 0.99133260 0.11246396 -0.06790827
vn 0.97775320 0.19453838 0.07844430
vn 0.57104779 -0.01539466 0.82077246
vn 0.66747052 -0.00133200 0.74463503
vn 0.79251905 0.02949293 0.60913359
vn 0.90844887 0.06618952 0.41272217
vn 0.97452568 0.09731538 0.20206290
vn 0.99266942 0.11465299 0.03823766
vn 0.55910992 0.01418154 0.82897224
vn 0.65660689 0.05076278 0.75252278
vn 0.77176504 0.08851225 0.62971764
vn 0.88885309 0.12159833 0.44176242
vn 0.96032174 0.14743443 0.23673875
vn 0.98466403 0.15573605 0.07863231
vn 0.59095300 0.08274710 0.80245092
vn -0.39862851 -0.58380771 0.70729334
vn -0.41737343 -0.66066839 0.62395248
vn -0.47070084 -0.71409400 0.51817997
vn -0.58285421 -0.71457761 0.38685891
vn -0.52590203 -0.66089048 0.53539782
vn -0.45365434 -0.57799415 0.67832183
vn -0.51149593 -0.52365697 0.68128943
vn -0.59680244 -0.40402434 0.69324684
vn -0.66996848 -0.68098059 0.29564788
vn -0.60623381 -0.62596483 0.49055948
vn -0.74701425 -0.62582064 0.22431727
vn -0.67737010 -0.57397287 0.46013572
vn -0.56441249 -0.47776443 0.67318622
vn -0.81301633 -0.55739882 0.16825870
vn -0.73590113 -0.50891295 0.44660625
vn -0.45202549 -0.67999725 0.57730122
vn -0.36489212 -0.59190260 0.71868285
vn -0.26604455 -0.47221827 0.84037504
vn -0.35468790 -0.56260841 0.74677190
vn -0.40970661 -0.62268641 0.66663493
vn -0.42516296 -0.57056006 0.70263623
vn -0.41488921 -0.44415327 0.79410000
vn -0.35410077 -0.36182988 0.86237566
vn -0.36773551 -0.22323329 0.90273888
vn -0.44409198 -0.29877462 0.84469879
vn -0.35832018 -0.14846663 0.92171813
vn -0.47119647 -0.16938992 0.86561016
vn -0.36598792 -0.08782522 0.92646618
vn -0.49500897 -0.07185671 0.86591150
vn -0.38264609 -0.02624482 0.92352216
vn -0.51249847 -0.00665556 0.85866234
vn -0.37054977 0.00154551 0.92881133
vn -0.48463413 0.00621071 0.87469491
vn -0.56656276 0.00635988 0.82399405
vn -0.59883000 -0.00678590 0.80084742
vn -0.63534999 -0.02098408 0.77193916
vn -0.58788270 -0.03391092 0.80823510
vn -0.50436089 -0.09318025 0.85845066
vn -0.44353701 -0.35117835 0.82459001
vn -0.37143019 -0.40842713 0.83380267
vn -0.53953452 -0.28953362 0.79061545
vn -0.95963780 -0.16433809 0.22822858
vn -0.93554582 -0.30957278 0.17005505
vn -0.87889269 -0.40269997 0.25569586
vn -0.98054897 -0.14492480 0.13236509
vn -0.95539408 -0.28617441 0.07298195
vn -0.73019753 -0.27710844 0.62451780
vn -0.66962985 -0.31651476 0.67187370
vn -0.73474981 -0.13120496 0.66552834
vn -0.69031896 -0.10988298 0.71511221
vn -0.78005491 -0.14170765 0.60945327
vn -0.79738812 -0.18502146 0.57440338
vn -0.78237461 -0.32442886 0.53163510
vn -0.84307516 -0.17613647 0.50813405
vn -0.85449553 -0.22375239 0.46879874
vn -0.89095840 -0.17210478 0.42020600
vn -0.88174077 -0.29858871 0.36520952
vn -0.92302378 -0.17697826 0.34162231
vn -0.95123428 -0.09203855 0.29441851
vn -0.65723036 -0.16004985 0.73650003
vn -0.63130539 -0.22537878 0.74206328
vn -0.58952580 -0.13783239 0.79590298
vn -0.10774760 -0.35968832 0.92683050
vn -0.21582282 -0.21844938 0.95168292
vn -0.30058007 -0.30370004 0.90411167
vn -0.42324486 -0.07413301 0.90297734
vn -0.02892469 -0.25734515 0.96588655
vn 0.02799525 -0.32668557 0.94471837
vn 0.94679984 -0.30081519 0.11436908
vn 0.18015388 -0.37094529 0.91101272
vn 0.24694449 -0.35252689 0.90263127
vn 0.33489223 -0.31995462 0.88627097
vn 0.41299124 -0.33359982 0.84743696
vn 0.48495105 -0.33777948 0.80667682
vn 0.54234943 -0.42644542 0.72387941
vn 0.63564498 -0.36484922 0.68032382
vn 0.69893919 -0.42289979 0.57674932
vn 0.74345805 -0.47766614 0.46808673
vn 0.81628229 -0.42505164 0.39117045
vn 0.86145295 -0.41594269 0.29135973
vn 0.88326269 -0.43251197 0.18105365
vn 0.08404459 -0.40149878 0.91199519
vn 0.11733304 -0.09349422 0.98868184
vn 0.15487929 -0.13094974 0.97921630
vn 0.21781306 -0.12616916 0.96780102
vn 0.29443538 -0.14860843 0.94404626
vn 0.37888364 -0.16740812 0.91017675
vn 0.44960676 -0.15866426 0.87902185
vn 0.47590435 -0.18477388 0.85986840
vn 0.54347385 -0.18805143 0.81809097
vn 0.60038893 -0.10864466 0.79229380
vn 0.63955748 -0.19310032 0.74409576
vn 0.71385471 -0.18373470 0.67576107
vn 0.78469693 -0.18470880 0.59172070
vn 0.83378729 -0.11356194 0.54027996
vn 0.86165024 -0.17963640 0.47464684
vn 0.91083606 -0.15220899 0.38367967
vn 0.94935164 -0.13447126 0.28398758
vn 0.95978126 -0.14986452 0.23740378
vn 0.97843596 -0.12410284 0.16511073
vn 0.98758355 -0.13598829 0.07865057
vn 0.97307616 -0.22776982 0.03526595
vn 0.89024310 0.00948555 0.45538691
vn 0.84213507 0.03379933 0.53820639
vn 0.17396525 -0.00446910 0.98474165
vn 0.08326734 0.00041238 0.99652716
vn 0.26217891 0.00063115 0.96501908
vn 0.31579443 -0.00493472 0.94881480
vn 0.37616373 -0.00691828 0.92652738
vn 0.46477183 -0.00580560 0.88541145
vn 0.54766573 -0.00186622 0.83669514
vn 0.60816305 0.00402360 0.79380194
vn 0.65551680 0.01214537 0.75508292
vn 0.73520364 -0.00487918 0.67782874
vn 0.80776255 0.00560157 0.58948138
vn 0.92446950 0.03455445 0.37968688
vn 0.96378145 0.01971418 0.26596367
vn 0.97379064 0.02176053 0.22640291
vn 0.97989901 0.01669555 0.19879435
vn 0.98992684 -0.00200326 0.14156570
vn 0.99803366 0.00215532 0.06264326
vn 0.99922740 0.03550738 0.01684711
vn 0.99962344 0.01760563 0.02104789
vn 0.99980367 0.01973408 -0.00178357
vn 0.99954838 0.02164305 0.02084732
vn 0.99993384 -0.00081216 0.01147429
vn 0.99999886 -0.00082468 0.00126847
vn 0.99994314 -0.00062994 0.01064500
vn 0.99993306 0.00441369 0.01069591
vn 0.99993695 0.00443589 0.01031641
vn 0.99973273 -0.00152411 0.02306844
vn 0.99957714 0.00445818 0.02873430
vn 0.99995271 -0.00127554 0.00964067
vn 0.99961678 0.02496262 0.01196484
vn 0.99963246 0.01325722 0.02364734
vn 0.99922219 0.00630462 0.03892646
vn 0.99945390 0.01407675 0.02989571
vn 0.28591534 -0.29129687 0.91290665
vn 0.32893477 -0.29248224 0.89791762
vn 0.25736636 -0.24295939 0.93527177
vn 0.69126369 -0.22639026 0.68622297
vn 0.75198869 -0.21679521 0.62250530
vn 0.61990251 -0.16926618 0.76620483
vn 0.24298656 0.07354638 0.96723754
vn 0.16857650 0.02926268 0.98525411
vn 0.22549514 -0.01505955 0.97412789
vn -0.22575811 -0.41834124 0.87978627
vn -0.24153133 -0.45131078 0.85905832
vn -0.16159298 -0.39750301 0.90326024
vn 0.11211775 -0.04551767 0.99265188
vn 0.05872540 -0.01406026 0.99817515
vn 0.14118456 -0.00743941 0.98995534
vn 0.92610428 -0.22624824 0.30189831
vn 0.95072910 -0.09359094 0.29555864
vn 0.97123624 -0.09342840 0.21902351
vn 0.55603204 0.00361928 0.83115298
vn 0.94414025 -0.00059930 0.32954338
vn 0.98370917 0.02326874 0.17825500
vn 0.99922333 0.02599189 0.02961674
vn 0.99922211 0.00812858 0.03858889
vn 0.91062207 -0.30282363 0.28118551
vn 0.81409244 -0.32444601 0.48165162
vn 0.01994290 -0.23635124 0.97146301
vn 0.06832951 -0.19546599 0.97832721
vn -0.03226830 -0.18114680 0.98292654
vn -0.16121247 -0.35399848 0.92124677
vn 0.01298768 -0.11315921 0.99349198
vn -0.05921832 -0.21925388 0.97386905
vn -0.15778886 -0.33263204 0.92976266
vn -0.08150902 -0.24517682 0.96604586
vn -0.01548416 -0.27639047 0.96092068
vn 0.19005597 -0.10644331 0.97598594
vn 0.15252609 -0.12692540 0.98011516
vn 0.11310103 -0.15371128 0.98162162
vn 0.16891805 -0.04621044 0.98454624
vn 0.19815627 0.12122798 0.97264478
vn 0.16041330 0.19074282 0.96844450
vn 0.05067888 0.20788793 0.97683891
vn 0.16521391 0.26355784 0.95039025
vn 0.23167304 0.36876426 0.90018916
vn 0.32854150 0.34783545 0.87810647
vn 0.38193685 0.26269193 0.88606839
vn 0.43921704 0.19446545 0.87708129
vn 0.46890959 0.01135720 0.88317315
vn 0.52574053 -0.05585325 0.84880935
vn 0.79880864 -0.28326105 0.53072397
vn 0.99601431 -0.03668169 0.08130153
vn 0.99793817 0.00081176 0.06417746
vn 0.99861441 0.01165898 0.05131597
vn 0.99311860 -0.01349082 0.11633333
vn 0.98868630 0.02101454 0.14851863
vn 0.99503798 0.00256948 0.09946259
vn 0.99853386 0.01436425 0.05219003
vn 0.99078996 0.02128609 0.13372420
vn 0.99573415 0.01880450 0.09033218
vn 0.93409104 0.04033204 0.35474956
vn 0.90696601 0.02670897 0.42035614
vn 0.86298464 0.00910974 0.50514802
vn 0.76102850 0.00856190 0.64866194
vn 0.70451608 0.01577936 0.70951259
vn 0.64942763 -0.01255548 0.76031975
vn 0.41460505 -0.01142462 0.90992974
vn 0.31279650 -0.03988491 0.94898237
vn 0.22754505 -0.01869792 0.97358802
vn 0.72424570 -0.31854917 0.61155097
vn 0.98685973 -0.07416634 0.14355219
vn 0.98025648 -0.15679930 0.12046248
vn 0.95210290 -0.21334236 0.21905501
vn 0.87117063 -0.31338108 0.37796036
vn 0.78792755 -0.34613426 0.50927522
vn 0.86311548 -0.31775322 0.39251059
vn 0.79541648 -0.34719845 0.49675532
vn 0.67783863 -0.35649612 0.64299712
vn 0.76058885 -0.33872400 0.55386880
vn 0.70664287 -0.35802509 0.61030638
vn 0.59172084 -0.36633595 0.71809778
vn 0.50437084 -0.34427139 0.79188842
vn 0.53362171 -0.39705587 0.74672251
vn 0.61052030 -0.32864173 0.72059668
vn 0.49539031 -0.33687793 0.80068827
vn 0.39456033 -0.32385374 0.85990750
vn 0.43735601 -0.33433863 0.83482777
vn 0.89697844 -0.24068300 0.37081176
vn 0.86225303 -0.24968458 0.44065557
vn 0.91454535 -0.10922334 0.38945740
vn 0.83737501 -0.23178820 0.49505284
vn 0.88082413 -0.07978624 0.46667227
vn 0.70111547 -0.33922703 0.62718588
vn 0.64815022 -0.31122145 0.69501260
vn 0.60172939 -0.28465406 0.74625318
vn 0.47458097 -0.30200470 0.82678054
vn 0.55873052 -0.27403087 0.78276899
vn 0.98259422 -0.01701000 0.18498448
vn 0.96861804 -0.00744953 0.24844236
vn 0.94037151 0.00385846 0.34012724
vn 0.91558499 0.03137088 0.40089898
vn 0.88649419 0.00963850 0.46263932
vn 0.97580919 0.03449811 0.21588493
vn 0.96319672 0.04058789 0.26571544
vn 0.95226092 0.04570773 0.30184424
vn 0.79132264 -0.21769879 0.57132803
vn 0.74679629 -0.20306070 0.63329429
vn 0.83379397 -0.07525217 0.54692296
vn 0.79350379 -0.07914393 0.60339703
vn 0.84584970 0.00667452 0.53337954
vn 0.36943752 -0.32122728 0.87196844
vn 0.30964262 -0.28468940 0.90723392
vn 0.36240433 -0.24685311 0.89873614
vn 0.26933724 -0.20038245 0.94196832
vn 0.33782476 -0.20331670 0.91898681
vn 0.40593626 -0.22091650 0.88679854
vn 0.44653820 -0.24037319 0.86187259
vn 0.51039848 -0.26918305 0.81672142
vn 0.59009610 -0.15152107 0.79298673
vn 0.71701520 -0.05765125 0.69466938
vn 0.64464863 -0.16948638 0.74545457
vn 0.75812594 -0.09431293 0.64525199
vn 0.69748229 -0.18674770 0.69184084
vn 0.51543050 -0.01210940 0.85684582
vn 0.58173730 -0.04278774 0.81225053
vn 0.44838668 -0.03439515 0.89317768
vn 0.53492488 -0.08964174 0.84013078
vn 0.40038004 -0.07382993 0.91337011
vn 0.46444115 -0.11621166 0.87794605
vn 0.20059580 -0.08831345 0.97568543
vn 0.32814640 -0.08923160 0.94040293
vn 0.00963130 -0.24052360 0.97059551
vn -0.07020989 -0.33301515 0.94030393
vn 0.06976697 -0.26305108 0.96225605
vn 0.08579792 -0.15174764 0.98468846
vn 0.63829595 -0.04270006 0.76860587
vn 0.52800540 -0.13206313 0.83890978
vn 0.81948836 0.03285574 0.57215324
vn 0.88623000 0.07046763 0.45785445
vn 0.77875173 0.01687037 0.62710536
vn 0.75761044 0.01416173 0.65255334
vn 0.15797113 -0.19958937 0.96706215
vn 0.26997859 -0.14751536 0.95149923
vn 0.40869793 -0.16593657 0.89745811
vn 0.18509714 -0.29001986 0.93895023
vn 0.24183824 -0.29251755 0.92517444
vn 0.20101689 -0.25818037 0.94495244
vn 0.20888113 -0.19173355 0.95896138
vn 0.16388275 -0.21293281 0.96322482
vn 0.11732926 -0.23386312 0.96516418
vn 0.13188248 -0.27552660 0.95220382
vn 0.08107071 -0.26285584 0.96142308
vn 0.00050812 -0.31236126 0.94996325
vn -0.07902942 -0.33816985 0.93776090
vn 0.27899172 0.44052350 0.85328932
vn 0.24844252 0.27328561 0.92929613
vn 0.28828651 0.19208667 0.93807974
vn 0.49307058 0.14016075 0.85862469
vn 0.40693493 0.07973949 0.90997010
vn 0.30968078 0.02446242 0.95052586
vn 0.34199222 0.13277260 0.93027564
vn 0.38829409 -0.03279191 0.92095190
vn 0.45264640 -0.07676127 0.88837995
vn 0.52307005 -0.11934429 0.84389257
vn 0.23642421 -0.09364583 0.96712670
vn 0.30351883 -0.06649461 0.95050238
vn 0.50504675 -0.27418608 0.81838241
vn 0.60361593 -0.25862846 0.75416121
vn 0.40985999 -0.21328398 0.88686229
vn 0.51133368 -0.18846183 0.83846289
vn 0.33168617 -0.16334090 0.92914156
vn 0.43380217 -0.14114463 0.88988419
vn 0.35629847 -0.10025522 0.92897809
vn 0.26548468 -0.17391845 0.94829861
vn 0.33031673 -0.22505526 0.91664660
vn 0.40741483 -0.28735377 0.86685695
vn 0.22177583 -0.25640474 0.94078270
vn 0.23914947 -0.27946118 0.92989729
vn 0.31885668 -0.31024303 0.89558902
vn -0.45498436 0.01463167 0.89037922
vn -0.57557334 0.01616606 0.81759035
vn -0.69963583 0.01496289 0.71434292
vn -0.80556114 0.01202424 0.59239063
vn -0.89237160 0.00912922 0.45120903
vn -0.95386648 0.00884665 0.30010077
vn -0.99023255 0.00603498 0.13929491
vn -0.99036457 -0.01139923 0.13801474
vn -0.98344709 -0.00761680 0.18103540
vn -0.99021089 0.00365787 0.13953142
vn -0.99564079 -0.00208978 0.09324729
vn -0.97247479 -0.00868133 0.23284632
vn -0.95369683 -0.00704112 0.30068719
vn -0.94390633 -0.00371740 0.33019241
vn -0.89113374 -0.00432377 0.45372013
vn -0.80795849 0.00014797 0.58923938
vn -0.69830304 -0.00239802 0.71579823
vn -0.57623984 0.01082665 0.81720893
vn -0.45438422 0.01084138 0.89073983
vn -0.29551315 -0.23933663 0.92487294
vn -0.37398669 -0.41953557 0.82711780
vn -0.24676563 -0.11146180 0.96264375
vn -0.28700371 -0.19951486 0.93692192
vn -0.32633063 -0.35238991 0.87711440
vn -0.21439676 -0.04424151 0.97574419
vn -0.20836310 -0.00787028 0.97801988
vn -0.27757325 -0.03218097 0.96016534
vn -0.27748492 -0.07625976 0.95769858
vn -0.98389445 0.00248165 0.17873320
vn -0.94426930 0.00224194 0.32916633
vn -0.90366117 -0.10367760 -0.41550865
vn -0.84098318 -0.09703383 -0.53228914
vn 0.77892960 -0.00466430 -0.62709403
vn 0.82468722 0.01739056 -0.56532164
vn 0.92591487 0.02946647 -0.37658118
vn 0.95918833 0.00440671 -0.28273365
vn 0.73792246 0.00669310 -0.67485232
vn 0.95748685 -0.00497663 -0.28843398
vn 0.78212189 -0.01335320 -0.62298238
vn 0.66975296 -0.01510427 -0.74243036
vn 0.53995440 -0.01786420 -0.84150468
vn 0.42889665 -0.01437621 -0.90323916
vn 0.42767536 -0.00935342 -0.90388401
vn 0.54153548 -0.00074309 -0.84067756
vn 0.78289134 0.00492469 -0.62213896
vn 0.66670378 -0.00027818 -0.74532274
vn 0.95655688 -0.00177411 -0.29154038
vn 0.24588821 0.46953325 0.84798438
vn 0.24302975 0.48467889 0.84025170
vn 0.16885882 0.48474331 0.85820197
vn 0.16392564 0.48784547 0.85740025
vn 0.29536815 0.46053457 0.83705768
vn 0.28441459 0.42300257 0.86033550
vn 0.31818055 0.42953495 0.84513955
vn 0.34440354 0.42053351 0.83936748
vn 0.33875161 0.37758428 0.86178736
vn 0.38428469 0.39697590 0.83350789
vn 0.39649659 0.33573549 0.85444259
vn 0.43886418 0.30361826 0.84570337
vn 0.43663458 0.26588789 0.85944975
vn 0.48127365 0.25007958 0.84014039
vn 0.46239253 0.21318059 0.86066671
vn 0.49078521 0.20379944 0.84711019
vn 0.51146873 0.17738505 0.84079384
vn 0.51288607 0.15250747 0.84480137
vn 0.50813302 0.08611424 0.85696276
vn 0.52171664 0.07280044 0.85000697
vn 0.54166756 0.01720465 0.84041671
vn 0.51101349 -0.00867271 0.85952894
vn 0.52021793 -0.03232217 0.85342169
vn 0.54281122 -0.06105801 0.83763232
vn 0.50634901 -0.10704990 0.85565823
vn 0.52713410 -0.14635690 0.83708381
vn 0.48941303 -0.16021396 0.85720848
vn 0.47492118 -0.17595200 0.86225910
vn 0.50501932 -0.22253719 0.83392607
vn 0.45065197 -0.23331910 0.86166989
vn 0.45691997 -0.25630431 0.85178181
vn 0.46145840 -0.29684258 0.83602669
vn 0.35682202 -0.42031869 0.83427228
vn 0.30861991 -0.40446616 0.86090701
vn 0.41396509 -0.30045144 0.85927984
vn 0.41195061 -0.31341845 0.85560830
vn 0.39223833 -0.37033088 0.84202383
vn 0.36132779 -0.36264189 0.85903032
vn 0.29716854 -0.41895492 0.85800211
vn 0.30174757 -0.45005442 0.84047571
vn 0.27271025 -0.47262551 0.83800611
vn 0.23979668 -0.45637385 0.85686665
vn 0.19803854 -0.50489821 0.84015388
vn 0.17049019 -0.47589946 0.86281678
vn 0.16250992 -0.49406789 0.85410037
vn 0.15031884 -0.52488128 0.83779704
vn 0.12191645 -0.52978483 0.83932378
vn 0.09826926 -0.49829132 0.86142261
vn 0.08167890 -0.53835936 0.83874773
vn 0.03577981 -0.53432774 0.84451979
vn 0.01316254 -0.51126652 0.85932142
vn -0.03916724 -0.54504011 0.83749460
vn -0.05081056 -0.50858988 0.85950836
vn -0.19675069 -0.48909095 0.84975244
vn -0.14461097 -0.51007998 0.84788329
vn -0.12191278 -0.49306555 0.86140794
vn -0.10841396 -0.53839240 0.83569135
vn -0.07333359 -0.52549694 0.84762914
vn -0.31915119 -0.42285104 0.84813886
vn -0.28208618 -0.43644863 0.85436525
vn -0.26541178 -0.43232186 0.86177398
vn -0.25056507 -0.49102777 0.83433139
vn -0.20950233 -0.46250409 0.86150957
vn -0.19373400 -0.46271154 0.86508102
vn -0.38557243 -0.28644622 0.87708749
vn -0.38552379 -0.30250811 0.87169963
vn -0.37277261 -0.34916487 0.85972349
vn -0.36580291 -0.35402180 0.86073039
vn -0.32583092 -0.39926037 0.85698621
vn -0.37572699 -0.27654738 0.88450595
vn -0.35933951 -0.25267359 0.89834914
vn -0.36486615 -0.20670353 0.90782506
vn -0.31815974 -0.18089998 0.93061785
vn -0.29823646 -0.21423304 0.93013935
vn -0.27588983 -0.08851222 0.95710521
vn -0.26438376 -0.08615369 0.96056169
vn -0.28145173 -0.02345172 0.95928877
vn -0.30622454 0.00622644 0.95193895
vn -0.33217765 0.03154955 0.94268905
vn -0.40180347 0.01364268 0.91562429
vn -0.41984259 0.06374787 0.90535540
vn -0.43386541 0.04778754 0.89970949
vn -0.52658153 0.07533500 0.84678010
vn -0.54193687 0.09971319 0.83448290
vn -0.54877262 0.13319297 0.82529282
vn -0.54417077 0.14780976 0.82585135
vn -0.57039331 0.19381226 0.79817810
vn -0.55885032 0.27886578 0.78097388
vn -0.57424241 0.24090520 0.78243871
vn -0.49503046 0.40760012 0.76733759
vn -0.52636278 0.37800127 0.76161490
vn -0.53979787 0.34390313 0.76834166
vn -0.55602747 0.31126075 0.77068164
vn -0.46900756 0.44707459 0.76167987
vn -0.46587977 0.48596587 0.73945467
vn -0.40984819 0.49519841 0.76603067
vn -0.38781904 0.51314796 0.76568634
vn -0.36797262 0.53739184 0.75881892
vn -0.31176907 0.56460880 0.76421002
vn -0.26078904 0.56300184 0.78423084
vn -0.23510445 0.56738535 0.78917664
vn -0.20436753 0.56657884 0.79826207
vn -0.15752356 0.57429670 0.80334901
vn -0.12101125 0.56596741 0.81549811
vn -0.07673964 0.56941090 0.81846335
vn -0.03190213 0.55666058 0.83012725
vn 0.00297556 0.54104147 0.84099065
vn 0.14958365 0.50706878 0.84882624
vn 0.12226391 0.49241715 0.86172901
vn 0.06790356 0.52365108 0.84922238
vn 0.05918269 0.54020058 0.83945265
vn 0.66013702 -0.15361126 0.73527049
vn 0.71326815 -0.16597216 0.68095652
vn 0.65282267 -0.33184465 0.68095645
vn 0.60419360 -0.30712790 0.73527039
vn 0.55443723 -0.47843295 0.68095614
vn 0.51313610 -0.44279620 0.73527061
vn 0.42382899 -0.59721649 0.68095628
vn 0.39225712 -0.55273137 0.73527028
vn 0.26859082 -0.68129066 0.68095668
vn 0.24858303 -0.63054334 0.73526973
vn 0.09774255 -0.72577225 0.68095597
vn 0.09046122 -0.67170992 0.73527039
vn -0.07878677 -0.72807335 0.68095656
vn -0.07291814 -0.67384100 0.73526951
vn -0.25073777 -0.68806227 0.68095587
vn -0.23206015 -0.63680888 0.73527039
vn -0.40811533 -0.60806224 0.68095682
vn -0.37771483 -0.56276973 0.73526984
vn -0.54177445 -0.49272609 0.68095627
vn -0.50141750 -0.45602470 0.73526999
vn -0.64394894 -0.34875265 0.68095621
vn -0.59598075 -0.32277593 0.73527046
vn -0.70869858 -0.18451159 0.68095653
vn -0.65590826 -0.17076975 0.73527005
vn -0.73226184 -0.00954775 0.68095626
vn -0.67771627 -0.00883760 0.73527040
vn -0.71326845 0.16597200 0.68095625
vn -0.66013825 0.15360553 0.73527059
vn -0.65282212 0.33184630 0.68095617
vn -0.60419398 0.30712474 0.73527140
vn -0.55443608 0.47843374 0.68095652
vn -0.51313751 0.44279373 0.73527111
vn -0.42382912 0.59721633 0.68095634
vn -0.39225902 0.55272844 0.73527147
vn -0.26859093 0.68129071 0.68095659
vn -0.24858472 0.63054083 0.73527131
vn -0.09774242 0.72577223 0.68095601
vn -0.09046199 0.67170795 0.73527209
vn 0.07878688 0.72807337 0.68095653
vn 0.07291781 0.67383885 0.73527151
vn 0.25073611 0.68806236 0.68095638
vn 0.23205905 0.63680757 0.73527187
vn 0.40811569 0.60806303 0.68095590
vn 0.37771495 0.56276668 0.73527211
vn 0.54177514 0.49272470 0.68095673
vn 0.50141928 0.45602069 0.73527126
vn 0.64394894 0.34875270 0.68095618
vn 0.59598142 0.32277228 0.73527152
vn 0.70869858 0.18451157 0.68095653
vn 0.65590852 0.17076535 0.73527085
vn 0.73226201 0.00954716 0.68095609
vn 0.67771545 0.00883373 0.73527120
vn 0.27145503 -0.01274334 0.96236676
vn 0.36641982 0.00123234 0.93044882
vn 0.44476776 0.05430083 0.89399835
vn 0.49249389 0.10174879 0.86434770
vn 0.48314916 0.14067628 0.86416264
vn 0.37685382 0.16585583 0.91130294
vn 0.42155906 0.15051236 0.89422256
vn -0.06976665 -0.25946990 0.96322790
vn -0.04765623 -0.25839801 0.96486235
vn -0.03134160 -0.26167109 0.96464809
vn -0.00423395 -0.23847345 0.97113979
vn 0.01741483 -0.21822251 0.97574365
vn 0.03665435 -0.18284647 0.98245795
vn 0.03849706 -0.17460808 0.98388515
vn 0.04636720 -0.15197316 0.98729643
vn 0.06240819 -0.12586415 0.99008254
vn 0.06060897 -0.10679720 0.99243182
vn 0.06005380 -0.09388367 0.99377029
vn 0.07317506 -0.07554707 0.99445364
vn 0.06333119 -0.08123051 0.99468124
vn 0.07538880 -0.06360668 0.99512347
vn 0.07850798 -0.06007472 0.99510177
vn 0.09314612 -0.05899695 0.99390299
vn 0.10961549 -0.05149332 0.99263935
vn 0.14822215 -0.05073781 0.98765169
vn 0.19759021 -0.03884014 0.97951496
vn 0.15499605 -0.05238492 0.98652524
vn 0.30155284 0.16658271 0.93878437
vn 0.19375812 0.18989566 0.96249542
vn 0.20659400 0.18307371 0.96114668
vn 0.24437532 0.17354995 0.95402365
vn 0.18326184 0.20257281 0.96196640
vn 0.16565419 0.20774703 0.96405387
vn -0.12218226 -0.29085464 0.94893365
vn 0.10732430 0.24399559 0.96381930
vn 0.10537299 0.30198347 0.94747164
vn 0.06922417 0.26176265 0.96264652
vn 0.05828832 0.31938140 0.94583190
vn 0.02772839 0.26504649 0.96383686
vn -0.14151482 -0.24846131 0.95824868
vn -0.14850890 -0.24162724 0.95893763
vn -0.03554576 0.31896509 0.94709966
vn -0.04702500 0.26764198 0.96237021
vn -0.08572144 0.31603386 0.94486742
vn 0.01264358 0.33554676 0.94193870
vn 0.01114972 0.33955156 0.94052136
vn -0.00876536 0.26638785 0.96382606
vn 0.15727880 0.30166547 0.94035170
vn 0.13733199 0.22834070 0.96384669
vn -0.18159282 -0.20068216 0.96267893
vn -0.18523816 -0.23618457 0.95388871
vn -0.08292782 0.26413483 0.96091403
vn -0.09155484 0.25022800 0.96384836
vn -0.13653064 0.31202051 0.94021412
vn -0.15315123 0.22588420 0.96204003
vn -0.16742599 0.26888326 0.94850953
vn -0.12252204 0.23669953 0.96382658
vn 0.17915121 0.24715338 0.95227100
vn -0.28468999 -0.15388309 0.94618793
vn -0.22649595 -0.14055338 0.96381758
vn -0.23840881 -0.16648181 0.95678892
vn -0.26037761 -0.19026286 0.94657464
vn -0.22001134 -0.20765248 0.95313979
vn -0.29010926 -0.11042972 0.95060081
vn -0.24162186 -0.11236031 0.96384337
vn -0.17952577 0.21805713 0.95928181
vn -0.20279070 0.23341475 0.95099605
vn -0.27889589 -0.05832420 0.95854858
vn -0.27465649 -0.06970979 0.95901218
vn -0.19031619 0.18650984 0.96384326
vn -0.25815888 0.22279314 0.94006234
vn -0.21252073 0.16095077 0.96381004
vn -0.23462433 0.15951446 0.95890905
vn -0.28155838 0.17806854 0.94287670
vn -0.32893463 0.08987518 0.94006620
vn -0.31718653 0.08398385 0.94463719
vn -0.26139419 0.05204102 0.96382821
vn -0.32182341 0.03867256 0.94600958
vn -0.26877953 0.01393511 0.96310092
vn -0.31387750 -0.02742823 0.94906723
vn -0.24960626 0.12163685 0.96067746
vn -0.28789551 0.12505502 0.94946165
vn -0.25208329 0.08644017 0.96383718
vn -0.16391471 -0.45752683 0.87395719
vn -0.50349042 0.02292203 0.86369670
vn -0.50993528 -0.00864851 0.86016930
vn -0.49061303 -0.07541733 0.86810776
vn -0.48992202 -0.15678816 0.85755110
vn -0.46019078 -0.21096357 0.86239134
vn -0.44521086 -0.27241040 0.85298292
vn -0.33796147 -0.37242753 0.86433777
vn -0.38077120 -0.32735331 0.86478500
vn -0.22438905 -0.45149355 0.86359894
vn -0.28608455 -0.41646442 0.86296756
vn -0.50241463 0.10257671 0.85852057
vn 0.05436717 0.50283860 0.86266885
vn 0.26338024 0.43207768 0.86251941
vn 0.20253360 0.46377798 0.86249065
vn 0.12667347 0.48647653 0.86446192
vn -0.01628416 0.50693168 0.86183241
vn -0.09649691 0.49269934 0.86483276
vn -0.16987487 0.47557829 0.86311518
vn -0.23627580 0.44991588 0.86124877
vn -0.30182711 0.40704413 0.86209946
vn -0.40430950 0.30312599 0.86293016
vn -0.35997379 0.35730092 0.86183231
vn -0.43994654 0.23590610 0.86648448
vn -0.47966711 0.17237359 0.86035272
vn 0.49758274 0.21760621 -0.83967789
vn 0.07048968 0.51844244 -0.85220223
vn 0.12690622 0.50845013 -0.85168848
vn 0.12556304 0.48800826 -0.86376030
vn 0.14931843 0.48303077 -0.86277765
vn 0.07966937 0.54444800 -0.83500249
vn 0.01747677 0.53666678 -0.84361326
vn -0.01341808 0.54402610 -0.83896100
vn -0.05882028 0.55488619 -0.82984426
vn -0.08499332 0.56015075 -0.82401898
vn -0.11840573 0.56326045 -0.81775164
vn -0.20281629 0.57263675 -0.79432531
vn -0.15211704 0.57021930 -0.80728580
vn -0.38521931 0.50572866 -0.77190971
vn -0.35054745 0.53377604 -0.76954508
vn -0.29458072 0.55359676 -0.77894341
vn -0.27096010 0.55003973 -0.78996007
vn -0.25568911 0.56236397 -0.78636496
vn -0.41196101 0.48870859 -0.76905919
vn -0.44595738 0.46087154 -0.76728055
vn -0.47152261 0.44163327 -0.76329973
vn -0.49318138 0.40555558 -0.76960821
vn -0.54432204 0.33491337 -0.76912063
vn -0.51299740 0.38464793 -0.76738493
vn -0.55460702 0.29069424 -0.77968450
vn -0.55816923 0.27110079 -0.78418842
vn -0.57581305 0.26321417 -0.77405273
vn -0.55136738 0.13709676 -0.82292071
vn -0.50820876 0.06496015 -0.85878055
vn -0.54718016 0.14421087 -0.82449809
vn -0.57295838 0.21360986 -0.79125819
vn -0.43727434 0.02873258 -0.89886906
vn -0.39740152 0.05751475 -0.91584064
vn -0.26726058 -0.07825790 -0.96044130
vn -0.25982121 -0.04938964 -0.96439287
vn -0.28427959 -0.03048659 -0.95825659
vn -0.35038965 -0.02256460 -0.93633217
vn -0.36993898 -0.25148339 -0.89437199
vn -0.34636634 -0.21149548 -0.91394749
vn -0.32000559 -0.20481876 -0.92501119
vn -0.30646747 -0.22579664 -0.92471270
vn -0.40551754 -0.20208409 -0.89146932
vn -0.39003063 -0.29150602 -0.87344167
vn -0.37324172 -0.30942049 -0.87461396
vn -0.38105083 -0.33840558 -0.86039638
vn -0.32012158 -0.43993346 -0.83903559
vn -0.31382201 -0.39881490 -0.86166259
vn -0.34393087 -0.38984950 -0.85424172
vn -0.35419946 -0.36268282 -0.86197675
vn -0.37310758 -0.35474052 -0.85729219
vn -0.23981295 -0.45035565 -0.86004043
vn -0.26324519 -0.49880251 -0.82577117
vn -0.27882593 -0.46116186 -0.84236918
vn -0.22343353 -0.50154871 -0.83577888
vn -0.19317255 -0.48186715 -0.85468615
vn -0.17550995 -0.47296965 -0.86342108
vn -0.17629119 -0.52538108 -0.83240383
vn -0.10646791 -0.51226831 -0.85220054
vn -0.09596470 -0.53410626 -0.83995314
vn -0.05627187 -0.54536858 -0.83630532
vn -0.04100389 -0.52041345 -0.85292938
vn -0.02333966 -0.50625420 -0.86206841
vn 0.00568376 -0.55276644 -0.83331684
vn 0.04245026 -0.52235386 -0.85167154
vn 0.05186190 -0.50012355 -0.86439966
vn 0.06231673 -0.52455020 -0.84909582
vn 0.12248591 -0.52248832 -0.84380280
vn 0.13167790 -0.48936977 -0.86207782
vn 0.15560102 -0.52279496 -0.83813707
vn 0.19920107 -0.51197504 -0.83558392
vn 0.20173882 -0.46567076 -0.86165666
vn 0.23999298 -0.49253895 -0.83654573
vn 0.27302909 -0.45070632 -0.84989348
vn 0.26986499 -0.42394369 -0.86454880
vn 0.29248307 -0.44341799 -0.84725093
vn 0.34399063 -0.41100295 -0.84424346
vn 0.33495448 -0.37894571 -0.86267355
vn 0.36776799 -0.39240027 -0.84307102
vn 0.40122733 -0.37722426 -0.83469664
vn 0.38555921 -0.32902781 -0.86202366
vn 0.42107708 -0.33562036 -0.84264647
vn 0.44617310 -0.28451113 -0.84851811
vn 0.42720146 -0.26361780 -0.86487257
vn 0.43754622 -0.25568465 -0.86207811
vn 0.49738489 -0.24262980 -0.83290999
vn 0.46795988 -0.19580459 -0.86178542
vn 0.48697013 -0.18558606 -0.85347402
vn 0.51995873 -0.17238629 -0.83661574
vn 0.50290015 -0.12943748 -0.85459779
vn 0.49580271 -0.11028581 -0.86140392
vn 0.54557846 -0.08565517 -0.83367100
vn 0.51453811 -0.04238955 -0.85641909
vn 0.50445273 -0.02579777 -0.86305383
vn 0.51169826 -0.00797886 -0.85912818
vn 0.51068153 0.02401852 -0.85943440
vn 0.53216451 0.05654733 -0.84475046
vn 0.50516626 0.08483268 -0.85884252
vn 0.53219181 0.11793816 -0.83836894
vn 0.48615944 0.14318940 -0.86205905
vn 0.49573455 0.16344682 -0.85295509
vn 0.50512773 0.18099680 -0.84385196
vn 0.44576722 0.29695542 -0.84445785
vn 0.43409069 0.26791245 -0.86010940
vn 0.50034036 0.22004902 -0.83739951
vn 0.34073142 0.42000090 -0.84113099
vn 0.34211552 0.37421206 -0.86192941
vn 0.39074004 0.37794469 -0.83933309
vn 0.40782688 0.34733650 -0.84441376
vn 0.25402583 0.47339119 -0.84342852
vn 0.30285100 0.42953862 -0.85075134
vn 0.19271442 0.50556170 -0.84099258
vn 0.23321386 0.46237817 -0.85546345
vn -0.07878677 -0.72807335 -0.68095656
vn -0.25073777 -0.68806227 -0.68095587
vn 0.71326815 -0.16597215 -0.68095652
vn -0.40811533 -0.60806224 -0.68095682
vn -0.54177445 -0.49272609 -0.68095627
vn -0.64394894 -0.34875265 -0.68095621
vn -0.70869858 -0.18451159 -0.68095653
vn -0.73226184 -0.00954775 -0.68095626
vn 0.40811569 0.60806303 -0.68095590
vn 0.54177514 0.49272470 -0.68095673
vn 0.64394894 0.34875270 -0.68095618
vn 0.42382899 -0.59721649 -0.68095628
vn 0.55443723 -0.47843295 -0.68095614
vn 0.65282267 -0.33184465 -0.68095645
vn 0.26859082 -0.68129066 -0.68095668
vn 0.09774255 -0.72577225 -0.68095597
vn -0.71326845 0.16597200 -0.68095625
vn -0.65282212 0.33184630 -0.68095617
vn 0.73226201 0.00954716 -0.68095609
vn -0.55443608 0.47843374 -0.68095652
vn -0.42382912 0.59721633 -0.68095634
vn 0.07878688 0.72807337 -0.68095653
vn 0.25073611 0.68806236 -0.68095638
vn 0.70869858 0.18451157 -0.68095653
vn -0.26859093 0.68129071 -0.68095659
vn -0.09774242 0.72577223 -0.68095601
vn 0.66013914 -0.15360672 -0.73526954
vn 0.67771432 0.00884058 -0.73527215
vn 0.65590691 0.17077082 -0.73527100
vn 0.59597935 0.32277728 -0.73527100
vn 0.50141701 0.45602530 -0.73526995
vn 0.37771248 0.56277044 -0.73527050
vn 0.23206531 0.63679901 -0.73527731
vn 0.07290709 0.67383923 -0.73527222
vn -0.09046309 0.67171041 -0.73526972
vn -0.24858492 0.63054348 -0.73526896
vn -0.39225884 0.55273152 -0.73526925
vn -0.51313687 0.44279771 -0.73526916
vn -0.60418960 0.30713537 -0.73527056
vn -0.66014984 0.15361957 -0.73525725
vn -0.67771414 -0.00884393 -0.73527228
vn -0.65590956 -0.17076409 -0.73527021
vn -0.59598167 -0.32277123 -0.73527177
vn -0.50142003 -0.45601935 -0.73527159
vn -0.37771682 -0.56276623 -0.73527150
vn -0.23206226 -0.63680579 -0.73527240
vn -0.07291986 -0.67383821 -0.73527190
vn 0.09046010 -0.67170757 -0.73527268
vn 0.24858283 -0.63054063 -0.73527212
vn 0.39225737 -0.55272817 -0.73527255
vn 0.51313663 -0.44279229 -0.73527259
vn 0.60419347 -0.30712417 -0.73527206
vn 0.04443806 0.34544479 -0.93738634
vn 0.04519679 0.32113570 -0.94595408
vn 0.06603704 -0.08431513 -0.99424849
vn 0.06196319 -0.09711971 -0.99334200
vn 0.20014387 -0.04156483 -0.97888447
vn 0.14904391 -0.04452048 -0.98782784
vn 0.15213711 -0.06282947 -0.98636036
vn 0.26535018 -0.03662137 -0.96345636
vn 0.30653382 -0.00569818 -0.95184271
vn -0.03174714 0.26457217 -0.96384319
vn -0.06176798 0.34094041 -0.93805349
vn -0.06066734 0.29694548 -0.95296530
vn -0.17416095 0.20176925 -0.96382422
vn -0.20753827 0.27705630 -0.93817252
vn -0.14655812 0.22256167 -0.96383973
vn -0.03440073 -0.25632808 -0.96597749
vn -0.00402414 -0.23379852 -0.97227674
vn 0.01451672 -0.21234552 -0.97708682
vn 0.03366284 -0.18091374 -0.98292270
vn 0.06316652 -0.11610015 -0.99122689
vn 0.05418989 -0.12342887 -0.99087273
vn 0.04804214 -0.15136734 -0.98730942
vn 0.04019962 -0.17094216 -0.98446065
vn 0.14212558 0.30291303 -0.94236087
vn 0.12960653 0.25255797 -0.95886215
vn 0.13325169 0.23085079 -0.96382151
vn 0.05391438 0.26098740 -0.96383547
vn 0.09222045 0.31983384 -0.94297492
vn 0.09408215 0.25387066 -0.96265167
vn -0.01184848 0.29113343 -0.95660908
vn -0.00610544 0.31201728 -0.95005681
vn 0.01702670 0.26603787 -0.96381219
vn -0.06831247 0.25760556 -0.96383234
vn -0.11181821 0.32378801 -0.93949881
vn -0.13913841 0.23214942 -0.96267707
vn -0.15212935 0.28442017 -0.94655260
vn -0.12080166 0.25116631 -0.96037620
vn 0.47417850 0.07652979 -0.87709631
vn 0.38925490 0.02946281 -0.92065877
vn 0.19365716 0.28829249 -0.93775495
vn 0.17401839 0.20363064 -0.96345844
vn -0.23083282 0.22749271 -0.94602499
vn -0.20353745 0.18691152 -0.96106014
vn -0.14457494 -0.25177455 -0.95692615
vn -0.04223597 -0.27215042 -0.96132735
vn -0.07191360 -0.25639393 -0.96389345
vn -0.12343352 -0.29329912 -0.94801888
vn 0.07239343 -0.07684681 -0.99441126
vn 0.07781412 -0.06814284 -0.99463637
vn 0.11102901 -0.05249738 -0.99242964
vn 0.09271023 -0.05925232 -0.99392856
vn 0.08030727 -0.06166983 -0.99486058
vn 0.29205654 0.17058661 -0.94106492
vn 0.36552795 0.16439906 -0.91616716
vn -0.26002719 0.05820310 -0.96384556
vn -0.28835377 0.09033006 -0.95325368
vn -0.28807100 0.09525489 -0.95285970
vn -0.24520028 0.10509214 -0.96375955
vn -0.30979860 0.15604018 -0.93791060
vn -0.22914624 0.13599845 -0.96384460
vn -0.26243512 0.18583394 -0.94688624
vn -0.22174840 0.16815806 -0.96049493
vn 0.40165873 0.15214788 -0.90306217
vn 0.53414480 0.19966984 -0.82147507
vn 0.49464635 0.11107086 -0.86196766
vn 0.19429007 0.19217385 -0.96193585
vn 0.23049380 0.17744585 -0.95675785
vn 0.28449908 0.17980284 -0.94166407
vn -0.28106166 -0.06788018 -0.95728607
vn -0.27401404 -0.05487020 -0.96015914
vn -0.18139686 -0.19529438 -0.96382326
vn -0.19163898 -0.23950443 -0.95179416
vn -0.14961293 -0.23351998 -0.96077281
vn -0.23360284 -0.22407042 -0.94616180
vn -0.20345597 -0.17212252 -0.96383583
vn -0.23708992 -0.17892108 -0.95486942
vn -0.31141880 -0.02697196 -0.94988991
vn -0.26526606 0.01102275 -0.96411224
vn -0.34361366 0.05420995 -0.93754516
vn -0.25031292 -0.10817057 -0.96210320
vn -0.27723897 -0.10214583 -0.95535584
vn -0.26167577 -0.19063489 -0.94614171
vn -0.22405679 -0.14424553 -0.96384220
vn -0.26961955 -0.14701979 -0.95167772
vn -0.29987879 -0.41836594 -0.85734629
vn -0.21847894 -0.45397110 -0.86381548
vn -0.16531952 -0.48144619 -0.86074330
vn -0.34177944 -0.37350595 -0.86236890
vn -0.40177592 -0.34433958 -0.84853189
vn -0.43011045 -0.26920049 -0.86170534
vn -0.47204094 -0.21481306 -0.85500450
vn -0.48399031 -0.14452951 -0.86305539
vn -0.50720343 -0.08111180 -0.85800090
vn -0.49147025 -0.01652408 -0.87073759
vn -0.27269604 0.42435089 -0.86346001
vn 0.10451048 0.49803633 -0.86083528
vn 0.29914512 0.39107436 -0.87038672
vn 0.24934450 0.44063773 -0.86236054
vn -0.33273154 0.38061629 -0.86279833
vn -0.38748619 0.32702592 -0.86192140
vn -0.46702809 0.19479029 -0.86252044
vn -0.49332360 0.11355987 -0.86240129
vn -0.48761224 0.04301144 -0.87200018
vn -0.43533504 0.25871948 -0.86229208
vn -0.19544726 0.45888190 -0.86673397
vn -0.13081472 0.48997814 -0.86186364
vn -0.05401303 0.50134995 -0.86355707
vn 0.02620635 0.50547712 -0.86244195
vn 0.17676419 0.46931099 -0.86515988
vn 0.70250245 0.25272600 -0.66529684
vn -0.73422244 0.67890899 0.00000575
vn 0.70902887 0.67903544 -0.19023387
vn 0.63588292 0.67887445 -0.36712721
vn 0.51919635 0.67887440 -0.51919621
vn 0.36712731 0.67887442 -0.63588289
vn 0.19003911 0.67887438 -0.70923530
vn 0.00000000 0.67887442 -0.73425440
vn -0.19003911 0.67887438 -0.70923531
vn -0.36712730 0.67887443 -0.63588290
vn -0.51919634 0.67887440 -0.51919622
vn -0.63588263 0.67887456 -0.36712750
vn -0.70923540 0.67887421 -0.19003934
vn -0.70923540 0.67887421 0.19003934
vn -0.63588262 0.67887454 0.36712757
vn -0.51919628 0.67887441 0.51919626
vn -0.36712730 0.67887443 0.63588290
vn -0.19003911 0.67887438 0.70923531
vn 0.00000000 0.67887442 0.73425440
vn 0.19003911 0.67887438 0.70923530
vn 0.36712731 0.67887442 0.63588289
vn 0.51919629 0.67887442 0.51919624
vn 0.63588290 0.67887443 0.36712728
vn 0.70923519 0.67887444 0.19003931
vn 0.73407566 0.67906765 0.00024656
vn 0.00000000 1.00000000 0.00000000
vn -0.73425428 -0.67887455 -0.00000000
vn -0.70923543 -0.67887431 -0.19003890
vn -0.63588298 -0.67887452 -0.36712697
vn -0.51919650 -0.67887429 -0.51919620
vn -0.36712712 -0.67887444 -0.63588298
vn -0.19003899 -0.67887438 -0.70923533
vn 0.00000006 -0.67887443 -0.73425439
vn 0.19003887 -0.67887444 -0.70923530
vn 0.36712728 -0.67887432 -0.63588303
vn 0.51919634 -0.67887447 -0.51919613
vn 0.63588289 -0.67887443 -0.36712732
vn 0.70923543 -0.67887431 -0.19003890
vn 0.73425428 -0.67887455 -0.00000000
vn 0.70923543 -0.67887431 0.19003888
vn 0.63588287 -0.67887439 0.36712740
vn 0.51919625 -0.67887450 0.51919618
vn 0.36712728 -0.67887432 0.63588303
vn 0.19003887 -0.67887444 0.70923530
vn 0.00000006 -0.67887443 0.73425439
vn -0.19003899 -0.67887438 0.70923533
vn -0.36712712 -0.67887444 0.63588298
vn -0.51919641 -0.67887432 0.51919625
vn -0.63588297 -0.67887449 0.36712706
vn -0.70923543 -0.67887431 0.19003888
vn 0.00000000 -1.00000000 0.00000000
vn 0.70941966 0.68937193 0.14659501
vn 0.69906444 -0.69547428 0.16620599
vn 0.67568062 0.68783596 0.26521195
vn 0.67568062 -0.68783596 0.26521195
vn -0.19267700 0.54043746 0.81902559
vn -0.19267700 -0.54043746 0.81902559
vn 0.70960202 0.68922076 -0.14642307
vn 0.69824899 -0.69595615 -0.16761079
vn 0.67585647 -0.68828922 -0.26358298
vn 0.67585647 0.68828922 -0.26358298
vn -0.19092039 -0.54037402 -0.81947869
vn -0.19092039 0.54037402 -0.81947869
f 1//1 2//2 3//3
f 3//3 2//2 4//4
f 3//3 4//4 5//5
f 5//5 4//4 6//6
f 5//5 6//6 7//7
f 7//7 6//6 8//8
f 7//7 8//8 9//9
f 9//9 8//8 10//10
f 10//10 8//8 11//11
f 10//10 11//11 12//12
f 12//12 11//11 13//13
f 12//12 13//13 14//14
f 14//14 13//13 15//15
f 14//14 15//15 16//16
f 16//16 15//15 17//17
f 16//16 17//17 18//18
f 19//19 20//20 21//21
f 21//21 20//20 22//22
f 21//21 22//22 23//23
f 23//23 22//22 24//24
f 23//23 24//24 25//25
f 25//25 24//24 26//26
f 25//25 26//26 27//27
f 27//27 26//26 18//18
f 27//27 18//18 17//17
f 28//28 29//29 30//30
f 28//28 30//30 31//31
f 32//32 33//33 34//34
f 34//34 33//33 35//35
f 34//34 35//35 36//36
f 36//36 35//35 37//37
f 36//36 37//37 38//38
f 38//38 37//37 39//39
f 38//38 39//39 40//40
f 40//40 39//39 41//41
f 40//40 41//41 42//42
f 42//42 41//41 43//43
f 42//42 43//43 30//30
f 30//30 43//43 44//44
f 30//30 44//44 31//31
f 45//45 46//46 47//47
f 48//48 49//49 50//50
f 50//50 49//49 51//51
f 50//50 51//51 52//52
f 52//52 51//51 53//53
f 54//54 55//55 56//56
f 56//56 57//57 54//54
f 54//54 57//57 58//58
f 54//54 58//58 59//59
f 58//58 60//60 59//59
f 59//59 60//60 61//61
f 59//59 61//61 62//62
f 62//62 61//61 63//63
f 62//62 63//63 51//51
f 51//51 63//63 64//64
f 51//51 64//64 53//53
f 65//65 66//66 67//67
f 68//68 69//69 70//70
f 70//70 69//69 71//71
f 70//70 71//71 72//72
f 72//72 71//71 73//73
f 74//74 75//75 76//76
f 76//76 75//75 77//77
f 76//76 77//77 78//78
f 78//78 77//77 79//79
f 78//78 79//79 80//80
f 81//81 82//82 83//83
f 84//84 85//85 86//86
f 84//84 86//86 87//87
f 87//87 86//86 88//88
f 87//87 88//88 89//89
f 89//89 88//88 90//90
f 89//89 90//90 91//91
f 91//91 90//90 92//92
f 92//92 90//90 93//93
f 92//92 93//93 94//94
f 81//81 83//83 95//95
f 95//95 83//83 96//96
f 95//95 96//96 97//97
f 97//97 96//96 98//98
f 97//97 98//98 99//99
f 99//99 98//98 100//100
f 99//99 100//100 74//74
f 74//74 100//100 101//101
f 74//74 101//101 75//75
f 67//67 66//66 80//80
f 80//80 66//66 102//102
f 80//80 102//102 78//78
f 78//78 102//102 103//103
f 78//78 103//103 76//76
f 76//76 103//103 93//93
f 76//76 93//93 74//74
f 74//74 93//93 90//90
f 74//74 90//90 99//99
f 99//99 90//90 88//88
f 99//99 88//88 97//97
f 97//97 88//88 86//86
f 97//97 86//86 95//95
f 95//95 86//86 85//85
f 95//95 85//85 81//81
f 94//94 93//93 104//104
f 104//104 93//93 103//103
f 104//104 103//103 105//105
f 105//105 103//103 102//102
f 105//105 102//102 106//106
f 106//106 102//102 66//66
f 106//106 66//66 70//70
f 70//70 66//66 65//65
f 70//70 65//65 68//68
f 107//107 108//108 109//109
f 109//109 108//108 110//110
f 110//110 108//108 111//111
f 111//111 108//108 72//72
f 111//111 72//72 73//73
f 112//112 113//113 114//114
f 115//115 116//116 117//117
f 118//118 119//119 55//55
f 55//55 119//119 120//120
f 55//55 120//120 56//56
f 55//55 121//121 118//118
f 118//118 121//121 122//122
f 118//118 122//122 123//123
f 123//123 122//122 124//124
f 123//123 124//124 125//125
f 126//126 127//127 128//128
f 128//128 129//129 126//126
f 126//126 129//129 130//130
f 126//126 130//130 124//124
f 124//124 130//130 131//131
f 124//124 131//131 125//125
f 132//132 133//133 134//134
f 134//134 133//133 135//135
f 134//134 135//135 136//136
f 132//132 137//137 133//133
f 133//133 137//137 138//138
f 133//133 138//138 127//127
f 127//127 138//138 139//139
f 127//127 139//139 128//128
f 136//136 135//135 140//140
f 140//140 135//135 141//141
f 140//140 141//141 142//142
f 143//143 144//144 145//145
f 145//145 144//144 146//146
f 145//145 146//146 141//141
f 141//141 146//146 147//147
f 141//141 147//147 142//142
f 148//148 149//149 150//150
f 150//150 149//149 151//151
f 150//150 151//151 143//143
f 143//143 151//151 152//152
f 143//143 152//152 144//144
f 148//148 150//150 153//153
f 153//153 150//150 154//154
f 153//153 154//154 155//155
f 155//155 154//154 156//156
f 155//155 156//156 157//157
f 158//158 159//159 160//160
f 160//160 159//159 161//161
f 160//160 161//161 162//162
f 162//162 161//161 163//163
f 162//162 163//163 156//156
f 156//156 163//163 164//164
f 156//156 164//164 157//157
f 116//116 115//115 165//165
f 165//165 115//115 160//160
f 160//160 115//115 166//166
f 160//160 166//166 158//158
f 167//167 168//168 116//116
f 116//116 168//168 169//169
f 116//116 169//169 117//117
f 170//170 171//171 172//172
f 172//172 171//171 173//173
f 172//172 173//173 174//174
f 174//174 173//173 175//175
f 174//174 175//175 167//167
f 167//167 175//175 176//176
f 167//167 176//176 168//168
f 170//170 172//172 177//177
f 177//177 172//172 178//178
f 177//177 178//178 179//179
f 179//179 178//178 180//180
f 179//179 180//180 181//181
f 182//182 183//183 184//184
f 184//184 185//185 182//182
f 182//182 185//185 180//180
f 180//180 185//185 186//186
f 180//180 186//186 181//181
f 50//50 187//187 48//48
f 48//48 187//187 114//114
f 48//48 114//114 113//113
f 188//188 189//189 190//190
f 190//190 189//189 191//191
f 190//190 191//191 112//112
f 112//112 191//191 113//113
f 192//192 193//193 194//194
f 188//188 195//195 189//189
f 189//189 195//195 192//192
f 189//189 192//192 191//191
f 191//191 192//192 194//194
f 191//191 194//194 196//196
f 197//197 198//198 199//199
f 200//200 201//201 202//202
f 203//203 204//204 205//205
f 206//206 207//207 208//208
f 209//209 210//210 211//211
f 212//212 213//213 214//214
f 215//215 77//77 75//75
f 82//82 216//216 83//83
f 217//217 218//218 219//219
f 220//220 221//221 222//222
f 222//222 221//221 223//223
f 224//224 225//225 226//226
f 34//34 227//227 32//32
f 36//36 38//38 228//228
f 42//42 30//30 229//229
f 230//230 231//231 232//232
f 232//232 231//231 229//229
f 232//232 229//229 233//233
f 233//233 229//229 30//30
f 233//233 30//30 29//29
f 36//36 228//228 34//34
f 234//234 235//235 236//236
f 237//237 238//238 239//239
f 239//239 238//238 226//226
f 226//226 238//238 240//240
f 226//226 240//240 224//224
f 241//241 242//242 243//243
f 241//241 243//243 244//244
f 243//243 245//245 244//244
f 244//244 245//245 246//246
f 244//244 246//246 239//239
f 239//239 246//246 247//247
f 239//239 247//247 237//237
f 242//242 241//241 248//248
f 248//248 241//241 249//249
f 248//248 249//249 250//250
f 251//251 252//252 253//253
f 253//253 254//254 251//251
f 251//251 254//254 255//255
f 251//251 255//255 249//249
f 249//249 255//255 256//256
f 249//249 256//256 250//250
f 257//257 258//258 251//251
f 251//251 258//258 259//259
f 251//251 259//259 252//252
f 260//260 220//220 261//261
f 261//261 220//220 222//222
f 261//261 222//222 257//257
f 257//257 222//222 223//223
f 257//257 223//223 258//258
f 262//262 199//199 217//217
f 217//217 199//199 263//263
f 217//217 263//263 218//218
f 264//264 96//96 265//265
f 265//265 96//96 83//83
f 265//265 83//83 266//266
f 266//266 83//83 216//216
f 264//264 267//267 96//96
f 96//96 267//267 268//268
f 96//96 268//268 98//98
f 98//98 268//268 269//269
f 270//270 101//101 269//269
f 269//269 101//101 100//100
f 269//269 100//100 98//98
f 270//270 271//271 101//101
f 101//101 271//271 272//272
f 101//101 272//272 75//75
f 75//75 272//272 273//273
f 75//75 273//273 215//215
f 274//274 275//275 276//276
f 276//276 277//277 274//274
f 274//274 277//277 278//278
f 274//274 278//278 82//82
f 82//82 278//278 279//279
f 82//82 279//279 216//216
f 216//216 279//279 280//280
f 216//216 280//280 266//266
f 82//82 219//219 274//274
f 274//274 219//219 218//218
f 274//274 218//218 275//275
f 275//275 218//218 263//263
f 275//275 263//263 281//281
f 281//281 263//263 199//199
f 281//281 199//199 282//282
f 282//282 199//199 198//198
f 282//282 198//198 283//283
f 283//283 198//198 284//284
f 212//212 214//214 285//285
f 285//285 214//214 286//286
f 285//285 286//286 287//287
f 288//288 289//289 290//290
f 290//290 289//289 291//291
f 290//290 291//291 292//292
f 292//292 291//291 293//293
f 294//294 295//295 296//296
f 296//296 295//295 297//297
f 298//298 299//299 300//300
f 301//301 302//302 303//303
f 303//303 302//302 304//304
f 303//303 304//304 305//305
f 305//305 304//304 306//306
f 305//305 306//306 298//298
f 298//298 306//306 307//307
f 298//298 307//307 299//299
f 192//192 308//308 193//193
f 193//193 308//308 309//309
f 193//193 309//309 310//310
f 195//195 311//311 192//192
f 192//192 311//311 312//312
f 192//192 312//312 308//308
f 308//308 312//312 313//313
f 308//308 313//313 309//309
f 314//314 315//315 303//303
f 309//309 301//301 310//310
f 310//310 301//301 303//303
f 310//310 303//303 316//316
f 316//316 303//303 315//315
f 317//317 318//318 319//319
f 320//320 321//321 322//322
f 322//322 321//321 323//323
f 324//324 325//325 326//326
f 326//326 325//325 327//327
f 326//326 327//327 328//328
f 329//329 330//330 331//331
f 331//331 330//330 332//332
f 331//331 332//332 333//333
f 333//333 332//332 334//334
f 333//333 334//334 335//335
f 336//336 337//337 338//338
f 338//338 337//337 339//339
f 338//338 339//339 204//204
f 204//204 339//339 340//340
f 204//204 340//340 205//205
f 205//205 340//340 341//341
f 342//342 343//343 344//344
f 344//344 343//343 345//345
f 346//346 347//347 348//348
f 349//349 350//350 351//351
f 351//351 350//350 352//352
f 351//351 352//352 348//348
f 348//348 352//352 353//353
f 348//348 353//353 346//346
f 230//230 354//354 231//231
f 231//231 354//354 355//355
f 231//231 355//355 356//356
f 294//294 288//288 357//357
f 357//357 288//288 290//290
f 357//357 290//290 358//358
f 358//358 290//290 359//359
f 318//318 314//314 319//319
f 319//319 314//314 303//303
f 319//319 303//303 360//360
f 360//360 303//303 305//305
f 360//360 305//305 361//361
f 361//361 305//305 298//298
f 211//211 210//210 362//362
f 362//362 210//210 363//363
f 362//362 363//363 364//364
f 211//211 365//365 209//209
f 209//209 365//365 366//366
f 209//209 366//366 367//367
f 367//367 366//366 368//368
f 369//369 370//370 371//371
f 371//371 370//370 372//372
f 371//371 372//372 373//373
f 373//373 372//372 374//374
f 294//294 357//357 295//295
f 295//295 357//357 358//358
f 295//295 358//358 375//375
f 375//375 358//358 376//376
f 375//375 376//376 206//206
f 206//206 376//376 377//377
f 206//206 377//377 207//207
f 336//336 338//338 378//378
f 378//378 338//338 204//204
f 378//378 204//204 379//379
f 379//379 204//204 203//203
f 379//379 203//203 369//369
f 342//342 344//344 380//380
f 380//380 344//344 373//373
f 380//380 373//373 381//381
f 381//381 373//373 374//374
f 381//381 374//374 382//382
f 369//369 371//371 379//379
f 379//379 371//371 373//373
f 379//379 373//373 378//378
f 378//378 373//373 344//344
f 378//378 344//344 336//336
f 336//336 344//344 345//345
f 336//336 345//345 337//337
f 320//320 317//317 321//321
f 321//321 317//317 319//319
f 321//321 319//319 383//383
f 383//383 319//319 360//360
f 383//383 360//360 384//384
f 384//384 360//360 361//361
f 384//384 361//361 385//385
f 385//385 361//361 298//298
f 385//385 298//298 386//386
f 386//386 298//298 300//300
f 386//386 300//300 387//387
f 207//207 329//329 208//208
f 208//208 329//329 331//331
f 208//208 331//331 388//388
f 388//388 331//331 333//333
f 388//388 333//333 328//328
f 328//328 333//333 335//335
f 328//328 335//335 326//326
f 326//326 335//335 389//389
f 326//326 389//389 324//324
f 324//324 389//389 390//390
f 327//327 323//323 328//328
f 328//328 323//323 321//321
f 328//328 321//321 388//388
f 388//388 321//321 383//383
f 388//388 383//383 208//208
f 208//208 383//383 384//384
f 208//208 384//384 206//206
f 206//206 384//384 385//385
f 206//206 385//385 375//375
f 375//375 385//385 386//386
f 375//375 386//386 295//295
f 295//295 386//386 387//387
f 295//295 387//387 297//297
f 391//391 392//392 393//393
f 393//393 392//392 394//394
f 393//393 394//394 395//395
f 395//395 394//394 396//396
f 395//395 396//396 397//397
f 397//397 396//396 398//398
f 397//397 398//398 399//399
f 399//399 398//398 400//400
f 201//201 200//200 401//401
f 401//401 200//200 402//402
f 401//401 402//402 391//391
f 391//391 402//402 403//403
f 391//391 403//403 392//392
f 403//403 368//368 392//392
f 392//392 368//368 366//366
f 392//392 366//366 394//394
f 394//394 366//366 365//365
f 394//394 365//365 396//396
f 396//396 365//365 211//211
f 396//396 211//211 398//398
f 398//398 211//211 362//362
f 398//398 362//362 400//400
f 400//400 362//362 364//364
f 234//234 201//201 404//404
f 404//404 201//201 401//401
f 404//404 401//401 405//405
f 405//405 401//401 391//391
f 405//405 391//391 406//406
f 406//406 391//391 393//393
f 406//406 393//393 407//407
f 407//407 393//393 395//395
f 407//407 395//395 408//408
f 408//408 395//395 397//397
f 408//408 397//397 409//409
f 409//409 397//397 399//399
f 409//409 399//399 410//410
f 34//34 228//228 227//227
f 227//227 228//228 411//411
f 227//227 411//411 32//32
f 32//32 411//411 412//412
f 32//32 412//412 413//413
f 413//413 412//412 411//411
f 413//413 411//411 414//414
f 38//38 202//202 228//228
f 228//228 202//202 201//201
f 228//228 201//201 411//411
f 411//411 201//201 234//234
f 411//411 234//234 414//414
f 414//414 234//234 236//236
f 414//414 236//236 413//413
f 382//382 374//374 415//415
f 415//415 374//374 416//416
f 415//415 416//416 417//417
f 417//417 416//416 418//418
f 417//417 418//418 419//419
f 355//355 350//350 356//356
f 356//356 350//350 349//349
f 356//356 349//349 231//231
f 231//231 349//349 420//420
f 231//231 420//420 229//229
f 229//229 420//420 421//421
f 229//229 421//421 42//42
f 42//42 421//421 422//422
f 42//42 422//422 40//40
f 346//346 342//342 347//347
f 347//347 342//342 380//380
f 347//347 380//380 348//348
f 348//348 380//380 381//381
f 348//348 381//381 351//351
f 351//351 381//381 382//382
f 351//351 382//382 349//349
f 349//349 382//382 415//415
f 349//349 415//415 420//420
f 420//420 415//415 417//417
f 420//420 417//417 421//421
f 421//421 417//417 419//419
f 421//421 419//419 422//422
f 341//341 330//330 205//205
f 205//205 330//330 329//329
f 205//205 329//329 203//203
f 203//203 329//329 207//207
f 203//203 207//207 369//369
f 369//369 207//207 377//377
f 369//369 377//377 370//370
f 370//370 377//377 423//423
f 370//370 423//423 372//372
f 372//372 423//423 424//424
f 372//372 424//424 374//374
f 374//374 424//424 425//425
f 374//374 425//425 416//416
f 416//416 425//425 426//426
f 416//416 426//426 418//418
f 293//293 287//287 292//292
f 292//292 287//287 286//286
f 292//292 286//286 427//427
f 427//427 286//286 214//214
f 235//235 234//234 225//225
f 225//225 234//234 404//404
f 225//225 404//404 226//226
f 226//226 404//404 405//405
f 226//226 405//405 239//239
f 239//239 405//405 406//406
f 239//239 406//406 244//244
f 244//244 406//406 407//407
f 244//244 407//407 241//241
f 241//241 407//407 408//408
f 241//241 408//408 249//249
f 249//249 408//408 409//409
f 249//249 409//409 251//251
f 251//251 409//409 410//410
f 251//251 410//410 257//257
f 359//359 290//290 428//428
f 428//428 290//290 292//292
f 428//428 292//292 429//429
f 429//429 292//292 427//427
f 429//429 427//427 430//430
f 430//430 427//427 214//214
f 430//430 214//214 197//197
f 197//197 214//214 213//213
f 197//197 213//213 198//198
f 198//198 213//213 431//431
f 198//198 431//431 284//284
f 262//262 260//260 199//199
f 199//199 260//260 261//261
f 199//199 261//261 197//197
f 197//197 261//261 257//257
f 197//197 257//257 430//430
f 430//430 257//257 410//410
f 430//430 410//410 429//429
f 429//429 410//410 399//399
f 429//429 399//399 428//428
f 428//428 399//399 400//400
f 428//428 400//400 359//359
f 359//359 400//400 364//364
f 359//359 364//364 358//358
f 358//358 364//364 363//363
f 358//358 363//363 376//376
f 376//376 363//363 210//210
f 376//376 210//210 377//377
f 377//377 210//210 209//209
f 377//377 209//209 423//423
f 423//423 209//209 367//367
f 423//423 367//367 424//424
f 424//424 367//367 368//368
f 424//424 368//368 425//425
f 425//425 368//368 403//403
f 425//425 403//403 426//426
f 426//426 403//403 402//402
f 426//426 402//402 418//418
f 418//418 402//402 200//200
f 418//418 200//200 419//419
f 419//419 200//200 202//202
f 419//419 202//202 422//422
f 422//422 202//202 38//38
f 422//422 38//38 40//40
f 432//432 433//433 434//434
f 435//435 436//436 437//437
f 437//437 436//436 432//432
f 437//437 432//432 438//438
f 438//438 432//432 434//434
f 433//433 432//432 439//439
f 439//439 432//432 440//440
f 439//439 440//440 441//441
f 441//441 440//440 442//442
f 441//441 442//442 443//443
f 444//444 445//445 446//446
f 447//447 448//448 449//449
f 449//449 448//448 450//450
f 449//449 450//450 451//451
f 451//451 450//450 452//452
f 451//451 452//452 453//453
f 454//454 455//455 449//449
f 449//449 455//455 456//456
f 449//449 456//456 447//447
f 457//457 458//458 459//459
f 459//459 458//458 460//460
f 459//459 460//460 461//461
f 461//461 460//460 462//462
f 461//461 462//462 454//454
f 454//454 462//462 463//463
f 454//454 463//463 455//455
f 457//457 459//459 464//464
f 464//464 459//459 465//465
f 464//464 465//465 466//466
f 466//466 465//465 467//467
f 466//466 467//467 468//468
f 469//469 470//470 467//467
f 467//467 470//470 471//471
f 467//467 471//471 468//468
f 472//472 473//473 474//474
f 474//474 473//473 475//475
f 474//474 475//475 469//469
f 469//469 475//475 476//476
f 469//469 476//476 470//470
f 472//472 474//474 477//477
f 477//477 474//474 478//478
f 477//477 478//478 479//479
f 480//480 481//481 482//482
f 482//482 481//481 483//483
f 479//479 478//478 483//483
f 483//483 478//478 484//484
f 483//483 484//484 482//482
f 485//485 486//486 482//482
f 482//482 486//486 487//487
f 482//482 487//487 480//480
f 488//488 489//489 490//490
f 490//490 489//489 491//491
f 490//490 491//491 485//485
f 485//485 491//491 492//492
f 485//485 492//492 486//486
f 493//493 494//494 495//495
f 495//495 494//494 496//496
f 495//495 496//496 497//497
f 497//497 496//496 498//498
f 497//497 498//498 488//488
f 488//488 498//498 499//499
f 488//488 499//499 489//489
f 500//500 501//501 502//502
f 502//502 501//501 503//503
f 500//500 502//502 495//495
f 495//495 502//502 504//504
f 495//495 504//504 493//493
f 446//446 445//445 505//505
f 505//505 445//445 506//506
f 505//505 506//506 501//501
f 501//501 506//506 507//507
f 501//501 507//507 503//503
f 444//444 446//446 508//508
f 508//508 446//446 436//436
f 508//508 436//436 435//435
f 509//509 510//510 511//511
f 509//509 512//512 513//513
f 510//510 509//509 514//514
f 514//514 509//509 513//513
f 514//514 513//513 515//515
f 516//516 517//517 518//518
f 518//518 517//517 519//519
f 518//518 519//519 520//520
f 520//520 519//519 512//512
f 520//520 512//512 521//521
f 521//521 512//512 509//509
f 521//521 509//509 522//522
f 522//522 509//509 511//511
f 523//523 524//524 525//525
f 526//526 527//527 528//528
f 527//527 526//526 529//529
f 530//530 531//531 532//532
f 533//533 524//524 534//534
f 534//534 524//524 523//523
f 534//534 523//523 535//535
f 526//526 536//536 529//529
f 529//529 536//536 537//537
f 529//529 537//537 538//538
f 539//539 540//540 538//538
f 538//538 540//540 529//529
f 529//529 540//540 541//541
f 529//529 541//541 527//527
f 527//527 541//541 542//542
f 527//527 542//542 528//528
f 528//528 542//542 543//543
f 528//528 543//543 544//544
f 545//545 525//525 546//546
f 546//546 525//525 524//524
f 546//546 524//524 547//547
f 547//547 524//524 533//533
f 547//547 533//533 548//548
f 545//545 549//549 525//525
f 525//525 549//549 550//550
f 525//525 550//550 523//523
f 523//523 550//550 551//551
f 523//523 551//551 535//535
f 535//535 551//551 552//552
f 549//549 553//553 550//550
f 550//550 553//553 539//539
f 550//550 539//539 551//551
f 551//551 539//539 538//538
f 551//551 538//538 552//552
f 552//552 538//538 537//537
f 532//532 544//544 530//530
f 530//530 544//544 543//543
f 530//530 543//543 554//554
f 554//554 543//543 542//542
f 554//554 542//542 555//555
f 555//555 542//542 541//541
f 555//555 541//541 556//556
f 556//556 541//541 540//540
f 556//556 540//540 557//557
f 557//557 540//540 539//539
f 557//557 539//539 558//558
f 558//558 539//539 553//553
f 517//517 516//516 559//559
f 560//560 561//561 562//562
f 563//563 564//564 565//565
f 566//566 567//567 568//568
f 568//568 567//567 569//569
f 570//570 571//571 572//572
f 573//573 574//574 575//575
f 576//576 577//577 578//578
f 579//579 580//580 581//581
f 582//582 583//583 584//584
f 585//585 586//586 587//587
f 533//533 588//588 548//548
f 510//510 589//589 511//511
f 590//590 591//591 592//592
f 593//593 594//594 595//595
f 596//596 597//597 598//598
f 598//598 597//597 599//599
f 600//600 601//601 602//602
f 602//602 601//601 603//603
f 603//603 601//601 604//604
f 603//603 604//604 605//605
f 606//606 607//607 608//608
f 608//608 607//607 609//609
f 608//608 609//609 610//610
f 611//611 612//612 610//610
f 593//593 595//595 590//590
f 592//592 591//591 613//613
f 613//613 591//591 614//614
f 613//613 614//614 615//615
f 616//616 617//617 618//618
f 619//619 620//620 621//621
f 621//621 620//620 616//616
f 621//621 616//616 622//622
f 622//622 616//616 618//618
f 620//620 615//615 616//616
f 616//616 615//615 614//614
f 616//616 614//614 617//617
f 617//617 614//614 623//623
f 617//617 623//623 624//624
f 625//625 626//626 623//623
f 623//623 626//626 627//627
f 623//623 627//627 624//624
f 628//628 629//629 630//630
f 630//630 631//631 628//628
f 628//628 631//631 632//632
f 628//628 632//632 625//625
f 625//625 632//632 633//633
f 625//625 633//633 626//626
f 634//634 511//511 635//635
f 635//635 511//511 589//589
f 635//635 589//589 636//636
f 636//636 589//589 510//510
f 636//636 510//510 637//637
f 634//634 638//638 511//511
f 511//511 638//638 639//639
f 511//511 639//639 522//522
f 640//640 641//641 642//642
f 510//510 629//629 637//637
f 637//637 629//629 628//628
f 637//637 628//628 643//643
f 643//643 628//628 644//644
f 645//645 646//646 647//647
f 640//640 648//648 649//649
f 649//649 648//648 650//650
f 651//651 652//652 560//560
f 560//560 652//652 653//653
f 560//560 653//653 561//561
f 561//561 653//653 654//654
f 561//561 654//654 655//655
f 656//656 657//657 651//651
f 651//651 657//657 658//658
f 651//651 658//658 652//652
f 659//659 660//660 661//661
f 661//661 660//660 662//662
f 661//661 663//663 664//664
f 659//659 661//661 665//665
f 665//665 661//661 664//664
f 665//665 664//664 666//666
f 667//667 668//668 664//664
f 664//664 668//668 669//669
f 664//664 669//669 666//666
f 670//670 671//671 672//672
f 672//672 671//671 673//673
f 672//672 673//673 674//674
f 588//588 675//675 548//548
f 548//548 675//675 670//670
f 548//548 670//670 676//676
f 676//676 670//670 672//672
f 676//676 672//672 677//677
f 677//677 672//672 674//674
f 677//677 674//674 667//667
f 667//667 674//674 678//678
f 667//667 678//678 668//668
f 679//679 534//534 680//680
f 680//680 534//534 535//535
f 679//679 681//681 534//534
f 534//534 681//681 682//682
f 534//534 682//682 533//533
f 533//533 682//682 683//683
f 533//533 683//683 588//588
f 588//588 683//683 684//684
f 588//588 684//684 675//675
f 536//536 526//526 685//685
f 685//685 686//686 536//536
f 536//536 686//686 687//687
f 536//536 687//687 537//537
f 537//537 687//687 688//688
f 537//537 688//688 552//552
f 552//552 688//688 689//689
f 552//552 689//689 535//535
f 535//535 689//689 690//690
f 535//535 690//690 680//680
f 691//691 692//692 693//693
f 693//693 692//692 694//694
f 585//585 695//695 691//691
f 691//691 695//695 696//696
f 691//691 696//696 692//692
f 587//587 586//586 697//697
f 697//697 586//586 698//698
f 697//697 698//698 583//583
f 699//699 700//700 584//584
f 584//584 700//700 701//701
f 584//584 701//701 582//582
f 702//702 703//703 574//574
f 574//574 703//703 704//704
f 574//574 704//704 575//575
f 575//575 704//704 705//705
f 575//575 705//705 706//706
f 706//706 705//705 707//707
f 706//706 707//707 699//699
f 708//708 709//709 710//710
f 581//581 580//580 711//711
f 579//579 581//581 712//712
f 712//712 581//581 713//713
f 712//712 713//713 576//576
f 577//577 576//576 714//714
f 715//715 39//39 716//716
f 716//716 39//39 37//37
f 716//716 37//37 717//717
f 717//717 37//37 35//35
f 717//717 35//35 33//33
f 718//718 44//44 719//719
f 719//719 44//44 43//43
f 719//719 43//43 41//41
f 720//720 721//721 722//722
f 722//722 721//721 723//723
f 722//722 723//723 724//724
f 724//724 723//723 598//598
f 724//724 598//598 725//725
f 725//725 598//598 599//599
f 726//726 727//727 728//728
f 728//728 727//727 570//570
f 710//710 702//702 708//708
f 708//708 702//702 574//574
f 708//708 574//574 729//729
f 729//729 574//574 573//573
f 729//729 573//573 730//730
f 730//730 731//731 729//729
f 729//729 731//731 711//711
f 729//729 711//711 708//708
f 708//708 711//711 580//580
f 708//708 580//580 709//709
f 576//576 713//713 714//714
f 714//714 713//713 581//581
f 714//714 581//581 732//732
f 732//732 581//581 711//711
f 732//732 711//711 733//733
f 733//733 711//711 731//731
f 733//733 731//731 734//734
f 735//735 736//736 726//726
f 726//726 736//736 737//737
f 726//726 737//737 727//727
f 727//727 737//737 738//738
f 727//727 738//738 570//570
f 570//570 738//738 739//739
f 570//570 739//739 571//571
f 740//740 734//734 572//572
f 572//572 734//734 731//731
f 572//572 731//731 570//570
f 570//570 731//731 730//730
f 570//570 730//730 728//728
f 728//728 730//730 573//573
f 728//728 573//573 726//726
f 726//726 573//573 575//575
f 726//726 575//575 735//735
f 735//735 575//575 706//706
f 41//41 39//39 719//719
f 719//719 39//39 715//715
f 719//719 715//715 718//718
f 718//718 715//715 741//741
f 718//718 741//741 742//742
f 742//742 741//741 743//743
f 742//742 743//743 600//600
f 600//600 743//743 744//744
f 602//602 596//596 600//600
f 600//600 596//596 598//598
f 600//600 598//598 742//742
f 742//742 598//598 723//723
f 742//742 723//723 718//718
f 718//718 723//723 721//721
f 718//718 721//721 44//44
f 44//44 721//721 720//720
f 44//44 720//720 31//31
f 740//740 572//572 745//745
f 745//745 572//572 746//746
f 745//745 746//746 747//747
f 748//748 749//749 750//750
f 750//750 749//749 751//751
f 752//752 753//753 568//568
f 568//568 753//753 754//754
f 568//568 754//754 566//566
f 748//748 755//755 749//749
f 749//749 755//755 756//756
f 749//749 756//756 751//751
f 751//751 756//756 757//757
f 758//758 563//563 759//759
f 759//759 563//563 565//565
f 759//759 565//565 760//760
f 760//760 565//565 761//761
f 610//610 609//609 611//611
f 611//611 609//609 607//607
f 611//611 607//607 762//762
f 762//762 607//607 763//763
f 762//762 763//763 764//764
f 744//744 764//764 600//600
f 600//600 764//764 763//763
f 600//600 763//763 601//601
f 601//601 763//763 607//607
f 601//601 607//607 604//604
f 604//604 607//607 606//606
f 604//604 606//606 605//605
f 761//761 612//612 760//760
f 760//760 612//612 611//611
f 760//760 611//611 765//765
f 765//765 611//611 762//762
f 765//765 762//762 747//747
f 747//747 762//762 764//764
f 747//747 764//764 745//745
f 745//745 764//764 744//744
f 745//745 744//744 740//740
f 740//740 744//744 743//743
f 740//740 743//743 734//734
f 734//734 743//743 741//741
f 734//734 741//741 733//733
f 733//733 741//741 715//715
f 733//733 715//715 732//732
f 732//732 715//715 716//716
f 732//732 716//716 714//714
f 714//714 716//716 717//717
f 714//714 717//717 577//577
f 577//577 717//717 33//33
f 577//577 33//33 578//578
f 660//660 766//766 662//662
f 662//662 766//766 656//656
f 662//662 656//656 767//767
f 767//767 656//656 651//651
f 767//767 651//651 768//768
f 768//768 651//651 560//560
f 768//768 560//560 769//769
f 769//769 560//560 562//562
f 769//769 562//562 770//770
f 770//770 562//562 771//771
f 770//770 771//771 772//772
f 772//772 771//771 773//773
f 640//640 642//642 648//648
f 648//648 642//642 774//774
f 648//648 774//774 775//775
f 775//775 774//774 776//776
f 775//775 776//776 777//777
f 777//777 776//776 778//778
f 777//777 778//778 758//758
f 758//758 778//778 595//595
f 758//758 595//595 563//563
f 563//563 595//595 594//594
f 563//563 594//594 564//564
f 564//564 594//594 779//779
f 564//564 779//779 565//565
f 565//565 779//779 780//780
f 565//565 780//780 761//761
f 590//590 595//595 591//591
f 591//591 595//595 778//778
f 591//591 778//778 614//614
f 614//614 778//778 776//776
f 614//614 776//776 623//623
f 623//623 776//776 774//774
f 623//623 774//774 625//625
f 625//625 774//774 642//642
f 625//625 642//642 628//628
f 628//628 642//642 641//641
f 628//628 641//641 644//644
f 765//765 757//757 760//760
f 760//760 757//757 756//756
f 760//760 756//756 759//759
f 759//759 756//756 755//755
f 759//759 755//755 758//758
f 758//758 755//755 748//748
f 758//758 748//748 777//777
f 777//777 748//748 781//781
f 777//777 781//781 775//775
f 775//775 781//781 645//645
f 775//775 645//645 648//648
f 648//648 645//645 647//647
f 648//648 647//647 650//650
f 663//663 691//691 664//664
f 664//664 691//691 693//693
f 664//664 693//693 667//667
f 667//667 693//693 694//694
f 667//667 694//694 677//677
f 677//677 694//694 782//782
f 677//677 782//782 676//676
f 585//585 691//691 586//586
f 586//586 691//691 663//663
f 586//586 663//663 698//698
f 698//698 663//663 661//661
f 698//698 661//661 783//783
f 783//783 661//661 662//662
f 783//783 662//662 784//784
f 784//784 662//662 767//767
f 784//784 767//767 785//785
f 785//785 767//767 768//768
f 785//785 768//768 786//786
f 786//786 768//768 769//769
f 786//786 769//769 787//787
f 787//787 769//769 770//770
f 787//787 770//770 788//788
f 788//788 770//770 772//772
f 788//788 772//772 569//569
f 569//569 772//772 773//773
f 569//569 773//773 568//568
f 568//568 773//773 789//789
f 568//568 789//789 752//752
f 699//699 584//584 706//706
f 706//706 584//584 790//790
f 706//706 790//790 735//735
f 735//735 790//790 791//791
f 735//735 791//791 736//736
f 736//736 791//791 792//792
f 736//736 792//792 737//737
f 737//737 792//792 793//793
f 737//737 793//793 738//738
f 738//738 793//793 794//794
f 738//738 794//794 739//739
f 739//739 794//794 795//795
f 739//739 795//795 571//571
f 571//571 795//795 796//796
f 571//571 796//796 572//572
f 572//572 796//796 797//797
f 572//572 797//797 746//746
f 583//583 698//698 584//584
f 584//584 698//698 783//783
f 584//584 783//783 790//790
f 790//790 783//783 784//784
f 790//790 784//784 791//791
f 791//791 784//784 785//785
f 791//791 785//785 792//792
f 792//792 785//785 786//786
f 792//792 786//786 793//793
f 793//793 786//786 787//787
f 793//793 787//787 794//794
f 794//794 787//787 788//788
f 794//794 788//788 795//795
f 795//795 788//788 569//569
f 795//795 569//569 796//796
f 796//796 569//569 567//567
f 796//796 567//567 797//797
f 797//797 567//567 566//566
f 797//797 566//566 746//746
f 746//746 566//566 754//754
f 746//746 754//754 747//747
f 747//747 754//754 753//753
f 747//747 753//753 765//765
f 765//765 753//753 752//752
f 765//765 752//752 757//757
f 757//757 752//752 789//789
f 757//757 789//789 751//751
f 751//751 789//789 773//773
f 751//751 773//773 750//750
f 750//750 773//773 771//771
f 750//750 771//771 748//748
f 748//748 771//771 562//562
f 748//748 562//562 781//781
f 781//781 562//562 561//561
f 781//781 561//561 645//645
f 645//645 561//561 655//655
f 645//645 655//655 646//646
f 798//798 443//443 442//442
f 799//799 800//800 442//442
f 442//442 800//800 801//801
f 442//442 801//801 798//798
f 802//802 803//803 804//804
f 804//804 803//803 805//805
f 804//804 805//805 806//806
f 806//806 805//805 451//451
f 806//806 451//451 453//453
f 801//801 800//800 807//807
f 517//517 559//559 807//807
f 807//807 559//559 808//808
f 807//807 808//808 801//801
f 531//531 802//802 809//809
f 809//809 802//802 804//804
f 809//809 804//804 810//810
f 810//810 804//804 811//811
f 812//812 813//813 814//814
f 812//812 814//814 815//815
f 815//815 814//814 816//816
f 815//815 816//816 817//817
f 813//813 812//812 818//818
f 818//818 812//812 819//819
f 818//818 819//819 820//820
f 820//820 819//819 821//821
f 820//820 821//821 822//822
f 822//822 821//821 823//823
f 822//822 823//823 824//824
f 824//824 823//823 825//825
f 824//824 825//825 826//826
f 826//826 825//825 827//827
f 826//826 827//827 828//828
f 828//828 827//827 829//829
f 828//828 829//829 830//830
f 830//830 829//829 831//831
f 830//830 831//831 832//832
f 832//832 831//831 833//833
f 832//832 833//833 834//834
f 834//834 833//833 835//835
f 834//834 835//835 836//836
f 836//836 835//835 837//837
f 836//836 837//837 838//838
f 838//838 837//837 839//839
f 838//838 839//839 840//840
f 840//840 839//839 841//841
f 840//840 841//841 842//842
f 842//842 841//841 843//843
f 842//842 843//843 844//844
f 844//844 843//843 845//845
f 844//844 845//845 846//846
f 846//846 845//845 847//847
f 846//846 847//847 848//848
f 847//847 849//849 848//848
f 848//848 849//849 850//850
f 848//848 850//850 851//851
f 851//851 850//850 852//852
f 852//852 850//850 853//853
f 852//852 853//853 854//854
f 854//854 853//853 855//855
f 854//854 855//855 856//856
f 856//856 855//855 857//857
f 856//856 857//857 858//858
f 858//858 857//857 859//859
f 858//858 859//859 860//860
f 860//860 859//859 861//861
f 860//860 861//861 862//862
f 862//862 861//861 863//863
f 862//862 863//863 864//864
f 864//864 863//863 865//865
f 864//864 865//865 866//866
f 865//865 867//867 866//866
f 866//866 867//867 868//868
f 866//866 868//868 869//869
f 869//869 868//868 870//870
f 869//869 870//870 871//871
f 871//871 870//870 872//872
f 871//871 872//872 873//873
f 873//873 872//872 874//874
f 873//873 874//874 875//875
f 875//875 874//874 876//876
f 875//875 876//876 877//877
f 877//877 876//876 878//878
f 877//877 878//878 879//879
f 879//879 878//878 880//880
f 879//879 880//880 881//881
f 881//881 880//880 882//882
f 881//881 882//882 883//883
f 882//882 884//884 883//883
f 883//883 884//884 885//885
f 883//883 885//885 886//886
f 886//886 885//885 887//887
f 887//887 885//885 888//888
f 887//887 888//888 889//889
f 888//888 890//890 889//889
f 889//889 890//890 891//891
f 889//889 891//891 892//892
f 892//892 891//891 893//893
f 893//893 891//891 894//894
f 893//893 894//894 895//895
f 896//896 897//897 898//898
f 898//898 899//899 896//896
f 896//896 899//899 895//895
f 896//896 895//895 894//894
f 897//897 896//896 900//900
f 900//900 896//896 901//901
f 900//900 901//901 902//902
f 902//902 901//901 903//903
f 902//902 903//903 904//904
f 903//903 905//905 904//904
f 904//904 905//905 906//906
f 904//904 906//906 907//907
f 907//907 906//906 908//908
f 907//907 908//908 909//909
f 909//909 908//908 910//910
f 909//909 910//910 911//911
f 911//911 910//910 912//912
f 911//911 912//912 913//913
f 913//913 912//912 914//914
f 913//913 914//914 915//915
f 914//914 916//916 915//915
f 915//915 916//916 917//917
f 915//915 917//917 918//918
f 918//918 917//917 919//919
f 918//918 919//919 920//920
f 919//919 921//921 920//920
f 920//920 921//921 922//922
f 920//920 922//922 923//923
f 923//923 922//922 924//924
f 923//923 924//924 925//925
f 925//925 924//924 926//926
f 925//925 926//926 927//927
f 926//926 928//928 927//927
f 927//927 928//928 929//929
f 927//927 929//929 930//930
f 930//930 929//929 931//931
f 930//930 931//931 932//932
f 932//932 931//931 933//933
f 932//932 933//933 934//934
f 933//933 935//935 934//934
f 934//934 935//935 936//936
f 934//934 936//936 937//937
f 937//937 936//936 938//938
f 937//937 938//938 939//939
f 939//939 938//938 940//940
f 939//939 940//940 941//941
f 941//941 940//940 942//942
f 941//941 942//942 943//943
f 942//942 944//944 943//943
f 943//943 944//944 945//945
f 943//943 945//945 946//946
f 946//946 945//945 947//947
f 946//946 947//947 948//948
f 948//948 947//947 949//949
f 948//948 949//949 950//950
f 950//950 949//949 951//951
f 950//950 951//951 952//952
f 952//952 951//951 817//817
f 952//952 817//817 816//816
f 953//953 954//954 955//955
f 956//956 953//953 955//955
f 957//957 954//954 953//953
f 958//958 959//959 953//953
f 960//960 961//961 953//953
f 962//962 963//963 953//953
f 964//964 965//965 953//953
f 953//953 966//966 967//967
f 968//968 966//966 953//953
f 965//965 968//968 953//953
f 969//969 970//970 953//953
f 817//817 971//971 815//815
f 815//815 971//971 972//972
f 815//815 972//972 973//973
f 821//821 819//819 974//974
f 827//827 825//825 974//974
f 974//974 825//825 823//823
f 974//974 823//823 821//821
f 974//974 819//819 973//973
f 973//973 819//819 812//812
f 973//973 812//812 815//815
f 975//975 833//833 976//976
f 976//976 833//833 831//831
f 976//976 831//831 974//974
f 974//974 831//831 829//829
f 974//974 829//829 827//827
f 977//977 837//837 975//975
f 975//975 837//837 835//835
f 975//975 835//835 833//833
f 978//978 843//843 979//979
f 979//979 843//843 841//841
f 979//979 841//841 977//977
f 977//977 841//841 839//839
f 977//977 839//839 837//837
f 980//980 855//855 981//981
f 981//981 855//855 853//853
f 981//981 853//853 982//982
f 982//982 853//853 850//850
f 982//982 850//850 983//983
f 983//983 850//850 849//849
f 983//983 849//849 984//984
f 984//984 849//849 847//847
f 984//984 847//847 978//978
f 978//978 847//847 845//845
f 978//978 845//845 843//843
f 985//985 859//859 980//980
f 980//980 859//859 857//857
f 980//980 857//857 855//855
f 986//986 863//863 985//985
f 985//985 863//863 861//861
f 985//985 861//861 859//859
f 987//987 867//867 986//986
f 986//986 867//867 865//865
f 986//986 865//865 863//863
f 988//988 870//870 987//987
f 987//987 870//870 868//868
f 987//987 868//868 867//867
f 989//989 876//876 990//990
f 990//990 876//876 874//874
f 990//990 874//874 988//988
f 988//988 874//874 872//872
f 988//988 872//872 870//870
f 884//884 882//882 991//991
f 991//991 882//882 880//880
f 991//991 880//880 989//989
f 989//989 880//880 878//878
f 989//989 878//878 876//876
f 969//969 992//992 993//993
f 953//953 994//994 995//995
f 996//996 953//953 995//995
f 967//967 994//994 953//953
f 997//997 998//998 996//996
f 996//996 998//998 953//953
f 963//963 964//964 953//953
f 961//961 962//962 953//953
f 959//959 960//960 953//953
f 956//956 958//958 953//953
f 970//970 957//957 953//953
f 992//992 969//969 953//953
f 885//885 884//884 993//993
f 993//993 884//884 991//991
f 993//993 991//991 969//969
f 969//969 991//991 989//989
f 969//969 989//989 970//970
f 970//970 989//989 990//990
f 970//970 990//990 957//957
f 957//957 990//990 988//988
f 957//957 988//988 954//954
f 954//954 988//988 987//987
f 954//954 987//987 955//955
f 955//955 987//987 986//986
f 955//955 986//986 956//956
f 956//956 986//986 985//985
f 956//956 985//985 958//958
f 958//958 985//985 980//980
f 958//958 980//980 959//959
f 959//959 980//980 981//981
f 959//959 981//981 960//960
f 960//960 981//981 982//982
f 960//960 982//982 961//961
f 961//961 982//982 983//983
f 961//961 983//983 962//962
f 962//962 983//983 984//984
f 962//962 984//984 963//963
f 963//963 984//984 978//978
f 963//963 978//978 964//964
f 964//964 978//978 979//979
f 964//964 979//979 965//965
f 965//965 979//979 977//977
f 965//965 977//977 968//968
f 968//968 977//977 975//975
f 968//968 975//975 966//966
f 966//966 975//975 976//976
f 966//966 976//976 967//967
f 967//967 976//976 974//974
f 967//967 974//974 994//994
f 994//994 974//974 973//973
f 994//994 973//973 995//995
f 995//995 973//973 972//972
f 995//995 972//972 996//996
f 996//996 972//972 971//971
f 996//996 971//971 997//997
f 953//953 999//999 1000//1000
f 953//953 1001//1001 1002//1002
f 1003//1003 1001//1001 953//953
f 1000//1000 1003//1003 953//953
f 953//953 1004//1004 1005//1005
f 1006//1006 1004//1004 953//953
f 1002//1002 1006//1006 953//953
f 953//953 1007//1007 1008//1008
f 1009//1009 1007//1007 953//953
f 1005//1005 1009//1009 953//953
f 953//953 1010//1010 1011//1011
f 1012//1012 1010//1010 953//953
f 1008//1008 1012//1012 953//953
f 953//953 1013//1013 992//992
f 1014//1014 1013//1013 953//953
f 1011//1011 1014//1014 953//953
f 885//885 993//993 888//888
f 888//888 993//993 1015//1015
f 888//888 1015//1015 890//890
f 890//890 1015//1015 1016//1016
f 890//890 1016//1016 891//891
f 891//891 1016//1016 894//894
f 894//894 1016//1016 1017//1017
f 894//894 1017//1017 896//896
f 1018//1018 903//903 1017//1017
f 1017//1017 903//903 901//901
f 1017//1017 901//901 896//896
f 1019//1019 908//908 1020//1020
f 1020//1020 908//908 906//906
f 1020//1020 906//906 1018//1018
f 1018//1018 906//906 905//905
f 1018//1018 905//905 903//903
f 1021//1021 912//912 1019//1019
f 1019//1019 912//912 910//910
f 1019//1019 910//910 908//908
f 919//919 917//917 1022//1022
f 1022//1022 917//917 916//916
f 1022//1022 916//916 1021//1021
f 1021//1021 916//916 914//914
f 1021//1021 914//914 912//912
f 919//919 1022//1022 921//921
f 921//921 1022//1022 1023//1023
f 921//921 1023//1023 922//922
f 922//922 1023//1023 924//924
f 924//924 1023//1023 1024//1024
f 924//924 1024//1024 926//926
f 926//926 1024//1024 928//928
f 928//928 1024//1024 1025//1025
f 928//928 1025//1025 929//929
f 929//929 1025//1025 931//931
f 931//931 1025//1025 1026//1026
f 931//931 1026//1026 933//933
f 933//933 1026//1026 935//935
f 935//935 1026//1026 1027//1027
f 935//935 1027//1027 936//936
f 936//936 1027//1027 938//938
f 938//938 1027//1027 1028//1028
f 938//938 1028//1028 940//940
f 940//940 1028//1028 942//942
f 942//942 1028//1028 1029//1029
f 942//942 1029//1029 944//944
f 944//944 1029//1029 945//945
f 945//945 1029//1029 1030//1030
f 945//945 1030//1030 947//947
f 947//947 1030//1030 949//949
f 949//949 1030//1030 1031//1031
f 949//949 1031//1031 951//951
f 951//951 1031//1031 971//971
f 951//951 971//971 817//817
f 997//997 1032//1032 998//998
f 998//998 1032//1032 953//953
f 999//999 953//953 1032//1032
f 993//993 992//992 1015//1015
f 1015//1015 992//992 1013//1013
f 1015//1015 1013//1013 1016//1016
f 1016//1016 1013//1013 1014//1014
f 1016//1016 1014//1014 1017//1017
f 1017//1017 1014//1014 1011//1011
f 1017//1017 1011//1011 1018//1018
f 1018//1018 1011//1011 1010//1010
f 1018//1018 1010//1010 1020//1020
f 1020//1020 1010//1010 1012//1012
f 1020//1020 1012//1012 1019//1019
f 1019//1019 1012//1012 1008//1008
f 1019//1019 1008//1008 1021//1021
f 1021//1021 1008//1008 1007//1007
f 1021//1021 1007//1007 1022//1022
f 1022//1022 1007//1007 1009//1009
f 1022//1022 1009//1009 1023//1023
f 1023//1023 1009//1009 1005//1005
f 1023//1023 1005//1005 1024//1024
f 1024//1024 1005//1005 1004//1004
f 1024//1024 1004//1004 1025//1025
f 1025//1025 1004//1004 1006//1006
f 1025//1025 1006//1006 1026//1026
f 1026//1026 1006//1006 1002//1002
f 1026//1026 1002//1002 1027//1027
f 1027//1027 1002//1002 1001//1001
f 1027//1027 1001//1001 1028//1028
f 1028//1028 1001//1001 1003//1003
f 1028//1028 1003//1003 1029//1029
f 1029//1029 1003//1003 1000//1000
f 1029//1029 1000//1000 1030//1030
f 1030//1030 1000//1000 999//999
f 1030//1030 999//999 1031//1031
f 1031//1031 999//999 1032//1032
f 1031//1031 1032//1032 971//971
f 971//971 1032//1032 997//997
f 18//18 1033//1033 16//16
f 16//16 1033//1033 1034//1034
f 16//16 1034//1034 14//14
f 14//14 1034//1034 1035//1035
f 14//14 1035//1035 12//12
f 12//12 1035//1035 1036//1036
f 12//12 1036//1036 10//10
f 10//10 1036//1036 9//9
f 1036//1036 1037//1037 9//9
f 9//9 1037//1037 1038//1038
f 9//9 1038//1038 7//7
f 7//7 1038//1038 5//5
f 1038//1038 1039//1039 5//5
f 5//5 1039//1039 1040//1040
f 5//5 1040//1040 3//3
f 1041//1041 1042//1042 1043//1043
f 1043//1043 1042//1042 1044//1044
f 1043//1043 1044//1044 1045//1045
f 1045//1045 1044//1044 1046//1046
f 1045//1045 1046//1046 1047//1047
f 1048//1048 1049//1049 1050//1050
f 1051//1051 1052//1052 1053//1053
f 1053//1053 1052//1052 1054//1054
f 1053//1053 1054//1054 1055//1055
f 1051//1051 1053//1053 1056//1056
f 1056//1056 1053//1053 1057//1057
f 1056//1056 1057//1057 1058//1058
f 1058//1058 1057//1057 1059//1059
f 1059//1059 1057//1057 1060//1060
f 1059//1059 1060//1060 1061//1061
f 1062//1062 1063//1063 1060//1060
f 1060//1060 1063//1063 1064//1064
f 1060//1060 1064//1064 1061//1061
f 1065//1065 1066//1066 1067//1067
f 1067//1067 1066//1066 1068//1068
f 1067//1067 1068//1068 1048//1048
f 1048//1048 1068//1068 1069//1069
f 1048//1048 1069//1069 1049//1049
f 1070//1070 1071//1071 1072//1072
f 1072//1072 1071//1071 1073//1073
f 1072//1072 1073//1073 1067//1067
f 1067//1067 1073//1073 1074//1074
f 1067//1067 1074//1074 1065//1065
f 1070//1070 1072//1072 1075//1075
f 1075//1075 1072//1072 1076//1076
f 1075//1075 1076//1076 1077//1077
f 1078//1078 1079//1079 1076//1076
f 1076//1076 1079//1079 1080//1080
f 1076//1076 1080//1080 1077//1077
f 1078//1078 1053//1053 1081//1081
f 1081//1081 1053//1053 1055//1055
f 1081//1081 1055//1055 1082//1082
f 1078//1078 1076//1076 1053//1053
f 1053//1053 1076//1076 1072//1072
f 1053//1053 1072//1072 1057//1057
f 1057//1057 1072//1072 1067//1067
f 1057//1057 1067//1067 1060//1060
f 1060//1060 1067//1067 1048//1048
f 1060//1060 1048//1048 1062//1062
f 1062//1062 1048//1048 1050//1050
f 1062//1062 1050//1050 1063//1063
f 1083//1083 1084//1084 1079//1079
f 1079//1079 1084//1084 1085//1085
f 1079//1079 1085//1085 1080//1080
f 1080//1080 1085//1085 1077//1077
f 1077//1077 1085//1085 1086//1086
f 1077//1077 1086//1086 1075//1075
f 1075//1075 1086//1086 1087//1087
f 1075//1075 1087//1087 1070//1070
f 1070//1070 1087//1087 1088//1088
f 1070//1070 1088//1088 1071//1071
f 1088//1088 1089//1089 1071//1071
f 1071//1071 1089//1089 1090//1090
f 1071//1071 1090//1090 1073//1073
f 1073//1073 1090//1090 1091//1091
f 1073//1073 1091//1091 1074//1074
f 1092//1092 1069//1069 1093//1093
f 1093//1093 1069//1069 1068//1068
f 1093//1093 1068//1068 1094//1094
f 1094//1094 1068//1068 1066//1066
f 1094//1094 1066//1066 1091//1091
f 1091//1091 1066//1066 1065//1065
f 1091//1091 1065//1065 1074//1074
f 1095//1095 1096//1096 1097//1097
f 1097//1097 1096//1096 1098//1098
f 1097//1097 1098//1098 1099//1099
f 1099//1099 1098//1098 1100//1100
f 1099//1099 1100//1100 1101//1101
f 1101//1101 1100//1100 1102//1102
f 1101//1101 1102//1102 1103//1103
f 1103//1103 1102//1102 1104//1104
f 1103//1103 1104//1104 1105//1105
f 1105//1105 1104//1104 1106//1106
f 1105//1105 1106//1106 1107//1107
f 1107//1107 1106//1106 1108//1108
f 1107//1107 1108//1108 1109//1109
f 1109//1109 1108//1108 1110//1110
f 1109//1109 1110//1110 1111//1111
f 1111//1111 1110//1110 1112//1112
f 1111//1111 1112//1112 1113//1113
f 1113//1113 1112//1112 1114//1114
f 1113//1113 1114//1114 1092//1092
f 1092//1092 1114//1114 1049//1049
f 1092//1092 1049//1049 1069//1069
f 1115//1115 1116//1116 1117//1117
f 1117//1117 1116//1116 1118//1118
f 1117//1117 1118//1118 1119//1119
f 1119//1119 1118//1118 1120//1120
f 1119//1119 1120//1120 1121//1121
f 1121//1121 1120//1120 1122//1122
f 1121//1121 1122//1122 1123//1123
f 1123//1123 1122//1122 1124//1124
f 1123//1123 1124//1124 1125//1125
f 1125//1125 1124//1124 1095//1095
f 1125//1125 1095//1095 1126//1126
f 1126//1126 1095//1095 1097//1097
f 1127//1127 1128//1128 1115//1115
f 1115//1115 1128//1128 1129//1129
f 1115//1115 1129//1129 1116//1116
f 1130//1130 1131//1131 1127//1127
f 1127//1127 1131//1131 1132//1132
f 1127//1127 1132//1132 1128//1128
f 1133//1133 1134//1134 1135//1135
f 1135//1135 1134//1134 1136//1136
f 1135//1135 1136//1136 1130//1130
f 1130//1130 1136//1136 1137//1137
f 1130//1130 1137//1137 1131//1131
f 1135//1135 1138//1138 1133//1133
f 1133//1133 1138//1138 1139//1139
f 1133//1133 1139//1139 1140//1140
f 1140//1140 1139//1139 1141//1141
f 1140//1140 1141//1141 1142//1142
f 47//47 46//46 1143//1143
f 1143//1143 46//46 1144//1144
f 1143//1143 1144//1144 1145//1145
f 1145//1145 1144//1144 1146//1146
f 1145//1145 1146//1146 1147//1147
f 1141//1141 1147//1147 1142//1142
f 1142//1142 1147//1147 1146//1146
f 1142//1142 1146//1146 1148//1148
f 1148//1148 1146//1146 1149//1149
f 1148//1148 1149//1149 1150//1150
f 1045//1045 1047//1047 1151//1151
f 1151//1151 1047//1047 1152//1152
f 1151//1151 1152//1152 1153//1153
f 1153//1153 1152//1152 1154//1154
f 1153//1153 1154//1154 1155//1155
f 1155//1155 1154//1154 1156//1156
f 1155//1155 1156//1156 1157//1157
f 1157//1157 1156//1156 1158//1158
f 1157//1157 1158//1158 1083//1083
f 1083//1083 1158//1158 1159//1159
f 1083//1083 1159//1159 1084//1084
f 1160//1160 1161//1161 1162//1162
f 1163//1163 1164//1164 1165//1165
f 1165//1165 1164//1164 1166//1166
f 1166//1166 1164//1164 1167//1167
f 1166//1166 1167//1167 1168//1168
f 1168//1168 1167//1167 1169//1169
f 1168//1168 1169//1169 1170//1170
f 1170//1170 1169//1169 1171//1171
f 1170//1170 1171//1171 1172//1172
f 1172//1172 1171//1171 1173//1173
f 1172//1172 1173//1173 1174//1174
f 1174//1174 1173//1173 1175//1175
f 1174//1174 1175//1175 1176//1176
f 1176//1176 1175//1175 1042//1042
f 1176//1176 1042//1042 1041//1041
f 1165//1165 1177//1177 1163//1163
f 1163//1163 1177//1177 1178//1178
f 1163//1163 1178//1178 1179//1179
f 1179//1179 1178//1178 1180//1180
f 1179//1179 1180//1180 1181//1181
f 1181//1181 1180//1180 1182//1182
f 1162//1162 1161//1161 1183//1183
f 1183//1183 1161//1161 1184//1184
f 1183//1183 1184//1184 1185//1185
f 1185//1185 1184//1184 1186//1186
f 1185//1185 1186//1186 1187//1187
f 1187//1187 1186//1186 1188//1188
f 1188//1188 1186//1186 1189//1189
f 1188//1188 1189//1189 1190//1190
f 1190//1190 1189//1189 1191//1191
f 1190//1190 1191//1191 1192//1192
f 1192//1192 1191//1191 1193//1193
f 1192//1192 1193//1193 1194//1194
f 1194//1194 1193//1193 1195//1195
f 1194//1194 1195//1195 1182//1182
f 1182//1182 1195//1195 1196//1196
f 1182//1182 1196//1196 1181//1181
f 1162//1162 1197//1197 1160//1160
f 1160//1160 1197//1197 1198//1198
f 1160//1160 1198//1198 1199//1199
f 1199//1199 1198//1198 1200//1200
f 1199//1199 1200//1200 1201//1201
f 1201//1201 1200//1200 1202//1202
f 1201//1201 1202//1202 1203//1203
f 1203//1203 1202//1202 1204//1204
f 1203//1203 1204//1204 1205//1205
f 1206//1206 1207//1207 1208//1208
f 1208//1208 1207//1207 1209//1209
f 1208//1208 1209//1209 1210//1210
f 1205//1205 1204//1204 1211//1211
f 1211//1211 1204//1204 1212//1212
f 1211//1211 1212//1212 1213//1213
f 1213//1213 1212//1212 1214//1214
f 1213//1213 1214//1214 1215//1215
f 1215//1215 1214//1214 1216//1216
f 1215//1215 1216//1216 1217//1217
f 1217//1217 1216//1216 1218//1218
f 1217//1217 1218//1218 1219//1219
f 1219//1219 1218//1218 1220//1220
f 1219//1219 1220//1220 1206//1206
f 1206//1206 1220//1220 1221//1221
f 1206//1206 1221//1221 1207//1207
f 1209//1209 1222//1222 1210//1210
f 1210//1210 1222//1222 1223//1223
f 1210//1210 1223//1223 1224//1224
f 1224//1224 1223//1223 1225//1225
f 1224//1224 1225//1225 1226//1226
f 1226//1226 1225//1225 1227//1227
f 1226//1226 1227//1227 1228//1228
f 1227//1227 1229//1229 1228//1228
f 1228//1228 1229//1229 1230//1230
f 1228//1228 1230//1230 1231//1231
f 1231//1231 1230//1230 1232//1232
f 1231//1231 1232//1232 1233//1233
f 1232//1232 1234//1234 1233//1233
f 1233//1233 1234//1234 1235//1235
f 1233//1233 1235//1235 1236//1236
f 1236//1236 1235//1235 1237//1237
f 1236//1236 1237//1237 1238//1238
f 1238//1238 1237//1237 1239//1239
f 1239//1239 1237//1237 1240//1240
f 1239//1239 1240//1240 1241//1241
f 1242//1242 1243//1243 1244//1244
f 1244//1244 1243//1243 1245//1245
f 1244//1244 1245//1245 1246//1246
f 1240//1240 1243//1243 1241//1241
f 1241//1241 1243//1243 1242//1242
f 1241//1241 1242//1242 1247//1247
f 1247//1247 1242//1242 1248//1248
f 1247//1247 1248//1248 1249//1249
f 1249//1249 1248//1248 46//46
f 1249//1249 46//46 45//45
f 587//587 697//697 1250//1250
f 1250//1250 1251//1251 1252//1252
f 1253//1253 1250//1250 1254//1254
f 1254//1254 1250//1250 697//697
f 1254//1254 697//697 1255//1255
f 1253//1253 1256//1256 1250//1250
f 1250//1250 1256//1256 1257//1257
f 1250//1250 1257//1257 1251//1251
f 1251//1251 1257//1257 1258//1258
f 1252//1252 694//694 692//692
f 692//692 696//696 1252//1252
f 1252//1252 696//696 695//695
f 1252//1252 695//695 1250//1250
f 1250//1250 695//695 585//585
f 1250//1250 585//585 587//587
f 1255//1255 697//697 1259//1259
f 1259//1259 697//697 583//583
f 1259//1259 583//583 1260//1260
f 1260//1260 583//583 582//582
f 1260//1260 582//582 1261//1261
f 1261//1261 582//582 701//701
f 1261//1261 701//701 1262//1262
f 1262//1262 701//701 700//700
f 1262//1262 700//700 699//699
f 1263//1263 253//253 252//252
f 220//220 260//260 1264//1264
f 1264//1264 260//260 262//262
f 1264//1264 262//262 217//217
f 1265//1265 258//258 223//223
f 1264//1264 1266//1266 220//220
f 220//220 1266//1266 1265//1265
f 220//220 1265//1265 221//221
f 221//221 1265//1265 223//223
f 253//253 1263//1263 254//254
f 254//254 1263//1263 1267//1267
f 254//254 1267//1267 255//255
f 1265//1265 1268//1268 258//258
f 258//258 1268//1268 1269//1269
f 258//258 1269//1269 259//259
f 259//259 1269//1269 1270//1270
f 259//259 1270//1270 252//252
f 252//252 1270//1270 1271//1271
f 252//252 1271//1271 1263//1263
f 1272//1272 1273//1273 1266//1266
f 1266//1266 1273//1273 1274//1274
f 1266//1266 1274//1274 1265//1265
f 1265//1265 1274//1274 1275//1275
f 1265//1265 1275//1275 1268//1268
f 1276//1276 580//580 1277//1277
f 1277//1277 580//580 579//579
f 1277//1277 579//579 1278//1278
f 33//33 1279//1279 578//578
f 578//578 1279//1279 1280//1280
f 578//578 1280//1280 576//576
f 576//576 1280//1280 1278//1278
f 576//576 1278//1278 712//712
f 712//712 1278//1278 579//579
f 236//236 1281//1281 413//413
f 413//413 1281//1281 1279//1279
f 413//413 1279//1279 32//32
f 32//32 1279//1279 33//33
f 225//225 1282//1282 235//235
f 235//235 1282//1282 1283//1283
f 235//235 1283//1283 236//236
f 236//236 1283//1283 1284//1284
f 236//236 1284//1284 1281//1281
f 1279//1279 1285//1285 1280//1280
f 1280//1280 1285//1285 1286//1286
f 1280//1280 1286//1286 1278//1278
f 1278//1278 1286//1286 1287//1287
f 1278//1278 1287//1287 1277//1277
f 1277//1277 1287//1287 1288//1288
f 1277//1277 1288//1288 1276//1276
f 1046//1046 1044//1044 1289//1289
f 1290//1290 1291//1291 1127//1127
f 1139//1139 1138//1138 1292//1292
f 1292//1292 1138//1138 1135//1135
f 1292//1292 1135//1135 1291//1291
f 1291//1291 1135//1135 1130//1130
f 1291//1291 1130//1130 1127//1127
f 1145//1145 1147//1147 1292//1292
f 1292//1292 1147//1147 1141//1141
f 1292//1292 1141//1141 1139//1139
f 1090//1090 1089//1089 1293//1293
f 1293//1293 1089//1089 1088//1088
f 1293//1293 1088//1088 1087//1087
f 1084//1084 1294//1294 1085//1085
f 1085//1085 1294//1294 1293//1293
f 1085//1085 1293//1293 1086//1086
f 1086//1086 1293//1293 1087//1087
f 1295//1295 1103//1103 1105//1105
f 1111//1111 1296//1296 1109//1109
f 1109//1109 1296//1296 1295//1295
f 1109//1109 1295//1295 1107//1107
f 1107//1107 1295//1295 1105//1105
f 1145//1145 1292//1292 1143//1143
f 1143//1143 1292//1292 1297//1297
f 1143//1143 1297//1297 47//47
f 1156//1156 1298//1298 1158//1158
f 1158//1158 1298//1298 1294//1294
f 1158//1158 1294//1294 1159//1159
f 1159//1159 1294//1294 1084//1084
f 1299//1299 1099//1099 1295//1295
f 1295//1295 1099//1099 1101//1101
f 1295//1295 1101//1101 1103//1103
f 1300//1300 1121//1121 1123//1123
f 1123//1123 1125//1125 1300//1300
f 1300//1300 1125//1125 1126//1126
f 1300//1300 1126//1126 1299//1299
f 1299//1299 1126//1126 1097//1097
f 1299//1299 1097//1097 1099//1099
f 1156//1156 1154//1154 1298//1298
f 1298//1298 1154//1154 1152//1152
f 1298//1298 1152//1152 1289//1289
f 1289//1289 1152//1152 1047//1047
f 1289//1289 1047//1047 1046//1046
f 1090//1090 1293//1293 1091//1091
f 1091//1091 1293//1293 1301//1301
f 1091//1091 1301//1301 1094//1094
f 1111//1111 1113//1113 1296//1296
f 1296//1296 1113//1113 1092//1092
f 1296//1296 1092//1092 1301//1301
f 1301//1301 1092//1092 1093//1093
f 1301//1301 1093//1093 1094//1094
f 1127//1127 1115//1115 1290//1290
f 1290//1290 1115//1115 1117//1117
f 1290//1290 1117//1117 1300//1300
f 1300//1300 1117//1117 1119//1119
f 1300//1300 1119//1119 1121//1121
f 1302//1302 1288//1288 1303//1303
f 1303//1303 1288//1288 1287//1287
f 1303//1303 1287//1287 1304//1304
f 1304//1304 1287//1287 1286//1286
f 1304//1304 1286//1286 1305//1305
f 1305//1305 1286//1286 1285//1285
f 1306//1306 1307//1307 1308//1308
f 1308//1308 1307//1307 1309//1309
f 1308//1308 1309//1309 1310//1310
f 1310//1310 1309//1309 1311//1311
f 1312//1312 1313//1313 1314//1314
f 1315//1315 1316//1316 1314//1314
f 1314//1314 1316//1316 1317//1317
f 1314//1314 1317//1317 1312//1312
f 1315//1315 1318//1318 1316//1316
f 1316//1316 1318//1318 1319//1319
f 1316//1316 1319//1319 1320//1320
f 1320//1320 1319//1319 1321//1321
f 1320//1320 1321//1321 1322//1322
f 1322//1322 1321//1321 1323//1323
f 1323//1323 1321//1321 1324//1324
f 1323//1323 1324//1324 1325//1325
f 1325//1325 1324//1324 1326//1326
f 1325//1325 1326//1326 1327//1327
f 1326//1326 1328//1328 1327//1327
f 1327//1327 1328//1328 1329//1329
f 1327//1327 1329//1329 1330//1330
f 1330//1330 1329//1329 1331//1331
f 1330//1330 1331//1331 1332//1332
f 1332//1332 1331//1331 1333//1333
f 1331//1331 1334//1334 1333//1333
f 1333//1333 1334//1334 1335//1335
f 1333//1333 1335//1335 1336//1336
f 1336//1336 1335//1335 1337//1337
f 1336//1336 1337//1337 1338//1338
f 1338//1338 1337//1337 1339//1339
f 1339//1339 1337//1337 1340//1340
f 1339//1339 1340//1340 1341//1341
f 1340//1340 1342//1342 1341//1341
f 1341//1341 1342//1342 1343//1343
f 1341//1341 1343//1343 1344//1344
f 1344//1344 1343//1343 1345//1345
f 1344//1344 1345//1345 1346//1346
f 1346//1346 1345//1345 1347//1347
f 1348//1348 1349//1349 1350//1350
f 1350//1350 1349//1349 1351//1351
f 1350//1350 1351//1351 1347//1347
f 1347//1347 1351//1351 1352//1352
f 1347//1347 1352//1352 1346//1346
f 1350//1350 1353//1353 1348//1348
f 1348//1348 1353//1353 1354//1354
f 1348//1348 1354//1354 1355//1355
f 1355//1355 1354//1354 1356//1356
f 1355//1355 1356//1356 1357//1357
f 1357//1357 1356//1356 1358//1358
f 1357//1357 1358//1358 1359//1359
f 1359//1359 1358//1358 1360//1360
f 1359//1359 1360//1360 1361//1361
f 1361//1361 1360//1360 1362//1362
f 1361//1361 1362//1362 1363//1363
f 1363//1363 1362//1362 1364//1364
f 1363//1363 1364//1364 1365//1365
f 1364//1364 1366//1366 1365//1365
f 1365//1365 1366//1366 1367//1367
f 1365//1365 1367//1367 1368//1368
f 1368//1368 1367//1367 1369//1369
f 1369//1369 1367//1367 1370//1370
f 1369//1369 1370//1370 1371//1371
f 1371//1371 1370//1370 1372//1372
f 1371//1371 1372//1372 1373//1373
f 1373//1373 1372//1372 1374//1374
f 1373//1373 1374//1374 1375//1375
f 1375//1375 1374//1374 1376//1376
f 1375//1375 1376//1376 1377//1377
f 1376//1376 1378//1378 1377//1377
f 1377//1377 1378//1378 1379//1379
f 1377//1377 1379//1379 1380//1380
f 1380//1380 1379//1379 1381//1381
f 1380//1380 1381//1381 1311//1311
f 1311//1311 1381//1381 1382//1382
f 1311//1311 1382//1382 1310//1310
f 1383//1383 1384//1384 1385//1385
f 1386//1386 1387//1387 1388//1388
f 1388//1388 1387//1387 1389//1389
f 1388//1388 1389//1389 1390//1390
f 1391//1391 1392//1392 1393//1393
f 1393//1393 1392//1392 1394//1394
f 1393//1393 1394//1394 1389//1389
f 1389//1389 1394//1394 1395//1395
f 1389//1389 1395//1395 1390//1390
f 1396//1396 1397//1397 1391//1391
f 1391//1391 1397//1397 1398//1398
f 1391//1391 1398//1398 1392//1392
f 1399//1399 1400//1400 1396//1396
f 1396//1396 1400//1400 1401//1401
f 1396//1396 1401//1401 1397//1397
f 1402//1402 1403//1403 1404//1404
f 1404//1404 1403//1403 1405//1405
f 1404//1404 1405//1405 1399//1399
f 1399//1399 1405//1405 1406//1406
f 1399//1399 1406//1406 1400//1400
f 1407//1407 1408//1408 1402//1402
f 1402//1402 1408//1408 1409//1409
f 1402//1402 1409//1409 1403//1403
f 1410//1410 1411//1411 1412//1412
f 1412//1412 1411//1411 1413//1413
f 1412//1412 1413//1413 1414//1414
f 1415//1415 1416//1416 1417//1417
f 1417//1417 1416//1416 1418//1418
f 1417//1417 1418//1418 1410//1410
f 1410//1410 1418//1418 1419//1419
f 1410//1410 1419//1419 1411//1411
f 1415//1415 1417//1417 1420//1420
f 1420//1420 1417//1417 1421//1421
f 1420//1420 1421//1421 1422//1422
f 1422//1422 1421//1421 1423//1423
f 1422//1422 1423//1423 1424//1424
f 1385//1385 1425//1425 1426//1426
f 1426//1426 1425//1425 1427//1427
f 1426//1426 1427//1427 1423//1423
f 1423//1423 1427//1427 1428//1428
f 1423//1423 1428//1428 1424//1424
f 1384//1384 1429//1429 1385//1385
f 1385//1385 1429//1429 1430//1430
f 1385//1385 1430//1430 1425//1425
f 1414//1414 1407//1407 1412//1412
f 1412//1412 1407//1407 1402//1402
f 1412//1412 1402//1402 1410//1410
f 1410//1410 1402//1402 1404//1404
f 1410//1410 1404//1404 1417//1417
f 1417//1417 1404//1404 1399//1399
f 1417//1417 1399//1399 1421//1421
f 1421//1421 1399//1399 1396//1396
f 1421//1421 1396//1396 1423//1423
f 1423//1423 1396//1396 1391//1391
f 1423//1423 1391//1391 1426//1426
f 1426//1426 1391//1391 1393//1393
f 1426//1426 1393//1393 1385//1385
f 1385//1385 1393//1393 1389//1389
f 1385//1385 1389//1389 1383//1383
f 1383//1383 1389//1389 1387//1387
f 1431//1431 1432//1432 1433//1433
f 1433//1433 1432//1432 1434//1434
f 1433//1433 1434//1434 1435//1435
f 1435//1435 1434//1434 803//803
f 1435//1435 803//803 802//802
f 1431//1431 1433//1433 1436//1436
f 1436//1436 1433//1433 1437//1437
f 1436//1436 1437//1437 1438//1438
f 1438//1438 1437//1437 1439//1439
f 1438//1438 1439//1439 1440//1440
f 1440//1440 1439//1439 1441//1441
f 1440//1440 1441//1441 1442//1442
f 1442//1442 1441//1441 1443//1443
f 1442//1442 1443//1443 1444//1444
f 1445//1445 1446//1446 1447//1447
f 1447//1447 1446//1446 1448//1448
f 1447//1447 1448//1448 1449//1449
f 1449//1449 1448//1448 1450//1450
f 1449//1449 1450//1450 1451//1451
f 1451//1451 1450//1450 1444//1444
f 1451//1451 1444//1444 1452//1452
f 1452//1452 1444//1444 1443//1443
f 1453//1453 1454//1454 1455//1455
f 1455//1455 1454//1454 1456//1456
f 1455//1455 1456//1456 1445//1445
f 1445//1445 1456//1456 1446//1446
f 1454//1454 1453//1453 1457//1457
f 1457//1457 1453//1453 1458//1458
f 1457//1457 1458//1458 1459//1459
f 1459//1459 1458//1458 1460//1460
f 1459//1459 1460//1460 1461//1461
f 1460//1460 1462//1462 1461//1461
f 1461//1461 1462//1462 1463//1463
f 1461//1461 1463//1463 1464//1464
f 1464//1464 1463//1463 1465//1465
f 1464//1464 1465//1465 1466//1466
f 1466//1466 1465//1465 1467//1467
f 1466//1466 1467//1467 1468//1468
f 1468//1468 1467//1467 1469//1469
f 1468//1468 1469//1469 1470//1470
f 1469//1469 1471//1471 1470//1470
f 1470//1470 1471//1471 1472//1472
f 1470//1470 1472//1472 1473//1473
f 1473//1473 1472//1472 1276//1276
f 1473//1473 1276//1276 1288//1288
f 1474//1474 1475//1475 1476//1476
f 1476//1476 1477//1477 1474//1474
f 1474//1474 1477//1477 1478//1478
f 1474//1474 1478//1478 1479//1479
f 1479//1479 1478//1478 1480//1480
f 1479//1479 1480//1480 1481//1481
f 1481//1481 1480//1480 1482//1482
f 1481//1481 1482//1482 20//20
f 1483//1483 800//800 799//799
f 1484//1484 1476//1476 1475//1475
f 1475//1475 1485//1485 1484//1484
f 1484//1484 1485//1485 1486//1486
f 1484//1484 1486//1486 1487//1487
f 1487//1487 1486//1486 1488//1488
f 1487//1487 1488//1488 1489//1489
f 1489//1489 1488//1488 1490//1490
f 1490//1490 1488//1488 1491//1491
f 1490//1490 1491//1491 1492//1492
f 1491//1491 1493//1493 1492//1492
f 1492//1492 1493//1493 1494//1494
f 1492//1492 1494//1494 1495//1495
f 1495//1495 1494//1494 1496//1496
f 1497//1497 1498//1498 1496//1496
f 1496//1496 1498//1498 1499//1499
f 1496//1496 1499//1499 1495//1495
f 1496//1496 1500//1500 1497//1497
f 1497//1497 1500//1500 1501//1501
f 1497//1497 1501//1501 1502//1502
f 1502//1502 1501//1501 1483//1483
f 1502//1502 1483//1483 1503//1503
f 1503//1503 1483//1483 799//799
f 1504//1504 1505//1505 1506//1506
f 622//622 618//618 1507//1507
f 622//622 1507//1507 621//621
f 619//619 621//621 1508//1508
f 1508//1508 621//621 1509//1509
f 1508//1508 1509//1509 1510//1510
f 1510//1510 1509//1509 1506//1506
f 1510//1510 1506//1506 1511//1511
f 1511//1511 1506//1506 1512//1512
f 1505//1505 1513//1513 1506//1506
f 1506//1506 1513//1513 1514//1514
f 1506//1506 1514//1514 1512//1512
f 621//621 1507//1507 1509//1509
f 1509//1509 1507//1507 1515//1515
f 1509//1509 1515//1515 1506//1506
f 1506//1506 1515//1515 1516//1516
f 1506//1506 1516//1516 1504//1504
f 1507//1507 618//618 617//617
f 1507//1507 617//617 1517//1517
f 1517//1517 617//617 624//624
f 1517//1517 624//624 1518//1518
f 1518//1518 624//624 627//627
f 1518//1518 627//627 1519//1519
f 626//626 1520//1520 627//627
f 627//627 1520//1520 1521//1521
f 627//627 1521//1521 1519//1519
f 626//626 633//633 1520//1520
f 1520//1520 633//633 632//632
f 1520//1520 632//632 1522//1522
f 632//632 631//631 1522//1522
f 1522//1522 631//631 630//630
f 1522//1522 630//630 1523//1523
f 1523//1523 630//630 1524//1524
f 1524//1524 630//630 629//629
f 1524//1524 629//629 1525//1525
f 1525//1525 629//629 1526//1526
f 1526//1526 629//629 510//510
f 1526//1526 510//510 1527//1527
f 1527//1527 510//510 514//514
f 1527//1527 514//514 515//515
f 1528//1528 1049//1049 1114//1114
f 1063//1063 1050//1050 1513//1513
f 1513//1513 1050//1050 1049//1049
f 1513//1513 1049//1049 1514//1514
f 1514//1514 1049//1049 1528//1528
f 1514//1514 1528//1528 1512//1512
f 1512//1512 1528//1528 1529//1529
f 1512//1512 1529//1529 1511//1511
f 619//619 1508//1508 1529//1529
f 1529//1529 1508//1508 1510//1510
f 1529//1529 1510//1510 1511//1511
f 619//619 1529//1529 1530//1530
f 1530//1530 1529//1529 1106//1106
f 1530//1530 1106//1106 1104//1104
f 1114//1114 1112//1112 1528//1528
f 1528//1528 1112//1112 1110//1110
f 1528//1528 1110//1110 1529//1529
f 1529//1529 1110//1110 1108//1108
f 1529//1529 1108//1108 1106//1106
f 20//20 19//19 1481//1481
f 1481//1481 19//19 1531//1531
f 1481//1481 1531//1531 1479//1479
f 1479//1479 1531//1531 1055//1055
f 1055//1055 1531//1531 1532//1532
f 1055//1055 1532//1532 1082//1082
f 1055//1055 1054//1054 1479//1479
f 1479//1479 1054//1054 1052//1052
f 1479//1479 1052//1052 1474//1474
f 1052//1052 1051//1051 1474//1474
f 1474//1474 1051//1051 1056//1056
f 1474//1474 1056//1056 1475//1475
f 1465//1465 1260//1260 1261//1261
f 1465//1465 1261//1261 1467//1467
f 1467//1467 1261//1261 1262//1262
f 1467//1467 1262//1262 699//699
f 1260//1260 1465//1465 1259//1259
f 1259//1259 1465//1465 1463//1463
f 1259//1259 1463//1463 1255//1255
f 1255//1255 1463//1463 1254//1254
f 1254//1254 1463//1463 1462//1462
f 1254//1254 1462//1462 1253//1253
f 1253//1253 1462//1462 1256//1256
f 1256//1256 1462//1462 1460//1460
f 1256//1256 1460//1460 1257//1257
f 1257//1257 1460//1460 1458//1458
f 1257//1257 1458//1458 1258//1258
f 1258//1258 1458//1458 1453//1453
f 1258//1258 1453//1453 1533//1533
f 699//699 707//707 1467//1467
f 1467//1467 707//707 705//705
f 1467//1467 705//705 1469//1469
f 1469//1469 705//705 704//704
f 1469//1469 704//704 1471//1471
f 1471//1471 704//704 703//703
f 1471//1471 703//703 1472//1472
f 703//703 702//702 1472//1472
f 1472//1472 702//702 710//710
f 1472//1472 710//710 1276//1276
f 1276//1276 710//710 709//709
f 1276//1276 709//709 580//580
f 1534//1534 1445//1445 1447//1447
f 549//549 545//545 1534//1534
f 1534//1534 1447//1447 549//549
f 549//549 1447//1447 1449//1449
f 549//549 1449//1449 553//553
f 553//553 1449//1449 1451//1451
f 553//553 1451//1451 558//558
f 558//558 1451//1451 1452//1452
f 558//558 1452//1452 557//557
f 1452//1452 1443//1443 557//557
f 557//557 1443//1443 1441//1441
f 557//557 1441//1441 556//556
f 556//556 1441//1441 1439//1439
f 556//556 1439//1439 555//555
f 530//530 554//554 1433//1433
f 1433//1433 554//554 555//555
f 1433//1433 555//555 1437//1437
f 1437//1437 555//555 1439//1439
f 1433//1433 1435//1435 530//530
f 530//530 1435//1435 802//802
f 530//530 802//802 531//531
f 1455//1455 1535//1535 1453//1453
f 1535//1535 1455//1455 1536//1536
f 1536//1536 1455//1455 1445//1445
f 1536//1536 1445//1445 1534//1534
f 1537//1537 1533//1533 1453//1453
f 1453//1453 1535//1535 1537//1537
f 1537//1537 1535//1535 1536//1536
f 1537//1537 1536//1536 1538//1538
f 1538//1538 1536//1536 1534//1534
f 1538//1538 1534//1534 545//545
f 513//513 512//512 1539//1539
f 519//519 517//517 1483//1483
f 1483//1483 517//517 807//807
f 1483//1483 807//807 800//800
f 1483//1483 1501//1501 519//519
f 519//519 1501//1501 1500//1500
f 519//519 1500//1500 512//512
f 1540//1540 1541//1541 1542//1542
f 1542//1542 1541//1541 1543//1543
f 1542//1542 1543//1543 1544//1544
f 1544//1544 1543//1543 1545//1545
f 1544//1544 1545//1545 1539//1539
f 1539//1539 1545//1545 515//515
f 1539//1539 515//515 513//513
f 1505//1505 1546//1546 1547//1547
f 1547//1547 1546//1546 1548//1548
f 1547//1547 1548//1548 1549//1549
f 1549//1549 1548//1548 1550//1550
f 1549//1549 1550//1550 1540//1540
f 1540//1540 1550//1550 1551//1551
f 1540//1540 1551//1551 1541//1541
f 1513//1513 1505//1505 1063//1063
f 1063//1063 1505//1505 1547//1547
f 1063//1063 1547//1547 1064//1064
f 1064//1064 1547//1547 1061//1061
f 1059//1059 1552//1552 1058//1058
f 1058//1058 1552//1552 1475//1475
f 1058//1058 1475//1475 1056//1056
f 1059//1059 1061//1061 1552//1552
f 1552//1552 1061//1061 1547//1547
f 1552//1552 1547//1547 1553//1553
f 1553//1553 1547//1547 1549//1549
f 512//512 1500//1500 1539//1539
f 1539//1539 1500//1500 1496//1496
f 1539//1539 1496//1496 1544//1544
f 1544//1544 1496//1496 1494//1494
f 1544//1544 1494//1494 1542//1542
f 1542//1542 1494//1494 1493//1493
f 1542//1542 1493//1493 1540//1540
f 1540//1540 1493//1493 1491//1491
f 1540//1540 1491//1491 1549//1549
f 1549//1549 1491//1491 1488//1488
f 1549//1549 1488//1488 1553//1553
f 1553//1553 1488//1488 1486//1486
f 1553//1553 1486//1486 1552//1552
f 1552//1552 1486//1486 1485//1485
f 1552//1552 1485//1485 1475//1475
f 1096//1096 1095//1095 1554//1554
f 1150//1150 724//724 1148//1148
f 1148//1148 724//724 1555//1555
f 1136//1136 1134//1134 1556//1556
f 1556//1556 1134//1134 1133//1133
f 1556//1556 1133//1133 1557//1557
f 1557//1557 1133//1133 1140//1140
f 1557//1557 1140//1140 1555//1555
f 1555//1555 1140//1140 1142//1142
f 1555//1555 1142//1142 1148//1148
f 1129//1129 1128//1128 1558//1558
f 1558//1558 1128//1128 1132//1132
f 1558//1558 1132//1132 1559//1559
f 1559//1559 1132//1132 1131//1131
f 1559//1559 1131//1131 1137//1137
f 1560//1560 1118//1118 1561//1561
f 1561//1561 1118//1118 1116//1116
f 1561//1561 1116//1116 1129//1129
f 1095//1095 1124//1124 1554//1554
f 1554//1554 1124//1124 1122//1122
f 1554//1554 1122//1122 1560//1560
f 1560//1560 1122//1122 1120//1120
f 1560//1560 1120//1120 1118//1118
f 1100//1100 1098//1098 1562//1562
f 1562//1562 1098//1098 1096//1096
f 1100//1100 1562//1562 1102//1102
f 1102//1102 1562//1562 1530//1530
f 1102//1102 1530//1530 1104//1104
f 592//592 613//613 1562//1562
f 1562//1562 613//613 615//615
f 1562//1562 615//615 1530//1530
f 1530//1530 615//615 620//620
f 1530//1530 620//620 619//619
f 1096//1096 1554//1554 1562//1562
f 1562//1562 1554//1554 590//590
f 1562//1562 590//590 592//592
f 761//761 780//780 1561//1561
f 1561//1561 780//780 779//779
f 1561//1561 779//779 1560//1560
f 1560//1560 779//779 594//594
f 1560//1560 594//594 1554//1554
f 1554//1554 594//594 593//593
f 1554//1554 593//593 590//590
f 1129//1129 1558//1558 1561//1561
f 1561//1561 1558//1558 612//612
f 1561//1561 612//612 761//761
f 605//605 606//606 1559//1559
f 1559//1559 606//606 608//608
f 1559//1559 608//608 1558//1558
f 1558//1558 608//608 610//610
f 1558//1558 610//610 612//612
f 603//603 605//605 1556//1556
f 1556//1556 605//605 1559//1559
f 1556//1556 1559//1559 1136//1136
f 1136//1136 1559//1559 1137//1137
f 603//603 1556//1556 602//602
f 602//602 1556//1556 1557//1557
f 602//602 1557//1557 596//596
f 724//724 725//725 1555//1555
f 1555//1555 725//725 599//599
f 1555//1555 599//599 1557//1557
f 1557//1557 599//599 597//597
f 1557//1557 597//597 596//596
f 1563//1563 1564//1564 1565//1565
f 1523//1523 1566//1566 1522//1522
f 1567//1567 1546//1546 1505//1505
f 1550//1550 1548//1548 1564//1564
f 1564//1564 1548//1548 1546//1546
f 1564//1564 1546//1546 1565//1565
f 1565//1565 1546//1546 1567//1567
f 1565//1565 1567//1567 1568//1568
f 1563//1563 1541//1541 1564//1564
f 1564//1564 1541//1541 1551//1551
f 1564//1564 1551//1551 1550//1550
f 1527//1527 1569//1569 1526//1526
f 1526//1526 1569//1569 1570//1570
f 1526//1526 1570//1570 1525//1525
f 1520//1520 1522//1522 1571//1571
f 1571//1571 1522//1522 1566//1566
f 1571//1571 1566//1566 1572//1572
f 1572//1572 1566//1566 1523//1523
f 1572//1572 1523//1523 1570//1570
f 1570//1570 1523//1523 1524//1524
f 1570//1570 1524//1524 1525//1525
f 1567//1567 1517//1517 1518//1518
f 1505//1505 1504//1504 1567//1567
f 1567//1567 1504//1504 1516//1516
f 1567//1567 1516//1516 1517//1517
f 1517//1517 1516//1516 1515//1515
f 1517//1517 1515//1515 1507//1507
f 1518//1518 1519//1519 1567//1567
f 1567//1567 1519//1519 1521//1521
f 1567//1567 1521//1521 1568//1568
f 1568//1568 1521//1521 1520//1520
f 1568//1568 1520//1520 1565//1565
f 1565//1565 1520//1520 1571//1571
f 1565//1565 1571//1571 1563//1563
f 1563//1563 1571//1571 1572//1572
f 1563//1563 1572//1572 1541//1541
f 1541//1541 1572//1572 1570//1570
f 1541//1541 1570//1570 1543//1543
f 1543//1543 1570//1570 1569//1569
f 1543//1543 1569//1569 1545//1545
f 1545//1545 1569//1569 1527//1527
f 1545//1545 1527//1527 515//515
f 1573//1573 1574//1574 1575//1575
f 1576//1576 1577//1577 1578//1578
f 1578//1578 1577//1577 1579//1579
f 1580//1580 1581//1581 1577//1577
f 1577//1577 1581//1581 1582//1582
f 1577//1577 1582//1582 1579//1579
f 1583//1583 1581//1581 1575//1575
f 1575//1575 1581//1581 1580//1580
f 1575//1575 1580//1580 1573//1573
f 1573//1573 1580//1580 1577//1577
f 1573//1573 1577//1577 1584//1584
f 1584//1584 1577//1577 1576//1576
f 1584//1584 1576//1576 1585//1585
f 1586//1586 1587//1587 1588//1588
f 1589//1589 1574//1574 1573//1573
f 1573//1573 1590//1590 1589//1589
f 1589//1589 1590//1590 1591//1591
f 1589//1589 1591//1591 1592//1592
f 1592//1592 1591//1591 1593//1593
f 1593//1593 1591//1591 1594//1594
f 1593//1593 1594//1594 1595//1595
f 1595//1595 1594//1594 1596//1596
f 1596//1596 1594//1594 1597//1597
f 1596//1596 1597//1597 1598//1598
f 1597//1597 1599//1599 1598//1598
f 1598//1598 1599//1599 1600//1600
f 1598//1598 1600//1600 1601//1601
f 1601//1601 1600//1600 1602//1602
f 1601//1601 1602//1602 1603//1603
f 1603//1603 1602//1602 1604//1604
f 1602//1602 1605//1605 1604//1604
f 1604//1604 1605//1605 1606//1606
f 1604//1604 1606//1606 1588//1588
f 1588//1588 1606//1606 1607//1607
f 1588//1588 1607//1607 1586//1586
f 1576//1576 1578//1578 1608//1608
f 1579//1579 1582//1582 1609//1609
f 1581//1581 1583//1583 1610//1610
f 1581//1581 1610//1610 1582//1582
f 1579//1579 1609//1609 1578//1578
f 1407//1407 1414//1414 1576//1576
f 1407//1407 1576//1576 1408//1408
f 1408//1408 1576//1576 1608//1608
f 1408//1408 1608//1608 1611//1611
f 1578//1578 1609//1609 1608//1608
f 1608//1608 1609//1609 1612//1612
f 1608//1608 1612//1612 1611//1611
f 1613//1613 1614//1614 1609//1609
f 1609//1609 1614//1614 1615//1615
f 1609//1609 1615//1615 1612//1612
f 1582//1582 1610//1610 1609//1609
f 1609//1609 1610//1610 1616//1616
f 1609//1609 1616//1616 1613//1613
f 1617//1617 1618//1618 1619//1619
f 1619//1619 1620//1620 1617//1617
f 1617//1617 1620//1620 1621//1621
f 1617//1617 1621//1621 1622//1622
f 1622//1622 1623//1623 1617//1617
f 1617//1617 1623//1623 1624//1624
f 1617//1617 1624//1624 1625//1625
f 1625//1625 1626//1626 1617//1617
f 1617//1617 1626//1626 1627//1627
f 1617//1617 1627//1627 1628//1628
f 1628//1628 1629//1629 1617//1617
f 1617//1617 1629//1629 1630//1630
f 1617//1617 1630//1630 1631//1631
f 1632//1632 1633//1633 1617//1617
f 1631//1631 1634//1634 1617//1617
f 1617//1617 1634//1634 1635//1635
f 1617//1617 1635//1635 1636//1636
f 1636//1636 1637//1637 1617//1617
f 1617//1617 1637//1637 1638//1638
f 1617//1617 1638//1638 1632//1632
f 1633//1633 1639//1639 1617//1617
f 1617//1617 1639//1639 1640//1640
f 1617//1617 1640//1640 1618//1618
f 1627//1627 1641//1641 1628//1628
f 1628//1628 1641//1641 1642//1642
f 1642//1642 1643//1643 1628//1628
f 1628//1628 1643//1643 1644//1644
f 1628//1628 1644//1644 1645//1645
f 1646//1646 1647//1647 1648//1648
f 1646//1646 1648//1648 1649//1649
f 1647//1647 1650//1650 1648//1648
f 1648//1648 1650//1650 1651//1651
f 1648//1648 1651//1651 1652//1652
f 1653//1653 1654//1654 1648//1648
f 1654//1654 1655//1655 1648//1648
f 1648//1648 1655//1655 1656//1656
f 1648//1648 1656//1656 1657//1657
f 1657//1657 1658//1658 1648//1648
f 1648//1648 1658//1658 1659//1659
f 1648//1648 1659//1659 1649//1649
f 1645//1645 1660//1660 1628//1628
f 1628//1628 1660//1660 1661//1661
f 1628//1628 1661//1661 1648//1648
f 1648//1648 1661//1661 1662//1662
f 1648//1648 1662//1662 1653//1653
f 1652//1652 1663//1663 1648//1648
f 1648//1648 1663//1663 1664//1664
f 1648//1648 1664//1664 1665//1665
f 1665//1665 1666//1666 1648//1648
f 1648//1648 1666//1666 1667//1667
f 1648//1648 1667//1667 1628//1628
f 1651//1651 1668//1668 1669//1669
f 1653//1653 1670//1670 1671//1671
f 1672//1672 1673//1673 1674//1674
f 1644//1644 1672//1672 1645//1645
f 1645//1645 1672//1672 1674//1674
f 1645//1645 1674//1674 1660//1660
f 1660//1660 1674//1674 1675//1675
f 1660//1660 1675//1675 1661//1661
f 1670//1670 1653//1653 1675//1675
f 1675//1675 1653//1653 1662//1662
f 1675//1675 1662//1662 1661//1661
f 1676//1676 1655//1655 1671//1671
f 1671//1671 1655//1655 1654//1654
f 1671//1671 1654//1654 1653//1653
f 1658//1658 1657//1657 1676//1676
f 1676//1676 1657//1657 1656//1656
f 1676//1676 1656//1656 1655//1655
f 1676//1676 1677//1677 1658//1658
f 1658//1658 1677//1677 1678//1678
f 1658//1658 1678//1678 1659//1659
f 1659//1659 1678//1678 1679//1679
f 1659//1659 1679//1679 1649//1649
f 1649//1649 1679//1679 1646//1646
f 1646//1646 1679//1679 1680//1680
f 1646//1646 1680//1680 1647//1647
f 1668//1668 1651//1651 1680//1680
f 1680//1680 1651//1651 1650//1650
f 1680//1680 1650//1650 1647//1647
f 1681//1681 1663//1663 1669//1669
f 1669//1669 1663//1663 1652//1652
f 1669//1669 1652//1652 1651//1651
f 1666//1666 1665//1665 1681//1681
f 1681//1681 1665//1665 1664//1664
f 1681//1681 1664//1664 1663//1663
f 1681//1681 1682//1682 1666//1666
f 1666//1666 1682//1682 1683//1683
f 1666//1666 1683//1683 1667//1667
f 1684//1684 1685//1685 1686//1686
f 1686//1686 1685//1685 1687//1687
f 1686//1686 1687//1687 1688//1688
f 1688//1688 1687//1687 1689//1689
f 1689//1689 1687//1687 1690//1690
f 1689//1689 1690//1690 1691//1691
f 1691//1691 1690//1690 1692//1692
f 1692//1692 1690//1690 1693//1693
f 1692//1692 1693//1693 1694//1694
f 1695//1695 1696//1696 1693//1693
f 1693//1693 1696//1696 1697//1697
f 1693//1693 1697//1697 1694//1694
f 1698//1698 1699//1699 1700//1700
f 1700//1700 1699//1699 1701//1701
f 1700//1700 1701//1701 1695//1695
f 1695//1695 1701//1701 1702//1702
f 1695//1695 1702//1702 1696//1696
f 1698//1698 1700//1700 1703//1703
f 1703//1703 1700//1700 1704//1704
f 1703//1703 1704//1704 1705//1705
f 1705//1705 1704//1704 1706//1706
f 1706//1706 1704//1704 1707//1707
f 1706//1706 1707//1707 1708//1708
f 1708//1708 1707//1707 1709//1709
f 1709//1709 1707//1707 1710//1710
f 1709//1709 1710//1710 1711//1711
f 1711//1711 1710//1710 1712//1712
f 1712//1712 1710//1710 1713//1713
f 1712//1712 1713//1713 1714//1714
f 1714//1714 1713//1713 1715//1715
f 1715//1715 1713//1713 1716//1716
f 1715//1715 1716//1716 1717//1717
f 1717//1717 1716//1716 1718//1718
f 1718//1718 1716//1716 1719//1719
f 1718//1718 1719//1719 1720//1720
f 1720//1720 1719//1719 1721//1721
f 1721//1721 1719//1719 1722//1722
f 1721//1721 1722//1722 1723//1723
f 1723//1723 1722//1722 1724//1724
f 1724//1724 1722//1722 1725//1725
f 1724//1724 1725//1725 1726//1726
f 1727//1727 1728//1728 1729//1729
f 1729//1729 1728//1728 1730//1730
f 1729//1729 1730//1730 1725//1725
f 1725//1725 1730//1730 1731//1731
f 1725//1725 1731//1731 1726//1726
f 1685//1685 1732//1732 1687//1687
f 1687//1687 1732//1732 1733//1733
f 1687//1687 1733//1733 1690//1690
f 1690//1690 1733//1733 1734//1734
f 1690//1690 1734//1734 1693//1693
f 1693//1693 1734//1734 1735//1735
f 1693//1693 1735//1735 1695//1695
f 1695//1695 1735//1735 1736//1736
f 1695//1695 1736//1736 1700//1700
f 1700//1700 1736//1736 1737//1737
f 1700//1700 1737//1737 1704//1704
f 1704//1704 1737//1737 1738//1738
f 1704//1704 1738//1738 1707//1707
f 1707//1707 1738//1738 1739//1739
f 1707//1707 1739//1739 1710//1710
f 1710//1710 1739//1739 1740//1740
f 1710//1710 1740//1740 1713//1713
f 1713//1713 1740//1740 1741//1741
f 1713//1713 1741//1741 1716//1716
f 1716//1716 1741//1741 1742//1742
f 1716//1716 1742//1742 1719//1719
f 1719//1719 1742//1742 1743//1743
f 1719//1719 1743//1743 1722//1722
f 1722//1722 1743//1743 1744//1744
f 1722//1722 1744//1744 1725//1725
f 1725//1725 1744//1744 1745//1745
f 1725//1725 1745//1745 1729//1729
f 1729//1729 1745//1745 1746//1746
f 1732//1732 1683//1683 1733//1733
f 1733//1733 1683//1683 1682//1682
f 1733//1733 1682//1682 1734//1734
f 1734//1734 1682//1682 1681//1681
f 1734//1734 1681//1681 1735//1735
f 1735//1735 1681//1681 1669//1669
f 1735//1735 1669//1669 1736//1736
f 1736//1736 1669//1669 1668//1668
f 1736//1736 1668//1668 1737//1737
f 1737//1737 1668//1668 1680//1680
f 1737//1737 1680//1680 1738//1738
f 1738//1738 1680//1680 1679//1679
f 1738//1738 1679//1679 1739//1739
f 1739//1739 1679//1679 1678//1678
f 1739//1739 1678//1678 1740//1740
f 1740//1740 1678//1678 1677//1677
f 1740//1740 1677//1677 1741//1741
f 1741//1741 1677//1677 1676//1676
f 1741//1741 1676//1676 1742//1742
f 1742//1742 1676//1676 1671//1671
f 1742//1742 1671//1671 1743//1743
f 1743//1743 1671//1671 1670//1670
f 1743//1743 1670//1670 1744//1744
f 1744//1744 1670//1670 1675//1675
f 1744//1744 1675//1675 1745//1745
f 1745//1745 1675//1675 1674//1674
f 1745//1745 1674//1674 1746//1746
f 1746//1746 1674//1674 1673//1673
f 1476//1476 1416//1416 1415//1415
f 1428//1428 1482//1482 1480//1480
f 1476//1476 1415//1415 1477//1477
f 1477//1477 1415//1415 1420//1420
f 1477//1477 1420//1420 1478//1478
f 1478//1478 1420//1420 1422//1422
f 1478//1478 1422//1422 1480//1480
f 1480//1480 1422//1422 1424//1424
f 1480//1480 1424//1424 1428//1428
f 1747//1747 1748//1748 1749//1749
f 1750//1750 1751//1751 1748//1748
f 1752//1752 1753//1753 1754//1754
f 1755//1755 1756//1756 1757//1757
f 1757//1757 1756//1756 1758//1758
f 1757//1757 1758//1758 1759//1759
f 1759//1759 1758//1758 1760//1760
f 1759//1759 1760//1760 1761//1761
f 1761//1761 1760//1760 1762//1762
f 1763//1763 1764//1764 1755//1755
f 1755//1755 1764//1764 1765//1765
f 1755//1755 1765//1765 1756//1756
f 1766//1766 1767//1767 1763//1763
f 1763//1763 1767//1767 1768//1768
f 1763//1763 1768//1768 1764//1764
f 1769//1769 1770//1770 1766//1766
f 1766//1766 1770//1770 1771//1771
f 1766//1766 1771//1771 1767//1767
f 1766//1766 1772//1772 1769//1769
f 1769//1769 1772//1772 1773//1773
f 1769//1769 1773//1773 1774//1774
f 1774//1774 1773//1773 1775//1775
f 1774//1774 1775//1775 1776//1776
f 1777//1777 1778//1778 1779//1779
f 1779//1779 1778//1778 1754//1754
f 1779//1779 1754//1754 1780//1780
f 1780//1780 1754//1754 1781//1781
f 1781//1781 1754//1754 1753//1753
f 1781//1781 1753//1753 1782//1782
f 1749//1749 1783//1783 1784//1784
f 1784//1784 1783//1783 1752//1752
f 1748//1748 1751//1751 1749//1749
f 1749//1749 1751//1751 1785//1785
f 1749//1749 1785//1785 1783//1783
f 1305//1305 1750//1750 1304//1304
f 1304//1304 1750//1750 1748//1748
f 1304//1304 1748//1748 1303//1303
f 1303//1303 1748//1748 1747//1747
f 1303//1303 1747//1747 1302//1302
f 1302//1302 1747//1747 1786//1786
f 1302//1302 1786//1786 1787//1787
f 1787//1787 1786//1786 1788//1788
f 1789//1789 1790//1790 1791//1791
f 1789//1789 1791//1791 1792//1792
f 1792//1792 1791//1791 1793//1793
f 1792//1792 1793//1793 1794//1794
f 1794//1794 1793//1793 1795//1795
f 1794//1794 1795//1795 1796//1796
f 1796//1796 1795//1795 1797//1797
f 1796//1796 1797//1797 1798//1798
f 1798//1798 1797//1797 1799//1799
f 1798//1798 1799//1799 1800//1800
f 1800//1800 1799//1799 1801//1801
f 1800//1800 1801//1801 1802//1802
f 1802//1802 1801//1801 1803//1803
f 1802//1802 1803//1803 1804//1804
f 1804//1804 1803//1803 1805//1805
f 1804//1804 1805//1805 1806//1806
f 1806//1806 1805//1805 1807//1807
f 1806//1806 1807//1807 1808//1808
f 1809//1809 1810//1810 1811//1811
f 1809//1809 1812//1812 1810//1810
f 1810//1810 1812//1812 1813//1813
f 1810//1810 1813//1813 1814//1814
f 1815//1815 1816//1816 1817//1817
f 1817//1817 1816//1816 1818//1818
f 1817//1817 1818//1818 1819//1819
f 1819//1819 1818//1818 1820//1820
f 1819//1819 1820//1820 1821//1821
f 1821//1821 1820//1820 1822//1822
f 1821//1821 1822//1822 1811//1811
f 1811//1811 1822//1822 1823//1823
f 1811//1811 1823//1823 1809//1809
f 1784//1784 1808//1808 1749//1749
f 1749//1749 1808//1808 1807//1807
f 1749//1749 1807//1807 1747//1747
f 1747//1747 1807//1807 1805//1805
f 1747//1747 1805//1805 1786//1786
f 1786//1786 1805//1805 1803//1803
f 1786//1786 1803//1803 1788//1788
f 1788//1788 1803//1803 1801//1801
f 1788//1788 1801//1801 1824//1824
f 1824//1824 1801//1801 1799//1799
f 1824//1824 1799//1799 1814//1814
f 1814//1814 1799//1799 1797//1797
f 1814//1814 1797//1797 1810//1810
f 1810//1810 1797//1797 1795//1795
f 1810//1810 1795//1795 1811//1811
f 1811//1811 1795//1795 1793//1793
f 1811//1811 1793//1793 1821//1821
f 1821//1821 1793//1793 1791//1791
f 1821//1821 1791//1791 1819//1819
f 1819//1819 1791//1791 1790//1790
f 1819//1819 1790//1790 1817//1817
f 1777//1777 1776//1776 1778//1778
f 1778//1778 1776//1776 1775//1775
f 1778//1778 1775//1775 1825//1825
f 1825//1825 1775//1775 1773//1773
f 1825//1825 1773//1773 1826//1826
f 1826//1826 1773//1773 1772//1772
f 1826//1826 1772//1772 1827//1827
f 1827//1827 1772//1772 1766//1766
f 1827//1827 1766//1766 1828//1828
f 1828//1828 1766//1766 1763//1763
f 1828//1828 1763//1763 1829//1829
f 1829//1829 1763//1763 1755//1755
f 1829//1829 1755//1755 1830//1830
f 1830//1830 1755//1755 1757//1757
f 1830//1830 1757//1757 1831//1831
f 1831//1831 1757//1757 1759//1759
f 1831//1831 1759//1759 1832//1832
f 1832//1832 1759//1759 1761//1761
f 1832//1832 1761//1761 1833//1833
f 1813//1813 1834//1834 1814//1814
f 1814//1814 1834//1834 1835//1835
f 1814//1814 1835//1835 1824//1824
f 1824//1824 1835//1835 1836//1836
f 1824//1824 1836//1836 1788//1788
f 1788//1788 1836//1836 1837//1837
f 1788//1788 1837//1837 1787//1787
f 1752//1752 1754//1754 1784//1784
f 1784//1784 1754//1754 1778//1778
f 1784//1784 1778//1778 1808//1808
f 1808//1808 1778//1778 1825//1825
f 1808//1808 1825//1825 1806//1806
f 1806//1806 1825//1825 1826//1826
f 1806//1806 1826//1826 1804//1804
f 1804//1804 1826//1826 1827//1827
f 1804//1804 1827//1827 1802//1802
f 1802//1802 1827//1827 1828//1828
f 1802//1802 1828//1828 1800//1800
f 1800//1800 1828//1828 1829//1829
f 1800//1800 1829//1829 1798//1798
f 1798//1798 1829//1829 1830//1830
f 1798//1798 1830//1830 1796//1796
f 1796//1796 1830//1830 1831//1831
f 1796//1796 1831//1831 1794//1794
f 1794//1794 1831//1831 1832//1832
f 1794//1794 1832//1832 1792//1792
f 1792//1792 1832//1832 1833//1833
f 1792//1792 1833//1833 1789//1789
f 1838//1838 1839//1839 1840//1840
f 1841//1841 1842//1842 1843//1843
f 1702//1702 1701//1701 1844//1844
f 1711//1711 1712//1712 1845//1845
f 1717//1717 1718//1718 1846//1846
f 1718//1718 1720//1720 1847//1847
f 1848//1848 1715//1715 1717//1717
f 1712//1712 1714//1714 1849//1849
f 1850//1850 1709//1709 1711//1711
f 1709//1709 1850//1850 1708//1708
f 1698//1698 1703//1703 1841//1841
f 1841//1841 1703//1703 1705//1705
f 1841//1841 1705//1705 1842//1842
f 1842//1842 1705//1705 1706//1706
f 1701//1701 1699//1699 1851//1851
f 1852//1852 1696//1696 1702//1702
f 1689//1689 1691//1691 1838//1838
f 1838//1838 1691//1691 1692//1692
f 1838//1838 1692//1692 1839//1839
f 1839//1839 1692//1692 1694//1694
f 1839//1839 1694//1694 1697//1697
f 1684//1684 1686//1686 1853//1853
f 1854//1854 1843//1843 1855//1855
f 1855//1855 1843//1843 1842//1842
f 1855//1855 1842//1842 1856//1856
f 1856//1856 1842//1842 1706//1706
f 1856//1856 1706//1706 1708//1708
f 1857//1857 1858//1858 1851//1851
f 1859//1859 1840//1840 1860//1860
f 1860//1860 1840//1840 1839//1839
f 1860//1860 1839//1839 1852//1852
f 1852//1852 1839//1839 1697//1697
f 1852//1852 1697//1697 1696//1696
f 1861//1861 1862//1862 1853//1853
f 1712//1712 1849//1849 1845//1845
f 1845//1845 1849//1849 1863//1863
f 1845//1845 1863//1863 1864//1864
f 1864//1864 1863//1863 1865//1865
f 1864//1864 1865//1865 1866//1866
f 1867//1867 1858//1858 1868//1868
f 1868//1868 1858//1858 1857//1857
f 1868//1868 1857//1857 1869//1869
f 1701//1701 1851//1851 1844//1844
f 1844//1844 1851//1851 1858//1858
f 1844//1844 1858//1858 1870//1870
f 1870//1870 1858//1858 1867//1867
f 1870//1870 1867//1867 1871//1871
f 1872//1872 1862//1862 1873//1873
f 1873//1873 1862//1862 1861//1861
f 1873//1873 1861//1861 1874//1874
f 1684//1684 1853//1853 1875//1875
f 1875//1875 1853//1853 1862//1862
f 1875//1875 1862//1862 1876//1876
f 1876//1876 1862//1862 1872//1872
f 1876//1876 1872//1872 1877//1877
f 1718//1718 1847//1847 1846//1846
f 1846//1846 1847//1847 1878//1878
f 1846//1846 1878//1878 1879//1879
f 1879//1879 1878//1878 1880//1880
f 1879//1879 1880//1880 1881//1881
f 1881//1881 1880//1880 1882//1882
f 1881//1881 1882//1882 1883//1883
f 1717//1717 1846//1846 1848//1848
f 1848//1848 1846//1846 1879//1879
f 1848//1848 1879//1879 1884//1884
f 1884//1884 1879//1879 1881//1881
f 1884//1884 1881//1881 1885//1885
f 1885//1885 1881//1881 1883//1883
f 1885//1885 1883//1883 1886//1886
f 1886//1886 1865//1865 1885//1885
f 1885//1885 1865//1865 1863//1863
f 1885//1885 1863//1863 1884//1884
f 1884//1884 1863//1863 1849//1849
f 1884//1884 1849//1849 1848//1848
f 1848//1848 1849//1849 1714//1714
f 1848//1848 1714//1714 1715//1715
f 1886//1886 1887//1887 1865//1865
f 1865//1865 1887//1887 1888//1888
f 1865//1865 1888//1888 1866//1866
f 1866//1866 1888//1888 1889//1889
f 1866//1866 1889//1889 1890//1890
f 1711//1711 1845//1845 1850//1850
f 1850//1850 1845//1845 1864//1864
f 1850//1850 1864//1864 1891//1891
f 1891//1891 1864//1864 1866//1866
f 1891//1891 1866//1866 1892//1892
f 1892//1892 1866//1866 1890//1890
f 1892//1892 1890//1890 1893//1893
f 1708//1708 1850//1850 1856//1856
f 1856//1856 1850//1850 1891//1891
f 1856//1856 1891//1891 1855//1855
f 1855//1855 1891//1891 1892//1892
f 1855//1855 1892//1892 1854//1854
f 1854//1854 1892//1892 1893//1893
f 1854//1854 1893//1893 1894//1894
f 1894//1894 1895//1895 1854//1854
f 1854//1854 1895//1895 1869//1869
f 1854//1854 1869//1869 1843//1843
f 1843//1843 1869//1869 1857//1857
f 1843//1843 1857//1857 1841//1841
f 1841//1841 1857//1857 1851//1851
f 1841//1841 1851//1851 1698//1698
f 1698//1698 1851//1851 1699//1699
f 1895//1895 1896//1896 1869//1869
f 1869//1869 1896//1896 1897//1897
f 1869//1869 1897//1897 1868//1868
f 1868//1868 1897//1897 1898//1898
f 1868//1868 1898//1898 1867//1867
f 1867//1867 1898//1898 1899//1899
f 1867//1867 1899//1899 1871//1871
f 1871//1871 1899//1899 1900//1900
f 1871//1871 1900//1900 1901//1901
f 1702//1702 1844//1844 1852//1852
f 1852//1852 1844//1844 1870//1870
f 1852//1852 1870//1870 1860//1860
f 1860//1860 1870//1870 1871//1871
f 1860//1860 1871//1871 1859//1859
f 1859//1859 1871//1871 1901//1901
f 1859//1859 1901//1901 1902//1902
f 1902//1902 1903//1903 1859//1859
f 1859//1859 1903//1903 1904//1904
f 1859//1859 1904//1904 1840//1840
f 1840//1840 1904//1904 1905//1905
f 1840//1840 1905//1905 1838//1838
f 1838//1838 1905//1905 1906//1906
f 1838//1838 1906//1906 1689//1689
f 1689//1689 1906//1906 1688//1688
f 1903//1903 1907//1907 1904//1904
f 1904//1904 1907//1907 1874//1874
f 1904//1904 1874//1874 1905//1905
f 1905//1905 1874//1874 1861//1861
f 1905//1905 1861//1861 1906//1906
f 1906//1906 1861//1861 1853//1853
f 1906//1906 1853//1853 1688//1688
f 1688//1688 1853//1853 1686//1686
f 1908//1908 1877//1877 1909//1909
f 1909//1909 1877//1877 1872//1872
f 1909//1909 1872//1872 1910//1910
f 1910//1910 1872//1872 1873//1873
f 1910//1910 1873//1873 1911//1911
f 1911//1911 1873//1873 1874//1874
f 1911//1911 1874//1874 1912//1912
f 1912//1912 1874//1874 1907//1907
f 1913//1913 1914//1914 1915//1915
f 1916//1916 1914//1914 1917//1917
f 1917//1917 1914//1914 1913//1913
f 1917//1917 1913//1913 1918//1918
f 1918//1918 1913//1913 1919//1919
f 1920//1920 1921//1921 1922//1922
f 1922//1922 1921//1921 1923//1923
f 1922//1922 1923//1923 1924//1924
f 1924//1924 1923//1923 1925//1925
f 1925//1925 1923//1923 1926//1926
f 1925//1925 1926//1926 1927//1927
f 1928//1928 1915//1915 1929//1929
f 1929//1929 1915//1915 1914//1914
f 1929//1929 1914//1914 1930//1930
f 1930//1930 1914//1914 1916//1916
f 1930//1930 1916//1916 1931//1931
f 1932//1932 1926//1926 1933//1933
f 1933//1933 1926//1926 1923//1923
f 1933//1933 1923//1923 1934//1934
f 1934//1934 1923//1923 1921//1921
f 1934//1934 1921//1921 1935//1935
f 1936//1936 1932//1932 1937//1937
f 1937//1937 1932//1932 1933//1933
f 1937//1937 1933//1933 1938//1938
f 1938//1938 1933//1933 1934//1934
f 1938//1938 1934//1934 1939//1939
f 1939//1939 1934//1934 1935//1935
f 1939//1939 1935//1935 1940//1940
f 1941//1941 1928//1928 1942//1942
f 1942//1942 1928//1928 1929//1929
f 1942//1942 1929//1929 1943//1943
f 1943//1943 1929//1929 1930//1930
f 1943//1943 1930//1930 1944//1944
f 1944//1944 1930//1930 1931//1931
f 1944//1944 1931//1931 1945//1945
f 1941//1941 1946//1946 1928//1928
f 1928//1928 1946//1946 1947//1947
f 1928//1928 1947//1947 1915//1915
f 1915//1915 1947//1947 1948//1948
f 1915//1915 1948//1948 1913//1913
f 1913//1913 1948//1948 1949//1949
f 1913//1913 1949//1949 1919//1919
f 1919//1919 1949//1949 1950//1950
f 1946//1946 1951//1951 1947//1947
f 1947//1947 1951//1951 1940//1940
f 1947//1947 1940//1940 1948//1948
f 1948//1948 1940//1940 1935//1935
f 1948//1948 1935//1935 1949//1949
f 1949//1949 1935//1935 1921//1921
f 1949//1949 1921//1921 1950//1950
f 1950//1950 1921//1921 1920//1920
f 1951//1951 1952//1952 1940//1940
f 1940//1940 1952//1952 1953//1953
f 1940//1940 1953//1953 1939//1939
f 1939//1939 1953//1953 1954//1954
f 1939//1939 1954//1954 1938//1938
f 1938//1938 1954//1954 1955//1955
f 1938//1938 1955//1955 1937//1937
f 1937//1937 1955//1955 1956//1956
f 1937//1937 1956//1956 1936//1936
f 1936//1936 1956//1956 1957//1957
f 1936//1936 1957//1957 1958//1958
f 1927//1927 1926//1926 1959//1959
f 1959//1959 1926//1926 1932//1932
f 1959//1959 1932//1932 1960//1960
f 1960//1960 1932//1932 1936//1936
f 1960//1960 1936//1936 1961//1961
f 1961//1961 1936//1936 1958//1958
f 1961//1961 1958//1958 1962//1962
f 1963//1963 1927//1927 1959//1959
f 1908//1908 1963//1963 1964//1964
f 1963//1963 1959//1959 1964//1964
f 1964//1964 1959//1959 1960//1960
f 1964//1964 1960//1960 1965//1965
f 1965//1965 1960//1960 1961//1961
f 1965//1965 1961//1961 1966//1966
f 1966//1966 1961//1961 1962//1962
f 1966//1966 1962//1962 1967//1967
f 1908//1908 1964//1964 1877//1877
f 1877//1877 1964//1964 1965//1965
f 1877//1877 1965//1965 1876//1876
f 1876//1876 1965//1965 1966//1966
f 1876//1876 1966//1966 1875//1875
f 1875//1875 1966//1966 1967//1967
f 1875//1875 1967//1967 1684//1684
f 1968//1968 799//799 1969//1969
f 1969//1969 799//799 442//442
f 1969//1969 442//442 1970//1970
f 451//451 1908//1908 1909//1909
f 451//451 1909//1909 449//449
f 449//449 1909//1909 1910//1910
f 449//449 1910//1910 454//454
f 454//454 1910//1910 1911//1911
f 454//454 1911//1911 461//461
f 461//461 1911//1911 1912//1912
f 461//461 1912//1912 459//459
f 459//459 1912//1912 1907//1907
f 459//459 1907//1907 465//465
f 465//465 1907//1907 1903//1903
f 465//465 1903//1903 467//467
f 467//467 1903//1903 1902//1902
f 467//467 1902//1902 469//469
f 1902//1902 1901//1901 469//469
f 469//469 1901//1901 1900//1900
f 469//469 1900//1900 474//474
f 474//474 1900//1900 1899//1899
f 474//474 1899//1899 478//478
f 478//478 1899//1899 1898//1898
f 478//478 1898//1898 484//484
f 484//484 1898//1898 1897//1897
f 484//484 1897//1897 482//482
f 482//482 1897//1897 1896//1896
f 482//482 1896//1896 485//485
f 1883//1883 1882//1882 436//436
f 1896//1896 1895//1895 485//485
f 485//485 1895//1895 1894//1894
f 485//485 1894//1894 490//490
f 490//490 1894//1894 1893//1893
f 490//490 1893//1893 488//488
f 488//488 1893//1893 1890//1890
f 488//488 1890//1890 497//497
f 497//497 1890//1890 1889//1889
f 497//497 1889//1889 495//495
f 495//495 1889//1889 1888//1888
f 495//495 1888//1888 500//500
f 500//500 1888//1888 1887//1887
f 500//500 1887//1887 501//501
f 501//501 1887//1887 1886//1886
f 501//501 1886//1886 505//505
f 505//505 1886//1886 1883//1883
f 505//505 1883//1883 446//446
f 446//446 1883//1883 436//436
f 432//432 1971//1971 440//440
f 1972//1972 436//436 1882//1882
f 1970//1970 442//442 1973//1973
f 1973//1973 442//442 440//440
f 1973//1973 440//440 1974//1974
f 1974//1974 440//440 1971//1971
f 1974//1974 1971//1971 1972//1972
f 1972//1972 1971//1971 432//432
f 1972//1972 432//432 436//436
f 1630//1630 1629//1629 1975//1975
f 1975//1975 1629//1629 1976//1976
f 1975//1975 1976//1976 1977//1977
f 1977//1977 1976//1976 1978//1978
f 1977//1977 1978//1978 1979//1979
f 1979//1979 1978//1978 1980//1980
f 1980//1980 1978//1978 1981//1981
f 1980//1980 1981//1981 1982//1982
f 1982//1982 1981//1981 1967//1967
f 1982//1982 1967//1967 1962//1962
f 1629//1629 1628//1628 1976//1976
f 1976//1976 1628//1628 1983//1983
f 1976//1976 1983//1983 1978//1978
f 1978//1978 1983//1983 1984//1984
f 1978//1978 1984//1984 1981//1981
f 1981//1981 1984//1984 1985//1985
f 1981//1981 1985//1985 1967//1967
f 1684//1684 1967//1967 1685//1685
f 1685//1685 1967//1967 1985//1985
f 1685//1685 1985//1985 1732//1732
f 1732//1732 1985//1985 1984//1984
f 1732//1732 1984//1984 1683//1683
f 1683//1683 1984//1984 1983//1983
f 1683//1683 1983//1983 1667//1667
f 1667//1667 1983//1983 1628//1628
f 1963//1963 1908//1908 451//451
f 451//451 805//805 1963//1963
f 1963//1963 805//805 803//803
f 1963//1963 803//803 1927//1927
f 1986//1986 1987//1987 1454//1454
f 1986//1986 1454//1454 1815//1815
f 1815//1815 1454//1454 1457//1457
f 1815//1815 1457//1457 1816//1816
f 1816//1816 1457//1457 1459//1459
f 1816//1816 1459//1459 1818//1818
f 1818//1818 1459//1459 1461//1461
f 1818//1818 1461//1461 1820//1820
f 1820//1820 1461//1461 1822//1822
f 1822//1822 1461//1461 1464//1464
f 1822//1822 1464//1464 1823//1823
f 1823//1823 1464//1464 1466//1466
f 1823//1823 1466//1466 1809//1809
f 1809//1809 1466//1466 1468//1468
f 1809//1809 1468//1468 1812//1812
f 1836//1836 1835//1835 1470//1470
f 1470//1470 1835//1835 1834//1834
f 1470//1470 1834//1834 1468//1468
f 1468//1468 1834//1834 1813//1813
f 1468//1468 1813//1813 1812//1812
f 1836//1836 1470//1470 1837//1837
f 1837//1837 1470//1470 1473//1473
f 1837//1837 1473//1473 1787//1787
f 1787//1787 1473//1473 1288//1288
f 1787//1787 1288//1288 1302//1302
f 1446//1446 1945//1945 1931//1931
f 1446//1446 1931//1931 1448//1448
f 1448//1448 1931//1931 1916//1916
f 1448//1448 1916//1916 1450//1450
f 1450//1450 1916//1916 1444//1444
f 1444//1444 1916//1916 1917//1917
f 1444//1444 1917//1917 1442//1442
f 1442//1442 1917//1917 1918//1918
f 1442//1442 1918//1918 1440//1440
f 1440//1440 1918//1918 1919//1919
f 1440//1440 1919//1919 1438//1438
f 1438//1438 1919//1919 1950//1950
f 1438//1438 1950//1950 1436//1436
f 1436//1436 1950//1950 1920//1920
f 1436//1436 1920//1920 1431//1431
f 1920//1920 1922//1922 1431//1431
f 1431//1431 1922//1922 1924//1924
f 1431//1431 1924//1924 1432//1432
f 1432//1432 1924//1924 1925//1925
f 1432//1432 1925//1925 1434//1434
f 1434//1434 1925//1925 1927//1927
f 1434//1434 1927//1927 803//803
f 1945//1945 1446//1446 1988//1988
f 1988//1988 1446//1446 1456//1456
f 1988//1988 1456//1456 1987//1987
f 1987//1987 1456//1456 1454//1454
f 1986//1986 1815//1815 1817//1817
f 1987//1987 1986//1986 1989//1989
f 1986//1986 1817//1817 1989//1989
f 1989//1989 1817//1817 1790//1790
f 1989//1989 1790//1790 1990//1990
f 1990//1990 1790//1790 1789//1789
f 1990//1990 1789//1789 1991//1991
f 1991//1991 1789//1789 1833//1833
f 1991//1991 1833//1833 1992//1992
f 1992//1992 1833//1833 1761//1761
f 1992//1992 1761//1761 1993//1993
f 1993//1993 1761//1761 1762//1762
f 1993//1993 1762//1762 1994//1994
f 1987//1987 1989//1989 1995//1995
f 1995//1995 1989//1989 1990//1990
f 1995//1995 1990//1990 1996//1996
f 1996//1996 1990//1990 1991//1991
f 1996//1996 1991//1991 1997//1997
f 1997//1997 1991//1991 1992//1992
f 1997//1997 1992//1992 1998//1998
f 1998//1998 1992//1992 1993//1993
f 1998//1998 1993//1993 1999//1999
f 1999//1999 1993//1993 1994//1994
f 1999//1999 1994//1994 2000//2000
f 2001//2001 1941//1941 1942//1942
f 1988//1988 1987//1987 1995//1995
f 1944//1944 1945//1945 1988//1988
f 1988//1988 1995//1995 1944//1944
f 1944//1944 1995//1995 1996//1996
f 1944//1944 1996//1996 1943//1943
f 1943//1943 1996//1996 1997//1997
f 1943//1943 1997//1997 1942//1942
f 2000//2000 2001//2001 1999//1999
f 1999//1999 2001//2001 1942//1942
f 1999//1999 1942//1942 1998//1998
f 1998//1998 1942//1942 1997//1997
f 1728//1728 1727//1727 2002//2002
f 1970//1970 2003//2003 1969//1969
f 1969//1969 2003//2003 2004//2004
f 1969//1969 2004//2004 1968//1968
f 1968//1968 2004//2004 2002//2002
f 2002//2002 2004//2004 1730//1730
f 2002//2002 1730//1730 1728//1728
f 1731//1731 1730//1730 2004//2004
f 2005//2005 2006//2006 1726//1726
f 1726//1726 2006//2006 1724//1724
f 1724//1724 2006//2006 1723//1723
f 1723//1723 2006//2006 2007//2007
f 1723//1723 2007//2007 1721//1721
f 1721//1721 2007//2007 1847//1847
f 1721//1721 1847//1847 1720//1720
f 1878//1878 1847//1847 2008//2008
f 2008//2008 1847//1847 2007//2007
f 2008//2008 2007//2007 2009//2009
f 2009//2009 2007//2007 2006//2006
f 2009//2009 2006//2006 2010//2010
f 2010//2010 2006//2006 2005//2005
f 2010//2010 2005//2005 2004//2004
f 2004//2004 2005//2005 1726//1726
f 2004//2004 1726//1726 1731//1731
f 1880//1880 1878//1878 2011//2011
f 2011//2011 1878//1878 2008//2008
f 2011//2011 2008//2008 2012//2012
f 2012//2012 2008//2008 2009//2009
f 2012//2012 2009//2009 2013//2013
f 2013//2013 2009//2009 2010//2010
f 2013//2013 2010//2010 2003//2003
f 2003//2003 2010//2010 2004//2004
f 1882//1882 1880//1880 1972//1972
f 1972//1972 1880//1880 2011//2011
f 1972//1972 2011//2011 1974//1974
f 1974//1974 2011//2011 2012//2012
f 1974//1974 2012//2012 1973//1973
f 1973//1973 2012//2012 2013//2013
f 1973//1973 2013//2013 1970//1970
f 1970//1970 2013//2013 2003//2003
f 1968//1968 2002//2002 2014//2014
f 2014//2014 2002//2002 2015//2015
f 2014//2014 2015//2015 2016//2016
f 2016//2016 2015//2015 2017//2017
f 2016//2016 2017//2017 1587//1587
f 2002//2002 1727//1727 2015//2015
f 2015//2015 1727//1727 2018//2018
f 2015//2015 2018//2018 2017//2017
f 2017//2017 2018//2018 1588//1588
f 2017//2017 1588//1588 1587//1587
f 1487//1487 1489//1489 2019//2019
f 2019//2019 1489//1489 1490//1490
f 1492//1492 2020//2020 2021//2021
f 2014//2014 1497//1497 1502//1502
f 2014//2014 1502//1502 1968//1968
f 1968//1968 1502//1502 1503//1503
f 1968//1968 1503//1503 799//799
f 2022//2022 2023//2023 1495//1495
f 2014//2014 2016//2016 1497//1497
f 1497//1497 2016//2016 2024//2024
f 1497//1497 2024//2024 1498//1498
f 1498//1498 2024//2024 2022//2022
f 1498//1498 2022//2022 1499//1499
f 1499//1499 2022//2022 1495//1495
f 2021//2021 2025//2025 2026//2026
f 2026//2026 1476//1476 1484//1484
f 1484//1484 1487//1487 2026//2026
f 2026//2026 1487//1487 2019//2019
f 2026//2026 2019//2019 2021//2021
f 2021//2021 2019//2019 1490//1490
f 2021//2021 1490//1490 1492//1492
f 1414//1414 1413//1413 2025//2025
f 2025//2025 1413//1413 1411//1411
f 2025//2025 1411//1411 2026//2026
f 2026//2026 1411//1411 1419//1419
f 2026//2026 1419//1419 1476//1476
f 1476//1476 1419//1419 1418//1418
f 1476//1476 1418//1418 1416//1416
f 1576//1576 1414//1414 1585//1585
f 1585//1585 1414//1414 2025//2025
f 1585//1585 2025//2025 2027//2027
f 2027//2027 2025//2025 2021//2021
f 2027//2027 2021//2021 2028//2028
f 2028//2028 2021//2021 2020//2020
f 2028//2028 2020//2020 2029//2029
f 2029//2029 2020//2020 2030//2030
f 1492//1492 1495//1495 2020//2020
f 2020//2020 1495//1495 2023//2023
f 2020//2020 2023//2023 2030//2030
f 2030//2030 2023//2023 2022//2022
f 2030//2030 2022//2022 2031//2031
f 2031//2031 2022//2022 2024//2024
f 2031//2031 2024//2024 2032//2032
f 2032//2032 2024//2024 2016//2016
f 2032//2032 2016//2016 1587//1587
f 2033//2033 2034//2034 1386//1386
f 1307//1307 2034//2034 1309//1309
f 1309//1309 2034//2034 2033//2033
f 1309//1309 2033//2033 2035//2035
f 1369//1369 1371//1371 2036//2036
f 2036//2036 1371//1371 1373//1373
f 2036//2036 1373//1373 2037//2037
f 2037//2037 1373//1373 1375//1375
f 2037//2037 1375//1375 2038//2038
f 2038//2038 1375//1375 1377//1377
f 2038//2038 1377//1377 2039//2039
f 2039//2039 1377//1377 1380//1380
f 2039//2039 1380//1380 2035//2035
f 2035//2035 1380//1380 1311//1311
f 2035//2035 1311//1311 1309//1309
f 2036//2036 2040//2040 1369//1369
f 1369//1369 2040//2040 2041//2041
f 1369//1369 2041//2041 1368//1368
f 1368//1368 2041//2041 2042//2042
f 1368//1368 2042//2042 1365//1365
f 1365//1365 2042//2042 2043//2043
f 1365//1365 2043//2043 1363//1363
f 1363//1363 2043//2043 2044//2044
f 1363//1363 2044//2044 1361//1361
f 1361//1361 2044//2044 2045//2045
f 1361//1361 2045//2045 1359//1359
f 1359//1359 2045//2045 1357//1357
f 1357//1357 2045//2045 2046//2046
f 1357//1357 2046//2046 1355//1355
f 1355//1355 2046//2046 2047//2047
f 1355//1355 2047//2047 1348//1348
f 1348//1348 2047//2047 2048//2048
f 1348//1348 2048//2048 1349//1349
f 2049//2049 1351//1351 1349//1349
f 1349//1349 2048//2048 2049//2049
f 2049//2049 2048//2048 1614//1614
f 2049//2049 1614//1614 1613//1613
f 2037//2037 1397//1397 2036//2036
f 2036//2036 1397//1397 1401//1401
f 2036//2036 1401//1401 2040//2040
f 2040//2040 1401//1401 1400//1400
f 2040//2040 1400//1400 2041//2041
f 2041//2041 1400//1400 1406//1406
f 2041//2041 1406//1406 2042//2042
f 2042//2042 1406//1406 1405//1405
f 2042//2042 1405//1405 2043//2043
f 2043//2043 1405//1405 1403//1403
f 2043//2043 1403//1403 2044//2044
f 2044//2044 1403//1403 1409//1409
f 2044//2044 1409//1409 2045//2045
f 2045//2045 1409//1409 1408//1408
f 2045//2045 1408//1408 2046//2046
f 2046//2046 1408//1408 1611//1611
f 2046//2046 1611//1611 2047//2047
f 2047//2047 1611//1611 1612//1612
f 2047//2047 1612//1612 2048//2048
f 2048//2048 1612//1612 1615//1615
f 2048//2048 1615//1615 1614//1614
f 1386//1386 1388//1388 2033//2033
f 2033//2033 1388//1388 1390//1390
f 2033//2033 1390//1390 2035//2035
f 2035//2035 1390//1390 1395//1395
f 2035//2035 1395//1395 2039//2039
f 2039//2039 1395//1395 1394//1394
f 2039//2039 1394//1394 2038//2038
f 2038//2038 1394//1394 1392//1392
f 2038//2038 1392//1392 2037//2037
f 2037//2037 1392//1392 1398//1398
f 2037//2037 1398//1398 1397//1397
f 1613//1613 1616//1616 2050//2050
f 2050//2050 1346//1346 1352//1352
f 1613//1613 2050//2050 2049//2049
f 2049//2049 2050//2050 1352//1352
f 2049//2049 1352//1352 1351//1351
f 2051//2051 2050//2050 1616//1616
f 2052//2052 2053//2053 2054//2054
f 2054//2054 2053//2053 2055//2055
f 2056//2056 2057//2057 2058//2058
f 2058//2058 2057//2057 2059//2059
f 2058//2058 2059//2059 2060//2060
f 2060//2060 2059//2059 2061//2061
f 2060//2060 2061//2061 2055//2055
f 2055//2055 2061//2061 2062//2062
f 2055//2055 2062//2062 2054//2054
f 2063//2063 2064//2064 2065//2065
f 2065//2065 2064//2064 2066//2066
f 2065//2065 2066//2066 2056//2056
f 2056//2056 2066//2066 2067//2067
f 2056//2056 2067//2067 2057//2057
f 2068//2068 2069//2069 2070//2070
f 2070//2070 2069//2069 2071//2071
f 2070//2070 2071//2071 2072//2072
f 2072//2072 2071//2071 2073//2073
f 2072//2072 2073//2073 2063//2063
f 2063//2063 2073//2073 2074//2074
f 2063//2063 2074//2074 2064//2064
f 2075//2075 2076//2076 2077//2077
f 2077//2077 2076//2076 2078//2078
f 2077//2077 2078//2078 2079//2079
f 2079//2079 2078//2078 2080//2080
f 2079//2079 2080//2080 2081//2081
f 2081//2081 2080//2080 2082//2082
f 2081//2081 2082//2082 2083//2083
f 2083//2083 2082//2082 2084//2084
f 2083//2083 2084//2084 2068//2068
f 2068//2068 2084//2084 2085//2085
f 2068//2068 2085//2085 2069//2069
f 1346//1346 2050//2050 1344//1344
f 1344//1344 2050//2050 2051//2051
f 1344//1344 2051//2051 1341//1341
f 1616//1616 2075//2075 2051//2051
f 2051//2051 2075//2075 2077//2077
f 2051//2051 2077//2077 1341//1341
f 1341//1341 2077//2077 2079//2079
f 1341//1341 2079//2079 1339//1339
f 1339//1339 2079//2079 2081//2081
f 1339//1339 2081//2081 1338//1338
f 1338//1338 2081//2081 1336//1336
f 1336//1336 2081//2081 2083//2083
f 1336//1336 2083//2083 1333//1333
f 1333//1333 2083//2083 2068//2068
f 1333//1333 2068//2068 1332//1332
f 1332//1332 2068//2068 2070//2070
f 1332//1332 2070//2070 1330//1330
f 1330//1330 2070//2070 2072//2072
f 1330//1330 2072//2072 1327//1327
f 1327//1327 2072//2072 2063//2063
f 1327//1327 2063//2063 1325//1325
f 1325//1325 2063//2063 2065//2065
f 1325//1325 2065//2065 1323//1323
f 1323//1323 2065//2065 2056//2056
f 1323//1323 2056//2056 1322//1322
f 1322//1322 2056//2056 2058//2058
f 1322//1322 2058//2058 1320//1320
f 1320//1320 2058//2058 2060//2060
f 1320//1320 2060//2060 1316//1316
f 1316//1316 2060//2060 2055//2055
f 1316//1316 2055//2055 1317//1317
f 1317//1317 2055//2055 2053//2053
f 1317//1317 2053//2053 1312//1312
f 1610//1610 1583//1583 2086//2086
f 1610//1610 2086//2086 1616//1616
f 1616//1616 2086//2086 2087//2087
f 1616//1616 2087//2087 2075//2075
f 2075//2075 2087//2087 2088//2088
f 2075//2075 2088//2088 2076//2076
f 2076//2076 2088//2088 2078//2078
f 2078//2078 2088//2088 2089//2089
f 2078//2078 2089//2089 2080//2080
f 2089//2089 2090//2090 2080//2080
f 2080//2080 2090//2090 2091//2091
f 2080//2080 2091//2091 2082//2082
f 2082//2082 2091//2091 2092//2092
f 2082//2082 2092//2092 2084//2084
f 2084//2084 2092//2092 2085//2085
f 2085//2085 2092//2092 2093//2093
f 2085//2085 2093//2093 2069//2069
f 2093//2093 2094//2094 2069//2069
f 2069//2069 2094//2094 2095//2095
f 2069//2069 2095//2095 2071//2071
f 2071//2071 2095//2095 2096//2096
f 2071//2071 2096//2096 2073//2073
f 2073//2073 2096//2096 2074//2074
f 2074//2074 2096//2096 2097//2097
f 2074//2074 2097//2097 2064//2064
f 2064//2064 2097//2097 2098//2098
f 2064//2064 2098//2098 2066//2066
f 2066//2066 2098//2098 2099//2099
f 2066//2066 2099//2099 2067//2067
f 2067//2067 2099//2099 2100//2100
f 2067//2067 2100//2100 2057//2057
f 2057//2057 2100//2100 2101//2101
f 2057//2057 2101//2101 2059//2059
f 2059//2059 2101//2101 2102//2102
f 2059//2059 2102//2102 2061//2061
f 2061//2061 2102//2102 2103//2103
f 2061//2061 2103//2103 2104//2104
f 2105//2105 2052//2052 2106//2106
f 2106//2106 2052//2052 2054//2054
f 2106//2106 2054//2054 2104//2104
f 2104//2104 2054//2054 2062//2062
f 2104//2104 2062//2062 2061//2061
f 2107//2107 2108//2108 2109//2109
f 2110//2110 2111//2111 2112//2112
f 2113//2113 2114//2114 2115//2115
f 2116//2116 2117//2117 2118//2118
f 2119//2119 2120//2120 2121//2121
f 2120//2120 2119//2119 2122//2122
f 1623//1623 1622//1622 2123//2123
f 1638//1638 1637//1637 2110//2110
f 1954//1954 1953//1953 2124//2124
f 1764//1764 2125//2125 1765//1765
f 2126//2126 2127//2127 2128//2128
f 2129//2129 2130//2130 2131//2131
f 2088//2088 2087//2087 2132//2132
f 1574//1574 2086//2086 1575//1575
f 1575//1575 2086//2086 1583//1583
f 2133//2133 2093//2093 2092//2092
f 2093//2093 2133//2133 2094//2094
f 2094//2094 2133//2133 2134//2134
f 2094//2094 2134//2134 2095//2095
f 2100//2100 2099//2099 2135//2135
f 2135//2135 2099//2099 2098//2098
f 2135//2135 2098//2098 2097//2097
f 2105//2105 2136//2136 2137//2137
f 2137//2137 2136//2136 2138//2138
f 2139//2139 2140//2140 2136//2136
f 2136//2136 2140//2140 2141//2141
f 2136//2136 2141//2141 2138//2138
f 2142//2142 2143//2143 2144//2144
f 2145//2145 2146//2146 2147//2147
f 2147//2147 2146//2146 2148//2148
f 2145//2145 2149//2149 2150//2150
f 2150//2150 2149//2149 2151//2151
f 2150//2150 2151//2151 2152//2152
f 2127//2127 2126//2126 2151//2151
f 2151//2151 2126//2126 2153//2153
f 2151//2151 2153//2153 2152//2152
f 1779//1779 2154//2154 1777//1777
f 1777//1777 2154//2154 1776//1776
f 2155//2155 1771//1771 1770//1770
f 2155//2155 1770//1770 2156//2156
f 2157//2157 1768//1768 1767//1767
f 1768//1768 2157//2157 1764//1764
f 1764//1764 2157//2157 2158//2158
f 1764//1764 2158//2158 2125//2125
f 2159//2159 1760//1760 1758//1758
f 1941//1941 2001//2001 2160//2160
f 2160//2160 2001//2001 2000//2000
f 1982//1982 1962//1962 1958//1958
f 1979//1979 1980//1980 2161//2161
f 2161//2161 1980//1980 1982//1982
f 2161//2161 1982//1982 2162//2162
f 2162//2162 1982//1982 1958//1958
f 2162//2162 1958//1958 2163//2163
f 2163//2163 1958//1958 1957//1957
f 2163//2163 1957//1957 1956//1956
f 1631//1631 1630//1630 2164//2164
f 2164//2164 1630//1630 1975//1975
f 2164//2164 1975//1975 2161//2161
f 2161//2161 1975//1975 1977//1977
f 2161//2161 1977//1977 1979//1979
f 2110//2110 1637//1637 2111//2111
f 2111//2111 1637//1637 1636//1636
f 2111//2111 1636//1636 1635//1635
f 1618//1618 2165//2165 1619//1619
f 1619//1619 2165//2165 2166//2166
f 1619//1619 2166//2166 1620//1620
f 2123//2123 1622//1622 2166//2166
f 2166//2166 1622//1622 1621//1621
f 2166//2166 1621//1621 1620//1620
f 1623//1623 2167//2167 1624//1624
f 1624//1624 2167//2167 1625//1625
f 1627//1627 1626//1626 2168//2168
f 2168//2168 1626//1626 1625//1625
f 1643//1643 1642//1642 2169//2169
f 2169//2169 1642//1642 1641//1641
f 2169//2169 1641//1641 2170//2170
f 1672//1672 1644//1644 2171//2171
f 2171//2171 1644//1644 1643//1643
f 2172//2172 1673//1673 1672//1672
f 2018//2018 1727//1727 2173//2173
f 2173//2173 1727//1727 1729//1729
f 2173//2173 1729//1729 2174//2174
f 2174//2174 1729//1729 1746//1746
f 2175//2175 1588//1588 2176//2176
f 2176//2176 1588//1588 2018//2018
f 1604//1604 2177//2177 1603//1603
f 1603//1603 2177//2177 2178//2178
f 1603//1603 2178//2178 1601//1601
f 2179//2179 1596//1596 2178//2178
f 2178//2178 1596//1596 1598//1598
f 2178//2178 1598//1598 1601//1601
f 1592//1592 1593//1593 2179//2179
f 2179//2179 1593//1593 1595//1595
f 2179//2179 1595//1595 1596//1596
f 1623//1623 2123//2123 2167//2167
f 2167//2167 2123//2123 2180//2180
f 2167//2167 2180//2180 2181//2181
f 1641//1641 1627//1627 2170//2170
f 2170//2170 1627//1627 2168//2168
f 2170//2170 2168//2168 2182//2182
f 2018//2018 2173//2173 2176//2176
f 2176//2176 2173//2173 2174//2174
f 2176//2176 2174//2174 2172//2172
f 2172//2172 2174//2174 1746//1746
f 2172//2172 1746//1746 1673//1673
f 1672//1672 2171//2171 2172//2172
f 2172//2172 2171//2171 2183//2183
f 2172//2172 2183//2183 2176//2176
f 2176//2176 2183//2183 2177//2177
f 2176//2176 2177//2177 2175//2175
f 2175//2175 2177//2177 1604//1604
f 2175//2175 1604//1604 1588//1588
f 2184//2184 2185//2185 2186//2186
f 2186//2186 2185//2185 2187//2187
f 2186//2186 2187//2187 2188//2188
f 2189//2189 2190//2190 2191//2191
f 1625//1625 2167//2167 2168//2168
f 2168//2168 2167//2167 2181//2181
f 2168//2168 2181//2181 2182//2182
f 2182//2182 2181//2181 2192//2192
f 2182//2182 2192//2192 2193//2193
f 2193//2193 2192//2192 2194//2194
f 2193//2193 2194//2194 2195//2195
f 2189//2189 2121//2121 2196//2196
f 2196//2196 2121//2121 2120//2120
f 2196//2196 2120//2120 2197//2197
f 2197//2197 2120//2120 2122//2122
f 2198//2198 2199//2199 2200//2200
f 2201//2201 2202//2202 2203//2203
f 2203//2203 2202//2202 2204//2204
f 2203//2203 2204//2204 2205//2205
f 2206//2206 2207//2207 2208//2208
f 2208//2208 2207//2207 2209//2209
f 2208//2208 2209//2209 2210//2210
f 2207//2207 2211//2211 2209//2209
f 2209//2209 2211//2211 2200//2200
f 2209//2209 2200//2200 2210//2210
f 2210//2210 2200//2200 2199//2199
f 2102//2102 2101//2101 2131//2131
f 2131//2131 2101//2101 2100//2100
f 2131//2131 2100//2100 2129//2129
f 2129//2129 2100//2100 2135//2135
f 2129//2129 2135//2135 2206//2206
f 2206//2206 2135//2135 2097//2097
f 2206//2206 2097//2097 2207//2207
f 2207//2207 2097//2097 2096//2096
f 2207//2207 2096//2096 2211//2211
f 2211//2211 2096//2096 2095//2095
f 2211//2211 2095//2095 2200//2200
f 2200//2200 2095//2095 2134//2134
f 2200//2200 2134//2134 2198//2198
f 2198//2198 2134//2134 2133//2133
f 2198//2198 2133//2133 2212//2212
f 2212//2212 2133//2133 2092//2092
f 2212//2212 2092//2092 2091//2091
f 1643//1643 2169//2169 2171//2171
f 2171//2171 2169//2169 2170//2170
f 2171//2171 2170//2170 2183//2183
f 2183//2183 2170//2170 2182//2182
f 2183//2183 2182//2182 2177//2177
f 2177//2177 2182//2182 2193//2193
f 2177//2177 2193//2193 2178//2178
f 2178//2178 2193//2193 2195//2195
f 2178//2178 2195//2195 2179//2179
f 2213//2213 2214//2214 2215//2215
f 2215//2215 2214//2214 2216//2216
f 2215//2215 2216//2216 2217//2217
f 2217//2217 2216//2216 2132//2132
f 2217//2217 2132//2132 1574//1574
f 1574//1574 2132//2132 2087//2087
f 1574//1574 2087//2087 2086//2086
f 1771//1771 2155//2155 1767//1767
f 1767//1767 2155//2155 2218//2218
f 1767//1767 2218//2218 2157//2157
f 2157//2157 2218//2218 2219//2219
f 2157//2157 2219//2219 2158//2158
f 2220//2220 2184//2184 2221//2221
f 2221//2221 2184//2184 2186//2186
f 2221//2221 2186//2186 2222//2222
f 2222//2222 2186//2186 2188//2188
f 2222//2222 2188//2188 2223//2223
f 2114//2114 2224//2224 2115//2115
f 2115//2115 2224//2224 2225//2225
f 2115//2115 2225//2225 2226//2226
f 2226//2226 2225//2225 2227//2227
f 2226//2226 2227//2227 2156//2156
f 2156//2156 2227//2227 2228//2228
f 2156//2156 2228//2228 2155//2155
f 2155//2155 2228//2228 2229//2229
f 2155//2155 2229//2229 2218//2218
f 2218//2218 2229//2229 2230//2230
f 2218//2218 2230//2230 2219//2219
f 2231//2231 2232//2232 2233//2233
f 2233//2233 2232//2232 2234//2234
f 2233//2233 2234//2234 2235//2235
f 2235//2235 2234//2234 2236//2236
f 2235//2235 2236//2236 2237//2237
f 2237//2237 2236//2236 2238//2238
f 2237//2237 2238//2238 2239//2239
f 2232//2232 2240//2240 2234//2234
f 2234//2234 2240//2240 2241//2241
f 2234//2234 2241//2241 2236//2236
f 2236//2236 2241//2241 2242//2242
f 2236//2236 2242//2242 2238//2238
f 1770//1770 1769//1769 2156//2156
f 2156//2156 1769//1769 1774//1774
f 2156//2156 1774//1774 2226//2226
f 2226//2226 1774//1774 1776//1776
f 2226//2226 1776//1776 2115//2115
f 2115//2115 1776//1776 2154//2154
f 2115//2115 2154//2154 2113//2113
f 2113//2113 2154//2154 1779//1779
f 2113//2113 1779//1779 2243//2243
f 2243//2243 1779//1779 1780//1780
f 2243//2243 1780//1780 1781//1781
f 1782//1782 2128//2128 1781//1781
f 1781//1781 2128//2128 2127//2127
f 1781//1781 2127//2127 2243//2243
f 2243//2243 2127//2127 2151//2151
f 2243//2243 2151//2151 2113//2113
f 2113//2113 2151//2151 2149//2149
f 2113//2113 2149//2149 2114//2114
f 2145//2145 2147//2147 2149//2149
f 2149//2149 2147//2147 2244//2244
f 2149//2149 2244//2244 2114//2114
f 2114//2114 2244//2244 2245//2245
f 2114//2114 2245//2245 2224//2224
f 2224//2224 2245//2245 2231//2231
f 2224//2224 2231//2231 2225//2225
f 2225//2225 2231//2231 2233//2233
f 2225//2225 2233//2233 2227//2227
f 2227//2227 2233//2233 2235//2235
f 2227//2227 2235//2235 2228//2228
f 2228//2228 2235//2235 2237//2237
f 2228//2228 2237//2237 2229//2229
f 2229//2229 2237//2237 2239//2239
f 2229//2229 2239//2239 2230//2230
f 2118//2118 2117//2117 2246//2246
f 2246//2246 2117//2117 2247//2247
f 2246//2246 2247//2247 2248//2248
f 2213//2213 2196//2196 2214//2214
f 2214//2214 2196//2196 2197//2197
f 2214//2214 2197//2197 2249//2249
f 2249//2249 2197//2197 2122//2122
f 2249//2249 2122//2122 2250//2250
f 2250//2250 2122//2122 2119//2119
f 2250//2250 2119//2119 2205//2205
f 2205//2205 2119//2119 2251//2251
f 2205//2205 2251//2251 2203//2203
f 2203//2203 2251//2251 2116//2116
f 2203//2203 2116//2116 2201//2201
f 2201//2201 2116//2116 2118//2118
f 2201//2201 2118//2118 2252//2252
f 2252//2252 2118//2118 2246//2246
f 2252//2252 2246//2246 2253//2253
f 2253//2253 2246//2246 2248//2248
f 2253//2253 2248//2248 2254//2254
f 2254//2254 2248//2248 2139//2139
f 2254//2254 2139//2139 2255//2255
f 2255//2255 2139//2139 2136//2136
f 2255//2255 2136//2136 2256//2256
f 2256//2256 2136//2136 2105//2105
f 2256//2256 2105//2105 2106//2106
f 2130//2130 2257//2257 2131//2131
f 2131//2131 2257//2257 2258//2258
f 2131//2131 2258//2258 2102//2102
f 2102//2102 2258//2258 2259//2259
f 2102//2102 2259//2259 2103//2103
f 2103//2103 2259//2259 2104//2104
f 2106//2106 2104//2104 2256//2256
f 2256//2256 2104//2104 2259//2259
f 2256//2256 2259//2259 2255//2255
f 2255//2255 2259//2259 2258//2258
f 2255//2255 2258//2258 2254//2254
f 2254//2254 2258//2258 2257//2257
f 2254//2254 2257//2257 2253//2253
f 2253//2253 2257//2257 2130//2130
f 2253//2253 2130//2130 2252//2252
f 2252//2252 2130//2130 2129//2129
f 2252//2252 2129//2129 2201//2201
f 2201//2201 2129//2129 2206//2206
f 2201//2201 2206//2206 2202//2202
f 2202//2202 2206//2206 2208//2208
f 2202//2202 2208//2208 2204//2204
f 2204//2204 2208//2208 2210//2210
f 2204//2204 2210//2210 2205//2205
f 2205//2205 2210//2210 2199//2199
f 2205//2205 2199//2199 2250//2250
f 2250//2250 2199//2199 2198//2198
f 2250//2250 2198//2198 2249//2249
f 2249//2249 2198//2198 2212//2212
f 2249//2249 2212//2212 2214//2214
f 2214//2214 2212//2212 2091//2091
f 2214//2214 2091//2091 2216//2216
f 2216//2216 2091//2091 2090//2090
f 2216//2216 2090//2090 2132//2132
f 2132//2132 2090//2090 2089//2089
f 2132//2132 2089//2089 2088//2088
f 2163//2163 2112//2112 2162//2162
f 2162//2162 2112//2112 2111//2111
f 2162//2162 2111//2111 2161//2161
f 2161//2161 2111//2111 1635//1635
f 2161//2161 1635//1635 2164//2164
f 2164//2164 1635//1635 1634//1634
f 2164//2164 1634//1634 1631//1631
f 1956//1956 1955//1955 2163//2163
f 2163//2163 1955//1955 2260//2260
f 2163//2163 2260//2260 2112//2112
f 2112//2112 2260//2260 2261//2261
f 2112//2112 2261//2261 2110//2110
f 2110//2110 2261//2261 2109//2109
f 2110//2110 2109//2109 1638//1638
f 1638//1638 2109//2109 2108//2108
f 1638//1638 2108//2108 1632//1632
f 1632//1632 2108//2108 1633//1633
f 2262//2262 2263//2263 2264//2264
f 2265//2265 2160//2160 2266//2266
f 2266//2266 2160//2160 2000//2000
f 2266//2266 2000//2000 1994//1994
f 2267//2267 2159//2159 2268//2268
f 2268//2268 2159//2159 1758//1758
f 2268//2268 1758//1758 1756//1756
f 1955//1955 1954//1954 2260//2260
f 2260//2260 1954//1954 2124//2124
f 2260//2260 2124//2124 2261//2261
f 2261//2261 2124//2124 2269//2269
f 2261//2261 2269//2269 2109//2109
f 2109//2109 2269//2269 2270//2270
f 2109//2109 2270//2270 2107//2107
f 2107//2107 2270//2270 2271//2271
f 1953//1953 1952//1952 2124//2124
f 2124//2124 1952//1952 2262//2262
f 2124//2124 2262//2262 2269//2269
f 2269//2269 2262//2262 2264//2264
f 2269//2269 2264//2264 2270//2270
f 2270//2270 2264//2264 2272//2272
f 2270//2270 2272//2272 2271//2271
f 2271//2271 2272//2272 2273//2273
f 2271//2271 2273//2273 2274//2274
f 1994//1994 1762//1762 2266//2266
f 2266//2266 1762//1762 1760//1760
f 2266//2266 1760//1760 2265//2265
f 2265//2265 1760//1760 2159//2159
f 2265//2265 2159//2159 2275//2275
f 2275//2275 2159//2159 2267//2267
f 2275//2275 2267//2267 2276//2276
f 2276//2276 2267//2267 2277//2277
f 2276//2276 2277//2277 2223//2223
f 2223//2223 2277//2277 2278//2278
f 2223//2223 2278//2278 2222//2222
f 2222//2222 2278//2278 2279//2279
f 2222//2222 2279//2279 2221//2221
f 2221//2221 2279//2279 2280//2280
f 2221//2221 2280//2280 2220//2220
f 2220//2220 2280//2280 2281//2281
f 2220//2220 2281//2281 2282//2282
f 2282//2282 2281//2281 2283//2283
f 1633//1633 2108//2108 1639//1639
f 1639//1639 2108//2108 2107//2107
f 1639//1639 2107//2107 2284//2284
f 2284//2284 2107//2107 2271//2271
f 2284//2284 2271//2271 2285//2285
f 2285//2285 2271//2271 2274//2274
f 2285//2285 2274//2274 2286//2286
f 2286//2286 2274//2274 2287//2287
f 2286//2286 2287//2287 2288//2288
f 2288//2288 2287//2287 2289//2289
f 2288//2288 2289//2289 2290//2290
f 2290//2290 2289//2289 2291//2291
f 2290//2290 2291//2291 2191//2191
f 1574//1574 1589//1589 2217//2217
f 2217//2217 1589//1589 1592//1592
f 2217//2217 1592//1592 2215//2215
f 2215//2215 1592//1592 2179//2179
f 2215//2215 2179//2179 2213//2213
f 2213//2213 2179//2179 2195//2195
f 2213//2213 2195//2195 2196//2196
f 2196//2196 2195//2195 2194//2194
f 2196//2196 2194//2194 2189//2189
f 2189//2189 2194//2194 2192//2192
f 2189//2189 2192//2192 2190//2190
f 2190//2190 2192//2192 2181//2181
f 2190//2190 2181//2181 2191//2191
f 2191//2191 2181//2181 2180//2180
f 2191//2191 2180//2180 2290//2290
f 2290//2290 2180//2180 2123//2123
f 2290//2290 2123//2123 2288//2288
f 2288//2288 2123//2123 2166//2166
f 2288//2288 2166//2166 2286//2286
f 2286//2286 2166//2166 2165//2165
f 2286//2286 2165//2165 2285//2285
f 2285//2285 2165//2165 1618//1618
f 2285//2285 1618//1618 2284//2284
f 2284//2284 1618//1618 1640//1640
f 2284//2284 1640//1640 1639//1639
f 2148//2148 2142//2142 2147//2147
f 2147//2147 2142//2142 2144//2144
f 2147//2147 2144//2144 2244//2244
f 2244//2244 2144//2144 2292//2292
f 2244//2244 2292//2292 2245//2245
f 2245//2245 2292//2292 2293//2293
f 2245//2245 2293//2293 2231//2231
f 2231//2231 2293//2293 2294//2294
f 2231//2231 2294//2294 2232//2232
f 2232//2232 2294//2294 2295//2295
f 2232//2232 2295//2295 2240//2240
f 2240//2240 2295//2295 2283//2283
f 2240//2240 2283//2283 2241//2241
f 2241//2241 2283//2283 2281//2281
f 2241//2241 2281//2281 2242//2242
f 2242//2242 2281//2281 2280//2280
f 2242//2242 2280//2280 2238//2238
f 2238//2238 2280//2280 2279//2279
f 2238//2238 2279//2279 2239//2239
f 2239//2239 2279//2279 2278//2278
f 2239//2239 2278//2278 2230//2230
f 2230//2230 2278//2278 2277//2277
f 2230//2230 2277//2277 2219//2219
f 2219//2219 2277//2277 2267//2267
f 2219//2219 2267//2267 2158//2158
f 2158//2158 2267//2267 2268//2268
f 2158//2158 2268//2268 2125//2125
f 2125//2125 2268//2268 1756//1756
f 2125//2125 1756//1756 1765//1765
f 2143//2143 2140//2140 2144//2144
f 2144//2144 2140//2140 2139//2139
f 2144//2144 2139//2139 2292//2292
f 2292//2292 2139//2139 2248//2248
f 2292//2292 2248//2248 2293//2293
f 2293//2293 2248//2248 2247//2247
f 2293//2293 2247//2247 2294//2294
f 2294//2294 2247//2247 2117//2117
f 2294//2294 2117//2117 2295//2295
f 2295//2295 2117//2117 2116//2116
f 2295//2295 2116//2116 2283//2283
f 2283//2283 2116//2116 2251//2251
f 2283//2283 2251//2251 2282//2282
f 2282//2282 2251//2251 2119//2119
f 2282//2282 2119//2119 2220//2220
f 2220//2220 2119//2119 2121//2121
f 2220//2220 2121//2121 2184//2184
f 2184//2184 2121//2121 2189//2189
f 2184//2184 2189//2189 2185//2185
f 2185//2185 2189//2189 2191//2191
f 2185//2185 2191//2191 2187//2187
f 2187//2187 2191//2191 2291//2291
f 2187//2187 2291//2291 2188//2188
f 2188//2188 2291//2291 2289//2289
f 2188//2188 2289//2289 2223//2223
f 2223//2223 2289//2289 2287//2287
f 2223//2223 2287//2287 2276//2276
f 2276//2276 2287//2287 2274//2274
f 2276//2276 2274//2274 2275//2275
f 2275//2275 2274//2274 2273//2273
f 2275//2275 2273//2273 2265//2265
f 2265//2265 2273//2273 2272//2272
f 2265//2265 2272//2272 2160//2160
f 2160//2160 2272//2272 2264//2264
f 2160//2160 2264//2264 1941//1941
f 1941//1941 2264//2264 2263//2263
f 1941//1941 2263//2263 1946//1946
f 1946//1946 2263//2263 2262//2262
f 1946//1946 2262//2262 1951//1951
f 1951//1951 2262//2262 1952//1952
f 1607//1607 2296//2296 1586//1586
f 1605//1605 2297//2297 1606//1606
f 1600//1600 2298//2298 1602//1602
f 1584//1584 2299//2299 1573//1573
f 1573//1573 2299//2299 1590//1590
f 2299//2299 2300//2300 2301//2301
f 1590//1590 2299//2299 1591//1591
f 1591//1591 2299//2299 2301//2301
f 1591//1591 2301//2301 1594//1594
f 2297//2297 1605//1605 2302//2302
f 1605//1605 1602//1602 2302//2302
f 2302//2302 1602//1602 2298//2298
f 2302//2302 2298//2298 2303//2303
f 2303//2303 2298//2298 1600//1600
f 2303//2303 1600//1600 2300//2300
f 2300//2300 1600//1600 1599//1599
f 2300//2300 1599//1599 2301//2301
f 2301//2301 1599//1599 1597//1597
f 2301//2301 1597//1597 1594//1594
f 1607//1607 2031//2031 2296//2296
f 2296//2296 2031//2031 2032//2032
f 2296//2296 2032//2032 1586//1586
f 1586//1586 2032//2032 1587//1587
f 2300//2300 2029//2029 2303//2303
f 2303//2303 2029//2029 2030//2030
f 2303//2303 2030//2030 2302//2302
f 2302//2302 2030//2030 2031//2031
f 2302//2302 2031//2031 2297//2297
f 2297//2297 2031//2031 1607//1607
f 2297//2297 1607//1607 1606//1606
f 1584//1584 1585//1585 2299//2299
f 2299//2299 1585//1585 2027//2027
f 2299//2299 2027//2027 2300//2300
f 2300//2300 2027//2027 2028//2028
f 2300//2300 2028//2028 2029//2029
f 1033//1033 2304//2304 2305//2305
f 2306//2306 1034//1034 1033//1033
f 1033//1033 2305//2305 2306//2306
f 2306//2306 2305//2305 1429//1429
f 2306//2306 1429//1429 1384//1384
f 1428//1428 1427//1427 2307//2307
f 2307//2307 1427//1427 1425//1425
f 2307//2307 1425//1425 2305//2305
f 2305//2305 1425//1425 1430//1430
f 2305//2305 1430//1430 1429//1429
f 1482//1482 1428//1428 2308//2308
f 2308//2308 1428//1428 2307//2307
f 2308//2308 2307//2307 2309//2309
f 2309//2309 2307//2307 2305//2305
f 2309//2309 2305//2305 2310//2310
f 2310//2310 2305//2305 2304//2304
f 26//26 2304//2304 18//18
f 18//18 2304//2304 1033//1033
f 20//20 1482//1482 22//22
f 22//22 1482//1482 2308//2308
f 22//22 2308//2308 24//24
f 24//24 2308//2308 2309//2309
f 24//24 2309//2309 26//26
f 26//26 2309//2309 2310//2310
f 26//26 2310//2310 2304//2304
f 1258//1258 1533//1533 2311//2311
f 782//782 694//694 2312//2312
f 2312//2312 694//694 1252//1252
f 2312//2312 1252//1252 2311//2311
f 2311//2311 1252//1252 1251//1251
f 2311//2311 1251//1251 1258//1258
f 676//676 782//782 2312//2312
f 547//547 548//548 676//676
f 676//676 2312//2312 547//547
f 547//547 2312//2312 2311//2311
f 547//547 2311//2311 546//546
f 1533//1533 1537//1537 2311//2311
f 2311//2311 1537//1537 1538//1538
f 2311//2311 1538//1538 546//546
f 546//546 1538//1538 545//545
f 532//532 531//531 809//809
f 809//809 810//810 2313//2313
f 2313//2313 2314//2314 809//809
f 809//809 2314//2314 2315//2315
f 809//809 2315//2315 532//532
f 184//184 183//183 2316//2316
f 2316//2316 183//183 2317//2317
f 2316//2316 2317//2317 2318//2318
f 2318//2318 2317//2317 2319//2319
f 2317//2317 2320//2320 2319//2319
f 2319//2319 2320//2320 2321//2321
f 2319//2319 2321//2321 2322//2322
f 2322//2322 2321//2321 2323//2323
f 2322//2322 2323//2323 2324//2324
f 2324//2324 2323//2323 2325//2325
f 2324//2324 2325//2325 2326//2326
f 2326//2326 2325//2325 2327//2327
f 2326//2326 2327//2327 2328//2328
f 2328//2328 2327//2327 2329//2329
f 2328//2328 2329//2329 2330//2330
f 2330//2330 2329//2329 2331//2331
f 2330//2330 2331//2331 2332//2332
f 2332//2332 2331//2331 2333//2333
f 2332//2332 2333//2333 2334//2334
f 2335//2335 2336//2336 2337//2337
f 2337//2337 2336//2336 2334//2334
f 2337//2337 2334//2334 2338//2338
f 2338//2338 2334//2334 2333//2333
f 2336//2336 2335//2335 2339//2339
f 2339//2339 2335//2335 2340//2340
f 2339//2339 2340//2340 2341//2341
f 2342//2342 2339//2339 2341//2341
f 2343//2343 2344//2344 2345//2345
f 2345//2345 2344//2344 2346//2346
f 2345//2345 2346//2346 2347//2347
f 2347//2347 2346//2346 2348//2348
f 2347//2347 2348//2348 2349//2349
f 2349//2349 2348//2348 2350//2350
f 2349//2349 2350//2350 2351//2351
f 2351//2351 2350//2350 2352//2352
f 2351//2351 2352//2352 2353//2353
f 2353//2353 2352//2352 2342//2342
f 2353//2353 2342//2342 2354//2354
f 2354//2354 2342//2342 2341//2341
f 2355//2355 1282//1282 2356//2356
f 2356//2356 1282//1282 2357//2357
f 2356//2356 2357//2357 2358//2358
f 2358//2358 2357//2357 2359//2359
f 2358//2358 2359//2359 2343//2343
f 2343//2343 2359//2359 2360//2360
f 2343//2343 2360//2360 2344//2344
f 1283//1283 1282//1282 2355//2355
f 1283//1283 2355//2355 1284//1284
f 2355//2355 2361//2361 1284//1284
f 1284//1284 2361//2361 2362//2362
f 1284//1284 2362//2362 1281//1281
f 1281//1281 2362//2362 1285//1285
f 1281//1281 1285//1285 1279//1279
f 2363//2363 2364//2364 2365//2365
f 2365//2365 2364//2364 2366//2366
f 2365//2365 2366//2366 2367//2367
f 2367//2367 2366//2366 2368//2368
f 2367//2367 2368//2368 2369//2369
f 2369//2369 2368//2368 2370//2370
f 2369//2369 2370//2370 2371//2371
f 2371//2371 2370//2370 2372//2372
f 2371//2371 2372//2372 1040//1040
f 1040//1040 2372//2372 1//1
f 1040//1040 1//1 3//3
f 2364//2364 2363//2363 2373//2373
f 2373//2373 2363//2363 2374//2374
f 2373//2373 2374//2374 2375//2375
f 2375//2375 2374//2374 2376//2376
f 2375//2375 2376//2376 2377//2377
f 2377//2377 2376//2376 2378//2378
f 2377//2377 2378//2378 2379//2379
f 2379//2379 2378//2378 2380//2380
f 2379//2379 2380//2380 2381//2381
f 2381//2381 2380//2380 2382//2382
f 2381//2381 2382//2382 2383//2383
f 2383//2383 2382//2382 2384//2384
f 2383//2383 2384//2384 2385//2385
f 49//49 48//48 2386//2386
f 2386//2386 48//48 2387//2387
f 2386//2386 2387//2387 2388//2388
f 2388//2388 2387//2387 2389//2389
f 2388//2388 2389//2389 2390//2390
f 2390//2390 2389//2389 2391//2391
f 2390//2390 2391//2391 2392//2392
f 2392//2392 2391//2391 2385//2385
f 2392//2392 2385//2385 2393//2393
f 2393//2393 2385//2385 2384//2384
f 2394//2394 2395//2395 2396//2396
f 2396//2396 2395//2395 2397//2397
f 2398//2398 2399//2399 2396//2396
f 2396//2396 2399//2399 2400//2400
f 2396//2396 2400//2400 2394//2394
f 2394//2394 2400//2400 2401//2401
f 2394//2394 2401//2401 2402//2402
f 2396//2396 2403//2403 2398//2398
f 2398//2398 2403//2403 324//324
f 2398//2398 324//324 390//390
f 2397//2397 2404//2404 2396//2396
f 2396//2396 2404//2404 2405//2405
f 2396//2396 2405//2405 2403//2403
f 2403//2403 2405//2405 2406//2406
f 2403//2403 2406//2406 324//324
f 324//324 2406//2406 325//325
f 325//325 2406//2406 327//327
f 327//327 2406//2406 2407//2407
f 327//327 2407//2407 323//323
f 323//323 2407//2407 2408//2408
f 323//323 2408//2408 322//322
f 322//322 2408//2408 320//320
f 320//320 2408//2408 2409//2409
f 320//320 2409//2409 317//317
f 2409//2409 2410//2410 317//317
f 317//317 2410//2410 2411//2411
f 317//317 2411//2411 318//318
f 2411//2411 2412//2412 318//318
f 318//318 2412//2412 2413//2413
f 318//318 2413//2413 314//314
f 314//314 2413//2413 315//315
f 315//315 2413//2413 2414//2414
f 315//315 2414//2414 316//316
f 316//316 2414//2414 310//310
f 310//310 2414//2414 2415//2415
f 310//310 2415//2415 2416//2416
f 2416//2416 196//196 310//310
f 310//310 196//196 194//194
f 310//310 194//194 193//193
f 1197//1197 2417//2417 1198//1198
f 1198//1198 2417//2417 2418//2418
f 1198//1198 2418//2418 1200//1200
f 2419//2419 1204//1204 1202//1202
f 1200//1200 2418//2418 1202//1202
f 1202//1202 2418//2418 2420//2420
f 1202//1202 2420//2420 2419//2419
f 390//390 2421//2421 2398//2398
f 2398//2398 2421//2421 2420//2420
f 2398//2398 2420//2420 2399//2399
f 2399//2399 2420//2420 2418//2418
f 2399//2399 2418//2418 2400//2400
f 1197//1197 1162//1162 2417//2417
f 2417//2417 1162//1162 1183//1183
f 2417//2417 1183//1183 2422//2422
f 2400//2400 2418//2418 2401//2401
f 2401//2401 2418//2418 2417//2417
f 2401//2401 2417//2417 2402//2402
f 2402//2402 2417//2417 2422//2422
f 2402//2402 2422//2422 2423//2423
f 2424//2424 1289//1289 1044//1044
f 1238//1238 1239//1239 2425//2425
f 2425//2425 1239//1239 1241//1241
f 1171//1171 1169//1169 2426//2426
f 2426//2426 1169//1169 2427//2427
f 1044//1044 1042//1042 2424//2424
f 2424//2424 1042//1042 1175//1175
f 2424//2424 1175//1175 2426//2426
f 2426//2426 1175//1175 1173//1173
f 2426//2426 1173//1173 1171//1171
f 2428//2428 2429//2429 1228//1228
f 1169//1169 1167//1167 2427//2427
f 2427//2427 1167//1167 1164//1164
f 2427//2427 1164//1164 1163//1163
f 1196//1196 2430//2430 1181//1181
f 1181//1181 2430//2430 2427//2427
f 1181//1181 2427//2427 1179//1179
f 1179//1179 2427//2427 1163//1163
f 47//47 1297//1297 45//45
f 45//45 1297//1297 2431//2431
f 45//45 2431//2431 1249//1249
f 1249//1249 2431//2431 2425//2425
f 1249//1249 2425//2425 1247//1247
f 1247//1247 2425//2425 1241//1241
f 1228//1228 1231//1231 2428//2428
f 2428//2428 1231//1231 1233//1233
f 2428//2428 1233//1233 2425//2425
f 2425//2425 1233//1233 1236//1236
f 2425//2425 1236//1236 1238//1238
f 1219//1219 1206//1206 2432//2432
f 2432//2432 1206//1206 1208//1208
f 1208//1208 1210//1210 2432//2432
f 2432//2432 1210//1210 1224//1224
f 2432//2432 1224//1224 2429//2429
f 2429//2429 1224//1224 1226//1226
f 2429//2429 1226//1226 1228//1228
f 1161//1161 1160//1160 2433//2433
f 2433//2433 1160//1160 1199//1199
f 2433//2433 1199//1199 2434//2434
f 2434//2434 1199//1199 1201//1201
f 2434//2434 1201//1201 1203//1203
f 1191//1191 2435//2435 1193//1193
f 1193//1193 2435//2435 2430//2430
f 1193//1193 2430//2430 1195//1195
f 1195//1195 2430//2430 1196//1196
f 1203//1203 1205//1205 2434//2434
f 2434//2434 1205//1205 1211//1211
f 2434//2434 1211//1211 2436//2436
f 1191//1191 1189//1189 2435//2435
f 2435//2435 1189//1189 1186//1186
f 2435//2435 1186//1186 2433//2433
f 2433//2433 1186//1186 1184//1184
f 2433//2433 1184//1184 1161//1161
f 1211//1211 1213//1213 2436//2436
f 2436//2436 1213//1213 1215//1215
f 2436//2436 1215//1215 2432//2432
f 2432//2432 1215//1215 1217//1217
f 2432//2432 1217//1217 1219//1219
f 184//184 72//72 108//108
f 184//184 108//108 185//185
f 185//185 108//108 107//107
f 185//185 107//107 2437//2437
f 2438//2438 2339//2339 2342//2342
f 2348//2348 2346//2346 1270//1270
f 250//250 256//256 2344//2344
f 2344//2344 256//256 255//255
f 255//255 1267//1267 2344//2344
f 2344//2344 1267//1267 1263//1263
f 2344//2344 1263//1263 2346//2346
f 2346//2346 1263//1263 1271//1271
f 2346//2346 1271//1271 1270//1270
f 2359//2359 243//243 2360//2360
f 2360//2360 243//243 242//242
f 2360//2360 242//242 2344//2344
f 2344//2344 242//242 248//248
f 2344//2344 248//248 250//250
f 237//237 247//247 2357//2357
f 2357//2357 247//247 246//246
f 2357//2357 246//246 2359//2359
f 2359//2359 246//246 245//245
f 2359//2359 245//245 243//243
f 225//225 224//224 1282//1282
f 1282//1282 224//224 240//240
f 1282//1282 240//240 2357//2357
f 2357//2357 240//240 238//238
f 2357//2357 238//238 237//237
f 1270//1270 1269//1269 2348//2348
f 2348//2348 1269//1269 1268//1268
f 2348//2348 1268//1268 2350//2350
f 2350//2350 1268//1268 1275//1275
f 2350//2350 1275//1275 2352//2352
f 2352//2352 1275//1275 1274//1274
f 2352//2352 1274//1274 2342//2342
f 2439//2439 2438//2438 1272//1272
f 1272//1272 2438//2438 2342//2342
f 1272//1272 2342//2342 1273//1273
f 1273//1273 2342//2342 1274//1274
f 2440//2440 84//84 87//87
f 2334//2334 2336//2336 2440//2440
f 2440//2440 87//87 2334//2334
f 2334//2334 87//87 89//89
f 2334//2334 89//89 2332//2332
f 2332//2332 89//89 2330//2330
f 2330//2330 89//89 91//91
f 2330//2330 91//91 2328//2328
f 2328//2328 91//91 92//92
f 2328//2328 92//92 2326//2326
f 2326//2326 92//92 94//94
f 2326//2326 94//94 2324//2324
f 94//94 104//104 2324//2324
f 2324//2324 104//104 105//105
f 2324//2324 105//105 2322//2322
f 2322//2322 105//105 106//106
f 2322//2322 106//106 2319//2319
f 2319//2319 106//106 70//70
f 2319//2319 70//70 2318//2318
f 2318//2318 70//70 2316//2316
f 2316//2316 70//70 72//72
f 2316//2316 72//72 184//184
f 2441//2441 84//84 2440//2440
f 2440//2440 2442//2442 2441//2441
f 2441//2441 2442//2442 2443//2443
f 2441//2441 2443//2443 2444//2444
f 2439//2439 2444//2444 2438//2438
f 2438//2438 2444//2444 2443//2443
f 2438//2438 2443//2443 2339//2339
f 2339//2339 2443//2443 2442//2442
f 2339//2339 2442//2442 2336//2336
f 2336//2336 2442//2442 2440//2440
f 2445//2445 2446//2446 2364//2364
f 2375//2375 2377//2377 2447//2447
f 2447//2447 2377//2377 2379//2379
f 2391//2391 2389//2389 191//191
f 191//191 2389//2389 113//113
f 113//113 2389//2389 2387//2387
f 113//113 2387//2387 48//48
f 2448//2448 2449//2449 2391//2391
f 2391//2391 2449//2449 2385//2385
f 2450//2450 2381//2381 2451//2451
f 2451//2451 2381//2381 2383//2383
f 2451//2451 2383//2383 2452//2452
f 2450//2450 2453//2453 2454//2454
f 2454//2454 2364//2364 2373//2373
f 2373//2373 2375//2375 2454//2454
f 2454//2454 2375//2375 2447//2447
f 2454//2454 2447//2447 2450//2450
f 2450//2450 2447//2447 2379//2379
f 2450//2450 2379//2379 2381//2381
f 2445//2445 2364//2364 2455//2455
f 2455//2455 2364//2364 2454//2454
f 2455//2455 2454//2454 2456//2456
f 2456//2456 2454//2454 2453//2453
f 2456//2456 2453//2453 2457//2457
f 2452//2452 2458//2458 2451//2451
f 2451//2451 2458//2458 2459//2459
f 2451//2451 2459//2459 2450//2450
f 2450//2450 2459//2459 2460//2460
f 2450//2450 2460//2460 2453//2453
f 2453//2453 2460//2460 2395//2395
f 2453//2453 2395//2395 2457//2457
f 2457//2457 2395//2395 2394//2394
f 2457//2457 2394//2394 2423//2423
f 2423//2423 2394//2394 2402//2402
f 2461//2461 2462//2462 2452//2452
f 2452//2452 2462//2462 2463//2463
f 2452//2452 2463//2463 2458//2458
f 2464//2464 2465//2465 2448//2448
f 2448//2448 2465//2465 2461//2461
f 2448//2448 2461//2461 2449//2449
f 2449//2449 2461//2461 2452//2452
f 2449//2449 2452//2452 2385//2385
f 2385//2385 2452//2452 2383//2383
f 2391//2391 191//191 2448//2448
f 2448//2448 191//191 196//196
f 2448//2448 196//196 2464//2464
f 2466//2466 2421//2421 390//390
f 346//346 353//353 2467//2467
f 2467//2467 353//353 352//352
f 2467//2467 352//352 2468//2468
f 2468//2468 352//352 350//350
f 2468//2468 350//350 2469//2469
f 346//346 2467//2467 342//342
f 342//342 2467//2467 2470//2470
f 342//342 2470//2470 343//343
f 343//343 2470//2470 345//345
f 345//345 2470//2470 2471//2471
f 345//345 2471//2471 337//337
f 340//340 2472//2472 341//341
f 341//341 2472//2472 2473//2473
f 341//341 2473//2473 330//330
f 330//330 2473//2473 2474//2474
f 330//330 2474//2474 332//332
f 389//389 335//335 2475//2475
f 2475//2475 335//335 334//334
f 2475//2475 334//334 2476//2476
f 2421//2421 2466//2466 2420//2420
f 2420//2420 2466//2466 2477//2477
f 2420//2420 2477//2477 2419//2419
f 2419//2419 2477//2477 1212//1212
f 2419//2419 1212//1212 1204//1204
f 1220//1220 1218//1218 2478//2478
f 2478//2478 1218//1218 1216//1216
f 2478//2478 1216//1216 2477//2477
f 2477//2477 1216//1216 1214//1214
f 2477//2477 1214//1214 1212//1212
f 2479//2479 1223//1223 2480//2480
f 2480//2480 1223//1223 1222//1222
f 1222//1222 1209//1209 2480//2480
f 2480//2480 1209//1209 1207//1207
f 2480//2480 1207//1207 1221//1221
f 2481//2481 1227//1227 1225//1225
f 2482//2482 1232//1232 2483//2483
f 2483//2483 1232//1232 1230//1230
f 2483//2483 1230//1230 2481//2481
f 2481//2481 1230//1230 1229//1229
f 2481//2481 1229//1229 1227//1227
f 2484//2484 1235//1235 2482//2482
f 2482//2482 1235//1235 1234//1234
f 2482//2482 1234//1234 1232//1232
f 1245//1245 1243//1243 2485//2485
f 2485//2485 1243//1243 1240//1240
f 2485//2485 1240//1240 2484//2484
f 2484//2484 1240//1240 1237//1237
f 2484//2484 1237//1237 1235//1235
f 2486//2486 2487//2487 1246//1246
f 350//350 355//355 2469//2469
f 2469//2469 355//355 354//354
f 2469//2469 354//354 2486//2486
f 2488//2488 2471//2471 2481//2481
f 2481//2481 2471//2471 2470//2470
f 2481//2481 2470//2470 2483//2483
f 2483//2483 2470//2470 2467//2467
f 2483//2483 2467//2467 2482//2482
f 2482//2482 2467//2467 2468//2468
f 2482//2482 2468//2468 2484//2484
f 2484//2484 2468//2468 2469//2469
f 2484//2484 2469//2469 2485//2485
f 2485//2485 2469//2469 2486//2486
f 2485//2485 2486//2486 1245//1245
f 1245//1245 2486//2486 1246//1246
f 337//337 2471//2471 339//339
f 339//339 2471//2471 2488//2488
f 339//339 2488//2488 2489//2489
f 2489//2489 2488//2488 2481//2481
f 2489//2489 2481//2481 2479//2479
f 2479//2479 2481//2481 1225//1225
f 2479//2479 1225//1225 1223//1223
f 334//334 332//332 2476//2476
f 2476//2476 332//332 2474//2474
f 2476//2476 2474//2474 2480//2480
f 2480//2480 2474//2474 2473//2473
f 2480//2480 2473//2473 2479//2479
f 2479//2479 2473//2473 2472//2472
f 2479//2479 2472//2472 2489//2489
f 2489//2489 2472//2472 340//340
f 2489//2489 340//340 339//339
f 390//390 389//389 2466//2466
f 2466//2466 389//389 2475//2475
f 2466//2466 2475//2475 2477//2477
f 2477//2477 2475//2475 2476//2476
f 2477//2477 2476//2476 2478//2478
f 2478//2478 2476//2476 2480//2480
f 2478//2478 2480//2480 1220//1220
f 1220//1220 2480//2480 1221//1221
f 2490//2490 2491//2491 2492//2492
f 2464//2464 196//196 2493//2493
f 2493//2493 196//196 2416//2416
f 2493//2493 2416//2416 2415//2415
f 2414//2414 2494//2494 2415//2415
f 2495//2495 2496//2496 2460//2460
f 2395//2395 2460//2460 2397//2397
f 2397//2397 2460//2460 2496//2496
f 2397//2397 2496//2496 2404//2404
f 2407//2407 2406//2406 2496//2496
f 2496//2496 2406//2406 2405//2405
f 2496//2496 2405//2405 2404//2404
f 2412//2412 2411//2411 2497//2497
f 2497//2497 2411//2411 2410//2410
f 2410//2410 2409//2409 2496//2496
f 2496//2496 2409//2409 2408//2408
f 2496//2496 2408//2408 2407//2407
f 2410//2410 2496//2496 2497//2497
f 2497//2497 2496//2496 2495//2495
f 2497//2497 2495//2495 2412//2412
f 2412//2412 2495//2495 2492//2492
f 2412//2412 2492//2492 2413//2413
f 2413//2413 2492//2492 2491//2491
f 2413//2413 2491//2491 2414//2414
f 2414//2414 2491//2491 2490//2490
f 2414//2414 2490//2490 2494//2494
f 2415//2415 2494//2494 2493//2493
f 2493//2493 2494//2494 2465//2465
f 2493//2493 2465//2465 2464//2464
f 2460//2460 2459//2459 2495//2495
f 2495//2495 2459//2459 2458//2458
f 2495//2495 2458//2458 2492//2492
f 2492//2492 2458//2458 2463//2463
f 2492//2492 2463//2463 2490//2490
f 2490//2490 2463//2463 2462//2462
f 2490//2490 2462//2462 2494//2494
f 2494//2494 2462//2462 2461//2461
f 2494//2494 2461//2461 2465//2465
f 2498//2498 1305//1305 1285//1285
f 2498//2498 1285//1285 2499//2499
f 2499//2499 1285//1285 2500//2500
f 2500//2500 1285//1285 2362//2362
f 2500//2500 2362//2362 2501//2501
f 2501//2501 2362//2362 2361//2361
f 2501//2501 2361//2361 2502//2502
f 2502//2502 2361//2361 2355//2355
f 2502//2502 2355//2355 2503//2503
f 2504//2504 2505//2505 2499//2499
f 2499//2499 2505//2505 2498//2498
f 1305//1305 2498//2498 1750//1750
f 1750//1750 2498//2498 2505//2505
f 1750//1750 2505//2505 1751//1751
f 1751//1751 2505//2505 1785//1785
f 2506//2506 2507//2507 1783//1783
f 2508//2508 1782//1782 2509//2509
f 2509//2509 1782//1782 1753//1753
f 2509//2509 1753//1753 2507//2507
f 2507//2507 1753//1753 1752//1752
f 2507//2507 1752//1752 1783//1783
f 2504//2504 2510//2510 2505//2505
f 2505//2505 2510//2510 2506//2506
f 2505//2505 2506//2506 1785//1785
f 1785//1785 2506//2506 1783//1783
f 2511//2511 2508//2508 2512//2512
f 2512//2512 2508//2508 2509//2509
f 2512//2512 2509//2509 2513//2513
f 2513//2513 2509//2509 2507//2507
f 2513//2513 2507//2507 2514//2514
f 2514//2514 2507//2507 2506//2506
f 2514//2514 2506//2506 2515//2515
f 2515//2515 2506//2506 2510//2510
f 1384//1384 2516//2516 2306//2306
f 2306//2306 2516//2516 1035//1035
f 2306//2306 1035//1035 1034//1034
f 2517//2517 2518//2518 2519//2519
f 2519//2519 2518//2518 2520//2520
f 2519//2519 2520//2520 2521//2521
f 2521//2521 2520//2520 2522//2522
f 2521//2521 2522//2522 2523//2523
f 2524//2524 2517//2517 2525//2525
f 2525//2525 2517//2517 2519//2519
f 2525//2525 2519//2519 2526//2526
f 2526//2526 2519//2519 2521//2521
f 2526//2526 2521//2521 2527//2527
f 2527//2527 2521//2521 2523//2523
f 2527//2527 2523//2523 2528//2528
f 2529//2529 2530//2530 2531//2531
f 2531//2531 2530//2530 2532//2532
f 2531//2531 2532//2532 2533//2533
f 2533//2533 2532//2532 2534//2534
f 2533//2533 2534//2534 2535//2535
f 2535//2535 2534//2534 2536//2536
f 2535//2535 2536//2536 2537//2537
f 2537//2537 2536//2536 2538//2538
f 2537//2537 2538//2538 2539//2539
f 2539//2539 2538//2538 2527//2527
f 2539//2539 2527//2527 2528//2528
f 2540//2540 2541//2541 2529//2529
f 2529//2529 2541//2541 2542//2542
f 2529//2529 2542//2542 2530//2530
f 2543//2543 2544//2544 2545//2545
f 2540//2540 2546//2546 2541//2541
f 2541//2541 2546//2546 2547//2547
f 2541//2541 2547//2547 2548//2548
f 2548//2548 2547//2547 2549//2549
f 2548//2548 2549//2549 2545//2545
f 2545//2545 2549//2549 2550//2550
f 2545//2545 2550//2550 2543//2543
f 2551//2551 2552//2552 2553//2553
f 2554//2554 2555//2555 2556//2556
f 2556//2556 2523//2523 2557//2557
f 2557//2557 2523//2523 2522//2522
f 2554//2554 2556//2556 2558//2558
f 2558//2558 2556//2556 2557//2557
f 2558//2558 2557//2557 2559//2559
f 2552//2552 2551//2551 2557//2557
f 2557//2557 2551//2551 2560//2560
f 2557//2557 2560//2560 2559//2559
f 2522//2522 2520//2520 2557//2557
f 2557//2557 2520//2520 2518//2518
f 2557//2557 2518//2518 2552//2552
f 2552//2552 2518//2518 2517//2517
f 2552//2552 2517//2517 2553//2553
f 2553//2553 2517//2517 2524//2524
f 2553//2553 2524//2524 2561//2561
f 2052//2052 2562//2562 2053//2053
f 2053//2053 2562//2562 2563//2563
f 2053//2053 2563//2563 1312//1312
f 1312//1312 2563//2563 2564//2564
f 2105//2105 2565//2565 2052//2052
f 2052//2052 2565//2565 2562//2562
f 2034//2034 1307//1307 2566//2566
f 2566//2566 2567//2567 2034//2034
f 2034//2034 2567//2567 2568//2568
f 2034//2034 2568//2568 1386//1386
f 1342//1342 1340//1340 2569//2569
f 1376//1376 1374//1374 2570//2570
f 2571//2571 2572//2572 2573//2573
f 2573//2573 2572//2572 2574//2574
f 2575//2575 2576//2576 2577//2577
f 2577//2577 2576//2576 2578//2578
f 2576//2576 2579//2579 2578//2578
f 2578//2578 2579//2579 2580//2580
f 2578//2578 2580//2580 2573//2573
f 2573//2573 2580//2580 2581//2581
f 2573//2573 2581//2581 2571//2571
f 1328//1328 2582//2582 1329//1329
f 1329//1329 2582//2582 2583//2583
f 1329//1329 2583//2583 1331//1331
f 2584//2584 2585//2585 2586//2586
f 2586//2586 2585//2585 2587//2587
f 2586//2586 2587//2587 2588//2588
f 2572//2572 2589//2589 2574//2574
f 2574//2574 2589//2589 2590//2590
f 2574//2574 2590//2590 2584//2584
f 2584//2584 2590//2590 2591//2591
f 2584//2584 2591//2591 2585//2585
f 2575//2575 2577//2577 2592//2592
f 2592//2592 2577//2577 2593//2593
f 2592//2592 2593//2593 2594//2594
f 2594//2594 2593//2593 2595//2595
f 2595//2595 2593//2593 2596//2596
f 2595//2595 2596//2596 2597//2597
f 1328//1328 1326//1326 2582//2582
f 2582//2582 1326//1326 1324//1324
f 2582//2582 1324//1324 2598//2598
f 1340//1340 1337//1337 2569//2569
f 2569//2569 1337//1337 1335//1335
f 2569//2569 1335//1335 2583//2583
f 2583//2583 1335//1335 1334//1334
f 2583//2583 1334//1334 1331//1331
f 1358//1358 1356//1356 2599//2599
f 2599//2599 1356//1356 1354//1354
f 1354//1354 1353//1353 2599//2599
f 2599//2599 1353//1353 1350//1350
f 2599//2599 1350//1350 2600//2600
f 1358//1358 2599//2599 1360//1360
f 1360//1360 2599//2599 2601//2601
f 1360//1360 2601//2601 1362//1362
f 1374//1374 1372//1372 2570//2570
f 2570//2570 1372//1372 1370//1370
f 2570//2570 1370//1370 2602//2602
f 1382//1382 1381//1381 2603//2603
f 2603//2603 1381//1381 1379//1379
f 2603//2603 1379//1379 2570//2570
f 2570//2570 1379//1379 1378//1378
f 2570//2570 1378//1378 1376//1376
f 2587//2587 2604//2604 2588//2588
f 2588//2588 2604//2604 2605//2605
f 2588//2588 2605//2605 2606//2606
f 2606//2606 2605//2605 2607//2607
f 2606//2606 2607//2607 2608//2608
f 2609//2609 2610//2610 2596//2596
f 2596//2596 2610//2610 2611//2611
f 2596//2596 2611//2611 2597//2597
f 1318//1318 2612//2612 1319//1319
f 1319//1319 2612//2612 2598//2598
f 1319//1319 2598//2598 1321//1321
f 1321//1321 2598//2598 1324//1324
f 1370//1370 1367//1367 2602//2602
f 2602//2602 1367//1367 1366//1366
f 2602//2602 1366//1366 2601//2601
f 2601//2601 1366//1366 1364//1364
f 2601//2601 1364//1364 1362//1362
f 2613//2613 2614//2614 2615//2615
f 2615//2615 2614//2614 2608//2608
f 2615//2615 2608//2608 2616//2616
f 2616//2616 2608//2608 2607//2607
f 1318//1318 1315//1315 2612//2612
f 2612//2612 1315//1315 1314//1314
f 2612//2612 1314//1314 2609//2609
f 2609//2609 1314//1314 1313//1313
f 2609//2609 1313//1313 2610//2610
f 1350//1350 1347//1347 2600//2600
f 2600//2600 1347//1347 1345//1345
f 2600//2600 1345//1345 2569//2569
f 2569//2569 1345//1345 1343//1343
f 2569//2569 1343//1343 1342//1342
f 2613//2613 1306//1306 2614//2614
f 2614//2614 1306//1306 1308//1308
f 2614//2614 1308//1308 2603//2603
f 2603//2603 1308//1308 1310//1310
f 2603//2603 1310//1310 1382//1382
f 1307//1307 1306//1306 2566//2566
f 2566//2566 1306//1306 2613//2613
f 2566//2566 2613//2613 2617//2617
f 2618//2618 2619//2619 2616//2616
f 2616//2616 2619//2619 2617//2617
f 2616//2616 2617//2617 2615//2615
f 2615//2615 2617//2617 2613//2613
f 2618//2618 2616//2616 2620//2620
f 2620//2620 2616//2616 2607//2607
f 2620//2620 2607//2607 2621//2621
f 2587//2587 2622//2622 2604//2604
f 2604//2604 2622//2622 2623//2623
f 2604//2604 2623//2623 2605//2605
f 2605//2605 2623//2623 2624//2624
f 2605//2605 2624//2624 2607//2607
f 2607//2607 2624//2624 2625//2625
f 2607//2607 2625//2625 2621//2621
f 2626//2626 2627//2627 2590//2590
f 2590//2590 2627//2627 2628//2628
f 2590//2590 2628//2628 2591//2591
f 2591//2591 2628//2628 2629//2629
f 2591//2591 2629//2629 2585//2585
f 2585//2585 2629//2629 2630//2630
f 2585//2585 2630//2630 2587//2587
f 2587//2587 2630//2630 2631//2631
f 2587//2587 2631//2631 2622//2622
f 2626//2626 2590//2590 2632//2632
f 2632//2632 2590//2590 2589//2589
f 2632//2632 2589//2589 2633//2633
f 2633//2633 2589//2589 2634//2634
f 2634//2634 2589//2589 2572//2572
f 2634//2634 2572//2572 2635//2635
f 2635//2635 2572//2572 2636//2636
f 2636//2636 2572//2572 2571//2571
f 2636//2636 2571//2571 2637//2637
f 2637//2637 2571//2571 2581//2581
f 2637//2637 2581//2581 2638//2638
f 2638//2638 2581//2581 2580//2580
f 2638//2638 2580//2580 2639//2639
f 2639//2639 2580//2580 2579//2579
f 2639//2639 2579//2579 2640//2640
f 2640//2640 2579//2579 2576//2576
f 2640//2640 2576//2576 2641//2641
f 2641//2641 2576//2576 2642//2642
f 2642//2642 2576//2576 2575//2575
f 2642//2642 2575//2575 2643//2643
f 2643//2643 2575//2575 2644//2644
f 2644//2644 2575//2575 2592//2592
f 2644//2644 2592//2592 2645//2645
f 2645//2645 2592//2592 2594//2594
f 2645//2645 2594//2594 2646//2646
f 2646//2646 2594//2594 2595//2595
f 2646//2646 2595//2595 2647//2647
f 2647//2647 2595//2595 2597//2597
f 2647//2647 2597//2597 2648//2648
f 2648//2648 2597//2597 2611//2611
f 2648//2648 2611//2611 2649//2649
f 2649//2649 2611//2611 2650//2650
f 2650//2650 2611//2611 2610//2610
f 2650//2650 2610//2610 2651//2651
f 2651//2651 2610//2610 2564//2564
f 2564//2564 2610//2610 1313//1313
f 2564//2564 1313//1313 1312//1312
f 2652//2652 818//818 820//820
f 2652//2652 820//820 822//822
f 2653//2653 814//814 2654//2654
f 2654//2654 814//814 813//813
f 2654//2654 813//813 2652//2652
f 2652//2652 813//813 818//818
f 822//822 824//824 2652//2652
f 2652//2652 824//824 826//826
f 2652//2652 826//826 2655//2655
f 2655//2655 826//826 828//828
f 2655//2655 828//828 2656//2656
f 828//828 830//830 2656//2656
f 2656//2656 830//830 832//832
f 2656//2656 832//832 2657//2657
f 2657//2657 832//832 834//834
f 2657//2657 834//834 2658//2658
f 834//834 836//836 2658//2658
f 2658//2658 836//836 838//838
f 2658//2658 838//838 2659//2659
f 838//838 840//840 2659//2659
f 2659//2659 840//840 842//842
f 2659//2659 842//842 2660//2660
f 2660//2660 842//842 844//844
f 2660//2660 844//844 2661//2661
f 844//844 846//846 2661//2661
f 2661//2661 846//846 848//848
f 2661//2661 848//848 2662//2662
f 2662//2662 848//848 851//851
f 2662//2662 851//851 2663//2663
f 2663//2663 851//851 852//852
f 2663//2663 852//852 2664//2664
f 2664//2664 852//852 854//854
f 2664//2664 854//854 2665//2665
f 854//854 856//856 2665//2665
f 2665//2665 856//856 858//858
f 2665//2665 858//858 2666//2666
f 2666//2666 858//858 860//860
f 2666//2666 860//860 2667//2667
f 860//860 862//862 2667//2667
f 2667//2667 862//862 864//864
f 2667//2667 864//864 2668//2668
f 877//877 2669//2669 2670//2670
f 864//864 866//866 2668//2668
f 2668//2668 866//866 869//869
f 2668//2668 869//869 2671//2671
f 2671//2671 869//869 871//871
f 2671//2671 871//871 2672//2672
f 2672//2672 871//871 873//873
f 2672//2672 873//873 2670//2670
f 2670//2670 873//873 875//875
f 2670//2670 875//875 877//877
f 887//887 2673//2673 886//886
f 886//886 2673//2673 2674//2674
f 877//877 879//879 2669//2669
f 2669//2669 879//879 881//881
f 2669//2669 881//881 2674//2674
f 2674//2674 881//881 883//883
f 2674//2674 883//883 886//886
f 2675//2675 2673//2673 887//887
f 2675//2675 887//887 2676//2676
f 2676//2676 887//887 889//889
f 2676//2676 889//889 2677//2677
f 898//898 897//897 2678//2678
f 2678//2678 895//895 899//899
f 2678//2678 899//899 898//898
f 889//889 892//892 2677//2677
f 2677//2677 892//892 893//893
f 2677//2677 893//893 2678//2678
f 2678//2678 893//893 895//895
f 897//897 900//900 2678//2678
f 2678//2678 900//900 902//902
f 2678//2678 902//902 2679//2679
f 2679//2679 902//902 904//904
f 2679//2679 904//904 2680//2680
f 2680//2680 904//904 907//907
f 2680//2680 907//907 2681//2681
f 2681//2681 907//907 909//909
f 2681//2681 909//909 2682//2682
f 2682//2682 909//909 2683//2683
f 909//909 911//911 2683//2683
f 2683//2683 911//911 913//913
f 2683//2683 913//913 2684//2684
f 2684//2684 913//913 915//915
f 2684//2684 915//915 2685//2685
f 2685//2685 915//915 918//918
f 2685//2685 918//918 2686//2686
f 2686//2686 918//918 920//920
f 2686//2686 920//920 2687//2687
f 2687//2687 920//920 923//923
f 2687//2687 923//923 2688//2688
f 2688//2688 923//923 925//925
f 2688//2688 925//925 2689//2689
f 2689//2689 925//925 927//927
f 2689//2689 927//927 2690//2690
f 2690//2690 927//927 930//930
f 2690//2690 930//930 2691//2691
f 930//930 932//932 2691//2691
f 2691//2691 932//932 934//934
f 2691//2691 934//934 2692//2692
f 2692//2692 934//934 937//937
f 2692//2692 937//937 2693//2693
f 2693//2693 937//937 2694//2694
f 937//937 939//939 2694//2694
f 2694//2694 939//939 941//941
f 2694//2694 941//941 2695//2695
f 2695//2695 941//941 943//943
f 2695//2695 943//943 2696//2696
f 2696//2696 943//943 946//946
f 2696//2696 946//946 2697//2697
f 2697//2697 946//946 2698//2698
f 2698//2698 946//946 948//948
f 2698//2698 948//948 2699//2699
f 2699//2699 948//948 950//950
f 2699//2699 950//950 2700//2700
f 814//814 2653//2653 816//816
f 816//816 2653//2653 2700//2700
f 816//816 2700//2700 952//952
f 952//952 2700//2700 950//950
f 2695//2695 2701//2701 2702//2702
f 2703//2703 2704//2704 2705//2705
f 2706//2706 2707//2707 2708//2708
f 2709//2709 2678//2678 2679//2679
f 2710//2710 2711//2711 2706//2706
f 2712//2712 2705//2705 2713//2713
f 2703//2703 2705//2705 2714//2714
f 2714//2714 2705//2705 2712//2712
f 2714//2714 2712//2712 2715//2715
f 2716//2716 2717//2717 2712//2712
f 2712//2712 2717//2717 2718//2718
f 2712//2712 2718//2718 2715//2715
f 2719//2719 2720//2720 2716//2716
f 2716//2716 2720//2720 2721//2721
f 2716//2716 2721//2721 2717//2717
f 2722//2722 2723//2723 2719//2719
f 2719//2719 2723//2723 2724//2724
f 2719//2719 2724//2724 2720//2720
f 2725//2725 2726//2726 2722//2722
f 2722//2722 2726//2726 2727//2727
f 2722//2722 2727//2727 2723//2723
f 2728//2728 2729//2729 2725//2725
f 2725//2725 2729//2729 2730//2730
f 2725//2725 2730//2730 2726//2726
f 2731//2731 2732//2732 2728//2728
f 2728//2728 2732//2732 2733//2733
f 2728//2728 2733//2733 2729//2729
f 2734//2734 2735//2735 2731//2731
f 2731//2731 2735//2735 2736//2736
f 2731//2731 2736//2736 2732//2732
f 2737//2737 2738//2738 2739//2739
f 2739//2739 2738//2738 2740//2740
f 2739//2739 2740//2740 2734//2734
f 2734//2734 2740//2740 2741//2741
f 2734//2734 2741//2741 2735//2735
f 2737//2737 2739//2739 2742//2742
f 2742//2742 2739//2739 2743//2743
f 2742//2742 2743//2743 2744//2744
f 2744//2744 2743//2743 2745//2745
f 2745//2745 2743//2743 2746//2746
f 2745//2745 2746//2746 2747//2747
f 2748//2748 2749//2749 2746//2746
f 2746//2746 2749//2749 2750//2750
f 2746//2746 2750//2750 2747//2747
f 2751//2751 2752//2752 2753//2753
f 2753//2753 2752//2752 2754//2754
f 2753//2753 2754//2754 2748//2748
f 2748//2748 2754//2754 2755//2755
f 2748//2748 2755//2755 2749//2749
f 2756//2756 2757//2757 2700//2700
f 2700//2700 2757//2757 2699//2699
f 2699//2699 2757//2757 2698//2698
f 2698//2698 2757//2757 2758//2758
f 2698//2698 2758//2758 2697//2697
f 2701//2701 2695//2695 2758//2758
f 2758//2758 2695//2695 2696//2696
f 2758//2758 2696//2696 2697//2697
f 2759//2759 2693//2693 2702//2702
f 2702//2702 2693//2693 2694//2694
f 2702//2702 2694//2694 2695//2695
f 2690//2690 2691//2691 2759//2759
f 2759//2759 2691//2691 2692//2692
f 2759//2759 2692//2692 2693//2693
f 2760//2760 2689//2689 2761//2761
f 2761//2761 2689//2689 2690//2690
f 2761//2761 2690//2690 2762//2762
f 2762//2762 2690//2690 2759//2759
f 2763//2763 2687//2687 2760//2760
f 2760//2760 2687//2687 2688//2688
f 2760//2760 2688//2688 2689//2689
f 2684//2684 2685//2685 2763//2763
f 2763//2763 2685//2685 2686//2686
f 2763//2763 2686//2686 2687//2687
f 2763//2763 2764//2764 2684//2684
f 2684//2684 2764//2764 2765//2765
f 2684//2684 2765//2765 2683//2683
f 2683//2683 2765//2765 2682//2682
f 2682//2682 2765//2765 2766//2766
f 2682//2682 2766//2766 2681//2681
f 2707//2707 2709//2709 2708//2708
f 2708//2708 2709//2709 2679//2679
f 2708//2708 2679//2679 2766//2766
f 2766//2766 2679//2679 2680//2680
f 2766//2766 2680//2680 2681//2681
f 2767//2767 2751//2751 2768//2768
f 2768//2768 2751//2751 2753//2753
f 2768//2768 2753//2753 2769//2769
f 2769//2769 2753//2753 2770//2770
f 2770//2770 2753//2753 2748//2748
f 2770//2770 2748//2748 2771//2771
f 2771//2771 2748//2748 2746//2746
f 2771//2771 2746//2746 2772//2772
f 2772//2772 2746//2746 2743//2743
f 2772//2772 2743//2743 2773//2773
f 2773//2773 2743//2743 2739//2739
f 2773//2773 2739//2739 2774//2774
f 2774//2774 2739//2739 2734//2734
f 2774//2774 2734//2734 2775//2775
f 2775//2775 2734//2734 2731//2731
f 2775//2775 2731//2731 2776//2776
f 2776//2776 2731//2731 2728//2728
f 2776//2776 2728//2728 2777//2777
f 2777//2777 2728//2728 2725//2725
f 2777//2777 2725//2725 2778//2778
f 2778//2778 2725//2725 2722//2722
f 2778//2778 2722//2722 2779//2779
f 2779//2779 2722//2722 2719//2719
f 2779//2779 2719//2719 2780//2780
f 2780//2780 2719//2719 2716//2716
f 2780//2780 2716//2716 2781//2781
f 2781//2781 2716//2716 2712//2712
f 2781//2781 2712//2712 2710//2710
f 2710//2710 2712//2712 2713//2713
f 2710//2710 2713//2713 2711//2711
f 2706//2706 2708//2708 2710//2710
f 2710//2710 2708//2708 2766//2766
f 2710//2710 2766//2766 2781//2781
f 2781//2781 2766//2766 2765//2765
f 2781//2781 2765//2765 2780//2780
f 2780//2780 2765//2765 2764//2764
f 2780//2780 2764//2764 2779//2779
f 2779//2779 2764//2764 2763//2763
f 2779//2779 2763//2763 2778//2778
f 2778//2778 2763//2763 2760//2760
f 2778//2778 2760//2760 2777//2777
f 2777//2777 2760//2760 2761//2761
f 2777//2777 2761//2761 2776//2776
f 2776//2776 2761//2761 2762//2762
f 2776//2776 2762//2762 2775//2775
f 2775//2775 2762//2762 2759//2759
f 2775//2775 2759//2759 2774//2774
f 2774//2774 2759//2759 2702//2702
f 2774//2774 2702//2702 2773//2773
f 2773//2773 2702//2702 2701//2701
f 2773//2773 2701//2701 2772//2772
f 2772//2772 2701//2701 2758//2758
f 2772//2772 2758//2758 2771//2771
f 2771//2771 2758//2758 2757//2757
f 2771//2771 2757//2757 2770//2770
f 2770//2770 2757//2757 2756//2756
f 2770//2770 2756//2756 2769//2769
f 2782//2782 2363//2363 2365//2365
f 2782//2782 2365//2365 2783//2783
f 2783//2783 2365//2365 2367//2367
f 2783//2783 2367//2367 2784//2784
f 2784//2784 2367//2367 2369//2369
f 2784//2784 2369//2369 2785//2785
f 2785//2785 2369//2369 2371//2371
f 2785//2785 2371//2371 2786//2786
f 2786//2786 2371//2371 1040//1040
f 2786//2786 1040//1040 2787//2787
f 2788//2788 2789//2789 2790//2790
f 2515//2515 2510//2510 2791//2791
f 2791//2791 2510//2510 2504//2504
f 2791//2791 2504//2504 2500//2500
f 2500//2500 2504//2504 2499//2499
f 2789//2789 2788//2788 2514//2514
f 2513//2513 2792//2792 2512//2512
f 2512//2512 2792//2792 2793//2793
f 2512//2512 2793//2793 2511//2511
f 2794//2794 2795//2795 2792//2792
f 2792//2792 2795//2795 2796//2796
f 2792//2792 2796//2796 2793//2793
f 2792//2792 2797//2797 2794//2794
f 2794//2794 2797//2797 2798//2798
f 2794//2794 2798//2798 2799//2799
f 2799//2799 2798//2798 2800//2800
f 2799//2799 2800//2800 2801//2801
f 2801//2801 2800//2800 2802//2802
f 2801//2801 2802//2802 2803//2803
f 2803//2803 2802//2802 2804//2804
f 2803//2803 2804//2804 2805//2805
f 2806//2806 2807//2807 2808//2808
f 2808//2808 2807//2807 2809//2809
f 2808//2808 2809//2809 2804//2804
f 2804//2804 2809//2809 2810//2810
f 2804//2804 2810//2810 2805//2805
f 2808//2808 2811//2811 2806//2806
f 2806//2806 2811//2811 2812//2812
f 2806//2806 2812//2812 2813//2813
f 2813//2813 2812//2812 2814//2814
f 2814//2814 2812//2812 2815//2815
f 2814//2814 2815//2815 2816//2816
f 2816//2816 2815//2815 2817//2817
f 2816//2816 2817//2817 2818//2818
f 2819//2819 2820//2820 2821//2821
f 2822//2822 2823//2823 2819//2819
f 2819//2819 2823//2823 2824//2824
f 2819//2819 2824//2824 2825//2825
f 2826//2826 2827//2827 2828//2828
f 2828//2828 2827//2827 2829//2829
f 2828//2828 2829//2829 2830//2830
f 2830//2830 2829//2829 2831//2831
f 2830//2830 2831//2831 2832//2832
f 2832//2832 2831//2831 2833//2833
f 2832//2832 2833//2833 2834//2834
f 2834//2834 2833//2833 2835//2835
f 2834//2834 2835//2835 2836//2836
f 2836//2836 2835//2835 2837//2837
f 2836//2836 2837//2837 2838//2838
f 2838//2838 2837//2837 2821//2821
f 2838//2838 2821//2821 2839//2839
f 2839//2839 2821//2821 2820//2820
f 2839//2839 2820//2820 2840//2840
f 2841//2841 2842//2842 2843//2843
f 2841//2841 2843//2843 2844//2844
f 2819//2819 2821//2821 2822//2822
f 2822//2822 2821//2821 2837//2837
f 2822//2822 2837//2837 2845//2845
f 2845//2845 2837//2837 2835//2835
f 2845//2845 2835//2835 2846//2846
f 2846//2846 2835//2835 2833//2833
f 2846//2846 2833//2833 2844//2844
f 2844//2844 2833//2833 2831//2831
f 2844//2844 2831//2831 2841//2841
f 2841//2841 2831//2831 2829//2829
f 2841//2841 2829//2829 2847//2847
f 2847//2847 2829//2829 2827//2827
f 2847//2847 2827//2827 2848//2848
f 2843//2843 2849//2849 2844//2844
f 2844//2844 2849//2849 2850//2850
f 2844//2844 2850//2850 2846//2846
f 2846//2846 2850//2850 2851//2851
f 2846//2846 2851//2851 2845//2845
f 2845//2845 2851//2851 2852//2852
f 2845//2845 2852//2852 2822//2822
f 2822//2822 2852//2852 2853//2853
f 2822//2822 2853//2853 2823//2823
f 2848//2848 2854//2854 2855//2855
f 2855//2855 2854//2854 2790//2790
f 2514//2514 2515//2515 2789//2789
f 2789//2789 2515//2515 2791//2791
f 2789//2789 2791//2791 2790//2790
f 2790//2790 2791//2791 2856//2856
f 2790//2790 2856//2856 2855//2855
f 2848//2848 2827//2827 2854//2854
f 2854//2854 2827//2827 2826//2826
f 2854//2854 2826//2826 2790//2790
f 2790//2790 2826//2826 2857//2857
f 2790//2790 2857//2857 2788//2788
f 2840//2840 2858//2858 2859//2859
f 2797//2797 2860//2860 2798//2798
f 2798//2798 2860//2860 2861//2861
f 2798//2798 2861//2861 2800//2800
f 2800//2800 2861//2861 2862//2862
f 2800//2800 2862//2862 2802//2802
f 2802//2802 2862//2862 2863//2863
f 2802//2802 2863//2863 2804//2804
f 2804//2804 2863//2863 2864//2864
f 2804//2804 2864//2864 2808//2808
f 2808//2808 2864//2864 2865//2865
f 2808//2808 2865//2865 2811//2811
f 2811//2811 2865//2865 2866//2866
f 2811//2811 2866//2866 2812//2812
f 2812//2812 2866//2866 2859//2859
f 2812//2812 2859//2859 2815//2815
f 2815//2815 2859//2859 2858//2858
f 2815//2815 2858//2858 2817//2817
f 2500//2500 2501//2501 2791//2791
f 2791//2791 2501//2501 2502//2502
f 2791//2791 2502//2502 2856//2856
f 2856//2856 2502//2502 2503//2503
f 2856//2856 2503//2503 2855//2855
f 2855//2855 2503//2503 2867//2867
f 2855//2855 2867//2867 2848//2848
f 2848//2848 2867//2867 2868//2868
f 2848//2848 2868//2868 2847//2847
f 2847//2847 2868//2868 2869//2869
f 2847//2847 2869//2869 2841//2841
f 2841//2841 2869//2869 2870//2870
f 2841//2841 2870//2870 2842//2842
f 2840//2840 2859//2859 2839//2839
f 2839//2839 2859//2859 2866//2866
f 2839//2839 2866//2866 2838//2838
f 2838//2838 2866//2866 2865//2865
f 2838//2838 2865//2865 2836//2836
f 2836//2836 2865//2865 2864//2864
f 2836//2836 2864//2864 2834//2834
f 2834//2834 2864//2864 2863//2863
f 2834//2834 2863//2863 2832//2832
f 2832//2832 2863//2863 2862//2862
f 2832//2832 2862//2862 2830//2830
f 2830//2830 2862//2862 2861//2861
f 2830//2830 2861//2861 2828//2828
f 2828//2828 2861//2861 2860//2860
f 2828//2828 2860//2860 2826//2826
f 2826//2826 2860//2860 2797//2797
f 2826//2826 2797//2797 2857//2857
f 2857//2857 2797//2797 2792//2792
f 2857//2857 2792//2792 2788//2788
f 2788//2788 2792//2792 2513//2513
f 2788//2788 2513//2513 2514//2514
f 2752//2752 2751//2751 2871//2871
f 2872//2872 2873//2873 2874//2874
f 2747//2747 2750//2750 2875//2875
f 2876//2876 2724//2724 2723//2723
f 2877//2877 2876//2876 2878//2878
f 2879//2879 2877//2877 2880//2880
f 2881//2881 2879//2879 2882//2882
f 2876//2876 2723//2723 2878//2878
f 2878//2878 2723//2723 2727//2727
f 2878//2878 2727//2727 2883//2883
f 2881//2881 2882//2882 2884//2884
f 2884//2884 2882//2882 2885//2885
f 2884//2884 2885//2885 2886//2886
f 2886//2886 2885//2885 2887//2887
f 2887//2887 2885//2885 2888//2888
f 2887//2887 2888//2888 2889//2889
f 2889//2889 2888//2888 2890//2890
f 2889//2889 2890//2890 2891//2891
f 2727//2727 2726//2726 2883//2883
f 2883//2883 2726//2726 2730//2730
f 2883//2883 2730//2730 2892//2892
f 2892//2892 2730//2730 2729//2729
f 2892//2892 2729//2729 2893//2893
f 2893//2893 2729//2729 2733//2733
f 2893//2893 2733//2733 2894//2894
f 2891//2891 2890//2890 2895//2895
f 2895//2895 2890//2890 2896//2896
f 2895//2895 2896//2896 2897//2897
f 2897//2897 2896//2896 2898//2898
f 2897//2897 2898//2898 2899//2899
f 2733//2733 2732//2732 2894//2894
f 2894//2894 2732//2732 2736//2736
f 2894//2894 2736//2736 2900//2900
f 2900//2900 2736//2736 2735//2735
f 2900//2900 2735//2735 2901//2901
f 2901//2901 2735//2735 2741//2741
f 2901//2901 2741//2741 2902//2902
f 2902//2902 2741//2741 2740//2740
f 2902//2902 2740//2740 2903//2903
f 2903//2903 2740//2740 2738//2738
f 2903//2903 2738//2738 2737//2737
f 2877//2877 2878//2878 2880//2880
f 2880//2880 2878//2878 2883//2883
f 2880//2880 2883//2883 2904//2904
f 2904//2904 2883//2883 2892//2892
f 2904//2904 2892//2892 2905//2905
f 2905//2905 2892//2892 2893//2893
f 2905//2905 2893//2893 2906//2906
f 2906//2906 2893//2893 2894//2894
f 2906//2906 2894//2894 2907//2907
f 2907//2907 2894//2894 2900//2900
f 2907//2907 2900//2900 2908//2908
f 2908//2908 2900//2900 2901//2901
f 2908//2908 2901//2901 2909//2909
f 2909//2909 2901//2901 2902//2902
f 2909//2909 2902//2902 2910//2910
f 2910//2910 2902//2902 2903//2903
f 2910//2910 2903//2903 2911//2911
f 2879//2879 2880//2880 2882//2882
f 2882//2882 2880//2880 2904//2904
f 2882//2882 2904//2904 2885//2885
f 2885//2885 2904//2904 2905//2905
f 2885//2885 2905//2905 2888//2888
f 2888//2888 2905//2905 2906//2906
f 2888//2888 2906//2906 2890//2890
f 2890//2890 2906//2906 2907//2907
f 2890//2890 2907//2907 2896//2896
f 2896//2896 2907//2907 2908//2908
f 2896//2896 2908//2908 2898//2898
f 2898//2898 2908//2908 2909//2909
f 2898//2898 2909//2909 2912//2912
f 2912//2912 2909//2909 2910//2910
f 2912//2912 2910//2910 2913//2913
f 2913//2913 2910//2910 2911//2911
f 2913//2913 2911//2911 2914//2914
f 2915//2915 2916//2916 2914//2914
f 2914//2914 2916//2916 2917//2917
f 2914//2914 2917//2917 2913//2913
f 2913//2913 2917//2917 2918//2918
f 2913//2913 2918//2918 2912//2912
f 2912//2912 2918//2918 2919//2919
f 2912//2912 2919//2919 2898//2898
f 2898//2898 2919//2919 2920//2920
f 2898//2898 2920//2920 2899//2899
f 2921//2921 2915//2915 2922//2922
f 2922//2922 2915//2915 2914//2914
f 2922//2922 2914//2914 2923//2923
f 2923//2923 2914//2914 2911//2911
f 2923//2923 2911//2911 2924//2924
f 2924//2924 2911//2911 2903//2903
f 2924//2924 2903//2903 2742//2742
f 2742//2742 2903//2903 2737//2737
f 2873//2873 2921//2921 2874//2874
f 2874//2874 2921//2921 2922//2922
f 2874//2874 2922//2922 2925//2925
f 2925//2925 2922//2922 2923//2923
f 2925//2925 2923//2923 2926//2926
f 2926//2926 2923//2923 2924//2924
f 2926//2926 2924//2924 2744//2744
f 2744//2744 2924//2924 2742//2742
f 2747//2747 2875//2875 2745//2745
f 2744//2744 2745//2745 2926//2926
f 2926//2926 2745//2745 2875//2875
f 2926//2926 2875//2875 2925//2925
f 2925//2925 2875//2875 2927//2927
f 2925//2925 2927//2927 2874//2874
f 2874//2874 2927//2927 2928//2928
f 2874//2874 2928//2928 2872//2872
f 2872//2872 2928//2928 2929//2929
f 2750//2750 2749//2749 2875//2875
f 2875//2875 2749//2749 2930//2930
f 2875//2875 2930//2930 2927//2927
f 2927//2927 2930//2930 2931//2931
f 2927//2927 2931//2931 2928//2928
f 2928//2928 2931//2931 2932//2932
f 2928//2928 2932//2932 2929//2929
f 2933//2933 2934//2934 2932//2932
f 2932//2932 2934//2934 2935//2935
f 2932//2932 2935//2935 2929//2929
f 2752//2752 2871//2871 2754//2754
f 2755//2755 2754//2754 2936//2936
f 2936//2936 2754//2754 2871//2871
f 2936//2936 2871//2871 2937//2937
f 2937//2937 2871//2871 2938//2938
f 2937//2937 2938//2938 2939//2939
f 2939//2939 2938//2938 2940//2940
f 2941//2941 2940//2940 2942//2942
f 2942//2942 2940//2940 2938//2938
f 2942//2942 2938//2938 2943//2943
f 2943//2943 2938//2938 2871//2871
f 2943//2943 2871//2871 2767//2767
f 2767//2767 2871//2871 2751//2751
f 2749//2749 2755//2755 2930//2930
f 2930//2930 2755//2755 2936//2936
f 2930//2930 2936//2936 2931//2931
f 2931//2931 2936//2936 2937//2937
f 2931//2931 2937//2937 2932//2932
f 2932//2932 2937//2937 2939//2939
f 2932//2932 2939//2939 2933//2933
f 2933//2933 2939//2939 2940//2940
f 2933//2933 2940//2940 2944//2944
f 2944//2944 2940//2940 2941//2941
f 2944//2944 2941//2941 2945//2945
f 2946//2946 2947//2947 2948//2948
f 2949//2949 2950//2950 2951//2951
f 2950//2950 2952//2952 2953//2953
f 2954//2954 2955//2955 2956//2956
f 2956//2956 2955//2955 2949//2949
f 2957//2957 2958//2958 2954//2954
f 2959//2959 2960//2960 2961//2961
f 2961//2961 2960//2960 2962//2962
f 2961//2961 2962//2962 2957//2957
f 2957//2957 2962//2962 2963//2963
f 2957//2957 2963//2963 2958//2958
f 2964//2964 2965//2965 2966//2966
f 2950//2950 2953//2953 2951//2951
f 2951//2951 2953//2953 2967//2967
f 2951//2951 2967//2967 2968//2968
f 2968//2968 2967//2967 2969//2969
f 2968//2968 2969//2969 2970//2970
f 2970//2970 2969//2969 2971//2971
f 2970//2970 2971//2971 2966//2966
f 2966//2966 2971//2971 2972//2972
f 2966//2966 2972//2972 2964//2964
f 2964//2964 2973//2973 2965//2965
f 2965//2965 2973//2973 2974//2974
f 2965//2965 2974//2974 2948//2948
f 2948//2948 2974//2974 2975//2975
f 2948//2948 2975//2975 2946//2946
f 2949//2949 2951//2951 2956//2956
f 2956//2956 2951//2951 2968//2968
f 2956//2956 2968//2968 2976//2976
f 2976//2976 2968//2968 2970//2970
f 2976//2976 2970//2970 2977//2977
f 2977//2977 2970//2970 2966//2966
f 2977//2977 2966//2966 2978//2978
f 2978//2978 2966//2966 2965//2965
f 2978//2978 2965//2965 2979//2979
f 2979//2979 2965//2965 2948//2948
f 2979//2979 2948//2948 2980//2980
f 2980//2980 2948//2948 2947//2947
f 2980//2980 2947//2947 2981//2981
f 2954//2954 2956//2956 2957//2957
f 2957//2957 2956//2956 2976//2976
f 2957//2957 2976//2976 2961//2961
f 2961//2961 2976//2976 2977//2977
f 2961//2961 2977//2977 2959//2959
f 2959//2959 2977//2977 2978//2978
f 2959//2959 2978//2978 2982//2982
f 2982//2982 2978//2978 2979//2979
f 2982//2982 2979//2979 2983//2983
f 2983//2983 2979//2979 2980//2980
f 2983//2983 2980//2980 2984//2984
f 2984//2984 2980//2980 2981//2981
f 2984//2984 2981//2981 2985//2985
f 2986//2986 2987//2987 2985//2985
f 2985//2985 2987//2987 2988//2988
f 2985//2985 2988//2988 2984//2984
f 2984//2984 2988//2988 2989//2989
f 2984//2984 2989//2989 2983//2983
f 2983//2983 2989//2989 2990//2990
f 2983//2983 2990//2990 2982//2982
f 2982//2982 2990//2990 2991//2991
f 2982//2982 2991//2991 2959//2959
f 2959//2959 2991//2991 2992//2992
f 2959//2959 2992//2992 2960//2960
f 2946//2946 2993//2993 2947//2947
f 2947//2947 2993//2993 2994//2994
f 2947//2947 2994//2994 2981//2981
f 2981//2981 2994//2994 2995//2995
f 2981//2981 2995//2995 2985//2985
f 2985//2985 2995//2995 2996//2996
f 2985//2985 2996//2996 2986//2986
f 2986//2986 2996//2996 2997//2997
f 2998//2998 2997//2997 2999//2999
f 2999//2999 2997//2997 2996//2996
f 2999//2999 2996//2996 3000//3000
f 3000//3000 2996//2996 2995//2995
f 3000//3000 2995//2995 3001//3001
f 3001//3001 2995//2995 2994//2994
f 3001//3001 2994//2994 3002//3002
f 3002//3002 2994//2994 2993//2993
f 2767//2767 2998//2998 2943//2943
f 2943//2943 2998//2998 2999//2999
f 2943//2943 2999//2999 2942//2942
f 2942//2942 2999//2999 3000//3000
f 2942//2942 3000//3000 2941//2941
f 2941//2941 3000//3000 3001//3001
f 2941//2941 3001//3001 2945//2945
f 2945//2945 3001//3001 3002//3002
f 51//51 49//49 3003//3003
f 3003//3003 3004//3004 51//51
f 51//51 3004//3004 3005//3005
f 51//51 3005//3005 3006//3006
f 2944//2944 2945//2945 180//180
f 180//180 178//178 2944//2944
f 2944//2944 178//178 172//172
f 2944//2944 172//172 2933//2933
f 2933//2933 172//172 174//174
f 2933//2933 174//174 2934//2934
f 2934//2934 174//174 167//167
f 2934//2934 167//167 2935//2935
f 2935//2935 167//167 2929//2929
f 2929//2929 167//167 116//116
f 2929//2929 116//116 2872//2872
f 2872//2872 116//116 165//165
f 2872//2872 165//165 2873//2873
f 2873//2873 165//165 160//160
f 2873//2873 160//160 2921//2921
f 2921//2921 160//160 162//162
f 2921//2921 162//162 2915//2915
f 2915//2915 162//162 156//156
f 2915//2915 156//156 2916//2916
f 2916//2916 156//156 154//154
f 2916//2916 154//154 2917//2917
f 2917//2917 154//154 2918//2918
f 2918//2918 154//154 150//150
f 2918//2918 150//150 2919//2919
f 2919//2919 150//150 143//143
f 2919//2919 143//143 2920//2920
f 2920//2920 143//143 145//145
f 2920//2920 145//145 2899//2899
f 2899//2899 145//145 141//141
f 2899//2899 141//141 2897//2897
f 2897//2897 141//141 135//135
f 2897//2897 135//135 2895//2895
f 2895//2895 135//135 133//133
f 2895//2895 133//133 2891//2891
f 2891//2891 133//133 2889//2889
f 2889//2889 133//133 127//127
f 2889//2889 127//127 2887//2887
f 2887//2887 127//127 126//126
f 2887//2887 126//126 2886//2886
f 2886//2886 126//126 124//124
f 2886//2886 124//124 2884//2884
f 55//55 2881//2881 121//121
f 121//121 2881//2881 2884//2884
f 121//121 2884//2884 122//122
f 122//122 2884//2884 124//124
f 3007//3007 3008//3008 3009//3009
f 3009//3009 3008//3008 3010//3010
f 62//62 51//51 3006//3006
f 3006//3006 3010//3010 62//62
f 62//62 3010//3010 3008//3008
f 62//62 3008//3008 59//59
f 59//59 3008//3008 3007//3007
f 59//59 3007//3007 54//54
f 54//54 3007//3007 2881//2881
f 54//54 2881//2881 55//55
f 3011//3011 3012//3012 3013//3013
f 3011//3011 3013//3013 3014//3014
f 3014//3014 3013//3013 3015//3015
f 3014//3014 3015//3015 3016//3016
f 2654//2654 2652//2652 3015//3015
f 3015//3015 2652//2652 3017//3017
f 3015//3015 3017//3017 3016//3016
f 2653//2653 2654//2654 3018//3018
f 3018//3018 2654//2654 3015//3015
f 3018//3018 3015//3015 3019//3019
f 3019//3019 3015//3015 3013//3013
f 3019//3019 3013//3013 3020//3020
f 3020//3020 3013//3013 3012//3012
f 3020//3020 3012//3012 2998//2998
f 2998//2998 3012//3012 3011//3011
f 2998//2998 3011//3011 2997//2997
f 2700//2700 2653//2653 2756//2756
f 2756//2756 2653//2653 3018//3018
f 2756//2756 3018//3018 2769//2769
f 2769//2769 3018//3018 3019//3019
f 2769//2769 3019//3019 2768//2768
f 2768//2768 3019//3019 3020//3020
f 2768//2768 3020//3020 2767//2767
f 2767//2767 3020//3020 2998//2998
f 3002//3002 2993//2993 183//183
f 183//183 182//182 3002//3002
f 3002//3002 182//182 180//180
f 3002//3002 180//180 2945//2945
f 2341//2341 3021//3021 3022//3022
f 2341//2341 3022//3022 2354//2354
f 2354//2354 3022//3022 2825//2825
f 2354//2354 2825//2825 2353//2353
f 2353//2353 2825//2825 2824//2824
f 2353//2353 2824//2824 2351//2351
f 2849//2849 2343//2343 2850//2850
f 2850//2850 2343//2343 2345//2345
f 2850//2850 2345//2345 2851//2851
f 2851//2851 2345//2345 2347//2347
f 2851//2851 2347//2347 2852//2852
f 2852//2852 2347//2347 2349//2349
f 2852//2852 2349//2349 2853//2853
f 2853//2853 2349//2349 2351//2351
f 2853//2853 2351//2351 2823//2823
f 2823//2823 2351//2351 2824//2824
f 2849//2849 2843//2843 2343//2343
f 2343//2343 2843//2843 2842//2842
f 2343//2343 2842//2842 2358//2358
f 2842//2842 2870//2870 2358//2358
f 2358//2358 2870//2870 2869//2869
f 2358//2358 2869//2869 2356//2356
f 2356//2356 2869//2869 2868//2868
f 2868//2868 2867//2867 2356//2356
f 2356//2356 2867//2867 2503//2503
f 2356//2356 2503//2503 2355//2355
f 2953//2953 2952//2952 2335//2335
f 2335//2335 2337//2337 2953//2953
f 2953//2953 2337//2337 2338//2338
f 2953//2953 2338//2338 2967//2967
f 2967//2967 2338//2338 2333//2333
f 2967//2967 2333//2333 2969//2969
f 2969//2969 2333//2333 2331//2331
f 2969//2969 2331//2331 2971//2971
f 2971//2971 2331//2331 2329//2329
f 2971//2971 2329//2329 2972//2972
f 2972//2972 2329//2329 2327//2327
f 2972//2972 2327//2327 2964//2964
f 2964//2964 2327//2327 2325//2325
f 2964//2964 2325//2325 2973//2973
f 2973//2973 2325//2325 2323//2323
f 2973//2973 2323//2323 2974//2974
f 2323//2323 2321//2321 2974//2974
f 2974//2974 2321//2321 2320//2320
f 2974//2974 2320//2320 2975//2975
f 2975//2975 2320//2320 2317//2317
f 2975//2975 2317//2317 2946//2946
f 2946//2946 2317//2317 183//183
f 2946//2946 183//183 2993//2993
f 2335//2335 2952//2952 3023//3023
f 2335//2335 3023//3023 2340//2340
f 2340//2340 3023//3023 3021//3021
f 2340//2340 3021//3021 2341//2341
f 3024//3024 2818//2818 3025//3025
f 3025//3025 2818//2818 2817//2817
f 3025//3025 2817//2817 3026//3026
f 3026//3026 2817//2817 2858//2858
f 3026//3026 2858//2858 3027//3027
f 3027//3027 2858//2858 2840//2840
f 3027//3027 2840//2840 3028//3028
f 3028//3028 2840//2840 2820//2820
f 3028//3028 2820//2820 3029//3029
f 3029//3029 2820//2820 2819//2819
f 3029//3029 2819//2819 3022//3022
f 3022//3022 2819//2819 2825//2825
f 3030//3030 3024//3024 3031//3031
f 3031//3031 3024//3024 3025//3025
f 3031//3031 3025//3025 3032//3032
f 3032//3032 3025//3025 3026//3026
f 3032//3032 3026//3026 3033//3033
f 3033//3033 3026//3026 3027//3027
f 3033//3033 3027//3027 3034//3034
f 3034//3034 3027//3027 3028//3028
f 3034//3034 3028//3028 3035//3035
f 3035//3035 3028//3028 3029//3029
f 3035//3035 3029//3029 3021//3021
f 3021//3021 3029//3029 3022//3022
f 3036//3036 3030//3030 3031//3031
f 3035//3035 3021//3021 3023//3023
f 2958//2958 3032//3032 2954//2954
f 2954//2954 3032//3032 3033//3033
f 2954//2954 3033//3033 2955//2955
f 2955//2955 3033//3033 3034//3034
f 2955//2955 3034//3034 2949//2949
f 2949//2949 3034//3034 3035//3035
f 2949//2949 3035//3035 2950//2950
f 2950//2950 3035//3035 3023//3023
f 2950//2950 3023//3023 2952//2952
f 2963//2963 3036//3036 2958//2958
f 2958//2958 3036//3036 3031//3031
f 2958//2958 3031//3031 3032//3032
f 3037//3037 2703//2703 2714//2714
f 2704//2704 2703//2703 3038//3038
f 3038//3038 2703//2703 3037//3037
f 3038//3038 3037//3037 3039//3039
f 3003//3003 3038//3038 3004//3004
f 3004//3004 3038//3038 3039//3039
f 3004//3004 3039//3039 3005//3005
f 3006//3006 3005//3005 3040//3040
f 3040//3040 3005//3005 3039//3039
f 3040//3040 3039//3039 3041//3041
f 3041//3041 3039//3039 3037//3037
f 3041//3041 3037//3037 3042//3042
f 3042//3042 3037//3037 2714//2714
f 2715//2715 2718//2718 3043//3043
f 2721//2721 2720//2720 3044//3044
f 3010//3010 3006//3006 3045//3045
f 3045//3045 3006//3006 3040//3040
f 3045//3045 3040//3040 3046//3046
f 3046//3046 3040//3040 3041//3041
f 3046//3046 3041//3041 3043//3043
f 3043//3043 3041//3041 3042//3042
f 3043//3043 3042//3042 2715//2715
f 2715//2715 3042//3042 2714//2714
f 3009//3009 3010//3010 3047//3047
f 3047//3047 3010//3010 3045//3045
f 3047//3047 3045//3045 3048//3048
f 3048//3048 3045//3045 3046//3046
f 3048//3048 3046//3046 3049//3049
f 3049//3049 3046//3046 3043//3043
f 3049//3049 3043//3043 2717//2717
f 2717//2717 3043//3043 2718//2718
f 3007//3007 3009//3009 3050//3050
f 3050//3050 3009//3009 3047//3047
f 3050//3050 3047//3047 3051//3051
f 3051//3051 3047//3047 3048//3048
f 3051//3051 3048//3048 3044//3044
f 3044//3044 3048//3048 3049//3049
f 3044//3044 3049//3049 2721//2721
f 2721//2721 3049//3049 2717//2717
f 2881//2881 3007//3007 2879//2879
f 2879//2879 3007//3007 3050//3050
f 2879//2879 3050//3050 2877//2877
f 2877//2877 3050//3050 3051//3051
f 2877//2877 3051//3051 2876//2876
f 2876//2876 3051//3051 3044//3044
f 2876//2876 3044//3044 2724//2724
f 2724//2724 3044//3044 2720//2720
f 3038//3038 3003//3003 3052//3052
f 3053//3053 3054//3054 3038//3038
f 3038//3038 3054//3054 2704//2704
f 3053//3053 3055//3055 3054//3054
f 3054//3054 3055//3055 2543//2543
f 3054//3054 2543//2543 2550//2550
f 3038//3038 3052//3052 3053//3053
f 3053//3053 3052//3052 3056//3056
f 3053//3053 3056//3056 3055//3055
f 3055//3055 3056//3056 2544//2544
f 3055//3055 2544//2544 2543//2543
f 3057//3057 3056//3056 3052//3052
f 3003//3003 49//49 2386//2386
f 3003//3003 2386//2386 3052//3052
f 3058//3058 3057//3057 2390//2390
f 2390//2390 3057//3057 3052//3052
f 2390//2390 3052//3052 2388//2388
f 2388//2388 3052//3052 2386//2386
f 3059//3059 2544//2544 3056//3056
f 3056//3056 3057//3057 3059//3059
f 3059//3059 3057//3057 3058//3058
f 3059//3059 3058//3058 3060//3060
f 3060//3060 3058//3058 3061//3061
f 3060//3060 3061//3061 3062//3062
f 3062//3062 3061//3061 3063//3063
f 3062//3062 3063//3063 3064//3064
f 3064//3064 3063//3063 3065//3065
f 3064//3064 3065//3065 3066//3066
f 3066//3066 3065//3065 3067//3067
f 3066//3066 3067//3067 3068//3068
f 3067//3067 3069//3069 2561//2561
f 3068//3068 3067//3067 2525//2525
f 2525//2525 3067//3067 2561//2561
f 2525//2525 2561//2561 2524//2524
f 3070//3070 3071//3071 3072//3072
f 3072//3072 3071//3071 2363//2363
f 3072//3072 2363//2363 2782//2782
f 3070//3070 3069//3069 3071//3071
f 3071//3071 3069//3069 3067//3067
f 3071//3071 3067//3067 3073//3073
f 3073//3073 3067//3067 3065//3065
f 3061//3061 2382//2382 3063//3063
f 3063//3063 2382//2382 2380//2380
f 3063//3063 2380//2380 3065//3065
f 3065//3065 2380//2380 2378//2378
f 3065//3065 2378//2378 3073//3073
f 3073//3073 2378//2378 2376//2376
f 3073//3073 2376//2376 3071//3071
f 3071//3071 2376//2376 2374//2374
f 3071//3071 2374//2374 2363//2363
f 2390//2390 2392//2392 3058//3058
f 3058//3058 2392//2392 2393//2393
f 3058//3058 2393//2393 3061//3061
f 3061//3061 2393//2393 2384//2384
f 3061//3061 2384//2384 2382//2382
f 3074//3074 3075//3075 3076//3076
f 3075//3075 3074//3074 3077//3077
f 3078//3078 3079//3079 3080//3080
f 3081//3081 2568//2568 3082//3082
f 3082//3082 2568//2568 2567//2567
f 3083//3083 3084//3084 3085//3085
f 3085//3085 3084//3084 3086//3086
f 3085//3085 3087//3087 3083//3083
f 3083//3083 3087//3087 3088//3088
f 3083//3083 3088//3088 3089//3089
f 3089//3089 3088//3088 3090//3090
f 3089//3089 3090//3090 3091//3091
f 3091//3091 3090//3090 3092//3092
f 3091//3091 3092//3092 3093//3093
f 3093//3093 3092//3092 3094//3094
f 3093//3093 3094//3094 3080//3080
f 3080//3080 3094//3094 3095//3095
f 3080//3080 3095//3095 3078//3078
f 3086//3086 3084//3084 3096//3096
f 3096//3096 3084//3084 3097//3097
f 3096//3096 3097//3097 3098//3098
f 2558//2558 2559//2559 3099//3099
f 3099//3099 2559//2559 2560//2560
f 3099//3099 2560//2560 3100//3100
f 3100//3100 2560//2560 2551//2551
f 3100//3100 2551//2551 3101//3101
f 3101//3101 2551//2551 2553//2553
f 3101//3101 2553//2553 3076//3076
f 3076//3076 2553//2553 3102//3102
f 3076//3076 3102//3102 3074//3074
f 2626//2626 2632//2632 3099//3099
f 3099//3099 2632//2632 3103//3103
f 3099//3099 3103//3103 2558//2558
f 2558//2558 3103//3103 2554//2554
f 2626//2626 3099//3099 2627//2627
f 2627//2627 3099//3099 3100//3100
f 2627//2627 3100//3100 2628//2628
f 2628//2628 3100//3100 3101//3101
f 2628//2628 3101//3101 2629//2629
f 2629//2629 3101//3101 3076//3076
f 2629//2629 3076//3076 2630//2630
f 2630//2630 3076//3076 3075//3075
f 2630//2630 3075//3075 2631//2631
f 2631//2631 3075//3075 3077//3077
f 2631//2631 3077//3077 2622//2622
f 3074//3074 3098//3098 3077//3077
f 3077//3077 3098//3098 3097//3097
f 3077//3077 3097//3097 2622//2622
f 2622//2622 3097//3097 3084//3084
f 2622//2622 3084//3084 2623//2623
f 2623//2623 3084//3084 3083//3083
f 2623//2623 3083//3083 2624//2624
f 2624//2624 3083//3083 3089//3089
f 2624//2624 3089//3089 2625//2625
f 2625//2625 3089//3089 3091//3091
f 2625//2625 3091//3091 2621//2621
f 2621//2621 3091//3091 2620//2620
f 2620//2620 3091//3091 3093//3093
f 2620//2620 3093//3093 2618//2618
f 2618//2618 3093//3093 3080//3080
f 2618//2618 3080//3080 2619//2619
f 2619//2619 3080//3080 3079//3079
f 2619//2619 3079//3079 2617//2617
f 3078//3078 3081//3081 3079//3079
f 3079//3079 3081//3081 3082//3082
f 3079//3079 3082//3082 2617//2617
f 2617//2617 3082//3082 2567//2567
f 2617//2617 2567//2567 2566//2566
f 2633//2633 2634//2634 3104//3104
f 2555//2555 2554//2554 3104//3104
f 3104//3104 2554//2554 3103//3103
f 3104//3104 3103//3103 2633//2633
f 2633//2633 3103//3103 2632//2632
f 2564//2564 2563//2563 2651//2651
f 2651//2651 2563//2563 3105//3105
f 2636//2636 2637//2637 3106//3106
f 3106//3106 2637//2637 2638//2638
f 3106//3106 2638//2638 3107//3107
f 3107//3107 2638//2638 2639//2639
f 3107//3107 2639//2639 3108//3108
f 3108//3108 2639//2639 2640//2640
f 3108//3108 2640//2640 3109//3109
f 3109//3109 2640//2640 2641//2641
f 3109//3109 2641//2641 3110//3110
f 3110//3110 2641//2641 2642//2642
f 3110//3110 2642//2642 3111//3111
f 3111//3111 2642//2642 2643//2643
f 3111//3111 2643//2643 3112//3112
f 3112//3112 2643//2643 2644//2644
f 3112//3112 2644//2644 3113//3113
f 3113//3113 2644//2644 2645//2645
f 3113//3113 2645//2645 3114//3114
f 3114//3114 2645//2645 2646//2646
f 3114//3114 2646//2646 3115//3115
f 3115//3115 2646//2646 2647//2647
f 3115//3115 2647//2647 3116//3116
f 3116//3116 2647//2647 2648//2648
f 3116//3116 2648//2648 3117//3117
f 3117//3117 2648//2648 2649//2649
f 3117//3117 2649//2649 3105//3105
f 3105//3105 2649//2649 2650//2650
f 3105//3105 2650//2650 2651//2651
f 2634//2634 2635//2635 3104//3104
f 3104//3104 2635//2635 3118//3118
f 3104//3104 3118//3118 2555//2555
f 2555//2555 3118//3118 3119//3119
f 2635//2635 2636//2636 3118//3118
f 3118//3118 2636//2636 3106//3106
f 3118//3118 3106//3106 3119//3119
f 3119//3119 3106//3106 3120//3120
f 3120//3120 3106//3106 3121//3121
f 3121//3121 3106//3106 3107//3107
f 3121//3121 3107//3107 3122//3122
f 3122//3122 3107//3107 3108//3108
f 3122//3122 3108//3108 3123//3123
f 3123//3123 3108//3108 3109//3109
f 3123//3123 3109//3109 3124//3124
f 3124//3124 3109//3109 3125//3125
f 3125//3125 3109//3109 3110//3110
f 3125//3125 3110//3110 3126//3126
f 3126//3126 3110//3110 3111//3111
f 3126//3126 3111//3111 3127//3127
f 3127//3127 3111//3111 3128//3128
f 3128//3128 3111//3111 3112//3112
f 3128//3128 3112//3112 3129//3129
f 3129//3129 3112//3112 3113//3113
f 3129//3129 3113//3113 3130//3130
f 3130//3130 3113//3113 3114//3114
f 3130//3130 3114//3114 3131//3131
f 3131//3131 3114//3114 3132//3132
f 3132//3132 3114//3114 3115//3115
f 3132//3132 3115//3115 3133//3133
f 3133//3133 3115//3115 3116//3116
f 3133//3133 3116//3116 3134//3134
f 3134//3134 3116//3116 3135//3135
f 3135//3135 3116//3116 3117//3117
f 3135//3135 3117//3117 3136//3136
f 3136//3136 3117//3117 3105//3105
f 3136//3136 3105//3105 3137//3137
f 3137//3137 3105//3105 3138//3138
f 3138//3138 3105//3105 2563//2563
f 3138//3138 2563//2563 2562//2562
f 3139//3139 3140//3140 3132//3132
f 3141//3141 3142//3142 3119//3119
f 3142//3142 2523//2523 3119//3119
f 3119//3119 2523//2523 2556//2556
f 3119//3119 2556//2556 2555//2555
f 3119//3119 3120//3120 3141//3141
f 3141//3141 3120//3120 3121//3121
f 3141//3141 3121//3121 3143//3143
f 3143//3143 3121//3121 3122//3122
f 3143//3143 3122//3122 3144//3144
f 3144//3144 3122//3122 3145//3145
f 3145//3145 3122//3122 3123//3123
f 3145//3145 3123//3123 3146//3146
f 3123//3123 3124//3124 3146//3146
f 3146//3146 3124//3124 3125//3125
f 3146//3146 3125//3125 3147//3147
f 3147//3147 3125//3125 3126//3126
f 3147//3147 3126//3126 3148//3148
f 3148//3148 3126//3126 3127//3127
f 3148//3148 3127//3127 3149//3149
f 3149//3149 3127//3127 3128//3128
f 3149//3149 3128//3128 3150//3150
f 3150//3150 3128//3128 3129//3129
f 3150//3150 3129//3129 3151//3151
f 3151//3151 3129//3129 3130//3130
f 3151//3151 3130//3130 3140//3140
f 3140//3140 3130//3130 3131//3131
f 3140//3140 3131//3131 3132//3132
f 3139//3139 3132//3132 3152//3152
f 3152//3152 3132//3132 3133//3133
f 3152//3152 3133//3133 3153//3153
f 3153//3153 3133//3133 3134//3134
f 3153//3153 3134//3134 3154//3154
f 3154//3154 3134//3134 3135//3135
f 3154//3154 3135//3135 3155//3155
f 3155//3155 3135//3135 3136//3136
f 3155//3155 3136//3136 3156//3156
f 3156//3156 3136//3136 3157//3157
f 3157//3157 3136//3136 3137//3137
f 3157//3157 3137//3137 2565//2565
f 2565//2565 3137//3137 3138//3138
f 2565//2565 3138//3138 2562//2562
f 2508//2508 2511//2511 3158//3158
f 3159//3159 3160//3160 3161//3161
f 3162//3162 3163//3163 3164//3164
f 3165//3165 3166//3166 2143//2143
f 2143//2143 3166//3166 3167//3167
f 2143//2143 3167//3167 2140//2140
f 2140//2140 3167//3167 3168//3168
f 2140//2140 3168//3168 2141//2141
f 2565//2565 2105//2105 3162//3162
f 3162//3162 2105//2105 2137//2137
f 3162//3162 2137//2137 3163//3163
f 3163//3163 2137//2137 2138//2138
f 3163//3163 2138//2138 3164//3164
f 3164//3164 2138//2138 2141//2141
f 3164//3164 2141//2141 3169//3169
f 3169//3169 2141//2141 3168//3168
f 1782//1782 2508//2508 2128//2128
f 2128//2128 2508//2508 3158//3158
f 2128//2128 3158//3158 2126//2126
f 2126//2126 3158//3158 3170//3170
f 2126//2126 3170//3170 2153//2153
f 3170//3170 3161//3161 2153//2153
f 2153//2153 3161//3161 3160//3160
f 2153//2153 3160//3160 2152//2152
f 2152//2152 3160//3160 3159//3159
f 2152//2152 3159//3159 2150//2150
f 2150//2150 3159//3159 3171//3171
f 2150//2150 3171//3171 2145//2145
f 2145//2145 3171//3171 3172//3172
f 2145//2145 3172//3172 2146//2146
f 2146//2146 3172//3172 3173//3173
f 2146//2146 3173//3173 2148//2148
f 2148//2148 3173//3173 3165//3165
f 2148//2148 3165//3165 2142//2142
f 2142//2142 3165//3165 2143//2143
f 3174//3174 3175//3175 3176//3176
f 3177//3177 3178//3178 3179//3179
f 3180//3180 3181//3181 3182//3182
f 3183//3183 3184//3184 3185//3185
f 3186//3186 3187//3187 3188//3188
f 3189//3189 3190//3190 3191//3191
f 3147//3147 3148//3148 3192//3192
f 3139//3139 3152//3152 3193//3193
f 3193//3193 3152//3152 3153//3153
f 3156//3156 3194//3194 3155//3155
f 3158//3158 3195//3195 3170//3170
f 2793//2793 3196//3196 2511//2511
f 2799//2799 2801//2801 3197//3197
f 2805//2805 2810//2810 3198//3198
f 3178//3178 3177//3177 2806//2806
f 2661//2661 2662//2662 3181//3181
f 2674//2674 3199//3199 3200//3200
f 2673//2673 2675//2675 3201//3201
f 3201//3201 2675//2675 2676//2676
f 3054//3054 2550//2550 3202//3202
f 3202//3202 2550//2550 2549//2549
f 3187//3187 3186//3186 2537//2537
f 2523//2523 3142//3142 2528//2528
f 3142//3142 3188//3188 2528//2528
f 2528//2528 3188//3188 3187//3187
f 2528//2528 3187//3187 2539//2539
f 2539//2539 3187//3187 2537//2537
f 2529//2529 2531//2531 3203//3203
f 3203//3203 2531//2531 2533//2533
f 3203//3203 2533//2533 2535//2535
f 2529//2529 3204//3204 2540//2540
f 2540//2540 3204//3204 2546//2546
f 3205//3205 2706//2706 2711//2711
f 2707//2707 3206//3206 2709//2709
f 2709//2709 3206//3206 2677//2677
f 2709//2709 2677//2677 2678//2678
f 3199//3199 2674//2674 3207//3207
f 2671//2671 2672//2672 3200//3200
f 2672//2672 2670//2670 3200//3200
f 3200//3200 2670//2670 2669//2669
f 3200//3200 2669//2669 2674//2674
f 2665//2665 2666//2666 3208//3208
f 3208//3208 2666//2666 2667//2667
f 3208//3208 2667//2667 3209//3209
f 3209//3209 2667//2667 2668//2668
f 3209//3209 2668//2668 3210//3210
f 3181//3181 2662//2662 3182//3182
f 3182//3182 2662//2662 2663//2663
f 3182//3182 2663//2663 3211//3211
f 3212//3212 2659//2659 2660//2660
f 3213//3213 2657//2657 2658//2658
f 2652//2652 2655//2655 3017//3017
f 3017//3017 2655//2655 3214//3214
f 3017//3017 3214//3214 3016//3016
f 3016//3016 3214//3214 3215//3215
f 3016//3016 3215//3215 3014//3014
f 3014//3014 3215//3215 3216//3216
f 3014//3014 3216//3216 3011//3011
f 3011//3011 3216//3216 2986//2986
f 3011//3011 2986//2986 2997//2997
f 3217//3217 2989//2989 2988//2988
f 3218//3218 2991//2991 2990//2990
f 3219//3219 2960//2960 2992//2992
f 3220//3220 3036//3036 2963//2963
f 2816//2816 2818//2818 3221//3221
f 3221//3221 2818//2818 3024//3024
f 3221//3221 3024//3024 3220//3220
f 3220//3220 3024//3024 3030//3030
f 3220//3220 3030//3030 3036//3036
f 2806//2806 2813//2813 3178//3178
f 3178//3178 2813//2813 2814//2814
f 3178//3178 2814//2814 3179//3179
f 3179//3179 2814//2814 2816//2816
f 2809//2809 2807//2807 3222//3222
f 2805//2805 3198//3198 2803//2803
f 3196//3196 2793//2793 3223//3223
f 3170//3170 3195//3195 3161//3161
f 3161//3161 3195//3195 3224//3224
f 3161//3161 3224//3224 3159//3159
f 3166//3166 3165//3165 3225//3225
f 3225//3225 3165//3165 3173//3173
f 3225//3225 3173//3173 3226//3226
f 3226//3226 3173//3173 3172//3172
f 3226//3226 3172//3172 3224//3224
f 3224//3224 3172//3172 3171//3171
f 3224//3224 3171//3171 3159//3159
f 3227//3227 3168//3168 3228//3228
f 3228//3228 3168//3168 3167//3167
f 3164//3164 3169//3169 3229//3229
f 3194//3194 3156//3156 3230//3230
f 3230//3230 3156//3156 3157//3157
f 3230//3230 3157//3157 3231//3231
f 3231//3231 3157//3157 2565//2565
f 3231//3231 2565//2565 3229//3229
f 3229//3229 2565//2565 3162//3162
f 3229//3229 3162//3162 3164//3164
f 3153//3153 3232//3232 3193//3193
f 3193//3193 3232//3232 3233//3233
f 3193//3193 3233//3233 3139//3139
f 3139//3139 3233//3233 3234//3234
f 3139//3139 3234//3234 3140//3140
f 3235//3235 3236//3236 3150//3150
f 3150//3150 3236//3236 3149//3149
f 3149//3149 3236//3236 3148//3148
f 3148//3148 3236//3236 3237//3237
f 3148//3148 3237//3237 3192//3192
f 3146//3146 3238//3238 3145//3145
f 3145//3145 3238//3238 3239//3239
f 3145//3145 3239//3239 3144//3144
f 3141//3141 3143//3143 3240//3240
f 2810//2810 2809//2809 3241//3241
f 3241//3241 2809//2809 3222//3222
f 3241//3241 3222//3222 3177//3177
f 3177//3177 3222//3222 2807//2807
f 3177//3177 2807//2807 2806//2806
f 3158//3158 2511//2511 3195//3195
f 3195//3195 2511//2511 3196//3196
f 3195//3195 3196//3196 3224//3224
f 3224//3224 3196//3196 3223//3223
f 3224//3224 3223//3223 3226//3226
f 3226//3226 3223//3223 3242//3242
f 2793//2793 2796//2796 3223//3223
f 3223//3223 2796//2796 2795//2795
f 3223//3223 2795//2795 3242//3242
f 3242//3242 2795//2795 3243//3243
f 3242//3242 3243//3243 3244//3244
f 2801//2801 2803//2803 3197//3197
f 3197//3197 2803//2803 3245//3245
f 3197//3197 3245//3245 3246//3246
f 2795//2795 2794//2794 3243//3243
f 3243//3243 2794//2794 2799//2799
f 3243//3243 2799//2799 3244//3244
f 3244//3244 2799//2799 3197//3197
f 3244//3244 3197//3197 3247//3247
f 3247//3247 3197//3197 3246//3246
f 3247//3247 3246//3246 3248//3248
f 3248//3248 3246//3246 3249//3249
f 3248//3248 3249//3249 3250//3250
f 2803//2803 3198//3198 3245//3245
f 3245//3245 3198//3198 3251//3251
f 3245//3245 3251//3251 3246//3246
f 3246//3246 3251//3251 3252//3252
f 3246//3246 3252//3252 3249//3249
f 3249//3249 3252//3252 3253//3253
f 3249//3249 3253//3253 3254//3254
f 2810//2810 3241//3241 3198//3198
f 3198//3198 3241//3241 3255//3255
f 3198//3198 3255//3255 3251//3251
f 3251//3251 3255//3255 3256//3256
f 3251//3251 3256//3256 3252//3252
f 3252//3252 3256//3256 3257//3257
f 3252//3252 3257//3257 3253//3253
f 3253//3253 3257//3257 3258//3258
f 3253//3253 3258//3258 3254//3254
f 3259//3259 3260//3260 3261//3261
f 3261//3261 3260//3260 3262//3262
f 3261//3261 3262//3262 3263//3263
f 3250//3250 3249//3249 3264//3264
f 3264//3264 3249//3249 3254//3254
f 3264//3264 3254//3254 3265//3265
f 3265//3265 3254//3254 3258//3258
f 3265//3265 3258//3258 3266//3266
f 3266//3266 3258//3258 3267//3267
f 3266//3266 3267//3267 3268//3268
f 3269//3269 3191//3191 3270//3270
f 3270//3270 3191//3191 3190//3190
f 3270//3270 3190//3190 3271//3271
f 3189//3189 3259//3259 3190//3190
f 3190//3190 3259//3259 3261//3261
f 3190//3190 3261//3261 3271//3271
f 3271//3271 3261//3261 3263//3263
f 3271//3271 3263//3263 3272//3272
f 3272//3272 3263//3263 3273//3273
f 3272//3272 3273//3273 3232//3232
f 3228//3228 3269//3269 3227//3227
f 3227//3227 3269//3269 3270//3270
f 3227//3227 3270//3270 3274//3274
f 3274//3274 3270//3270 3271//3271
f 3274//3274 3271//3271 3275//3275
f 3275//3275 3271//3271 3272//3272
f 3275//3275 3272//3272 3276//3276
f 3276//3276 3272//3272 3232//3232
f 3276//3276 3232//3232 3154//3154
f 3154//3154 3232//3232 3153//3153
f 3154//3154 3155//3155 3276//3276
f 3276//3276 3155//3155 3194//3194
f 3276//3276 3194//3194 3275//3275
f 3275//3275 3194//3194 3230//3230
f 3275//3275 3230//3230 3274//3274
f 3274//3274 3230//3230 3231//3231
f 3274//3274 3231//3231 3227//3227
f 3227//3227 3231//3231 3229//3229
f 3227//3227 3229//3229 3168//3168
f 3168//3168 3229//3229 3169//3169
f 3277//3277 3278//3278 3279//3279
f 3279//3279 3278//3278 3280//3280
f 3279//3279 3280//3280 3281//3281
f 3258//3258 3282//3282 3267//3267
f 3267//3267 3282//3282 3283//3283
f 3267//3267 3283//3283 3284//3284
f 3284//3284 3285//3285 3286//3286
f 3286//3286 3287//3287 3284//3284
f 3284//3284 3287//3287 3288//3288
f 3284//3284 3288//3288 3267//3267
f 3267//3267 3288//3288 3289//3289
f 3267//3267 3289//3289 3268//3268
f 3290//3290 3291//3291 3292//3292
f 3292//3292 3291//3291 3293//3293
f 3292//3292 3293//3293 3294//3294
f 3295//3295 3296//3296 3297//3297
f 3297//3297 3296//3296 3298//3298
f 3297//3297 3298//3298 3299//3299
f 3299//3299 3298//3298 3300//3300
f 3143//3143 3144//3144 3240//3240
f 3240//3240 3144//3144 3239//3239
f 3240//3240 3239//3239 3301//3301
f 3301//3301 3239//3239 3302//3302
f 2529//2529 3203//3203 3204//3204
f 3204//3204 3203//3203 3303//3303
f 3204//3204 3303//3303 3304//3304
f 3305//3305 3303//3303 3306//3306
f 3306//3306 3303//3303 3203//3203
f 3306//3306 3203//3203 3186//3186
f 3186//3186 3203//3203 2535//2535
f 3186//3186 2535//2535 2537//2537
f 3300//3300 3302//3302 3299//3299
f 3299//3299 3302//3302 3239//3239
f 3299//3299 3239//3239 3297//3297
f 3297//3297 3239//3239 3238//3238
f 3297//3297 3238//3238 3295//3295
f 3295//3295 3238//3238 3146//3146
f 3237//3237 3291//3291 3307//3307
f 3307//3307 3291//3291 3290//3290
f 3307//3307 3290//3290 3308//3308
f 3309//3309 3310//3310 3311//3311
f 3311//3311 3310//3310 3281//3281
f 3311//3311 3281//3281 3312//3312
f 3262//3262 3277//3277 3263//3263
f 3263//3263 3277//3277 3279//3279
f 3263//3263 3279//3279 3273//3273
f 3273//3273 3279//3279 3281//3281
f 3273//3273 3281//3281 3232//3232
f 3232//3232 3281//3281 3310//3310
f 3232//3232 3310//3310 3233//3233
f 3233//3233 3310//3310 3309//3309
f 3233//3233 3309//3309 3234//3234
f 3234//3234 3309//3309 3151//3151
f 3234//3234 3151//3151 3140//3140
f 3150//3150 3151//3151 3235//3235
f 3235//3235 3151//3151 3309//3309
f 3235//3235 3309//3309 3236//3236
f 3236//3236 3309//3309 3311//3311
f 3236//3236 3311//3311 3237//3237
f 3237//3237 3311//3311 3312//3312
f 3237//3237 3312//3312 3291//3291
f 3291//3291 3312//3312 3281//3281
f 3291//3291 3281//3281 3293//3293
f 3293//3293 3281//3281 3280//3280
f 3293//3293 3280//3280 3294//3294
f 3294//3294 3280//3280 3278//3278
f 3313//3313 3301//3301 3314//3314
f 3314//3314 3301//3301 3302//3302
f 3314//3314 3302//3302 3315//3315
f 3315//3315 3302//3302 3300//3300
f 3315//3315 3300//3300 3308//3308
f 3308//3308 3300//3300 3298//3298
f 3308//3308 3298//3298 3307//3307
f 3307//3307 3298//3298 3296//3296
f 3307//3307 3296//3296 3237//3237
f 3237//3237 3296//3296 3295//3295
f 3237//3237 3295//3295 3192//3192
f 3192//3192 3295//3295 3146//3146
f 3192//3192 3146//3146 3147//3147
f 3316//3316 3317//3317 3318//3318
f 3319//3319 3320//3320 3318//3318
f 3318//3318 3320//3320 3321//3321
f 3318//3318 3321//3321 3316//3316
f 3316//3316 3321//3321 3322//3322
f 2674//2674 2673//2673 3207//3207
f 3207//3207 2673//2673 3201//3201
f 3207//3207 3201//3201 3206//3206
f 3206//3206 3201//3201 2676//2676
f 3206//3206 2676//2676 2677//2677
f 2713//2713 2705//2705 3183//3183
f 3183//3183 2705//2705 2704//2704
f 3183//3183 2704//2704 3184//3184
f 3184//3184 2704//2704 3054//3054
f 3184//3184 3054//3054 3185//3185
f 3185//3185 3054//3054 3202//3202
f 3185//3185 3202//3202 3304//3304
f 3304//3304 3202//3202 2549//2549
f 3304//3304 2549//2549 3204//3204
f 3204//3204 2549//2549 2547//2547
f 3204//3204 2547//2547 2546//2546
f 2668//2668 2671//2671 3210//3210
f 3210//3210 2671//2671 3200//3200
f 3210//3210 3200//3200 3323//3323
f 3323//3323 3200//3200 3199//3199
f 3323//3323 3199//3199 3324//3324
f 3324//3324 3199//3199 3207//3207
f 3324//3324 3207//3207 3325//3325
f 3325//3325 3207//3207 3206//3206
f 3325//3325 3206//3206 3205//3205
f 3205//3205 3206//3206 2707//2707
f 3205//3205 2707//2707 2706//2706
f 3305//3305 3323//3323 3303//3303
f 3303//3303 3323//3323 3324//3324
f 3303//3303 3324//3324 3304//3304
f 3304//3304 3324//3324 3325//3325
f 3304//3304 3325//3325 3185//3185
f 3185//3185 3325//3325 3205//3205
f 3185//3185 3205//3205 3183//3183
f 3183//3183 3205//3205 2711//2711
f 3183//3183 2711//2711 2713//2713
f 2655//2655 2656//2656 3214//3214
f 3214//3214 2656//2656 2657//2657
f 3214//3214 2657//2657 3215//3215
f 3215//3215 2657//2657 3213//3213
f 3215//3215 3213//3213 3216//3216
f 2987//2987 2986//2986 3326//3326
f 3326//3326 2986//2986 3216//3216
f 3326//3326 3216//3216 3327//3327
f 3327//3327 3216//3216 3213//3213
f 3327//3327 3213//3213 3212//3212
f 3212//3212 3213//3213 2658//2658
f 3212//3212 2658//2658 2659//2659
f 2661//2661 3181//3181 2660//2660
f 2660//2660 3181//3181 3180//3180
f 2660//2660 3180//3180 3212//3212
f 3212//3212 3180//3180 3328//3328
f 3212//3212 3328//3328 3327//3327
f 3327//3327 3328//3328 3217//3217
f 3327//3327 3217//3217 3326//3326
f 3326//3326 3217//3217 2988//2988
f 3326//3326 2988//2988 2987//2987
f 2962//2962 2960//2960 3329//3329
f 3329//3329 2960//2960 3219//3219
f 3329//3329 3219//3219 3330//3330
f 3182//3182 3331//3331 3180//3180
f 3180//3180 3331//3331 3332//3332
f 3180//3180 3332//3332 3328//3328
f 3328//3328 3332//3332 3218//3218
f 3328//3328 3218//3218 3217//3217
f 3217//3217 3218//3218 2990//2990
f 3217//3217 2990//2990 2989//2989
f 2962//2962 3329//3329 2963//2963
f 2963//2963 3329//3329 3330//3330
f 2963//2963 3330//3330 3220//3220
f 3220//3220 3330//3330 3333//3333
f 3220//3220 3333//3333 3221//3221
f 3221//3221 3333//3333 3334//3334
f 3221//3221 3334//3334 2816//2816
f 2816//2816 3334//3334 3335//3335
f 2816//2816 3335//3335 3179//3179
f 3211//3211 3336//3336 3182//3182
f 3182//3182 3336//3336 3337//3337
f 3182//3182 3337//3337 3331//3331
f 3338//3338 3339//3339 3340//3340
f 3340//3340 3339//3339 3341//3341
f 3340//3340 3341//3341 3342//3342
f 3342//3342 3341//3341 3343//3343
f 3342//3342 3343//3343 3344//3344
f 3345//3345 3176//3176 3346//3346
f 3346//3346 3176//3176 3175//3175
f 3346//3346 3175//3175 3347//3347
f 3142//3142 3141//3141 3188//3188
f 3188//3188 3141//3141 3240//3240
f 3188//3188 3240//3240 3186//3186
f 3186//3186 3240//3240 3301//3301
f 3186//3186 3301//3301 3306//3306
f 3306//3306 3301//3301 3313//3313
f 3306//3306 3313//3313 3305//3305
f 3305//3305 3313//3313 3322//3322
f 3305//3305 3322//3322 3323//3323
f 3323//3323 3322//3322 3321//3321
f 3323//3323 3321//3321 3210//3210
f 3210//3210 3321//3321 3320//3320
f 3210//3210 3320//3320 3209//3209
f 3209//3209 3320//3320 3319//3319
f 3209//3209 3319//3319 3208//3208
f 3347//3347 3338//3338 3346//3346
f 3346//3346 3338//3338 3340//3340
f 3346//3346 3340//3340 3345//3345
f 3345//3345 3340//3340 3342//3342
f 3345//3345 3342//3342 3336//3336
f 3336//3336 3342//3342 3344//3344
f 3336//3336 3344//3344 3337//3337
f 3285//3285 3284//3284 3348//3348
f 3348//3348 3284//3284 3283//3283
f 3348//3348 3283//3283 3349//3349
f 3349//3349 3283//3283 3282//3282
f 3349//3349 3282//3282 3350//3350
f 3350//3350 3282//3282 3258//3258
f 3350//3350 3258//3258 3174//3174
f 3174//3174 3258//3258 3257//3257
f 3174//3174 3257//3257 3175//3175
f 3175//3175 3257//3257 3256//3256
f 3175//3175 3256//3256 3347//3347
f 3347//3347 3256//3256 3255//3255
f 3347//3347 3255//3255 3338//3338
f 3338//3338 3255//3255 3241//3241
f 3338//3338 3241//3241 3339//3339
f 3339//3339 3241//3241 3177//3177
f 3339//3339 3177//3177 3341//3341
f 3341//3341 3177//3177 3179//3179
f 3341//3341 3179//3179 3343//3343
f 3343//3343 3179//3179 3335//3335
f 3343//3343 3335//3335 3344//3344
f 3344//3344 3335//3335 3334//3334
f 3344//3344 3334//3334 3337//3337
f 3337//3337 3334//3334 3333//3333
f 3337//3337 3333//3333 3331//3331
f 3331//3331 3333//3333 3330//3330
f 3331//3331 3330//3330 3332//3332
f 3332//3332 3330//3330 3219//3219
f 3332//3332 3219//3219 3218//3218
f 3218//3218 3219//3219 2992//2992
f 3218//3218 2992//2992 2991//2991
f 2663//2663 2664//2664 3211//3211
f 3211//3211 2664//2664 2665//2665
f 3211//3211 2665//2665 3336//3336
f 3336//3336 2665//2665 3208//3208
f 3336//3336 3208//3208 3345//3345
f 3345//3345 3208//3208 3319//3319
f 3345//3345 3319//3319 3176//3176
f 3176//3176 3319//3319 3318//3318
f 3176//3176 3318//3318 3174//3174
f 3174//3174 3318//3318 3317//3317
f 3174//3174 3317//3317 3350//3350
f 3350//3350 3317//3317 3316//3316
f 3350//3350 3316//3316 3349//3349
f 3349//3349 3316//3316 3322//3322
f 3349//3349 3322//3322 3348//3348
f 3348//3348 3322//3322 3313//3313
f 3348//3348 3313//3313 3285//3285
f 3285//3285 3313//3313 3314//3314
f 3285//3285 3314//3314 3286//3286
f 3286//3286 3314//3314 3315//3315
f 3286//3286 3315//3315 3287//3287
f 3287//3287 3315//3315 3308//3308
f 3287//3287 3308//3308 3288//3288
f 3288//3288 3308//3308 3290//3290
f 3288//3288 3290//3290 3289//3289
f 3289//3289 3290//3290 3292//3292
f 3289//3289 3292//3292 3268//3268
f 3268//3268 3292//3292 3294//3294
f 3268//3268 3294//3294 3266//3266
f 3266//3266 3294//3294 3278//3278
f 3266//3266 3278//3278 3265//3265
f 3265//3265 3278//3278 3277//3277
f 3265//3265 3277//3277 3264//3264
f 3264//3264 3277//3277 3262//3262
f 3264//3264 3262//3262 3250//3250
f 3250//3250 3262//3262 3260//3260
f 3250//3250 3260//3260 3248//3248
f 3248//3248 3260//3260 3259//3259
f 3248//3248 3259//3259 3247//3247
f 3247//3247 3259//3259 3189//3189
f 3247//3247 3189//3189 3244//3244
f 3244//3244 3189//3189 3191//3191
f 3244//3244 3191//3191 3242//3242
f 3242//3242 3191//3191 3269//3269
f 3242//3242 3269//3269 3226//3226
f 3226//3226 3269//3269 3228//3228
f 3226//3226 3228//3228 3225//3225
f 3225//3225 3228//3228 3167//3167
f 3225//3225 3167//3167 3166//3166
f 3074//3074 3351//3351 3352//3352
f 3353//3353 3096//3096 3352//3352
f 3352//3352 3096//3096 3098//3098
f 3352//3352 3098//3098 3074//3074
f 3088//3088 3087//3087 3354//3354
f 3354//3354 3087//3087 3085//3085
f 3354//3354 3085//3085 3353//3353
f 3353//3353 3085//3085 3086//3086
f 3353//3353 3086//3086 3096//3096
f 3088//3088 3354//3354 3090//3090
f 3090//3090 3354//3354 3355//3355
f 3090//3090 3355//3355 3092//3092
f 3092//3092 3355//3355 3094//3094
f 3094//3094 3355//3355 3356//3356
f 3094//3094 3356//3356 3095//3095
f 3095//3095 3356//3356 3078//3078
f 3078//3078 3356//3356 3357//3357
f 3078//3078 3357//3357 3081//3081
f 3081//3081 3357//3357 2568//2568
f 2568//2568 3357//3357 1387//1387
f 2568//2568 1387//1387 1386//1386
f 3358//3358 1383//1383 1387//1387
f 3359//3359 3360//3360 3358//3358
f 3358//3358 3360//3360 3361//3361
f 3358//3358 3361//3361 1383//1383
f 1383//1383 3361//3361 2516//2516
f 1383//1383 2516//2516 1384//1384
f 3359//3359 3358//3358 3362//3362
f 3362//3362 3358//3358 3363//3363
f 3362//3362 3363//3363 3364//3364
f 3364//3364 3363//3363 3365//3365
f 3364//3364 3365//3365 2787//2787
f 3366//3366 3367//3367 2783//2783
f 2783//2783 2784//2784 3366//3366
f 3366//3366 2784//2784 2785//2785
f 3366//3366 2785//2785 3365//3365
f 3365//3365 2785//2785 2786//2786
f 3365//3365 2786//2786 2787//2787
f 3070//3070 3072//3072 3367//3367
f 3367//3367 3072//3072 2782//2782
f 3367//3367 2782//2782 2783//2783
f 3367//3367 3368//3368 3070//3070
f 3070//3070 3368//3368 3369//3369
f 3070//3070 3369//3369 3069//3069
f 3074//3074 3102//3102 3351//3351
f 3351//3351 3102//3102 2553//2553
f 3351//3351 2553//2553 2561//2561
f 1387//1387 3357//3357 3358//3358
f 3358//3358 3357//3357 3356//3356
f 3358//3358 3356//3356 3363//3363
f 3363//3363 3356//3356 3355//3355
f 3363//3363 3355//3355 3365//3365
f 3365//3365 3355//3355 3354//3354
f 3365//3365 3354//3354 3366//3366
f 3366//3366 3354//3354 3353//3353
f 3366//3366 3353//3353 3367//3367
f 3367//3367 3353//3353 3352//3352
f 3367//3367 3352//3352 3368//3368
f 3368//3368 3352//3352 3351//3351
f 3368//3368 3351//3351 3369//3369
f 3369//3369 3351//3351 2561//2561
f 3369//3369 2561//2561 3069//3069
f 2541//2541 3370//3370 2542//2542
f 3371//3371 3059//3059 3060//3060
f 3068//3068 2525//2525 2526//2526
f 2530//2530 2542//2542 3372//3372
f 3372//3372 2542//2542 3370//3370
f 3372//3372 3370//3370 3373//3373
f 3373//3373 3370//3370 2541//2541
f 3373//3373 2541//2541 3374//3374
f 3374//3374 2541//2541 2548//2548
f 3374//3374 2548//2548 2545//2545
f 2536//2536 2534//2534 3375//3375
f 3375//3375 2534//2534 2532//2532
f 2538//2538 2536//2536 3376//3376
f 3376//3376 2536//2536 3375//3375
f 3376//3376 3375//3375 3377//3377
f 3377//3377 3375//3375 3378//3378
f 3377//3377 3378//3378 3064//3064
f 3064//3064 3378//3378 3062//3062
f 3064//3064 3066//3066 3377//3377
f 3377//3377 3066//3066 3068//3068
f 3377//3377 3068//3068 3376//3376
f 3376//3376 3068//3068 2526//2526
f 3376//3376 2526//2526 2538//2538
f 2538//2538 2526//2526 2527//2527
f 2532//2532 2530//2530 3375//3375
f 3375//3375 2530//2530 3372//3372
f 3375//3375 3372//3372 3378//3378
f 3378//3378 3372//3372 3373//3373
f 3378//3378 3373//3373 3062//3062
f 3062//3062 3373//3373 3374//3374
f 3062//3062 3374//3374 3060//3060
f 3060//3060 3374//3374 2545//2545
f 3060//3060 2545//2545 3371//3371
f 3371//3371 2545//2545 2544//2544
f 3371//3371 2544//2544 3059//3059
f 1035//1035 3379//3379 1036//1036
f 1036//1036 3379//3379 1037//1037
f 1037//1037 3379//3379 1038//1038
f 1038//1038 3379//3379 3380//3380
f 1038//1038 3380//3380 1039//1039
f 1039//1039 3380//3380 2787//2787
f 1039//1039 2787//2787 1040//1040
f 3360//3360 3359//3359 3379//3379
f 3379//3379 3359//3359 3362//3362
f 3379//3379 3362//3362 3380//3380
f 3380//3380 3362//3362 3364//3364
f 3380//3380 3364//3364 2787//2787
f 3360//3360 3379//3379 3361//3361
f 3361//3361 3379//3379 1035//1035
f 3361//3361 1035//1035 2516//2516
f 3381//3381 2439//2439 1272//1272
f 1272//1272 1266//1266 3381//3381
f 3381//3381 1266//1266 1264//1264
f 3381//3381 1264//1264 3382//3382
f 3382//3382 1264//1264 217//217
f 3382//3382 217//217 219//219
f 2444//2444 2439//2439 3381//3381
f 2444//2444 3381//3381 2441//2441
f 84//84 2441//2441 85//85
f 85//85 2441//2441 3381//3381
f 85//85 3381//3381 81//81
f 81//81 3381//3381 3382//3382
f 81//81 3382//3382 82//82
f 82//82 3382//3382 219//219
f 3383//3383 3384//3384 2370//2370
f 2370//2370 3384//3384 2372//2372
f 2//2 1//1 3385//3385
f 3385//3385 1//1 2372//2372
f 3385//3385 2372//2372 3386//3386
f 3386//3386 2372//2372 3384//3384
f 3383//3383 2370//2370 3387//3387
f 3387//3387 2370//2370 2368//2368
f 3387//3387 2368//2368 2446//2446
f 2446//2446 2368//2368 2366//2366
f 2446//2446 2366//2366 2364//2364
f 1177//1177 3388//3388 1178//1178
f 1178//1178 3388//3388 3389//3389
f 1178//1178 3389//3389 1180//1180
f 1180//1180 3389//3389 1182//1182
f 1182//1182 3389//3389 3390//3390
f 1182//1182 3390//3390 1194//1194
f 1194//1194 3390//3390 1192//1192
f 1192//1192 3390//3390 3391//3391
f 1192//1192 3391//3391 1190//1190
f 1190//1190 3391//3391 1188//1188
f 1188//1188 3391//3391 3392//3392
f 1188//1188 3392//3392 1187//1187
f 2422//2422 1183//1183 3392//3392
f 3392//3392 1183//1183 1185//1185
f 3392//3392 1185//1185 1187//1187
f 2423//2423 3393//3393 2457//2457
f 2457//2457 3393//3393 3394//3394
f 2457//2457 3394//3394 2456//2456
f 3395//3395 3383//3383 3387//3387
f 3395//3395 3387//3387 3396//3396
f 3387//3387 2446//2446 3396//3396
f 3396//3396 2446//2446 2445//2445
f 3396//3396 2445//2445 3394//3394
f 3394//3394 2445//2445 2455//2455
f 3394//3394 2455//2455 2456//2456
f 3397//3397 3386//3386 3395//3395
f 3395//3395 3386//3386 3384//3384
f 3395//3395 3384//3384 3383//3383
f 2423//2423 2422//2422 3393//3393
f 3393//3393 2422//2422 3392//3392
f 3393//3393 3392//3392 3394//3394
f 3394//3394 3392//3392 3391//3391
f 3394//3394 3391//3391 3396//3396
f 3396//3396 3391//3391 3390//3390
f 3396//3396 3390//3390 3395//3395
f 3395//3395 3390//3390 3389//3389
f 3395//3395 3389//3389 3397//3397
f 3397//3397 3389//3389 3388//3388
f 3398//3398 544//544 3399//3399
f 3399//3399 544//544 532//532
f 3399//3399 532//532 3400//3400
f 3400//3400 532//532 2315//2315
f 3400//3400 2315//2315 3401//3401
f 3398//3398 3402//3402 544//544
f 544//544 3402//3402 3403//3403
f 544//544 3403//3403 528//528
f 528//528 3403//3403 3404//3404
f 528//528 3404//3404 526//526
f 526//526 3404//3404 3405//3405
f 526//526 3405//3405 685//685
f 685//685 3405//3405 3406//3406
f 685//685 3406//3406 686//686
f 686//686 3406//3406 3407//3407
f 686//686 3407//3407 687//687
f 687//687 3407//3407 3408//3408
f 687//687 3408//3408 688//688
f 688//688 3408//3408 3409//3409
f 688//688 3409//3409 689//689
f 689//689 3409//3409 3410//3410
f 689//689 3410//3410 690//690
f 690//690 3410//3410 3411//3411
f 690//690 3411//3411 680//680
f 680//680 3411//3411 3412//3412
f 680//680 3412//3412 679//679
f 679//679 3412//3412 3413//3413
f 679//679 3413//3413 681//681
f 681//681 3413//3413 3414//3414
f 681//681 3414//3414 682//682
f 682//682 3414//3414 3415//3415
f 682//682 3415//3415 683//683
f 683//683 3415//3415 3416//3416
f 683//683 3416//3416 684//684
f 684//684 3416//3416 3417//3417
f 684//684 3417//3417 675//675
f 675//675 3417//3417 670//670
f 670//670 3417//3417 3418//3418
f 670//670 3418//3418 671//671
f 671//671 3418//3418 3419//3419
f 671//671 3419//3419 673//673
f 3419//3419 3420//3420 673//673
f 673//673 3420//3420 3421//3421
f 673//673 3421//3421 674//674
f 674//674 3421//3421 3422//3422
f 674//674 3422//3422 678//678
f 678//678 3422//3422 668//668
f 668//668 3422//3422 3423//3423
f 668//668 3423//3423 669//669
f 3423//3423 3424//3424 669//669
f 669//669 3424//3424 3425//3425
f 669//669 3425//3425 666//666
f 666//666 3425//3425 3426//3426
f 666//666 3426//3426 665//665
f 665//665 3426//3426 3427//3427
f 665//665 3427//3427 659//659
f 659//659 3427//3427 3428//3428
f 659//659 3428//3428 660//660
f 660//660 3428//3428 3429//3429
f 660//660 3429//3429 766//766
f 3430//3430 3431//3431 653//653
f 3429//3429 3432//3432 766//766
f 766//766 3432//3432 3433//3433
f 766//766 3433//3433 656//656
f 656//656 3433//3433 3434//3434
f 656//656 3434//3434 657//657
f 657//657 3434//3434 3435//3435
f 657//657 3435//3435 658//658
f 658//658 3435//3435 3430//3430
f 658//658 3430//3430 652//652
f 652//652 3430//3430 653//653
f 3431//3431 3436//3436 653//653
f 653//653 3436//3436 3437//3437
f 653//653 3437//3437 654//654
f 654//654 3437//3437 3438//3438
f 654//654 3438//3438 655//655
f 655//655 3438//3438 3439//3439
f 655//655 3439//3439 646//646
f 646//646 3439//3439 3440//3440
f 646//646 3440//3440 647//647
f 647//647 3440//3440 650//650
f 3440//3440 3441//3441 650//650
f 650//650 3441//3441 3442//3442
f 650//650 3442//3442 649//649
f 649//649 3442//3442 3443//3443
f 649//649 3443//3443 640//640
f 640//640 3443//3443 3444//3444
f 640//640 3444//3444 641//641
f 3444//3444 3445//3445 641//641
f 641//641 3445//3445 3446//3446
f 641//641 3446//3446 644//644
f 644//644 3446//3446 3447//3447
f 644//644 3447//3447 643//643
f 643//643 3447//3447 3448//3448
f 643//643 3448//3448 637//637
f 637//637 3448//3448 636//636
f 636//636 3448//3448 3449//3449
f 636//636 3449//3449 635//635
f 635//635 3449//3449 3450//3450
f 635//635 3450//3450 634//634
f 520//520 521//521 3451//3451
f 3451//3451 521//521 522//522
f 3451//3451 522//522 3452//3452
f 3452//3452 522//522 639//639
f 3452//3452 639//639 3453//3453
f 3453//3453 639//639 638//638
f 3453//3453 638//638 3454//3454
f 3454//3454 638//638 634//634
f 3454//3454 634//634 3455//3455
f 3455//3455 634//634 3450//3450
f 3456//3456 798//798 801//801
f 3456//3456 801//801 3457//3457
f 3457//3457 801//801 808//808
f 3457//3457 808//808 3458//3458
f 3458//3458 808//808 559//559
f 3458//3458 559//559 3459//3459
f 559//559 516//516 3459//3459
f 3459//3459 516//516 518//518
f 3459//3459 518//518 3460//3460
f 3460//3460 518//518 520//520
f 3460//3460 520//520 3461//3461
f 3461//3461 520//520 3451//3451
f 435//435 437//437 3462//3462
f 3462//3462 437//437 438//438
f 3462//3462 438//438 3463//3463
f 3463//3463 438//438 434//434
f 3463//3463 434//434 3464//3464
f 3464//3464 434//434 433//433
f 3464//3464 433//433 3465//3465
f 3465//3465 433//433 439//439
f 3465//3465 439//439 3466//3466
f 3466//3466 439//439 441//441
f 3466//3466 441//441 3456//3456
f 3456//3456 441//441 443//443
f 3456//3456 443//443 798//798
f 3462//3462 3467//3467 435//435
f 435//435 3467//3467 3468//3468
f 435//435 3468//3468 508//508
f 508//508 3468//3468 3469//3469
f 508//508 3469//3469 444//444
f 444//444 3469//3469 3470//3470
f 444//444 3470//3470 445//445
f 445//445 3470//3470 3471//3471
f 445//445 3471//3471 506//506
f 506//506 3471//3471 3472//3472
f 506//506 3472//3472 507//507
f 507//507 3472//3472 3473//3473
f 507//507 3473//3473 503//503
f 503//503 3473//3473 502//502
f 3473//3473 3474//3474 502//502
f 502//502 3474//3474 3475//3475
f 502//502 3475//3475 504//504
f 504//504 3475//3475 3476//3476
f 504//504 3476//3476 493//493
f 493//493 3476//3476 3477//3477
f 493//493 3477//3477 494//494
f 494//494 3477//3477 3478//3478
f 494//494 3478//3478 496//496
f 496//496 3478//3478 3479//3479
f 496//496 3479//3479 498//498
f 498//498 3479//3479 499//499
f 499//499 3479//3479 3480//3480
f 499//499 3480//3480 489//489
f 489//489 3480//3480 3481//3481
f 489//489 3481//3481 491//491
f 3481//3481 3482//3482 491//491
f 491//491 3482//3482 3483//3483
f 491//491 3483//3483 492//492
f 492//492 3483//3483 3484//3484
f 3485//3485 480//480 3486//3486
f 3486//3486 480//480 487//487
f 3486//3486 487//487 3484//3484
f 3484//3484 487//487 486//486
f 3484//3484 486//486 492//492
f 3487//3487 472//472 3488//3488
f 3488//3488 472//472 477//477
f 3488//3488 477//477 3489//3489
f 3489//3489 477//477 479//479
f 3489//3489 479//479 3490//3490
f 3490//3490 479//479 483//483
f 3490//3490 483//483 3485//3485
f 3485//3485 483//483 481//481
f 3485//3485 481//481 480//480
f 3491//3491 475//475 3487//3487
f 3487//3487 475//475 473//473
f 3487//3487 473//473 472//472
f 471//471 470//470 3491//3491
f 3491//3491 470//470 476//476
f 3491//3491 476//476 475//475
f 3491//3491 3492//3492 471//471
f 471//471 3492//3492 3493//3493
f 471//471 3493//3493 468//468
f 468//468 3493//3493 3494//3494
f 468//468 3494//3494 466//466
f 466//466 3494//3494 464//464
f 464//464 3494//3494 3495//3495
f 464//464 3495//3495 457//457
f 457//457 3495//3495 3496//3496
f 457//457 3496//3496 458//458
f 458//458 3496//3496 460//460
f 460//460 3496//3496 3497//3497
f 460//460 3497//3497 462//462
f 3497//3497 3498//3498 462//462
f 462//462 3498//3498 3499//3499
f 462//462 3499//3499 463//463
f 463//463 3499//3499 3500//3500
f 463//463 3500//3500 455//455
f 455//455 3500//3500 456//456
f 456//456 3500//3500 3501//3501
f 456//456 3501//3501 447//447
f 447//447 3501//3501 448//448
f 448//448 3501//3501 3502//3502
f 448//448 3502//3502 450//450
f 450//450 3502//3502 452//452
f 452//452 3502//3502 3503//3503
f 452//452 3503//3503 453//453
f 453//453 3503//3503 3504//3504
f 453//453 3504//3504 806//806
f 810//810 811//811 804//804
f 810//810 804//804 2313//2313
f 3401//3401 2315//2315 3505//3505
f 3505//3505 2315//2315 2314//2314
f 3505//3505 2314//2314 3506//3506
f 2314//2314 2313//2313 3506//3506
f 3506//3506 2313//2313 804//804
f 3506//3506 804//804 3507//3507
f 3507//3507 804//804 806//806
f 3507//3507 806//806 3508//3508
f 3508//3508 806//806 3504//3504
f 3509//3509 3510//3510 3511//3511
f 3509//3509 3511//3511 3512//3512
f 3512//3512 3511//3511 3513//3513
f 3512//3512 3513//3513 3514//3514
f 3514//3514 3513//3513 3515//3515
f 3514//3514 3515//3515 3516//3516
f 3516//3516 3515//3515 3517//3517
f 3516//3516 3517//3517 3518//3518
f 3518//3518 3517//3517 3519//3519
f 3518//3518 3519//3519 3520//3520
f 3520//3520 3519//3519 3521//3521
f 3520//3520 3521//3521 3522//3522
f 3522//3522 3521//3521 3523//3523
f 3522//3522 3523//3523 3524//3524
f 3524//3524 3523//3523 3525//3525
f 3524//3524 3525//3525 3526//3526
f 3526//3526 3525//3525 3527//3527
f 3526//3526 3527//3527 3528//3528
f 3528//3528 3527//3527 3529//3529
f 3528//3528 3529//3529 3530//3530
f 3530//3530 3529//3529 3531//3531
f 3530//3530 3531//3531 3532//3532
f 3532//3532 3531//3531 3533//3533
f 3532//3532 3533//3533 3534//3534
f 3534//3534 3533//3533 3535//3535
f 3534//3534 3535//3535 3536//3536
f 3536//3536 3535//3535 3537//3537
f 3536//3536 3537//3537 3538//3538
f 3538//3538 3537//3537 3539//3539
f 3538//3538 3539//3539 3540//3540
f 3540//3540 3539//3539 3541//3541
f 3540//3540 3541//3541 3542//3542
f 3542//3542 3541//3541 3543//3543
f 3542//3542 3543//3543 3544//3544
f 3544//3544 3543//3543 3545//3545
f 3544//3544 3545//3545 3546//3546
f 3546//3546 3545//3545 3547//3547
f 3546//3546 3547//3547 3548//3548
f 3548//3548 3547//3547 3549//3549
f 3548//3548 3549//3549 3550//3550
f 3550//3550 3549//3549 3551//3551
f 3550//3550 3551//3551 3552//3552
f 3552//3552 3551//3551 3553//3553
f 3552//3552 3553//3553 3554//3554
f 3554//3554 3553//3553 3555//3555
f 3554//3554 3555//3555 3556//3556
f 3556//3556 3555//3555 3557//3557
f 3556//3556 3557//3557 3558//3558
f 3558//3558 3557//3557 3559//3559
f 3558//3558 3559//3559 3560//3560
f 3560//3560 3559//3559 3510//3510
f 3560//3560 3510//3510 3509//3509
f 3480//3480 3479//3479 3561//3561
f 3561//3561 3479//3479 3562//3562
f 3479//3479 3478//3478 3562//3562
f 3562//3562 3478//3478 3477//3477
f 3562//3562 3477//3477 3563//3563
f 3563//3563 3477//3477 3476//3476
f 3563//3563 3476//3476 3564//3564
f 3476//3476 3475//3475 3564//3564
f 3564//3564 3475//3475 3474//3474
f 3564//3564 3474//3474 3565//3565
f 3470//3470 3566//3566 3567//3567
f 3474//3474 3473//3473 3565//3565
f 3565//3565 3473//3473 3472//3472
f 3565//3565 3472//3472 3567//3567
f 3567//3567 3472//3472 3471//3471
f 3567//3567 3471//3471 3470//3470
f 3568//3568 3506//3506 3569//3569
f 3569//3569 3506//3506 3507//3507
f 3569//3569 3507//3507 3570//3570
f 3570//3570 3507//3507 3508//3508
f 3570//3570 3508//3508 3571//3571
f 3508//3508 3504//3504 3571//3571
f 3571//3571 3504//3504 3503//3503
f 3571//3571 3503//3503 3572//3572
f 3572//3572 3503//3503 3502//3502
f 3572//3572 3502//3502 3573//3573
f 3573//3573 3502//3502 3501//3501
f 3573//3573 3501//3501 3574//3574
f 3574//3574 3501//3501 3500//3500
f 3574//3574 3500//3500 3575//3575
f 3500//3500 3499//3499 3575//3575
f 3575//3575 3499//3499 3498//3498
f 3575//3575 3498//3498 3576//3576
f 3576//3576 3498//3498 3497//3497
f 3576//3576 3497//3497 3577//3577
f 3497//3497 3496//3496 3577//3577
f 3577//3577 3496//3496 3495//3495
f 3577//3577 3495//3495 3578//3578
f 3579//3579 3580//3580 3493//3493
f 3578//3578 3495//3495 3580//3580
f 3580//3580 3495//3495 3494//3494
f 3580//3580 3494//3494 3493//3493
f 3493//3493 3492//3492 3579//3579
f 3579//3579 3492//3492 3491//3491
f 3579//3579 3491//3491 3581//3581
f 3581//3581 3491//3491 3487//3487
f 3581//3581 3487//3487 3582//3582
f 3582//3582 3487//3487 3488//3488
f 3582//3582 3488//3488 3583//3583
f 3488//3488 3489//3489 3583//3583
f 3583//3583 3489//3489 3490//3490
f 3583//3583 3490//3490 3584//3584
f 3584//3584 3490//3490 3485//3485
f 3584//3584 3485//3485 3585//3585
f 3585//3585 3485//3485 3486//3486
f 3585//3585 3486//3486 3484//3484
f 3483//3483 3586//3586 3484//3484
f 3484//3484 3586//3586 3587//3587
f 3484//3484 3587//3587 3585//3585
f 3480//3480 3561//3561 3481//3481
f 3481//3481 3561//3561 3586//3586
f 3481//3481 3586//3586 3482//3482
f 3482//3482 3586//3586 3483//3483
f 3468//3468 3588//3588 3469//3469
f 3469//3469 3588//3588 3566//3566
f 3469//3469 3566//3566 3470//3470
f 3465//3465 3589//3589 3590//3590
f 3468//3468 3467//3467 3588//3588
f 3588//3588 3467//3467 3462//3462
f 3588//3588 3462//3462 3591//3591
f 3591//3591 3462//3462 3463//3463
f 3591//3591 3463//3463 3590//3590
f 3590//3590 3463//3463 3464//3464
f 3590//3590 3464//3464 3465//3465
f 3589//3589 3465//3465 3592//3592
f 3592//3592 3465//3465 3466//3466
f 3592//3592 3466//3466 3593//3593
f 3569//3569 3548//3548 3568//3568
f 3568//3568 3548//3548 3550//3550
f 3568//3568 3550//3550 3594//3594
f 3595//3595 3596//3596 3524//3524
f 3524//3524 3596//3596 3597//3597
f 3524//3524 3597//3597 3522//3522
f 3522//3522 3597//3597 3598//3598
f 3522//3522 3598//3598 3599//3599
f 3572//3572 3546//3546 3571//3571
f 3571//3571 3546//3546 3548//3548
f 3571//3571 3548//3548 3570//3570
f 3570//3570 3548//3548 3569//3569
f 3594//3594 3550//3550 3600//3600
f 3600//3600 3550//3550 3552//3552
f 3600//3600 3552//3552 3601//3601
f 3602//3602 3603//3603 3520//3520
f 3520//3520 3603//3603 3604//3604
f 3520//3520 3604//3604 3518//3518
f 3599//3599 3605//3605 3522//3522
f 3522//3522 3605//3605 3606//3606
f 3522//3522 3606//3606 3520//3520
f 3520//3520 3606//3606 3607//3607
f 3520//3520 3607//3607 3602//3602
f 3572//3572 3573//3573 3546//3546
f 3546//3546 3573//3573 3574//3574
f 3546//3546 3574//3574 3544//3544
f 3595//3595 3524//3524 3608//3608
f 3608//3608 3524//3524 3526//3526
f 3608//3608 3526//3526 3609//3609
f 3554//3554 3610//3610 3552//3552
f 3552//3552 3610//3610 3611//3611
f 3552//3552 3611//3611 3601//3601
f 3604//3604 3612//3612 3518//3518
f 3518//3518 3612//3612 3613//3613
f 3518//3518 3613//3613 3614//3614
f 3615//3615 3516//3516 3616//3616
f 3616//3616 3516//3516 3518//3518
f 3616//3616 3518//3518 3617//3617
f 3617//3617 3518//3518 3614//3614
f 3528//3528 3589//3589 3526//3526
f 3526//3526 3589//3589 3592//3592
f 3592//3592 3593//3593 3526//3526
f 3526//3526 3593//3593 3618//3618
f 3526//3526 3618//3618 3609//3609
f 3530//3530 3591//3591 3528//3528
f 3528//3528 3591//3591 3590//3590
f 3528//3528 3590//3590 3589//3589
f 3556//3556 3619//3619 3620//3620
f 3574//3574 3575//3575 3544//3544
f 3544//3544 3575//3575 3576//3576
f 3544//3544 3576//3576 3542//3542
f 3542//3542 3576//3576 3577//3577
f 3542//3542 3577//3577 3578//3578
f 3620//3620 3621//3621 3556//3556
f 3556//3556 3621//3621 3622//3622
f 3556//3556 3622//3622 3554//3554
f 3554//3554 3622//3622 3623//3623
f 3554//3554 3623//3623 3610//3610
f 3581//3581 3540//3540 3579//3579
f 3579//3579 3540//3540 3542//3542
f 3579//3579 3542//3542 3580//3580
f 3580//3580 3542//3542 3578//3578
f 3558//3558 3624//3624 3556//3556
f 3556//3556 3624//3624 3625//3625
f 3556//3556 3625//3625 3619//3619
f 3615//3615 3626//3626 3516//3516
f 3516//3516 3626//3626 3627//3627
f 3516//3516 3627//3627 3514//3514
f 3567//3567 3566//3566 3530//3530
f 3530//3530 3566//3566 3588//3588
f 3530//3530 3588//3588 3591//3591
f 3560//3560 3628//3628 3558//3558
f 3558//3558 3628//3628 3629//3629
f 3558//3558 3629//3629 3624//3624
f 3627//3627 3630//3630 3514//3514
f 3514//3514 3630//3630 3631//3631
f 3514//3514 3631//3631 3632//3632
f 3632//3632 3633//3633 3514//3514
f 3514//3514 3633//3633 3634//3634
f 3514//3514 3634//3634 3512//3512
f 3635//3635 3636//3636 3509//3509
f 3509//3509 3636//3636 3637//3637
f 3567//3567 3530//3530 3565//3565
f 3565//3565 3530//3530 3532//3532
f 3565//3565 3532//3532 3564//3564
f 3564//3564 3532//3532 3534//3534
f 3564//3564 3534//3534 3563//3563
f 3587//3587 3586//3586 3536//3536
f 3536//3536 3586//3586 3561//3561
f 3536//3536 3561//3561 3534//3534
f 3534//3534 3561//3561 3562//3562
f 3534//3534 3562//3562 3563//3563
f 3581//3581 3582//3582 3540//3540
f 3540//3540 3582//3582 3583//3583
f 3540//3540 3583//3583 3538//3538
f 3538//3538 3583//3583 3584//3584
f 3538//3538 3584//3584 3536//3536
f 3536//3536 3584//3584 3585//3585
f 3536//3536 3585//3585 3587//3587
f 3637//3637 3638//3638 3509//3509
f 3509//3509 3638//3638 3639//3639
f 3509//3509 3639//3639 3560//3560
f 3560//3560 3639//3639 3640//3640
f 3560//3560 3640//3640 3628//3628
f 3634//3634 3641//3641 3512//3512
f 3512//3512 3641//3641 3642//3642
f 3512//3512 3642//3642 3509//3509
f 3509//3509 3642//3642 3643//3643
f 3509//3509 3643//3643 3635//3635
f 3644//3644 3506//3506 3568//3568
f 3639//3639 3645//3645 3646//3646
f 3639//3639 3646//3646 3640//3640
f 3640//3640 3646//3646 3647//3647
f 3640//3640 3647//3647 3628//3628
f 3628//3628 3647//3647 3648//3648
f 3628//3628 3648//3648 3629//3629
f 3629//3629 3648//3648 3624//3624
f 3624//3624 3648//3648 3649//3649
f 3624//3624 3649//3649 3625//3625
f 3625//3625 3649//3649 3619//3619
f 3619//3619 3649//3649 3650//3650
f 3619//3619 3650//3650 3620//3620
f 3611//3611 3610//3610 3651//3651
f 3651//3651 3610//3610 3623//3623
f 3651//3651 3623//3623 3652//3652
f 3652//3652 3623//3623 3622//3622
f 3652//3652 3622//3622 3650//3650
f 3650//3650 3622//3622 3621//3621
f 3650//3650 3621//3621 3620//3620
f 3594//3594 3600//3600 3653//3653
f 3653//3653 3600//3600 3601//3601
f 3653//3653 3601//3601 3654//3654
f 3400//3400 3401//3401 3644//3644
f 3644//3644 3401//3401 3505//3505
f 3644//3644 3505//3505 3506//3506
f 3568//3568 3594//3594 3644//3644
f 3644//3644 3594//3594 3653//3653
f 3644//3644 3653//3653 3400//3400
f 3400//3400 3653//3653 3399//3399
f 3654//3654 3402//3402 3653//3653
f 3653//3653 3402//3402 3398//3398
f 3653//3653 3398//3398 3399//3399
f 3405//3405 3404//3404 3654//3654
f 3654//3654 3404//3404 3403//3403
f 3654//3654 3403//3403 3402//3402
f 3601//3601 3611//3611 3654//3654
f 3654//3654 3611//3611 3651//3651
f 3654//3654 3651//3651 3405//3405
f 3405//3405 3651//3651 3406//3406
f 3650//3650 3409//3409 3652//3652
f 3652//3652 3409//3409 3408//3408
f 3652//3652 3408//3408 3651//3651
f 3651//3651 3408//3408 3407//3407
f 3651//3651 3407//3407 3406//3406
f 3413//3413 3412//3412 3649//3649
f 3649//3649 3412//3412 3411//3411
f 3649//3649 3411//3411 3650//3650
f 3650//3650 3411//3411 3410//3410
f 3650//3650 3410//3410 3409//3409
f 3413//3413 3649//3649 3414//3414
f 3414//3414 3649//3649 3648//3648
f 3414//3414 3648//3648 3415//3415
f 3415//3415 3648//3648 3647//3647
f 3415//3415 3647//3647 3416//3416
f 3645//3645 3419//3419 3646//3646
f 3646//3646 3419//3419 3418//3418
f 3646//3646 3418//3418 3647//3647
f 3647//3647 3418//3418 3417//3417
f 3647//3647 3417//3417 3416//3416
f 3420//3420 3419//3419 3645//3645
f 3638//3638 3637//3637 3655//3655
f 3605//3605 3599//3599 3656//3656
f 3618//3618 3593//3593 3657//3657
f 3457//3457 3657//3657 3456//3456
f 3456//3456 3657//3657 3593//3593
f 3456//3456 3593//3593 3466//3466
f 3658//3658 3608//3608 3657//3657
f 3657//3657 3608//3608 3609//3609
f 3657//3657 3609//3609 3618//3618
f 3598//3598 3597//3597 3659//3659
f 3659//3659 3597//3597 3596//3596
f 3659//3659 3596//3596 3658//3658
f 3658//3658 3596//3596 3595//3595
f 3658//3658 3595//3595 3608//3608
f 3660//3660 3607//3607 3606//3606
f 3605//3605 3656//3656 3606//3606
f 3607//3607 3660//3660 3602//3602
f 3602//3602 3660//3660 3661//3661
f 3602//3602 3661//3661 3603//3603
f 3603//3603 3661//3661 3604//3604
f 3604//3604 3661//3661 3662//3662
f 3604//3604 3662//3662 3612//3612
f 3663//3663 3614//3614 3662//3662
f 3662//3662 3614//3614 3613//3613
f 3662//3662 3613//3613 3612//3612
f 3664//3664 3616//3616 3663//3663
f 3663//3663 3616//3616 3617//3617
f 3663//3663 3617//3617 3614//3614
f 3627//3627 3626//3626 3664//3664
f 3664//3664 3626//3626 3615//3615
f 3664//3664 3615//3615 3616//3616
f 3665//3665 3631//3631 3666//3666
f 3666//3666 3631//3631 3630//3630
f 3666//3666 3630//3630 3627//3627
f 3634//3634 3665//3665 3667//3667
f 3634//3634 3633//3633 3665//3665
f 3665//3665 3633//3633 3632//3632
f 3665//3665 3632//3632 3631//3631
f 3668//3668 3642//3642 3667//3667
f 3667//3667 3642//3642 3641//3641
f 3667//3667 3641//3641 3634//3634
f 3637//3637 3636//3636 3655//3655
f 3655//3655 3636//3636 3635//3635
f 3655//3655 3635//3635 3668//3668
f 3668//3668 3635//3635 3643//3643
f 3668//3668 3643//3643 3642//3642
f 3645//3645 3639//3639 3638//3638
f 3638//3638 3655//3655 3645//3645
f 3645//3645 3655//3655 3421//3421
f 3645//3645 3421//3421 3420//3420
f 3425//3425 3424//3424 3668//3668
f 3668//3668 3424//3424 3423//3423
f 3668//3668 3423//3423 3655//3655
f 3655//3655 3423//3423 3422//3422
f 3655//3655 3422//3422 3421//3421
f 3425//3425 3668//3668 3426//3426
f 3426//3426 3668//3668 3667//3667
f 3426//3426 3667//3667 3427//3427
f 3433//3433 3432//3432 3665//3665
f 3665//3665 3432//3432 3429//3429
f 3665//3665 3429//3429 3667//3667
f 3667//3667 3429//3429 3428//3428
f 3667//3667 3428//3428 3427//3427
f 3433//3433 3665//3665 3434//3434
f 3434//3434 3665//3665 3666//3666
f 3434//3434 3666//3666 3435//3435
f 3627//3627 3664//3664 3666//3666
f 3666//3666 3664//3664 3430//3430
f 3666//3666 3430//3430 3435//3435
f 3437//3437 3436//3436 3664//3664
f 3664//3664 3436//3436 3431//3431
f 3664//3664 3431//3431 3430//3430
f 3437//3437 3664//3664 3438//3438
f 3438//3438 3664//3664 3663//3663
f 3438//3438 3663//3663 3439//3439
f 3439//3439 3663//3663 3440//3440
f 3440//3440 3663//3663 3662//3662
f 3440//3440 3662//3662 3441//3441
f 3661//3661 3444//3444 3443//3443
f 3661//3661 3443//3443 3662//3662
f 3662//3662 3443//3443 3442//3442
f 3662//3662 3442//3442 3441//3441
f 3448//3448 3447//3447 3660//3660
f 3660//3660 3447//3447 3446//3446
f 3660//3660 3446//3446 3661//3661
f 3661//3661 3446//3446 3445//3445
f 3661//3661 3445//3445 3444//3444
f 3606//3606 3656//3656 3660//3660
f 3660//3660 3656//3656 3449//3449
f 3660//3660 3449//3449 3448//3448
f 3454//3454 3455//3455 3656//3656
f 3656//3656 3455//3455 3450//3450
f 3656//3656 3450//3450 3449//3449
f 3599//3599 3598//3598 3656//3656
f 3656//3656 3598//3598 3659//3659
f 3656//3656 3659//3659 3454//3454
f 3454//3454 3659//3659 3453//3453
f 3658//3658 3461//3461 3451//3451
f 3658//3658 3451//3451 3659//3659
f 3659//3659 3451//3451 3452//3452
f 3659//3659 3452//3452 3453//3453
f 3457//3457 3458//3458 3657//3657
f 3657//3657 3458//3458 3459//3459
f 3657//3657 3459//3459 3658//3658
f 3658//3658 3459//3459 3460//3460
f 3658//3658 3460//3460 3461//3461
f 3513//3513 3511//3511 3535//3535
f 3521//3521 3519//3519 3531//3531
f 3557//3557 3555//3555 3547//3547
f 3531//3531 3519//3519 3533//3533
f 3513//3513 3535//3535 3515//3515
f 3541//3541 3539//3539 3559//3559
f 3555//3555 3553//3553 3547//3547
f 3547//3547 3553//3553 3551//3551
f 3547//3547 3551//3551 3549//3549
f 3541//3541 3559//3559 3543//3543
f 3511//3511 3510//3510 3535//3535
f 3535//3535 3510//3510 3559//3559
f 3535//3535 3559//3559 3537//3537
f 3537//3537 3559//3559 3539//3539
f 3531//3531 3529//3529 3527//3527
f 3533//3533 3519//3519 3535//3535
f 3535//3535 3519//3519 3517//3517
f 3535//3535 3517//3517 3515//3515
f 3557//3557 3547//3547 3559//3559
f 3559//3559 3547//3547 3545//3545
f 3559//3559 3545//3545 3543//3543
f 3527//3527 3525//3525 3531//3531
f 3531//3531 3525//3525 3523//3523
f 3531//3531 3523//3523 3521//3521
f 268//268 267//267 3669//3669
f 186//186 185//185 3670//3670
f 3670//3670 185//185 3671//3671
f 3671//3671 185//185 3672//3672
f 185//185 2437//2437 107//107
f 185//185 107//107 3672//3672
f 3672//3672 107//107 109//109
f 3672//3672 109//109 3673//3673
f 3670//3670 3674//3674 186//186
f 186//186 3674//3674 3675//3675
f 186//186 3675//3675 181//181
f 181//181 3675//3675 3676//3676
f 181//181 3676//3676 179//179
f 179//179 3676//3676 177//177
f 3676//3676 3677//3677 177//177
f 177//177 3677//3677 3678//3678
f 177//177 3678//3678 170//170
f 170//170 3678//3678 3679//3679
f 3680//3680 175//175 3681//3681
f 3681//3681 175//175 173//173
f 3681//3681 173//173 3679//3679
f 3679//3679 173//173 171//171
f 3679//3679 171//171 170//170
f 3682//3682 166//166 3683//3683
f 3683//3683 166//166 115//115
f 3683//3683 115//115 3684//3684
f 3684//3684 115//115 117//117
f 3684//3684 117//117 3685//3685
f 3685//3685 117//117 169//169
f 3685//3685 169//169 3686//3686
f 3686//3686 169//169 168//168
f 3686//3686 168//168 3680//3680
f 3680//3680 168//168 176//176
f 3680//3680 176//176 175//175
f 163//163 161//161 3687//3687
f 3687//3687 161//161 159//159
f 3687//3687 159//159 3682//3682
f 3682//3682 159//159 158//158
f 3682//3682 158//158 166//166
f 3687//3687 3688//3688 163//163
f 163//163 3688//3688 3689//3689
f 163//163 3689//3689 164//164
f 164//164 3689//3689 3690//3690
f 149//149 148//148 3691//3691
f 3691//3691 148//148 153//153
f 3691//3691 153//153 3692//3692
f 3692//3692 153//153 155//155
f 3692//3692 155//155 3690//3690
f 3690//3690 155//155 157//157
f 3690//3690 157//157 164//164
f 149//149 3691//3691 151//151
f 151//151 3691//3691 3693//3693
f 151//151 3693//3693 152//152
f 152//152 3693//3693 3694//3694
f 152//152 3694//3694 3695//3695
f 3696//3696 3697//3697 136//136
f 136//136 140//140 3696//3696
f 3696//3696 140//140 142//142
f 3696//3696 142//142 3698//3698
f 3698//3698 142//142 147//147
f 3698//3698 147//147 3699//3699
f 3699//3699 147//147 146//146
f 3699//3699 146//146 3695//3695
f 3695//3695 146//146 144//144
f 3695//3695 144//144 152//152
f 3700//3700 132//132 3697//3697
f 3697//3697 132//132 134//134
f 3697//3697 134//134 136//136
f 3701//3701 138//138 3700//3700
f 3700//3700 138//138 137//137
f 3700//3700 137//137 132//132
f 3702//3702 131//131 3703//3703
f 3703//3703 131//131 130//130
f 3703//3703 130//130 3704//3704
f 3704//3704 130//130 3705//3705
f 130//130 129//129 3705//3705
f 3705//3705 129//129 128//128
f 3705//3705 128//128 3701//3701
f 3701//3701 128//128 139//139
f 3701//3701 139//139 138//138
f 58//58 57//57 3706//3706
f 3706//3706 57//57 56//56
f 3706//3706 56//56 3707//3707
f 3707//3707 56//56 120//120
f 3707//3707 120//120 3708//3708
f 3708//3708 120//120 119//119
f 3708//3708 119//119 3709//3709
f 3709//3709 119//119 118//118
f 3709//3709 118//118 3710//3710
f 3710//3710 118//118 123//123
f 3710//3710 123//123 3702//3702
f 3702//3702 123//123 125//125
f 3702//3702 125//125 131//131
f 3706//3706 3711//3711 58//58
f 58//58 3711//3711 3712//3712
f 58//58 3712//3712 60//60
f 60//60 3712//3712 3713//3713
f 60//60 3713//3713 61//61
f 61//61 3713//3713 63//63
f 3714//3714 52//52 3715//3715
f 3715//3715 52//52 53//53
f 3715//3715 53//53 3716//3716
f 3716//3716 53//53 64//64
f 3716//3716 64//64 3717//3717
f 3717//3717 64//64 63//63
f 3717//3717 63//63 3718//3718
f 3718//3718 63//63 3713//3713
f 3719//3719 3720//3720 190//190
f 190//190 112//112 3719//3719
f 3719//3719 112//112 114//114
f 3719//3719 114//114 3721//3721
f 3721//3721 114//114 187//187
f 3721//3721 187//187 3714//3714
f 3714//3714 187//187 50//50
f 3714//3714 50//50 52//52
f 3720//3720 3722//3722 190//190
f 190//190 3722//3722 3723//3723
f 190//190 3723//3723 188//188
f 188//188 3723//3723 3724//3724
f 188//188 3724//3724 195//195
f 195//195 3724//3724 3725//3725
f 195//195 3725//3725 311//311
f 311//311 3725//3725 3726//3726
f 311//311 3726//3726 312//312
f 312//312 3726//3726 3727//3727
f 312//312 3727//3727 313//313
f 313//313 3727//3727 3728//3728
f 313//313 3728//3728 309//309
f 3728//3728 3729//3729 309//309
f 309//309 3729//3729 3730//3730
f 309//309 3730//3730 301//301
f 301//301 3730//3730 3731//3731
f 301//301 3731//3731 302//302
f 302//302 3731//3731 3732//3732
f 302//302 3732//3732 304//304
f 3732//3732 3733//3733 304//304
f 304//304 3733//3733 3734//3734
f 304//304 3734//3734 306//306
f 306//306 3734//3734 3735//3735
f 306//306 3735//3735 307//307
f 307//307 3735//3735 3736//3736
f 307//307 3736//3736 299//299
f 299//299 3736//3736 3737//3737
f 299//299 3737//3737 300//300
f 300//300 3737//3737 3738//3738
f 300//300 3738//3738 387//387
f 3738//3738 3739//3739 387//387
f 387//387 3739//3739 3740//3740
f 387//387 3740//3740 297//297
f 297//297 3740//3740 3741//3741
f 297//297 3741//3741 296//296
f 296//296 3741//3741 294//294
f 3741//3741 3742//3742 294//294
f 294//294 3742//3742 3743//3743
f 294//294 3743//3743 288//288
f 288//288 3743//3743 3744//3744
f 288//288 3744//3744 289//289
f 289//289 3744//3744 3745//3745
f 289//289 3745//3745 291//291
f 3745//3745 3746//3746 291//291
f 291//291 3746//3746 3747//3747
f 291//291 3747//3747 293//293
f 293//293 3747//3747 3748//3748
f 293//293 3748//3748 287//287
f 287//287 3748//3748 3749//3749
f 287//287 3749//3749 285//285
f 285//285 3749//3749 3750//3750
f 285//285 3750//3750 212//212
f 3750//3750 3751//3751 212//212
f 212//212 3751//3751 3752//3752
f 212//212 3752//3752 213//213
f 213//213 3752//3752 3753//3753
f 213//213 3753//3753 431//431
f 431//431 3753//3753 3754//3754
f 431//431 3754//3754 284//284
f 284//284 3754//3754 3755//3755
f 284//284 3755//3755 283//283
f 283//283 3755//3755 3756//3756
f 283//283 3756//3756 282//282
f 282//282 3756//3756 3757//3757
f 282//282 3757//3757 281//281
f 281//281 3757//3757 3758//3758
f 281//281 3758//3758 275//275
f 275//275 3758//3758 3759//3759
f 275//275 3759//3759 276//276
f 276//276 3759//3759 3760//3760
f 276//276 3760//3760 277//277
f 277//277 3760//3760 3761//3761
f 277//277 3761//3761 278//278
f 3761//3761 3762//3762 278//278
f 278//278 3762//3762 3763//3763
f 278//278 3763//3763 279//279
f 279//279 3763//3763 3764//3764
f 279//279 3764//3764 280//280
f 280//280 3764//3764 3765//3765
f 280//280 3765//3765 266//266
f 266//266 3765//3765 3766//3766
f 266//266 3766//3766 265//265
f 265//265 3766//3766 3767//3767
f 265//265 3767//3767 264//264
f 264//264 3767//3767 3768//3768
f 264//264 3768//3768 267//267
f 267//267 3768//3768 3769//3769
f 267//267 3769//3769 3669//3669
f 3770//3770 270//270 3771//3771
f 3771//3771 270//270 269//269
f 268//268 3669//3669 269//269
f 269//269 3669//3669 3772//3772
f 269//269 3772//3772 3771//3771
f 3773//3773 77//77 3774//3774
f 3774//3774 77//77 215//215
f 3774//3774 215//215 3775//3775
f 3775//3775 215//215 273//273
f 3775//3775 273//273 3776//3776
f 3776//3776 273//273 272//272
f 3776//3776 272//272 3770//3770
f 3770//3770 272//272 271//271
f 3770//3770 271//271 270//270
f 68//68 65//65 3777//3777
f 3777//3777 65//65 67//67
f 3777//3777 67//67 3778//3778
f 3778//3778 67//67 80//80
f 3778//3778 80//80 3773//3773
f 3773//3773 80//80 79//79
f 3773//3773 79//79 77//77
f 109//109 110//110 3673//3673
f 3673//3673 110//110 111//111
f 3673//3673 111//111 3779//3779
f 3779//3779 111//111 73//73
f 3779//3779 73//73 3780//3780
f 3780//3780 73//73 71//71
f 3780//3780 71//71 3777//3777
f 3777//3777 71//71 69//69
f 3777//3777 69//69 68//68
f 3781//3781 3782//3782 3783//3783
f 3783//3783 3782//3782 3784//3784
f 3783//3783 3784//3784 3785//3785
f 3785//3785 3786//3786 3783//3783
f 3783//3783 3786//3786 3787//3787
f 3783//3783 3787//3787 3788//3788
f 3789//3789 3790//3790 3791//3791
f 3792//3792 3783//3783 3793//3793
f 3793//3793 3783//3783 3794//3794
f 3792//3792 3795//3795 3783//3783
f 3783//3783 3795//3795 3796//3796
f 3783//3783 3796//3796 3781//3781
f 3788//3788 3797//3797 3783//3783
f 3783//3783 3797//3797 3798//3798
f 3783//3783 3798//3798 3799//3799
f 3799//3799 3798//3798 3800//3800
f 3799//3799 3800//3800 3801//3801
f 3802//3802 3803//3803 3799//3799
f 3799//3799 3803//3803 3789//3789
f 3799//3799 3789//3789 3804//3804
f 3804//3804 3789//3789 3791//3791
f 3801//3801 3805//3805 3799//3799
f 3799//3799 3805//3805 3806//3806
f 3799//3799 3806//3806 3802//3802
f 3807//3807 3783//3783 3799//3799
f 3807//3807 3799//3799 3808//3808
f 3808//3808 3799//3799 3804//3804
f 3808//3808 3804//3804 3809//3809
f 3809//3809 3804//3804 3791//3791
f 3809//3809 3791//3791 3810//3810
f 3810//3810 3791//3791 3790//3790
f 3810//3810 3790//3790 3811//3811
f 3811//3811 3790//3790 3789//3789
f 3811//3811 3789//3789 3812//3812
f 3812//3812 3789//3789 3803//3803
f 3812//3812 3803//3803 3813//3813
f 3813//3813 3803//3803 3802//3802
f 3813//3813 3802//3802 3814//3814
f 3814//3814 3802//3802 3806//3806
f 3814//3814 3806//3806 3815//3815
f 3815//3815 3806//3806 3805//3805
f 3815//3815 3805//3805 3816//3816
f 3816//3816 3805//3805 3801//3801
f 3816//3816 3801//3801 3817//3817
f 3817//3817 3801//3801 3800//3800
f 3817//3817 3800//3800 3818//3818
f 3818//3818 3800//3800 3798//3798
f 3818//3818 3798//3798 3819//3819
f 3819//3819 3798//3798 3797//3797
f 3819//3819 3797//3797 3820//3820
f 3820//3820 3797//3797 3788//3788
f 3820//3820 3788//3788 3821//3821
f 3821//3821 3788//3788 3787//3787
f 3821//3821 3787//3787 3822//3822
f 3822//3822 3787//3787 3786//3786
f 3822//3822 3786//3786 3823//3823
f 3823//3823 3786//3786 3785//3785
f 3823//3823 3785//3785 3824//3824
f 3824//3824 3785//3785 3784//3784
f 3824//3824 3784//3784 3825//3825
f 3825//3825 3784//3784 3782//3782
f 3825//3825 3782//3782 3826//3826
f 3826//3826 3782//3782 3781//3781
f 3826//3826 3781//3781 3827//3827
f 3827//3827 3781//3781 3796//3796
f 3827//3827 3796//3796 3828//3828
f 3828//3828 3796//3796 3795//3795
f 3828//3828 3795//3795 3829//3829
f 3829//3829 3795//3795 3792//3792
f 3829//3829 3792//3792 3830//3830
f 3830//3830 3792//3792 3793//3793
f 3830//3830 3793//3793 3831//3831
f 3831//3831 3793//3793 3794//3794
f 3831//3831 3794//3794 3832//3832
f 3832//3832 3794//3794 3783//3783
f 3832//3832 3783//3783 3807//3807
f 3827//3827 3833//3833 3834//3834
f 3835//3835 3836//3836 3817//3817
f 3837//3837 3838//3838 3820//3820
f 3820//3820 3838//3838 3839//3839
f 3820//3820 3839//3839 3819//3819
f 3837//3837 3820//3820 3840//3840
f 3840//3840 3820//3820 3821//3821
f 3840//3840 3821//3821 3841//3841
f 3842//3842 3828//3828 3843//3843
f 3843//3843 3828//3828 3844//3844
f 3845//3845 3846//3846 3830//3830
f 3830//3830 3846//3846 3847//3847
f 3848//3848 3814//3814 3849//3849
f 3849//3849 3814//3814 3815//3815
f 3849//3849 3815//3815 3850//3850
f 3850//3850 3815//3815 3851//3851
f 3836//3836 3852//3852 3817//3817
f 3817//3817 3852//3852 3853//3853
f 3817//3817 3853//3853 3816//3816
f 3816//3816 3853//3853 3854//3854
f 3816//3816 3854//3854 3815//3815
f 3815//3815 3854//3854 3855//3855
f 3815//3815 3855//3855 3851//3851
f 3826//3826 3856//3856 3825//3825
f 3825//3825 3856//3856 3857//3857
f 3825//3825 3857//3857 3858//3858
f 3834//3834 3859//3859 3827//3827
f 3827//3827 3859//3859 3860//3860
f 3827//3827 3860//3860 3826//3826
f 3826//3826 3860//3860 3861//3861
f 3826//3826 3861//3861 3856//3856
f 3842//3842 3862//3862 3828//3828
f 3828//3828 3862//3862 3863//3863
f 3828//3828 3863//3863 3827//3827
f 3827//3827 3863//3863 3864//3864
f 3827//3827 3864//3864 3833//3833
f 3844//3844 3828//3828 3865//3865
f 3865//3865 3828//3828 3829//3829
f 3865//3865 3829//3829 3866//3866
f 3847//3847 3867//3867 3830//3830
f 3830//3830 3867//3867 3868//3868
f 3830//3830 3868//3868 3829//3829
f 3829//3829 3868//3868 3869//3869
f 3829//3829 3869//3869 3866//3866
f 3822//3822 3870//3870 3821//3821
f 3821//3821 3870//3870 3871//3871
f 3821//3821 3871//3871 3841//3841
f 3858//3858 3872//3872 3825//3825
f 3825//3825 3872//3872 3873//3873
f 3825//3825 3873//3873 3824//3824
f 3845//3845 3830//3830 3874//3874
f 3874//3874 3830//3830 3831//3831
f 3874//3874 3831//3831 3875//3875
f 3876//3876 3812//3812 3813//3813
f 3848//3848 3877//3877 3814//3814
f 3814//3814 3877//3877 3878//3878
f 3814//3814 3878//3878 3813//3813
f 3813//3813 3878//3878 3879//3879
f 3813//3813 3879//3879 3876//3876
f 3835//3835 3817//3817 3880//3880
f 3880//3880 3817//3817 3818//3818
f 3880//3880 3818//3818 3881//3881
f 3839//3839 3882//3882 3819//3819
f 3819//3819 3882//3882 3883//3883
f 3819//3819 3883//3883 3818//3818
f 3818//3818 3883//3883 3884//3884
f 3818//3818 3884//3884 3881//3881
f 3823//3823 3885//3885 3886//3886
f 3887//3887 3888//3888 3807//3807
f 3807//3807 3888//3888 3889//3889
f 3807//3807 3889//3889 3832//3832
f 3832//3832 3889//3889 3890//3890
f 3832//3832 3890//3890 3891//3891
f 3891//3891 3892//3892 3832//3832
f 3832//3832 3892//3892 3893//3893
f 3832//3832 3893//3893 3831//3831
f 3831//3831 3893//3893 3894//3894
f 3831//3831 3894//3894 3875//3875
f 3886//3886 3895//3895 3823//3823
f 3823//3823 3895//3895 3896//3896
f 3823//3823 3896//3896 3822//3822
f 3822//3822 3896//3896 3897//3897
f 3822//3822 3897//3897 3870//3870
f 3873//3873 3898//3898 3824//3824
f 3824//3824 3898//3898 3899//3899
f 3824//3824 3899//3899 3823//3823
f 3823//3823 3899//3899 3900//3900
f 3823//3823 3900//3900 3885//3885
f 3809//3809 3901//3901 3902//3902
f 3903//3903 3811//3811 3904//3904
f 3904//3904 3811//3811 3812//3812
f 3904//3904 3812//3812 3905//3905
f 3905//3905 3812//3812 3876//3876
f 3809//3809 3902//3902 3808//3808
f 3903//3903 3906//3906 3811//3811
f 3811//3811 3906//3906 3907//3907
f 3811//3811 3907//3907 3908//3908
f 3902//3902 3909//3909 3808//3808
f 3808//3808 3909//3909 3910//3910
f 3808//3808 3910//3910 3807//3807
f 3807//3807 3910//3910 3911//3911
f 3807//3807 3911//3911 3887//3887
f 3810//3810 3912//3912 3809//3809
f 3809//3809 3912//3912 3913//3913
f 3809//3809 3913//3913 3901//3901
f 3908//3908 3914//3914 3811//3811
f 3811//3811 3914//3914 3915//3915
f 3811//3811 3915//3915 3810//3810
f 3810//3810 3915//3915 3916//3916
f 3810//3810 3916//3916 3912//3912
f 3762//3762 3761//3761 3910//3910
f 3904//3904 3905//3905 3917//3917
f 3917//3917 3905//3905 3876//3876
f 3917//3917 3876//3876 3918//3918
f 3918//3918 3876//3876 3879//3879
f 3918//3918 3879//3879 3919//3919
f 3919//3919 3879//3879 3878//3878
f 3903//3903 3920//3920 3906//3906
f 3906//3906 3920//3920 3921//3921
f 3906//3906 3921//3921 3907//3907
f 3922//3922 3915//3915 3914//3914
f 3922//3922 3914//3914 3921//3921
f 3921//3921 3914//3914 3908//3908
f 3921//3921 3908//3908 3907//3907
f 3915//3915 3922//3922 3916//3916
f 3916//3916 3922//3922 3923//3923
f 3916//3916 3923//3923 3912//3912
f 3912//3912 3923//3923 3913//3913
f 3913//3913 3923//3923 3924//3924
f 3913//3913 3924//3924 3901//3901
f 3925//3925 3902//3902 3901//3901
f 3902//3902 3925//3925 3909//3909
f 3909//3909 3925//3925 3926//3926
f 3909//3909 3926//3926 3910//3910
f 3762//3762 3910//3910 3763//3763
f 3763//3763 3910//3910 3926//3926
f 3763//3763 3926//3926 3764//3764
f 3764//3764 3926//3926 3925//3925
f 3764//3764 3925//3925 3765//3765
f 3901//3901 3924//3924 3925//3925
f 3925//3925 3924//3924 3766//3766
f 3925//3925 3766//3766 3765//3765
f 3769//3769 3768//3768 3924//3924
f 3924//3924 3768//3768 3767//3767
f 3924//3924 3767//3767 3766//3766
f 3769//3769 3924//3924 3669//3669
f 3669//3669 3924//3924 3923//3923
f 3669//3669 3923//3923 3772//3772
f 3772//3772 3923//3923 3922//3922
f 3772//3772 3922//3922 3771//3771
f 3773//3773 3774//3774 3920//3920
f 3920//3920 3774//3774 3775//3775
f 3920//3920 3775//3775 3921//3921
f 3921//3921 3775//3775 3776//3776
f 3921//3921 3776//3776 3922//3922
f 3922//3922 3776//3776 3770//3770
f 3922//3922 3770//3770 3771//3771
f 3903//3903 3904//3904 3920//3920
f 3920//3920 3904//3904 3917//3917
f 3920//3920 3917//3917 3773//3773
f 3773//3773 3917//3917 3778//3778
f 3778//3778 3917//3917 3777//3777
f 3777//3777 3917//3917 3918//3918
f 3777//3777 3918//3918 3780//3780
f 3780//3780 3918//3918 3779//3779
f 3779//3779 3918//3918 3919//3919
f 3779//3779 3919//3919 3673//3673
f 3673//3673 3919//3919 3878//3878
f 3673//3673 3878//3878 3672//3672
f 3877//3877 3848//3848 3670//3670
f 3678//3678 3677//3677 3850//3850
f 3697//3697 3837//3837 3840//3840
f 3697//3697 3696//3696 3837//3837
f 3837//3837 3696//3696 3698//3698
f 3837//3837 3698//3698 3838//3838
f 3838//3838 3698//3698 3699//3699
f 3838//3838 3699//3699 3839//3839
f 3839//3839 3699//3699 3882//3882
f 3882//3882 3699//3699 3695//3695
f 3882//3882 3695//3695 3694//3694
f 3690//3690 3689//3689 3880//3880
f 3880//3880 3881//3881 3690//3690
f 3690//3690 3881//3881 3884//3884
f 3690//3690 3884//3884 3692//3692
f 3692//3692 3884//3884 3883//3883
f 3692//3692 3883//3883 3691//3691
f 3691//3691 3883//3883 3882//3882
f 3691//3691 3882//3882 3693//3693
f 3693//3693 3882//3882 3694//3694
f 3683//3683 3836//3836 3682//3682
f 3682//3682 3836//3836 3835//3835
f 3682//3682 3835//3835 3687//3687
f 3687//3687 3835//3835 3880//3880
f 3687//3687 3880//3880 3688//3688
f 3688//3688 3880//3880 3689//3689
f 3684//3684 3853//3853 3683//3683
f 3683//3683 3853//3853 3852//3852
f 3683//3683 3852//3852 3836//3836
f 3684//3684 3685//3685 3853//3853
f 3853//3853 3685//3685 3686//3686
f 3853//3853 3686//3686 3680//3680
f 3850//3850 3677//3677 3849//3849
f 3678//3678 3850//3850 3679//3679
f 3679//3679 3850//3850 3851//3851
f 3679//3679 3851//3851 3681//3681
f 3681//3681 3851//3851 3855//3855
f 3681//3681 3855//3855 3680//3680
f 3680//3680 3855//3855 3854//3854
f 3680//3680 3854//3854 3853//3853
f 3677//3677 3676//3676 3849//3849
f 3849//3849 3676//3676 3675//3675
f 3849//3849 3675//3675 3848//3848
f 3848//3848 3675//3675 3674//3674
f 3848//3848 3674//3674 3670//3670
f 3877//3877 3670//3670 3878//3878
f 3878//3878 3670//3670 3671//3671
f 3878//3878 3671//3671 3672//3672
f 3743//3743 3742//3742 3927//3927
f 3727//3727 3726//3726 3928//3928
f 3714//3714 3715//3715 3929//3929
f 3929//3929 3715//3715 3716//3716
f 3929//3929 3716//3716 3873//3873
f 3872//3872 3858//3858 3930//3930
f 3846//3846 3845//3845 3931//3931
f 3874//3874 3875//3875 3932//3932
f 3891//3891 3890//3890 3933//3933
f 3934//3934 3911//3911 3935//3935
f 3935//3935 3911//3911 3910//3910
f 3935//3935 3910//3910 3761//3761
f 3889//3889 3888//3888 3934//3934
f 3934//3934 3888//3888 3887//3887
f 3934//3934 3887//3887 3911//3911
f 3875//3875 3894//3894 3932//3932
f 3932//3932 3894//3894 3893//3893
f 3932//3932 3893//3893 3936//3936
f 3936//3936 3893//3893 3892//3892
f 3936//3936 3892//3892 3891//3891
f 3927//3927 3847//3847 3846//3846
f 3866//3866 3869//3869 3937//3937
f 3937//3937 3869//3869 3868//3868
f 3937//3937 3868//3868 3927//3927
f 3927//3927 3868//3868 3867//3867
f 3927//3927 3867//3867 3847//3847
f 3938//3938 3865//3865 3866//3866
f 3862//3862 3842//3842 3939//3939
f 3939//3939 3842//3842 3843//3843
f 3939//3939 3843//3843 3938//3938
f 3938//3938 3843//3843 3844//3844
f 3938//3938 3844//3844 3865//3865
f 3862//3862 3939//3939 3863//3863
f 3863//3863 3939//3939 3940//3940
f 3863//3863 3940//3940 3864//3864
f 3864//3864 3940//3940 3833//3833
f 3833//3833 3940//3940 3928//3928
f 3833//3833 3928//3928 3834//3834
f 3941//3941 3860//3860 3928//3928
f 3928//3928 3860//3860 3859//3859
f 3928//3928 3859//3859 3834//3834
f 3858//3858 3857//3857 3930//3930
f 3930//3930 3857//3857 3856//3856
f 3930//3930 3856//3856 3941//3941
f 3941//3941 3856//3856 3861//3861
f 3941//3941 3861//3861 3860//3860
f 3873//3873 3872//3872 3929//3929
f 3929//3929 3872//3872 3930//3930
f 3929//3929 3930//3930 3714//3714
f 3714//3714 3930//3930 3721//3721
f 3941//3941 3724//3724 3723//3723
f 3723//3723 3722//3722 3941//3941
f 3941//3941 3722//3722 3720//3720
f 3941//3941 3720//3720 3930//3930
f 3930//3930 3720//3720 3719//3719
f 3930//3930 3719//3719 3721//3721
f 3928//3928 3726//3726 3941//3941
f 3941//3941 3726//3726 3725//3725
f 3941//3941 3725//3725 3724//3724
f 3727//3727 3928//3928 3728//3728
f 3728//3728 3928//3928 3940//3940
f 3728//3728 3940//3940 3729//3729
f 3733//3733 3732//3732 3939//3939
f 3939//3939 3732//3732 3731//3731
f 3939//3939 3731//3731 3940//3940
f 3940//3940 3731//3731 3730//3730
f 3940//3940 3730//3730 3729//3729
f 3737//3737 3736//3736 3938//3938
f 3938//3938 3736//3736 3735//3735
f 3938//3938 3735//3735 3939//3939
f 3939//3939 3735//3735 3734//3734
f 3939//3939 3734//3734 3733//3733
f 3866//3866 3937//3937 3938//3938
f 3938//3938 3937//3937 3738//3738
f 3938//3938 3738//3738 3737//3737
f 3742//3742 3741//3741 3927//3927
f 3927//3927 3741//3741 3740//3740
f 3927//3927 3740//3740 3937//3937
f 3937//3937 3740//3740 3739//3739
f 3937//3937 3739//3739 3738//3738
f 3846//3846 3931//3931 3927//3927
f 3927//3927 3931//3931 3744//3744
f 3927//3927 3744//3744 3743//3743
f 3747//3747 3746//3746 3931//3931
f 3931//3931 3746//3746 3745//3745
f 3931//3931 3745//3745 3744//3744
f 3845//3845 3874//3874 3931//3931
f 3931//3931 3874//3874 3932//3932
f 3931//3931 3932//3932 3747//3747
f 3747//3747 3932//3932 3748//3748
f 3752//3752 3751//3751 3936//3936
f 3936//3936 3751//3751 3750//3750
f 3936//3936 3750//3750 3932//3932
f 3932//3932 3750//3750 3749//3749
f 3932//3932 3749//3749 3748//3748
f 3891//3891 3933//3933 3936//3936
f 3936//3936 3933//3933 3753//3753
f 3936//3936 3753//3753 3752//3752
f 3756//3756 3755//3755 3933//3933
f 3933//3933 3755//3755 3754//3754
f 3933//3933 3754//3754 3753//3753
f 3890//3890 3889//3889 3933//3933
f 3933//3933 3889//3889 3934//3934
f 3933//3933 3934//3934 3756//3756
f 3756//3756 3934//3934 3757//3757
f 3761//3761 3760//3760 3935//3935
f 3935//3935 3760//3760 3759//3759
f 3935//3935 3759//3759 3934//3934
f 3934//3934 3759//3759 3758//3758
f 3934//3934 3758//3758 3757//3757
f 3713//3713 3899//3899 3718//3718
f 3718//3718 3899//3899 3898//3898
f 3718//3718 3898//3898 3717//3717
f 3717//3717 3898//3898 3873//3873
f 3717//3717 3873//3873 3716//3716
f 3713//3713 3712//3712 3899//3899
f 3899//3899 3712//3712 3711//3711
f 3899//3899 3711//3711 3900//3900
f 3900//3900 3711//3711 3706//3706
f 3900//3900 3706//3706 3885//3885
f 3895//3895 3886//3886 3942//3942
f 3942//3942 3886//3886 3708//3708
f 3942//3942 3708//3708 3709//3709
f 3885//3885 3706//3706 3886//3886
f 3886//3886 3706//3706 3707//3707
f 3886//3886 3707//3707 3708//3708
f 3702//3702 3942//3942 3710//3710
f 3710//3710 3942//3942 3709//3709
f 3897//3897 3896//3896 3702//3702
f 3702//3702 3896//3896 3895//3895
f 3702//3702 3895//3895 3942//3942
f 3702//3702 3703//3703 3897//3897
f 3897//3897 3703//3703 3704//3704
f 3897//3897 3704//3704 3870//3870
f 3870//3870 3704//3704 3705//3705
f 3870//3870 3705//3705 3871//3871
f 3705//3705 3701//3701 3871//3871
f 3871//3871 3701//3701 3700//3700
f 3871//3871 3700//3700 3841//3841
f 3841//3841 3700//3700 3697//3697
f 3841//3841 3697//3697 3840//3840
f 1298//1298 1289//1289 3943//3943
f 3944//3944 1291//1291 3945//3945
f 3945//3945 1291//1291 1290//1290
f 3945//3945 1290//1290 3946//3946
f 3946//3946 1290//1290 1300//1300
f 3946//3946 1300//1300 3947//3947
f 3947//3947 1300//1300 1299//1299
f 3947//3947 1299//1299 3948//3948
f 3948//3948 1299//1299 1295//1295
f 3948//3948 1295//1295 3949//3949
f 3949//3949 1295//1295 1296//1296
f 3949//3949 1296//1296 3950//3950
f 3950//3950 1296//1296 1301//1301
f 3950//3950 1301//1301 3951//3951
f 3951//3951 1301//1301 1293//1293
f 3951//3951 1293//1293 3952//3952
f 3952//3952 1293//1293 1294//1294
f 3952//3952 1294//1294 3953//3953
f 3953//3953 1294//1294 1298//1298
f 3953//3953 1298//1298 3954//3954
f 3954//3954 1298//1298 3943//3943
f 1289//1289 2424//2424 3943//3943
f 3943//3943 2424//2424 2426//2426
f 3943//3943 2426//2426 3955//3955
f 3955//3955 2426//2426 2427//2427
f 3955//3955 2427//2427 3956//3956
f 3956//3956 2427//2427 2430//2430
f 3956//3956 2430//2430 3957//3957
f 3957//3957 2430//2430 2435//2435
f 3957//3957 2435//2435 3958//3958
f 3958//3958 2435//2435 2433//2433
f 3958//3958 2433//2433 3959//3959
f 3959//3959 2433//2433 2434//2434
f 3959//3959 2434//2434 3960//3960
f 3960//3960 2434//2434 2436//2436
f 3960//3960 2436//2436 3961//3961
f 3961//3961 2436//2436 2432//2432
f 3961//3961 2432//2432 3962//3962
f 3962//3962 2432//2432 2429//2429
f 3962//3962 2429//2429 3963//3963
f 3963//3963 2429//2429 2428//2428
f 3963//3963 2428//2428 3964//3964
f 3964//3964 2428//2428 2425//2425
f 3964//3964 2425//2425 3965//3965
f 3965//3965 2425//2425 2431//2431
f 3965//3965 2431//2431 3966//3966
f 3966//3966 2431//2431 1297//1297
f 3966//3966 1297//1297 3944//3944
f 3944//3944 1297//1297 1292//1292
f 3944//3944 1292//1292 1291//1291
f 3953//3953 3954//3954 3967//3967
f 3967//3967 3954//3954 3943//3943
f 3967//3967 3943//3943 3955//3955
f 3950//3950 3951//3951 3967//3967
f 3967//3967 3951//3951 3952//3952
f 3967//3967 3952//3952 3953//3953
f 3947//3947 3948//3948 3967//3967
f 3967//3967 3948//3948 3949//3949
f 3967//3967 3949//3949 3950//3950
f 3944//3944 3945//3945 3967//3967
f 3967//3967 3945//3945 3946//3946
f 3967//3967 3946//3946 3947//3947
f 3964//3964 3965//3965 3967//3967
f 3967//3967 3965//3965 3966//3966
f 3967//3967 3966//3966 3944//3944
f 3961//3961 3962//3962 3967//3967
f 3967//3967 3962//3962 3963//3963
f 3967//3967 3963//3963 3964//3964
f 3958//3958 3959//3959 3967//3967
f 3967//3967 3959//3959 3960//3960
f 3967//3967 3960//3960 3961//3961
f 3955//3955 3956//3956 3967//3967
f 3967//3967 3956//3956 3957//3957
f 3967//3967 3957//3957 3958//3958
f 3968//3968 2603//2603 3969//3969
f 3969//3969 2603//2603 2570//2570
f 3969//3969 2570//2570 3970//3970
f 3970//3970 2570//2570 2602//2602
f 3970//3970 2602//2602 3971//3971
f 3971//3971 2602//2602 2601//2601
f 3971//3971 2601//2601 3972//3972
f 3972//3972 2601//2601 2599//2599
f 3972//3972 2599//2599 3973//3973
f 3973//3973 2599//2599 2600//2600
f 3973//3973 2600//2600 3974//3974
f 3974//3974 2600//2600 2569//2569
f 3974//3974 2569//2569 3975//3975
f 3975//3975 2569//2569 2583//2583
f 3975//3975 2583//2583 3976//3976
f 3976//3976 2583//2583 2582//2582
f 3976//3976 2582//2582 3977//3977
f 3977//3977 2582//2582 2598//2598
f 3977//3977 2598//2598 3978//3978
f 3978//3978 2598//2598 2612//2612
f 3978//3978 2612//2612 3979//3979
f 3979//3979 2612//2612 2609//2609
f 3979//3979 2609//2609 3980//3980
f 3980//3980 2609//2609 2596//2596
f 3980//3980 2596//2596 3981//3981
f 3981//3981 2596//2596 2593//2593
f 3981//3981 2593//2593 3982//3982
f 3982//3982 2593//2593 2577//2577
f 3982//3982 2577//2577 3983//3983
f 3983//3983 2577//2577 2578//2578
f 3983//3983 2578//2578 3984//3984
f 3984//3984 2578//2578 2573//2573
f 3984//3984 2573//2573 3985//3985
f 3985//3985 2573//2573 2574//2574
f 3985//3985 2574//2574 3986//3986
f 3986//3986 2574//2574 2584//2584
f 3986//3986 2584//2584 3987//3987
f 3987//3987 2584//2584 2586//2586
f 3987//3987 2586//2586 3988//3988
f 3988//3988 2586//2586 2588//2588
f 3988//3988 2588//2588 3989//3989
f 3989//3989 2588//2588 2606//2606
f 3989//3989 2606//2606 3990//3990
f 3990//3990 2606//2606 2608//2608
f 3990//3990 2608//2608 3991//3991
f 3991//3991 2608//2608 2614//2614
f 3991//3991 2614//2614 3968//3968
f 3968//3968 2614//2614 2603//2603
f 3972//3972 3973//3973 3992//3992
f 3992//3992 3973//3973 3974//3974
f 3992//3992 3974//3974 3975//3975
f 3969//3969 3970//3970 3992//3992
f 3992//3992 3970//3970 3971//3971
f 3992//3992 3971//3971 3972//3972
f 3990//3990 3991//3991 3992//3992
f 3992//3992 3991//3991 3968//3968
f 3992//3992 3968//3968 3969//3969
f 3987//3987 3988//3988 3992//3992
f 3992//3992 3988//3988 3989//3989
f 3992//3992 3989//3989 3990//3990
f 3984//3984 3985//3985 3992//3992
f 3992//3992 3985//3985 3986//3986
f 3992//3992 3986//3986 3987//3987
f 3981//3981 3982//3982 3992//3992
f 3992//3992 3982//3982 3983//3983
f 3992//3992 3983//3983 3984//3984
f 3978//3978 3979//3979 3992//3992
f 3992//3992 3979//3979 3980//3980
f 3992//3992 3980//3980 3981//3981
f 3975//3975 3976//3976 3992//3992
f 3992//3992 3976//3976 3977//3977
f 3992//3992 3977//3977 3978//3978
f 2486//2486 354//354 230//230
f 2487//2487 2486//2486 1246//1246
f 1246//1246 2486//2486 230//230
f 1246//1246 230//230 1244//1244
f 230//230 232//232 1244//1244
f 1244//1244 232//232 233//233
f 1244//1244 233//233 1242//1242
f 1242//1242 233//233 3993//3993
f 1242//1242 3993//3993 3994//3994
f 3994//3994 3993//3993 3995//3995
f 3994//3994 3995//3995 3996//3996
f 3996//3996 3995//3995 3997//3997
f 3996//3996 3997//3997 3998//3998
f 724//724 3999//3999 722//722
f 722//722 3999//3999 720//720
f 1146//1146 3999//3999 1149//1149
f 1149//1149 3999//3999 724//724
f 1149//1149 724//724 1150//1150
f 1146//1146 4000//4000 3999//3999
f 3999//3999 4000//4000 4001//4001
f 3999//3999 4001//4001 4002//4002
f 4002//4002 4001//4001 4003//4003
f 4002//4002 4003//4003 4004//4004
f 3997//3997 4004//4004 3998//3998
f 3998//3998 4004//4004 4003//4003
f 233//233 29//29 4004//4004
f 4004//4004 29//29 28//28
f 4004//4004 28//28 31//31
f 31//31 720//720 4004//4004
f 4004//4004 720//720 3999//3999
f 4004//4004 3999//3999 4002//4002
f 3997//3997 3995//3995 4004//4004
f 4004//4004 3995//3995 3993//3993
f 4004//4004 3993//3993 233//233
f 3994//3994 3996//3996 3998//3998
f 4000//4000 1146//1146 1144//1144
f 4000//4000 1144//1144 4001//4001
f 3994//3994 3998//3998 1242//1242
f 4001//4001 1144//1144 4003//4003
f 4003//4003 1144//1144 46//46
f 4003//4003 46//46 3998//3998
f 3998//3998 46//46 1248//1248
f 3998//3998 1248//1248 1242//1242
f 1531//1531 3385//3385 1532//1532
f 1532//1532 3385//3385 3386//3386
f 1083//1083 1079//1079 1078//1078
f 3388//3388 1177//1177 1165//1165
f 1165//1165 1083//1083 3388//3388
f 3388//3388 1083//1083 1078//1078
f 3388//3388 1078//1078 3397//3397
f 3397//3397 1078//1078 1081//1081
f 3397//3397 1081//1081 3386//3386
f 3386//3386 1081//1081 1082//1082
f 3386//3386 1082//1082 1532//1532
f 23//23 25//25 3385//3385
f 1531//1531 19//19 3385//3385
f 3385//3385 19//19 21//21
f 3385//3385 21//21 23//23
f 25//25 27//27 3385//3385
f 3385//3385 27//27 17//17
f 3385//3385 17//17 15//15
f 15//15 13//13 3385//3385
f 3385//3385 13//13 11//11
f 3385//3385 11//11 8//8
f 8//8 6//6 3385//3385
f 3385//3385 6//6 4//4
f 3385//3385 4//4 2//2
f 1176//1176 1041//1041 1153//1153
f 1165//1165 1166//1166 1083//1083
f 1083//1083 1166//1166 1168//1168
f 1168//1168 1170//1170 1083//1083
f 1083//1083 1170//1170 1172//1172
f 1083//1083 1172//1172 1157//1157
f 1157//1157 1172//1172 1155//1155
f 1155//1155 1172//1172 1153//1153
f 1153//1153 1172//1172 1174//1174
f 1153//1153 1174//1174 1176//1176
f 1041//1041 1043//1043 1153//1153
f 1153//1153 1043//1043 1045//1045
f 1153//1153 1045//1045 1151//1151

