# https://github.com/mikedh/trimesh

o left_wrist_pitch_link.STL
v 0.02050000 0.02164082 0.01204462
v 0.02050000 -0.02166514 0.01204461
v 0.02050002 0.02238585 0.01043867
v 0.02049999 -0.02238578 0.01043872
v 0.02050000 0.02315586 0.00859633
v 0.02050000 0.02391385 -0.00618159
v 0.02050000 0.02441635 -0.00373127
v 0.02050000 0.02466901 -0.00123672
v 0.02050000 0.02466730 0.00126460
v 0.02050000 0.02441269 0.00375575
v 0.02050000 0.02390657 0.00620998
v 0.02050000 -0.02256490 0.01004579
v 0.02050000 -0.02272567 0.00967664
v 0.02050000 0.02217757 -0.01087368
v 0.02050000 -0.02299720 0.00901227
v 0.02050000 0.02096393 -0.01306165
v 0.02050000 -0.02238714 0.01043581
v 0.02050000 -0.02238853 0.01043282
v 0.02050000 -0.02239136 0.01042676
v 0.02050000 -0.02239708 0.01041447
v 0.02050000 0.02316450 -0.00857292
v 0.02050000 -0.02240860 0.01038966
v 0.02050000 -0.02243168 0.01033977
v 0.02050000 -0.02247724 0.01024038
v 0.02050000 -0.00739521 -0.02356697
v 0.02050000 -0.00594145 -0.02397491
v 0.02050000 -0.02402607 -0.00572968
v 0.02050000 0.00249630 -0.02457345
v 0.02050000 -0.00000001 -0.02470014
v 0.02050000 -0.00249620 -0.02457347
v 0.02050000 -0.02466730 0.00126459
v 0.02050000 -0.02469884 0.00021682
v 0.02050000 -0.00299155 -0.02451808
v 0.02050000 -0.02466901 -0.00123672
v 0.02050000 -0.02454339 -0.00277637
v 0.02050000 -0.02441635 -0.00373127
v 0.02050000 -0.00496866 -0.02419515
v 0.02050000 -0.02391998 0.00615813
v 0.02050000 -0.02441269 0.00375573
v 0.02050000 -0.02449067 0.00320751
v 0.02050000 -0.02315585 0.00859635
v 0.02050000 -0.02315309 -0.00860369
v 0.02050000 -0.02217759 -0.01087367
v 0.02050000 -0.00880504 -0.02307713
v 0.02050000 -0.02193998 -0.01134554
v 0.02050000 -0.02096395 -0.01306162
v 0.02050000 -0.02040500 -0.01391855
v 0.02050000 -0.01953660 -0.01511305
v 0.02050000 -0.01856845 -0.01628795
v 0.02050000 -0.01790772 -0.01701188
v 0.02050000 -0.01153672 -0.02184029
v 0.02050000 -0.00974130 -0.02269780
v 0.02050000 0.00496875 -0.02419512
v 0.02050000 0.00739538 -0.02356691
v 0.02050000 0.00974141 -0.02269775
v 0.02050000 0.01198896 -0.02159538
v 0.02050000 0.01411232 -0.02027129
v 0.02050000 0.01609115 -0.01873934
v 0.02050000 -0.02391382 -0.00618168
v 0.02050000 -0.01645415 -0.01842152
v 0.02050000 -0.01609121 -0.01873929
v 0.02050000 -0.01198899 -0.02159538
v 0.02050000 -0.01410139 -0.02027890
v 0.02050000 0.01790772 -0.01701188
v 0.02050000 0.01953664 -0.01511301
v -0.02250000 0.01221187 -0.02146999
v -0.02250000 0.01191433 -0.02163651
v -0.02249998 -0.02238577 0.01043874
v -0.02250000 -0.02168830 0.01204462
v -0.02250000 0.02164766 0.01204462
v -0.02249998 0.02238585 0.01043863
v -0.02250000 0.02315919 0.00858734
v -0.02250000 0.02388618 -0.00628752
v -0.02250000 0.02313291 -0.00865764
v -0.02250000 0.02215735 -0.01091470
v -0.02250000 0.02096388 -0.01306158
v -0.02250000 0.01973627 -0.01485125
v -0.02250000 0.01813162 -0.01677284
v -0.02250000 0.00488210 -0.02421261
v -0.02250000 0.00245176 -0.02457781
v -0.02250000 0.00000001 -0.02470000
v -0.02250000 -0.00245179 -0.02457780
v -0.02250000 -0.00488211 -0.02421260
v -0.02250000 -0.00729016 -0.02359956
v -0.02250000 -0.00964538 -0.02273858
v -0.02250000 -0.02315920 0.00858731
v -0.02250000 -0.02096390 -0.01306155
v -0.02250000 -0.02215732 -0.01091475
v -0.02250000 0.01632765 -0.01853356
v -0.02250000 0.01434604 -0.02010641
v -0.02250000 0.00964529 -0.02273862
v -0.02250000 0.00729015 -0.02359956
v -0.02250000 -0.01632757 -0.01853363
v -0.02250000 -0.01813153 -0.01677295
v -0.02250000 -0.01973622 -0.01485133
v -0.02250000 0.02390969 0.00619796
v -0.02250000 0.02441689 0.00372829
v -0.02250000 0.02467000 0.00121054
v -0.02250000 0.02466462 -0.00132110
v -0.02250000 0.02440088 -0.00383091
v -0.02250000 -0.01191437 -0.02163650
v -0.02250000 -0.01221178 -0.02147004
v -0.02250000 -0.01434592 -0.02010649
v -0.02250000 -0.02440089 -0.00383085
v -0.02250000 -0.02466462 -0.00132107
v -0.02250000 -0.02467000 0.00121053
v -0.02250000 -0.02313290 -0.00865766
v -0.02250000 -0.02388619 -0.00628751
v -0.02250000 -0.02390970 0.00619792
v -0.02250000 -0.02441688 0.00372829
v -0.00000000 0.01670000 0.07450000
v -0.00000000 -0.01870000 0.07450000
v 0.00029671 -0.01869994 0.07449845
v 0.00178022 0.01669994 0.07444435
v 0.01448361 -0.01869983 0.07054537
v 0.01374652 0.01669977 0.07096564
v 0.01294001 -0.01869983 0.07139304
v 0.01270187 0.01669986 0.07151299
v 0.01166411 -0.01869999 0.07200382
v 0.01166411 0.01670000 0.07200382
v 0.01134913 -0.01870003 0.07214282
v 0.01109509 0.01670004 0.07225165
v 0.00971246 -0.01870003 0.07279399
v 0.00943364 0.01670000 0.07289343
v 0.00897287 -0.01869995 0.07305065
v 0.00869144 0.01669991 0.07314238
v 0.00817690 -0.01869984 0.07330180
v 0.00817690 0.01669984 0.07330180
v 0.00726762 -0.01869977 0.07355779
v 0.00699811 0.01669977 0.07362746
v 0.00554553 -0.01869992 0.07395527
v 0.00528072 0.01669995 0.07400650
v 0.00455030 -0.01870003 0.07413440
v 0.00455030 0.01670003 0.07413440
v 0.00380852 -0.01870006 0.07424438
v 0.00354092 0.01670006 0.07427917
v 0.00291619 -0.01870003 0.07435041
v 0.00291619 0.01670003 0.07435041
v 0.00205837 -0.01869997 0.07442557
v 0.00084615 -0.01869990 0.07448743
v 0.01803392 -0.01869993 0.06806871
v 0.01780372 0.01669997 0.06825484
v 0.01742098 -0.01870002 0.06855570
v 0.01718576 0.01670004 0.06873543
v 0.01649860 -0.01870006 0.06923889
v 0.01618114 0.01670005 0.06946105
v 0.01597804 -0.01870003 0.06959984
v 0.01574844 0.01670001 0.06975366
v 0.01495250 -0.01869989 0.07026258
v 0.01495250 0.01669989 0.07026258
v 0.01425333 0.01669980 0.07067980
v 0.02506304 0.01669994 0.05956813
v 0.02416657 0.01669968 0.06110717
v 0.02432219 -0.01869970 0.06085534
v 0.02390500 -0.01869967 0.06151777
v 0.02374252 0.01669970 0.06176523
v 0.02308680 -0.01869988 0.06271076
v 0.02308680 0.01669988 0.06271076
v 0.02288901 -0.01869993 0.06298067
v 0.02272327 0.01669998 0.06320183
v 0.02179180 -0.01870008 0.06436756
v 0.02161900 0.01670007 0.06457065
v 0.02084295 -0.01869995 0.06543763
v 0.02071294 0.01669993 0.06557611
v 0.02061580 -0.01869990 0.06567838
v 0.02043078 0.01669986 0.06587041
v 0.01936278 -0.01869973 0.06691249
v 0.01915908 0.01669975 0.06709928
v 0.01875883 -0.01869980 0.06745592
v 0.01846359 0.01669986 0.06771050
v 0.01798601 0.01669994 0.06810776
v 0.02769391 -0.01869997 0.05273033
v 0.02762251 0.01669994 0.05301762
v 0.02721943 -0.01869975 0.05444706
v 0.02713623 0.01669974 0.05471062
v 0.02673271 -0.01869983 0.05587990
v 0.02662017 0.01669987 0.05617923
v 0.02664314 -0.01869987 0.05611895
v 0.02654730 0.01669991 0.05636779
v 0.02596732 -0.01870007 0.05774515
v 0.02585629 0.01670008 0.05798759
v 0.02560733 -0.01870007 0.05851058
v 0.02547807 0.01670005 0.05877177
v 0.02519343 -0.01869998 0.05932445
v 0.02506713 -0.01869994 0.05956057
v 0.02848979 0.01670003 0.04523734
v 0.02848259 0.01669983 0.04699605
v 0.02849066 -0.01869986 0.04672953
v 0.02845882 -0.01869978 0.04753149
v 0.02844176 0.01669977 0.04782101
v 0.02839122 -0.01869980 0.04848775
v 0.02836670 0.01669983 0.04875326
v 0.02834623 -0.01869985 0.04895660
v 0.02834623 0.01669985 0.04895660
v 0.02818371 -0.01870001 0.05023418
v 0.02814133 0.01670003 0.05050727
v 0.02786832 -0.01870004 0.05196716
v 0.02780483 0.01670002 0.05225629
v 0.02771945 0.01669998 0.05262437
v 0.02848982 -0.01870003 0.04523842
v 0.02848106 -0.01870004 0.04496112
v 0.02838827 0.01670003 0.04347882
v 0.02836055 -0.01870000 0.04318411
v 0.02830831 0.01669994 0.04270006
v 0.02827251 -0.01869990 0.04240623
v 0.02823103 0.01669986 0.04209370
v 0.02814779 0.01669980 0.04153323
v 0.02814779 -0.01869980 0.04153323
v 0.02804726 0.01669976 0.04094025
v 0.02799650 -0.01869976 0.04066655
v 0.02767972 0.01669992 0.03921152
v 0.02761423 -0.01869995 0.03894988
v 0.02732595 0.01670005 0.03790418
v 0.02732595 -0.01870005 0.03790418
v 0.02720765 0.01670006 0.03751508
v 0.02712609 -0.01870006 0.03725785
v 0.02685033 0.01670002 0.03644438
v 0.02674866 -0.01869999 0.03616337
v 0.02663221 0.01669996 0.03585233
v 0.02653168 -0.01869994 0.03559231
v 0.02595376 0.01669994 0.03422492
v 0.02582976 -0.01870001 0.03395536
v 0.02582980 0.01670003 0.03395540
v -0.02804726 -0.01869976 0.04094025
v -0.02799651 0.01669976 0.04066656
v -0.02767972 -0.01869992 0.03921152
v -0.02761423 0.01669995 0.03894989
v -0.02720765 -0.01870006 0.03751508
v -0.02712609 0.01670006 0.03725786
v -0.02674867 -0.01869999 0.03616340
v -0.02674665 0.01669999 0.03615792
v -0.02663221 -0.01869996 0.03585233
v -0.02653168 0.01669994 0.03559232
v -0.02595376 -0.01869994 0.03422492
v -0.02582976 0.01670003 0.03395537
v -0.02582978 -0.01870000 0.03395539
v -0.02839121 0.01669980 0.04848776
v -0.02845902 0.01669978 0.04752789
v -0.02845882 -0.01869978 0.04753149
v -0.02848259 -0.01869983 0.04699605
v -0.02849066 0.01669986 0.04672954
v -0.02848979 -0.01870003 0.04523734
v -0.02848106 0.01670004 0.04496113
v -0.02847173 -0.01870006 0.04473100
v -0.02847173 0.01670006 0.04473100
v -0.02838827 -0.01870003 0.04347882
v -0.02836055 0.01670000 0.04318412
v -0.02830831 -0.01869994 0.04270006
v -0.02827251 0.01669990 0.04240625
v -0.02818934 -0.01869983 0.04180346
v -0.02818867 0.01669983 0.04179893
v -0.02804386 0.01669976 0.04092142
v -0.02713623 -0.01869974 0.05471062
v -0.02721942 0.01669975 0.05444707
v -0.02762251 -0.01869993 0.05301762
v -0.02769391 0.01669997 0.05273034
v -0.02778365 -0.01870001 0.05234969
v -0.02778365 0.01670001 0.05234969
v -0.02780483 -0.01870002 0.05225629
v -0.02786831 0.01670004 0.05196717
v -0.02814133 -0.01870003 0.05050727
v -0.02818371 0.01670001 0.05023419
v -0.02836670 -0.01869983 0.04875326
v -0.02838447 -0.01869981 0.04856354
v -0.02506304 -0.01869994 0.05956813
v -0.02519343 0.01669998 0.05932446
v -0.02560737 -0.01870007 0.05851050
v -0.02560774 0.01670007 0.05850974
v -0.02585629 -0.01870008 0.05798759
v -0.02596731 0.01670007 0.05774516
v -0.02654730 -0.01869991 0.05636779
v -0.02664313 0.01669987 0.05611897
v -0.02668015 -0.01869985 0.05602096
v -0.02668015 0.01669985 0.05602096
v -0.02673333 0.01669983 0.05587820
v -0.01780372 -0.01869997 0.06825484
v -0.01776631 0.01669998 0.06828471
v -0.01803391 0.01669993 0.06806871
v -0.01875889 -0.01869980 0.06745586
v -0.01875124 0.01669980 0.06746255
v -0.01915908 -0.01869975 0.06709928
v -0.01936278 0.01669973 0.06691250
v -0.02043078 -0.01869986 0.06587041
v -0.02061579 0.01669990 0.06567840
v -0.02059632 -0.01869990 0.06569877
v -0.02083638 0.01669995 0.06544468
v -0.02161900 -0.01870007 0.06457065
v -0.02179180 0.01670008 0.06436757
v -0.02272327 -0.01869998 0.06320183
v -0.02288901 0.01669994 0.06298067
v -0.02305367 -0.01869989 0.06275643
v -0.02305367 0.01669989 0.06275643
v -0.02374252 -0.01869970 0.06176523
v -0.02390499 0.01669968 0.06151778
v -0.02416657 -0.01869968 0.06110717
v -0.02432219 0.01669970 0.06085534
v -0.02509392 0.01669995 0.05951092
v -0.01742097 0.01670002 0.06855571
v -0.01718576 -0.01870004 0.06873543
v -0.01649005 0.01670006 0.06924496
v -0.01649870 -0.01870006 0.06923883
v -0.01597803 0.01670003 0.06959984
v -0.01574844 -0.01870001 0.06975366
v -0.01461487 0.01669984 0.07046744
v -0.01461487 -0.01869985 0.07046744
v -0.01448360 0.01669983 0.07054538
v -0.01425333 -0.01869980 0.07067980
v -0.01374970 0.01669977 0.07096389
v -0.01294000 0.01669983 0.07139304
v -0.01270187 -0.01869986 0.07151299
v -0.01134912 0.01670003 0.07214283
v -0.01119899 -0.01870004 0.07220749
v -0.01119899 0.01670004 0.07220749
v -0.01109509 -0.01870004 0.07225165
v -0.00971245 0.01670003 0.07279400
v -0.00943364 -0.01870000 0.07289343
v -0.00897286 0.01669995 0.07305065
v -0.00869144 -0.01869991 0.07314238
v -0.00850929 -0.01869988 0.07320004
v -0.00758050 0.01669978 0.07347337
v -0.00758050 -0.01869978 0.07347337
v -0.00726761 0.01669977 0.07355779
v -0.00699811 -0.01869977 0.07362746
v -0.00574940 0.01669990 0.07391405
v -0.00528072 -0.01869995 0.07400650
v -0.00554552 0.01669992 0.07395528
v -0.00382485 -0.01870006 0.07424217
v -0.00380851 0.01670006 0.07424439
v -0.00354092 -0.01870006 0.07427917
v -0.00291709 0.01670003 0.07435032
v -0.00291619 -0.01870003 0.07435041
v -0.00205836 0.01669997 0.07442557
v -0.00178022 -0.01869994 0.07444435
v -0.00029670 0.01669994 0.07449845
v 0.02176342 -0.01888713 0.02373513
v 0.02158747 -0.01893245 0.02310606
v 0.02174548 0.01744242 0.02382719
v 0.02526545 0.01670595 0.03273633
v 0.02484363 -0.01870149 0.03179712
v 0.02478966 0.01672237 0.03169139
v 0.02394494 -0.01870976 0.02972869
v 0.02371372 0.01681355 0.02923573
v 0.02313955 -0.01873332 0.02774351
v 0.02223117 0.01718408 0.02538187
v 0.02284954 0.01697765 0.02709597
v 0.02243449 -0.01878314 0.02583320
v 0.02325309 0.01688722 0.02812176
v 0.02345268 0.01685194 0.02861071
v 0.02183809 -0.01887092 0.02398949
v 0.02104097 -0.01918747 0.02070956
v 0.02113423 0.01803358 0.02127290
v 0.02136100 -0.01901066 0.02221679
v 0.02135850 0.01776238 0.02233381
v 0.02152326 0.01760884 0.02300867
v 0.02080470 -0.01942908 0.01920645
v 0.02089023 0.01847351 0.01979221
v 0.02094739 0.01834989 0.02018503
v 0.02072785 -0.01955584 0.01855978
v 0.02060656 0.01956303 0.01679714
v 0.02071862 0.01898482 0.01830488
v 0.02067124 -0.01968108 0.01798394
v 0.02062484 -0.01981863 0.01740739
v 0.02057260 0.01983771 0.01612293
v 0.02056153 -0.02011489 0.01630815
v 0.02054073 0.02020259 0.01525765
v 0.02051247 -0.02068047 0.01455051
v 0.02050871 0.02089794 0.01367692
v 0.02050363 -0.02100443 0.01366954
v 0.02050028 -0.02140151 0.01267080
v -0.02412905 0.01674950 0.02977801
v -0.02376061 0.01680860 0.02859740
v -0.02392405 -0.01874714 0.02865932
v -0.02284401 0.01744086 0.02386290
v -0.02274898 0.01765897 0.02289355
v -0.02290040 -0.01909538 0.02298935
v -0.02250001 -0.02155229 0.01238720
v -0.02250313 -0.02090204 0.01420105
v -0.02250513 -0.02077797 0.01458715
v -0.02250194 0.02052558 0.01460054
v -0.02250070 -0.02119142 0.01335438
v -0.02250100 0.02073338 0.01411410
v -0.02252007 -0.02034763 0.01606120
v -0.02252305 -0.02029664 0.01625253
v -0.02250851 0.01990177 0.01610900
v -0.02253053 0.01915931 0.01803559
v -0.02256376 -0.01988706 0.01796399
v -0.02264729 -0.01951815 0.01988267
v -0.02257733 0.01851254 0.01989935
v -0.02279236 -0.01922100 0.02190144
v -0.02261727 0.01820566 0.02087855
v -0.02266198 0.01796738 0.02170305
v -0.02270598 0.01779309 0.02235494
v -0.02301146 -0.01900561 0.02391521
v -0.02315244 -0.01892529 0.02490983
v -0.02304346 0.01716478 0.02535521
v -0.02330537 -0.01886442 0.02583327
v -0.02349199 -0.01881314 0.02680879
v -0.02331857 0.01696239 0.02683616
v -0.02362243 0.01684340 0.02809913
v -0.02445133 0.01672266 0.03069004
v -0.02445480 -0.01871381 0.03046513
v -0.02479207 0.01670837 0.03157307
v -0.02477884 -0.01870545 0.03140856
v -0.02508876 -0.01870172 0.03222976
v -0.02564612 0.01670005 0.03355763
v -0.01870003 0.00455030 -0.02813441
v 0.01670018 0.00528072 -0.02800650
v -0.01870006 0.00380852 -0.02824438
v 0.01670009 0.00354092 -0.02827918
v -0.01870003 0.00291618 -0.02835041
v 0.01670011 0.00288034 -0.02835408
v -0.01869997 0.00205837 -0.02842557
v 0.01670017 0.00178022 -0.02844435
v -0.01869994 0.00029671 -0.02849846
v 0.01670014 0.00000000 -0.02850000
v -0.01870000 0.00000000 -0.02850000
v -0.01869992 0.00554553 -0.02795527
v -0.01869990 0.00574765 -0.02791441
v 0.01670033 0.00699811 -0.02762746
v -0.01869977 0.00726762 -0.02755779
v 0.01670026 0.00817690 -0.02730180
v -0.01869984 0.00817690 -0.02730180
v 0.01670020 0.00869144 -0.02714238
v -0.01869995 0.00897287 -0.02705065
v 0.01670011 0.00943365 -0.02689342
v -0.01870003 0.00971246 -0.02679399
v 0.01670007 0.01109510 -0.02625164
v -0.01870003 0.01134913 -0.02614282
v 0.01670012 0.01166411 -0.02600382
v -0.01869999 0.01166411 -0.02600382
v 0.01670025 0.01270188 -0.02551298
v -0.01869983 0.01294001 -0.02539303
v 0.01670033 0.01383340 -0.02491761
v -0.01869983 0.01448361 -0.02454537
v 0.01670030 0.01425334 -0.02467980
v 0.01670021 0.01495250 -0.02426258
v -0.01869989 0.01495250 -0.02426258
v 0.01670010 0.01574845 -0.02375366
v -0.01870003 0.01597804 -0.02359984
v 0.01670005 0.01628360 -0.02339005
v -0.01870006 0.01649872 -0.02323881
v 0.01670005 0.01718577 -0.02273542
v -0.01870002 0.01742098 -0.02255570
v 0.01670011 0.01780373 -0.02225482
v -0.01869993 0.01803392 -0.02206871
v 0.01670013 0.01798601 -0.02210777
v 0.01670022 0.01856680 -0.02162230
v -0.01869980 0.01875891 -0.02145584
v 0.01670030 0.01915909 -0.02109927
v -0.01869973 0.01936278 -0.02091250
v 0.01670021 0.02043079 -0.01987040
v -0.01869990 0.02061580 -0.01967838
v 0.01670016 0.02071294 -0.01957611
v -0.01869995 0.02084299 -0.01943759
v 0.01670003 0.02161901 -0.01857064
v -0.01870008 0.02179180 -0.01836756
v 0.01670008 0.02272328 -0.01720182
v -0.01869993 0.02288901 -0.01698067
v 0.01670015 0.02308680 -0.01671076
v -0.01869988 0.02308680 -0.01671076
v 0.01670028 0.02374253 -0.01576522
v -0.01869967 0.02390500 -0.01551777
v 0.01670029 0.02416658 -0.01510716
v -0.01869970 0.02432219 -0.01485534
v 0.01670010 0.02506305 -0.01356812
v -0.01869994 0.02506713 -0.01356057
v -0.01869998 0.02519343 -0.01332445
v 0.01670001 0.02558971 -0.01254659
v -0.01870007 0.02560737 -0.01251050
v 0.01670000 0.02585630 -0.01198758
v -0.01870007 0.02596732 -0.01174515
v 0.01670015 0.02654730 -0.01036778
v -0.01869987 0.02664314 -0.01011895
v 0.01670017 0.02662017 -0.01017922
v -0.01869983 0.02673272 -0.00987987
v 0.01670028 0.02713624 -0.00871060
v -0.01869975 0.02721943 -0.00844706
v 0.01670010 0.02762251 -0.00701760
v -0.01869997 0.02769391 -0.00673033
v 0.01670005 0.02771945 -0.00662437
v 0.01670002 0.02780484 -0.00625628
v -0.01870004 0.02786832 -0.00596716
v 0.01670002 0.02814133 -0.00450726
v -0.01870001 0.02818371 -0.00423418
v 0.01670019 0.02834623 -0.00295659
v -0.01869985 0.02834623 -0.00295659
v 0.01670021 0.02836670 -0.00275325
v -0.01869980 0.02839122 -0.00248775
v 0.01670024 0.02846426 -0.00142689
v -0.01869978 0.02845882 -0.00153147
v 0.01670020 0.02848259 -0.00099603
v -0.01869986 0.02849066 -0.00072953
v 0.01670001 0.02848979 0.00076267
v -0.01870003 0.02848982 0.00076158
v 0.01669997 0.02846262 0.00145919
v -0.01870004 0.02848106 0.00103888
v 0.01669999 0.02838827 0.00252119
v -0.01870000 0.02836055 0.00281589
v 0.01670006 0.02830831 0.00329995
v -0.01869990 0.02827251 0.00359376
v 0.01670019 0.02814779 0.00446677
v -0.01869983 0.02818934 0.00419658
v -0.01869980 0.02814779 0.00446677
v 0.01670022 0.02804726 0.00505976
v -0.01869976 0.02799650 0.00533345
v 0.01670009 0.02767971 0.00678849
v -0.01869995 0.02761423 0.00705012
v 0.01669998 0.02732595 0.00809582
v -0.01870005 0.02732595 0.00809582
v 0.01669997 0.02720764 0.00848494
v -0.01870006 0.02712609 0.00874215
v 0.01670001 0.02671826 0.00991890
v -0.01869999 0.02674867 0.00983660
v 0.01670003 0.02663220 0.01014769
v -0.01869994 0.02653168 0.01040769
v 0.01670004 0.02595375 0.01177510
v -0.01870001 0.02582976 0.01204464
v 0.01670003 0.02582979 0.01204463
v 0.01670003 -0.02582976 0.01204463
v -0.01870000 -0.02582978 0.01204461
v -0.01869994 -0.02595376 0.01177508
v 0.01670004 -0.02653168 0.01040768
v -0.01869996 -0.02663221 0.01014767
v 0.01670001 -0.02671827 0.00991887
v -0.01869999 -0.02674866 0.00983664
v 0.01669996 -0.02712609 0.00874214
v -0.01870006 -0.02710859 0.00879627
v -0.01870006 -0.02720765 0.00848492
v 0.01670006 -0.02761423 0.00705011
v -0.01869992 -0.02767972 0.00678848
v 0.01670022 -0.02799651 0.00533344
v -0.01869976 -0.02804726 0.00505975
v 0.01670022 -0.02804386 0.00507858
v 0.01670018 -0.02816861 0.00433349
v -0.01869983 -0.02818934 0.00419657
v 0.01670009 -0.02827251 0.00359375
v -0.01869994 -0.02830831 0.00329994
v 0.01670002 -0.02836055 0.00281587
v -0.01870003 -0.02838827 0.00252118
v 0.01669998 -0.02847173 0.00126900
v -0.01870006 -0.02847173 0.00126900
v 0.01669999 -0.02848106 0.00103886
v -0.01870003 -0.02848979 0.00076266
v 0.01670017 -0.02849066 -0.00072955
v -0.01869983 -0.02848259 -0.00099605
v 0.01670024 -0.02846425 -0.00142698
v -0.01869978 -0.02845882 -0.00153149
v 0.01670023 -0.02839121 -0.00248777
v -0.01869981 -0.02838447 -0.00256354
v -0.01869983 -0.02836670 -0.00275326
v 0.01670004 -0.02818371 -0.00423420
v -0.01870003 -0.02814133 -0.00450727
v 0.01670000 -0.02786831 -0.00596718
v -0.01870002 -0.02780483 -0.00625629
v 0.01670003 -0.02778365 -0.00634969
v -0.01870001 -0.02778365 -0.00634969
v 0.01670006 -0.02769390 -0.00673036
v -0.01869993 -0.02762251 -0.00701762
v 0.01670026 -0.02721942 -0.00844709
v -0.01869974 -0.02713623 -0.00871062
v 0.01670020 -0.02672829 -0.00989185
v -0.01869985 -0.02668015 -0.01002096
v -0.01869994 -0.02506304 -0.01356813
v 0.01670007 -0.02519342 -0.01332447
v -0.01870007 -0.02560733 -0.01251058
v 0.01670001 -0.02558969 -0.01254662
v -0.01870008 -0.02585629 -0.01198759
v 0.01670001 -0.02596730 -0.01174517
v -0.01869991 -0.02654730 -0.01036779
v 0.01670018 -0.02664313 -0.01011898
v 0.01670019 -0.02668015 -0.01002096
v -0.01869968 -0.02416657 -0.01510717
v 0.01670028 -0.02432217 -0.01485537
v 0.01670009 -0.02509392 -0.01351092
v -0.01869989 -0.02305367 -0.01675644
v 0.01670014 -0.02305367 -0.01675644
v -0.01869970 -0.02374252 -0.01576523
v 0.01670030 -0.02390498 -0.01551779
v 0.01670029 -0.02418913 -0.01507104
v 0.01670017 -0.02061578 -0.01967841
v 0.01670017 -0.02066275 -0.01962908
v -0.01870007 -0.02161900 -0.01857065
v 0.01670002 -0.02179178 -0.01836758
v -0.01869998 -0.02272327 -0.01720183
v 0.01670006 -0.02254239 -0.01743819
v 0.01670011 -0.02288900 -0.01698069
v -0.01869990 -0.02059632 -0.01969877
v -0.01869986 -0.02043078 -0.01987041
v 0.01670031 -0.01936276 -0.02091252
v -0.01869975 -0.01915908 -0.02109928
v 0.01670022 -0.01856675 -0.02162234
v -0.01869980 -0.01875881 -0.02145593
v 0.01670014 -0.01803389 -0.02206873
v -0.01869997 -0.01780372 -0.02225483
v 0.01670010 -0.01776631 -0.02228471
v 0.01670007 -0.01742095 -0.02255572
v -0.01870004 -0.01718576 -0.02273542
v 0.01670005 -0.01628362 -0.02339004
v -0.01870006 -0.01649858 -0.02323891
v 0.01670007 -0.01597801 -0.02359986
v -0.01870001 -0.01574844 -0.02375366
v 0.01670025 -0.01461487 -0.02446744
v -0.01869985 -0.01461487 -0.02446744
v 0.01670027 -0.01448358 -0.02454538
v -0.01869980 -0.01425333 -0.02467980
v 0.01670033 -0.01383336 -0.02491763
v -0.01869986 -0.01270187 -0.02551299
v 0.01670028 -0.01293998 -0.02539305
v 0.01670008 -0.01119899 -0.02620749
v 0.01670008 -0.01124001 -0.02618993
v 0.01670009 -0.01134910 -0.02614284
v -0.01870004 -0.01119899 -0.02620749
v -0.01870004 -0.01109509 -0.02625165
v 0.01670009 -0.00971243 -0.02679401
v -0.01870000 -0.00943364 -0.02689343
v 0.01670016 -0.00897284 -0.02705066
v -0.01869991 -0.00869144 -0.02714238
v 0.01670021 -0.00853306 -0.02719259
v -0.01869988 -0.00850932 -0.02720003
v 0.01670031 -0.00758050 -0.02747337
v -0.01869978 -0.00758050 -0.02747337
v 0.01670033 -0.00726759 -0.02755780
v -0.01869977 -0.00699811 -0.02762746
v 0.01670020 -0.00554550 -0.02795528
v -0.01869995 -0.00528072 -0.02800650
v 0.01670009 -0.00380849 -0.02824439
v -0.01870006 -0.00382485 -0.02824218
v -0.01870006 -0.00354092 -0.02827918
v 0.01670011 -0.00288021 -0.02835409
v -0.01870003 -0.00291619 -0.02835041
v 0.01670016 -0.00205833 -0.02842557
v -0.01869994 -0.00178022 -0.02844435
v 0.01670018 -0.00029667 -0.02849846
v 0.02164382 0.02050000 0.03395538
v -0.02166427 0.02050000 0.03395538
v 0.02238585 0.02050001 0.03556135
v -0.02238579 0.02050000 0.03556129
v 0.02324604 0.02050000 0.03765067
v -0.02038782 0.02050000 0.05994356
v 0.02304370 0.02050000 0.05489228
v -0.02096391 0.02050000 0.05906155
v -0.02192672 0.02050000 0.05737098
v 0.02382036 0.02050000 0.05253256
v -0.02315749 0.02050000 0.03740808
v -0.00729228 0.02050000 0.06959891
v -0.00590934 0.02050000 0.06998271
v -0.00488362 0.02050000 0.07021230
v 0.01953192 0.02050000 0.06111896
v 0.02083173 0.02050000 0.05927132
v -0.00245256 0.02050000 0.07057772
v -0.00295987 0.02050000 0.07052178
v 0.02204665 0.02050000 0.05713665
v -0.02440131 0.02050000 0.04982816
v -0.02401947 0.02050000 0.05175713
v -0.02388675 0.02050000 0.05228537
v 0.02435990 0.02050000 0.05008327
v 0.02464956 0.02050000 0.04757744
v 0.02468129 0.02050000 0.04504655
v 0.02445427 0.02050000 0.04252568
v 0.02397253 0.02050000 0.04004970
v -0.02348307 0.02050000 0.03834279
v -0.02390859 0.02050000 0.03979779
v -0.02423757 0.02050000 0.04124289
v -0.02441628 0.02050000 0.04226777
v -0.02463525 0.02050000 0.04421722
v -0.02466982 0.02050000 0.04478589
v -0.02314300 0.02050000 0.05463061
v -0.02215768 0.02050000 0.05691403
v 0.00000001 0.02050000 0.07070000
v 0.00245176 0.02050000 0.07057781
v 0.00488210 0.02050000 0.07021261
v -0.02466996 0.02050000 0.04721710
v -0.02453984 0.02050000 0.04880729
v -0.01973160 0.02050000 0.06085747
v -0.01854805 0.02050000 0.06231107
v -0.01812590 0.02050000 0.06277904
v -0.01150807 0.02050000 0.06785527
v -0.01220346 0.02050000 0.06747478
v -0.01407581 0.02050000 0.06629653
v -0.00964789 0.02050000 0.06873751
v -0.00877579 0.02050000 0.06908813
v -0.01643112 0.02050000 0.06444192
v -0.01433840 0.02050000 0.06611185
v 0.00729016 0.02050000 0.06959955
v 0.00964529 0.02050000 0.06873862
v 0.01789923 0.02050000 0.06302068
v 0.01191434 0.02050000 0.06763651
v 0.01406621 0.02050000 0.06630319
v 0.01606995 0.02050000 0.06475738
v 0.02388619 -0.02250000 0.05228752
v 0.02313290 -0.02250000 0.05465766
v -0.02238577 -0.02249998 0.03556126
v -0.02315922 -0.02250000 0.03741273
v 0.01221180 -0.02250000 0.06747004
v 0.01191437 -0.02250000 0.06763650
v -0.01191434 -0.02250000 0.06763651
v -0.02168830 -0.02250000 0.03395538
v 0.02164796 -0.02250000 0.03395538
v 0.02238585 -0.02249998 0.03556137
v 0.02315920 -0.02250000 0.03741269
v -0.01973626 -0.02250000 0.06085127
v -0.02096388 -0.02250000 0.05906160
v 0.00488211 -0.02250000 0.07021260
v 0.00245179 -0.02250000 0.07057780
v -0.00000001 -0.02250000 0.07070000
v -0.00245176 -0.02250000 0.07057781
v 0.02215733 -0.02250000 0.05691474
v 0.02096391 -0.02250000 0.05906155
v 0.01973623 -0.02250000 0.06085131
v 0.01813154 -0.02250000 0.06277294
v 0.00964537 -0.02250000 0.06873859
v 0.00729016 -0.02250000 0.06959956
v -0.00488210 -0.02250000 0.07021261
v -0.00729016 -0.02250000 0.06959955
v -0.00964529 -0.02250000 0.06873862
v -0.01221186 -0.02250000 0.06746999
v -0.01434602 -0.02250000 0.06610642
v -0.02215736 -0.02250000 0.05691470
v -0.02313291 -0.02250000 0.05465762
v -0.02388618 -0.02250000 0.05228753
v 0.02390970 -0.02250000 0.03980207
v 0.02441688 -0.02250000 0.04227171
v 0.02467000 -0.02250000 0.04478947
v 0.02466462 -0.02250000 0.04732106
v 0.02440089 -0.02250000 0.04983086
v 0.01632759 -0.02250000 0.06453362
v 0.01434593 -0.02250000 0.06610648
v -0.01632763 -0.02250000 0.06453357
v -0.01813161 -0.02250000 0.06277286
v -0.02440087 -0.02250000 0.04983094
v -0.02466462 -0.02250000 0.04732111
v -0.02467000 -0.02250000 0.04478949
v -0.02441688 -0.02250000 0.04227171
v -0.02390969 -0.02250000 0.03980206
v 0.01670010 -0.02562845 0.01248121
v -0.01870172 -0.02508909 0.01376968
v 0.01670964 -0.02478840 0.01444100
v -0.01870820 -0.02464502 0.01497018
v -0.01871381 -0.02445533 0.01553438
v 0.01672420 -0.02446462 0.01528331
v -0.01874712 -0.02392478 0.01734075
v 0.01675305 -0.02413386 0.01622349
v 0.01681405 -0.02376847 0.01740199
v -0.01876236 -0.02378961 0.01787283
v 0.01684958 -0.02363165 0.01789852
v -0.01881319 -0.02349268 0.01919276
v 0.01696713 -0.02333587 0.01913167
v 0.01717152 -0.02305810 0.02062297
v -0.01892551 -0.02315299 0.02109349
v 0.01797057 -0.02267175 0.02427039
v 0.01821153 -0.02262487 0.02510839
v -0.01921962 -0.02279410 0.02408761
v 0.01851532 -0.02258358 0.02608247
v -0.01951629 -0.02264841 0.02610635
v -0.01900460 -0.02301390 0.02207366
v 0.01744935 -0.02285598 0.02212456
v -0.01909520 -0.02290148 0.02300905
v 0.01766880 -0.02275906 0.02310112
v 0.01780332 -0.02271514 0.02364236
v -0.01971803 -0.02259431 0.02721407
v 0.01916146 -0.02253402 0.02795321
v -0.01988581 -0.02256422 0.02803026
v -0.02002650 -0.02254602 0.02865792
v 0.01943034 -0.02252258 0.02867463
v -0.02034610 -0.02252028 0.02993316
v 0.01990320 -0.02251004 0.02988526
v 0.02073416 -0.02250138 0.03188397
v -0.02155026 -0.02250001 0.03360757
v -0.02133109 -0.02250025 0.03303059
v -0.02090025 -0.02250319 0.03179348
v 0.01670455 0.02527250 0.01324483
v -0.01870106 0.02484449 0.01419864
v 0.01672974 0.02454158 0.01484389
v -0.01871796 0.02346214 0.01742863
v 0.01686187 0.02329051 0.01772793
v 0.01682739 0.02350456 0.01721335
v -0.01870794 0.02394619 0.01625990
v 0.01697794 0.02276569 0.01905168
v -0.01872916 0.02314090 0.01823586
v -0.01877573 0.02243592 0.02013599
v -0.01885943 0.02183965 0.02196957
v 0.01718196 0.02218586 0.02067440
v 0.01712175 0.02232886 0.02025261
v 0.01762822 0.02149517 0.02305585
v 0.01744315 0.02172437 0.02218248
v -0.01892783 0.02155738 0.02296601
v -0.01887754 0.02175359 0.02226180
v 0.01777232 0.02135205 0.02366560
v -0.01899833 0.02135321 0.02377188
v 0.01798467 0.02118172 0.02448428
v -0.01917263 0.02103521 0.02527129
v 0.01838947 0.02094889 0.02586086
v 0.01842981 0.02093057 0.02598813
v -0.01941209 0.02080089 0.02676710
v 0.01894736 0.02074930 0.02750887
v -0.01954190 0.02072283 0.02742901
v 0.01953287 0.02062646 0.02905749
v -0.01966960 0.02066617 0.02801389
v -0.02010592 0.02055900 0.02968995
v 0.01980285 0.02058887 0.02973137
v -0.02067650 0.02051166 0.03145216
v 0.02018079 0.02055065 0.03064335
v 0.02088664 0.02051144 0.03227341
v -0.02099092 0.02050350 0.03230363
v -0.02140589 0.02050023 0.03334368
v -0.01967042 -0.02495028 0.01163449
v -0.02060013 0.02410752 0.01124191
v -0.02153071 0.02326406 0.01084878
v -0.02326562 -0.02152958 0.03515188
v -0.02410804 -0.02060000 0.03475888
v 0.02410756 -0.02060007 0.03475804
v 0.02326528 -0.02152935 0.03515062
v -0.02153340 0.02156696 0.01462860
v -0.02484261 0.01766927 0.03413042
v -0.02399925 0.01859984 0.03452390
v -0.02272233 0.01861347 0.03149671
v -0.02356968 0.01768766 0.03110147
v -0.02275127 0.01778669 0.02859222
v -0.02187958 0.01841640 0.02395303
v -0.02220672 0.01802342 0.02621335
v -0.02166850 0.01909482 0.02129165
v -0.02157259 0.01998813 0.01859064
v -0.02060419 0.02241038 0.01502223
v -0.02065013 0.02083353 0.01898595
v -0.02075688 0.01994770 0.02168799
v -0.02098586 0.01928481 0.02435210
v -0.02133166 0.01891173 0.02661319
v -0.02189313 0.01869712 0.02898957
v -0.02060003 -0.02396759 0.01154650
v -0.01967046 -0.02481001 0.01193966
v -0.02221241 -0.02153102 0.03261834
v -0.02062326 -0.02164586 0.02679746
v -0.02131043 -0.02155435 0.02979127
v -0.01986416 -0.02225930 0.02058127
v -0.02015549 -0.02185712 0.02375251
v -0.01972289 -0.02289805 0.01745910
v -0.01967681 -0.02376341 0.01455756
v -0.02060444 -0.02291857 0.01416217
v -0.02064279 -0.02204363 0.01706263
v -0.02076963 -0.02138888 0.02018114
v -0.02104144 -0.02096663 0.02334994
v -0.02149026 -0.02073728 0.02639822
v -0.02216299 -0.02063285 0.02939509
v -0.02305659 -0.02060278 0.03222320
v -0.02358356 -0.02060025 0.03357085
v 0.01767059 -0.02484392 0.01186341
v 0.01859987 -0.02400177 0.01147048
v 0.01861367 -0.02273508 0.01447619
v 0.01768955 -0.02358122 0.01487095
v 0.01779061 -0.02276504 0.01737981
v 0.01842806 -0.02188799 0.02204842
v 0.01803109 -0.02221795 0.01977406
v 0.01910153 -0.02167493 0.02469425
v 0.01999656 -0.02157483 0.02741021
v 0.02157675 -0.02153249 0.03138636
v 0.02241918 -0.02060479 0.03099312
v 0.02084117 -0.02065415 0.02701517
v 0.01995331 -0.02076520 0.02429830
v 0.01929462 -0.02099579 0.02164990
v 0.01891721 -0.02134415 0.01937479
v 0.01869892 -0.02190807 0.01698297
vn 0.92459003 0.34711516 0.15698514
vn 0.92584868 -0.34717380 0.14924666
vn 0.92237090 0.35346394 0.15586909
vn 0.92441300 -0.34639959 0.15958676
vn 0.92045603 0.36691448 0.13466424
vn 0.92024181 0.37891797 -0.09785794
vn 0.92022643 0.38687731 -0.05923906
vn 0.92019790 0.39097329 -0.01938342
vn 0.92021476 0.39090777 0.01989738
vn 0.92020926 0.38685700 0.05963702
vn 0.92020721 0.37891529 0.09819309
vn 0.92319966 -0.35144544 0.15552646
vn 0.92276706 -0.35496043 0.15001348
vn 0.92019711 0.35159228 -0.17210503
vn 0.92286288 -0.35819610 0.14149083
vn 0.92020999 0.33217263 -0.20706260
vn 0.92388522 -0.34647782 0.16244760
vn 0.92389116 -0.34683676 0.16164586
vn 0.92385339 -0.34694805 0.16162292
vn 0.92384822 -0.34706760 0.16139560
vn 0.92016876 0.36709285 -0.13613340
vn 0.92380363 -0.34736327 0.16101430
vn 0.92372723 -0.34794017 0.16020502
vn 0.92356047 -0.34910884 0.15861613
vn 0.92152937 -0.11629207 -0.37048587
vn 0.92167979 -0.09472969 -0.37620825
vn 0.92193668 -0.37808278 -0.08417940
vn 0.92020985 0.03977038 -0.38939972
vn 0.92017894 -0.00010381 -0.39149802
vn 0.92152886 -0.03214970 -0.38697668
vn 0.92152933 -0.38762260 0.02307417
vn 0.92184310 -0.38755796 0.00203283
vn 0.92171495 -0.05259251 -0.38428581
vn 0.92139592 -0.38810597 -0.02008290
vn 0.92139824 -0.38634741 -0.04196375
vn 0.92123007 -0.38403491 -0.06206736
vn 0.92120531 -0.07472667 -0.38183335
vn 0.92021910 -0.37896849 0.09787592
vn 0.92161119 -0.38251193 0.06570716
vn 0.92193771 -0.38468647 0.04524574
vn 0.92165022 -0.36632711 0.12792703
vn 0.92022262 -0.36691895 -0.13623806
vn 0.92160391 -0.35153618 -0.16452522
vn 0.92181162 -0.13662059 -0.36276461
vn 0.92181116 -0.34176863 -0.18291632
vn 0.92136438 -0.33179056 -0.20249122
vn 0.92183267 -0.31932124 -0.21967812
vn 0.92141621 -0.30704678 -0.23814794
vn 0.92149832 -0.29314358 -0.25476987
vn 0.92110542 -0.27968840 -0.27081211
vn 0.92175991 -0.17598430 -0.34552596
vn 0.92132885 -0.15681614 -0.35575532
vn 0.92016707 0.07853624 -0.38356828
vn 0.92027572 0.11723110 -0.37329542
vn 0.92025231 0.15423872 -0.35964721
vn 0.92030591 0.18987360 -0.34203077
vn 0.92030860 0.22354882 -0.32102650
vn 0.92024028 0.25505061 -0.29682826
vn 0.92163091 -0.37380047 -0.10425775
vn 0.92162165 -0.26282798 -0.28554334
vn 0.92156400 -0.24751591 -0.29909142
vn 0.92146990 -0.19505787 -0.33592506
vn 0.92010224 -0.22331105 -0.32178260
vn 0.92021513 0.28365017 -0.26971596
vn 0.92023989 0.30962058 -0.23936089
vn -0.92142598 0.19868729 -0.33391244
vn -0.92135535 0.18075962 -0.34413701
vn -0.92305962 -0.35377253 0.15101636
vn -0.92622281 -0.34878659 0.14303573
vn -0.92557121 0.34534049 0.15510606
vn -0.92233392 0.35389263 0.15511333
vn -0.92030144 0.36720252 0.13493539
vn -0.92028383 0.37837931 -0.09953279
vn -0.92025745 0.36649283 -0.13714675
vn -0.92033146 0.35090445 -0.17278910
vn -0.92040041 0.33226556 -0.20606478
vn -0.92038717 0.31186506 -0.23585512
vn -0.92018422 0.28718790 -0.26605283
vn -0.92030712 0.07740557 -0.38346210
vn -0.92029856 0.03872400 -0.38929554
vn -0.92021999 0.00010820 -0.39140152
vn -0.92033547 -0.03885196 -0.38919551
vn -0.92027570 -0.07735972 -0.38354676
vn -0.92030736 -0.11559236 -0.37372821
vn -0.92022017 -0.15286160 -0.36031676
vn -0.92032490 -0.36715139 0.13491454
vn -0.92044723 -0.33224866 -0.20588281
vn -0.92026747 -0.35109785 -0.17273702
vn -0.92017497 0.25890492 -0.29367714
vn -0.92017917 0.22724561 -0.31879418
vn -0.92015202 0.15321483 -0.36034078
vn -0.92031818 0.11551223 -0.37372634
vn -0.92009270 -0.25921827 -0.29365850
vn -0.92009908 -0.28724808 -0.26628224
vn -0.92042422 -0.31167709 -0.23595902
vn -0.92023857 0.37887057 0.09807172
vn -0.92027260 0.38679146 0.05908215
vn -0.92018539 0.39102090 0.01901314
vn -0.92021199 0.39087137 -0.02072353
vn -0.92026473 0.38656553 -0.06066234
vn -0.92169365 -0.18021992 -0.34351360
vn -0.92169343 -0.19863651 -0.33320379
vn -0.92026376 -0.22719979 -0.31858259
vn -0.92020463 -0.38669943 -0.06072054
vn -0.92012181 -0.39109129 -0.02057809
vn -0.92013193 -0.39115287 0.01888545
vn -0.92022771 -0.36650819 -0.13730515
vn -0.92026452 -0.37844099 -0.09947675
vn -0.92017198 -0.37905381 0.09798842
vn -0.92019767 -0.38695347 0.05918835
vn 0.01192420 0.38117570 0.92442572
vn -0.01192450 -0.38117581 0.92442567
vn 0.01193034 -0.38199511 0.92408734
vn 0.05256132 0.38077082 0.92317435
vn 0.46174333 -0.38096281 0.80103710
vn 0.44168977 0.38132906 0.81209500
vn 0.42142036 -0.38120462 0.82285352
vn 0.41187645 0.38161697 0.82748189
vn 0.38664124 -0.38237440 0.83922486
vn 0.38249752 0.38186495 0.84135296
vn 0.35783518 -0.38106410 0.85249289
vn 0.35129378 0.38097804 0.85524757
vn 0.32206851 -0.38130766 0.86653122
vn 0.31349366 0.38125184 0.86969464
vn 0.29085336 -0.38183243 0.87727323
vn 0.28380827 0.38182017 0.87958298
vn 0.26417404 -0.38142772 0.88584704
vn 0.25974994 0.38151060 0.88711873
vn 0.22950683 -0.38099728 0.89563815
vn 0.22315515 0.38071822 0.89736025
vn 0.18585442 -0.38063911 0.90585429
vn 0.17910247 0.38081387 0.90714007
vn 0.14908357 -0.38233569 0.91191749
vn 0.14506293 0.38227794 0.91258990
vn 0.12284536 -0.38238506 0.91580057
vn 0.11832824 0.38212462 0.91650379
vn 0.09490829 -0.38140831 0.91952168
vn 0.09052873 0.38138397 0.91997327
vn 0.06330337 -0.38196352 0.92200681
vn 0.03316526 -0.38217098 0.92349630
vn 0.58525963 -0.38245165 0.71498385
vn 0.57336303 0.38305994 0.72423748
vn 0.56306012 -0.38225884 0.73269468
vn 0.55479158 0.38211729 0.73904850
vn 0.53848058 -0.38139832 0.75138138
vn 0.52953965 0.38140944 0.75770350
vn 0.51348792 -0.38235704 0.76820131
vn 0.50752811 0.38205363 0.77230191
vn 0.48978772 -0.38267149 0.78337125
vn 0.48569471 0.38232883 0.78608226
vn 0.46399840 0.38199490 0.79924050
vn 0.80951440 0.38109958 0.44659774
vn 0.78834129 0.38094999 0.48310983
vn 0.79207323 -0.38110132 0.47684566
vn 0.77220568 -0.38147692 0.50810800
vn 0.76787905 0.38198819 0.51424389
vn 0.75409353 -0.38192273 0.53430140
vn 0.75138690 0.38244225 0.53773195
vn 0.73569763 -0.38106294 0.55994645
vn 0.73175674 0.38090964 0.56519017
vn 0.70883431 -0.38049388 0.59395145
vn 0.70346321 0.38060200 0.60023465
vn 0.68199938 -0.38135316 0.62405658
vn 0.67704773 0.38143046 0.62937841
vn 0.66036156 -0.38163044 0.64674633
vn 0.65480483 0.38137173 0.65252298
vn 0.63390545 -0.38130513 0.67288207
vn 0.62671615 0.38113939 0.67967612
vn 0.60760549 -0.38140605 0.69666706
vn 0.60069500 0.38153897 0.70256212
vn 0.58542276 0.38241773 0.71486843
vn 0.89664230 -0.38088497 0.22574152
vn 0.89342314 0.38105197 0.23789597
vn 0.88383155 -0.38035709 0.27234219
vn 0.88101684 0.38032512 0.28135765
vn 0.87057227 -0.38144006 0.31081731
vn 0.86729519 0.38144071 0.31984690
vn 0.85982013 -0.38130387 0.33958312
vn 0.85643928 0.38132860 0.34799463
vn 0.84539400 -0.38116874 0.37419163
vn 0.84177554 0.38114007 0.38229071
vn 0.83035143 -0.38143223 0.40623387
vn 0.82629461 0.38142316 0.41443165
vn 0.81909733 -0.38224722 0.42774598
vn 0.80808253 -0.38213162 0.44830576
vn 0.92454479 0.38029462 -0.02435017
vn 0.92413250 0.38128122 0.02457142
vn 0.92412542 -0.38168131 0.01765187
vn 0.92301597 -0.38137368 0.05094746
vn 0.92247620 0.38137116 0.05994751
vn 0.92080310 -0.38231514 0.07718024
vn 0.92021205 0.38236198 0.08372036
vn 0.91838776 -0.38229960 0.10203395
vn 0.91791189 0.38222273 0.10650612
vn 0.91399530 -0.38046457 0.14092302
vn 0.91297822 0.38032158 0.14773715
vn 0.90551019 -0.38130074 0.18617474
vn 0.90401878 0.38176121 0.19237577
vn 0.89847531 0.38293209 0.21472105
vn 0.92399893 -0.38212119 -0.01446990
vn 0.92341788 -0.38108338 -0.04555077
vn 0.92141997 0.38136947 -0.07444842
vn 0.92061949 -0.38134620 -0.08387388
vn 0.91804750 0.38222300 -0.10532979
vn 0.91676033 -0.38192089 -0.11699116
vn 0.91557218 0.38178648 -0.12635928
vn 0.91267377 0.38198201 -0.14531459
vn 0.91297368 -0.38139191 -0.14498026
vn 0.90801538 0.38144265 -0.17323273
vn 0.90682860 -0.38114646 -0.17997019
vn 0.89900201 0.38043941 -0.21693606
vn 0.89734029 -0.38063752 -0.22337296
vn 0.88789254 0.38238595 -0.25578865
vn 0.88680554 -0.38215811 -0.25986748
vn 0.88045194 0.38261466 -0.28001859
vn 0.87845881 -0.38228590 -0.28664893
vn 0.87223838 0.38142669 -0.30612725
vn 0.86732908 -0.38374243 -0.31698899
vn 0.86050326 0.38125849 -0.33789954
vn 0.85611872 -0.38651318 -0.34302813
vn 0.84674428 0.38141402 -0.37087392
vn 0.84519677 -0.38157991 -0.37421812
vn 0.83934025 0.38230130 -0.38646302
vn -0.90845251 -0.38119133 -0.17148529
vn -0.90589324 0.38108504 -0.18474748
vn -0.89837453 -0.38028544 -0.21978667
vn -0.89624581 0.37997353 -0.22883085
vn -0.88357795 -0.38050834 -0.27295313
vn -0.88167132 0.38044707 -0.27913386
vn -0.86856037 -0.38411142 -0.31314741
vn -0.86911031 0.38131068 -0.31503879
vn -0.85800931 -0.38813806 -0.33640580
vn -0.85720158 0.38100530 -0.34646850
vn -0.84668922 -0.38176787 -0.37063549
vn -0.84441436 0.38156509 -0.37599532
vn -0.84393467 -0.38359540 -0.37500512
vn -0.92034599 0.38137041 0.08671715
vn -0.92280658 0.38182580 0.05135236
vn -0.92281280 -0.38148647 0.05370861
vn -0.92403220 -0.38168241 0.02197790
vn -0.92434594 0.38123695 0.01558734
vn -0.92413061 -0.38181534 -0.01413043
vn -0.92407972 0.38162113 -0.02102356
vn -0.92322223 -0.38136555 -0.04712784
vn -0.92298730 0.38134034 -0.05171060
vn -0.92077910 -0.38208220 -0.07860689
vn -0.92039329 0.38149430 -0.08566381
vn -0.91772505 -0.38241134 -0.10743508
vn -0.91689003 0.38226289 -0.11483797
vn -0.91438301 -0.38136961 -0.13587101
vn -0.91392424 0.38154234 -0.13844831
vn -0.91033299 0.38180998 -0.15973410
vn -0.88141979 -0.38045992 0.27990962
vn -0.88385170 0.38033102 0.27231320
vn -0.89404227 -0.38083957 0.23590175
vn -0.89583908 0.38079638 0.22905558
vn -0.89962644 -0.38268893 0.21028897
vn -0.90086481 0.38219840 0.20583239
vn -0.90443653 -0.38203321 0.18985569
vn -0.90620897 0.38121510 0.18292168
vn -0.91325249 -0.38015767 0.14645832
vn -0.91467325 0.38019936 0.13719070
vn -0.91858984 -0.38197335 0.10143509
vn -0.92080685 -0.38239838 0.07672174
vn -0.81087306 -0.38071715 0.44445397
vn -0.81958446 0.38182381 0.42719070
vn -0.82843562 -0.38138832 0.41016750
vn -0.83038542 0.38137532 0.40621781
vn -0.84269640 -0.38150865 0.37988674
vn -0.84539460 0.38120058 0.37415784
vn -0.85679244 -0.38153313 0.34689938
vn -0.85930145 0.38145944 0.34071940
vn -0.86827386 -0.38132871 0.31731516
vn -0.86523886 0.38229549 0.32436379
vn -0.87086649 0.38129826 0.31016639
vn -0.57995607 -0.38203816 0.71951220
vn -0.57525479 0.38428360 0.72208590
vn -0.58755119 0.38325357 0.71267124
vn -0.60412569 -0.38140763 0.69968591
vn -0.60737795 0.38145185 0.69684038
vn -0.62910904 -0.38168706 0.67715346
vn -0.63388479 0.38119860 0.67296189
vn -0.65342688 -0.38219409 0.65342252
vn -0.66032070 0.38162069 0.64679380
vn -0.67495257 -0.38134957 0.63167360
vn -0.68189775 0.38134653 0.62417167
vn -0.70290008 -0.38045333 0.60098814
vn -0.70899881 0.38098600 0.59343943
vn -0.73124036 -0.38105840 0.56575792
vn -0.73488018 0.38168441 0.56059623
vn -0.75093763 -0.38173496 0.53886092
vn -0.75348796 0.38120184 0.53566879
vn -0.76797121 -0.38165771 0.51435165
vn -0.77254811 0.38124644 0.50776035
vn -0.78827774 -0.38076332 0.48336063
vn -0.79196757 0.38150899 0.47669515
vn -0.80857497 0.38164939 0.44782838
vn -0.56070571 0.38235734 0.73444671
vn -0.55716547 -0.38208462 0.73727741
vn -0.53839336 0.38132177 0.75148273
vn -0.53472804 -0.38141210 0.75404956
vn -0.51141364 0.38130583 0.77010515
vn -0.50748329 -0.38173943 0.77248671
vn -0.48410571 0.38186718 0.78728592
vn -0.48056706 -0.38196355 0.78940430
vn -0.46494523 0.38198964 0.79869259
vn -0.45325891 -0.38081355 0.80593883
vn -0.44546248 0.38109434 0.81014214
vn -0.41366750 0.38077858 0.82697453
vn -0.41271738 -0.38024151 0.82769606
vn -0.38001904 0.38150838 0.84263687
vn -0.37473788 -0.38144568 0.84502705
vn -0.35275842 0.38118723 0.85455122
vn -0.34745262 -0.38133882 0.85665476
vn -0.32082502 0.38109094 0.86708765
vn -0.31349377 -0.38125190 0.86969457
vn -0.28630644 0.38124154 0.87902418
vn -0.28641277 -0.38210899 0.87861279
vn -0.26996662 -0.38175608 0.88395719
vn -0.25434280 0.38136860 0.88874503
vn -0.24819073 -0.38209654 0.89017054
vn -0.22614296 0.38148026 0.89628800
vn -0.21853049 -0.38153776 0.89814997
vn -0.19724608 0.38144275 0.90310321
vn -0.17317067 -0.38037209 0.90847619
vn -0.16730822 0.38150287 0.90910039
vn -0.13357236 -0.38209509 0.91441881
vn -0.13072943 0.38116237 0.91521859
vn -0.11226195 -0.38239445 0.91715415
vn -0.09491943 0.38140861 0.91952041
vn -0.09052835 -0.38138422 0.91997320
vn -0.05929337 0.38115211 0.92260900
vn -0.05256122 -0.38076807 0.92317550
vn -0.02168727 0.38142458 0.92414553
vn 0.89447171 -0.38327397 -0.23026381
vn 0.90089404 -0.38052784 -0.20877859
vn 0.90194396 0.38539231 -0.19485858
vn 0.84098753 0.38268440 -0.38248219
vn 0.84418053 -0.38241297 -0.37565881
vn 0.84646877 0.38372009 -0.36911992
vn 0.85332886 -0.38223173 -0.35458252
vn 0.85505297 0.38552513 -0.34677772
vn 0.86411372 -0.38091430 -0.32895558
vn 0.89068984 0.38466118 -0.24229606
vn 0.87453622 0.38824181 -0.29061089
vn 0.87829831 -0.38151618 -0.28816226
vn 0.86576422 0.38789177 -0.31621558
vn 0.86089709 0.38705897 -0.33021439
vn 0.88849917 -0.38193267 -0.25435540
vn 0.91872531 -0.37804655 -0.11412541
vn 0.92254972 0.37896368 -0.07272233
vn 0.90822455 -0.37995478 -0.17539252
vn 0.91627941 0.38337908 -0.11598501
vn 0.91001151 0.38594614 -0.15140878
vn 0.92422463 -0.37683051 -0.06170580
vn 0.92881096 0.37055186 0.00123465
vn 0.92640224 0.37509389 -0.03291610
vn 0.92647560 -0.37571745 -0.02189449
vn 0.92948814 0.35901838 0.08460263
vn 0.93012038 0.36444998 0.04530225
vn 0.92947754 -0.36886632 0.00302381
vn 0.92948915 -0.36790642 0.02635864
vn 0.92858519 0.35529086 0.10722851
vn 0.92898042 -0.36358271 0.06930364
vn 0.92750656 0.35215102 0.12538438
vn 0.92795714 -0.35766898 0.10473033
vn 0.92573420 0.34918470 0.14521104
vn 0.92595632 -0.35453765 0.13003058
vn 0.92619393 -0.34925668 0.14207245
vn -0.88590091 0.37362981 -0.27491880
vn -0.89126239 0.38204983 -0.24431387
vn -0.89701641 -0.38074499 -0.22448788
vn -0.92515169 0.37841398 -0.02995353
vn -0.92892045 0.37018488 0.00836353
vn -0.92347837 -0.37883356 -0.06060391
vn -0.92589490 -0.35219894 0.13665485
vn -0.92518639 -0.36146891 0.11563032
vn -0.92659778 -0.36158792 0.10329919
vn -0.92490051 0.35166452 0.14453755
vn -0.92522277 -0.35770259 0.12653729
vn -0.92463460 0.34961537 0.15106275
vn -0.92638129 -0.36543575 0.09096380
vn -0.92592020 -0.36992734 0.07632531
vn -0.92809939 0.34827500 0.13166638
vn -0.92738501 0.35691768 0.11210181
vn -0.92773456 -0.37012588 0.04811887
vn -0.92687345 -0.37522026 0.01074057
vn -0.93133938 0.35280216 0.09020859
vn -0.92624234 -0.37574661 -0.02982653
vn -0.92714293 0.36848958 0.06798098
vn -0.92972721 0.36612599 0.03948508
vn -0.93347539 0.35763334 0.02687157
vn -0.92165687 -0.37781644 -0.08833662
vn -0.91941934 -0.37675617 -0.11279571
vn -0.92141766 0.37951990 -0.08339153
vn -0.91438954 -0.37977226 -0.14023122
vn -0.90849430 -0.37793443 -0.17833583
vn -0.91210189 0.38008338 -0.15364492
vn -0.90118319 0.38427184 -0.20050939
vn -0.86881233 0.38494203 -0.31142376
vn -0.88208647 -0.38151340 -0.27635302
vn -0.85734184 0.38018279 -0.34702451
vn -0.87010262 -0.38192869 -0.31153155
vn -0.85747178 -0.38283251 -0.34377525
vn -0.84426670 0.38284482 -0.37502478
vn -0.38220719 0.14899934 -0.91198512
vn 0.38039911 0.17076471 -0.90892020
vn -0.38226080 0.12294603 -0.91583893
vn 0.38145758 0.12394075 -0.91603974
vn -0.38141155 0.09490969 -0.91952019
vn 0.38138791 0.08992732 -0.92003062
vn -0.38115538 0.05928544 -0.92260816
vn 0.38086837 0.05231427 -0.92314815
vn -0.38142360 0.02167909 -0.92414612
vn 0.38113669 0.01198479 -0.92444102
vn -0.38117633 -0.01193271 -0.92442534
vn -0.38181270 0.17347743 -0.90781311
vn -0.38144149 0.19720795 -0.90311207
vn 0.38084166 0.22325789 -0.89728231
vn -0.38127795 0.23097401 -0.89514140
vn 0.38165714 0.25972564 -0.88706280
vn -0.38142820 0.26417500 -0.88584654
vn 0.38176022 0.28384741 -0.87959637
vn -0.38183316 0.29085231 -0.87727326
vn 0.38124116 0.31366350 -0.86963808
vn -0.38130772 0.32206730 -0.86653164
vn 0.38103768 0.35117518 -0.85526971
vn -0.38106433 0.35783854 -0.85249138
vn 0.38169636 0.38239310 -0.84147692
vn -0.38237499 0.38664353 -0.83922354
vn 0.38147209 0.41264619 -0.82716514
vn -0.38120283 0.42142161 -0.82285371
vn 0.38138401 0.44309155 -0.81130519
vn -0.38096130 0.46174464 -0.80103706
vn 0.38201870 0.46469328 -0.79882530
vn 0.38231132 0.48585587 -0.78599118
vn -0.38267206 0.48978901 -0.78337017
vn 0.38200518 0.50839418 -0.77175605
vn -0.38235694 0.51348672 -0.76820216
vn 0.38139778 0.53126861 -0.75649812
vn -0.38139849 0.53848169 -0.75138051
vn 0.38222729 0.55554590 -0.73842471
vn -0.38225887 0.56306203 -0.73269319
vn 0.38313522 0.57326844 -0.72427253
vn -0.38244720 0.58526526 -0.71498162
vn 0.38232336 0.58618396 -0.71429491
vn 0.38155829 0.60234682 -0.70113592
vn -0.38140201 0.60760467 -0.69666999
vn 0.38132053 0.62744050 -0.67890579
vn -0.38130567 0.63390489 -0.67288229
vn 0.38141823 0.65483432 -0.65246620
vn -0.38163094 0.66036307 -0.64674449
vn 0.38142311 0.67710453 -0.62932176
vn -0.38135382 0.68200190 -0.62405342
vn 0.38056767 0.70349388 -0.60022046
vn -0.38049446 0.70883470 -0.59395062
vn 0.38088666 0.73171796 -0.56525586
vn -0.38106337 0.73569728 -0.55994663
vn 0.38242366 0.75133146 -0.53782264
vn -0.38192302 0.75409340 -0.53430136
vn 0.38218493 0.76781766 -0.51418938
vn -0.38147708 0.77220577 -0.50810776
vn 0.38082660 0.78827529 -0.48331478
vn -0.38110159 0.79207308 -0.47684568
vn 0.38080878 0.81073570 -0.44462601
vn -0.38213118 0.80808342 -0.44830452
vn -0.38222996 0.81911084 -0.42773555
vn 0.38138435 0.82813970 -0.41076832
vn -0.38141534 0.83035287 -0.40624678
vn 0.38152396 0.84259478 -0.38009670
vn -0.38116849 0.84539445 -0.37419087
vn 0.38185528 0.85610751 -0.34823336
vn -0.38130398 0.85981918 -0.33958542
vn 0.38131251 0.86723524 -0.32016216
vn -0.38143973 0.87057186 -0.31081887
vn 0.38036992 0.88110681 -0.28101514
vn -0.38035727 0.88383169 -0.27234149
vn 0.38104434 0.89336888 -0.23811185
vn -0.38088521 0.89664217 -0.22574160
vn 0.38235789 0.89869929 -0.21480698
vn 0.38167434 0.90416599 -0.19185557
vn -0.38130088 0.90551012 -0.18617482
vn 0.38033237 0.91289347 -0.14823227
vn -0.38046466 0.91399528 -0.14092290
vn 0.38236354 0.91790872 -0.10602689
vn -0.38229973 0.91838770 -0.10203402
vn 0.38264473 0.92034468 -0.08092389
vn -0.38228022 0.92081971 -0.07715505
vn 0.38140498 0.92285876 -0.05349727
vn -0.38133923 0.92302873 -0.05097413
vn 0.38152608 0.92411348 -0.02126300
vn -0.38168134 0.92412540 -0.01765217
vn 0.38142025 0.92426493 0.01590364
vn -0.38208792 0.92401228 0.01449540
vn 0.38129443 0.92308102 0.05035856
vn -0.38105230 0.92343192 0.04552627
vn 0.38224581 0.92058725 0.08004539
vn -0.38134613 0.92061952 0.08387391
vn 0.38220150 0.91757795 0.10941993
vn -0.38218061 0.91692012 0.11487157
vn 0.38137767 0.91370284 0.14035022
vn -0.38201098 0.91448072 0.13338898
vn -0.38189139 0.91199088 0.14977184
vn 0.38151782 0.90791599 0.17358775
vn -0.38114642 0.90682862 0.17997016
vn 0.38065966 0.89897463 0.21666297
vn -0.38063753 0.89734036 0.22337268
vn 0.38189920 0.88810730 0.25577025
vn -0.38215801 0.88680556 0.25986759
vn 0.38206616 0.87966405 0.28322535
vn -0.38224424 0.87846527 0.28668470
vn 0.38137698 0.87014511 0.31208828
vn -0.38370091 0.86735630 0.31696477
vn 0.38143233 0.85932424 0.34069227
vn -0.38651291 0.85611918 0.34302729
vn 0.38140759 0.84671377 0.37095018
vn -0.38157680 0.84510472 0.37442911
vn 0.38216541 0.83912797 0.38705794
vn 0.38125659 -0.84451012 0.37609316
vn -0.38273701 -0.84519159 0.37304632
vn -0.38249350 -0.84659050 0.37011248
vn 0.38067316 -0.85719522 0.34684909
vn -0.39678536 -0.85508754 0.33374644
vn 0.38136567 -0.86865276 0.31623189
vn -0.38493098 -0.86685203 0.31685281
vn 0.38073069 -0.88136261 0.27972146
vn -0.38255451 -0.87704529 0.29059182
vn -0.38192435 -0.88544349 0.26480864
vn 0.38014421 -0.89618638 0.22878012
vn -0.38028533 -0.89837457 0.21978672
vn 0.38180993 -0.90561261 0.18462657
vn -0.38120224 -0.90844645 0.17149314
vn 0.38232481 -0.90990167 0.16095556
vn 0.38155667 -0.91358768 0.14061311
vn -0.38138049 -0.91437974 0.13586245
vn 0.38158759 -0.91700257 0.11617744
vn -0.38241115 -0.91772513 0.10743510
vn 0.38106011 -0.92060883 0.08527939
vn -0.38208214 -0.92077914 0.07860673
vn 0.38160792 -0.92289199 0.05143710
vn -0.38136560 -0.92322221 0.04712783
vn 0.38129732 -0.92419390 0.02186304
vn -0.38181545 -0.92413056 0.01413039
vn 0.38063488 -0.92459939 -0.01526604
vn -0.38168726 -0.92403028 -0.02197423
vn 0.38189019 -0.92287402 -0.04963288
vn -0.38149103 -0.92281070 -0.05371226
vn 0.38126047 -0.92046907 -0.08589033
vn -0.38239825 -0.92080693 -0.07672150
vn -0.38197312 -0.91858994 -0.10143496
vn 0.38014906 -0.91466636 -0.13737594
vn -0.38015755 -0.91325251 -0.14645851
vn 0.38125336 -0.90621064 -0.18283367
vn -0.38203342 -0.90443696 -0.18985325
vn 0.38217590 -0.90088603 -0.20578130
vn -0.38268849 -0.89962714 -0.21028678
vn 0.38083749 -0.89583281 -0.22901174
vn -0.38083931 -0.89404233 -0.23590196
vn 0.38041499 -0.88380980 -0.27233191
vn -0.38047862 -0.88141683 -0.27989354
vn 0.38150000 -0.87072689 -0.31031022
vn -0.38134868 -0.86826126 -0.31732566
vn -0.38071731 -0.81087272 -0.44445446
vn 0.38185107 -0.81945689 -0.42741101
vn -0.38138582 -0.82843714 -0.41016674
vn 0.38130868 -0.83011518 -0.40683224
vn -0.38150601 -0.84269627 -0.37988966
vn 0.38112939 -0.84529574 -0.37445360
vn -0.38153316 -0.85679268 -0.34689877
vn 0.38150743 -0.85924396 -0.34081066
vn 0.38252286 -0.86502407 -0.32466848
vn -0.38076362 -0.78827780 -0.48336030
vn 0.38173937 -0.79437210 -0.47249129
vn 0.38187421 -0.80846114 -0.44784225
vn -0.38169759 -0.75093392 -0.53889257
vn 0.38142061 -0.75328572 -0.53579748
vn -0.38165767 -0.76797183 -0.51435075
vn 0.38136068 -0.77132266 -0.50953448
vn 0.38242576 -0.78291240 -0.49071246
vn 0.38152959 -0.65904502 -0.64814723
vn 0.38113518 -0.67914963 -0.62728922
vn -0.38041163 -0.70289258 -0.60102331
vn 0.38093386 -0.70464421 -0.59863674
vn -0.38102260 -0.73126925 -0.56574469
vn 0.38164607 -0.72778425 -0.56980379
vn 0.38226190 -0.74076454 -0.55239817
vn -0.38130708 -0.67498547 -0.63166409
vn -0.38219369 -0.65342561 -0.65342403
vn 0.38120216 -0.63245847 -0.67430052
vn -0.38166419 -0.62910233 -0.67717258
vn 0.38137406 -0.60444442 -0.69942889
vn -0.38138513 -0.60414167 -0.69968438
vn 0.38224397 -0.58670900 -0.71390622
vn -0.38203856 -0.57995390 -0.71951373
vn 0.38318008 -0.57495052 -0.72291419
vn 0.38221813 -0.55902493 -0.73579917
vn -0.38205310 -0.55715407 -0.73730236
vn 0.38136462 -0.53503571 -0.75385530
vn -0.38138006 -0.53475551 -0.75404628
vn 0.38209161 -0.50917569 -0.77119784
vn -0.38173956 -0.50748296 -0.77248686
vn 0.38279532 -0.48432169 -0.78670213
vn -0.38196358 -0.48056810 -0.78940365
vn 0.38236769 -0.46565104 -0.79810028
vn -0.38083719 -0.45327125 -0.80592072
vn 0.38125062 -0.44690403 -0.80927421
vn -0.38023936 -0.41268231 -0.82771452
vn 0.38094824 -0.41409757 -0.82668110
vn 0.38094268 -0.35209505 -0.85493377
vn 0.38199310 -0.36497607 -0.84904284
vn 0.38136877 -0.38027031 -0.84258670
vn -0.38141626 -0.37474993 -0.84503498
vn -0.38133997 -0.34743981 -0.85665945
vn 0.38098594 -0.32092672 -0.86709616
vn -0.38125166 -0.31349435 -0.86969447
vn 0.38206312 -0.29363810 -0.87624451
vn -0.38212482 -0.28641561 -0.87860499
vn 0.38160719 -0.27268474 -0.88318684
vn -0.38177444 -0.26994590 -0.88395559
vn 0.38190523 -0.25095635 -0.88947698
vn -0.38209603 -0.24819442 -0.89016973
vn 0.38116813 -0.22468869 -0.89678640
vn -0.38151332 -0.21851762 -0.89816348
vn 0.38032495 -0.17963640 -0.90723960
vn -0.38039871 -0.17322395 -0.90845489
vn 0.38107220 -0.13038519 -0.91530524
vn -0.38214542 -0.13353438 -0.91440333
vn -0.38239195 -0.11226183 -0.91715521
vn 0.38138330 -0.09430198 -0.91959443
vn -0.38138209 -0.09052850 -0.91997407
vn 0.38123472 -0.05904563 -0.92259075
vn -0.38076834 -0.05256028 -0.92317544
vn 0.38146418 -0.02162340 -0.92413068
vn 0.34777352 0.92455543 -0.15572680
vn -0.34717371 0.92578098 -0.14966624
vn 0.35414650 0.92225107 -0.15502650
vn -0.35331460 0.92280156 -0.15364267
vn 0.36828277 0.92035111 -0.13161168
vn -0.31963423 0.92197747 0.21861267
vn 0.36507526 0.92026153 0.14085016
vn -0.33162065 0.92131672 0.20298584
vn -0.34149233 0.92188201 0.18307527
vn 0.37732879 0.92028729 0.10341319
vn -0.36289395 0.92147146 -0.13855805
vn -0.11522574 0.92149975 0.37089249
vn -0.09372529 0.92164895 0.37653523
vn -0.07378709 0.92115892 0.38212787
vn 0.30890144 0.92034244 0.23989516
vn 0.33029231 0.92028409 0.20972407
vn -0.03166004 0.92152958 0.38701533
vn -0.05189657 0.92170797 0.38439716
vn 0.34918592 0.92028913 0.17645712
vn -0.38393408 0.92120836 0.06300617
vn -0.37788589 0.92192483 0.08518720
vn -0.37357288 0.92159739 0.10536387
vn 0.38598820 0.92023756 0.06462147
vn 0.39065052 0.92020380 0.02484214
vn 0.39122687 0.92017281 -0.01495096
vn 0.38736946 0.92027932 -0.05505331
vn 0.37988268 0.92023032 -0.09415578
vn -0.36933802 0.92173968 -0.11825982
vn -0.37631547 0.92131792 -0.09777508
vn -0.38016288 0.92175458 -0.07645049
vn -0.38431239 0.92154422 -0.05531937
vn -0.38668412 0.92163510 -0.03262095
vn -0.38859150 0.92132234 -0.01271950
vn -0.36658855 0.92025563 0.13690293
vn -0.35126143 0.92160683 0.16509471
vn -0.00011191 0.92021970 0.39140222
vn 0.03882647 0.92034042 0.38918636
vn 0.07738345 0.92030577 0.38346981
vn -0.38995744 0.92068744 0.01636532
vn -0.38654634 0.92128154 0.04268791
vn -0.30873224 0.92122922 0.23668782
vn -0.29483443 0.92148185 0.25287122
vn -0.28110271 0.92132737 0.26858360
vn -0.17657127 0.92157250 0.34572636
vn -0.19641700 0.92152302 0.33498609
vn -0.21500467 0.92189309 0.32231370
vn -0.15557425 0.92139436 0.35613070
vn -0.13569674 0.92178746 0.36317250
vn -0.25987987 0.92015562 0.29287555
vn -0.23202925 0.92170009 0.31085586
vn 0.11559322 0.92030050 0.37374482
vn 0.15282946 0.92024408 0.36026933
vn 0.28350807 0.92020381 0.26990391
vn 0.18873729 0.92026996 0.34275564
vn 0.22284563 0.92028017 0.32159639
vn 0.25472437 0.92021975 0.29717184
vn 0.37837987 -0.92028357 0.09953308
vn 0.36649243 -0.92025746 0.13714777
vn -0.35353570 -0.92322386 -0.15056629
vn -0.36719424 -0.92030621 -0.13492542
vn 0.19868653 -0.92142542 0.33391445
vn 0.18075743 -0.92135586 0.34413678
vn -0.18022097 -0.92169332 0.34351392
vn -0.34688047 -0.92686207 -0.14352923
vn 0.34530745 -0.92562113 -0.15488154
vn 0.35389124 -0.92234014 -0.15507951
vn 0.36720269 -0.92030140 -0.13493521
vn -0.31167651 -0.92042457 0.23595838
vn -0.33224831 -0.92044712 0.20588384
vn 0.07741601 -0.92029236 0.38349541
vn 0.03872445 -0.92029849 0.38929564
vn 0.00009328 -0.92024939 0.39133241
vn -0.03885118 -0.92033495 0.38919681
vn 0.35090356 -0.92033187 0.17278872
vn 0.33226659 -0.92040017 0.20606418
vn 0.31186543 -0.92038681 0.23585606
vn 0.28718726 -0.92018390 0.26605464
vn 0.15321613 -0.92015172 0.36034099
vn 0.11551228 -0.92031759 0.37372776
vn -0.07736064 -0.92027527 0.38354760
vn -0.11559226 -0.92030761 0.37372762
vn -0.15286066 -0.92022009 0.36031737
vn -0.19863715 -0.92169367 0.33320273
vn -0.22720180 -0.92026322 0.31858273
vn -0.35109871 -0.92026715 0.17273702
vn -0.36650886 -0.92022760 0.13730411
vn -0.37844024 -0.92026484 0.09947664
vn 0.37887066 -0.92023859 -0.09807125
vn 0.38680051 -0.92026875 -0.05908296
vn 0.39102081 -0.92018542 -0.01901340
vn 0.39087150 -0.92021195 0.02072288
vn 0.38656572 -0.92026470 0.06066159
vn 0.25890337 -0.92017470 0.29367935
vn 0.22724377 -0.92017955 0.31879439
vn -0.25922009 -0.92009295 0.29365611
vn -0.28724893 -0.92009923 0.26628079
vn -0.38669917 -0.92020467 0.06072163
vn -0.39109094 -0.92012194 0.02057913
vn -0.39115316 -0.92013182 -0.01888516
vn -0.38695318 -0.92019779 -0.05918838
vn -0.37905373 -0.92017204 -0.09798818
vn 0.38261772 -0.84483549 0.37397416
vn -0.37208285 -0.86044788 0.34811464
vn 0.38043443 -0.85776284 0.34570588
vn -0.38282016 -0.87219886 0.30449609
vn -0.37825091 -0.88494553 0.27165723
vn 0.38519868 -0.86927123 0.30982175
vn -0.37954903 -0.89408558 0.23780980
vn 0.37328632 -0.88668093 0.27286309
vn 0.38206929 -0.89172802 0.24257823
vn -0.37999226 -0.90251036 0.20268430
vn 0.38404783 -0.90170730 0.19857295
vn -0.37375035 -0.91236116 0.16705626
vn 0.38032078 -0.91206296 0.15328814
vn 0.37987066 -0.92122980 0.08386853
vn -0.37897835 -0.91778153 0.11854316
vn 0.36656917 -0.92962275 -0.03779658
vn 0.36886192 -0.92713724 -0.06601073
vn -0.37507983 -0.92658891 0.02735158
vn 0.35305082 -0.93143395 -0.08823789
vn -0.36975957 -0.92912681 -0.00111269
vn -0.37073324 -0.92467578 0.08678461
vn 0.37869239 -0.92500389 0.03098184
vn -0.37436491 -0.92504452 0.06437037
vn 0.37079358 -0.92868754 -0.00718169
vn 0.35860079 -0.93314461 -0.02542848
vn -0.37434890 -0.92666440 -0.03399996
vn 0.35930157 -0.92701216 -0.10747479
vn -0.36610400 -0.92917309 -0.05104140
vn -0.36349635 -0.92962942 -0.06049416
vn 0.35251337 -0.92751500 -0.12429901
vn -0.36369901 -0.92728853 -0.08865107
vn 0.34784880 -0.92823703 -0.13182272
vn 0.34988730 -0.92501507 -0.14807428
vn -0.35332753 -0.92527541 -0.13793144
vn -0.35709558 -0.92511154 -0.12904026
vn -0.35231130 -0.93006441 -0.10419660
vn 0.38223583 0.84058534 0.38381253
vn -0.38224657 0.84389288 0.37647360
vn 0.38354420 0.84647625 0.36928554
vn -0.37823385 0.85969142 0.34332174
vn 0.38734363 0.86402645 0.32159480
vn 0.38615371 0.85572404 0.34441499
vn -0.38222908 0.85146911 0.35902824
vn 0.38802050 0.87391278 0.29277387
vn -0.37930462 0.86517983 0.32801200
vn -0.38086307 0.87785518 0.29036806
vn -0.38146295 0.88825052 0.25592387
vn 0.38765991 0.89300578 0.22860550
vn 0.38783315 0.88457604 0.25905726
vn 0.38510478 0.91212899 0.14041015
vn 0.38704728 0.90386271 0.18228167
vn -0.38000069 0.90129286 0.20801600
vn -0.38314290 0.89445938 0.23052969
vn 0.38295455 0.91741664 0.10813200
vn -0.37948755 0.90844432 0.17526585
vn 0.37871684 0.92293101 0.06907895
vn -0.37799049 0.91874664 0.11413943
vn 0.37334182 0.92723167 0.02927999
vn 0.36593845 0.93063897 0.00040191
vn -0.37630905 0.92444830 0.06153727
vn 0.36369828 0.93080300 -0.03646005
vn -0.37513385 0.92674437 0.02048092
vn 0.36002715 0.92965234 -0.07827495
vn -0.37014732 0.92888722 -0.01262907
vn -0.36355661 0.92922651 -0.06606573
vn 0.35658760 0.92883422 -0.10055979
vn -0.35743438 0.92792490 -0.10581136
vn 0.35327133 0.92787682 -0.11934810
vn 0.35029196 0.92600436 -0.14075319
vn -0.35422489 0.92598102 -0.13070534
vn -0.34906415 0.92619890 -0.14251252
vn -0.70778184 -0.64684702 0.28396090
vn -0.70684841 0.64906541 0.28121064
vn -0.70757564 0.64818209 0.28141908
vn -0.65181978 -0.70663016 -0.27532669
vn -0.64942386 -0.70778785 -0.27800181
vn 0.64914730 -0.70684737 -0.28102415
vn 0.64821637 -0.70760255 -0.28127241
vn -0.70966007 0.64945429 0.27311484
vn -0.64776233 0.70612037 -0.28600348
vn -0.64553649 0.70823838 -0.28579895
vn -0.66173969 0.71163692 -0.23595228
vn -0.66909387 0.70573841 -0.23290920
vn -0.69126253 0.70824772 -0.14332232
vn -0.71490301 0.69573745 0.06973585
vn -0.70767793 0.70570459 -0.03424862
vn -0.71421125 0.68118532 0.16090014
vn -0.70938775 0.66816368 0.22433530
vn -0.70577927 0.65365350 0.27315329
vn -0.70743504 0.67045710 0.22365810
vn -0.70832621 0.68867960 0.15490126
vn -0.70725284 0.70449903 0.05894516
vn -0.69907953 0.71364907 -0.04464092
vn -0.68281859 0.71469337 -0.15156569
vn -0.70798056 -0.64846080 0.27975367
vn -0.70885686 -0.64891414 0.27646410
vn -0.66408686 -0.70872320 -0.23811774
vn -0.69445724 -0.71287211 -0.09768573
vn -0.68214051 -0.70941807 -0.17722958
vn -0.70368587 -0.70721862 0.06832299
vn -0.70179585 -0.71210291 -0.01980002
vn -0.70374648 -0.69377168 0.15304167
vn -0.70430046 -0.67199678 0.22886935
vn -0.70966269 -0.66622227 0.22918716
vn -0.71039066 -0.68592899 0.15762779
vn -0.71093888 -0.69907139 0.07658388
vn -0.70994901 -0.70420796 -0.00797218
vn -0.70222588 -0.70606612 -0.09137532
vn -0.68753418 -0.70640115 -0.16820869
vn -0.66849685 -0.70614937 -0.23337743
vn -0.65449209 -0.70527740 -0.27244064
vn 0.70611727 -0.64779223 0.28594341
vn 0.70822325 -0.64558558 0.28572554
vn 0.71165603 -0.66192510 0.23537387
vn 0.70608643 -0.66903834 0.23201218
vn 0.70877996 -0.69092549 0.14231280
vn 0.69622713 -0.71445649 -0.06942413
vn 0.70617408 -0.70724707 0.03346255
vn 0.68157202 -0.71416015 -0.15948310
vn 0.66816255 -0.70997745 -0.22246534
vn 0.64994374 -0.70950123 -0.27236216
vn 0.65375067 -0.70607940 -0.27214324
vn 0.67056840 -0.70782426 -0.22208744
vn 0.68857688 -0.70871872 -0.15355670
vn 0.70437606 -0.70739098 -0.05875682
vn 0.71338772 -0.69937440 0.04419739
vn 0.71482104 -0.68295026 0.15036567
f 1//1 2//2 3//3
f 3//3 2//2 4//4
f 3//3 4//4 5//5
f 6//6 7//7 4//4
f 4//4 7//7 8//8
f 4//4 8//8 9//9
f 9//9 10//10 4//4
f 4//4 10//10 11//11
f 4//4 11//11 5//5
f 12//12 13//13 14//14
f 14//14 13//13 15//15
f 14//14 15//15 16//16
f 17//17 18//18 12//12
f 12//12 18//18 19//19
f 12//12 19//19 20//20
f 17//17 12//12 14//14
f 17//17 14//14 4//4
f 4//4 14//14 21//21
f 4//4 21//21 6//6
f 20//20 22//22 12//12
f 12//12 22//22 23//23
f 12//12 23//23 24//24
f 25//25 26//26 27//27
f 28//28 15//15 29//29
f 29//29 15//15 30//30
f 31//31 32//32 33//33
f 33//33 32//32 34//34
f 33//33 34//34 35//35
f 35//35 36//36 33//33
f 33//33 36//36 27//27
f 33//33 27//27 37//37
f 37//37 27//27 26//26
f 38//38 39//39 33//33
f 33//33 39//39 40//40
f 33//33 40//40 31//31
f 30//30 15//15 33//33
f 33//33 15//15 41//41
f 33//33 41//41 38//38
f 42//42 43//43 44//44
f 44//44 43//43 45//45
f 44//44 45//45 46//46
f 46//46 47//47 44//44
f 44//44 47//47 48//48
f 44//44 48//48 49//49
f 50//50 51//51 49//49
f 49//49 51//51 52//52
f 49//49 52//52 44//44
f 28//28 53//53 15//15
f 15//15 53//53 54//54
f 15//15 54//54 55//55
f 55//55 56//56 15//15
f 15//15 56//56 57//57
f 15//15 57//57 58//58
f 25//25 27//27 44//44
f 44//44 27//27 59//59
f 44//44 59//59 42//42
f 50//50 60//60 51//51
f 51//51 60//60 61//61
f 51//51 61//61 62//62
f 62//62 61//61 63//63
f 58//58 64//64 15//15
f 15//15 64//64 65//65
f 15//15 65//65 16//16
f 66//66 67//67 68//68
f 69//69 70//70 68//68
f 68//68 70//70 71//71
f 68//68 71//71 72//72
f 73//73 74//74 68//68
f 68//68 74//74 75//75
f 75//75 76//76 68//68
f 68//68 76//76 77//77
f 68//68 77//77 78//78
f 79//79 80//80 68//68
f 68//68 80//80 81//81
f 68//68 81//81 82//82
f 82//82 83//83 68//68
f 68//68 83//83 84//84
f 68//68 84//84 85//85
f 86//86 87//87 88//88
f 78//78 89//89 68//68
f 68//68 89//89 90//90
f 68//68 90//90 66//66
f 67//67 91//91 68//68
f 68//68 91//91 92//92
f 68//68 92//92 79//79
f 93//93 94//94 86//86
f 86//86 94//94 95//95
f 86//86 95//95 87//87
f 72//72 96//96 68//68
f 68//68 96//96 97//97
f 68//68 97//97 98//98
f 98//98 99//99 68//68
f 68//68 99//99 100//100
f 68//68 100//100 73//73
f 85//85 101//101 68//68
f 68//68 101//101 102//102
f 68//68 102//102 86//86
f 86//86 102//102 103//103
f 86//86 103//103 93//93
f 104//104 105//105 106//106
f 88//88 107//107 86//86
f 86//86 107//107 108//108
f 86//86 108//108 109//109
f 109//109 108//108 104//104
f 109//109 104//104 110//110
f 110//110 104//104 106//106
f 111//111 112//112 113//113
f 111//111 113//113 114//114
f 115//115 116//116 117//117
f 117//117 116//116 118//118
f 117//117 118//118 119//119
f 119//119 118//118 120//120
f 119//119 120//120 121//121
f 121//121 120//120 122//122
f 121//121 122//122 123//123
f 123//123 122//122 124//124
f 123//123 124//124 125//125
f 125//125 124//124 126//126
f 125//125 126//126 127//127
f 127//127 126//126 128//128
f 127//127 128//128 129//129
f 129//129 128//128 130//130
f 129//129 130//130 131//131
f 131//131 130//130 132//132
f 131//131 132//132 133//133
f 133//133 132//132 134//134
f 133//133 134//134 135//135
f 135//135 134//134 136//136
f 135//135 136//136 137//137
f 137//137 136//136 138//138
f 137//137 138//138 139//139
f 139//139 138//138 114//114
f 139//139 114//114 140//140
f 140//140 114//114 113//113
f 141//141 142//142 143//143
f 143//143 142//142 144//144
f 143//143 144//144 145//145
f 145//145 144//144 146//146
f 145//145 146//146 147//147
f 147//147 146//146 148//148
f 147//147 148//148 149//149
f 149//149 148//148 150//150
f 149//149 150//150 115//115
f 115//115 150//150 151//151
f 115//115 151//151 116//116
f 152//152 153//153 154//154
f 154//154 153//153 155//155
f 155//155 153//153 156//156
f 155//155 156//156 157//157
f 157//157 156//156 158//158
f 157//157 158//158 159//159
f 159//159 158//158 160//160
f 159//159 160//160 161//161
f 161//161 160//160 162//162
f 161//161 162//162 163//163
f 163//163 162//162 164//164
f 163//163 164//164 165//165
f 165//165 164//164 166//166
f 165//165 166//166 167//167
f 167//167 166//166 168//168
f 167//167 168//168 169//169
f 169//169 168//168 170//170
f 169//169 170//170 141//141
f 141//141 170//170 171//171
f 141//141 171//171 142//142
f 172//172 173//173 174//174
f 174//174 173//173 175//175
f 174//174 175//175 176//176
f 176//176 175//175 177//177
f 176//176 177//177 178//178
f 178//178 177//177 179//179
f 178//178 179//179 180//180
f 180//180 179//179 181//181
f 180//180 181//181 182//182
f 182//182 181//181 183//183
f 182//182 183//183 184//184
f 184//184 183//183 152//152
f 184//184 152//152 185//185
f 185//185 152//152 154//154
f 186//186 187//187 188//188
f 188//188 187//187 189//189
f 189//189 187//187 190//190
f 189//189 190//190 191//191
f 191//191 190//190 192//192
f 191//191 192//192 193//193
f 193//193 192//192 194//194
f 193//193 194//194 195//195
f 195//195 194//194 196//196
f 195//195 196//196 197//197
f 197//197 196//196 198//198
f 197//197 198//198 172//172
f 172//172 198//198 199//199
f 172//172 199//199 173//173
f 188//188 200//200 186//186
f 186//186 200//200 201//201
f 186//186 201//201 202//202
f 202//202 201//201 203//203
f 202//202 203//203 204//204
f 204//204 203//203 205//205
f 204//204 205//205 206//206
f 206//206 205//205 207//207
f 207//207 205//205 208//208
f 207//207 208//208 209//209
f 209//209 208//208 210//210
f 209//209 210//210 211//211
f 211//211 210//210 212//212
f 211//211 212//212 213//213
f 213//213 212//212 214//214
f 213//213 214//214 215//215
f 215//215 214//214 216//216
f 215//215 216//216 217//217
f 217//217 216//216 218//218
f 217//217 218//218 219//219
f 219//219 218//218 220//220
f 219//219 220//220 221//221
f 221//221 220//220 222//222
f 221//221 222//222 223//223
f 224//224 225//225 226//226
f 226//226 225//225 227//227
f 226//226 227//227 228//228
f 228//228 227//227 229//229
f 228//228 229//229 230//230
f 230//230 229//229 231//231
f 230//230 231//231 232//232
f 232//232 231//231 233//233
f 232//232 233//233 234//234
f 234//234 233//233 235//235
f 234//234 235//235 236//236
f 237//237 238//238 239//239
f 239//239 238//238 240//240
f 240//240 238//238 241//241
f 240//240 241//241 242//242
f 242//242 241//241 243//243
f 242//242 243//243 244//244
f 244//244 243//243 245//245
f 244//244 245//245 246//246
f 246//246 245//245 247//247
f 246//246 247//247 248//248
f 248//248 247//247 249//249
f 248//248 249//249 250//250
f 250//250 249//249 251//251
f 250//250 251//251 224//224
f 224//224 251//251 252//252
f 224//224 252//252 225//225
f 253//253 254//254 255//255
f 255//255 254//254 256//256
f 255//255 256//256 257//257
f 257//257 256//256 258//258
f 257//257 258//258 259//259
f 259//259 258//258 260//260
f 259//259 260//260 261//261
f 261//261 260//260 262//262
f 261//261 262//262 263//263
f 263//263 262//262 237//237
f 263//263 237//237 264//264
f 264//264 237//237 239//239
f 265//265 266//266 267//267
f 267//267 266//266 268//268
f 267//267 268//268 269//269
f 269//269 268//268 270//270
f 269//269 270//270 271//271
f 271//271 270//270 272//272
f 271//271 272//272 273//273
f 273//273 272//272 274//274
f 273//273 274//274 253//253
f 253//253 274//274 275//275
f 253//253 275//275 254//254
f 276//276 277//277 278//278
f 276//276 278//278 279//279
f 279//279 278//278 280//280
f 279//279 280//280 281//281
f 281//281 280//280 282//282
f 281//281 282//282 283//283
f 283//283 282//282 284//284
f 283//283 284//284 285//285
f 285//285 284//284 286//286
f 285//285 286//286 287//287
f 287//287 286//286 288//288
f 287//287 288//288 289//289
f 289//289 288//288 290//290
f 289//289 290//290 291//291
f 291//291 290//290 292//292
f 291//291 292//292 293//293
f 293//293 292//292 294//294
f 293//293 294//294 295//295
f 295//295 294//294 296//296
f 295//295 296//296 265//265
f 265//265 296//296 297//297
f 265//265 297//297 266//266
f 277//277 276//276 298//298
f 298//298 276//276 299//299
f 298//298 299//299 300//300
f 300//300 299//299 301//301
f 300//300 301//301 302//302
f 302//302 301//301 303//303
f 302//302 303//303 304//304
f 304//304 303//303 305//305
f 304//304 305//305 306//306
f 306//306 305//305 307//307
f 306//306 307//307 308//308
f 308//308 307//307 309//309
f 309//309 307//307 310//310
f 309//309 310//310 311//311
f 311//311 310//310 312//312
f 311//311 312//312 313//313
f 313//313 312//312 314//314
f 313//313 314//314 315//315
f 315//315 314//314 316//316
f 315//315 316//316 317//317
f 316//316 318//318 317//317
f 317//317 318//318 319//319
f 317//317 319//319 320//320
f 320//320 319//319 321//321
f 320//320 321//321 322//322
f 322//322 321//321 323//323
f 322//322 323//323 324//324
f 324//324 323//323 325//325
f 324//324 325//325 326//326
f 326//326 325//325 327//327
f 326//326 327//327 328//328
f 328//328 327//327 329//329
f 328//328 329//329 330//330
f 330//330 329//329 331//331
f 330//330 331//331 332//332
f 332//332 331//331 333//333
f 332//332 333//333 334//334
f 334//334 333//333 112//112
f 334//334 112//112 111//111
f 335//335 336//336 337//337
f 223//223 222//222 338//338
f 338//338 222//222 339//339
f 338//338 339//339 340//340
f 340//340 339//339 341//341
f 340//340 341//341 342//342
f 342//342 341//341 343//343
f 344//344 345//345 346//346
f 346//346 345//345 347//347
f 346//346 347//347 343//343
f 343//343 347//347 348//348
f 343//343 348//348 342//342
f 344//344 346//346 337//337
f 337//337 346//346 349//349
f 337//337 349//349 335//335
f 350//350 351//351 352//352
f 352//352 351//351 353//353
f 352//352 353//353 336//336
f 336//336 353//353 354//354
f 336//336 354//354 337//337
f 355//355 356//356 350//350
f 350//350 356//356 357//357
f 350//350 357//357 351//351
f 358//358 359//359 355//355
f 355//355 359//359 360//360
f 355//355 360//360 356//356
f 358//358 361//361 359//359
f 359//359 361//361 362//362
f 359//359 362//362 363//363
f 363//363 362//362 364//364
f 363//363 364//364 365//365
f 365//365 364//364 366//366
f 365//365 366//366 367//367
f 367//367 366//366 368//368
f 367//367 368//368 1//1
f 1//1 368//368 369//369
f 1//1 369//369 2//2
f 370//370 371//371 372//372
f 373//373 374//374 375//375
f 70//70 69//69 376//376
f 377//377 378//378 379//379
f 376//376 380//380 70//70
f 70//70 380//380 377//377
f 70//70 377//377 381//381
f 381//381 377//377 379//379
f 378//378 382//382 379//379
f 379//379 382//382 383//383
f 379//379 383//383 384//384
f 384//384 383//383 385//385
f 383//383 386//386 385//385
f 385//385 386//386 387//387
f 385//385 387//387 388//388
f 388//388 387//387 389//389
f 388//388 389//389 390//390
f 390//390 389//389 391//391
f 375//375 374//374 389//389
f 389//389 374//374 392//392
f 389//389 392//392 391//391
f 375//375 393//393 373//373
f 373//373 393//393 394//394
f 373//373 394//394 395//395
f 394//394 396//396 395//395
f 395//395 396//396 397//397
f 395//395 397//397 398//398
f 372//372 371//371 397//397
f 397//397 371//371 399//399
f 397//397 399//399 398//398
f 370//370 372//372 400//400
f 400//400 372//372 401//401
f 400//400 401//401 402//402
f 401//401 403//403 402//402
f 402//402 403//403 404//404
f 402//402 404//404 405//405
f 405//405 404//404 236//236
f 405//405 236//236 235//235
f 406//406 407//407 408//408
f 408//408 407//407 409//409
f 408//408 409//409 410//410
f 410//410 409//409 411//411
f 410//410 411//411 412//412
f 412//412 411//411 413//413
f 412//412 413//413 414//414
f 414//414 413//413 415//415
f 414//414 415//415 416//416
f 406//406 417//417 407//407
f 407//407 417//417 418//418
f 407//407 418//418 419//419
f 419//419 418//418 420//420
f 419//419 420//420 421//421
f 421//421 420//420 422//422
f 421//421 422//422 423//423
f 423//423 422//422 424//424
f 423//423 424//424 425//425
f 425//425 424//424 426//426
f 425//425 426//426 427//427
f 427//427 426//426 428//428
f 427//427 428//428 429//429
f 429//429 428//428 430//430
f 429//429 430//430 431//431
f 431//431 430//430 432//432
f 431//431 432//432 433//433
f 433//433 432//432 434//434
f 433//433 434//434 435//435
f 435//435 434//434 436//436
f 436//436 434//434 437//437
f 436//436 437//437 438//438
f 438//438 437//437 439//439
f 438//438 439//439 440//440
f 440//440 439//439 441//441
f 440//440 441//441 442//442
f 442//442 441//441 443//443
f 442//442 443//443 444//444
f 444//444 443//443 445//445
f 444//444 445//445 446//446
f 446//446 445//445 447//447
f 447//447 445//445 448//448
f 447//447 448//448 449//449
f 449//449 448//448 450//450
f 449//449 450//450 451//451
f 451//451 450//450 452//452
f 451//451 452//452 453//453
f 453//453 452//452 454//454
f 453//453 454//454 455//455
f 455//455 454//454 456//456
f 455//455 456//456 457//457
f 457//457 456//456 458//458
f 457//457 458//458 459//459
f 459//459 458//458 460//460
f 459//459 460//460 461//461
f 461//461 460//460 462//462
f 461//461 462//462 463//463
f 463//463 462//462 464//464
f 463//463 464//464 465//465
f 464//464 466//466 465//465
f 465//465 466//466 467//467
f 465//465 467//467 468//468
f 468//468 467//467 469//469
f 468//468 469//469 470//470
f 470//470 469//469 471//471
f 470//470 471//471 472//472
f 472//472 471//471 473//473
f 472//472 473//473 474//474
f 474//474 473//473 475//475
f 474//474 475//475 476//476
f 476//476 475//475 477//477
f 476//476 477//477 478//478
f 478//478 477//477 479//479
f 478//478 479//479 480//480
f 480//480 479//479 481//481
f 481//481 479//479 482//482
f 481//481 482//482 483//483
f 483//483 482//482 484//484
f 483//483 484//484 485//485
f 485//485 484//484 486//486
f 485//485 486//486 487//487
f 487//487 486//486 488//488
f 487//487 488//488 489//489
f 489//489 488//488 490//490
f 489//489 490//490 491//491
f 491//491 490//490 492//492
f 491//491 492//492 493//493
f 493//493 492//492 494//494
f 493//493 494//494 495//495
f 495//495 494//494 496//496
f 495//495 496//496 497//497
f 497//497 496//496 498//498
f 497//497 498//498 499//499
f 499//499 498//498 500//500
f 499//499 500//500 501//501
f 500//500 502//502 501//501
f 501//501 502//502 503//503
f 501//501 503//503 504//504
f 504//504 503//503 505//505
f 504//504 505//505 506//506
f 506//506 505//505 507//507
f 506//506 507//507 508//508
f 508//508 507//507 509//509
f 508//508 509//509 510//510
f 510//510 509//509 511//511
f 510//510 511//511 512//512
f 512//512 511//511 513//513
f 512//512 513//513 514//514
f 514//514 513//513 515//515
f 514//514 515//515 516//516
f 516//516 515//515 517//517
f 516//516 517//517 518//518
f 519//519 520//520 521//521
f 519//519 521//521 522//522
f 522//522 521//521 523//523
f 522//522 523//523 524//524
f 524//524 523//523 525//525
f 524//524 525//525 526//526
f 525//525 527//527 526//526
f 526//526 527//527 528//528
f 526//526 528//528 529//529
f 529//529 528//528 530//530
f 529//529 530//530 531//531
f 531//531 530//530 532//532
f 531//531 532//532 533//533
f 533//533 532//532 534//534
f 534//534 532//532 535//535
f 534//534 535//535 536//536
f 536//536 535//535 537//537
f 536//536 537//537 538//538
f 538//538 537//537 539//539
f 538//538 539//539 540//540
f 540//540 539//539 541//541
f 540//540 541//541 542//542
f 542//542 541//541 543//543
f 542//542 543//543 544//544
f 544//544 543//543 545//545
f 544//544 545//545 546//546
f 546//546 545//545 547//547
f 546//546 547//547 548//548
f 547//547 549//549 548//548
f 548//548 549//549 550//550
f 548//548 550//550 551//551
f 551//551 550//550 552//552
f 551//551 552//552 553//553
f 553//553 552//552 554//554
f 553//553 554//554 555//555
f 555//555 554//554 556//556
f 555//555 556//556 557//557
f 557//557 556//556 558//558
f 557//557 558//558 559//559
f 559//559 558//558 560//560
f 559//559 560//560 561//561
f 561//561 560//560 562//562
f 563//563 564//564 565//565
f 565//565 564//564 566//566
f 565//565 566//566 567//567
f 567//567 566//566 568//568
f 567//567 568//568 569//569
f 569//569 568//568 570//570
f 569//569 570//570 562//562
f 562//562 570//570 571//571
f 562//562 571//571 561//561
f 572//572 573//573 563//563
f 563//563 573//573 574//574
f 563//563 574//574 564//564
f 575//575 576//576 577//577
f 577//577 576//576 578//578
f 577//577 578//578 572//572
f 572//572 578//578 579//579
f 572//572 579//579 573//573
f 580//580 581//581 582//582
f 582//582 581//581 583//583
f 582//582 583//583 584//584
f 584//584 583//583 585//585
f 584//584 585//585 575//575
f 575//575 585//585 586//586
f 575//575 586//586 576//576
f 582//582 587//587 580//580
f 580//580 587//587 588//588
f 580//580 588//588 589//589
f 589//589 588//588 590//590
f 589//589 590//590 591//591
f 591//591 590//590 592//592
f 591//591 592//592 593//593
f 593//593 592//592 594//594
f 593//593 594//594 595//595
f 595//595 594//594 596//596
f 596//596 594//594 597//597
f 596//596 597//597 598//598
f 598//598 597//597 599//599
f 598//598 599//599 600//600
f 600//600 599//599 601//601
f 600//600 601//601 602//602
f 602//602 601//601 603//603
f 602//602 603//603 604//604
f 604//604 603//603 605//605
f 604//604 605//605 606//606
f 606//606 605//605 607//607
f 606//606 607//607 608//608
f 609//609 610//610 607//607
f 607//607 610//610 611//611
f 607//607 611//611 608//608
f 607//607 612//612 609//609
f 609//609 612//612 613//613
f 609//609 613//613 614//614
f 614//614 613//613 615//615
f 614//614 615//615 616//616
f 616//616 615//615 617//617
f 616//616 617//617 618//618
f 618//618 617//617 619//619
f 618//618 619//619 620//620
f 620//620 619//619 621//621
f 620//620 621//621 622//622
f 622//622 621//621 623//623
f 622//622 623//623 624//624
f 624//624 623//623 625//625
f 624//624 625//625 626//626
f 625//625 627//627 626//626
f 626//626 627//627 628//628
f 626//626 628//628 629//629
f 629//629 628//628 630//630
f 629//629 630//630 631//631
f 631//631 630//630 632//632
f 631//631 632//632 633//633
f 633//633 632//632 416//416
f 633//633 416//416 415//415
f 634//634 635//635 636//636
f 636//636 635//635 637//637
f 636//636 637//637 638//638
f 639//639 640//640 641//641
f 641//641 640//640 642//642
f 643//643 637//637 640//640
f 640//640 637//637 644//644
f 645//645 646//646 640//640
f 640//640 646//646 647//647
f 648//648 649//649 650//650
f 647//647 651//651 640//640
f 640//640 651//651 650//650
f 640//640 650//650 652//652
f 652//652 650//650 649//649
f 653//653 654//654 640//640
f 640//640 654//654 655//655
f 643//643 656//656 637//637
f 637//637 656//656 657//657
f 637//637 657//657 658//658
f 658//658 659//659 637//637
f 637//637 659//659 660//660
f 637//637 660//660 638//638
f 644//644 661//661 640//640
f 640//640 661//661 662//662
f 640//640 662//662 663//663
f 663//663 664//664 640//640
f 640//640 664//664 665//665
f 640//640 665//665 666//666
f 655//655 667//667 640//640
f 640//640 667//667 668//668
f 640//640 668//668 642//642
f 650//650 669//669 648//648
f 648//648 669//669 670//670
f 648//648 670//670 671//671
f 666//666 672//672 640//640
f 640//640 672//672 673//673
f 640//640 673//673 653//653
f 639//639 674//674 640//640
f 640//640 674//674 675//675
f 640//640 675//675 676//676
f 677//677 640//640 678//678
f 678//678 640//640 679//679
f 677//677 680//680 640//640
f 640//640 680//680 681//681
f 640//640 681//681 645//645
f 676//676 682//682 640//640
f 640//640 682//682 683//683
f 640//640 683//683 679//679
f 671//671 684//684 648//648
f 648//648 684//684 685//685
f 648//648 685//685 686//686
f 687//687 688//688 685//685
f 685//685 688//688 689//689
f 685//685 689//689 686//686
f 690//690 691//691 692//692
f 692//692 691//691 693//693
f 694//694 695//695 696//696
f 697//697 698//698 692//692
f 692//692 698//698 699//699
f 692//692 699//699 700//700
f 701//701 702//702 691//691
f 703//703 704//704 696//696
f 696//696 704//704 705//705
f 696//696 705//705 706//706
f 707//707 708//708 696//696
f 696//696 708//708 709//709
f 696//696 709//709 710//710
f 695//695 711//711 696//696
f 696//696 711//711 712//712
f 696//696 712//712 703//703
f 706//706 713//713 696//696
f 696//696 713//713 714//714
f 696//696 714//714 715//715
f 707//707 696//696 691//691
f 691//691 696//696 716//716
f 691//691 716//716 717//717
f 702//702 718//718 691//691
f 691//691 718//718 719//719
f 691//691 719//719 720//720
f 700//700 721//721 692//692
f 692//692 721//721 722//722
f 692//692 722//722 723//723
f 723//723 724//724 692//692
f 692//692 724//724 725//725
f 692//692 725//725 690//690
f 710//710 726//726 696//696
f 696//696 726//726 727//727
f 696//696 727//727 694//694
f 717//717 728//728 691//691
f 691//691 728//728 729//729
f 691//691 729//729 701//701
f 720//720 730//730 691//691
f 691//691 730//730 731//731
f 691//691 731//731 732//732
f 732//732 733//733 691//691
f 691//691 733//733 734//734
f 691//691 734//734 693//693
f 520//520 519//519 735//735
f 520//520 735//735 736//736
f 736//736 735//735 737//737
f 736//736 737//737 738//738
f 738//738 737//737 739//739
f 739//739 737//737 740//740
f 739//739 740//740 741//741
f 740//740 742//742 741//741
f 741//741 742//742 743//743
f 741//741 743//743 744//744
f 744//744 743//743 745//745
f 744//744 745//745 746//746
f 745//745 747//747 746//746
f 746//746 747//747 748//748
f 746//746 748//748 749//749
f 750//750 751//751 752//752
f 752//752 751//751 753//753
f 752//752 753//753 754//754
f 749//749 748//748 755//755
f 755//755 748//748 756//756
f 755//755 756//756 757//757
f 757//757 756//756 758//758
f 757//757 758//758 752//752
f 752//752 758//758 759//759
f 752//752 759//759 750//750
f 754//754 753//753 760//760
f 760//760 753//753 761//761
f 760//760 761//761 762//762
f 762//762 761//761 763//763
f 763//763 761//761 764//764
f 763//763 764//764 765//765
f 765//765 764//764 766//766
f 765//765 766//766 767//767
f 697//697 768//768 698//698
f 698//698 768//768 769//769
f 698//698 769//769 767//767
f 767//767 769//769 770//770
f 767//767 770//770 765//765
f 518//518 517//517 771//771
f 771//771 517//517 772//772
f 771//771 772//772 773//773
f 774//774 775//775 776//776
f 773//773 772//772 776//776
f 776//776 772//772 777//777
f 776//776 777//777 774//774
f 775//775 774//774 778//778
f 778//778 774//774 779//779
f 778//778 779//779 780//780
f 781//781 782//782 780//780
f 780//780 782//782 783//783
f 780//780 783//783 778//778
f 784//784 785//785 786//786
f 786//786 785//785 782//782
f 786//786 782//782 787//787
f 787//787 782//782 781//781
f 784//784 786//786 788//788
f 788//788 786//786 789//789
f 788//788 789//789 790//790
f 790//790 789//789 791//791
f 790//790 791//791 792//792
f 792//792 791//791 793//793
f 793//793 791//791 794//794
f 793//793 794//794 795//795
f 795//795 794//794 796//796
f 795//795 796//796 797//797
f 796//796 798//798 797//797
f 797//797 798//798 799//799
f 797//797 799//799 800//800
f 800//800 799//799 801//801
f 800//800 801//801 802//802
f 802//802 801//801 803//803
f 803//803 801//801 804//804
f 803//803 804//804 634//634
f 634//634 804//804 805//805
f 634//634 805//805 635//635
f 40//40 39//39 534//534
f 604//604 606//606 62//62
f 62//62 606//606 51//51
f 30//30 631//631 29//29
f 29//29 631//631 633//633
f 29//29 633//633 415//415
f 25//25 620//620 26//26
f 26//26 620//620 622//622
f 26//26 622//622 37//37
f 37//37 622//622 624//624
f 37//37 624//624 33//33
f 33//33 624//624 626//626
f 33//33 626//626 30//30
f 30//30 626//626 629//629
f 30//30 629//629 631//631
f 44//44 616//616 25//25
f 25//25 616//616 618//618
f 25//25 618//618 620//620
f 52//52 609//609 44//44
f 44//44 609//609 614//614
f 44//44 614//614 616//616
f 606//606 608//608 51//51
f 51//51 608//608 611//611
f 51//51 611//611 52//52
f 52//52 611//611 610//610
f 52//52 610//610 609//609
f 63//63 600//600 62//62
f 62//62 600//600 602//602
f 62//62 602//602 604//604
f 61//61 591//591 593//593
f 593//593 595//595 61//61
f 61//61 595//595 596//596
f 61//61 596//596 63//63
f 63//63 596//596 598//598
f 63//63 598//598 600//600
f 591//591 61//61 589//589
f 589//589 61//61 60//60
f 589//589 60//60 580//580
f 580//580 60//60 50//50
f 580//580 50//50 581//581
f 581//581 50//50 583//583
f 583//583 50//50 49//49
f 583//583 49//49 585//585
f 585//585 49//49 48//48
f 585//585 48//48 586//586
f 586//586 48//48 576//576
f 576//576 48//48 47//47
f 576//576 47//47 578//578
f 578//578 47//47 579//579
f 579//579 47//47 46//46
f 579//579 46//46 573//573
f 573//573 46//46 45//45
f 573//573 45//45 574//574
f 571//571 570//570 42//42
f 42//42 570//570 568//568
f 42//42 568//568 43//43
f 43//43 568//568 566//566
f 43//43 566//566 45//45
f 45//45 566//566 564//564
f 45//45 564//564 574//574
f 27//27 557//557 59//59
f 59//59 557//557 559//559
f 59//59 559//559 42//42
f 42//42 559//559 561//561
f 42//42 561//561 571//571
f 36//36 553//553 27//27
f 27//27 553//553 555//555
f 27//27 555//555 557//557
f 32//32 544//544 34//34
f 34//34 544//544 546//546
f 34//34 546//546 35//35
f 35//35 546//546 548//548
f 35//35 548//548 36//36
f 36//36 548//548 551//551
f 36//36 551//551 553//553
f 534//534 536//536 40//40
f 40//40 536//536 538//538
f 40//40 538//538 31//31
f 31//31 538//538 540//540
f 31//31 540//540 32//32
f 32//32 540//540 542//542
f 32//32 542//542 544//544
f 38//38 531//531 39//39
f 39//39 531//531 533//533
f 39//39 533//533 534//534
f 522//522 524//524 41//41
f 41//41 524//524 526//526
f 41//41 526//526 38//38
f 38//38 526//526 529//529
f 38//38 529//529 531//531
f 41//41 15//15 522//522
f 522//522 15//15 13//13
f 522//522 13//13 519//519
f 519//519 13//13 12//12
f 12//12 24//24 519//519
f 519//519 24//24 23//23
f 519//519 23//23 22//22
f 22//22 20//20 519//519
f 519//519 20//20 19//19
f 519//519 19//19 18//18
f 18//18 17//17 519//519
f 519//519 17//17 4//4
f 518//518 3//3 516//516
f 516//516 3//3 5//5
f 516//516 5//5 514//514
f 506//506 508//508 11//11
f 11//11 508//508 510//510
f 11//11 510//510 5//5
f 5//5 510//510 512//512
f 5//5 512//512 514//514
f 506//506 11//11 504//504
f 504//504 11//11 10//10
f 504//504 10//10 501//501
f 501//501 10//10 499//499
f 499//499 10//10 9//9
f 499//499 9//9 497//497
f 489//489 491//491 8//8
f 8//8 491//491 493//493
f 8//8 493//493 9//9
f 9//9 493//493 495//495
f 9//9 495//495 497//497
f 7//7 485//485 8//8
f 8//8 485//485 487//487
f 8//8 487//487 489//489
f 478//478 480//480 6//6
f 6//6 480//480 481//481
f 6//6 481//481 7//7
f 7//7 481//481 483//483
f 7//7 483//483 485//485
f 478//478 6//6 476//476
f 476//476 6//6 21//21
f 476//476 21//21 474//474
f 14//14 470//470 21//21
f 21//21 470//470 472//472
f 21//21 472//472 474//474
f 16//16 465//465 14//14
f 14//14 465//465 468//468
f 14//14 468//468 470//470
f 457//457 459//459 65//65
f 65//65 459//459 461//461
f 65//65 461//461 16//16
f 16//16 461//461 463//463
f 16//16 463//463 465//465
f 457//457 65//65 455//455
f 455//455 65//65 64//64
f 455//455 64//64 453//453
f 58//58 449//449 64//64
f 64//64 449//449 451//451
f 64//64 451//451 453//453
f 444//444 446//446 58//58
f 58//58 446//446 447//447
f 58//58 447//447 449//449
f 444//444 58//58 442//442
f 442//442 58//58 57//57
f 442//442 57//57 440//440
f 433//433 435//435 56//56
f 56//56 435//435 436//436
f 56//56 436//436 57//57
f 57//57 436//436 438//438
f 57//57 438//438 440//440
f 433//433 56//56 431//431
f 431//431 56//56 55//55
f 431//431 55//55 429//429
f 421//421 423//423 54//54
f 54//54 423//423 425//425
f 54//54 425//425 55//55
f 55//55 425//425 427//427
f 55//55 427//427 429//429
f 421//421 54//54 419//419
f 419//419 54//54 53//53
f 419//419 53//53 407//407
f 407//407 53//53 409//409
f 409//409 53//53 28//28
f 409//409 28//28 411//411
f 411//411 28//28 413//413
f 413//413 28//28 29//29
f 413//413 29//29 415//415
f 806//806 68//68 86//86
f 521//521 520//520 806//806
f 521//521 806//806 523//523
f 523//523 806//806 525//525
f 525//525 806//806 86//86
f 525//525 86//86 527//527
f 527//527 86//86 528//528
f 528//528 86//86 109//109
f 528//528 109//109 530//530
f 530//530 109//109 532//532
f 532//532 109//109 110//110
f 532//532 110//110 535//535
f 543//543 541//541 106//106
f 106//106 541//541 539//539
f 106//106 539//539 110//110
f 110//110 539//539 537//537
f 110//110 537//537 535//535
f 543//543 106//106 545//545
f 545//545 106//106 105//105
f 545//545 105//105 547//547
f 104//104 550//550 105//105
f 105//105 550//550 549//549
f 105//105 549//549 547//547
f 558//558 556//556 108//108
f 108//108 556//556 554//554
f 108//108 554//554 104//104
f 104//104 554//554 552//552
f 104//104 552//552 550//550
f 558//558 108//108 560//560
f 560//560 108//108 107//107
f 560//560 107//107 562//562
f 88//88 567//567 107//107
f 107//107 567//567 569//569
f 107//107 569//569 562//562
f 87//87 563//563 88//88
f 88//88 563//563 565//565
f 88//88 565//565 567//567
f 584//584 575//575 95//95
f 95//95 575//575 577//577
f 95//95 577//577 87//87
f 87//87 577//577 572//572
f 87//87 572//572 563//563
f 584//584 95//95 582//582
f 582//582 95//95 94//94
f 582//582 94//94 587//587
f 93//93 590//590 94//94
f 94//94 590//590 588//588
f 94//94 588//588 587//587
f 599//599 597//597 103//103
f 103//103 597//597 594//594
f 103//103 594//594 93//93
f 93//93 594//594 592//592
f 93//93 592//592 590//590
f 599//599 103//103 601//601
f 601//601 103//103 102//102
f 601//601 102//102 603//603
f 603//603 102//102 605//605
f 605//605 102//102 101//101
f 605//605 101//101 607//607
f 607//607 101//101 85//85
f 607//607 85//85 612//612
f 619//619 617//617 84//84
f 84//84 617//617 615//615
f 84//84 615//615 85//85
f 85//85 615//615 613//613
f 85//85 613//613 612//612
f 83//83 623//623 84//84
f 84//84 623//623 621//621
f 84//84 621//621 619//619
f 630//630 628//628 82//82
f 82//82 628//628 627//627
f 82//82 627//627 83//83
f 83//83 627//627 625//625
f 83//83 625//625 623//623
f 630//630 82//82 632//632
f 632//632 82//82 81//81
f 632//632 81//81 416//416
f 414//414 416//416 81//81
f 414//414 81//81 412//412
f 412//412 81//81 80//80
f 412//412 80//80 410//410
f 418//418 417//417 79//79
f 79//79 417//417 406//406
f 79//79 406//406 80//80
f 80//80 406//406 408//408
f 80//80 408//408 410//410
f 418//418 79//79 420//420
f 420//420 79//79 92//92
f 420//420 92//92 422//422
f 91//91 426//426 92//92
f 92//92 426//426 424//424
f 92//92 424//424 422//422
f 437//437 434//434 66//66
f 66//66 434//434 432//432
f 66//66 432//432 67//67
f 67//67 432//432 430//430
f 67//67 430//430 91//91
f 91//91 430//430 428//428
f 91//91 428//428 426//426
f 437//437 66//66 439//439
f 439//439 66//66 90//90
f 439//439 90//90 441//441
f 441//441 90//90 443//443
f 443//443 90//90 89//89
f 443//443 89//89 445//445
f 454//454 452//452 78//78
f 78//78 452//452 450//450
f 78//78 450//450 89//89
f 89//89 450//450 448//448
f 89//89 448//448 445//445
f 454//454 78//78 456//456
f 456//456 78//78 77//77
f 456//456 77//77 458//458
f 76//76 462//462 77//77
f 77//77 462//462 460//460
f 77//77 460//460 458//458
f 469//469 467//467 75//75
f 75//75 467//467 466//466
f 75//75 466//466 76//76
f 76//76 466//466 464//464
f 76//76 464//464 462//462
f 469//469 75//75 471//471
f 471//471 75//75 74//74
f 471//471 74//74 473//473
f 73//73 477//477 74//74
f 74//74 477//477 475//475
f 74//74 475//475 473//473
f 100//100 482//482 73//73
f 73//73 482//482 479//479
f 73//73 479//479 477//477
f 490//490 488//488 99//99
f 99//99 488//488 486//486
f 99//99 486//486 100//100
f 100//100 486//486 484//484
f 100//100 484//484 482//482
f 490//490 99//99 492//492
f 492//492 99//99 98//98
f 492//492 98//98 494//494
f 502//502 500//500 97//97
f 97//97 500//500 498//498
f 97//97 498//498 98//98
f 98//98 498//498 496//496
f 98//98 496//496 494//494
f 509//509 507//507 96//96
f 96//96 507//507 505//505
f 96//96 505//505 97//97
f 97//97 505//505 503//503
f 97//97 503//503 502//502
f 509//509 96//96 511//511
f 511//511 96//96 72//72
f 511//511 72//72 513//513
f 517//517 515//515 807//807
f 807//807 515//515 513//513
f 807//807 513//513 808//808
f 808//808 513//513 72//72
f 808//808 72//72 71//71
f 809//809 692//692 693//693
f 809//809 693//693 810//810
f 234//234 236//236 810//810
f 234//234 810//810 232//232
f 232//232 810//810 230//230
f 230//230 810//810 693//693
f 230//230 693//693 228//228
f 228//228 693//693 734//734
f 228//228 734//734 226//226
f 226//226 734//734 224//224
f 224//224 734//734 733//733
f 224//224 733//733 250//250
f 242//242 244//244 732//732
f 732//732 244//244 246//246
f 732//732 246//246 733//733
f 733//733 246//246 248//248
f 733//733 248//248 250//250
f 242//242 732//732 240//240
f 240//240 732//732 731//731
f 240//240 731//731 239//239
f 730//730 263//263 731//731
f 731//731 263//263 264//264
f 731//731 264//264 239//239
f 255//255 257//257 720//720
f 720//720 257//257 259//259
f 720//720 259//259 730//730
f 730//730 259//259 261//261
f 730//730 261//261 263//263
f 255//255 720//720 253//253
f 253//253 720//720 719//719
f 253//253 719//719 273//273
f 718//718 269//269 719//719
f 719//719 269//269 271//271
f 719//719 271//271 273//273
f 702//702 265//265 718//718
f 718//718 265//265 267//267
f 718//718 267//267 269//269
f 289//289 291//291 701//701
f 701//701 291//291 293//293
f 701//701 293//293 702//702
f 702//702 293//293 295//295
f 702//702 295//295 265//265
f 289//289 701//701 287//287
f 287//287 701//701 729//729
f 287//287 729//729 285//285
f 728//728 281//281 729//729
f 729//729 281//281 283//283
f 729//729 283//283 285//285
f 301//301 299//299 717//717
f 717//717 299//299 276//276
f 717//717 276//276 728//728
f 728//728 276//276 279//279
f 728//728 279//279 281//281
f 301//301 717//717 303//303
f 303//303 717//717 716//716
f 303//303 716//716 305//305
f 305//305 716//716 307//307
f 307//307 716//716 696//696
f 307//307 696//696 310//310
f 310//310 696//696 715//715
f 310//310 715//715 312//312
f 319//319 318//318 714//714
f 714//714 318//318 316//316
f 714//714 316//316 715//715
f 715//715 316//316 314//314
f 715//715 314//314 312//312
f 713//713 323//323 714//714
f 714//714 323//323 321//321
f 714//714 321//321 319//319
f 331//331 329//329 706//706
f 706//706 329//329 327//327
f 706//706 327//327 713//713
f 713//713 327//327 325//325
f 713//713 325//325 323//323
f 331//331 706//706 333//333
f 333//333 706//706 705//705
f 333//333 705//705 112//112
f 113//113 112//112 705//705
f 113//113 705//705 140//140
f 140//140 705//705 139//139
f 139//139 705//705 704//704
f 139//139 704//704 137//137
f 703//703 133//133 704//704
f 704//704 133//133 135//135
f 704//704 135//135 137//137
f 125//125 127//127 712//712
f 712//712 127//127 129//129
f 712//712 129//129 703//703
f 703//703 129//129 131//131
f 703//703 131//131 133//133
f 125//125 712//712 123//123
f 123//123 712//712 711//711
f 123//123 711//711 121//121
f 121//121 711//711 119//119
f 119//119 711//711 695//695
f 119//119 695//695 117//117
f 117//117 695//695 694//694
f 117//117 694//694 115//115
f 727//727 147//147 694//694
f 694//694 147//147 149//149
f 694//694 149//149 115//115
f 169//169 141//141 726//726
f 726//726 141//141 143//143
f 726//726 143//143 727//727
f 727//727 143//143 145//145
f 727//727 145//145 147//147
f 169//169 726//726 167//167
f 167//167 726//726 710//710
f 167//167 710//710 165//165
f 157//157 159//159 709//709
f 709//709 159//159 161//161
f 709//709 161//161 710//710
f 710//710 161//161 163//163
f 710//710 163//163 165//165
f 157//157 709//709 155//155
f 155//155 709//709 708//708
f 155//155 708//708 154//154
f 154//154 708//708 185//185
f 185//185 708//708 707//707
f 185//185 707//707 184//184
f 176//176 178//178 691//691
f 691//691 178//178 180//180
f 691//691 180//180 707//707
f 707//707 180//180 182//182
f 707//707 182//182 184//184
f 176//176 691//691 174//174
f 174//174 691//691 690//690
f 174//174 690//690 172//172
f 172//172 690//690 197//197
f 197//197 690//690 725//725
f 197//197 725//725 195//195
f 195//195 725//725 193//193
f 193//193 725//725 724//724
f 193//193 724//724 191//191
f 201//201 200//200 723//723
f 723//723 200//200 188//188
f 723//723 188//188 724//724
f 724//724 188//188 189//189
f 724//724 189//189 191//191
f 201//201 723//723 203//203
f 203//203 723//723 722//722
f 203//203 722//722 205//205
f 214//214 212//212 721//721
f 721//721 212//212 210//210
f 721//721 210//210 722//722
f 722//722 210//210 208//208
f 722//722 208//208 205//205
f 214//214 721//721 216//216
f 216//216 721//721 700//700
f 216//216 700//700 218//218
f 222//222 220//220 811//811
f 811//811 220//220 218//218
f 811//811 218//218 812//812
f 812//812 218//218 700//700
f 812//812 700//700 699//699
f 204//204 206//206 659//659
f 221//221 223//223 636//636
f 221//221 636//636 219//219
f 219//219 636//636 638//638
f 219//219 638//638 217//217
f 660//660 213//213 638//638
f 638//638 213//213 215//215
f 638//638 215//215 217//217
f 206//206 207//207 659//659
f 659//659 207//207 209//209
f 659//659 209//209 660//660
f 660//660 209//209 211//211
f 660//660 211//211 213//213
f 204//204 659//659 202//202
f 202//202 659//659 658//658
f 202//202 658//658 186//186
f 186//186 658//658 187//187
f 187//187 658//658 657//657
f 187//187 657//657 190//190
f 656//656 194//194 657//657
f 657//657 194//194 192//192
f 657//657 192//192 190//190
f 173//173 199//199 643//643
f 643//643 199//199 198//198
f 643//643 198//198 656//656
f 656//656 198//198 196//196
f 656//656 196//196 194//194
f 173//173 643//643 175//175
f 175//175 643//643 640//640
f 175//175 640//640 177//177
f 652//652 181//181 640//640
f 640//640 181//181 179//179
f 640//640 179//179 177//177
f 649//649 152//152 652//652
f 652//652 152//152 183//183
f 652//652 183//183 181//181
f 160//160 158//158 648//648
f 648//648 158//158 156//156
f 648//648 156//156 649//649
f 649//649 156//156 153//153
f 649//649 153//153 152//152
f 160//160 648//648 162//162
f 162//162 648//648 686//686
f 162//162 686//686 164//164
f 171//171 170//170 689//689
f 689//689 170//170 168//168
f 689//689 168//168 686//686
f 686//686 168//168 166//166
f 686//686 166//166 164//164
f 148//148 146//146 688//688
f 688//688 146//146 144//144
f 688//688 144//144 689//689
f 689//689 144//144 142//142
f 689//689 142//142 171//171
f 148//148 688//688 150//150
f 150//150 688//688 687//687
f 150//150 687//687 151//151
f 122//122 120//120 685//685
f 685//685 120//120 118//118
f 685//685 118//118 687//687
f 687//687 118//118 116//116
f 687//687 116//116 151//151
f 122//122 685//685 124//124
f 124//124 685//685 684//684
f 124//124 684//684 126//126
f 671//671 130//130 684//684
f 684//684 130//130 128//128
f 684//684 128//128 126//126
f 138//138 136//136 670//670
f 670//670 136//136 134//134
f 670//670 134//134 671//671
f 671//671 134//134 132//132
f 671//671 132//132 130//130
f 138//138 670//670 114//114
f 114//114 670//670 669//669
f 114//114 669//669 111//111
f 637//637 235//235 233//233
f 664//664 663//663 252//252
f 637//637 233//233 644//644
f 644//644 233//233 231//231
f 644//644 231//231 661//661
f 661//661 231//231 229//229
f 661//661 229//229 662//662
f 662//662 229//229 227//227
f 662//662 227//227 663//663
f 663//663 227//227 225//225
f 663//663 225//225 252//252
f 245//245 666//666 247//247
f 247//247 666//666 665//665
f 247//247 665//665 249//249
f 249//249 665//665 664//664
f 249//249 664//664 251//251
f 251//251 664//664 252//252
f 245//245 243//243 666//666
f 666//666 243//243 241//241
f 666//666 241//241 672//672
f 672//672 241//241 238//238
f 672//672 238//238 673//673
f 673//673 238//238 237//237
f 673//673 237//237 653//653
f 237//237 262//262 653//653
f 653//653 262//262 260//260
f 653//653 260//260 654//654
f 260//260 258//258 654//654
f 654//654 258//258 256//256
f 654//654 256//256 655//655
f 655//655 256//256 254//254
f 655//655 254//254 667//667
f 667//667 254//254 275//275
f 667//667 275//275 274//274
f 642//642 297//297 641//641
f 641//641 297//297 296//296
f 641//641 296//296 639//639
f 274//274 272//272 667//667
f 667//667 272//272 270//270
f 667//667 270//270 668//668
f 668//668 270//270 268//268
f 668//668 268//268 642//642
f 642//642 268//268 266//266
f 642//642 266//266 297//297
f 296//296 294//294 639//639
f 639//639 294//294 292//292
f 639//639 292//292 674//674
f 674//674 292//292 290//290
f 674//674 290//290 675//675
f 675//675 290//290 288//288
f 675//675 288//288 676//676
f 676//676 288//288 286//286
f 286//286 284//284 676//676
f 676//676 284//284 282//282
f 676//676 282//282 682//682
f 277//277 683//683 278//278
f 278//278 683//683 682//682
f 278//278 682//682 280//280
f 280//280 682//682 282//282
f 304//304 678//678 679//679
f 277//277 298//298 683//683
f 683//683 298//298 300//300
f 683//683 300//300 679//679
f 679//679 300//300 302//302
f 679//679 302//302 304//304
f 304//304 306//306 678//678
f 678//678 306//306 308//308
f 678//678 308//308 677//677
f 677//677 308//308 309//309
f 677//677 309//309 680//680
f 309//309 311//311 680//680
f 680//680 311//311 313//313
f 680//680 313//313 681//681
f 681//681 313//313 315//315
f 681//681 315//315 645//645
f 315//315 317//317 645//645
f 645//645 317//317 320//320
f 645//645 320//320 646//646
f 646//646 320//320 322//322
f 646//646 322//322 647//647
f 322//322 324//324 647//647
f 647//647 324//324 326//326
f 647//647 326//326 651//651
f 651//651 326//326 328//328
f 651//651 328//328 650//650
f 328//328 330//330 650//650
f 650//650 330//330 332//332
f 650//650 332//332 669//669
f 669//669 332//332 334//334
f 669//669 334//334 111//111
f 70//70 381//381 813//813
f 235//235 814//814 405//405
f 637//637 635//635 815//815
f 815//815 635//635 805//805
f 815//815 805//805 816//816
f 405//405 814//814 402//402
f 402//402 814//814 817//817
f 402//402 817//817 400//400
f 818//818 371//371 817//817
f 817//817 371//371 370//370
f 817//817 370//370 400//400
f 819//819 395//395 820//820
f 820//820 395//395 398//398
f 820//820 398//398 818//818
f 818//818 398//398 399//399
f 818//818 399//399 371//371
f 392//392 374//374 819//819
f 819//819 374//374 373//373
f 819//819 373//373 395//395
f 392//392 819//819 391//391
f 391//391 819//819 821//821
f 391//391 821//821 390//390
f 381//381 379//379 813//813
f 813//813 379//379 384//384
f 813//813 384//384 822//822
f 822//822 384//384 385//385
f 822//822 385//385 821//821
f 821//821 385//385 388//388
f 821//821 388//388 390//390
f 823//823 807//807 808//808
f 517//517 807//807 772//772
f 772//772 807//807 823//823
f 772//772 823//823 777//777
f 824//824 780//780 779//779
f 824//824 779//779 823//823
f 823//823 779//779 774//774
f 823//823 774//774 777//777
f 780//780 824//824 781//781
f 781//781 824//824 825//825
f 781//781 825//825 787//787
f 826//826 789//789 825//825
f 825//825 789//789 786//786
f 825//825 786//786 787//787
f 827//827 794//794 826//826
f 826//826 794//794 791//791
f 826//826 791//791 789//789
f 828//828 798//798 827//827
f 827//827 798//798 796//796
f 827//827 796//796 794//794
f 805//805 804//804 816//816
f 816//816 804//804 801//801
f 816//816 801//801 828//828
f 828//828 801//801 799//799
f 828//828 799//799 798//798
f 71//71 70//70 808//808
f 808//808 70//70 813//813
f 808//808 813//813 823//823
f 823//823 813//813 822//822
f 823//823 822//822 824//824
f 824//824 822//822 821//821
f 824//824 821//821 825//825
f 825//825 821//821 819//819
f 825//825 819//819 826//826
f 826//826 819//819 820//820
f 826//826 820//820 827//827
f 827//827 820//820 818//818
f 827//827 818//818 828//828
f 828//828 818//818 817//817
f 828//828 817//817 816//816
f 816//816 817//817 814//814
f 816//816 814//814 815//815
f 815//815 814//814 235//235
f 815//815 235//235 637//637
f 68//68 829//829 69//69
f 520//520 830//830 806//806
f 692//692 809//809 697//697
f 697//697 809//809 831//831
f 697//697 831//831 768//768
f 768//768 831//831 769//769
f 832//832 760//760 762//762
f 832//832 762//762 833//833
f 762//762 763//763 833//833
f 833//833 763//763 765//765
f 833//833 765//765 831//831
f 831//831 765//765 770//770
f 831//831 770//770 769//769
f 834//834 749//749 755//755
f 834//834 755//755 835//835
f 755//755 757//757 835//835
f 835//835 757//757 752//752
f 835//835 752//752 832//832
f 832//832 752//752 754//754
f 832//832 754//754 760//760
f 749//749 834//834 746//746
f 746//746 834//834 836//836
f 746//746 836//836 744//744
f 837//837 738//738 739//739
f 837//837 739//739 836//836
f 836//836 739//739 741//741
f 836//836 741//741 744//744
f 830//830 520//520 837//837
f 837//837 520//520 736//736
f 837//837 736//736 738//738
f 69//69 829//829 376//376
f 376//376 829//829 838//838
f 376//376 838//838 380//380
f 383//383 382//382 839//839
f 839//839 382//382 378//378
f 839//839 378//378 838//838
f 838//838 378//378 377//377
f 838//838 377//377 380//380
f 383//383 839//839 386//386
f 386//386 839//839 840//840
f 386//386 840//840 387//387
f 387//387 840//840 389//389
f 389//389 840//840 841//841
f 389//389 841//841 375//375
f 397//397 396//396 842//842
f 842//842 396//396 394//394
f 842//842 394//394 841//841
f 841//841 394//394 393//393
f 841//841 393//393 375//375
f 397//397 842//842 372//372
f 372//372 842//842 843//843
f 372//372 843//843 401//401
f 401//401 843//843 844//844
f 401//401 844//844 403//403
f 403//403 844//844 845//845
f 403//403 845//845 404//404
f 404//404 845//845 810//810
f 404//404 810//810 236//236
f 68//68 806//806 829//829
f 829//829 806//806 830//830
f 829//829 830//830 838//838
f 838//838 830//830 837//837
f 838//838 837//837 839//839
f 839//839 837//837 836//836
f 839//839 836//836 840//840
f 840//840 836//836 834//834
f 840//840 834//834 841//841
f 841//841 834//834 835//835
f 841//841 835//835 842//842
f 842//842 835//835 832//832
f 842//842 832//832 843//843
f 843//843 832//832 833//833
f 843//843 833//833 844//844
f 844//844 833//833 831//831
f 844//844 831//831 845//845
f 845//845 831//831 809//809
f 845//845 809//809 810//810
f 519//519 846//846 735//735
f 4//4 2//2 847//847
f 847//847 2//2 369//369
f 847//847 369//369 848//848
f 735//735 846//846 737//737
f 737//737 846//846 849//849
f 737//737 849//849 740//740
f 850//850 743//743 849//849
f 849//849 743//743 742//742
f 849//849 742//742 740//740
f 851//851 748//748 852//852
f 852//852 748//748 747//747
f 852//852 747//747 850//850
f 850//850 747//747 745//745
f 850//850 745//745 743//743
f 759//759 758//758 851//851
f 851//851 758//758 756//756
f 851//851 756//756 748//748
f 759//759 851//851 750//750
f 750//750 851//851 853//853
f 750//750 853//853 751//751
f 854//854 761//761 853//853
f 853//853 761//761 753//753
f 853//853 753//753 751//751
f 698//698 767//767 855//855
f 855//855 767//767 766//766
f 855//855 766//766 854//854
f 854//854 766//766 764//764
f 854//854 764//764 761//761
f 856//856 811//811 812//812
f 222//222 811//811 339//339
f 339//339 811//811 856//856
f 339//339 856//856 341//341
f 341//341 856//856 343//343
f 343//343 856//856 857//857
f 343//343 857//857 346//346
f 346//346 857//857 349//349
f 349//349 857//857 858//858
f 349//349 858//858 335//335
f 859//859 350//350 352//352
f 859//859 352//352 858//858
f 858//858 352//352 336//336
f 858//858 336//336 335//335
f 350//350 859//859 355//355
f 355//355 859//859 860//860
f 355//355 860//860 358//358
f 861//861 362//362 860//860
f 860//860 362//362 361//361
f 860//860 361//361 358//358
f 369//369 368//368 848//848
f 848//848 368//368 366//366
f 848//848 366//366 861//861
f 861//861 366//366 364//364
f 861//861 364//364 362//362
f 699//699 698//698 812//812
f 812//812 698//698 855//855
f 812//812 855//855 856//856
f 856//856 855//855 854//854
f 856//856 854//854 857//857
f 857//857 854//854 853//853
f 857//857 853//853 858//858
f 858//858 853//853 851//851
f 858//858 851//851 859//859
f 859//859 851//851 852//852
f 859//859 852//852 860//860
f 860//860 852//852 850//850
f 860//860 850//850 861//861
f 861//861 850//850 849//849
f 861//861 849//849 848//848
f 848//848 849//849 846//846
f 848//848 846//846 847//847
f 847//847 846//846 519//519
f 847//847 519//519 4//4
f 636//636 223//223 634//634
f 634//634 223//223 338//338
f 634//634 338//338 803//803
f 803//803 338//338 340//340
f 803//803 340//340 802//802
f 340//340 342//342 802//802
f 802//802 342//342 348//348
f 802//802 348//348 800//800
f 800//800 348//348 347//347
f 800//800 347//347 797//797
f 797//797 347//347 345//345
f 797//797 345//345 795//795
f 792//792 793//793 337//337
f 337//337 793//793 795//795
f 337//337 795//795 344//344
f 344//344 795//795 345//345
f 792//792 337//337 790//790
f 790//790 337//337 354//354
f 790//790 354//354 788//788
f 788//788 354//354 353//353
f 788//788 353//353 784//784
f 784//784 353//353 351//351
f 784//784 351//351 785//785
f 785//785 351//351 357//357
f 785//785 357//357 782//782
f 357//357 356//356 782//782
f 782//782 356//356 360//360
f 782//782 360//360 783//783
f 783//783 360//360 778//778
f 778//778 360//360 359//359
f 778//778 359//359 775//775
f 775//775 359//359 363//363
f 775//775 363//363 776//776
f 776//776 363//363 365//365
f 776//776 365//365 773//773
f 365//365 367//367 773//773
f 773//773 367//367 1//1
f 773//773 1//1 771//771
f 771//771 1//1 3//3
f 771//771 3//3 518//518

