# https://github.com/mikedh/trimesh

o left_elbow_link.STL
v 0.02116602 0.01967841 0.04140009
v 0.02147337 0.01978409 0.04069616
v 0.02166560 0.00527909 0.03882265
v 0.01856752 -0.03998738 0.04421177
v 0.01834694 -0.04001917 0.04446116
v 0.01788235 -0.02913015 0.04491183
v 0.01763044 -0.04011988 0.04515635
v 0.01710846 -0.04019120 0.04556927
v 0.01651713 -0.03018893 0.04594238
v 0.01597015 -0.04034312 0.04625509
v 0.01536216 -0.04042419 0.04652307
v 0.01518386 -0.03108730 0.04658023
v 0.01501453 -0.03119269 0.04664075
v 0.01175990 -0.03288446 0.04714666
v 0.01353269 -0.03203851 0.04701096
v 0.01175967 -0.04093855 0.04715196
v 0.01352701 -0.04068120 0.04701668
v 0.01517997 -0.04044874 0.04659203
v 0.01655380 -0.04026560 0.04593658
v 0.01787816 -0.04008545 0.04493425
v 0.01905935 -0.02808593 0.04357537
v 0.01917562 -0.03989694 0.04341882
v 0.01898186 -0.03992633 0.04368982
v 0.01983116 -0.02732418 0.04236012
v 0.02070532 -0.02637533 0.04046502
v 0.02090743 -0.03956474 0.03982392
v 0.02043877 -0.03967376 0.04107305
v 0.02016742 -0.03972830 0.04168207
v 0.01953772 -0.03983962 0.04285908
v 0.02101935 -0.00991088 0.04000000
v 0.02173754 -0.03927702 0.03659901
v 0.02096022 -0.01495920 0.04000000
v 0.02160364 -0.03933752 0.03725150
v 0.02087632 -0.02617776 0.04000000
v 0.02129067 -0.03945357 0.03854724
v 0.02110870 -0.03950961 0.03918843
v 0.02271135 -0.03630302 0.01844051
v 0.02270311 -0.03744549 0.02339955
v 0.02265099 -0.00826349 0.02922530
v 0.02266426 -0.03793124 0.02603032
v 0.02240533 -0.00902598 0.03315885
v 0.02241677 -0.03870698 0.03132221
v 0.02215194 -0.03901316 0.03396752
v 0.02187599 0.01997814 0.03955831
v 0.02222320 0.02023444 0.03824219
v 0.02259218 0.02076631 0.03590258
v 0.02271012 0.02141982 0.03345607
v 0.02271021 -0.03590540 0.01699795
v 0.02186250 -0.00957832 0.03690362
v 0.02204436 -0.03909737 0.03476938
v 0.02130799 0.00582744 0.04000000
v 0.02055319 0.00671537 0.04181185
v 0.02037630 0.01950531 0.04281193
v 0.01832300 0.01938303 0.04507209
v 0.01870352 0.01938356 0.04475445
v 0.01947241 0.00785421 0.04356271
v 0.01929281 0.01940087 0.04418500
v 0.02034222 0.01950011 0.04286340
v 0.01830158 0.00894099 0.04484117
v 0.01693553 0.01004805 0.04584338
v 0.01686504 0.01943799 0.04600715
v 0.01685289 0.01011008 0.04589146
v 0.01659697 0.01029879 0.04603261
v 0.01563286 0.01953540 0.04653042
v 0.01499300 0.01137368 0.04668796
v 0.01374971 0.01974447 0.04698738
v 0.01319569 0.01238036 0.04705347
v 0.01176105 0.01305169 0.04713301
v 0.01176120 0.02001979 0.04713103
v 0.02116926 -0.00060024 0.04000000
v 0.01176213 -0.04293123 0.06894290
v 0.01406230 -0.04248785 0.06894252
v 0.01087105 -0.04004844 0.07094080
v 0.01394074 -0.03891826 0.07094049
v 0.01693462 -0.04162990 0.06894319
v 0.01787089 -0.04126877 0.06894296
v 0.01685507 -0.03748206 0.07094008
v 0.01976444 -0.04040091 0.06894244
v 0.01947235 -0.03583954 0.07093959
v 0.02226172 -0.03893532 0.06894192
v 0.02052529 -0.03506977 0.07093938
v 0.02317567 -0.03829279 0.06894172
v 0.02205133 -0.03382561 0.07093904
v 0.02458679 -0.03716935 0.06894138
v 0.02520056 -0.03662490 0.06894118
v 0.02338528 -0.03259499 0.07093867
v 0.02723411 -0.03453028 0.06894023
v 0.02438645 -0.03156877 0.07093838
v 0.02851989 -0.03291963 0.06893954
v 0.02637755 -0.02920529 0.07093771
v 0.02902883 -0.03220390 0.06893930
v 0.03058350 -0.02965343 0.06893825
v 0.02822072 -0.02649568 0.07093693
v 0.03111823 -0.02861037 0.06893785
v 0.03192851 -0.02679622 0.06893724
v 0.02975576 -0.02363081 0.07093610
v 0.03264746 -0.02484834 0.06893664
v 0.03298074 -0.02378335 0.06893625
v 0.03098252 -0.02061999 0.07093524
v 0.03374468 -0.02062683 0.06893522
v 0.03124462 -0.01983191 0.07093502
v 0.00788873 0.02413918 0.06719090
v 0.00863580 0.02328841 0.06782719
v 0.00786425 0.02410407 0.05075326
v 0.00859446 0.02331973 0.05002249
v 0.00884809 0.02312009 0.04984744
v 0.00885407 0.02307191 0.06798271
v 0.00984444 0.02255098 0.04939299
v 0.01176205 0.02137901 0.06892321
v 0.01176179 0.02158417 0.06259278
v 0.01067695 0.02177036 0.06880051
v 0.01176167 0.02179725 0.05600038
v 0.00926705 0.02269960 0.06824148
v 0.01036806 0.02193127 0.06871855
v 0.01024336 0.02239230 0.04928601
v 0.01054341 0.02229242 0.04922663
v 0.01152560 0.02205884 0.04913354
v 0.01176183 0.02202038 0.04913072
v 0.00773315 0.02429582 0.06707079
v 0.00754127 0.02441778 0.06697676
v 0.00705738 0.02451476 0.05115482
v 0.00710203 0.02451917 0.06689692
v 0.00730734 0.02448282 0.05112311
v 0.00719166 0.02451509 0.06690019
v 0.00752900 0.02439622 0.05103747
v 0.00745624 0.02445443 0.06694820
v 0.00441107 0.02451911 0.06689686
v 0.00438875 0.02451459 0.05115498
v 0.00172011 0.02451911 0.06689695
v 0.00172012 0.02451458 0.05115487
v -0.00356883 0.02451920 0.06689698
v -0.00348006 0.02451468 0.05115487
v 0.02271018 -0.01448442 0.02037649
v 0.02271019 -0.01909680 0.01613420
v 0.02271018 -0.00896194 0.02333846
v 0.02271018 -0.00287635 0.02483398
v 0.02271019 -0.02496559 -0.00131133
v 0.02271019 -0.02866260 -0.00822908
v 0.02271019 -0.02450736 0.00493855
v 0.02271019 -0.02250925 0.01087814
v 0.02271019 0.01490327 0.02007218
v 0.02271019 0.00944330 0.02314788
v 0.02271019 0.00338998 0.02476910
v 0.02271019 -0.02385513 -0.00747883
v 0.02271018 -0.02333846 -0.00896195
v 0.02271019 -0.02611283 -0.01440078
v 0.02271019 -0.02124577 -0.01317639
v 0.02271018 -0.02225365 -0.01985037
v 0.02271018 -0.01730146 -0.01804604
v 0.02271018 -0.01727858 -0.02430458
v 0.02271018 -0.01227003 -0.02178179
v 0.02271018 -0.01143708 -0.02754007
v 0.02271018 -0.00502209 -0.02939458
v 0.02271018 -0.00646764 -0.02414891
v 0.02271019 0.00164473 -0.02977511
v 0.02271019 -0.00025886 -0.02499866
v 0.02271019 0.00822908 -0.02866259
v 0.02271019 0.00596619 -0.02427766
v 0.02271019 0.01440078 -0.02611282
v 0.02271019 0.01181636 -0.02203120
v 0.02271019 0.01985038 -0.02225365
v 0.02271019 0.01692406 -0.01840044
v 0.02271019 0.02430459 -0.01727857
v 0.02271018 0.02096836 -0.01361351
v 0.02271018 0.02754006 -0.01143708
v 0.02271018 0.02369515 -0.00797120
v 0.02271018 0.02939457 -0.00502209
v 0.02271018 0.02493308 -0.00182803
v 0.02271019 0.02977511 0.00164473
v 0.02271019 0.02460437 0.00443000
v 0.02271019 0.02866260 0.00822907
v 0.02271019 0.02272968 0.01040969
v 0.02271019 0.01942680 0.01573530
v 0.01586292 -0.04231514 0.04863697
v 0.01387554 -0.04261962 0.04902680
v 0.01176216 -0.04293722 0.04915058
v 0.01703467 -0.04212955 0.04824362
v 0.01870207 -0.04184993 0.04740353
v 0.02002325 -0.04160668 0.04642114
v 0.02067648 -0.04147523 0.04579365
v 0.02134914 -0.04132844 0.04501764
v 0.02224472 -0.04110561 0.04371719
v 0.02332522 -0.04076382 0.04154002
v 0.02417790 -0.04037978 0.03898528
v 0.02435216 -0.04027779 0.03830643
v 0.02498760 -0.03976116 0.03496380
v 0.02544199 -0.03901365 0.03056603
v 0.02571061 -0.03590537 0.01699767
v 0.02570532 -0.03712181 0.02158431
v 0.02559108 -0.03847635 0.02773036
v 0.02276509 -0.03590539 0.01699794
v 0.02420988 -0.03590544 0.01699814
v 0.01092818 0.01912634 0.07092379
v 0.01191048 0.01880247 0.07092388
v 0.01523196 0.02042163 0.06892598
v 0.01486739 0.01759828 0.07092424
v 0.01847020 0.01926010 0.06892927
v 0.01770431 0.01608428 0.07092468
v 0.02057930 0.01831161 0.06893103
v 0.02033235 0.01431200 0.07092518
v 0.02302286 0.01695048 0.06893282
v 0.02524459 0.01537294 0.06893347
v 0.02356149 0.01151663 0.07092599
v 0.02650156 0.01428158 0.06893332
v 0.02700390 0.01379396 0.06893322
v 0.02500876 0.00997621 0.07092644
v 0.02879352 0.01174531 0.06893259
v 0.02603758 0.00874008 0.07092679
v 0.03031594 0.00946486 0.06893116
v 0.02816313 0.00568611 0.07092767
v 0.03144570 0.00726394 0.06893015
v 0.02869827 0.00477471 0.07092793
v 0.03260875 0.00422647 0.06892914
v 0.02990721 0.00239950 0.07092861
v 0.03351684 0.00083055 0.06892917
v 0.03124453 -0.00107204 0.07092962
v 0.03374459 -0.00027827 0.06892937
v 0.03233292 -0.00570598 0.07093094
v 0.03438666 -0.00452331 0.06893057
v 0.03459221 -0.00683360 0.06893124
v 0.03269922 -0.01045202 0.07093231
v 0.03470968 -0.01112556 0.06893261
v 0.03461594 -0.01370009 0.06893323
v 0.03233294 -0.01519809 0.07093367
v 0.03447103 -0.01556280 0.06893374
v 0.03418662 -0.01797225 0.06893449
v 0.03266139 0.00410941 0.06203997
v 0.03117781 0.00797853 0.06212166
v 0.03374457 -0.00028024 0.06195928
v 0.02685907 0.01424955 0.06228517
v 0.02925625 0.01135070 0.06220363
v 0.02394867 0.01669869 0.06236557
v 0.02048739 0.01872175 0.06244411
v 0.01643763 0.02034233 0.06252008
v 0.03374482 -0.02063325 0.04714261
v 0.03458010 -0.01425388 0.04714078
v 0.03471390 -0.01045888 0.04713969
v 0.03458009 -0.00666383 0.04713860
v 0.03374466 -0.00028450 0.04713676
v 0.00662264 0.02223134 0.06895577
v 0.00172011 0.02341986 0.06800568
v 0.00782908 0.01991818 0.07092356
v 0.00480481 0.02037253 0.07092343
v 0.00172011 0.02052647 0.07092337
v 0.01084879 -0.03325500 0.04714622
v -0.00302411 0.02015416 0.04713086
v -0.00160365 0.02034084 0.04713080
v -0.00133836 0.01487481 0.04713238
v 0.00172013 0.02051963 0.04713076
v 0.00507011 0.01488050 0.04713238
v 0.00579939 0.02048612 0.04713076
v 0.01126948 0.01325682 0.04713285
v -0.02490807 0.00537163 0.04713509
v -0.02092714 0.01067799 0.04713357
v -0.01311213 0.01008383 0.04713374
v -0.01590773 0.01501512 0.04713233
v -0.00753483 0.01324011 0.04713283
v -0.00763937 -0.03302957 0.04714614
v -0.01590762 -0.03593308 0.04714697
v -0.01311205 -0.02991617 0.04714524
v -0.02092706 -0.03159597 0.04714572
v -0.00302413 -0.04107205 0.04714846
v -0.00156239 -0.03467691 0.04714663
v -0.00149524 -0.04127024 0.04714853
v 0.00473345 -0.03475367 0.04714666
v 0.00172026 -0.04143753 0.04714858
v 0.01133745 -0.04099821 0.04714846
v 0.00772408 -0.04133065 0.04714856
v 0.00472266 -0.04142415 0.04714857
v -0.01007999 0.01818416 0.04713142
v -0.00796723 0.01896597 0.04713121
v -0.00485197 0.01981445 0.04713095
v -0.02490801 -0.02628963 0.04714419
v -0.02766794 -0.02025738 0.04714245
v -0.02908030 -0.01377583 0.04714059
v -0.00474968 -0.04075437 0.04714838
v -0.00796711 -0.03988390 0.04714813
v -0.01007987 -0.03910210 0.04714789
v -0.02908031 -0.00714218 0.04713868
v -0.02766798 -0.00066063 0.04713683
v 0.00232564 0.01933063 0.07092372
v -0.00443085 0.01864254 0.07092391
v -0.00150227 0.02035842 0.07092343
v 0.01540533 0.01602462 0.07092469
v 0.00905869 0.01844202 0.07092399
v -0.00302778 0.02016047 0.07092348
v -0.00471417 0.01985090 0.07092357
v -0.01084653 0.01641483 0.07092454
v -0.00788999 0.01899824 0.07092381
v 0.01759906 -0.03459035 0.07093924
v 0.01148538 -0.03754780 0.07094009
v -0.00852059 -0.03725043 0.07094000
v -0.00796718 -0.03987721 0.07094072
v -0.00193622 -0.03891469 0.07094048
v -0.00474980 -0.04074752 0.07094099
v -0.01454367 -0.03411257 0.07093907
v -0.01324445 -0.03757673 0.07094007
v -0.00861273 -0.03965703 0.07094067
v 0.02561003 0.00720011 0.07092723
v 0.00767969 -0.04085203 0.07094102
v 0.00485446 -0.03901562 0.07094049
v 0.00624793 -0.04109799 0.07094111
v -0.00302378 -0.04106529 0.07094110
v -0.00149544 -0.04126334 0.07094116
v 0.00197139 -0.03916603 0.07094055
v 0.00172016 -0.04143069 0.07094119
v 0.00472796 -0.04128434 0.07094116
v -0.00950023 0.01842364 0.07092397
v -0.01406911 0.01620054 0.07092461
v -0.01657553 0.01276763 0.07092559
v -0.01819129 0.01328059 0.07092544
v -0.02130900 0.00789753 0.07092699
v 0.02102339 0.01220874 0.07092579
v 0.02891795 0.00126874 0.07092894
v 0.02286591 -0.03030271 0.07093802
v 0.02700199 -0.02491602 0.07093648
v -0.02365490 -0.02416304 0.07093622
v -0.02425087 -0.02733860 0.07093713
v -0.01968075 -0.02967028 0.07093780
v -0.02116108 -0.03133729 0.07093827
v -0.01745999 -0.03477908 0.07093927
v 0.03106292 -0.01205068 0.07093277
v 0.02978433 -0.01872067 0.07093468
v 0.03076885 -0.00526562 0.07093082
v -0.02733165 -0.01118269 0.07093248
v -0.02914586 -0.01309726 0.07093303
v -0.02625187 -0.01788774 0.07093440
v -0.02830411 -0.01808147 0.07093446
v -0.02666025 -0.02287426 0.07093584
v -0.02131903 0.01025853 0.07092631
v -0.02438404 0.00622786 0.07092746
v -0.02479176 0.00206709 0.07092867
v -0.02675164 0.00175929 0.07092875
v -0.02683605 -0.00440937 0.07093053
v -0.02836279 -0.00305792 0.07093013
v -0.02916581 -0.00804910 0.07093157
v 0.00172012 0.02275646 0.04938374
v 0.03428881 -0.00621704 -0.00268419
v 0.03428880 -0.00580333 -0.00348970
v 0.03460906 -0.00291008 -0.00174999
v 0.03428879 -0.00530537 -0.00420830
v 0.03428876 -0.00470235 -0.00487288
v 0.03460903 -0.00235795 -0.00244364
v 0.03428874 -0.00402913 -0.00544275
v 0.03428871 -0.00328089 -0.00592398
v 0.03460900 -0.00164510 -0.00297076
v 0.03428867 -0.00247602 -0.00630299
v 0.03428862 -0.00163582 -0.00657136
v 0.03460896 -0.00082011 -0.00329542
v 0.03428859 -0.00075257 -0.00673000
v 0.03428854 0.00012075 -0.00677092
v 0.03460890 0.00006080 -0.00339550
v 0.03428849 0.00102304 -0.00669431
v 0.03428844 0.00186912 -0.00650904
v 0.03460885 0.00093759 -0.00326417
v 0.03428839 0.00268462 -0.00621728
v 0.03428835 0.00349012 -0.00580356
v 0.03460880 0.00175052 -0.00291037
v 0.03428830 0.00420874 -0.00530561
v 0.03428826 0.00487331 -0.00470259
v 0.03460875 0.00244418 -0.00235824
v 0.03428821 0.00544318 -0.00402937
v 0.03428818 0.00592442 -0.00328113
v 0.03460871 0.00297130 -0.00164539
v 0.03231248 0.01528934 0.00438960
v 0.03302398 0.01286911 0.00369475
v 0.03302469 0.01323561 0.00202204
v 0.02945711 0.02231252 0.00640596
v 0.03100812 0.01887509 0.00541907
v 0.03096992 0.01950933 0.00298047
v 0.02768268 0.02558068 0.00734426
v 0.02817750 0.02472465 0.00709849
v 0.02817755 0.02542847 0.00388474
v 0.02945722 -0.02231249 -0.00640595
v 0.02817775 -0.02472438 -0.00709841
v 0.02817819 -0.02361638 -0.01019612
v 0.02768280 -0.02558066 -0.00734425
v 0.02571024 -0.02866259 -0.00822907
v 0.02571023 -0.02737786 -0.01182010
v 0.03460865 0.00339603 0.00006051
v 0.03471630 0.00000049 0.00000015
v 0.03460867 0.00329595 -0.00082039
v 0.03456061 0.00390391 0.00112082
v 0.03100820 -0.01887506 -0.00541906
v 0.03302420 -0.01286848 -0.00369455
v 0.03231254 -0.01528930 -0.00438958
v 0.03097098 -0.01811891 -0.00782266
v 0.02571010 0.02866260 0.00822909
v 0.02571011 0.02947849 0.00450345
v 0.02571011 0.02977511 0.00164473
v 0.02817755 0.02571943 0.00045741
v 0.02571011 0.02963563 -0.00331538
v 0.02817757 0.02556402 -0.00285987
v 0.02571012 0.02939458 -0.00502209
v 0.02817759 0.02496144 -0.00621484
v 0.03334980 0.01157990 0.00332462
v 0.03410334 0.00777461 0.00223211
v 0.03428807 0.00669475 0.00102281
v 0.03428808 0.00677135 0.00012052
v 0.03428810 0.00673043 -0.00075280
v 0.03428812 0.00657180 -0.00163605
v 0.03428815 0.00630341 -0.00247625
v 0.02817775 0.01598547 -0.02015346
v 0.02571015 0.01985038 -0.02225364
v 0.02817771 0.01850982 -0.01786292
v 0.02571014 0.02145790 -0.02070800
v 0.02817767 0.02067443 -0.01530572
v 0.02571013 0.02430460 -0.01727857
v 0.02817764 0.02250238 -0.01246357
v 0.02571013 0.02608636 -0.01444868
v 0.02817761 0.02394199 -0.00940630
v 0.02571012 0.02754007 -0.01143708
v 0.02571011 0.02893708 -0.00720470
v 0.02817804 -0.00621482 -0.02496140
v 0.02571020 -0.00502209 -0.02939456
v 0.02817800 -0.00285985 -0.02556397
v 0.02571020 -0.00331537 -0.02963563
v 0.02817796 0.00045743 -0.02571937
v 0.02571019 0.00164473 -0.02977510
v 0.02817791 0.00388476 -0.02542842
v 0.02571019 0.00450346 -0.02947849
v 0.02817787 0.00709852 -0.02472463
v 0.02571018 0.00822908 -0.02866260
v 0.02817783 0.01019617 -0.02361641
v 0.02571017 0.01182010 -0.02737786
v 0.02817778 0.01325585 -0.02204493
v 0.02571016 0.01440079 -0.02611282
v 0.02571015 0.01853148 -0.02336336
v 0.02817818 -0.02015343 -0.01598542
v 0.02571023 -0.02225364 -0.01985038
v 0.02817816 -0.01786289 -0.01850977
v 0.02571023 -0.02070799 -0.02145788
v 0.02817813 -0.01530570 -0.02067439
v 0.02571023 -0.01727857 -0.02430459
v 0.02817810 -0.01246354 -0.02250233
v 0.02571022 -0.01444867 -0.02608635
v 0.02817807 -0.00940628 -0.02394195
v 0.02571022 -0.01143708 -0.02754006
v 0.02571021 -0.00720470 -0.02893708
v 0.02817819 -0.02204491 -0.01325580
v 0.02571024 -0.02611282 -0.01440078
v 0.02571023 -0.02336336 -0.01853147
v 0.03096993 0.01973256 0.00035095
v 0.03096996 0.01961333 -0.00219413
v 0.03096999 0.01915102 -0.00476813
v 0.03097003 0.01836888 -0.00721669
v 0.03097008 0.01726438 -0.00956228
v 0.03097013 0.01586193 -0.01174285
v 0.03097018 0.01420120 -0.01370478
v 0.03097025 0.01226446 -0.01546213
v 0.03097032 0.01017024 -0.01691332
v 0.03097038 0.00782279 -0.01811899
v 0.03097045 0.00544621 -0.01896923
v 0.03097052 0.00298054 -0.01950920
v 0.03097059 0.00035103 -0.01973243
v 0.03097066 -0.00219406 -0.01961320
v 0.03097072 -0.00476806 -0.01915089
v 0.03097078 -0.00721663 -0.01836874
v 0.03097082 -0.00956221 -0.01726425
v 0.03097087 -0.01174278 -0.01586181
v 0.03097091 -0.01370471 -0.01420107
v 0.03097094 -0.01546206 -0.01226433
v 0.03097097 -0.01691324 -0.01017012
v 0.03302471 0.01338706 0.00023813
v 0.03302473 0.01330617 -0.00148850
v 0.03302477 0.01299253 -0.00323475
v 0.03302480 0.01246191 -0.00489590
v 0.03302485 0.01171260 -0.00648719
v 0.03302491 0.01076115 -0.00796652
v 0.03302497 0.00963448 -0.00929753
v 0.03302503 0.00832057 -0.01048975
v 0.03302510 0.00689981 -0.01147426
v 0.03302516 0.00530725 -0.01229220
v 0.03302524 0.00369494 -0.01286903
v 0.03302531 0.00202219 -0.01323535
v 0.03302538 0.00023828 -0.01338679
v 0.03302545 -0.00148836 -0.01330591
v 0.03302551 -0.00323461 -0.01299226
v 0.03302557 -0.00489576 -0.01246164
v 0.03302563 -0.00648705 -0.01171233
v 0.03302567 -0.00796638 -0.01076089
v 0.03302571 -0.00929739 -0.00963423
v 0.03302575 -0.01048961 -0.00832030
v 0.03302577 -0.01147412 -0.00689954
v 0.03302578 -0.01229206 -0.00530699
v 0.03334985 -0.01157986 -0.00332459
v 0.03410337 -0.00777457 -0.00223209
v 0.03456063 -0.00390386 -0.00112080
v 0.02736887 -0.03336430 0.01772757
v 0.02791999 -0.03244116 0.01799222
v 0.02997621 -0.02853586 0.01911326
v 0.03379807 -0.01702119 0.02241969
v 0.03287332 -0.02082819 0.02132659
v 0.03159994 -0.02469528 0.02021593
v 0.03452985 -0.01215423 0.02381708
v 0.03477544 -0.00724204 0.02522721
v 0.03453195 -0.00232988 0.02663761
v 0.03380152 0.00253748 0.02803498
v 0.03278447 0.00666840 0.02922131
v 0.03152917 0.01041145 0.03029625
v 0.03000383 0.01400193 0.03132568
v 0.02828071 0.01733424 0.03228062
v 0.02602993 0.02095864 0.03332341
v 0.02570994 0.02141968 0.03345599
v 0.02346865 0.01804616 0.05013935
v 0.02663857 0.01522412 0.05007810
v 0.02687730 0.01560634 0.04592350
v 0.03380233 0.00103061 0.03375616
v 0.02611536 0.02075142 0.03357077
v 0.01405645 0.02165416 0.04901346
v 0.01572773 0.02124621 0.04999353
v 0.02031242 0.02048388 0.04684962
v 0.01971789 0.02059769 0.04723342
v 0.01979807 0.02002927 0.05009905
v 0.01799915 0.02093203 0.04807913
v 0.01765051 0.02099934 0.04821119
v 0.01621675 0.02127034 0.04864161
v 0.02112885 0.02033370 0.04622311
v 0.02034829 0.02047710 0.04682465
v 0.02480331 0.01939405 0.04196421
v 0.02409980 0.02000332 0.04221881
v 0.02396292 0.01858051 0.04603243
v 0.02349030 0.02001339 0.04339188
v 0.02232635 0.01975637 0.04604360
v 0.02245253 0.02012113 0.04487949
v 0.02570304 0.02123431 0.03412194
v 0.02552035 0.02059945 0.03684615
v 0.02556913 0.02016662 0.03781714
v 0.02507333 0.02020174 0.03936581
v 0.02439661 0.02002460 0.04152002
v 0.03276541 0.00384055 0.04520689
v 0.03378625 0.00024452 0.03777041
v 0.03376280 -0.00016574 0.04159680
v 0.03374469 -0.00028451 0.04682591
v 0.03374769 -0.00027519 0.04492377
v 0.03140656 0.00757351 0.05396640
v 0.03129355 0.00806820 0.04548814
v 0.02988503 0.01276445 0.03728537
v 0.02663423 0.01490926 0.05427032
v 0.02334046 0.01767925 0.05432032
v 0.01957650 0.01969460 0.05429678
v 0.01550007 0.02104851 0.05423352
v 0.02784801 0.01664083 0.03757023
v 0.02736123 0.01614173 0.04177871
v 0.02933571 0.01203641 0.04573343
v 0.02927032 0.01175063 0.04993307
v 0.02934139 0.01148248 0.05414778
v 0.03200010 -0.02766199 0.03791392
v 0.03184520 -0.02827175 0.04469607
v 0.03012578 -0.03277263 0.04439875
v 0.01921527 -0.04127214 0.05655653
v 0.02556359 -0.03932477 0.03684724
v 0.02784275 -0.03424899 0.02368639
v 0.03319539 -0.02231958 0.03147880
v 0.02570165 -0.03867482 0.03007396
v 0.02701553 -0.03706596 0.03027515
v 0.02821302 -0.03526417 0.03046038
v 0.03027774 -0.03124507 0.03080359
v 0.03192956 -0.02687451 0.03113632
v 0.02320522 -0.04070634 0.04338335
v 0.02491846 -0.03967200 0.04363323
v 0.02013693 -0.04133985 0.04984844
v 0.01596161 -0.04228217 0.04927830
v 0.01176203 -0.04293506 0.05555217
v 0.01499150 -0.04237877 0.05598776
v 0.01176204 -0.04293148 0.06831269
v 0.02646186 -0.03666000 0.05755406
v 0.02919438 -0.03303752 0.05792644
v 0.02485723 -0.03817398 0.05733538
v 0.02310204 -0.03944442 0.05709371
v 0.03130744 -0.02886462 0.05823515
v 0.03285473 -0.02439384 0.05851400
v 0.03380096 -0.01871082 0.02846798
v 0.03378008 -0.02003584 0.03460594
v 0.03312902 -0.02353654 0.04498668
v 0.03375329 -0.02055885 0.04086318
v 0.02647028 -0.03833609 0.04385817
v 0.02697853 -0.03786230 0.03706355
v 0.02785021 -0.03670575 0.04405760
v 0.02824512 -0.03614539 0.03725794
v 0.02906465 -0.03483344 0.04423609
v 0.02937109 -0.03422334 0.03743523
v 0.03036556 -0.03214296 0.03760067
v 0.02121362 -0.04046918 0.05683222
v 0.02393303 -0.03963568 0.05038126
v 0.02561424 -0.03836782 0.05061532
v 0.02712709 -0.03681294 0.05082338
v 0.02847156 -0.03501760 0.05100853
v 0.02965468 -0.03303108 0.05117517
v 0.03157796 -0.02865952 0.05147172
v 0.03448149 -0.01547982 0.04121853
v 0.03450994 -0.01495224 0.03532149
v 0.03472607 -0.01036529 0.04157637
v 0.03475570 -0.00984201 0.03604047
v 0.03448462 -0.00525911 0.04193396
v 0.03451451 -0.00474755 0.03675707
v 0.03453178 -0.01372701 0.02952816
v 0.03477716 -0.00870590 0.03059586
v 0.03453407 -0.00369010 0.03166207
v 0.01057308 -0.04322168 0.04926608
v 0.01140040 -0.04300135 0.04916165
v 0.01016981 -0.04336832 0.04935935
v 0.00994241 -0.04346342 0.04942534
v 0.00885901 -0.04406882 0.04990449
v 0.00859420 -0.04426806 0.05007715
v 0.00786435 -0.04501986 0.05077326
v 0.00749250 -0.04533051 0.05107592
v 0.00727552 -0.04540610 0.05115095
v 0.00172026 -0.04543016 0.05117494
v 0.00438890 -0.04543015 0.05117508
v 0.00705753 -0.04543024 0.05117496
v 0.00172025 -0.04542563 0.06691702
v 0.00441121 -0.04542563 0.06691696
v 0.00657669 -0.04313649 0.06897547
v 0.00916691 -0.04283337 0.06908143
v 0.01040783 -0.04328824 0.06872342
v 0.01066826 -0.04319572 0.06879799
v 0.00710217 -0.04542571 0.06691708
v 0.00738033 -0.04538621 0.06694862
v 0.00753925 -0.04532529 0.06699587
v 0.00767079 -0.04524884 0.06705468
v 0.00788890 -0.04504548 0.06721080
v 0.00884389 -0.04413450 0.06796886
v 0.00924357 -0.04386266 0.06821281
v -0.00356870 -0.04542569 0.06691707
v -0.00347991 -0.04543028 0.05117500
v 0.02047599 -0.02385513 -0.00747882
v 0.02047599 -0.02333846 -0.00896194
v 0.02047599 -0.02124577 -0.01317640
v 0.02047599 -0.01730146 -0.01804604
v 0.02047599 -0.01227003 -0.02178179
v 0.02047599 -0.00646764 -0.02414890
v 0.02047598 -0.00025886 -0.02499866
v 0.02047599 0.00596619 -0.02427765
v 0.02047599 0.01181636 -0.02203119
v 0.02047598 0.01692406 -0.01840044
v 0.02047599 0.02096836 -0.01361351
v 0.02047599 0.02369515 -0.00797120
v 0.02047599 0.02493308 -0.00182802
v 0.02047599 0.02460437 0.00443001
v 0.02047599 0.02272968 0.01040969
v 0.02047598 0.01942680 0.01573529
v 0.02047598 0.01490327 0.02007219
v 0.02047598 0.00944330 0.02314787
v 0.02047599 0.00338998 0.02476910
v 0.02047598 -0.00287635 0.02483398
v 0.02047599 -0.00896194 0.02333846
v 0.02047598 -0.01448442 0.02037649
v 0.02047599 -0.01909680 0.01613420
v 0.02047598 -0.02250925 0.01087813
v 0.02047598 -0.02450736 0.00493855
v 0.02047598 -0.02496559 -0.00131133
v 0.02047599 0.00000000 -0.00000000
v -0.00518348 -0.04371758 0.04990135
v -0.00611517 -0.04294551 0.04947026
v -0.00603049 -0.04261594 0.04916089
v -0.00718710 -0.04233949 0.04923575
v -0.00334222 -0.04310106 0.04910678
v -0.00356115 -0.04542686 0.05117198
v -0.00381611 -0.04537181 0.05112429
v -0.00407484 -0.04523283 0.05100888
v -0.00437550 -0.04486632 0.05071906
v -0.00496508 -0.04395891 0.05005832
v -0.00859252 -0.04178298 0.04914872
v -0.00442579 -0.04494291 0.06728194
v -0.00530286 -0.04378904 0.06808229
v -0.00581251 -0.04330206 0.06837761
v -0.00693249 -0.04251058 0.06876869
v -0.00724616 -0.04233899 0.06883186
v -0.00859257 -0.04177737 0.06894125
v -0.00397807 -0.04533810 0.06698633
v -0.00423953 -0.04516784 0.06711518
v -0.01896657 0.01523088 0.06892518
v -0.01953343 0.01476380 0.06892565
v -0.02662717 -0.02730541 0.06893697
v -0.02624779 -0.02792778 0.06893697
v -0.01472272 -0.03903970 0.06894053
v -0.01419713 -0.03933565 0.06894082
v -0.01173343 -0.04056227 0.06894208
v -0.01704571 -0.03757145 0.06893970
v -0.01614221 -0.03817490 0.06893987
v -0.02366435 -0.03150529 0.06893884
v -0.02262040 -0.03270403 0.06893989
v -0.02139548 -0.03397401 0.06894056
v -0.01888690 -0.03620020 0.06893993
v -0.02431145 -0.03069968 0.06893818
v -0.02787808 -0.02499675 0.06893741
v -0.02847697 -0.02370858 0.06893755
v -0.03106882 -0.01398371 0.06893359
v -0.03102376 -0.01437970 0.06893354
v -0.03045556 -0.01768516 0.06893399
v -0.02954588 -0.02094173 0.06893618
v -0.02920189 -0.02191620 0.06893689
v -0.03116290 -0.00794473 0.06893233
v -0.03125531 -0.01000126 0.06893367
v -0.03125327 -0.01103461 0.06893393
v -0.03103577 -0.00662715 0.06893136
v -0.03047782 -0.00331996 0.06892984
v -0.02861199 0.00249129 0.06893008
v -0.02924703 0.00088834 0.06893029
v -0.02958715 -0.00008743 0.06893013
v -0.02792302 0.00399957 0.06892914
v -0.02662724 0.00639994 0.06892728
v -0.02238930 0.01204888 0.06892714
v -0.02374744 0.01049934 0.06892671
v -0.02439139 0.00969112 0.06892651
v -0.02630183 0.00693565 0.06892695
v -0.02146823 0.01299693 0.06892705
v -0.01704582 0.01666602 0.06892411
v -0.01625174 0.01719867 0.06892395
v -0.01537660 0.01774815 0.06892397
v -0.01241429 0.01934336 0.06892461
v -0.00931272 0.02062564 0.06892371
v -0.00859267 0.02087189 0.06892318
v -0.00520865 0.02298522 0.06799731
v -0.00442596 0.02403662 0.06726215
v -0.00437565 0.02395045 0.05069927
v -0.00496639 0.02304127 0.05003822
v -0.00518493 0.02279989 0.04988144
v -0.00581867 0.02239115 0.06836165
v -0.00611705 0.02202774 0.04945102
v -0.00718710 0.02142282 0.04921734
v -0.00694183 0.02159978 0.06875236
v -0.00776994 0.02118458 0.06888448
v -0.00859263 0.02086617 0.04913074
v -0.00381882 0.02448738 0.06692246
v -0.00369147 0.02449192 0.05113516
v -0.00394916 0.02439718 0.05105482
v -0.00401066 0.02436138 0.05102525
v -0.00405745 0.02439183 0.06699685
v -0.00422089 0.02418328 0.05088194
v -0.00427874 0.02422427 0.06712291
v -0.00603353 0.02169883 0.04914332
v -0.00335884 0.02218406 0.04908393
v -0.00603482 0.02171035 0.06890070
v -0.00335879 0.02218740 0.06895337
v -0.01704570 -0.03757715 0.04914746
v -0.02662716 -0.02731111 0.04914450
v -0.01704581 0.01666033 0.04913186
v -0.01084170 -0.04095075 0.04914842
v -0.01084183 0.02003396 0.04913088
v -0.02238928 0.01204318 0.04913318
v -0.02662723 0.00639424 0.04913480
v -0.02956531 -0.00002746 0.04913664
v -0.03106882 -0.00692748 0.04913862
v -0.03106881 -0.01398940 0.04914065
v -0.02956527 -0.02088940 0.04914263
v -0.02238919 -0.03296002 0.04914611
v -0.00335332 -0.04309050 0.06897419
v -0.00603287 -0.04261092 0.06892616
v -0.01084183 0.02003397 0.04913089
v -0.01704581 0.01666034 0.04913186
v -0.02238928 0.01204319 0.04913318
v -0.02662723 0.00639425 0.04913480
v -0.02766798 -0.00066063 0.04713682
v -0.02956532 -0.00002746 0.04913665
v -0.03106883 -0.00692747 0.04913862
v -0.03106881 -0.01398940 0.04914067
v -0.02956528 -0.02088941 0.04914265
v -0.02238919 -0.03296003 0.04914613
v -0.01084170 -0.04095076 0.04914844
v 0.01126948 0.01325682 0.04000000
v 0.01685238 0.01011045 0.04000000
v 0.00507011 0.01488050 0.04000001
v -0.00133836 0.01487481 0.04000000
v -0.00753483 0.01324011 0.04000000
v -0.01311214 0.01008382 0.04000001
v -0.01311205 -0.02991617 0.04000000
v -0.00763938 -0.03302958 0.04000001
v -0.00156239 -0.03467691 0.04000000
v 0.00473345 -0.03475367 0.04000000
v 0.01084880 -0.03325500 0.03999999
v 0.01639575 -0.03027596 0.04000000
v -0.00527687 -0.03827430 0.09791681
v -0.00852059 -0.03725042 0.09791681
v -0.01162350 -0.03585690 0.09791681
v -0.01454366 -0.03411257 0.09791681
v -0.01724158 -0.03204103 0.09791683
v -0.01968075 -0.02967028 0.09791682
v -0.02182820 -0.02703239 0.09791682
v -0.02365490 -0.02416304 0.09791683
v -0.02513613 -0.02110101 0.09791682
v -0.02625187 -0.01788774 0.09791682
v -0.02698703 -0.01456667 0.09791683
v -0.02733165 -0.01118269 0.09791681
v -0.02728110 -0.00778159 0.09791681
v -0.02683605 -0.00440936 0.09791681
v -0.02600251 -0.00111160 0.09791682
v -0.02479175 0.00206709 0.09791681
v -0.02322017 0.00508373 0.09791683
v -0.02130900 0.00789753 0.09791682
v -0.01908409 0.01047042 0.09791683
v -0.01657553 0.01276763 0.09791682
v -0.01381724 0.01475807 0.09791682
v -0.01084653 0.01641483 0.09791683
v -0.00770356 0.01771552 0.09791683
v -0.00443085 0.01864254 0.09791681
v -0.00107264 0.01918335 0.09791681
v 0.00232564 0.01933063 0.09791683
v 0.00571804 0.01908240 0.09791683
v 0.00905869 0.01844202 0.09791683
v 0.01230241 0.01741814 0.09791683
v 0.01540533 0.01602462 0.09791683
v 0.01832549 0.01428029 0.09791683
v 0.02102339 0.01220875 0.09791681
v 0.02346257 0.00983800 0.09791682
v 0.02561003 0.00720011 0.09791682
v 0.02743672 0.00433076 0.09791681
v 0.02891795 0.00126874 0.09791683
v 0.03003369 -0.00194454 0.09791683
v 0.03076885 -0.00526562 0.09791683
v 0.03111347 -0.00864959 0.09791683
v 0.03106292 -0.01205069 0.09791683
v 0.03061786 -0.01542292 0.09791683
v 0.02978433 -0.01872068 0.09791683
v 0.02857358 -0.02189937 0.09791683
v 0.02700199 -0.02491602 0.09791683
v 0.02509082 -0.02772981 0.09791682
v 0.02286591 -0.03030270 0.09791682
v 0.02035735 -0.03259990 0.09791682
v 0.01759906 -0.03459035 0.09791683
v 0.01462835 -0.03624711 0.09791682
v 0.01148538 -0.03754780 0.09791681
v 0.00821267 -0.03847482 0.09791683
v 0.00485446 -0.03901562 0.09791683
v 0.00145618 -0.03916291 0.09791681
v -0.00193622 -0.03891468 0.09791681
v 0.00218516 0.01008165 0.10000002
v -0.00346091 0.00935534 0.10000001
v 0.00188791 -0.00991614 0.09999999
v 0.01719589 0.00295497 0.10000001
v 0.01294959 0.00674636 0.10000001
v 0.00780715 0.00918785 0.10000000
v 0.02163985 -0.01305635 0.09999999
v 0.02172446 -0.00736438 0.09999999
v 0.02020202 -0.00187915 0.10000000
v 0.01244947 -0.02690006 0.09999999
v 0.01680657 -0.02323656 0.10000000
v 0.01995505 -0.01849391 0.10000000
v -0.00403133 -0.02902014 0.10000001
v 0.00159065 -0.02991393 0.10000000
v 0.00723672 -0.02918763 0.10000000
v -0.01642620 -0.01795313 0.09999999
v -0.01342007 -0.02278726 0.10000000
v -0.00917378 -0.02657865 0.10000000
v -0.01617924 -0.00133837 0.10000002
v -0.01786403 -0.00677593 0.09999999
v -0.01794864 -0.01246789 0.09999999
v -0.00867365 0.00706778 0.09999999
v -0.01303075 0.00340427 0.10000001
v 0.00159066 -0.02991393 0.09891682
v -0.00403133 -0.02902014 0.09891683
v -0.00917378 -0.02657864 0.09891682
v -0.01342007 -0.02278726 0.09891682
v -0.01642621 -0.01795314 0.09891684
v -0.01794864 -0.01246789 0.09891681
v -0.01786403 -0.00677593 0.09891681
v -0.01617924 -0.00133837 0.09891683
v -0.01303076 0.00340427 0.09891683
v -0.00867365 0.00706777 0.09891684
v -0.00346091 0.00935534 0.09891683
v 0.00218516 0.01008165 0.09891683
v 0.00780715 0.00918786 0.09891682
v 0.01294959 0.00674636 0.09891683
v 0.01719589 0.00295498 0.09891683
v 0.02020202 -0.00187914 0.09891681
v 0.02172445 -0.00736439 0.09891684
v 0.02163985 -0.01305634 0.09891681
v 0.01995506 -0.01849391 0.09891681
v 0.01680657 -0.02323656 0.09891682
v 0.01244947 -0.02690006 0.09891681
v 0.00723673 -0.02918763 0.09891682
v 0.00558721 0.01809100 0.09891681
v -0.01658747 -0.03128462 0.09891684
v -0.01116147 -0.03497004 0.09891682
v -0.00503182 -0.03730479 0.09891682
v 0.00147104 -0.03816301 0.09891681
v 0.00799654 -0.03749845 0.09891682
v 0.02907154 -0.00221707 0.09891681
v 0.02656336 0.00384369 0.09891681
v 0.02272508 0.00916264 0.09891682
v 0.01776362 0.01345306 0.09891681
v 0.01194646 0.01648364 0.09891683
v 0.00231078 0.01833074 0.09891681
v -0.00097132 0.01818849 0.09891681
v -0.00737554 0.01677085 0.09891682
v -0.01328021 0.01391451 0.09891681
v -0.01836700 0.00977345 0.09891682
v 0.01419288 -0.03534691 0.09891681
v 0.01972602 -0.03182439 0.09891682
v 0.02429766 -0.02712079 0.09891682
v 0.02766135 -0.02148969 0.09891681
v 0.02963574 -0.01523465 0.09891684
v 0.03011441 -0.00869289 0.09891683
v -0.02236167 0.00457092 0.09891681
v -0.02504889 -0.00141261 0.09891681
v -0.02628377 -0.00785457 0.09891681
v -0.02599975 -0.01440767 0.09891681
v -0.02421213 -0.02071863 0.09891682
v -0.02101730 -0.02644723 0.09891683
vn -0.68180507 0.68521902 -0.25615765
vn -0.71049307 0.68298609 -0.16949808
vn -0.96955380 0.02173816 -0.24391163
vn -0.62902560 -0.50714738 -0.58917597
vn -0.59021206 -0.50265780 -0.63165248
vn -0.09946165 -0.71565151 -0.69133950
vn -0.53109449 -0.47143396 -0.70405160
vn -0.47043782 -0.47246656 -0.74529431
vn -0.00262089 -0.67848148 -0.73461283
vn -0.34305770 -0.44329898 -0.82812887
vn -0.28315687 -0.42933237 -0.85761058
vn 0.07599725 -0.65742987 -0.74967352
vn 0.13917411 -0.63431320 -0.76044548
vn 0.24825292 -0.63828718 -0.72867000
vn 0.18774127 -0.62472495 -0.75793928
vn 0.02465671 -0.38625164 -0.92206384
vn -0.08294928 -0.40328678 -0.91130631
vn -0.22232732 -0.42335839 -0.87825864
vn -0.40867447 -0.46460433 -0.78557494
vn -0.55765966 -0.48874847 -0.67092521
vn -0.18348833 -0.75453698 -0.63008411
vn -0.67625997 -0.51638477 -0.52537531
vn -0.65946483 -0.51021035 -0.55207928
vn -0.25516547 -0.78920600 -0.55860941
vn -0.29976356 -0.81858197 -0.48996465
vn -0.76208114 -0.56605995 -0.31433814
vn -0.74599684 -0.55601700 -0.36651578
vn -0.73464715 -0.54107224 -0.40930966
vn -0.70057711 -0.53311308 -0.47432283
vn -0.60734013 0.00864207 -0.79439491
vn -0.77622518 -0.59734561 -0.20162511
vn -0.59236756 0.00676576 -0.80563943
vn -0.76991592 -0.59641902 -0.22696657
vn -0.67021782 -0.14769659 -0.72731960
vn -0.76400237 -0.59214349 -0.25625469
vn -0.76422031 -0.57581100 -0.29053231
vn -0.69687005 -0.69623066 -0.17214819
vn -0.70342011 -0.69502680 -0.14878807
vn -0.99925738 0.00648629 -0.03798182
vn -0.72042192 -0.67591530 -0.15534081
vn -0.99471131 0.00767932 -0.10242280
vn -0.74818575 -0.64572908 -0.15248619
vn -0.76636685 -0.62220904 -0.15980540
vn -0.72428089 0.68258146 -0.09746660
vn -0.70713923 0.70662407 -0.02522955
vn -0.70275579 0.70429943 0.10048184
vn -0.70400747 0.68826548 0.17511171
vn -0.70597348 -0.68183843 -0.19156668
vn -0.97932211 0.00979217 -0.20207006
vn -0.76516526 -0.61482819 -0.19107177
vn -0.65714485 0.15804280 -0.73700958
vn -0.24671259 0.79731028 -0.55084409
vn -0.66699598 0.65557791 -0.35402538
vn -0.48082212 0.53519653 -0.69453205
vn -0.54859586 0.56384928 -0.61734640
vn -0.16217123 0.75221192 -0.63865305
vn -0.60783912 0.59028442 -0.53112702
vn -0.64218809 0.63041212 -0.43609060
vn -0.06414888 0.71194241 -0.69930175
vn 0.03588540 0.68620996 -0.72651781
vn -0.37251974 0.47817253 -0.79534903
vn 0.08548403 0.67797903 -0.73009377
vn 0.06784384 0.66390689 -0.74473140
vn -0.23648926 0.43296896 -0.86983372
vn 0.13299475 0.62604234 -0.76836409
vn -0.08799516 0.39909738 -0.91267636
vn 0.21459783 0.62654892 -0.74925578
vn 0.25737455 0.64022125 -0.72379216
vn 0.01363430 0.38797361 -0.92156963
vn -0.59804286 0.01425353 -0.80133737
vn 0.15343222 -0.85891569 0.48859226
vn 0.21551756 -0.84589050 0.48787442
vn 0.06692074 -0.29481930 0.95320680
vn 0.09467936 -0.24261219 0.96549218
vn 0.28463954 -0.81658932 0.50215755
vn 0.32787515 -0.78730967 0.52215071
vn 0.11450821 -0.21112122 0.97072947
vn 0.38852821 -0.74574229 0.54121555
vn 0.12743697 -0.19123935 0.97323550
vn 0.44969864 -0.69991233 0.55488184
vn 0.13752027 -0.17849568 0.97428305
vn 0.49767983 -0.66261742 0.55969005
vn 0.14716312 -0.16981605 0.97442574
vn 0.53110055 -0.63418807 0.56190542
vn 0.57127434 -0.59945005 0.56062935
vn 0.15883946 -0.16111717 0.97406945
vn 0.62715110 -0.54863434 0.55288503
vn 0.17192911 -0.15398117 0.97300061
vn 0.66781345 -0.50526522 0.54656404
vn 0.19677591 -0.14223156 0.97007702
vn 0.70355456 -0.46429607 0.53799641
vn 0.74354400 -0.41715990 0.52260878
vn 0.22631225 -0.12921310 0.96544639
vn 0.77491664 -0.37186018 0.51110097
vn 0.80119260 -0.33229449 0.49766534
vn 0.26088417 -0.11295033 0.95873963
vn 0.83025152 -0.28188720 0.48085551
vn 0.84917203 -0.24556403 0.46755232
vn 0.29749345 -0.09775663 0.94970590
vn 0.87862840 -0.18154829 0.44164731
vn 0.32187534 -0.08527295 0.94293414
vn 0.47617983 0.76593101 0.43197506
vn 0.45861161 0.76840580 0.44634956
vn 0.42487245 0.81070033 -0.40280066
vn 0.37942216 0.82153526 -0.42558036
vn 0.31821401 0.84833727 -0.42315921
vn 0.43319283 0.78268157 0.44693796
vn 0.26327961 0.86822948 -0.42054895
vn 0.24459672 0.85681070 0.45392496
vn 0.29661185 0.95449915 0.03086724
vn 0.26457135 0.81467654 0.51604664
vn 0.24071388 0.96992861 0.03599051
vn 0.38614706 0.79968250 0.45978076
vn 0.32745802 0.81722746 0.47424732
vn 0.22363721 0.89108324 -0.39491400
vn 0.19866270 0.90150240 -0.38448219
vn 0.16181878 0.91144080 -0.37827286
vn 0.14176844 0.92379276 -0.35568054
vn 0.42216999 0.81072946 0.40557396
vn 0.30475515 0.86457670 0.39953902
vn 0.03798092 0.93038364 -0.36461450
vn 0.01735655 0.91700728 0.39849266
vn 0.15698960 0.92173656 -0.35462089
vn 0.08675256 0.91903091 0.38452071
vn 0.33851262 0.86509557 -0.37016058
vn 0.20194179 0.89836589 0.39007466
vn -0.00001822 0.92476978 0.38052708
vn -0.00005173 0.92454995 -0.38106088
vn 0.00001478 0.92475212 0.38056999
vn 0.00001540 0.92452672 -0.38111723
vn -0.04258463 0.92616023 0.37471826
vn -0.04020458 0.92139752 -0.38653615
vn -0.73643309 -0.39195427 0.55139655
vn -0.73643474 -0.51676625 0.43659652
vn -0.73643841 -0.24251333 0.63154236
vn -0.73644155 -0.07783259 0.67200887
vn -0.73643510 -0.67557692 -0.03548483
vn -0.69928150 -0.67815054 -0.22609118
vn -0.73643463 -0.66317771 0.13363889
vn -0.73643639 -0.60910629 0.29436538
vn -0.73643680 0.40328591 0.54315865
vn -0.73643833 0.25553829 0.62638548
vn -0.73643773 0.09173415 0.67025690
vn -0.72520013 -0.66598031 -0.17479988
vn -0.72151632 -0.63826426 -0.26838953
vn -0.69115873 -0.63070086 -0.35286830
vn -0.73266020 -0.57268461 -0.36775178
vn -0.69335566 -0.53549523 -0.48218543
vn -0.73643596 -0.46818269 -0.48833088
vn -0.68722416 -0.42650372 -0.58806252
vn -0.73643605 -0.33203041 -0.58942154
vn -0.68639658 -0.28672049 -0.66831961
vn -0.69426081 -0.12021859 -0.70961217
vn -0.73643580 -0.17501604 -0.65347662
vn -0.69039322 0.03975600 -0.72234110
vn -0.73643625 -0.00700454 -0.67647068
vn -0.68730135 0.19073504 -0.70088301
vn -0.73643569 0.16144705 -0.65696068
vn -0.69116022 0.35286705 -0.63069993
vn -0.73643599 0.31975399 -0.59617063
vn -0.69335588 0.48218501 -0.53549532
vn -0.73643601 0.45796996 -0.49792120
vn -0.68722541 0.58806160 -0.42650299
vn -0.73643569 0.56741009 -0.36838602
vn -0.68639893 0.66831785 -0.28671897
vn -0.73643590 0.64119757 -0.21570314
vn -0.69426277 0.70961026 -0.12021846
vn -0.73643538 0.67469694 -0.04946682
vn -0.69039527 0.72233915 0.03975584
vn -0.73643561 0.66580179 0.11987735
vn -0.69470098 0.70141039 0.15941776
vn -0.73643623 0.61507191 0.28168817
vn -0.73643800 0.52569268 0.42580075
vn 0.06771653 -0.94232248 -0.32778472
vn 0.09949816 -0.92815415 -0.35865025
vn 0.13257768 -0.91631879 -0.37786642
vn 0.03701988 -0.96177882 -0.27131354
vn 0.01181551 -0.97070576 -0.23998067
vn 0.00713549 -0.97709052 -0.21270449
vn 0.00877898 -0.98282711 -0.18431982
vn 0.04819869 -0.98642980 -0.15694947
vn 0.07540533 -0.99214838 -0.09977793
vn 0.13242932 -0.98569407 -0.10425779
vn 0.20027949 -0.97427672 -0.10331023
vn 0.23422573 -0.96919762 -0.07612011
vn 0.29311257 -0.94863399 -0.11907383
vn 0.36941968 -0.92173135 -0.11806953
vn 0.48185896 -0.84556202 -0.22986260
vn 0.45714000 -0.86407185 -0.21071984
vn 0.42364707 -0.88758481 -0.18087666
vn 0.00003426 -0.96262237 -0.27084713
vn -0.00002278 -0.96261841 -0.27086121
vn 0.09701349 0.33371906 0.93766730
vn 0.10625335 0.31886125 0.94182680
vn 0.27711961 0.84291748 0.46118851
vn 0.12090208 0.28245875 0.95163004
vn 0.33117846 0.80733070 0.48840348
vn 0.13706708 0.24114072 0.96076208
vn 0.39273768 0.76238318 0.51432383
vn 0.14590278 0.20748869 0.96729562
vn 0.45537941 0.71965724 0.52414029
vn 0.52949851 0.66031755 0.53255240
vn 0.16131103 0.16951777 0.97223581
vn 0.57038516 0.62135102 0.53719986
vn 0.61347015 0.58098899 0.53488893
vn 0.17320706 0.15284651 0.97295286
vn 0.68106163 0.51311798 0.52236481
vn 0.18871727 0.14151557 0.97178143
vn 0.73634775 0.44539759 0.50932601
vn 0.21195924 0.12962539 0.96864366
vn 0.78967389 0.35407692 0.50104359
vn 0.23472891 0.11964025 0.96467018
vn 0.83206408 0.27687103 0.48063687
vn 0.27116125 0.10985689 0.95624424
vn 0.86425544 0.21883419 0.45296151
vn 0.31327598 0.09072037 0.94531898
vn 0.88556619 0.16652969 0.43363625
vn 0.36771186 0.04548741 0.92882662
vn 0.90971177 0.11146280 0.40000067
vn 0.91738309 0.05811270 0.39373999
vn 0.38934939 0.00083261 0.92108977
vn 0.92417554 -0.00610522 0.38191922
vn 0.91687833 -0.05592225 0.39523010
vn 0.36807406 -0.04713960 0.92860075
vn 0.91276623 -0.08988841 0.39846942
vn 0.89578565 -0.13994280 0.42188160
vn 0.95453441 0.29808322 0.00323311
vn 0.90278901 0.42996394 0.01014994
vn 0.98086004 0.19471385 0.00030249
vn 0.71057637 0.70295004 0.03069962
vn 0.82536192 0.56413535 0.02300009
vn 0.57575946 0.81652779 0.04223050
vn 0.43669236 0.89840207 0.04662093
vn 0.31861275 0.94689961 0.04320926
vn 0.98552884 -0.16950376 -0.00117687
vn 0.99677265 -0.08023291 -0.00263883
vn 0.99999857 -0.00153974 -0.00069257
vn 0.99671043 0.08103545 0.00125422
vn 0.98343632 0.18125206 -0.00083873
vn 0.06710526 0.67207894 0.73743256
vn 0.00366308 0.70307684 0.71110445
vn 0.06693936 0.36660520 0.92796538
vn 0.03208302 0.38752912 0.92129901
vn -0.00045387 0.39527874 0.91856111
vn 0.21298626 -0.65653151 -0.72360433
vn -0.06078681 0.37243243 -0.92606644
vn -0.03055385 0.37948909 -0.92469157
vn -0.08722134 0.66999654 -0.73722254
vn -0.00978611 0.38993341 -0.92079106
vn 0.08603127 0.67014972 -0.73722315
vn 0.01303398 0.38479321 -0.92291078
vn 0.22117649 0.65431305 -0.72315655
vn -0.34773066 0.20646443 -0.91457959
vn -0.29574504 0.27575900 -0.91459928
vn -0.46911086 0.27325197 -0.83980258
vn -0.23019818 0.33239618 -0.91461554
vn -0.25474014 0.62579618 -0.73721544
vn -0.25770767 -0.62543679 -0.73648868
vn -0.23019666 -0.33292367 -0.91442404
vn -0.46967867 -0.27345689 -0.83941842
vn -0.29574432 -0.27628647 -0.91444031
vn -0.05837172 -0.37264665 -0.92613563
vn -0.09332716 -0.66998741 -0.73648279
vn -0.02948904 -0.38197512 -0.92370201
vn 0.07697019 -0.67206324 -0.73648258
vn -0.00963272 -0.39032117 -0.92062837
vn 0.04912913 -0.38641416 -0.92101597
vn 0.02100471 -0.39282326 -0.91937407
vn 0.00683794 -0.38568480 -0.92260527
vn -0.16480941 0.36154328 -0.91767332
vn -0.12161774 0.36887265 -0.92148906
vn -0.08428677 0.37324908 -0.92389440
vn -0.34773057 -0.20699221 -0.91446032
vn -0.38377200 -0.12821839 -0.91448297
vn -0.40221576 -0.04357764 -0.91450723
vn -0.08474047 -0.37161858 -0.92450997
vn -0.12141698 -0.36954901 -0.92124451
vn -0.16480638 -0.36207694 -0.91746343
vn -0.40221553 0.04305046 -0.91453230
vn -0.00000081 -0.00028634 -0.99999996
vn 0.01012480 0.68145933 0.73178595
vn -0.14725009 0.66543257 0.73179020
vn -0.03011600 0.38118114 0.92400972
vn 0.31479264 0.60446697 0.73179593
vn 0.16695738 0.66076818 0.73178593
vn -0.05847780 0.37399269 0.92558620
vn -0.08353680 0.37223548 0.92437133
vn -0.29669363 0.61355327 0.73179593
vn -0.11817994 0.36855322 0.92206400
vn 0.36600424 -0.57469054 0.73196426
vn 0.22355606 -0.64361235 0.73197393
vn -0.24259495 -0.63668373 0.73197099
vn -0.11571877 -0.36818462 0.92252331
vn -0.10530532 -0.67844857 0.72706144
vn -0.08346935 -0.37381517 0.92373973
vn -0.38292879 -0.56355550 0.73196362
vn -0.18732171 -0.34806111 0.91856630
vn -0.14152243 -0.36390739 0.92062088
vn 0.55252088 0.39893706 0.73182641
vn 0.06172488 -0.35458800 0.93298306
vn 0.09111136 -0.68253304 0.72515334
vn 0.05214368 -0.37567944 0.92528158
vn -0.05996432 -0.37446599 0.92529968
vn -0.03488164 -0.37492492 0.92639871
vn -0.00395173 -0.69359900 0.72035048
vn 0.00429432 -0.39045930 0.92061017
vn 0.03161140 -0.38686524 0.92159428
vn -0.15100243 0.36208514 0.91983293
vn -0.19738182 0.34504738 0.91759616
vn -0.43015033 0.52861102 0.73180672
vn -0.25457330 0.30136147 0.91889809
vn -0.54042555 0.41518121 0.73182292
vn 0.44566533 0.51559455 0.73180918
vn 0.62960065 0.26077929 0.73184506
vn 0.48870967 -0.47477614 0.73194977
vn 0.58506176 -0.34925529 0.73193133
vn -0.59518729 -0.33170926 0.73192968
vn -0.33141191 -0.22265917 0.91683643
vn -0.50261069 -0.46004058 0.73194615
vn -0.29141580 -0.26284392 0.91977710
vn -0.24387839 -0.30805043 0.91958048
vn 0.67962309 -0.04950360 0.73188923
vn 0.64985772 -0.20490308 0.73191508
vn 0.67274394 0.10856403 0.73186709
vn -0.68079744 -0.02928122 0.73188624
vn -0.39196494 -0.03447225 0.91933408
vn -0.65566666 -0.18549549 0.73191027
vn -0.38244307 -0.09567696 0.91901209
vn -0.35895495 -0.15756732 0.91995863
vn -0.29151622 0.26259521 0.91981631
vn -0.33148093 0.21206790 0.91931910
vn -0.62157656 0.27937661 0.73184103
vn -0.36035550 0.15497210 0.91985192
vn -0.66922664 0.12851046 0.73186117
vn -0.38290422 0.09385443 0.91900800
vn -0.39108728 0.03152070 0.91981367
vn -0.00722561 0.70607582 -0.70809938
vn 0.99099065 -0.12536480 -0.04712968
vn 0.98971577 -0.12267193 -0.07358187
vn 0.99820428 -0.05402387 -0.02587729
vn 0.98972153 -0.11195043 -0.08898542
vn 0.98971519 -0.09937883 -0.10289653
vn 0.99789056 -0.04505997 -0.04673355
vn 0.98972078 -0.08503794 -0.11498406
vn 0.98971436 -0.06928224 -0.12516172
vn 0.99789004 -0.03142173 -0.05681667
vn 0.98971962 -0.05229222 -0.13311875
vn 0.98971299 -0.03443917 -0.13886015
vn 0.99788928 -0.01563452 -0.06302808
vn 0.98971849 -0.01597995 -0.14213359
vn 0.98971180 0.00276628 -0.14304859
vn 0.99788834 0.00121603 -0.06494144
vn 0.98971705 0.02144428 -0.14142243
vn 0.98971776 0.03952327 -0.13746514
vn 0.99788763 0.01798378 -0.06242484
vn 0.98971543 0.05694673 -0.13122664
vn 0.98970886 0.07363758 -0.12269427
vn 0.99788650 0.03353562 -0.05565866
vn 0.98971413 0.08903781 -0.11197418
vn 0.98970759 0.10295052 -0.09939858
vn 0.99788561 0.04680439 -0.04509606
vn 0.98971283 0.11503640 -0.08505963
vn 0.98970638 0.12520924 -0.06931035
vn 0.99788490 0.05688672 -0.03145837
vn 0.95295749 0.29733640 0.05884791
vn 0.96713034 0.24668234 0.06169878
vn 0.96804535 0.24934031 0.02678819
vn 0.90469275 0.41514136 0.09585760
vn 0.93118112 0.35333633 0.08975052
vn 0.92958261 0.36546090 0.04810935
vn 0.86270884 0.49080488 0.12183606
vn 0.88237480 0.45628746 0.11496292
vn 0.88107608 0.46842049 0.06547661
vn 0.90674783 -0.39511910 -0.14727275
vn 0.88249909 -0.44769703 -0.14409275
vn 0.88126476 -0.43138061 -0.19308855
vn 0.86272602 -0.48064283 -0.15711870
vn 0.48343733 -0.83319533 -0.26846581
vn 0.47004150 -0.81252264 -0.34477231
vn 0.99821884 0.05931682 0.00637650
vn 0.99996110 0.00217569 -0.00854747
vn 0.99788430 0.06309689 -0.01567486
vn 0.99699236 0.07569306 0.01663743
vn 0.92927627 -0.35004715 -0.11795173
vn 0.96514419 -0.24715719 -0.08608146
vn 0.95523457 -0.26620435 -0.12908197
vn 0.92832531 -0.34016262 -0.15000501
vn 0.47724502 0.85443337 0.20537968
vn 0.44844022 0.88001649 0.15643642
vn 0.48258221 0.87517817 0.03431596
vn 0.88183669 0.47149107 0.00775971
vn 0.47328899 0.87789453 -0.07279237
vn 0.88244607 0.46758052 -0.05154991
vn 0.48814061 0.85966715 -0.15063581
vn 0.88209591 0.45674767 -0.11527520
vn 0.97839902 0.20391632 0.03396302
vn 0.98623100 0.16495761 0.01172173
vn 0.99079835 0.13261823 0.02703764
vn 0.98962355 0.14366584 0.00231435
vn 0.98971114 0.14218150 -0.01600848
vn 0.98970552 0.13890577 -0.03446987
vn 0.98971184 0.13316373 -0.05232481
vn 0.88183621 0.29138455 -0.37075590
vn 0.48813472 0.58373178 -0.64883103
vn 0.88238735 0.33917648 -0.32611637
vn 0.45836913 0.65955978 -0.59571691
vn 0.88192113 0.37853319 -0.28094080
vn 0.47818953 0.70672657 -0.52141378
vn 0.88203861 0.41243543 -0.22782647
vn 0.44287609 0.79301771 -0.41831051
vn 0.88134978 0.44003246 -0.17202907
vn 0.47671235 0.81005745 -0.34139750
vn 0.47194049 0.85087809 -0.23082167
vn 0.88207440 -0.11528100 -0.45678775
vn 0.48811920 -0.15063766 -0.85967898
vn 0.88242555 -0.05154849 -0.46761940
vn 0.47326857 -0.07279447 -0.87790536
vn 0.88181738 0.00776837 -0.47152706
vn 0.48256383 0.03431779 -0.87518823
vn 0.88223393 0.07132555 -0.46537722
vn 0.44948512 0.15768859 -0.87925960
vn 0.88179197 0.13016026 -0.45332244
vn 0.47741084 0.23253722 -0.84735195
vn 0.88177305 0.18760495 -0.43275937
vn 0.47111172 0.34334390 -0.81250767
vn 0.88063903 0.24535888 -0.40530719
vn 0.48437630 0.43447963 -0.75934646
vn 0.47412608 0.52633077 -0.70581894
vn 0.88181517 -0.37079024 -0.29140453
vn 0.48810836 -0.64884277 -0.58374078
vn 0.88236543 -0.32614826 -0.33920284
vn 0.45834504 -0.59572528 -0.65956896
vn 0.88189849 -0.28096737 -0.37856622
vn 0.47816466 -0.52142178 -0.70673750
vn 0.88201609 -0.22784684 -0.41247235
vn 0.44285331 -0.41831700 -0.79302701
vn 0.88132724 -0.17204302 -0.44007215
vn 0.47668959 -0.34140279 -0.81006862
vn 0.47191796 -0.23082335 -0.85089013
vn 0.88061944 -0.40534227 -0.24537124
vn 0.48435529 -0.75935658 -0.43448537
vn 0.47410259 -0.70583033 -0.52633666
vn 0.92972375 0.36819148 0.00698441
vn 0.92972771 0.36593047 -0.04124666
vn 0.92972368 0.35740216 -0.08875568
vn 0.92972725 0.34271253 -0.13474186
vn 0.92972312 0.32215391 -0.17841463
vn 0.92972641 0.29604338 -0.21901395
vn 0.92972212 0.26485841 -0.25586482
vn 0.92972539 0.22911232 -0.28830236
vn 0.92972085 0.18942619 -0.31581143
vn 0.92972447 0.14648606 -0.33786721
vn 0.92974362 0.10163128 -0.35390378
vn 0.92972315 0.05510390 -0.36411321
vn 0.92971871 0.00700231 -0.36820386
vn 0.92972237 -0.04123637 -0.36594518
vn 0.92971816 -0.08875029 -0.35741786
vn 0.92972167 -0.13474267 -0.34272734
vn 0.92971737 -0.17842168 -0.32216661
vn 0.92972079 -0.21902498 -0.29605289
vn 0.92971681 -0.25588165 -0.26486080
vn 0.92972035 -0.28832118 -0.22910905
vn 0.92971606 -0.31583041 -0.18941805
vn 0.96806350 0.25065988 0.00476268
vn 0.96806657 0.24911654 -0.02807251
vn 0.96806409 0.24331532 -0.06041163
vn 0.96806696 0.23331238 -0.09171533
vn 0.96806457 0.21932189 -0.12144500
vn 0.96806772 0.20154415 -0.14907998
vn 0.96806533 0.18031848 -0.17416877
vn 0.96806861 0.15598233 -0.19624649
vn 0.96806622 0.12896648 -0.21497775
vn 0.96806951 0.09973920 -0.22998590
vn 0.96808400 0.06920019 -0.24088318
vn 0.96807054 0.03752977 -0.24785268
vn 0.96806823 0.00478971 -0.25064110
vn 0.96807161 -0.02805062 -0.24909942
vn 0.96806936 -0.06039361 -0.24329886
vn 0.96807253 -0.09169985 -0.23329533
vn 0.96807010 -0.12143562 -0.21930271
vn 0.96807325 -0.14907329 -0.20152256
vn 0.96807079 -0.17416553 -0.18029232
vn 0.96807373 -0.19624314 -0.15595476
vn 0.96807109 -0.21497505 -0.12893446
vn 0.96654405 -0.23329286 -0.10661634
vn 0.97809269 -0.19328450 -0.07730326
vn 0.98703613 -0.14484452 -0.06913570
vn 0.99691550 -0.07425628 -0.02540645
vn 0.85630775 -0.49689389 -0.14083148
vn 0.88016471 -0.45598261 -0.13187095
vn 0.90983959 -0.39876153 -0.11480926
vn 0.98281350 -0.17716472 -0.05186788
vn 0.96447520 -0.25375424 -0.07346006
vn 0.94068467 -0.32571508 -0.09498442
vn 0.99536701 -0.09204958 -0.02777409
vn 0.99999931 -0.00036412 -0.00111894
vn 0.99549233 0.09150760 0.02492732
vn 0.98245993 0.17984780 0.04926712
vn 0.96402567 0.25834468 0.06255022
vn 0.93847274 0.33568410 0.08114863
vn 0.91181222 0.39660477 0.10631615
vn 0.87728610 0.46239285 0.12869326
vn 0.84341748 0.51687425 0.14658774
vn 0.47354786 0.84686691 0.24201003
vn 0.58146557 0.80238160 0.13446772
vn 0.72864183 0.68029032 0.07928533
vn 0.76549671 0.62504401 0.15275723
vn 0.98350683 0.17620146 0.04083341
vn 0.84651064 0.51150147 0.14760077
vn 0.11416158 0.95007616 -0.29038324
vn 0.22705563 0.97059879 0.07989817
vn 0.11019037 0.98701655 -0.11686064
vn 0.11581774 0.98544095 -0.12446842
vn 0.37302173 0.91680530 0.14255815
vn 0.09839901 0.98088466 -0.16787769
vn 0.12710766 0.96902783 -0.21172792
vn 0.10499413 0.95753953 -0.26850377
vn 0.17873842 0.98385232 -0.00933761
vn 0.10546574 0.98991042 -0.09462739
vn 0.72575067 0.63650740 0.26104462
vn 0.33562384 0.92716773 0.16648316
vn 0.64114010 0.73046977 0.23527280
vn 0.26722042 0.95473787 0.13064783
vn 0.50034529 0.82404819 0.26570505
vn 0.23812031 0.96826250 0.07593708
vn 0.48281877 0.84235035 0.23944087
vn 0.48692920 0.84542178 0.21945834
vn 0.79793182 0.56511387 0.20964524
vn 0.45778171 0.86451332 0.20749127
vn 0.37680209 0.90636361 0.19111565
vn 0.96175132 0.27296233 0.02293402
vn 0.98460061 0.17197547 0.03140183
vn 0.98362703 0.17901949 0.02073377
vn 0.98351738 0.18080999 0.00114243
vn 0.98340439 0.18129658 0.00688096
vn 0.91515650 0.40306233 0.00541714
vn 0.92234655 0.38342446 0.04756600
vn 0.89908823 0.42724097 0.09542284
vn 0.71611164 0.69663790 0.04335612
vn 0.55972371 0.82564761 0.07081949
vn 0.39158337 0.91643973 0.08246631
vn 0.26618920 0.96180802 0.06378596
vn 0.85766512 0.49446683 0.14111374
vn 0.80558115 0.56607377 0.17492713
vn 0.86616356 0.49262871 0.08412871
vn 0.84833481 0.52820446 0.03644313
vn 0.83909600 0.54366297 0.01866754
vn 0.95486429 -0.29618934 -0.02249599
vn 0.95057325 -0.31042653 0.00677191
vn 0.91143125 -0.41113354 0.01619548
vn 0.30883477 -0.95005646 0.04487538
vn 0.67463551 -0.73802911 -0.01341494
vn 0.86588474 -0.48518985 -0.12179663
vn 0.97118079 -0.23407157 -0.04492638
vn 0.75119504 -0.65530429 -0.07926091
vn 0.80803390 -0.58122524 -0.09622075
vn 0.86169509 -0.49737610 -0.10049172
vn 0.91245796 -0.39895457 -0.09086099
vn 0.94926222 -0.30729075 -0.06688518
vn 0.45270376 -0.88895205 0.06945185
vn 0.58436062 -0.80945793 0.05745019
vn 0.26455962 -0.96244101 0.06095490
vn 0.19078771 -0.98148470 0.01696577
vn 0.20049412 -0.97969358 0.00161436
vn 0.20836123 -0.97791596 0.01630868
vn 0.21105220 -0.97747357 0.00154308
vn 0.73591643 -0.67218442 0.08121025
vn 0.84503465 -0.53153738 0.05817608
vn 0.62680343 -0.77415281 0.08834532
vn 0.52286944 -0.84839356 0.08267956
vn 0.92203181 -0.38649558 0.02187496
vn 0.95837843 -0.28548680 0.00284129
vn 0.98357522 -0.17497956 -0.04429382
vn 0.98321187 -0.18141869 -0.01953653
vn 0.97121738 -0.23819060 0.00143065
vn 0.98346913 -0.18095720 -0.00655529
vn 0.70639768 -0.70631307 0.04608868
vn 0.76541703 -0.64291133 -0.02831593
vn 0.79991329 -0.59900153 0.03654998
vn 0.83607370 -0.54747495 -0.03538277
vn 0.86304552 -0.50441520 0.02679051
vn 0.88384445 -0.46618391 -0.03862060
vn 0.92178248 -0.38639708 -0.03184898
vn 0.41703130 -0.90647640 0.06622260
vn 0.53274904 -0.84171201 0.08774597
vn 0.65194415 -0.75309225 0.08843578
vn 0.75428810 -0.65111030 0.08429016
vn 0.82393830 -0.56200750 0.07261716
vn 0.88503065 -0.46278011 0.05055008
vn 0.94461899 -0.32681799 0.02974843
vn 0.99513837 -0.09847583 0.00146052
vn 0.99536468 -0.09563088 -0.01019260
vn 0.99999326 -0.00277933 0.00239752
vn 0.99998745 -0.00262913 0.00426401
vn 0.99522914 0.09684372 0.01184311
vn 0.99566698 0.09103683 0.01896219
vn 0.99538886 -0.09356641 -0.02112691
vn 0.99999793 -0.00147459 0.00140529
vn 0.99557503 0.09099241 0.02346793
vn 0.20351984 -0.88848739 -0.41130260
vn 0.16231079 -0.90230056 -0.39938566
vn 0.23863418 -0.88360928 -0.40285030
vn 0.26111949 -0.87149308 -0.41511014
vn 0.31023106 -0.84955860 -0.42662264
vn 0.36827212 -0.82525532 -0.42816971
vn 0.41553432 -0.81567045 -0.40250832
vn 0.32894201 -0.87423924 -0.35707548
vn 0.13839907 -0.92511080 -0.35357560
vn -0.00320931 -0.92340418 -0.38381562
vn 0.00025547 -0.92454430 -0.38107449
vn 0.03239818 -0.93020158 -0.36561645
vn 0.00287022 -0.92332396 0.38401124
vn 0.00594931 -0.91864085 0.39504885
vn 0.04358453 -0.67498729 0.73654093
vn 0.04356777 -0.62874349 0.77639132
vn 0.19925643 -0.86762471 0.45554828
vn 0.16127053 -0.85741934 0.48869612
vn 0.04462577 -0.92015860 0.38899446
vn 0.16568772 -0.90861838 0.38335391
vn 0.27992829 -0.87316580 0.39902585
vn 0.40045252 -0.82250889 0.40387734
vn 0.43315041 -0.79433903 0.42591811
vn 0.35251263 -0.82481678 0.44205443
vn 0.25097462 -0.85689786 0.45026414
vn -0.08116891 -0.92265834 0.37697903
vn -0.01893108 -0.91797554 -0.39618496
vn -0.68986608 -0.70021935 -0.18378698
vn -0.69324344 -0.66435733 -0.27936153
vn -0.68322132 -0.61443415 -0.39456216
vn -0.67995552 -0.50745429 -0.52929257
vn -0.67995552 -0.35988166 -0.63886280
vn -0.67995566 -0.18969693 -0.70829046
vn -0.67995584 -0.00759231 -0.73321375
vn -0.67995536 0.17498972 -0.71206693
vn -0.67995571 0.34657486 -0.64617807
vn -0.67995567 0.49638484 -0.53968729
vn -0.67995561 0.61500498 -0.39928592
vn -0.67995550 0.69498183 -0.23379644
vn -0.67995520 0.73129081 -0.05361603
vn -0.67995522 0.72164974 0.12993289
vn -0.67995502 0.66666504 0.30531771
vn -0.67995581 0.56979079 0.46151765
vn -0.67995468 0.43711490 0.58872081
vn -0.67995649 0.27697361 0.67892915
vn -0.67995432 0.09942831 0.72648202
vn -0.67995473 -0.08436361 0.72838476
vn -0.67995427 -0.26285536 0.68452119
vn -0.67995476 -0.42483065 0.59764575
vn -0.67995431 -0.56011259 0.47321879
vn -0.67995688 -0.66019804 0.31905671
vn -0.67995516 -0.71880447 0.14484859
vn -0.67995491 -0.73224451 -0.03846161
vn -1.00000000 0.00000001 -0.00000002
vn -0.44542056 -0.76740838 -0.46117772
vn -0.40088545 -0.80671700 -0.43416419
vn -0.17797508 -0.65041454 -0.73843469
vn -0.33596167 -0.84628916 -0.41343006
vn -0.12564197 -0.65711688 -0.74324391
vn -0.07778626 -0.91877390 -0.38704499
vn -0.22476951 -0.89605127 -0.38284565
vn -0.43801240 -0.80606775 -0.39799489
vn -0.53150096 -0.72048876 -0.44542416
vn -0.50040620 -0.72751549 -0.46937708
vn -0.31855721 -0.86424901 -0.38935196
vn -0.52148781 -0.73010582 0.44158346
vn -0.48042419 -0.74608780 0.46102667
vn -0.41974692 -0.79164036 0.44397980
vn -0.39049669 -0.81814433 0.42208078
vn -0.33914876 -0.84760888 0.40808983
vn -0.32745642 -0.86037424 0.39054892
vn -0.25375537 -0.87508565 0.41210838
vn -0.45566976 -0.79100058 0.40826848
vn -0.57060356 0.72761494 0.38077301
vn -0.61010290 0.69614777 0.37835530
vn -0.80072752 -0.45784828 0.38627761
vn -0.77152292 -0.50855392 0.38226339
vn -0.46763723 -0.79789824 0.38036010
vn -0.42926425 -0.81846047 0.38190923
vn -0.37870891 -0.83745061 0.39402543
vn -0.52801545 -0.75533200 0.38816654
vn -0.49784149 -0.77487388 0.38951806
vn -0.71018943 -0.58992247 0.38421668
vn -0.68187180 -0.62459477 0.38069964
vn -0.63771958 -0.66862440 0.38243320
vn -0.58638386 -0.71689540 0.37711397
vn -0.73746983 -0.54645567 0.39689351
vn -0.82431358 -0.41612172 0.38386174
vn -0.84876224 -0.36975573 0.37799915
vn -0.92121416 -0.08272670 0.38015887
vn -0.91320490 -0.13281856 0.38524801
vn -0.90324378 -0.19882895 0.38028636
vn -0.87833244 -0.28128620 0.38653614
vn -0.86360941 -0.32391157 0.38634191
vn -0.92270941 0.06492633 0.37998936
vn -0.92245620 0.01511685 0.38580570
vn -0.92247048 -0.02356779 0.38534759
vn -0.91596123 0.12660366 0.38077098
vn -0.90625937 0.19474317 0.37519201
vn -0.85130283 0.36413637 0.37774090
vn -0.86510982 0.31738698 0.38839477
vn -0.87762547 0.27920122 0.38964114
vn -0.82653598 0.41250666 0.38298373
vn -0.80176554 0.45752731 0.38450069
vn -0.67865957 0.62800633 0.38082703
vn -0.71112036 0.58991464 0.38250301
vn -0.74157285 0.55208428 0.38114651
vn -0.77609195 0.50597414 0.37639268
vn -0.63717675 0.66638843 0.38721086
vn -0.53236308 0.75251647 0.38769643
vn -0.50368853 0.77368813 0.38432347
vn -0.46143033 0.80151925 0.38032740
vn -0.40283545 0.82754729 0.39101034
vn -0.32476403 0.86652287 0.37903356
vn -0.30451292 0.86970219 0.38844560
vn -0.48328951 0.74727281 0.45608617
vn -0.52816934 0.72416503 0.44342097
vn -0.54204368 0.70609803 -0.45564705
vn -0.50116734 0.72747075 -0.46863376
vn -0.44750576 0.76287301 -0.46665122
vn -0.43884765 0.78871130 0.43051971
vn -0.38111213 0.80991130 -0.44586684
vn -0.33692621 0.84522399 -0.41482182
vn -0.37673212 0.82755704 0.41619977
vn -0.33329924 0.85526759 0.39677320
vn -0.31831986 0.86408478 -0.38991020
vn -0.17490766 0.91074038 0.37411132
vn -0.14543566 0.91311757 -0.38087369
vn -0.26716634 0.87713524 -0.39906882
vn -0.36823397 0.83445726 -0.40998150
vn -0.33262887 0.85695951 0.39367301
vn -0.50816081 0.75213767 -0.41959684
vn -0.48465552 0.77156194 0.41206941
vn -0.17119989 0.65708579 -0.73411775
vn -0.12818768 0.65571430 -0.74404750
vn -0.17542602 0.65343900 0.73637164
vn -0.14517269 0.64902590 0.74678663
vn -0.52747112 -0.76134583 -0.37699702
vn -0.79589815 -0.47329499 -0.37754204
vn -0.56949013 0.82196899 -0.00692602
vn -0.41068312 -0.91176943 -0.00398579
vn -0.41147327 0.91141209 -0.00421246
vn -0.73157988 0.68173665 -0.00510141
vn -0.85859843 0.51261576 -0.00581630
vn -0.94935093 0.31416398 -0.00581381
vn -0.99396898 0.10954090 -0.00514290
vn -0.99421815 -0.10703913 -0.00853784
vn -0.94861192 -0.31632689 -0.00852813
vn -0.73036157 -0.68302409 -0.00707622
vn -0.13516373 -0.65410453 0.74422983
vn -0.17404050 -0.65457487 0.73569127
vn -0.29171979 0.64415784 -0.70707867
vn -0.40236815 0.58125773 -0.70727599
vn -0.51693870 0.48226027 -0.70724778
vn -0.60780635 0.36113978 -0.70721249
vn -0.67080517 0.22344988 -0.70717083
vn -0.67080525 0.22344981 -0.70717077
vn -0.70304046 0.07550444 -0.70713025
vn -0.70304185 -0.07591413 -0.70708500
vn -0.67080329 -0.22385922 -0.70704313
vn -0.51693803 -0.48267017 -0.70696859
vn -0.29171656 -0.64456025 -0.70671320
vn 0.27123622 0.67864565 -0.68254743
vn 0.42587410 0.58895642 -0.68684903
vn 0.09340404 0.72783381 -0.67936266
vn -0.09469685 0.72766584 -0.67936362
vn -0.27657691 0.67968219 -0.67936539
vn -0.68494389 0.39939623 -0.60937224
vn -0.68528472 -0.39856193 -0.60953526
vn -0.27948034 -0.67802693 -0.67983103
vn -0.10121389 -0.72635000 -0.67983191
vn 0.08347292 -0.72860186 -0.67983204
vn 0.25683772 -0.68331581 -0.68345731
vn 0.41422995 -0.59435666 -0.68931394
vn -0.21763624 -0.89763868 0.38324831
vn -0.32519933 -0.85377681 0.40658400
vn -0.42784804 -0.82124904 0.37748653
vn -0.51332722 -0.75576858 0.40658212
vn -0.60570674 -0.70044326 0.37748984
vn -0.67378404 -0.61701310 0.40658322
vn -0.75091443 -0.54187799 0.37748610
vn -0.79791340 -0.44499561 0.40658716
vn -0.85563879 -0.35409708 0.37748843
vn -0.87902795 -0.24898951 0.40658834
vn -0.91423174 -0.14722768 0.37749747
vn -0.91275488 -0.03955961 0.40658770
vn -0.92354466 0.06757636 0.37748999
vn -0.89727508 0.17200149 0.40658691
vn -0.88306568 0.27873932 0.37749092
vn -0.83342229 0.37429196 0.40658679
vn -0.79497945 0.47487306 0.37749602
vn -0.72464033 0.55640172 0.40658765
vn -0.66403851 0.64540921 0.37749147
vn -0.57679160 0.70851861 0.40658680
vn -0.49729791 0.78115074 0.37748948
vn -0.39784842 0.82243707 0.40658811
vn -0.30374716 0.87477896 0.37749097
vn -0.19745800 0.89201944 0.40658538
vn -0.09382219 0.92124910 0.37748840
vn 0.01376194 0.92579887 0.37776587
vn 0.12116159 0.91805252 0.37749098
vn 0.23311589 0.86768562 0.43906566
vn 0.32037380 0.86630124 0.38325291
vn 0.42211785 0.81024867 0.40658777
vn 0.52029511 0.76602401 0.37749200
vn 0.59773727 0.67077039 0.43906405
vn 0.67509218 0.63037281 0.38325014
vn 0.74085704 0.53461941 0.40658692
vn 0.80874469 0.45103706 0.37748854
vn 0.83519724 0.33115633 0.43906839
vn 0.88619416 0.26034036 0.38325292
vn 0.88905288 0.12962015 0.43907129
vn 0.92234620 0.04895291 0.38325071
vn 0.89498362 -0.07890303 0.43906563
vn 0.90877391 -0.16507515 0.38324950
vn 0.87123943 -0.27500681 0.40658715
vn 0.84473506 -0.37937105 0.37749209
vn 0.76437074 -0.47217775 0.43907351
vn 0.73802359 -0.55537339 0.38325134
vn 0.65514610 -0.63676613 0.40658638
vn 0.58462208 -0.71813609 0.37748853
vn 0.47115565 -0.76500434 0.43906800
vn 0.41026973 -0.82752341 0.38325416
vn 0.28203738 -0.85304075 0.43906309
vn 0.20837320 -0.89983233 0.38325239
vn 0.09272035 -0.90880396 0.40679024
vn -0.01392715 -0.92571887 0.37795582
vn -0.13080849 -0.88888162 0.43906560
vn 0.01094678 0.73642158 0.67643435
vn -0.19697235 0.70967395 0.67643534
vn 0.00000001 -0.00000016 1.00000000
vn 0.56371894 0.47398076 0.67643418
vn 0.40734862 0.61359973 0.67643365
vn 0.21797728 0.70350759 0.67643401
vn 0.72736947 -0.11563848 0.67643285
vn 0.73048565 0.09396919 0.67643219
vn 0.67442035 0.29596258 0.67643428
vn 0.38893168 -0.62543672 0.67643260
vn 0.54938215 -0.49052711 0.67643360
vn 0.66532461 -0.31587681 0.67643551
vn -0.21797692 -0.70350796 0.67643375
vn -0.01094601 -0.73642271 0.67643313
vn 0.19697124 -0.70967563 0.67643391
vn -0.67441962 -0.29596268 0.67643497
vn -0.56371928 -0.47398027 0.67643424
vn -0.40734903 -0.61359955 0.67643356
vn -0.66532592 0.31587728 0.67643400
vn -0.72736858 0.11563728 0.67643401
vn -0.73048412 -0.09396924 0.67643383
vn -0.38893196 0.62543882 0.67643049
vn -0.54938063 0.49052637 0.67643536
vn -0.00998640 -0.67188776 0.74058565
vn -0.19887515 -0.64185782 0.74058572
vn -0.37165126 -0.55982736 0.74058671
vn -0.51431804 -0.43244401 0.74058702
vn -0.61531778 -0.27002764 0.74058700
vn -0.66646969 -0.08573225 0.74058634
vn -0.66362611 0.10550388 0.74058714
vn -0.60702272 0.28819698 0.74058485
vn -0.50123805 0.44753926 0.74058694
vn -0.35484959 0.57062906 0.74058372
vn -0.17970918 0.64748389 0.74058708
vn 0.00998737 0.67188804 0.74058539
vn 0.19887435 0.64185614 0.74058739
vn 0.37165159 0.55982927 0.74058510
vn 0.51431902 0.43244461 0.74058599
vn 0.61531758 0.27002767 0.74058716
vn 0.66647130 0.08573441 0.74058464
vn 0.66362490 -0.10550731 0.74058774
vn 0.60702038 -0.28819440 0.74058777
vn 0.50123852 -0.44754031 0.74058600
vn 0.35484777 -0.57062744 0.74058584
vn 0.17971079 -0.64748438 0.74058626
vn 0.05592647 0.39096093 0.91870658
vn -0.25832624 -0.29873090 0.91870964
vn -0.18247248 -0.35025476 0.91870855
vn -0.08919942 -0.39067106 0.91619844
vn -0.00728735 -0.39499736 0.91865335
vn 0.09562007 -0.38914406 0.91620069
vn 0.38344291 0.11675879 0.91615442
vn 0.34572159 0.19118855 0.91865310
vn 0.28920122 0.27738346 0.91619925
vn 0.22314238 0.32601095 0.91865355
vn 0.13394937 0.37766844 0.91620092
vn 0.00586570 0.39460591 0.91883174
vn -0.04286184 0.39246826 0.91876631
vn -0.12954357 0.37308191 0.91871016
vn -0.21209190 0.33315110 0.91870962
vn -0.28320335 0.27525800 0.91871045
vn 0.18156688 -0.35734261 0.91615486
vn 0.24831777 -0.30726971 0.91865315
vn 0.32338705 -0.23663924 0.91620013
vn 0.35980459 -0.16313977 0.91865449
vn 0.39519302 -0.06633420 0.91619990
vn 0.40003626 0.02518378 0.91615325
vn -0.33904700 0.20252579 0.91871129
vn -0.37661585 0.11887838 0.91871020
vn -0.39387967 0.02882016 0.91871008
vn -0.38990424 -0.06278898 0.91871226
vn -0.36491945 -0.15101710 0.91870976
vn -0.32025692 -0.23110452 0.91870899
f 1//1 2//2 3//3
f 4//4 5//5 6//6
f 7//7 8//8 9//9
f 10//10 11//11 12//12
f 12//12 11//11 13//13
f 14//14 15//15 16//16
f 16//16 15//15 17//17
f 13//13 11//11 15//15
f 15//15 11//11 18//18
f 15//15 18//18 17//17
f 9//9 8//8 12//12
f 12//12 8//8 19//19
f 12//12 19//19 10//10
f 6//6 5//5 9//9
f 9//9 5//5 20//20
f 9//9 20//20 7//7
f 21//21 22//22 6//6
f 6//6 22//22 23//23
f 6//6 23//23 4//4
f 24//24 25//25 26//26
f 26//26 27//27 24//24
f 24//24 27//27 28//28
f 24//24 28//28 21//21
f 21//21 28//28 29//29
f 21//21 29//29 22//22
f 30//30 31//31 32//32
f 32//32 31//31 33//33
f 32//32 33//33 34//34
f 34//34 33//33 35//35
f 34//34 35//35 25//25
f 25//25 35//35 36//36
f 25//25 36//36 26//26
f 37//37 38//38 39//39
f 39//39 38//38 40//40
f 39//39 40//40 41//41
f 41//41 40//40 42//42
f 41//41 42//42 43//43
f 44//44 45//45 41//41
f 41//41 45//45 46//46
f 41//41 46//46 39//39
f 39//39 46//46 47//47
f 39//39 47//47 37//37
f 37//37 47//47 48//48
f 2//2 44//44 3//3
f 3//3 44//44 41//41
f 3//3 41//41 49//49
f 49//49 41//41 43//43
f 49//49 43//43 50//50
f 51//51 52//52 53//53
f 54//54 55//55 56//56
f 56//56 55//55 57//57
f 56//56 57//57 52//52
f 52//52 57//57 58//58
f 52//52 58//58 53//53
f 56//56 59//59 54//54
f 54//54 59//59 60//60
f 54//54 60//60 61//61
f 60//60 62//62 61//61
f 61//61 62//62 63//63
f 61//61 63//63 64//64
f 64//64 63//63 65//65
f 64//64 65//65 66//66
f 65//65 67//67 66//66
f 66//66 67//67 68//68
f 66//66 68//68 69//69
f 53//53 1//1 51//51
f 51//51 1//1 3//3
f 51//51 3//3 70//70
f 70//70 3//3 49//49
f 70//70 49//49 30//30
f 30//30 49//49 50//50
f 30//30 50//50 31//31
f 71//71 72//72 73//73
f 73//73 72//72 74//74
f 72//72 75//75 74//74
f 74//74 75//75 76//76
f 74//74 76//76 77//77
f 77//77 76//76 78//78
f 77//77 78//78 79//79
f 79//79 78//78 80//80
f 79//79 80//80 81//81
f 81//81 80//80 82//82
f 81//81 82//82 83//83
f 82//82 84//84 83//83
f 83//83 84//84 85//85
f 83//83 85//85 86//86
f 86//86 85//85 87//87
f 86//86 87//87 88//88
f 88//88 87//87 89//89
f 88//88 89//89 90//90
f 89//89 91//91 90//90
f 90//90 91//91 92//92
f 90//90 92//92 93//93
f 92//92 94//94 93//93
f 93//93 94//94 95//95
f 93//93 95//95 96//96
f 95//95 97//97 96//96
f 96//96 97//97 98//98
f 96//96 98//98 99//99
f 99//99 98//98 100//100
f 99//99 100//100 101//101
f 102//102 103//103 104//104
f 104//104 103//103 105//105
f 105//105 103//103 106//106
f 106//106 103//103 107//107
f 106//106 107//107 108//108
f 109//109 110//110 111//111
f 111//111 110//110 112//112
f 107//107 113//113 108//108
f 108//108 113//113 114//114
f 108//108 114//114 115//115
f 115//115 114//114 111//111
f 115//115 111//111 116//116
f 116//116 111//111 112//112
f 116//116 112//112 117//117
f 117//117 112//112 118//118
f 119//119 102//102 104//104
f 119//119 104//104 120//120
f 121//121 122//122 123//123
f 123//123 122//122 124//124
f 104//104 125//125 120//120
f 120//120 125//125 123//123
f 120//120 123//123 126//126
f 126//126 123//123 124//124
f 122//122 121//121 127//127
f 127//127 121//121 128//128
f 127//127 128//128 129//129
f 129//129 128//128 130//130
f 129//129 130//130 131//131
f 131//131 130//130 132//132
f 48//48 133//133 134//134
f 133//133 48//48 135//135
f 135//135 48//48 47//47
f 135//135 47//47 136//136
f 137//137 138//138 139//139
f 139//139 138//138 48//48
f 139//139 48//48 140//140
f 140//140 48//48 134//134
f 141//141 142//142 47//47
f 47//47 142//142 143//143
f 47//47 143//143 136//136
f 137//137 144//144 138//138
f 138//138 144//144 145//145
f 138//138 145//145 146//146
f 146//146 145//145 147//147
f 146//146 147//147 148//148
f 148//148 147//147 149//149
f 148//148 149//149 150//150
f 150//150 149//149 151//151
f 150//150 151//151 152//152
f 152//152 151//151 153//153
f 153//153 151//151 154//154
f 153//153 154//154 155//155
f 155//155 154//154 156//156
f 155//155 156//156 157//157
f 157//157 156//156 158//158
f 157//157 158//158 159//159
f 159//159 158//158 160//160
f 159//159 160//160 161//161
f 161//161 160//160 162//162
f 161//161 162//162 163//163
f 163//163 162//162 164//164
f 163//163 164//164 165//165
f 165//165 164//164 166//166
f 165//165 166//166 167//167
f 167//167 166//166 168//168
f 167//167 168//168 169//169
f 169//169 168//168 170//170
f 169//169 170//170 171//171
f 171//171 170//170 172//172
f 171//171 172//172 47//47
f 47//47 172//172 173//173
f 47//47 173//173 141//141
f 174//174 175//175 17//17
f 17//17 175//175 176//176
f 17//17 176//176 16//16
f 17//17 18//18 174//174
f 174//174 18//18 11//11
f 174//174 11//11 177//177
f 177//177 11//11 10//10
f 177//177 10//10 178//178
f 178//178 10//10 19//19
f 178//178 19//19 8//8
f 8//8 7//7 178//178
f 178//178 7//7 20//20
f 178//178 20//20 179//179
f 179//179 20//20 5//5
f 179//179 5//5 180//180
f 180//180 5//5 4//4
f 4//4 23//23 180//180
f 180//180 23//23 22//22
f 180//180 22//22 181//181
f 181//181 22//22 29//29
f 181//181 29//29 182//182
f 29//29 28//28 182//182
f 182//182 28//28 27//27
f 182//182 27//27 183//183
f 27//27 26//26 183//183
f 183//183 26//26 36//36
f 183//183 36//36 184//184
f 184//184 36//36 35//35
f 184//184 35//35 185//185
f 185//185 35//35 33//33
f 33//33 31//31 185//185
f 185//185 31//31 50//50
f 185//185 50//50 186//186
f 50//50 43//43 186//186
f 186//186 43//43 42//42
f 186//186 42//42 187//187
f 187//187 42//42 40//40
f 37//37 188//188 38//38
f 38//38 188//188 189//189
f 38//38 189//189 40//40
f 40//40 189//189 190//190
f 40//40 190//190 187//187
f 48//48 191//191 37//37
f 37//37 191//191 192//192
f 37//37 192//192 188//188
f 109//109 193//193 194//194
f 109//109 194//194 195//195
f 195//195 194//194 196//196
f 195//195 196//196 197//197
f 197//197 196//196 198//198
f 197//197 198//198 199//199
f 199//199 198//198 200//200
f 199//199 200//200 201//201
f 201//201 200//200 202//202
f 202//202 200//200 203//203
f 202//202 203//203 204//204
f 204//204 203//203 205//205
f 205//205 203//203 206//206
f 205//205 206//206 207//207
f 207//207 206//206 208//208
f 207//207 208//208 209//209
f 209//209 208//208 210//210
f 209//209 210//210 211//211
f 211//211 210//210 212//212
f 211//211 212//212 213//213
f 213//213 212//212 214//214
f 213//213 214//214 215//215
f 215//215 214//214 216//216
f 215//215 216//216 217//217
f 216//216 218//218 217//217
f 217//217 218//218 219//219
f 219//219 218//218 220//220
f 220//220 218//218 221//221
f 220//220 221//221 222//222
f 222//222 221//221 223//223
f 223//223 221//221 224//224
f 223//223 224//224 225//225
f 225//225 224//224 226//226
f 226//226 224//224 101//101
f 226//226 101//101 100//100
f 213//213 227//227 228//228
f 227//227 213//213 229//229
f 229//229 213//213 215//215
f 229//229 215//215 217//217
f 207//207 209//209 228//228
f 228//228 209//209 211//211
f 228//228 211//211 213//213
f 204//204 205//205 230//230
f 230//230 205//205 207//207
f 230//230 207//207 231//231
f 231//231 207//207 228//228
f 204//204 230//230 202//202
f 202//202 230//230 232//232
f 202//202 232//232 201//201
f 201//201 232//232 233//233
f 201//201 233//233 199//199
f 110//110 109//109 234//234
f 234//234 109//109 195//195
f 234//234 195//195 233//233
f 233//233 195//195 197//197
f 233//233 197//197 199//199
f 100//100 235//235 226//226
f 226//226 235//235 236//236
f 226//226 236//236 225//225
f 225//225 236//236 223//223
f 229//229 217//217 219//219
f 223//223 236//236 222//222
f 222//222 236//236 237//237
f 222//222 237//237 220//220
f 220//220 237//237 238//238
f 220//220 238//238 219//219
f 219//219 238//238 239//239
f 219//219 239//239 229//229
f 109//109 111//111 240//240
f 240//240 111//111 114//114
f 240//240 114//114 113//113
f 113//113 107//107 240//240
f 240//240 107//107 103//103
f 240//240 103//103 102//102
f 102//102 119//119 240//240
f 240//240 119//119 120//120
f 240//240 120//120 126//126
f 126//126 124//124 240//240
f 240//240 124//124 122//122
f 240//240 122//122 241//241
f 241//241 122//122 127//127
f 241//241 127//127 129//129
f 193//193 109//109 242//242
f 242//242 109//109 240//240
f 242//242 240//240 243//243
f 243//243 240//240 241//241
f 243//243 241//241 244//244
f 245//245 14//14 16//16
f 246//246 247//247 248//248
f 248//248 247//247 249//249
f 248//248 249//249 250//250
f 250//250 249//249 251//251
f 250//250 251//251 252//252
f 252//252 251//251 69//69
f 252//252 69//69 68//68
f 253//253 254//254 255//255
f 255//255 254//254 256//256
f 255//255 256//256 257//257
f 258//258 259//259 260//260
f 260//260 259//259 261//261
f 260//260 261//261 255//255
f 262//262 263//263 264//264
f 264//264 263//263 265//265
f 264//264 265//265 266//266
f 16//16 267//267 245//245
f 245//245 267//267 268//268
f 245//245 268//268 265//265
f 265//265 268//268 269//269
f 265//265 269//269 266//266
f 256//256 270//270 257//257
f 257//257 270//270 271//271
f 257//257 271//271 248//248
f 248//248 271//271 272//272
f 248//248 272//272 246//246
f 261//261 273//273 255//255
f 255//255 273//273 274//274
f 255//255 274//274 275//275
f 262//262 276//276 263//263
f 263//263 276//276 277//277
f 263//263 277//277 258//258
f 258//258 277//277 278//278
f 258//258 278//278 259//259
f 275//275 279//279 255//255
f 255//255 279//279 280//280
f 255//255 280//280 253//253
f 281//281 244//244 282//282
f 282//282 244//244 283//283
f 284//284 196//196 285//285
f 285//285 196//196 194//194
f 194//194 193//193 285//285
f 285//285 193//193 242//242
f 285//285 242//242 281//281
f 281//281 242//242 243//243
f 281//281 243//243 244//244
f 283//283 286//286 282//282
f 282//282 286//286 287//287
f 282//282 287//287 288//288
f 288//288 287//287 289//289
f 77//77 290//290 74//74
f 74//74 290//290 291//291
f 74//74 291//291 73//73
f 292//292 293//293 294//294
f 294//294 293//293 295//295
f 296//296 297//297 292//292
f 292//292 297//297 298//298
f 292//292 298//298 293//293
f 299//299 208//208 206//206
f 73//73 291//291 300//300
f 300//300 291//291 301//301
f 300//300 301//301 302//302
f 295//295 303//303 294//294
f 294//294 303//303 304//304
f 294//294 304//304 305//305
f 305//305 304//304 306//306
f 305//305 306//306 301//301
f 301//301 306//306 307//307
f 301//301 307//307 302//302
f 289//289 308//308 288//288
f 288//288 308//308 309//309
f 288//288 309//309 310//310
f 310//310 309//309 311//311
f 310//310 311//311 312//312
f 299//299 206//206 313//313
f 206//206 203//203 313//313
f 313//313 203//203 200//200
f 313//313 200//200 284//284
f 284//284 200//200 198//198
f 284//284 198//198 196//196
f 314//314 214//214 212//212
f 86//86 88//88 315//315
f 315//315 88//88 90//90
f 315//315 90//90 316//316
f 77//77 79//79 290//290
f 290//290 79//79 81//81
f 290//290 81//81 315//315
f 315//315 81//81 83//83
f 315//315 83//83 86//86
f 317//317 318//318 319//319
f 319//319 318//318 320//320
f 319//319 320//320 296//296
f 296//296 320//320 321//321
f 296//296 321//321 297//297
f 314//314 212//212 299//299
f 299//299 212//212 210//210
f 299//299 210//210 208//208
f 322//322 323//323 101//101
f 90//90 93//93 316//316
f 316//316 93//93 96//96
f 316//316 96//96 323//323
f 323//323 96//96 99//99
f 323//323 99//99 101//101
f 101//101 224//224 322//322
f 322//322 224//224 221//221
f 322//322 221//221 324//324
f 324//324 221//221 218//218
f 324//324 218//218 314//314
f 314//314 218//218 216//216
f 314//314 216//216 214//214
f 325//325 326//326 327//327
f 327//327 326//326 328//328
f 327//327 328//328 317//317
f 317//317 328//328 329//329
f 317//317 329//329 318//318
f 311//311 330//330 312//312
f 312//312 330//330 331//331
f 312//312 331//331 332//332
f 332//332 331//331 333//333
f 332//332 333//333 334//334
f 334//334 333//333 335//335
f 334//334 335//335 325//325
f 325//325 335//335 336//336
f 325//325 336//336 326//326
f 117//117 118//118 69//69
f 105//105 106//106 251//251
f 251//251 121//121 123//123
f 105//105 251//251 104//104
f 104//104 251//251 123//123
f 104//104 123//123 125//125
f 106//106 108//108 251//251
f 251//251 108//108 115//115
f 251//251 115//115 69//69
f 69//69 115//115 116//116
f 69//69 116//116 117//117
f 251//251 249//249 121//121
f 121//121 249//249 337//337
f 121//121 337//337 128//128
f 128//128 337//337 130//130
f 338//338 339//339 340//340
f 341//341 342//342 343//343
f 344//344 345//345 346//346
f 347//347 348//348 349//349
f 350//350 351//351 352//352
f 353//353 354//354 355//355
f 356//356 357//357 358//358
f 359//359 360//360 361//361
f 362//362 363//363 364//364
f 365//365 366//366 367//367
f 368//368 369//369 370//370
f 371//371 372//372 373//373
f 374//374 375//375 376//376
f 377//377 378//378 379//379
f 380//380 381//381 382//382
f 381//381 380//380 383//383
f 374//374 376//376 384//384
f 385//385 386//386 387//387
f 388//388 371//371 389//389
f 389//389 371//371 373//373
f 389//389 373//373 390//390
f 390//390 373//373 391//391
f 390//390 391//391 392//392
f 392//392 391//391 393//393
f 392//392 393//393 394//394
f 394//394 393//393 395//395
f 396//396 397//397 398//398
f 398//398 397//397 383//383
f 398//398 383//383 399//399
f 399//399 383//383 380//380
f 399//399 380//380 400//400
f 400//400 380//380 382//382
f 400//400 382//382 401//401
f 401//401 382//382 402//402
f 363//363 402//402 364//364
f 364//364 402//402 382//382
f 364//364 382//382 381//381
f 360//360 362//362 361//361
f 361//361 362//362 364//364
f 361//361 364//364 381//381
f 403//403 404//404 405//405
f 405//405 404//404 406//406
f 405//405 406//406 407//407
f 407//407 406//406 408//408
f 407//407 408//408 409//409
f 409//409 408//408 410//410
f 409//409 410//410 411//411
f 411//411 410//410 412//412
f 411//411 412//412 395//395
f 395//395 412//412 413//413
f 395//395 413//413 394//394
f 357//357 359//359 358//358
f 358//358 359//359 361//361
f 358//358 361//361 381//381
f 354//354 356//356 355//355
f 355//355 356//356 358//358
f 355//355 358//358 381//381
f 351//351 353//353 352//352
f 352//352 353//353 355//355
f 352//352 355//355 381//381
f 414//414 415//415 416//416
f 416//416 415//415 417//417
f 416//416 417//417 418//418
f 418//418 417//417 419//419
f 418//418 419//419 420//420
f 420//420 419//419 421//421
f 420//420 421//421 422//422
f 422//422 421//421 423//423
f 422//422 423//423 424//424
f 424//424 423//423 425//425
f 424//424 425//425 426//426
f 426//426 425//425 427//427
f 426//426 427//427 403//403
f 403//403 427//427 428//428
f 403//403 428//428 404//404
f 348//348 350//350 349//349
f 349//349 350//350 352//352
f 349//349 352//352 381//381
f 345//345 347//347 346//346
f 346//346 347//347 349//349
f 346//346 349//349 381//381
f 342//342 344//344 343//343
f 343//343 344//344 346//346
f 343//343 346//346 381//381
f 429//429 430//430 431//431
f 431//431 430//430 432//432
f 431//431 432//432 433//433
f 433//433 432//432 434//434
f 433//433 434//434 435//435
f 435//435 434//434 436//436
f 435//435 436//436 437//437
f 437//437 436//436 438//438
f 437//437 438//438 414//414
f 414//414 438//438 439//439
f 414//414 439//439 415//415
f 339//339 341//341 340//340
f 340//340 341//341 343//343
f 340//340 343//343 381//381
f 375//375 377//377 376//376
f 376//376 377//377 379//379
f 376//376 379//379 440//440
f 440//440 379//379 441//441
f 440//440 441//441 429//429
f 429//429 441//441 442//442
f 429//429 442//442 430//430
f 372//372 368//368 373//373
f 373//373 368//368 370//370
f 373//373 370//370 391//391
f 391//391 370//370 443//443
f 391//391 443//443 393//393
f 393//393 443//443 444//444
f 393//393 444//444 395//395
f 395//395 444//444 445//445
f 395//395 445//445 411//411
f 411//411 445//445 446//446
f 411//411 446//446 409//409
f 409//409 446//446 447//447
f 409//409 447//447 407//407
f 407//407 447//447 448//448
f 407//407 448//448 405//405
f 405//405 448//448 449//449
f 405//405 449//449 403//403
f 403//403 449//449 450//450
f 403//403 450//450 426//426
f 426//426 450//450 451//451
f 426//426 451//451 424//424
f 424//424 451//451 452//452
f 424//424 452//452 422//422
f 422//422 452//452 453//453
f 422//422 453//453 420//420
f 420//420 453//453 454//454
f 420//420 454//454 418//418
f 418//418 454//454 455//455
f 418//418 455//455 416//416
f 416//416 455//455 456//456
f 416//416 456//456 414//414
f 414//414 456//456 457//457
f 414//414 457//457 437//437
f 437//437 457//457 458//458
f 437//437 458//458 435//435
f 435//435 458//458 459//459
f 435//435 459//459 433//433
f 433//433 459//459 460//460
f 433//433 460//460 431//431
f 431//431 460//460 461//461
f 431//431 461//461 429//429
f 429//429 461//461 462//462
f 429//429 462//462 440//440
f 440//440 462//462 463//463
f 440//440 463//463 376//376
f 376//376 463//463 387//387
f 376//376 387//387 384//384
f 384//384 387//387 386//386
f 369//369 365//365 370//370
f 370//370 365//365 367//367
f 370//370 367//367 443//443
f 443//443 367//367 464//464
f 443//443 464//464 444//444
f 444//444 464//464 465//465
f 444//444 465//465 445//445
f 445//445 465//465 466//466
f 445//445 466//466 446//446
f 446//446 466//466 467//467
f 446//446 467//467 447//447
f 447//447 467//467 468//468
f 447//447 468//468 448//448
f 448//448 468//468 469//469
f 448//448 469//469 449//449
f 449//449 469//469 470//470
f 449//449 470//470 450//450
f 450//450 470//470 471//471
f 450//450 471//471 451//451
f 451//451 471//471 472//472
f 451//451 472//472 452//452
f 452//452 472//472 473//473
f 452//452 473//473 453//453
f 453//453 473//473 474//474
f 453//453 474//474 454//454
f 454//454 474//474 475//475
f 454//454 475//475 455//455
f 455//455 475//475 476//476
f 455//455 476//476 456//456
f 456//456 476//476 477//477
f 456//456 477//477 457//457
f 457//457 477//477 478//478
f 457//457 478//478 458//458
f 458//458 478//478 479//479
f 458//458 479//479 459//459
f 459//459 479//479 480//480
f 459//459 480//480 460//460
f 460//460 480//480 481//481
f 460//460 481//481 461//461
f 461//461 481//481 482//482
f 461//461 482//482 462//462
f 462//462 482//482 483//483
f 462//462 483//483 463//463
f 463//463 483//483 484//484
f 463//463 484//484 387//387
f 387//387 484//484 485//485
f 387//387 485//485 385//385
f 385//385 485//485 486//486
f 366//366 396//396 367//367
f 367//367 396//396 398//398
f 367//367 398//398 464//464
f 464//464 398//398 399//399
f 464//464 399//399 465//465
f 465//465 399//399 400//400
f 465//465 400//400 466//466
f 466//466 400//400 401//401
f 466//466 401//401 467//467
f 467//467 401//401 402//402
f 467//467 402//402 468//468
f 468//468 402//402 363//363
f 468//468 363//363 469//469
f 469//469 363//363 362//362
f 469//469 362//362 470//470
f 470//470 362//362 360//360
f 470//470 360//360 471//471
f 471//471 360//360 359//359
f 471//471 359//359 472//472
f 472//472 359//359 357//357
f 472//472 357//357 473//473
f 473//473 357//357 356//356
f 473//473 356//356 474//474
f 474//474 356//356 354//354
f 474//474 354//354 475//475
f 475//475 354//354 353//353
f 475//475 353//353 476//476
f 476//476 353//353 351//351
f 476//476 351//351 477//477
f 477//477 351//351 350//350
f 477//477 350//350 478//478
f 478//478 350//350 348//348
f 478//478 348//348 479//479
f 479//479 348//348 347//347
f 479//479 347//347 480//480
f 480//480 347//347 345//345
f 480//480 345//345 481//481
f 481//481 345//345 344//344
f 481//481 344//344 482//482
f 482//482 344//344 342//342
f 482//482 342//342 483//483
f 483//483 342//342 341//341
f 483//483 341//341 484//484
f 484//484 341//341 339//339
f 484//484 339//339 485//485
f 485//485 339//339 338//338
f 486//486 485//485 487//487
f 487//487 485//485 338//338
f 487//487 338//338 488//488
f 488//488 338//338 340//340
f 488//488 340//340 381//381
f 188//188 378//378 489//489
f 489//489 378//378 377//377
f 489//489 377//377 490//490
f 490//490 377//377 375//375
f 490//490 375//375 491//491
f 486//486 492//492 385//385
f 385//385 492//492 493//493
f 385//385 493//493 386//386
f 386//386 493//493 494//494
f 386//386 494//494 384//384
f 384//384 494//494 491//491
f 384//384 491//491 374//374
f 374//374 491//491 375//375
f 486//486 487//487 492//492
f 492//492 487//487 488//488
f 492//492 488//488 495//495
f 495//495 488//488 381//381
f 495//495 381//381 496//496
f 496//496 381//381 383//383
f 496//496 383//383 497//497
f 497//497 383//383 397//397
f 497//497 397//397 498//498
f 498//498 397//397 396//396
f 498//498 396//396 499//499
f 499//499 396//396 366//366
f 366//366 365//365 499//499
f 499//499 365//365 369//369
f 499//499 369//369 500//500
f 500//500 369//369 368//368
f 500//500 368//368 501//501
f 501//501 368//368 502//502
f 368//368 372//372 502//502
f 502//502 372//372 371//371
f 502//502 371//371 503//503
f 503//503 371//371 388//388
f 503//503 388//388 504//504
f 505//505 506//506 507//507
f 508//508 498//498 499//499
f 504//504 509//509 503//503
f 510//510 118//118 511//511
f 512//512 513//513 514//514
f 513//513 515//515 514//514
f 514//514 515//515 516//516
f 514//514 516//516 511//511
f 511//511 516//516 517//517
f 511//511 517//517 510//510
f 505//505 518//518 514//514
f 514//514 518//518 519//519
f 514//514 519//519 512//512
f 520//520 521//521 522//522
f 522//522 521//521 523//523
f 522//522 523//523 524//524
f 524//524 523//523 525//525
f 504//504 526//526 509//509
f 509//509 526//526 527//527
f 509//509 527//527 528//528
f 528//528 527//527 529//529
f 528//528 529//529 520//520
f 520//520 529//529 530//530
f 520//520 530//530 521//521
f 531//531 499//499 500//500
f 508//508 499//499 532//532
f 532//532 499//499 531//531
f 532//532 531//531 533//533
f 227//227 229//229 531//531
f 531//531 229//229 239//239
f 239//239 534//534 531//531
f 531//531 534//534 535//535
f 531//531 535//535 533//533
f 228//228 227//227 536//536
f 536//536 227//227 531//531
f 536//536 531//531 537//537
f 537//537 531//531 500//500
f 537//537 500//500 538//538
f 538//538 500//500 501//501
f 538//538 501//501 502//502
f 231//231 539//539 230//230
f 230//230 539//539 540//540
f 230//230 540//540 232//232
f 232//232 540//540 541//541
f 232//232 541//541 233//233
f 233//233 541//541 542//542
f 233//233 542//542 234//234
f 234//234 542//542 112//112
f 234//234 112//112 110//110
f 543//543 544//544 545//545
f 545//545 544//544 507//507
f 545//545 507//507 546//546
f 546//546 507//507 506//506
f 546//546 506//506 547//547
f 502//502 543//543 538//538
f 538//538 543//543 545//545
f 538//538 545//545 537//537
f 537//537 545//545 546//546
f 537//537 546//546 536//536
f 536//536 546//546 547//547
f 536//536 547//547 228//228
f 118//118 112//112 511//511
f 511//511 112//112 542//542
f 511//511 542//542 514//514
f 514//514 542//542 541//541
f 514//514 541//541 505//505
f 505//505 541//541 540//540
f 505//505 540//540 506//506
f 506//506 540//540 539//539
f 506//506 539//539 547//547
f 547//547 539//539 231//231
f 547//547 231//231 228//228
f 525//525 518//518 524//524
f 524//524 518//518 505//505
f 524//524 505//505 522//522
f 522//522 505//505 507//507
f 522//522 507//507 520//520
f 520//520 507//507 544//544
f 520//520 544//544 528//528
f 528//528 544//544 543//543
f 528//528 543//543 509//509
f 509//509 543//543 502//502
f 509//509 502//502 503//503
f 69//69 118//118 66//66
f 66//66 118//118 510//510
f 66//66 510//510 64//64
f 64//64 510//510 517//517
f 64//64 517//517 61//61
f 517//517 516//516 61//61
f 61//61 516//516 515//515
f 61//61 515//515 54//54
f 54//54 515//515 513//513
f 54//54 513//513 55//55
f 513//513 512//512 55//55
f 55//55 512//512 519//519
f 55//55 519//519 57//57
f 57//57 519//519 518//518
f 57//57 518//518 58//58
f 58//58 518//518 525//525
f 58//58 525//525 53//53
f 53//53 525//525 523//523
f 53//53 523//523 1//1
f 1//1 523//523 521//521
f 1//1 521//521 2//2
f 2//2 521//521 44//44
f 44//44 521//521 530//530
f 44//44 530//530 45//45
f 504//504 47//47 526//526
f 526//526 47//47 46//46
f 526//526 46//46 527//527
f 527//527 46//46 45//45
f 527//527 45//45 529//529
f 529//529 45//45 530//530
f 548//548 549//549 550//550
f 78//78 76//76 551//551
f 184//184 185//185 552//552
f 490//490 491//491 553//553
f 554//554 493//493 492//492
f 553//553 190//190 189//189
f 490//490 553//553 489//489
f 489//489 553//553 189//189
f 489//489 189//189 188//188
f 186//186 187//187 555//555
f 555//555 187//187 190//190
f 555//555 190//190 556//556
f 556//556 190//190 553//553
f 556//556 553//553 557//557
f 557//557 553//553 491//491
f 557//557 491//491 558//558
f 558//558 491//491 494//494
f 558//558 494//494 559//559
f 181//181 182//182 560//560
f 560//560 182//182 183//183
f 560//560 183//183 561//561
f 562//562 563//563 174//174
f 174//174 177//177 562//562
f 562//562 177//177 178//178
f 562//562 178//178 179//179
f 176//176 175//175 564//564
f 564//564 175//175 565//565
f 564//564 565//565 566//566
f 566//566 565//565 72//72
f 566//566 72//72 71//71
f 551//551 76//76 565//565
f 565//565 76//76 75//75
f 565//565 75//75 72//72
f 567//567 568//568 89//89
f 89//89 87//87 567//567
f 567//567 87//87 85//85
f 567//567 85//85 569//569
f 569//569 85//85 84//84
f 569//569 84//84 570//570
f 570//570 84//84 82//82
f 570//570 82//82 80//80
f 95//95 94//94 571//571
f 571//571 94//94 92//92
f 571//571 92//92 568//568
f 568//568 92//92 91//91
f 568//568 91//91 89//89
f 97//97 572//572 98//98
f 98//98 572//572 100//100
f 492//492 573//573 554//554
f 554//554 573//573 574//574
f 554//554 574//574 575//575
f 575//575 574//574 576//576
f 575//575 576//576 235//235
f 183//183 184//184 561//561
f 561//561 184//184 552//552
f 561//561 552//552 577//577
f 577//577 552//552 578//578
f 577//577 578//578 579//579
f 579//579 578//578 580//580
f 579//579 580//580 581//581
f 581//581 580//580 582//582
f 581//581 582//582 550//550
f 550//550 582//582 583//583
f 550//550 583//583 548//548
f 185//185 186//186 552//552
f 552//552 186//186 555//555
f 552//552 555//555 578//578
f 578//578 555//555 556//556
f 578//578 556//556 580//580
f 580//580 556//556 557//557
f 580//580 557//557 582//582
f 582//582 557//557 558//558
f 582//582 558//558 583//583
f 583//583 558//558 559//559
f 583//583 559//559 548//548
f 80//80 584//584 570//570
f 570//570 584//584 585//585
f 570//570 585//585 569//569
f 569//569 585//585 586//586
f 569//569 586//586 567//567
f 80//80 78//78 584//584
f 584//584 78//78 551//551
f 584//584 551//551 562//562
f 562//562 551//551 565//565
f 562//562 565//565 563//563
f 563//563 565//565 175//175
f 563//563 175//175 174//174
f 235//235 100//100 575//575
f 575//575 100//100 572//572
f 575//575 572//572 571//571
f 571//571 572//572 97//97
f 571//571 97//97 95//95
f 586//586 587//587 567//567
f 567//567 587//587 588//588
f 567//567 588//588 568//568
f 568//568 588//588 589//589
f 568//568 589//589 571//571
f 571//571 589//589 590//590
f 571//571 590//590 575//575
f 179//179 180//180 562//562
f 562//562 180//180 181//181
f 562//562 181//181 584//584
f 584//584 181//181 560//560
f 584//584 560//560 585//585
f 585//585 560//560 561//561
f 585//585 561//561 586//586
f 586//586 561//561 577//577
f 586//586 577//577 587//587
f 587//587 577//577 579//579
f 587//587 579//579 588//588
f 588//588 579//579 581//581
f 588//588 581//581 589//589
f 589//589 581//581 550//550
f 589//589 550//550 590//590
f 590//590 550//550 549//549
f 590//590 549//549 575//575
f 575//575 549//549 548//548
f 575//575 548//548 554//554
f 554//554 548//548 559//559
f 554//554 559//559 493//493
f 493//493 559//559 494//494
f 533//533 535//535 238//238
f 238//238 535//535 534//534
f 238//238 534//534 239//239
f 576//576 574//574 591//591
f 591//591 574//574 592//592
f 591//591 592//592 593//593
f 593//593 592//592 594//594
f 593//593 594//594 595//595
f 595//595 594//594 596//596
f 574//574 573//573 592//592
f 592//592 573//573 597//597
f 592//592 597//597 594//594
f 594//594 597//597 598//598
f 594//594 598//598 596//596
f 596//596 598//598 599//599
f 497//497 599//599 496//496
f 496//496 599//599 598//598
f 496//496 598//598 495//495
f 495//495 598//598 597//597
f 495//495 597//597 492//492
f 492//492 597//597 573//573
f 235//235 576//576 236//236
f 236//236 576//576 591//591
f 236//236 591//591 237//237
f 237//237 591//591 593//593
f 237//237 593//593 238//238
f 238//238 593//593 595//595
f 238//238 595//595 533//533
f 533//533 595//595 596//596
f 533//533 596//596 532//532
f 532//532 596//596 599//599
f 532//532 599//599 508//508
f 508//508 599//599 497//497
f 508//508 497//497 498//498
f 47//47 504//504 171//171
f 171//171 504//504 388//388
f 191//191 48//48 138//138
f 191//191 138//138 192//192
f 192//192 138//138 378//378
f 192//192 378//378 188//188
f 171//171 388//388 169//169
f 169//169 388//388 389//389
f 389//389 390//390 169//169
f 169//169 390//390 392//392
f 169//169 392//392 167//167
f 392//392 394//394 167//167
f 167//167 394//394 413//413
f 167//167 413//413 165//165
f 165//165 413//413 412//412
f 165//165 412//412 163//163
f 412//412 410//410 163//163
f 163//163 410//410 408//408
f 163//163 408//408 161//161
f 161//161 408//408 406//406
f 406//406 404//404 161//161
f 161//161 404//404 428//428
f 161//161 428//428 159//159
f 428//428 427//427 159//159
f 159//159 427//427 425//425
f 159//159 425//425 157//157
f 157//157 425//425 423//423
f 157//157 423//423 155//155
f 155//155 423//423 421//421
f 421//421 419//419 155//155
f 155//155 419//419 417//417
f 155//155 417//417 153//153
f 417//417 415//415 153//153
f 153//153 415//415 439//439
f 153//153 439//439 152//152
f 152//152 439//439 438//438
f 152//152 438//438 150//150
f 438//438 436//436 150//150
f 150//150 436//436 434//434
f 150//150 434//434 148//148
f 148//148 434//434 432//432
f 432//432 430//430 148//148
f 148//148 430//430 442//442
f 148//148 442//442 146//146
f 378//378 138//138 379//379
f 379//379 138//138 146//146
f 379//379 146//146 441//441
f 441//441 146//146 442//442
f 600//600 268//268 601//601
f 601//601 268//268 267//267
f 601//601 267//267 176//176
f 176//176 267//267 16//16
f 600//600 602//602 268//268
f 268//268 602//602 603//603
f 268//268 603//603 269//269
f 269//269 603//603 604//604
f 269//269 604//604 605//605
f 605//605 606//606 269//269
f 269//269 606//606 607//607
f 269//269 607//607 608//608
f 609//609 266//266 610//610
f 610//610 266//266 269//269
f 610//610 269//269 611//611
f 611//611 269//269 608//608
f 306//306 612//612 307//307
f 307//307 612//612 613//613
f 302//302 614//614 300//300
f 300//300 614//614 615//615
f 300//300 615//615 73//73
f 616//616 617//617 615//615
f 615//615 617//617 71//71
f 615//615 71//71 73//73
f 618//618 614//614 613//613
f 613//613 614//614 302//302
f 613//613 302//302 307//307
f 618//618 619//619 614//614
f 614//614 619//619 620//620
f 614//614 620//620 621//621
f 621//621 622//622 614//614
f 614//614 622//622 623//623
f 614//614 623//623 615//615
f 615//615 623//623 624//624
f 615//615 624//624 616//616
f 625//625 626//626 612//612
f 612//612 626//626 609//609
f 612//612 609//609 613//613
f 613//613 609//609 610//610
f 613//613 610//610 618//618
f 618//618 610//610 611//611
f 618//618 611//611 619//619
f 619//619 611//611 608//608
f 619//619 608//608 620//620
f 620//620 608//608 607//607
f 620//620 607//607 621//621
f 621//621 607//607 606//606
f 621//621 606//606 622//622
f 602//602 600//600 617//617
f 566//566 71//71 617//617
f 601//601 176//176 564//564
f 566//566 617//617 564//564
f 564//564 617//617 600//600
f 564//564 600//600 601//601
f 602//602 617//617 603//603
f 603//603 617//617 616//616
f 603//603 616//616 604//604
f 616//616 624//624 604//604
f 604//604 624//624 623//623
f 604//604 623//623 605//605
f 605//605 623//623 622//622
f 605//605 622//622 606//606
f 627//627 628//628 145//145
f 145//145 628//628 147//147
f 628//628 629//629 147//147
f 147//147 629//629 630//630
f 147//147 630//630 149//149
f 149//149 630//630 631//631
f 149//149 631//631 151//151
f 151//151 631//631 632//632
f 151//151 632//632 154//154
f 154//154 632//632 633//633
f 154//154 633//633 156//156
f 156//156 633//633 634//634
f 156//156 634//634 158//158
f 158//158 634//634 635//635
f 158//158 635//635 160//160
f 160//160 635//635 636//636
f 160//160 636//636 162//162
f 162//162 636//636 637//637
f 162//162 637//637 164//164
f 164//164 637//637 638//638
f 164//164 638//638 166//166
f 166//166 638//638 639//639
f 166//166 639//639 168//168
f 168//168 639//639 640//640
f 168//168 640//640 170//170
f 170//170 640//640 641//641
f 170//170 641//641 172//172
f 172//172 641//641 642//642
f 172//172 642//642 173//173
f 173//173 642//642 643//643
f 173//173 643//643 141//141
f 141//141 643//643 644//644
f 141//141 644//644 142//142
f 142//142 644//644 645//645
f 142//142 645//645 143//143
f 143//143 645//645 646//646
f 143//143 646//646 136//136
f 136//136 646//646 647//647
f 136//136 647//647 135//135
f 135//135 647//647 648//648
f 135//135 648//648 133//133
f 133//133 648//648 649//649
f 133//133 649//649 134//134
f 134//134 649//649 650//650
f 134//134 650//650 140//140
f 140//140 650//650 651//651
f 140//140 651//651 139//139
f 139//139 651//651 652//652
f 139//139 652//652 137//137
f 137//137 652//652 627//627
f 137//137 627//627 144//144
f 144//144 627//627 145//145
f 628//628 627//627 653//653
f 628//628 653//653 629//629
f 632//632 631//631 653//653
f 653//653 631//631 630//630
f 653//653 630//630 629//629
f 635//635 634//634 653//653
f 653//653 634//634 633//633
f 653//653 633//633 632//632
f 638//638 637//637 653//653
f 653//653 637//637 636//636
f 653//653 636//636 635//635
f 641//641 640//640 653//653
f 653//653 640//640 639//639
f 653//653 639//639 638//638
f 644//644 643//643 653//653
f 653//653 643//643 642//642
f 653//653 642//642 641//641
f 647//647 646//646 653//653
f 653//653 646//646 645//645
f 653//653 645//645 644//644
f 650//650 649//649 653//653
f 653//653 649//649 648//648
f 653//653 648//648 647//647
f 627//627 652//652 653//653
f 653//653 652//652 651//651
f 653//653 651//651 650//650
f 654//654 655//655 656//656
f 656//656 655//655 657//657
f 276//276 262//262 658//658
f 658//658 262//262 264//264
f 266//266 609//609 264//264
f 264//264 609//609 626//626
f 264//264 626//626 658//658
f 658//658 626//626 659//659
f 658//658 659//659 660//660
f 660//660 661//661 658//658
f 658//658 661//661 662//662
f 658//658 662//662 663//663
f 663//663 654//654 658//658
f 658//658 654//654 656//656
f 658//658 656//656 276//276
f 276//276 656//656 657//657
f 276//276 657//657 277//277
f 277//277 657//657 664//664
f 665//665 666//666 662//662
f 662//662 666//666 663//663
f 663//663 666//666 654//654
f 654//654 666//666 667//667
f 654//654 667//667 655//655
f 655//655 667//667 668//668
f 655//655 668//668 657//657
f 668//668 669//669 657//657
f 657//657 669//669 670//670
f 657//657 670//670 664//664
f 626//626 625//625 659//659
f 659//659 625//625 671//671
f 659//659 671//671 660//660
f 660//660 671//671 661//661
f 671//671 672//672 661//661
f 661//661 672//672 665//665
f 661//661 665//665 662//662
f 673//673 674//674 311//311
f 675//675 676//676 318//318
f 677//677 678//678 297//297
f 293//293 298//298 670//670
f 297//297 678//678 298//298
f 298//298 678//678 679//679
f 298//298 679//679 670//670
f 321//321 680//680 297//297
f 297//297 680//680 681//681
f 297//297 681//681 677//677
f 682//682 683//683 320//320
f 320//320 683//683 684//684
f 320//320 684//684 321//321
f 321//321 684//684 685//685
f 321//321 685//685 680//680
f 318//318 676//676 320//320
f 320//320 676//676 686//686
f 320//320 686//686 682//682
f 675//675 318//318 687//687
f 687//687 318//318 329//329
f 687//687 329//329 688//688
f 689//689 690//690 326//326
f 326//326 690//690 691//691
f 326//326 691//691 328//328
f 328//328 691//691 692//692
f 328//328 692//692 329//329
f 329//329 692//692 693//693
f 329//329 693//693 688//688
f 336//336 694//694 695//695
f 336//336 695//695 326//326
f 326//326 695//695 696//696
f 326//326 696//696 689//689
f 694//694 336//336 697//697
f 697//697 336//336 335//335
f 697//697 335//335 698//698
f 333//333 699//699 700//700
f 333//333 700//700 335//335
f 335//335 700//700 701//701
f 335//335 701//701 698//698
f 699//699 333//333 702//702
f 702//702 333//333 331//331
f 702//702 331//331 703//703
f 704//704 705//705 330//330
f 330//330 705//705 706//706
f 330//330 706//706 331//331
f 331//331 706//706 707//707
f 331//331 707//707 703//703
f 311//311 674//674 330//330
f 330//330 674//674 708//708
f 330//330 708//708 704//704
f 673//673 311//311 709//709
f 709//709 311//311 309//309
f 709//709 309//309 710//710
f 710//710 309//309 711//711
f 711//711 309//309 308//308
f 711//711 308//308 712//712
f 712//712 308//308 713//713
f 713//713 308//308 289//289
f 713//713 289//289 714//714
f 715//715 716//716 717//717
f 717//717 718//718 715//715
f 715//715 718//718 719//719
f 715//715 719//719 720//720
f 719//719 721//721 720//720
f 720//720 721//721 722//722
f 720//720 722//722 723//723
f 723//723 722//722 724//724
f 724//724 722//722 725//725
f 724//724 725//725 714//714
f 131//131 132//132 726//726
f 726//726 132//132 727//727
f 727//727 728//728 726//726
f 726//726 728//728 729//729
f 726//726 729//729 730//730
f 730//730 729//729 731//731
f 730//730 731//731 732//732
f 732//732 731//731 717//717
f 732//732 717//717 716//716
f 721//721 733//733 722//722
f 337//337 249//249 247//247
f 733//733 721//721 734//734
f 734//734 721//721 719//719
f 734//734 719//719 718//718
f 718//718 717//717 734//734
f 734//734 717//717 731//731
f 734//734 731//731 729//729
f 729//729 728//728 734//734
f 734//734 728//728 727//727
f 734//734 727//727 132//132
f 130//130 337//337 132//132
f 132//132 337//337 247//247
f 132//132 247//247 734//734
f 734//734 247//247 246//246
f 734//734 246//246 733//733
f 733//733 246//246 272//272
f 733//733 272//272 722//722
f 722//722 272//272 271//271
f 722//722 271//271 725//725
f 723//723 735//735 720//720
f 720//720 735//735 715//715
f 726//726 730//730 736//736
f 736//736 730//730 732//732
f 736//736 732//732 716//716
f 129//129 131//131 241//241
f 241//241 131//131 283//283
f 241//241 283//283 244//244
f 131//131 726//726 283//283
f 283//283 726//726 736//736
f 283//283 736//736 286//286
f 286//286 736//736 287//287
f 716//716 715//715 736//736
f 736//736 715//715 735//735
f 736//736 735//735 287//287
f 287//287 735//735 723//723
f 287//287 723//723 289//289
f 289//289 723//723 724//724
f 289//289 724//724 714//714
f 681//681 680//680 737//737
f 676//676 675//675 738//738
f 673//673 709//709 739//739
f 740//740 664//664 670//670
f 714//714 725//725 713//713
f 713//713 725//725 741//741
f 709//709 710//710 739//739
f 739//739 710//710 711//711
f 739//739 711//711 741//741
f 741//741 711//711 712//712
f 741//741 712//712 713//713
f 705//705 704//704 742//742
f 742//742 704//704 708//708
f 742//742 708//708 739//739
f 739//739 708//708 674//674
f 739//739 674//674 673//673
f 743//743 703//703 707//707
f 743//743 707//707 742//742
f 742//742 707//707 706//706
f 742//742 706//706 705//705
f 701//701 700//700 744//744
f 744//744 700//700 699//699
f 744//744 699//699 743//743
f 743//743 699//699 702//702
f 743//743 702//702 703//703
f 745//745 697//697 744//744
f 744//744 697//697 698//698
f 744//744 698//698 701//701
f 689//689 696//696 746//746
f 746//746 696//696 695//695
f 746//746 695//695 745//745
f 745//745 695//695 694//694
f 745//745 694//694 697//697
f 747//747 692//692 691//691
f 747//747 691//691 746//746
f 746//746 691//691 690//690
f 746//746 690//690 689//689
f 675//675 687//687 738//738
f 738//738 687//687 688//688
f 738//738 688//688 747//747
f 747//747 688//688 693//693
f 747//747 693//693 692//692
f 676//676 738//738 686//686
f 686//686 738//738 748//748
f 686//686 748//748 682//682
f 680//680 685//685 737//737
f 737//737 685//685 684//684
f 737//737 684//684 748//748
f 748//748 684//684 683//683
f 748//748 683//683 682//682
f 670//670 679//679 740//740
f 740//740 679//679 678//678
f 740//740 678//678 737//737
f 737//737 678//678 677//677
f 737//737 677//677 681//681
f 671//671 625//625 672//672
f 672//672 625//625 749//749
f 672//672 749//749 665//665
f 669//669 668//668 750//750
f 750//750 668//668 667//667
f 750//750 667//667 749//749
f 749//749 667//667 666//666
f 749//749 666//666 665//665
f 612//612 306//306 625//625
f 625//625 306//306 304//304
f 625//625 304//304 749//749
f 749//749 304//304 303//303
f 749//749 303//303 750//750
f 750//750 303//303 295//295
f 750//750 295//295 669//669
f 669//669 295//295 293//293
f 669//669 293//293 670//670
f 278//278 277//277 664//664
f 751//751 725//725 271//271
f 271//271 270//270 751//751
f 751//751 270//270 256//256
f 751//751 256//256 752//752
f 752//752 256//256 254//254
f 752//752 254//254 753//753
f 753//753 254//254 253//253
f 753//753 253//253 754//754
f 754//754 253//253 755//755
f 754//754 755//755 756//756
f 756//756 755//755 279//279
f 756//756 279//279 757//757
f 757//757 279//279 275//275
f 757//757 275//275 758//758
f 758//758 275//275 274//274
f 758//758 274//274 759//759
f 759//759 274//274 273//273
f 759//759 273//273 738//738
f 738//738 273//273 261//261
f 738//738 261//261 760//760
f 760//760 261//261 259//259
f 760//760 259//259 737//737
f 737//737 259//259 278//278
f 737//737 278//278 761//761
f 761//761 278//278 664//664
f 762//762 68//68 67//67
f 67//67 65//65 762//762
f 762//762 65//65 63//63
f 762//762 63//63 763//763
f 68//68 762//762 252//252
f 252//252 762//762 764//764
f 252//252 764//764 250//250
f 250//250 764//764 765//765
f 250//250 765//765 248//248
f 248//248 765//765 766//766
f 248//248 766//766 257//257
f 257//257 766//766 767//767
f 257//257 767//767 255//255
f 63//63 62//62 763//763
f 763//763 62//62 60//60
f 763//763 60//60 59//59
f 59//59 56//56 763//763
f 763//763 56//56 52//52
f 763//763 52//52 51//51
f 260//260 768//768 769//769
f 260//260 769//769 258//258
f 258//258 769//769 770//770
f 258//258 770//770 263//263
f 263//263 770//770 771//771
f 263//263 771//771 265//265
f 265//265 771//771 772//772
f 265//265 772//772 245//245
f 13//13 772//772 12//12
f 12//12 772//772 773//773
f 13//13 15//15 772//772
f 772//772 15//15 14//14
f 772//772 14//14 245//245
f 34//34 25//25 773//773
f 773//773 25//25 24//24
f 773//773 24//24 21//21
f 21//21 6//6 773//773
f 773//773 6//6 9//9
f 773//773 9//9 12//12
f 763//763 51//51 70//70
f 766//766 765//765 764//764
f 767//767 30//30 768//768
f 768//768 30//30 32//32
f 768//768 32//32 769//769
f 764//764 762//762 766//766
f 766//766 762//762 763//763
f 766//766 763//763 767//767
f 767//767 763//763 70//70
f 767//767 70//70 30//30
f 34//34 773//773 32//32
f 32//32 773//773 772//772
f 772//772 771//771 32//32
f 32//32 771//771 770//770
f 32//32 770//770 769//769
f 767//767 768//768 255//255
f 255//255 768//768 260//260
f 774//774 292//292 294//294
f 774//774 775//775 292//292
f 292//292 775//775 776//776
f 292//292 776//776 296//296
f 776//776 777//777 296//296
f 296//296 777//777 778//778
f 296//296 778//778 319//319
f 778//778 779//779 319//319
f 319//319 779//779 780//780
f 319//319 780//780 317//317
f 780//780 781//781 317//317
f 317//317 781//781 782//782
f 317//317 782//782 327//327
f 782//782 783//783 327//327
f 327//327 783//783 784//784
f 327//327 784//784 325//325
f 784//784 785//785 325//325
f 325//325 785//785 786//786
f 325//325 786//786 334//334
f 786//786 787//787 334//334
f 334//334 787//787 788//788
f 334//334 788//788 332//332
f 788//788 789//789 332//332
f 332//332 789//789 790//790
f 332//332 790//790 312//312
f 790//790 791//791 312//312
f 312//312 791//791 792//792
f 312//312 792//792 310//310
f 792//792 793//793 310//310
f 310//310 793//793 794//794
f 310//310 794//794 288//288
f 794//794 795//795 288//288
f 288//288 795//795 796//796
f 288//288 796//796 282//282
f 796//796 797//797 282//282
f 282//282 797//797 798//798
f 282//282 798//798 281//281
f 798//798 799//799 281//281
f 281//281 799//799 800//800
f 281//281 800//800 285//285
f 800//800 801//801 285//285
f 285//285 801//801 802//802
f 285//285 802//802 284//284
f 802//802 803//803 284//284
f 284//284 803//803 804//804
f 284//284 804//804 313//313
f 804//804 805//805 313//313
f 313//313 805//805 806//806
f 313//313 806//806 299//299
f 806//806 807//807 299//299
f 299//299 807//807 808//808
f 299//299 808//808 314//314
f 808//808 809//809 314//314
f 314//314 809//809 810//810
f 314//314 810//810 324//324
f 810//810 811//811 324//324
f 324//324 811//811 812//812
f 324//324 812//812 322//322
f 812//812 813//813 322//322
f 322//322 813//813 814//814
f 322//322 814//814 323//323
f 814//814 815//815 323//323
f 323//323 815//815 816//816
f 323//323 816//816 316//316
f 816//816 817//817 316//316
f 316//316 817//817 818//818
f 316//316 818//818 315//315
f 818//818 819//819 315//315
f 315//315 819//819 820//820
f 315//315 820//820 290//290
f 820//820 821//821 290//290
f 290//290 821//821 822//822
f 290//290 822//822 291//291
f 822//822 823//823 291//291
f 291//291 823//823 824//824
f 291//291 824//824 301//301
f 301//301 824//824 825//825
f 301//301 825//825 305//305
f 305//305 825//825 826//826
f 305//305 826//826 294//294
f 294//294 826//826 827//827
f 294//294 827//827 774//774
f 828//828 829//829 830//830
f 831//831 832//832 830//830
f 830//830 832//832 833//833
f 830//830 833//833 828//828
f 834//834 835//835 830//830
f 830//830 835//835 836//836
f 830//830 836//836 831//831
f 837//837 838//838 830//830
f 830//830 838//838 839//839
f 830//830 839//839 834//834
f 840//840 841//841 830//830
f 830//830 841//841 842//842
f 830//830 842//842 837//837
f 843//843 844//844 830//830
f 830//830 844//844 845//845
f 830//830 845//845 840//840
f 846//846 847//847 830//830
f 830//830 847//847 848//848
f 830//830 848//848 843//843
f 829//829 849//849 830//830
f 830//830 849//849 850//850
f 830//830 850//850 846//846
f 851//851 840//840 852//852
f 852//852 840//840 845//845
f 852//852 845//845 853//853
f 853//853 845//845 844//844
f 853//853 844//844 854//854
f 854//854 844//844 843//843
f 854//854 843//843 855//855
f 855//855 843//843 848//848
f 855//855 848//848 856//856
f 856//856 848//848 847//847
f 856//856 847//847 857//857
f 857//857 847//847 846//846
f 857//857 846//846 858//858
f 858//858 846//846 850//850
f 858//858 850//850 859//859
f 859//859 850//850 849//849
f 859//859 849//849 860//860
f 860//860 849//849 829//829
f 860//860 829//829 861//861
f 861//861 829//829 828//828
f 861//861 828//828 862//862
f 862//862 828//828 833//833
f 862//862 833//833 863//863
f 863//863 833//833 832//832
f 863//863 832//832 864//864
f 864//864 832//832 831//831
f 864//864 831//831 865//865
f 865//865 831//831 836//836
f 865//865 836//836 866//866
f 866//866 836//836 835//835
f 866//866 835//835 867//867
f 867//867 835//835 834//834
f 867//867 834//834 868//868
f 868//868 834//834 839//839
f 868//868 839//839 869//869
f 869//869 839//839 838//838
f 869//869 838//838 870//870
f 870//870 838//838 837//837
f 870//870 837//837 871//871
f 871//871 837//837 842//842
f 871//871 842//842 872//872
f 872//872 842//842 841//841
f 872//872 841//841 851//851
f 851//851 841//841 840//840
f 873//873 862//862 863//863
f 854//854 874//874 853//853
f 853//853 874//874 875//875
f 853//853 875//875 852//852
f 852//852 875//875 876//876
f 852//852 876//876 851//851
f 851//851 876//876 877//877
f 851//851 877//877 872//872
f 872//872 877//877 878//878
f 872//872 878//878 871//871
f 867//867 879//879 866//866
f 866//866 879//879 880//880
f 866//866 880//880 865//865
f 865//865 880//880 881//881
f 865//865 881//881 864//864
f 864//864 881//881 882//882
f 864//864 882//882 863//863
f 863//863 882//882 883//883
f 863//863 883//883 873//873
f 873//873 884//884 862//862
f 862//862 884//884 885//885
f 862//862 885//885 861//861
f 861//861 885//885 886//886
f 861//861 886//886 860//860
f 860//860 886//886 887//887
f 860//860 887//887 859//859
f 859//859 887//887 888//888
f 859//859 888//888 858//858
f 878//878 889//889 871//871
f 871//871 889//889 890//890
f 871//871 890//890 870//870
f 870//870 890//890 891//891
f 870//870 891//891 869//869
f 869//869 891//891 892//892
f 869//869 892//892 868//868
f 868//868 892//892 893//893
f 868//868 893//893 867//867
f 867//867 893//893 894//894
f 867//867 894//894 879//879
f 888//888 895//895 858//858
f 858//858 895//895 896//896
f 858//858 896//896 857//857
f 857//857 896//896 897//897
f 857//857 897//897 856//856
f 856//856 897//897 898//898
f 856//856 898//898 855//855
f 855//855 898//898 899//899
f 855//855 899//899 854//854
f 854//854 899//899 900//900
f 854//854 900//900 874//874
f 877//877 826//826 825//825
f 877//877 825//825 878//878
f 878//878 825//825 824//824
f 878//878 824//824 889//889
f 824//824 823//823 889//889
f 889//889 823//823 822//822
f 889//889 822//822 890//890
f 890//890 822//822 821//821
f 821//821 820//820 890//890
f 890//890 820//820 819//819
f 890//890 819//819 891//891
f 891//891 819//819 818//818
f 891//891 818//818 892//892
f 892//892 818//818 817//817
f 817//817 816//816 892//892
f 892//892 816//816 815//815
f 892//892 815//815 893//893
f 893//893 815//815 814//814
f 893//893 814//814 894//894
f 814//814 813//813 894//894
f 894//894 813//813 812//812
f 894//894 812//812 879//879
f 812//812 811//811 879//879
f 879//879 811//811 810//810
f 879//879 810//810 880//880
f 880//880 810//810 809//809
f 809//809 808//808 880//880
f 880//880 808//808 807//807
f 880//880 807//807 881//881
f 881//881 807//807 806//806
f 881//881 806//806 882//882
f 882//882 806//806 805//805
f 805//805 804//804 882//882
f 882//882 804//804 803//803
f 882//882 803//803 883//883
f 883//883 803//803 802//802
f 883//883 802//802 873//873
f 802//802 801//801 873//873
f 873//873 801//801 800//800
f 873//873 800//800 884//884
f 884//884 800//800 799//799
f 884//884 799//799 885//885
f 799//799 798//798 885//885
f 885//885 798//798 797//797
f 885//885 797//797 886//886
f 797//797 796//796 886//886
f 886//886 796//796 795//795
f 886//886 795//795 887//887
f 795//795 794//794 887//887
f 887//887 794//794 793//793
f 887//887 793//793 888//888
f 793//793 792//792 888//888
f 888//888 792//792 791//791
f 888//888 791//791 895//895
f 791//791 790//790 895//895
f 895//895 790//790 789//789
f 895//895 789//789 896//896
f 789//789 788//788 896//896
f 896//896 788//788 787//787
f 896//896 787//787 897//897
f 787//787 786//786 897//897
f 897//897 786//786 785//785
f 897//897 785//785 898//898
f 785//785 784//784 898//898
f 898//898 784//784 783//783
f 898//898 783//783 899//899
f 783//783 782//782 899//899
f 899//899 782//782 781//781
f 899//899 781//781 900//900
f 781//781 780//780 900//900
f 900//900 780//780 779//779
f 900//900 779//779 874//874
f 779//779 778//778 874//874
f 874//874 778//778 777//777
f 874//874 777//777 875//875
f 777//777 776//776 875//875
f 875//875 776//776 775//775
f 875//875 775//775 876//876
f 876//876 775//775 774//774
f 876//876 774//774 877//877
f 877//877 774//774 827//827
f 877//877 827//827 826//826

