# https://github.com/mikedh/trimesh

o left_wrist_yaw_link.STL
v -0.01563367 0.00574773 0.04150020
v -0.01628220 0.00290632 0.04150020
v 0.00300000 -0.00000000 0.04150020
v -0.01650000 0.00000000 0.04150020
v -0.01628220 -0.00290632 0.04150020
v -0.01129451 0.01326337 0.04150020
v -0.01311166 0.01098474 0.04150020
v -0.01456889 0.00846073 0.04150020
v -0.00412415 0.01815204 0.04150020
v -0.00675000 0.01688750 0.04150020
v -0.00915805 0.01524571 0.04150020
v 0.00445724 0.01944547 0.04150020
v 0.00154276 0.01944547 0.04150020
v -0.00133916 0.01901110 0.04150020
v 0.01275000 0.01688750 0.04150020
v 0.01012415 0.01815204 0.04150020
v 0.00733916 0.01901110 0.04150020
v 0.01911166 0.01098474 0.04150020
v 0.01729451 0.01326337 0.04150020
v 0.01515805 0.01524571 0.04150020
v 0.02228220 0.00290632 0.04150020
v 0.02163367 0.00574773 0.04150020
v 0.02056889 0.00846073 0.04150020
v 0.02163367 -0.00574773 0.04150020
v 0.02228220 -0.00290632 0.04150020
v 0.02250000 -0.00000000 0.04150020
v 0.01729451 -0.01326337 0.04150020
v 0.01911166 -0.01098474 0.04150020
v 0.02056889 -0.00846073 0.04150020
v 0.01012415 -0.01815204 0.04150020
v 0.01275000 -0.01688750 0.04150020
v 0.01515805 -0.01524571 0.04150020
v 0.00154276 -0.01944547 0.04150020
v 0.00445724 -0.01944547 0.04150020
v 0.00733916 -0.01901110 0.04150020
v -0.00675000 -0.01688750 0.04150020
v -0.00412415 -0.01815204 0.04150020
v -0.00133916 -0.01901110 0.04150020
v -0.01311166 -0.01098474 0.04150020
v -0.01129451 -0.01326337 0.04150020
v -0.00915805 -0.01524571 0.04150020
v -0.01563367 -0.00574773 0.04150020
v -0.01456889 -0.00846073 0.04150020
v 0.02250000 -0.00000000 0.04100020
v 0.02228220 -0.00290632 0.04100020
v 0.02163367 -0.00574773 0.04100020
v 0.02056889 -0.00846073 0.04100020
v 0.01911166 -0.01098474 0.04100020
v 0.01729451 -0.01326337 0.04100020
v 0.01515805 -0.01524571 0.04100020
v 0.01275000 -0.01688750 0.04100020
v 0.01012415 -0.01815204 0.04100020
v 0.00733916 -0.01901110 0.04100020
v 0.00445724 -0.01944547 0.04100020
v 0.00154276 -0.01944547 0.04100020
v -0.00133916 -0.01901110 0.04100020
v -0.00412415 -0.01815204 0.04100020
v -0.00675000 -0.01688750 0.04100020
v -0.00915805 -0.01524571 0.04100020
v -0.01129451 -0.01326337 0.04100020
v -0.01311166 -0.01098474 0.04100020
v -0.01456889 -0.00846073 0.04100020
v -0.01563367 -0.00574773 0.04100020
v -0.01628220 -0.00290632 0.04100020
v -0.01650000 0.00000000 0.04100020
v -0.01628220 0.00290632 0.04100020
v -0.01563367 0.00574773 0.04100020
v -0.01456889 0.00846073 0.04100020
v -0.01311166 0.01098474 0.04100020
v -0.01129451 0.01326337 0.04100020
v -0.00915805 0.01524571 0.04100020
v -0.00675000 0.01688750 0.04100020
v -0.00412415 0.01815204 0.04100020
v -0.00133916 0.01901110 0.04100020
v 0.00154276 0.01944547 0.04100020
v 0.00445724 0.01944547 0.04100020
v 0.00733916 0.01901110 0.04100020
v 0.01012415 0.01815204 0.04100020
v 0.01275000 0.01688750 0.04100020
v 0.01515805 0.01524571 0.04100020
v 0.01729451 0.01326337 0.04100020
v 0.01911166 0.01098474 0.04100020
v 0.02056889 0.00846073 0.04100020
v 0.02163367 0.00574773 0.04100020
v 0.02228220 0.00290632 0.04100020
v -0.01882324 -0.02211507 0.02489057
v -0.01893063 -0.02197590 0.02517010
v -0.01814162 -0.02199573 0.02518254
v -0.01940797 -0.01793345 0.02798280
v -0.01930235 -0.01824615 0.02795526
v -0.02087236 -0.01825045 0.02793794
v -0.01779664 -0.02130859 0.02621904
v -0.01940487 -0.02131791 0.02618964
v -0.01966461 -0.02092182 0.02663863
v -0.01665397 -0.02287464 0.02218570
v -0.01663790 -0.02288976 0.02205675
v -0.01732854 -0.02295412 0.02151802
v -0.01673933 -0.02278616 0.02279994
v -0.01669191 -0.02283894 0.02249029
v -0.01749737 -0.02279914 0.02279932
v -0.01668608 -0.02284443 0.02244345
v -0.01665759 -0.02287123 0.02221480
v -0.01662183 -0.02290488 0.02192774
v -0.01661035 -0.02291568 0.02183559
v -0.01660575 -0.02292001 0.02179868
v -0.01658967 -0.02293514 0.02166956
v -0.01657335 -0.02295114 0.02153951
v -0.01657071 -0.02295299 0.02151737
v -0.01703008 -0.02242523 0.02416594
v -0.01699945 -0.02246418 0.02403502
v -0.01776769 -0.02248557 0.02403356
v -0.01690568 -0.02258343 0.02363425
v -0.01683686 -0.02267096 0.02334010
v -0.01682956 -0.02267983 0.02330334
v -0.01677615 -0.02274356 0.02301739
v -0.01676255 -0.02275945 0.02293916
v -0.01722736 -0.02215659 0.02482503
v -0.01720854 -0.02218290 0.02476731
v -0.01794318 -0.02226237 0.02462104
v -0.01708066 -0.02235791 0.02434796
v -0.01705142 -0.02239696 0.02424404
v -0.01726231 -0.02210739 0.02492988
v -0.01735395 -0.02197644 0.02519094
v -0.01756505 -0.02166515 0.02572386
v -0.01751821 -0.02173532 0.02561309
v -0.01741935 -0.02188137 0.02536569
v -0.01901668 -0.02186170 0.02537917
v -0.01915842 -0.02166876 0.02569806
v -0.01936835 -0.02137126 0.02612122
v -0.02019184 -0.01998615 0.02737776
v -0.02040683 -0.01952017 0.02761346
v -0.01882960 -0.01942576 0.02766494
v -0.01865161 -0.01979980 0.02749310
v -0.01856875 -0.01996434 0.02740249
v -0.02013435 -0.02010018 0.02730770
v -0.01836913 -0.02034106 0.02715597
v -0.01992995 -0.02047861 0.02703765
v -0.01830437 -0.02045817 0.02706736
v -0.01979723 -0.02070606 0.02684506
v -0.01808399 -0.02084077 0.02673391
v -0.01804495 -0.02090621 0.02666955
v -0.02066853 -0.01885127 0.02783154
v -0.01917449 -0.01859758 0.02790288
v -0.01907640 -0.01884943 0.02784895
v -0.01892982 -0.01920072 0.02774760
v -0.02123385 -0.01699991 0.02800027
v -0.01968429 -0.01700017 0.02800026
v -0.02105056 -0.01767219 0.02798578
v -0.02097832 -0.01791285 0.02797102
v -0.01860148 -0.02238955 0.02423274
v -0.01840425 -0.02262124 0.02350192
v -0.01830764 -0.02272869 0.02306161
v -0.01825098 -0.02278844 0.02276614
v -0.01807600 -0.02294580 0.02151412
v -0.01675849 -0.02281576 0.02294173
v -0.01676557 -0.02281022 0.02298214
v -0.01679292 -0.02352285 0.02308763
v -0.01657169 -0.02368224 0.02149720
v -0.01658821 -0.02294074 0.02166382
v -0.01662305 -0.02364559 0.02198198
v -0.01660306 -0.02293035 0.02178808
v -0.01660978 -0.02292565 0.02184430
v -0.01661790 -0.02291997 0.02191231
v -0.01663274 -0.02290958 0.02203650
v -0.01664758 -0.02289920 0.02216065
v -0.01665634 -0.02289307 0.02223400
v -0.01667723 -0.02287845 0.02240880
v -0.01669018 -0.02286939 0.02251717
v -0.01649256 -0.02373737 0.01971734
v -0.01649267 -0.02299665 0.01971773
v -0.01652420 -0.02371535 0.02085822
v -0.01651154 -0.02299010 0.02061889
v -0.01680785 -0.02277621 0.02321127
v -0.01686079 -0.02273166 0.02347336
v -0.01703691 -0.02334138 0.02416456
v -0.01686234 -0.02273024 0.02347974
v -0.01691300 -0.02268385 0.02368839
v -0.01700875 -0.02259617 0.02408276
v -0.01706524 -0.02254444 0.02431541
v -0.01707668 -0.02253336 0.02435674
v -0.01708817 -0.02252216 0.02439777
v -0.01734962 -0.02309875 0.02517440
v -0.01719381 -0.02241626 0.02475446
v -0.01726417 -0.02234277 0.02497422
v -0.01730778 -0.02229601 0.02510432
v -0.01731622 -0.02228685 0.02512902
v -0.01761115 -0.02287875 0.02585838
v -0.01746922 -0.02211403 0.02555147
v -0.01756127 -0.02200336 0.02578579
v -0.01792646 -0.02258494 0.02654909
v -0.01783070 -0.02165051 0.02640205
v -0.01810374 -0.02124180 0.02694108
v -0.01825253 -0.02223674 0.02717108
v -0.01855381 -0.02039556 0.02769957
v -0.01920304 -0.02087372 0.02855270
v -0.01837330 -0.02076714 0.02741247
v -0.01887011 -0.02141541 0.02814321
v -0.01855379 -0.02186419 0.02767740
v -0.01860867 -0.02027091 0.02778241
v -0.01874559 -0.01992737 0.02797937
v -0.01955779 -0.02020475 0.02893961
v -0.01882493 -0.01971475 0.02808550
v -0.01888104 -0.01955552 0.02815626
v -0.01987742 -0.01950344 0.02923092
v -0.01903582 -0.01908342 0.02832888
v -0.01908205 -0.01893520 0.02837299
v -0.02015461 -0.01880149 0.02942361
v -0.01916455 -0.01866559 0.02844200
v -0.01922267 -0.01847455 0.02848277
v -0.01925824 -0.01835866 0.02850456
v -0.01952885 -0.01751340 0.02860430
v -0.02043523 -0.01797701 0.02955690
v -0.01968375 -0.01700008 0.02862109
v -0.01993388 -0.01700009 0.02886244
v -0.02032514 -0.01700009 0.02924020
v -0.02071583 -0.01700008 0.02961855
v 0.02259709 -0.01700009 0.02934464
v 0.02211090 -0.01700009 0.02902080
v 0.02210886 -0.01700009 0.02902390
v 0.02161953 -0.01700009 0.02870478
v -0.01969738 -0.02291363 0.02664070
v -0.01934917 -0.02331408 0.02602640
v -0.01935372 -0.02330937 0.03550666
v -0.01846800 -0.02413122 0.02377317
v -0.01799225 -0.02450000 0.03550601
v -0.01872719 -0.02391375 0.02460415
v -0.01866243 -0.02396945 0.03550642
v -0.01902395 -0.02364349 0.02535207
v -0.01836054 -0.02421735 0.02334537
v -0.01826901 -0.02428921 0.02291663
v -0.01811699 -0.02440604 0.02195840
v -0.01807185 -0.02444025 0.02154792
v -0.01801989 -0.02447940 0.02085663
v -0.01799246 -0.02450000 0.01983829
v -0.01924670 -0.02342222 0.03550664
v -0.02003745 -0.02246462 0.02716406
v -0.01961637 -0.02301212 0.03550667
v -0.02004919 -0.02244796 0.02718095
v -0.01995758 -0.02257655 0.03550659
v -0.02041072 -0.02189215 0.02766724
v -0.02026878 -0.02212183 0.03550644
v -0.02054833 -0.02165845 0.03550624
v -0.02117203 -0.02039186 0.03550559
v -0.02107390 -0.02061279 0.02839602
v -0.02081373 -0.02116270 0.03550599
v -0.02082667 -0.02113467 0.02815028
v -0.02076228 -0.02126128 0.02808095
v -0.02179093 -0.01870816 0.03550489
v -0.02226568 -0.01700008 0.03550458
v -0.02226390 -0.01699994 0.02899965
v -0.02197886 -0.01807760 0.02895974
v -0.02169412 -0.01900176 0.02884513
v -0.02136909 -0.01990588 0.02864158
v 0.02161363 -0.01700009 0.02800020
v 0.02349489 -0.01700009 0.02800038
v 0.02286038 -0.01784340 0.02798398
v 0.02086824 -0.01792219 0.02797912
v 0.02258134 -0.01819428 0.02795531
v 0.02026997 -0.01863175 0.02788928
v 0.02207525 -0.01880676 0.02785150
v 0.02008697 -0.01884970 0.02784113
v 0.02157405 -0.01938384 0.02767185
v 0.01973670 -0.01927014 0.02771450
v 0.02150659 -0.01945952 0.02764131
v 0.01958103 -0.01945873 0.02764164
v 0.02108128 -0.01992901 0.02741064
v 0.01926775 -0.01983793 0.02746124
v 0.02092161 -0.02010203 0.02730614
v 0.01909737 -0.02004317 0.02734295
v 0.01882616 -0.02036770 0.02712288
v 0.02044160 -0.02061072 0.02692879
v 0.01863478 -0.02059490 0.02694225
v 0.01842100 -0.02084671 0.02671338
v 0.01998839 -0.02107622 0.02647530
v 0.01819929 -0.02110499 0.02644328
v 0.01956642 -0.02149896 0.02594868
v 0.01801346 -0.02131941 0.02618780
v 0.01951659 -0.02154833 0.02587843
v 0.01792303 -0.02142315 0.02605267
v 0.01747866 -0.02192828 0.02525923
v 0.01762613 -0.02176135 0.02554994
v 0.01913661 -0.02192119 0.02527226
v 0.01764549 -0.02173940 0.02558585
v 0.01766257 -0.02172002 0.02561714
v 0.01779938 -0.02156441 0.02585511
v 0.01710930 -0.02233703 0.02437240
v 0.01712123 -0.02232408 0.02440562
v 0.01880662 -0.02223913 0.02461360
v 0.01721848 -0.02221808 0.02466269
v 0.01733371 -0.02209127 0.02494041
v 0.01736112 -0.02206078 0.02500303
v 0.01736198 -0.02205983 0.02500497
v 0.01855340 -0.02247881 0.02397688
v 0.01689448 -0.02256906 0.02368717
v 0.01691472 -0.02254728 0.02376039
v 0.01700716 -0.02244762 0.02406942
v 0.01701099 -0.02244348 0.02408144
v 0.01710035 -0.02234674 0.02434718
v 0.01832514 -0.02269163 0.02322368
v 0.01672793 -0.02274819 0.02296985
v 0.01673366 -0.02274202 0.02299919
v 0.01678217 -0.02268982 0.02323130
v 0.01683813 -0.02262967 0.02347014
v 0.01686824 -0.02259729 0.02358866
v 0.01669562 -0.02278304 0.02279519
v 0.01815945 -0.02284506 0.02243446
v 0.01658116 -0.02290370 0.02199562
v 0.01812503 -0.02287662 0.02221475
v 0.01653035 -0.02295627 0.02141206
v 0.01806031 -0.02293533 0.02168159
v 0.01651049 -0.02297685 0.02103808
v 0.01800086 -0.02298923 0.02065807
v 0.01649260 -0.02299663 0.01974736
v 0.01799263 -0.02299663 0.01973354
v 0.01649265 -0.02299663 0.01971668
v 0.02034843 -0.02163325 0.02693135
v 0.02089191 -0.02108293 0.02741152
v 0.02487753 -0.01710374 0.02900020
v 0.02416426 -0.01815671 0.02896214
v 0.02355940 -0.01897969 0.02886420
v 0.02321442 -0.01942313 0.02877864
v 0.02292937 -0.01977668 0.02869132
v 0.02226649 -0.02055733 0.02842779
v 0.02197953 -0.02087793 0.02828499
v 0.02173233 -0.02114656 0.02814671
v 0.01940426 -0.02337197 0.02579592
v 0.01933965 -0.02342692 0.02568567
v 0.01937786 -0.02255586 0.02570138
v 0.01933182 -0.02343356 0.02567204
v 0.01920822 -0.02353783 0.02544830
v 0.01825543 -0.02430083 0.02268327
v 0.01833809 -0.02423697 0.02307227
v 0.01856716 -0.02405830 0.02391648
v 0.01885910 -0.02382544 0.02471154
v 0.01983889 -0.02212683 0.02636015
v 0.01816377 -0.02437114 0.02215614
v 0.01799225 -0.02450000 0.01974736
v 0.01799522 -0.02449784 0.02008363
v 0.01804770 -0.02445894 0.02115613
v 0.02021836 -0.02265142 0.02690721
v 0.01977601 -0.02304968 0.02636065
v 0.01963603 -0.02317234 0.02616085
v 0.02135556 -0.02154292 0.02790631
v 0.02117353 -0.02172901 0.02777616
v 0.02072168 -0.02217638 0.02740806
v 0.02323442 -0.01939791 0.03550737
v 0.02409476 -0.01825420 0.03550798
v 0.02428033 -0.01799169 0.03550817
v 0.02525661 -0.01650359 0.03550918
v 0.02215661 -0.02068120 0.03550706
v 0.02275842 -0.01998358 0.03550727
v 0.02059068 -0.02230233 0.03550649
v 0.02097283 -0.02193032 0.03550659
v 0.01839758 -0.02419081 0.03550602
v 0.01971653 -0.02310221 0.03550636
v 0.01799225 -0.02450000 0.03550579
v 0.02543180 -0.01621536 0.03550930
v 0.02599754 -0.01523286 0.02900020
v 0.02617269 -0.01491185 0.03550930
v 0.02681847 -0.01364319 0.02900020
v 0.02693923 -0.01339042 0.03550768
v 0.02703211 -0.01319093 0.02900020
v 0.02764865 -0.01177294 0.03550685
v 0.02792069 -0.01108136 0.02900020
v 0.02826839 -0.01012384 0.03550768
v 0.02865971 -0.00891485 0.02900020
v 0.02879542 -0.00845453 0.03550898
v 0.02899838 -0.00771229 0.03550949
v 0.02919501 -0.00691574 0.02900020
v 0.02922725 -0.00677654 0.03550992
v 0.02924418 -0.00670165 0.02900020
v 0.02956362 -0.00509502 0.03550990
v 0.02992054 -0.00217709 0.02900020
v 0.03000000 0.00000168 0.02900020
v 0.03000000 0.00000147 0.03225321
v 0.02955159 -0.00516459 0.02900020
v 0.02966702 -0.00445204 0.02900020
v 0.02980467 -0.00341139 0.03550891
v 0.02995037 -0.00172127 0.03550728
v 0.03000000 -0.00000000 0.03550622
v -0.01459207 -0.01889957 0.04100020
v -0.01756291 -0.02379283 0.03707349
v -0.01748090 -0.02385393 0.03707367
v -0.01271571 -0.02020956 0.04100020
v -0.01615535 -0.02478237 0.03707577
v -0.01469093 -0.02568932 0.03707658
v -0.01128167 -0.02104344 0.04100020
v -0.01355794 -0.02631379 0.03707629
v -0.01036815 -0.02150823 0.04100020
v -0.01317100 -0.02651264 0.03707602
v -0.00950521 -0.02190341 0.04100020
v -0.01160297 -0.02724759 0.03707413
v -0.01059866 -0.02766150 0.03707232
v -0.00789199 -0.02253522 0.04100020
v -0.00999476 -0.02788999 0.03707102
v -0.00766380 -0.02261383 0.04100020
v -0.00920274 -0.02816713 0.03706910
v -0.00831975 -0.02844640 0.03706690
v -0.00530746 -0.02327927 0.04100020
v -0.00665357 -0.02889084 0.03706311
v -0.00500136 -0.02922942 0.03705985
v -0.00383649 -0.02356622 0.04100020
v -0.00407239 -0.02937657 0.03705826
v -0.00266846 -0.02372695 0.04100020
v -0.00333038 -0.02947217 0.03705713
v -0.00187706 -0.02380274 0.04100020
v 0.00000083 -0.02966771 0.03705798
v 0.00000105 -0.02387652 0.04100020
v -0.00164933 -0.02961757 0.03705505
v -0.00225308 -0.02957667 0.03705572
v 0.02441058 -0.01565678 0.02800037
v 0.02529021 -0.01419210 0.02800035
v 0.02583410 -0.01317614 0.02800034
v 0.02608270 -0.01267687 0.02800033
v 0.02900003 -0.00000000 0.02800020
v 0.02897712 -0.00115280 0.02800021
v 0.02885889 -0.00285786 0.02800023
v 0.02864047 -0.00455295 0.02800024
v 0.02832231 -0.00623312 0.02800026
v 0.02821035 -0.00672165 0.02800027
v 0.02790611 -0.00789021 0.02800028
v 0.02739264 -0.00952111 0.02800030
v 0.02678398 -0.01111872 0.02800031
v -0.02083373 0.00000337 0.03918988
v -0.02311628 0.00000337 0.03716770
v -0.02306887 -0.00341696 0.03716680
v -0.01508144 -0.01850142 0.04100020
v -0.01788658 -0.02354305 0.03707425
v -0.01839075 -0.02311507 0.03707705
v -0.01553522 -0.01806356 0.04100020
v -0.01881311 -0.02269654 0.03708177
v -0.01912374 -0.02233810 0.03708702
v -0.01593744 -0.01757780 0.04100020
v -0.01953514 -0.02178184 0.03709592
v -0.01628560 -0.01705151 0.04100020
v -0.01972139 -0.02149332 0.03710045
v -0.01683814 -0.01591895 0.04100020
v -0.02024902 -0.02052180 0.03711423
v -0.01724792 -0.01472548 0.04100020
v -0.02092817 -0.01883958 0.03713127
v -0.01756687 -0.01350517 0.04100020
v -0.02160262 -0.01647062 0.03714492
v -0.01782537 -0.01227001 0.04100020
v -0.02171436 -0.01598327 0.03714691
v -0.02211043 -0.01395411 0.03715336
v -0.01821901 -0.00977748 0.04100020
v -0.02234791 -0.01242354 0.03715693
v -0.02245670 -0.01161377 0.03715848
v -0.01849003 -0.00726858 0.04100020
v -0.02273189 -0.00909184 0.03716216
v -0.02280298 -0.00826866 0.03716305
v -0.01866611 -0.00475101 0.04100020
v -0.02293693 -0.00636307 0.03716481
v -0.01876375 -0.00222925 0.04100020
v -0.01879025 0.00000337 0.04100020
v 0.00214536 -0.02378019 0.04100020
v 0.00290724 -0.02951926 0.03705426
v 0.00264431 -0.02372978 0.04100020
v 0.00449384 -0.02344964 0.04100020
v 0.00554511 -0.02913235 0.03705572
v 0.00580628 -0.02908052 0.03705582
v 0.00529434 -0.02328203 0.04100020
v 0.00710145 -0.02878662 0.03705639
v 0.00679823 -0.02288863 0.04100020
v 0.00838694 -0.02843282 0.03705722
v 0.00786655 -0.02254433 0.04100020
v 0.00868148 -0.02834279 0.03705744
v 0.00903577 -0.02210213 0.04100020
v 0.01114392 -0.02745196 0.03705967
v 0.01146973 -0.02731476 0.03706000
v 0.01034942 -0.02151813 0.04100020
v 0.01378910 -0.02619961 0.03706238
v 0.01118361 -0.02109622 0.04100020
v 0.01412753 -0.02601542 0.03706273
v 0.01270567 -0.02021552 0.04100020
v 0.01535983 -0.02529450 0.03706409
v 0.01322106 -0.01988226 0.04100020
v 0.02077662 -0.02095486 0.03707264
v 0.01688674 -0.01688269 0.04100020
v 0.01900135 -0.02262720 0.03706913
v 0.01512878 -0.01847320 0.04100020
v 0.01863748 -0.02293564 0.03706853
v 0.01488932 -0.01866654 0.04100020
v 0.01666102 -0.02444094 0.03706567
v 0.01629637 -0.02469031 0.03706522
v 0.02432882 -0.01644598 0.03708411
v 0.02579300 -0.01388193 0.03709007
v 0.02110094 -0.01117754 0.04100020
v 0.02078434 -0.02094691 0.03707266
v 0.02214441 -0.01943609 0.03707631
v 0.01847847 -0.01512305 0.04100020
v 0.02267090 -0.01878634 0.03707800
v 0.01865466 -0.01490503 0.04100020
v 0.02351636 -0.01765405 0.03708098
v 0.01988736 -0.01321513 0.04100020
v 0.02020993 -0.01271657 0.04100020
v 0.02919520 0.00000337 0.03709792
v 0.02387988 0.00000337 0.04100020
v 0.02911237 -0.00216688 0.03709810
v 0.02378371 -0.00214083 0.04100020
v 0.02907290 -0.00263801 0.03709812
v 0.02372997 -0.00267068 0.04100020
v 0.02872740 -0.00518620 0.03709808
v 0.02345380 -0.00448768 0.04100020
v 0.02866306 -0.00553327 0.03709803
v 0.02328139 -0.00530884 0.04100020
v 0.02803222 -0.00818602 0.03709716
v 0.02289253 -0.00679163 0.04100020
v 0.02757485 -0.00965389 0.03709616
v 0.02253780 -0.00788964 0.04100020
v 0.02703760 -0.01111976 0.03709466
v 0.02210609 -0.00902959 0.04100020
v 0.02150689 -0.01037591 0.04100020
v -0.02014118 -0.01883641 0.02995880
v -0.01977260 -0.01974158 0.02996037
v -0.01934930 -0.02060512 0.02996526
v -0.01887101 -0.02140662 0.02997135
v -0.01833490 -0.02212705 0.02997369
v -0.01703758 -0.02334086 0.02494368
v -0.01703910 -0.02333974 0.02561822
v -0.01708452 -0.02330565 0.02620547
v -0.01709108 -0.02330080 0.02627833
v -0.01773241 -0.02276361 0.02997277
v -0.01810274 -0.02243399 0.03573811
v -0.01746595 -0.02300765 0.03572109
v -0.01709421 -0.02329861 0.02686498
v -0.01774083 -0.02275981 0.02700169
v -0.01709628 -0.02329713 0.02891032
v -0.01709058 -0.02330117 0.02997139
v -0.01706646 -0.02331923 0.03571793
v -0.01838924 -0.02212744 0.03574627
v -0.01861816 -0.02185168 0.03575104
v -0.01899315 -0.02132674 0.03575702
v -0.02000938 -0.01926812 0.03578158
v -0.01968707 -0.02004119 0.03577267
v -0.01957630 -0.02027841 0.03576949
v -0.01912593 -0.02111531 0.03575908
v -0.02072129 -0.01698854 0.03340423
v -0.02037101 -0.01822622 0.03578903
v -0.02073009 -0.01698357 0.03578323
v 0.02700825 -0.00916739 0.03574206
v 0.02669558 -0.01007358 0.02963799
v 0.02604670 -0.01171744 0.02965060
v 0.02849100 -0.00069535 0.03574620
v 0.02849999 0.00000261 0.03574651
v 0.02849998 0.00000189 0.02962158
v 0.02839817 -0.00238301 0.03574557
v 0.02844912 -0.00167648 0.02961978
v 0.02829789 -0.00336704 0.02961922
v 0.02820276 -0.00408711 0.03574499
v 0.02814195 -0.00448758 0.02961955
v 0.02798181 -0.00540310 0.03574448
v 0.02804427 -0.00506554 0.02962000
v 0.02769043 -0.00675732 0.02962305
v 0.02707072 -0.00897418 0.02963157
v 0.02731242 -0.00818384 0.03574290
v 0.02725620 -0.00837436 0.02962870
v 0.02750627 -0.00748721 0.03574340
v 0.02790510 -0.00579063 0.03574431
v 0.02365107 -0.01623816 0.02970592
v 0.02436616 -0.01507014 0.03573116
v 0.02449831 -0.01483983 0.02968545
v 0.02514852 -0.01363481 0.03573516
v 0.02533201 -0.01326916 0.02966624
v 0.02581340 -0.01224949 0.03573798
v 0.02641341 -0.01082270 0.03574017
v 0.02265579 -0.01768375 0.03572309
v 0.02352959 -0.01642537 0.03572690
v 0.02380782 -0.01599261 0.03572827
v 0.02314253 -0.01700012 0.02970861
v 0.02244011 -0.01797296 0.02965108
v 0.02216698 -0.01832878 0.03572127
v 0.02184753 -0.01872984 0.02952640
v 0.02160520 -0.01902428 0.03571920
v 0.02058141 -0.02017982 0.03571599
v 0.02127070 -0.01941673 0.02932800
v 0.02070401 -0.02004831 0.02905411
v 0.02029447 -0.02048067 0.03571519
v 0.02011794 -0.02066113 0.02868207
v 0.01949157 -0.02127523 0.03571298
v 0.01954882 -0.02122071 0.02822571
v 0.01899650 -0.02173234 0.02767824
v 0.01833648 -0.02230587 0.03571190
v 0.01849863 -0.02216839 0.02707254
v 0.01804509 -0.02254777 0.02639523
v 0.01691274 -0.02343345 0.03570786
v 0.01764526 -0.02286975 0.02566006
v 0.01729286 -0.02314478 0.02484982
v 0.01700125 -0.02336663 0.02397878
v 0.01691275 -0.02343344 0.02365301
v -0.01577909 -0.02102003 0.03751789
v -0.01427358 -0.01855475 0.03950020
v -0.01291094 -0.01952901 0.03950019
v -0.01650652 -0.02372744 0.03571677
v -0.01525366 -0.02456859 0.03571547
v -0.01376916 -0.02544734 0.03571295
v -0.01154465 -0.02036727 0.03950017
v -0.01312401 -0.02579262 0.03571186
v -0.01109597 -0.02061536 0.03950017
v -0.01226671 -0.02621926 0.03571044
v -0.01019101 -0.02107791 0.03950018
v -0.01071988 -0.02690143 0.03570799
v -0.00878606 -0.02170204 0.03950020
v -0.01003787 -0.02716815 0.03570696
v -0.00753936 -0.02216658 0.03950020
v -0.00921863 -0.02746214 0.03570578
v -0.00901138 -0.02753204 0.03570549
v -0.00741068 -0.02220996 0.03950020
v -0.00850339 -0.02769613 0.03570464
v -0.00590730 -0.02265629 0.03950016
v -0.00684846 -0.02815919 0.03570195
v -0.00681056 -0.02816854 0.03570189
v -0.00567681 -0.02271513 0.03950015
v -0.00520387 -0.02851508 0.03569965
v -0.00451584 -0.02297412 0.03950012
v -0.00452452 -0.02863275 0.03569885
v -0.00377483 -0.02310750 0.03950011
v -0.00369430 -0.02875379 0.03569796
v -0.00309560 -0.02320834 0.03950011
v -0.00348755 -0.02878007 0.03569775
v -0.00166422 -0.02335483 0.03950014
v -0.00219157 -0.02891008 0.03569661
v -0.00048306 -0.02898951 0.03569554
v -0.00019490 -0.02341242 0.03950024
v -0.00002553 -0.02899413 0.03569538
v 0.00000098 -0.02341349 0.03950013
v 0.00000038 -0.02899419 0.03569539
v 0.01649257 -0.02373736 0.00930000
v 0.01649266 -0.02373730 0.00000006
v 0.01583416 -0.02419080 0.00000006
v 0.01663195 -0.02363789 0.02218619
v 0.01565577 -0.02430915 0.03570611
v 0.01681417 -0.02350605 0.02323571
v 0.01591662 -0.02413560 0.03570651
v 0.01656768 -0.02368390 0.02160978
v 0.01653161 -0.02370957 0.02113954
v 0.01649246 -0.02373745 0.01973689
v 0.01398125 -0.02532914 0.00000006
v 0.01426371 -0.02516806 0.03570396
v 0.01543252 -0.02445431 0.00000006
v 0.00773569 -0.02792427 0.00000007
v 0.00726115 -0.02805369 0.00000007
v 0.00823580 -0.02777826 0.03569850
v 0.00664025 -0.02820976 0.03569734
v 0.00935224 -0.02741604 0.00000007
v 0.00965622 -0.02730849 0.03569971
v 0.00982124 -0.02724850 0.00000007
v 0.00982124 -0.02724848 0.03569986
v 0.01093572 -0.02681263 0.00000007
v 0.01088499 -0.02683334 0.03570076
v 0.01186429 -0.02640729 0.00000007
v 0.01124239 -0.02668264 0.03570106
v 0.01248054 -0.02611618 0.00000006
v 0.01270879 -0.02600347 0.03570217
v 0.01291849 -0.02589818 0.00000006
v 0.01291844 -0.02589809 0.03570231
v 0.01346830 -0.02561107 0.03570287
v 0.00325812 -0.02880735 0.00000008
v 0.00358723 -0.02876736 0.03569620
v 0.00442637 -0.02864836 0.00000008
v 0.00515885 -0.02852340 0.03569651
v 0.00487070 -0.02857490 0.00000008
v 0.00541642 -0.02847477 0.03569662
v 0.00609180 -0.02833553 0.00000008
v 0.00658596 -0.02822279 0.00000007
v 0.00274529 -0.02886166 0.00000008
v 0.00105450 -0.02897468 0.00000008
v 0.00030162 -0.02899240 0.03569420
v -0.00011553 -0.02899396 0.00000009
v 0.00199739 -0.02892430 0.03569538
v 0.00258566 -0.02887663 0.03569598
v 0.00325810 -0.02880721 0.03569613
v -0.00895954 -0.02754926 0.00000010
v -0.00733577 -0.02803392 0.00000010
v -0.00681054 -0.02816848 0.00000010
v -0.00568607 -0.02842121 0.00000009
v -0.00487070 -0.02857490 0.00000009
v -0.00401626 -0.02870978 0.00000009
v -0.00348754 -0.02878000 0.00000009
v -0.00233226 -0.02889860 0.00000009
v -0.00064001 -0.02898701 0.00000009
v -0.01361843 -0.02552994 0.00000011
v -0.01312401 -0.02579262 0.00000011
v -0.01210643 -0.02629505 0.00000011
v -0.01055164 -0.02696895 0.00000010
v -0.01003782 -0.02716800 0.00000010
v -0.00959809 -0.02732937 0.00000010
v -0.01602575 -0.02406166 0.00000011
v -0.01508227 -0.02467631 0.00000011
v -0.01404306 -0.02529424 0.00000011
v -0.01649266 -0.02373731 0.00000011
v -0.01502231 -0.01791244 0.03950017
v -0.01476720 -0.01815143 0.03950014
v -0.01570195 -0.01705527 0.03949988
v -0.01557198 -0.01725218 0.03949963
v -0.01519553 -0.01772876 0.03950020
v -0.01596497 -0.01659447 0.03950022
v -0.01628243 -0.01590054 0.03950062
v -0.01660321 -0.01500103 0.03950056
v -0.01693502 -0.01381493 0.03950040
v -0.02104035 -0.01564029 0.03580818
v -0.01727118 -0.01225335 0.03950070
v -0.02114673 -0.01512018 0.03581060
v -0.02139383 -0.01377674 0.03581127
v -0.01758225 -0.01031842 0.03950022
v -0.02153093 -0.01292380 0.03581070
v -0.02182468 -0.01063965 0.03582148
v -0.01783943 -0.00818622 0.03950030
v -0.02207639 -0.00803164 0.03582611
v -0.01804233 -0.00577638 0.03950046
v -0.02223842 -0.00553590 0.03582803
v -0.01817468 -0.00306741 0.03950036
v -0.02236482 0.00000413 0.03582944
v -0.01822140 0.00000337 0.03950020
v -0.02234908 -0.00220073 0.03582917
v -0.02225703 -0.00515171 0.03582823
v 0.02594414 0.00000320 0.03762335
v 0.02338828 0.00000321 0.03950020
v 0.02337408 -0.00080934 0.03950023
v 0.02327892 -0.00224876 0.03950034
v 0.02309481 -0.00368221 0.03950047
v 0.02296816 -0.00440270 0.03950052
v 0.02282330 -0.00510074 0.03950053
v 0.02246773 -0.00649270 0.03950047
v 0.02203342 -0.00784586 0.03950030
v 0.02165001 -0.00885320 0.03950020
v 0.02146319 -0.00929859 0.03950021
v 0.02082205 -0.01066120 0.03950026
v 0.02066682 -0.01096006 0.03950026
v 0.02018141 -0.01183315 0.03950024
v 0.01938429 -0.01310326 0.03950020
v 0.01853876 -0.01427989 0.03950015
v 0.01810303 -0.01483104 0.03950012
v 0.01765724 -0.01536150 0.03950012
v 0.01674111 -0.01635871 0.03950019
v 0.01654681 -0.01655578 0.03950020
v 0.01564323 -0.01741381 0.03950009
v 0.01482527 -0.01811608 0.03949998
v 0.01464746 -0.01826027 0.03949996
v 0.01356452 -0.01907915 0.03949992
v 0.01295619 -0.01949777 0.03949993
v 0.01240863 -0.01985117 0.03949996
v 0.01119386 -0.02056179 0.03950007
v 0.01095932 -0.02068800 0.03950009
v 0.00986083 -0.02123463 0.03950017
v 0.00885475 -0.02167412 0.03950020
v 0.00853058 -0.02180384 0.03950020
v 0.00716860 -0.02228868 0.03950023
v 0.00666229 -0.02244513 0.03950025
v 0.00577523 -0.02268944 0.03950030
v 0.00435902 -0.02300363 0.03950036
v 0.00292779 -0.02322966 0.03950036
v 0.00151851 -0.02336404 0.03950028
v 0.00210204 -0.02331923 0.03950033
v 0.02097664 -0.01780873 0.02866005
v 0.01819921 -0.02145520 0.02660937
v 0.01809765 -0.02156115 0.02645584
v 0.01814247 -0.02169727 0.02652615
v 0.01672813 -0.02275945 0.02296982
v 0.01685161 -0.02266395 0.02352792
v 0.01679141 -0.02271123 0.02327323
v 0.01675334 -0.02274055 0.02309587
v 0.01673197 -0.02275660 0.02298951
v 0.01694942 -0.02258561 0.02389226
v 0.01691226 -0.02261555 0.02375983
v 0.01688350 -0.02263858 0.02365254
v 0.01731795 -0.02228204 0.02495252
v 0.01721761 -0.02236552 0.02469847
v 0.01721573 -0.02236709 0.02469350
v 0.01715185 -0.02241997 0.02452010
v 0.01713064 -0.02243748 0.02446027
v 0.01704664 -0.02250651 0.02421089
v 0.01703165 -0.02251876 0.02416407
v 0.01696360 -0.02257414 0.02394106
v 0.01758390 -0.02205884 0.02554365
v 0.01751499 -0.02211699 0.02540023
v 0.01770723 -0.02207751 0.02578370
v 0.01742546 -0.02219214 0.02520428
v 0.01741034 -0.02220481 0.02517001
v 0.01801662 -0.02164400 0.02632758
v 0.01787014 -0.02178986 0.02608220
v 0.01781645 -0.02184201 0.02598752
v 0.01834507 -0.02129864 0.02681698
v 0.01863700 -0.02126213 0.02720258
v 0.01840788 -0.02122952 0.02690207
v 0.01854253 -0.02107762 0.02707645
v 0.01917982 -0.02076863 0.02779987
v 0.01895264 -0.02057821 0.02754640
v 0.01932700 -0.02007379 0.02790100
v 0.01975518 -0.02021450 0.02830405
v 0.01936503 -0.02002066 0.02793310
v 0.02034734 -0.01959745 0.02870118
v 0.01972053 -0.01951611 0.02819729
v 0.01955085 -0.01975800 0.02807933
v 0.02043808 -0.01850921 0.02853602
v 0.02016363 -0.01888810 0.02843484
v 0.01974552 -0.01948041 0.02821339
v 0.02287032 -0.01700009 0.02952587
v 0.02064733 -0.01822799 0.02859389
v 0.02049680 -0.01842953 0.02855380
v 0.02986891 0.00000089 0.03620143
v 0.02978265 0.00000129 0.03639527
v 0.02976848 -0.00085109 0.03639868
v -0.01765647 -0.02394693 0.03693171
v -0.01768095 -0.02398725 0.03688797
v -0.01756817 -0.02399906 0.03694181
v -0.01792484 -0.02438897 0.03618000
v -0.01794121 -0.02441593 0.03609300
v -0.01784119 -0.02445262 0.03617842
v 0.01950711 -0.02326386 0.03572638
v 0.01769727 -0.02470153 0.03572524
v 0.01578000 -0.02599254 0.03572377
v 0.01684779 -0.02531751 0.03550573
v 0.01376848 -0.02713152 0.03572216
v 0.01403737 -0.02700691 0.03550526
v 0.01546852 -0.02619901 0.03550553
v 0.01167589 -0.02811309 0.03572059
v 0.01256089 -0.02773727 0.03550501
v 0.01377428 -0.02714446 0.03550521
v 0.00951416 -0.02893069 0.03571918
v 0.01051212 -0.02859217 0.03550482
v 0.01105107 -0.02838448 0.03550486
v 0.00709216 -0.02964351 0.03550475
v 0.00729854 -0.02959254 0.03550475
v 0.00729535 -0.02957880 0.03571793
v 0.00795715 -0.02941947 0.03550474
v 0.00951893 -0.02894398 0.03550477
v 0.00637573 -0.02980848 0.03550477
v 0.00503343 -0.03005425 0.03571683
v 0.00478513 -0.03010977 0.03550487
v 0.00357146 -0.03028075 0.03550502
v 0.00274171 -0.03035454 0.03571596
v 0.00321755 -0.03032112 0.03550507
v 0.00152125 -0.03045560 0.03550546
v 0.00043358 -0.03047708 0.03571584
v 0.00010112 -0.03049398 0.03550589
v -0.00450656 -0.03015351 0.03550573
v -0.00357165 -0.03028079 0.03550572
v -0.00416986 -0.03018861 0.03571659
v -0.00292637 -0.03035126 0.03550573
v -0.00187433 -0.03042175 0.03571574
v -0.00136856 -0.03046314 0.03550583
v -0.00000009 -0.03049416 0.03550590
v -0.00609521 -0.02986802 0.03550579
v -0.00644033 -0.02977992 0.03571811
v -0.00644217 -0.02979388 0.03550581
v -0.00867259 -0.02919865 0.03572000
v -0.00767936 -0.02949436 0.03550589
v -0.00709231 -0.02964338 0.03550585
v -0.01085358 -0.02844761 0.03572196
v -0.01051248 -0.02859266 0.03550598
v -0.00930482 -0.02901501 0.03550595
v -0.01297013 -0.02753016 0.03572380
v -0.01235702 -0.02783136 0.03550605
v -0.01084885 -0.02846449 0.03550599
v -0.01790090 -0.02455135 0.03572650
v -0.01664523 -0.02545365 0.03550606
v -0.01696189 -0.02522278 0.03572629
v -0.01526131 -0.02632241 0.03550611
v -0.01501021 -0.02645294 0.03572531
v -0.01383049 -0.02711593 0.03550610
v -0.01297581 -0.02754296 0.03550608
v -0.01798158 -0.02448241 0.03577369
v -0.01798443 -0.02448712 0.03573488
v -0.01787320 -0.02430391 0.03639646
v -0.01664740 -0.02465950 0.03694095
v -0.01473285 -0.02587052 0.03693877
v -0.01273127 -0.02693061 0.03693607
v -0.01065433 -0.02783349 0.03693324
v -0.00632257 -0.02914500 0.03692791
v -0.00851379 -0.02857293 0.03693061
v -0.00409363 -0.02954706 0.03692559
v -0.00183982 -0.02977677 0.03692467
v 0.00492755 -0.02941616 0.03692461
v 0.00268400 -0.02971040 0.03692373
v 0.00042495 -0.02983331 0.03692694
v 0.00714167 -0.02895040 0.03692565
v 0.00931362 -0.02831574 0.03692708
v 0.01347798 -0.02655355 0.03693083
v 0.01142965 -0.02751493 0.03692891
v 0.01544707 -0.02543833 0.03693280
v 0.01732401 -0.02417448 0.03693493
v 0.02074981 -0.02122172 0.03694000
v 0.01909589 -0.02276721 0.03693729
v 0.02227069 -0.01954572 0.03694329
v 0.02365043 -0.01775334 0.03694712
v 0.02488771 -0.01585916 0.03695106
v 0.02773078 -0.00970870 0.03695960
v 0.02692963 -0.01182360 0.03695766
v 0.02598121 -0.01387773 0.03695471
v 0.02919350 -0.00309330 0.03696123
v 0.02886871 -0.00533210 0.03696116
v 0.02837914 -0.00754107 0.03696069
v 0.02937620 0.00000282 0.03694588
v 0.02934756 -0.00083616 0.03696113
v 0.02997782 0.00000027 0.03580128
v 0.02997589 -0.00085942 0.03572749
v 0.02981871 -0.00316498 0.03572803
v 0.02948642 -0.00545167 0.03572853
v 0.02898567 -0.00770788 0.03572892
v 0.02832313 -0.00992199 0.03572913
v 0.02750542 -0.01208249 0.03572911
v 0.02653763 -0.01418114 0.03572883
v 0.02542149 -0.01620568 0.03572838
v 0.02415833 -0.01814113 0.03572786
v 0.02274950 -0.01997253 0.03572737
v 0.02119632 -0.02168491 0.03572701
v 0.02960212 0.00000203 0.03668858
v 0.02964957 -0.00084675 0.03660273
v 0.02961234 -0.00314062 0.03639901
v 0.02949402 -0.00312713 0.03660296
v 0.02928267 -0.00541135 0.03639925
v 0.02916576 -0.00538882 0.03660307
v 0.02878584 -0.00765166 0.03639928
v 0.02867103 -0.00762023 0.03660292
v 0.02812825 -0.00984996 0.03639897
v 0.02801610 -0.00980978 0.03660236
v 0.02731628 -0.01199473 0.03639821
v 0.02720722 -0.01194599 0.03660124
v 0.02635516 -0.01407812 0.03639694
v 0.02624970 -0.01402101 0.03659948
v 0.02524672 -0.01608814 0.03639532
v 0.02514549 -0.01602288 0.03659727
v 0.02399220 -0.01800995 0.03639353
v 0.02389583 -0.01793685 0.03659488
v 0.02259286 -0.01982871 0.03639180
v 0.02250198 -0.01974818 0.03659255
v 0.02104994 -0.02152960 0.03639032
v 0.02096521 -0.02144209 0.03659055
v 0.01937196 -0.02309799 0.03638892
v 0.01929395 -0.02300408 0.03658877
v 0.01757444 -0.02452591 0.03638737
v 0.01750364 -0.02442620 0.03658698
v 0.01567040 -0.02580813 0.03638573
v 0.01560726 -0.02570324 0.03658522
v 0.01367287 -0.02693939 0.03638406
v 0.01361777 -0.02682999 0.03658348
v 0.01159485 -0.02791446 0.03638243
v 0.01154816 -0.02780123 0.03658178
v 0.00944810 -0.02872670 0.03638092
v 0.00941009 -0.02861029 0.03658019
v 0.00724464 -0.02937048 0.03637966
v 0.00721552 -0.02925151 0.03657890
v 0.00499844 -0.02984284 0.03637865
v 0.00497839 -0.02972203 0.03657790
v 0.00272247 -0.03014119 0.03637781
v 0.00271156 -0.03001924 0.03657706
v 0.00043080 -0.03026448 0.03637945
v 0.00042916 -0.03014265 0.03657931
v -0.00186389 -0.03020825 0.03637822
v -0.00185725 -0.03008617 0.03657768
v -0.00414596 -0.02997609 0.03637908
v -0.00413138 -0.02985466 0.03657857
v -0.00640238 -0.02956962 0.03638099
v -0.00637997 -0.02944946 0.03658064
v -0.00862045 -0.02899152 0.03638326
v -0.00859034 -0.02887310 0.03658307
v -0.01078740 -0.02824451 0.03638552
v -0.01074971 -0.02812825 0.03658546
v -0.01289043 -0.02733216 0.03638782
v -0.01284529 -0.02721863 0.03658795
v -0.01491763 -0.02626081 0.03638989
v -0.01486523 -0.02615052 0.03659023
v -0.01685719 -0.02503696 0.03639143
v -0.01679774 -0.02493031 0.03659197
v -0.01779072 -0.02436890 0.03639191
v -0.01772777 -0.02426436 0.03659256
v -0.01781356 -0.02420568 0.03658586
v -0.01778392 -0.02415685 0.03666497
v 0.02952122 0.00000233 0.03679129
v 0.02950868 -0.00084176 0.03679134
v 0.02935383 -0.00311129 0.03679147
v 0.02902720 -0.00536229 0.03679147
v 0.02853491 -0.00758321 0.03679116
v 0.02788307 -0.00976250 0.03679033
v 0.02707780 -0.01188871 0.03678881
v 0.02612453 -0.01395392 0.03678649
v 0.02502531 -0.01594622 0.03678361
v 0.02378142 -0.01785094 0.03678050
v 0.02239413 -0.01965343 0.03677748
v 0.02086472 -0.02133901 0.03677487
v 0.01920152 -0.02289332 0.03677265
v 0.01741979 -0.02430852 0.03677060
v 0.01553248 -0.02557942 0.03676867
v 0.01355252 -0.02670080 0.03676683
v 0.01149285 -0.02766746 0.03676504
v 0.00936506 -0.02847269 0.03676334
v 0.00718104 -0.02911087 0.03676200
v 0.00495465 -0.02957918 0.03676099
v 0.00269868 -0.02987501 0.03676013
v 0.00042720 -0.02999833 0.03676293
v -0.00184919 -0.02994172 0.03676094
v -0.00411387 -0.02971103 0.03676185
v -0.00635326 -0.02930731 0.03676406
v -0.00855464 -0.02873297 0.03676664
v -0.01070516 -0.02799066 0.03676916
v -0.01279201 -0.02708421 0.03677182
v -0.01480337 -0.02601986 0.03677432
v -0.01672752 -0.02480395 0.03677627
v -0.01765328 -0.02414056 0.03677699
v -0.01773618 -0.02407823 0.03677707
v 0.02994584 0.00000048 0.03595749
v 0.02990503 0.00000071 0.03609990
v 0.02993338 -0.00085749 0.03595768
v 0.02986366 -0.00085469 0.03618253
v 0.02977643 -0.00315975 0.03595821
v 0.02970706 -0.00315156 0.03618298
v 0.02944471 -0.00544311 0.03595867
v 0.02937622 -0.00542956 0.03618335
v 0.02894483 -0.00769595 0.03595898
v 0.02887766 -0.00767706 0.03618353
v 0.02828339 -0.00990666 0.03595907
v 0.02821788 -0.00988245 0.03618344
v 0.02746698 -0.01206370 0.03595887
v 0.02740340 -0.01203421 0.03618300
v 0.02650069 -0.01415905 0.03595835
v 0.02643935 -0.01412442 0.03618215
v 0.02538625 -0.01618053 0.03595760
v 0.02532748 -0.01614102 0.03618100
v 0.02412493 -0.01811321 0.03595675
v 0.02406906 -0.01806911 0.03617973
v 0.02271802 -0.01994214 0.03595593
v 0.02266534 -0.01989379 0.03617850
v 0.02116682 -0.02165239 0.03595527
v 0.02111759 -0.02160016 0.03617746
v 0.01947977 -0.02322937 0.03595444
v 0.01943431 -0.02317359 0.03617638
v 0.01767238 -0.02466517 0.03595322
v 0.01763106 -0.02460610 0.03617502
v 0.01575777 -0.02595444 0.03595173
v 0.01572091 -0.02589242 0.03617347
v 0.01374909 -0.02709188 0.03595013
v 0.01371693 -0.02702726 0.03617185
v 0.01165945 -0.02807217 0.03594855
v 0.01163220 -0.02800537 0.03617026
v 0.00950074 -0.02888873 0.03594713
v 0.00947852 -0.02882013 0.03616880
v 0.00728501 -0.02953598 0.03594588
v 0.00726796 -0.02946592 0.03616756
v 0.00502628 -0.03001082 0.03594482
v 0.00501451 -0.02993972 0.03616653
v 0.00273772 -0.03031073 0.03594397
v 0.00273125 -0.03023898 0.03616568
v 0.00043304 -0.03043349 0.03594436
v 0.00043210 -0.03036203 0.03616668
v -0.00187253 -0.03037790 0.03594393
v -0.00186902 -0.03030611 0.03616586
v -0.00416542 -0.03014492 0.03594477
v -0.00415738 -0.03007346 0.03616671
v -0.00643290 -0.02973668 0.03594638
v -0.00642013 -0.02966597 0.03616846
v -0.00866203 -0.02915609 0.03594836
v -0.00864450 -0.02908645 0.03617057
v -0.01083991 -0.02840595 0.03595040
v -0.01081766 -0.02833766 0.03617271
v -0.01295353 -0.02748964 0.03595237
v -0.01292674 -0.02742307 0.03617483
v -0.01499092 -0.02641369 0.03595404
v -0.01495980 -0.02634909 0.03617670
v -0.01694015 -0.02518480 0.03595519
v -0.01690496 -0.02512233 0.03617804
v -0.01787823 -0.02451396 0.03595548
v -0.01796232 -0.02445069 0.03595549
v -0.01805101 -0.02296347 0.02125270
v -0.01800445 -0.02299161 0.02046188
v -0.01799277 -0.02299662 0.01971761
v -0.01799261 -0.02449980 0.01971657
v -0.02117262 -0.01863951 0.03697956
v -0.01884275 -0.02378926 0.03573540
v -0.01985860 -0.02159634 0.03695496
v -0.01849238 -0.02326215 0.03693497
v -0.01923404 -0.02247806 0.03694355
v -0.01933192 -0.02260442 0.03677726
v -0.02226654 -0.01698442 0.03561232
v -0.02165033 -0.01909031 0.03573905
v -0.02156902 -0.01898365 0.03619502
v -0.02162063 -0.01904347 0.03597021
v -0.02123595 -0.02008227 0.03596940
v -0.02126509 -0.02012850 0.03573886
v -0.02214977 -0.01683199 0.03628847
v -0.02217882 -0.01685858 0.03619568
v -0.02221988 -0.01690136 0.03603028
v -0.02223761 -0.01692344 0.03593484
v -0.02225894 -0.01695860 0.03576273
v -0.02210395 -0.01679357 0.03641189
v -0.02149752 -0.01891237 0.03641053
v -0.02200797 -0.01672138 0.03661688
v -0.02140705 -0.01883060 0.03661467
v -0.02191084 -0.01665524 0.03678045
v -0.02129844 -0.01873927 0.03680537
v -0.02037614 -0.02064712 0.03696549
v -0.02048892 -0.02076130 0.03679479
v -0.02058648 -0.02086389 0.03660665
v -0.02066817 -0.02095382 0.03640471
v -0.02073328 -0.02103015 0.03619111
v -0.01878040 -0.02368903 0.03618083
v -0.01872769 -0.02360891 0.03639029
v -0.01948784 -0.02281189 0.03639432
v -0.01866171 -0.02351041 0.03658755
v -0.01941673 -0.02271605 0.03659291
v -0.01858301 -0.02339441 0.03677032
v -0.02005530 -0.02182401 0.03660014
v -0.01996404 -0.02171676 0.03678645
v -0.01921702 -0.02336513 0.03596227
v -0.01881920 -0.02374981 0.03596145
v -0.01924103 -0.02340548 0.03573587
v -0.01995183 -0.02255699 0.03573701
v -0.02026392 -0.02209976 0.03573756
v -0.02023757 -0.02205650 0.03596587
v -0.01958619 -0.02295225 0.03596338
v -0.01961089 -0.02299356 0.03573643
v -0.02019282 -0.02199489 0.03618766
v -0.01954457 -0.02289097 0.03618373
v -0.02013179 -0.02191704 0.03639981
v -0.02175592 -0.01655867 0.03698632
v -0.02182485 -0.01660053 0.03690146
v -0.02189143 -0.01664262 0.03680944
v -0.02078097 -0.02109183 0.03596799
v -0.02080890 -0.02113689 0.03573841
v -0.01187228 -0.02804503 0.00481196
v -0.01051228 -0.02859209 0.00481196
v -0.01378263 -0.02714075 0.00481196
v -0.01617523 -0.02576002 0.00481196
v -0.01685693 -0.02531039 0.00481196
v -0.01799293 -0.02449966 0.00481196
v -0.00709241 -0.02964377 0.00481196
v -0.00959237 -0.02891929 0.00481196
v -0.00000009 -0.03049419 0.00481196
v -0.00243953 -0.03039484 0.00481196
v -0.00357165 -0.03028082 0.00481196
v -0.00485941 -0.03009801 0.00481196
v 0.00243946 -0.03039484 0.00481196
v 0.00357147 -0.03028084 0.00481196
v 0.00709223 -0.02964381 0.00481196
v 0.00485934 -0.03009802 0.00481196
v 0.01378247 -0.02714083 0.00481196
v 0.01187221 -0.02804506 0.00481196
v 0.01051211 -0.02859215 0.00481196
v 0.00959231 -0.02891931 0.00481196
v 0.01799273 -0.02449971 0.00481196
v 0.01685678 -0.02531049 0.00481196
v 0.01617518 -0.02576005 0.00481196
v -0.02235755 -0.00137439 0.02962269
v -0.02236315 0.00000340 0.02962293
v -0.02236399 0.00000347 0.03272619
v -0.02227983 -0.00447093 0.02962217
v -0.02139211 -0.01377673 0.02962102
v -0.02163914 -0.01215365 0.02962116
v -0.02189554 -0.00997630 0.02962140
v -0.02211553 -0.00742110 0.02962173
v -0.02223112 -0.00553554 0.02962201
v -0.02080884 -0.01664360 0.03550552
v -0.02080939 -0.01663180 0.03528842
v -0.02087682 -0.01635312 0.02962087
v -0.02130452 -0.01427283 0.02962098
v -0.02085262 -0.01644527 0.03173559
v 0.02749998 0.00000180 0.02862159
v 0.02750003 0.00000337 0.02800020
v 0.02747618 -0.00115594 0.02862240
v 0.02741063 -0.00221562 0.02800020
v 0.02686461 -0.00587896 0.02862156
v 0.02696914 -0.00537974 0.02862141
v 0.02696870 -0.00537966 0.02800020
v 0.02715268 -0.00436141 0.02862150
v 0.02735015 -0.00287625 0.02862204
v 0.02616279 -0.00847109 0.02800020
v 0.02616279 -0.00847109 0.02862594
v 0.02648801 -0.00739188 0.02862324
v 0.02665698 -0.00675757 0.02862228
v 0.02500379 -0.01144820 0.02800020
v 0.02500425 -0.01144839 0.02864231
v 0.02545990 -0.01039495 0.02863496
v 0.02602042 -0.00889883 0.02862744
v 0.02350733 -0.01427080 0.02800020
v 0.02340439 -0.01444156 0.02867172
v 0.02421391 -0.01303824 0.02865649
v 0.02486323 -0.01175177 0.02864473
v 0.02227950 -0.01612060 0.02848176
v 0.02228428 -0.01611399 0.02869123
v 0.02258839 -0.01568461 0.02868653
v 0.02227916 -0.01612107 0.02800020
v -0.02186243 0.00000336 0.02912224
v -0.01977929 -0.01663454 0.02862150
v -0.02020796 -0.01467745 0.02861914
v -0.02037875 -0.01374153 0.02862033
v -0.02136170 0.00000325 0.02862155
v -0.02134446 -0.00212296 0.02862047
v -0.02124760 -0.00517123 0.02862069
v -0.02122268 -0.00567163 0.02862081
v -0.02106184 -0.00810130 0.02862156
v -0.02083301 -0.01048998 0.02862189
v -0.02067721 -0.01176432 0.02862160
v -0.02054445 -0.01270655 0.02862119
v -0.01977929 -0.01663454 0.02800020
v -0.02037841 -0.01374148 0.02800020
v -0.02087233 -0.01013216 0.02800020
v -0.02122232 -0.00567161 0.02800020
v -0.02136170 0.00000318 0.02800020
v -0.02260628 -0.01299880 0.03678623
v -0.02243703 -0.01292089 0.03700327
v -0.02295897 -0.00831040 0.03700826
v -0.02321908 -0.00367859 0.03701107
v -0.02288214 -0.01394859 0.03550433
v -0.02352099 -0.00852104 0.03576199
v -0.02353487 -0.00854480 0.03550416
v -0.02338166 -0.01018769 0.03550418
v -0.02386451 0.00000337 0.03550434
v -0.02373206 -0.00557702 0.03550417
v -0.02379143 -0.00377877 0.03576146
v -0.02383848 0.00000457 0.03583406
v -0.02374190 -0.00376422 0.03602976
v -0.02379820 0.00000488 0.03603154
v -0.02376543 0.00000498 0.03614858
v -0.02366003 -0.00374677 0.03629078
v -0.02371474 0.00000505 0.03629503
v -0.02354381 -0.00372621 0.03654775
v -0.02363177 0.00000509 0.03648511
v -0.02339523 -0.00370317 0.03679101
v -0.02343713 0.00000489 0.03681077
v -0.02327423 0.00000432 0.03701195
v -0.02320535 0.00000396 0.03708394
v -0.02204211 -0.01520828 0.03699845
v -0.02220742 -0.01530033 0.03678308
v -0.02234548 -0.01538631 0.03654384
v -0.02245182 -0.01546288 0.03628992
v -0.02252472 -0.01552769 0.03603069
v -0.02256602 -0.01558161 0.03576280
v -0.02313291 -0.00836126 0.03678926
v -0.02327927 -0.00840926 0.03654701
v -0.02305296 -0.01074468 0.03654651
v -0.02339336 -0.00845251 0.03629086
v -0.02316528 -0.01079917 0.03629090
v -0.02347326 -0.00848961 0.03603030
v -0.02324356 -0.01084587 0.03603064
v -0.02328978 -0.01088536 0.03576234
v -0.02274808 -0.01307200 0.03654565
v -0.02285787 -0.01313764 0.03629073
v -0.02293384 -0.01319366 0.03603086
v -0.02297796 -0.01324079 0.03576265
v -0.02286170 0.00000322 0.02800020
v -0.02284108 -0.00234870 0.02800020
v -0.02386235 0.00000337 0.02899991
v -0.02383722 -0.00261400 0.02899996
v -0.02372443 -0.00568647 0.02899807
v -0.02267489 -0.00655825 0.02800020
v -0.02367534 -0.00655624 0.02899769
v -0.02231696 -0.01070959 0.02800020
v -0.02329296 -0.01097869 0.02900040
v -0.02337970 -0.01018767 0.02899951
v -0.02354077 -0.00844779 0.02899789
v -0.02300111 -0.01318266 0.02900248
v -0.02182533 -0.01418617 0.02800020
v -0.02288023 -0.01394857 0.02900280
v -0.02267071 -0.01512395 0.02900259
v 0.01827844 -0.02113520 0.02662171
v 0.01824874 -0.02105466 0.02651073
v 0.01795321 -0.02149220 0.02614885
v 0.02158455 -0.01704269 0.02809875
v 0.02055799 -0.01832856 0.02829958
v 0.01860419 -0.02070111 0.02697269
v 0.01896040 -0.02027231 0.02731542
v 0.01763088 -0.02176753 0.02555969
v 0.01766345 -0.02185129 0.02566689
v 0.01673009 -0.02275189 0.02298069
v 0.01690158 -0.02258525 0.02371398
v 0.01701071 -0.02245083 0.02407291
v 0.01714595 -0.02239647 0.02449462
v 0.01971817 -0.01947167 0.02812257
v 0.02011761 -0.01889790 0.02822436
v 0.02128766 -0.01742214 0.02859068
v 0.02063094 -0.01821052 0.02801469
v 0.01935688 -0.01998619 0.02788455
v 0.01899913 -0.02042498 0.02753492
v 0.01866062 -0.02086332 0.02718637
v 0.01831237 -0.02121929 0.02672798
v 0.01863013 -0.02078017 0.02708167
v 0.01798958 -0.02157748 0.02625556
v 0.01738274 -0.02212535 0.02508163
v 0.01770085 -0.02193790 0.02577056
v 0.01933416 -0.01977466 0.02753872
v 0.01972753 -0.01934092 0.02787958
v 0.01933675 -0.01984215 0.02765761
v 0.01972038 -0.01940521 0.02800275
v 0.01934421 -0.01991242 0.02777289
v 0.01897733 -0.02034666 0.02742707
v 0.01799237 -0.02450000 0.00000003
v 0.01799265 -0.02299663 -0.00000000
v -0.01799265 -0.02299663 -0.00000000
v -0.01799249 -0.02450000 0.00000002
v -0.01724746 -0.02299663 0.01971767
v -0.01649265 -0.02299663 -0.00000000
v 0.01649266 -0.02299663 0.00930000
v 0.01649265 -0.02299663 0.00000000
v -0.01762207 -0.02299663 0.01971764
v -0.01784936 -0.02299663 -0.00226627
v -0.01633104 -0.02299663 -0.00230321
v -0.01730015 -0.02299663 -0.00494373
v -0.01576054 -0.02299663 -0.00485932
v -0.01635172 -0.02299663 -0.00750711
v -0.01479262 -0.02299663 -0.00729289
v -0.01502597 -0.02299663 -0.00989726
v -0.01345167 -0.02299663 -0.00954255
v -0.01335349 -0.02299663 -0.01205902
v -0.01177151 -0.02299663 -0.01155159
v -0.01137286 -0.02299663 -0.01394251
v -0.00979452 -0.02299663 -0.01326933
v -0.00912980 -0.02299663 -0.01550427
v -0.00757053 -0.02299663 -0.01465246
v -0.00667606 -0.02299663 -0.01670826
v -0.00515565 -0.02299663 -0.01566611
v -0.00406827 -0.02299663 -0.01752669
v -0.00261076 -0.02299663 -0.01628470
v -0.00136660 -0.02299663 -0.01794068
v -0.00000003 -0.02299663 -0.01649265
v 0.01633103 -0.02299663 -0.00230327
v 0.01784936 -0.02299663 -0.00226626
v 0.01576053 -0.02299663 -0.00485937
v 0.01730015 -0.02299663 -0.00494372
v 0.01479259 -0.02299663 -0.00729294
v 0.01635173 -0.02299663 -0.00750710
v 0.01345163 -0.02299663 -0.00954260
v 0.01502598 -0.02299663 -0.00989725
v 0.01177147 -0.02299663 -0.01155163
v 0.01335350 -0.02299663 -0.01205901
v 0.00979447 -0.02299663 -0.01326936
v 0.01137287 -0.02299663 -0.01394250
v 0.00757048 -0.02299663 -0.01465249
v 0.00912981 -0.02299663 -0.01550426
v 0.00515560 -0.02299663 -0.01566613
v 0.00667607 -0.02299663 -0.01670825
v 0.00261070 -0.02299663 -0.01628471
v 0.00406828 -0.02299663 -0.01752669
v 0.00136661 -0.02299663 -0.01794068
v 0.01345163 -0.02373730 -0.00954260
v -0.01635611 -0.02373731 -0.00211786
v -0.01633104 -0.02373730 -0.00230321
v -0.01591343 -0.02373731 -0.00433249
v -0.01576054 -0.02373730 -0.00485932
v -0.01514776 -0.02373731 -0.00652326
v -0.01479262 -0.02373730 -0.00729289
v -0.01345167 -0.02373730 -0.00954255
v -0.01248752 -0.02373731 -0.01077355
v -0.01177151 -0.02373730 -0.01155159
v -0.01068725 -0.02373730 -0.01256146
v -0.00979452 -0.02373730 -0.01326933
v -0.00757053 -0.02373730 -0.01465246
v -0.00515565 -0.02373730 -0.01566611
v -0.00404989 -0.02373730 -0.01598768
v -0.00261076 -0.02373730 -0.01628470
v -0.00000003 -0.02373730 -0.01649265
v 0.00261070 -0.02373730 -0.01628471
v 0.00404988 -0.02373730 -0.01598768
v 0.00515560 -0.02373730 -0.01566613
v 0.00757048 -0.02373730 -0.01465249
v 0.00979447 -0.02373730 -0.01326936
v 0.01068725 -0.02373730 -0.01256146
v 0.01177147 -0.02373730 -0.01155163
v 0.01248752 -0.02373730 -0.01077355
v 0.01319012 -0.02373730 -0.00990093
v 0.01576053 -0.02373730 -0.00485937
v 0.01514776 -0.02373730 -0.00652326
v 0.01479259 -0.02373730 -0.00729294
v 0.01633103 -0.02373730 -0.00230327
v 0.01598431 -0.02373730 -0.00406319
v 0.01591343 -0.02373730 -0.00433249
v 0.00854781 -0.02449869 -0.01583391
v 0.00716416 -0.02480084 -0.01605787
v 0.00733196 -0.02449893 -0.01643194
v 0.01590604 -0.02547088 -0.00481259
v 0.01503012 -0.02600758 -0.00481257
v 0.01479260 -0.02560439 -0.00711719
v 0.01729861 -0.02450087 -0.00494325
v 0.01733406 -0.02449956 -0.00481232
v 0.01598615 -0.02449869 -0.00825977
v 0.01635307 -0.02449853 -0.00750773
v 0.01656462 -0.02449864 -0.00702829
v 0.01704592 -0.02449973 -0.00575919
v 0.01459574 -0.02449956 -0.01052153
v 0.01502601 -0.02449959 -0.00989727
v 0.01445024 -0.02502324 -0.00946112
v 0.01532835 -0.02449938 -0.00942278
v 0.01183844 -0.02449936 -0.01354982
v 0.01283177 -0.02449910 -0.01261367
v 0.01201913 -0.02534674 -0.01174251
v 0.01335397 -0.02449912 -0.01205944
v 0.01375250 -0.02449922 -0.01160270
v 0.00913031 -0.02449884 -0.01550511
v 0.00971628 -0.02449912 -0.01514436
v 0.00956877 -0.02527189 -0.01394628
v 0.01083746 -0.02449958 -0.01436263
v 0.01137293 -0.02449951 -0.01394258
v 0.00667622 -0.02449926 -0.01670863
v 0.00515126 -0.02530554 -0.01605787
v 0.00609348 -0.02449950 -0.01692949
v 0.00310383 -0.02564384 -0.01605787
v 0.00406870 -0.02449819 -0.01752846
v 0.00480654 -0.02449897 -0.01733958
v 0.00083271 -0.02449906 -0.01797403
v 0.00136672 -0.02449849 -0.01794208
v 0.00103557 -0.02581347 -0.01605787
v 0.00217948 -0.02449777 -0.01786256
v 0.00350059 -0.02449773 -0.01765131
v -0.00052765 -0.02449933 -0.01798520
v -0.00103963 -0.02581331 -0.01605787
v -0.00136669 -0.02449851 -0.01794206
v -0.00186557 -0.02449802 -0.01789773
v -0.00310785 -0.02564334 -0.01605787
v -0.00318301 -0.02449759 -0.01771153
v -0.00667621 -0.02449925 -0.01670864
v -0.00515524 -0.02530471 -0.01605787
v -0.00706720 -0.02449905 -0.01654735
v -0.00716805 -0.02479970 -0.01605787
v -0.00826789 -0.02449868 -0.01598187
v -0.00581902 -0.02449955 -0.01702571
v -0.00449217 -0.02449862 -0.01742414
v -0.00406866 -0.02449818 -0.01752848
v -0.00913028 -0.02449884 -0.01550512
v -0.00751335 -0.02597056 -0.01394628
v -0.00942227 -0.02449897 -0.01532923
v -0.00957274 -0.02527036 -0.01394628
v -0.01057793 -0.02449953 -0.01455490
v -0.01137293 -0.02449950 -0.01394259
v -0.01202311 -0.02534482 -0.01174251
v -0.01352414 -0.02449916 -0.01186821
v -0.01335395 -0.02449912 -0.01205945
v -0.01261801 -0.02449913 -0.01282746
v -0.01164206 -0.02449942 -0.01371882
v -0.00994941 -0.02624527 -0.01174251
v -0.01517458 -0.02449957 -0.00966798
v -0.01502599 -0.02449960 -0.00989727
v -0.01445416 -0.02502092 -0.00946112
v -0.01438168 -0.02449949 -0.01081244
v -0.01239882 -0.02612138 -0.00946112
v -0.01692654 -0.02449926 -0.00610299
v -0.01642898 -0.02449930 -0.00733760
v -0.01479661 -0.02560202 -0.00711719
v -0.01635213 -0.02449930 -0.00750731
v -0.01584463 -0.02449935 -0.00852622
v -0.01733926 -0.02449867 -0.00481196
v -0.01730156 -0.02449855 -0.00494418
v -0.01671339 -0.02493813 -0.00481192
v -0.01525971 -0.02587104 -0.00481195
v -0.01375410 -0.02671761 -0.00481198
v -0.01269257 -0.02672854 -0.00711719
v -0.01289642 -0.02714987 -0.00481200
v -0.01220170 -0.02747495 -0.00481202
v -0.01141719 -0.02781617 -0.00481203
v -0.01050341 -0.02767913 -0.00711719
v -0.01060778 -0.02814048 -0.00481205
v -0.00897777 -0.02871195 -0.00481208
v -0.00824381 -0.02844741 -0.00711719
v -0.00837620 -0.02889632 -0.00481209
v -0.00357427 -0.02941767 -0.00711719
v -0.00563175 -0.02956522 -0.00481215
v -0.00592892 -0.02902822 -0.00711719
v -0.00696441 -0.02927506 -0.00481212
v -0.00731721 -0.02918740 -0.00481212
v -0.00048365 -0.03010173 -0.00481225
v -0.00121485 -0.03008075 -0.00481224
v -0.00119565 -0.02961314 -0.00711719
v -0.00220915 -0.03002317 -0.00481222
v -0.00392713 -0.02984413 -0.00481218
v -0.00000253 -0.03010568 -0.00481226
v 0.00119099 -0.02961333 -0.00711719
v 0.00124349 -0.03007955 -0.00481228
v 0.00233962 -0.03001310 -0.00481231
v 0.00356964 -0.02941824 -0.00711719
v 0.00296640 -0.02995671 -0.00481232
v 0.00592435 -0.02902917 -0.00711719
v 0.00467922 -0.02973362 -0.00481235
v 0.00362696 -0.02988270 -0.00481233
v 0.00823934 -0.02844873 -0.00711719
v 0.00695950 -0.02927621 -0.00481240
v 0.00637611 -0.02941104 -0.00481238
v 0.01049906 -0.02768081 -0.00711719
v 0.00969912 -0.02847214 -0.00481245
v 0.00805131 -0.02899007 -0.00481242
v 0.01268838 -0.02673058 -0.00711719
v 0.01131392 -0.02785901 -0.00481249
v 0.01066765 -0.02811736 -0.00481247
v 0.01442267 -0.02635583 -0.00481255
v 0.01353551 -0.02683100 -0.00481253
v 0.01289022 -0.02715277 -0.00481252
v 0.00750927 -0.02597176 -0.01394628
v 0.00539941 -0.02650077 -0.01394628
v 0.00325335 -0.02685536 -0.01394628
v 0.00108546 -0.02703317 -0.01394628
v -0.00108971 -0.02703300 -0.01394628
v -0.00325757 -0.02685484 -0.01394628
v -0.00540358 -0.02649990 -0.01394628
v 0.00994529 -0.02624686 -0.01174251
v 0.00780475 -0.02697427 -0.01174251
v 0.00561188 -0.02752409 -0.01174251
v 0.00338136 -0.02789264 -0.01174251
v 0.00112817 -0.02807745 -0.01174251
v -0.00113259 -0.02807727 -0.01174251
v -0.00338575 -0.02789210 -0.01174251
v -0.00561620 -0.02752320 -0.01174251
v -0.00780899 -0.02697302 -0.01174251
v 0.01239472 -0.02612336 -0.00946112
v 0.01025607 -0.02705161 -0.00946112
v 0.00804865 -0.02780175 -0.00946112
v 0.00578724 -0.02836875 -0.00946112
v 0.00348703 -0.02874882 -0.00946112
v 0.00116343 -0.02893940 -0.00946112
v -0.00116798 -0.02893921 -0.00946112
v -0.00349155 -0.02874826 -0.00946112
v -0.00579170 -0.02836783 -0.00946112
v -0.00805302 -0.02780046 -0.00946112
v -0.01026032 -0.02704997 -0.00946112
v -0.01764861 -0.02449904 -0.00350172
v -0.01786106 -0.02449941 -0.00217216
v -0.01797348 -0.02449977 -0.00083044
v 0.01794230 -0.02449988 -0.00134522
v 0.01779146 -0.02449976 -0.00268317
v 0.01754100 -0.02449964 -0.00400609
v 0.01388022 -0.02500667 -0.00432734
v 0.01367165 -0.02463834 -0.00651103
v 0.01098852 -0.02449449 -0.01074635
v -0.00858027 -0.02448367 -0.01277219
v -0.00649115 -0.02513118 -0.01277219
v -0.01388023 -0.02500667 -0.00432734
v -0.01607379 -0.02393346 -0.00211730
v 0.01607379 -0.02393346 -0.00211730
v 0.01400425 -0.02522570 -0.00211730
v 0.01183150 -0.02633567 -0.00211730
v 0.00957156 -0.02725520 -0.00211730
v 0.00724108 -0.02797751 -0.00211730
v 0.00485724 -0.02849729 -0.00211730
v 0.00243760 -0.02881069 -0.00211730
v -0.00000000 -0.02891542 -0.00211730
v -0.00243760 -0.02881069 -0.00211730
v -0.00485724 -0.02849729 -0.00211730
v -0.00724108 -0.02797751 -0.00211730
v -0.00957156 -0.02725520 -0.00211730
v -0.01183150 -0.02633567 -0.00211730
v -0.01400425 -0.02522570 -0.00211730
v -0.01337981 -0.02412293 -0.00865505
v -0.01130394 -0.02518341 -0.00865505
v -0.00888960 -0.02534850 -0.01074635
v -0.01098852 -0.02449449 -0.01074635
v 0.00621760 -0.02409293 -0.01472023
v 0.00417070 -0.02453924 -0.01472023
v 0.00209306 -0.02480834 -0.01472023
v -0.00000000 -0.02489827 -0.01472023
v -0.00209306 -0.02480834 -0.01472023
v -0.00417070 -0.02453924 -0.01472023
v -0.00621760 -0.02409293 -0.01472023
v -0.00435419 -0.02559712 -0.01277219
v -0.00218515 -0.02587807 -0.01277219
v -0.00000000 -0.02597195 -0.01277219
v 0.00218515 -0.02587807 -0.01277219
v 0.00435419 -0.02559712 -0.01277219
v 0.00649115 -0.02513118 -0.01277219
v 0.00858027 -0.02448367 -0.01277219
v -0.00672516 -0.02601935 -0.01074635
v -0.00451117 -0.02650210 -0.01074635
v -0.00226393 -0.02679317 -0.01074635
v -0.00000000 -0.02689043 -0.01074635
v 0.00226392 -0.02679317 -0.01074635
v 0.00451116 -0.02650210 -0.01074635
v 0.00672516 -0.02601935 -0.01074635
v 0.00888959 -0.02534850 -0.01074635
v -0.00914477 -0.02606194 -0.00865505
v -0.00691821 -0.02675205 -0.00865505
v -0.00464066 -0.02724865 -0.00865505
v -0.00232891 -0.02754808 -0.00865505
v -0.00000000 -0.02764814 -0.00865505
v 0.00232891 -0.02754808 -0.00865505
v 0.00464066 -0.02724865 -0.00865505
v 0.00691820 -0.02675205 -0.00865505
v 0.00914477 -0.02606194 -0.00865505
v 0.01130394 -0.02518341 -0.00865505
v 0.01337981 -0.02412293 -0.00865505
v -0.01367166 -0.02463834 -0.00651103
v -0.01155051 -0.02572195 -0.00651103
v -0.00934424 -0.02661964 -0.00651103
v -0.00706911 -0.02732480 -0.00651103
v -0.00474188 -0.02783223 -0.00651103
v -0.00237971 -0.02813819 -0.00651103
v -0.00000000 -0.02824043 -0.00651103
v 0.00237971 -0.02813819 -0.00651103
v 0.00474188 -0.02783223 -0.00651103
v 0.00706911 -0.02732480 -0.00651103
v 0.00934424 -0.02661964 -0.00651103
v 0.01155051 -0.02572195 -0.00651103
v -0.01172672 -0.02610681 -0.00432734
v -0.00948679 -0.02701820 -0.00432734
v -0.00717695 -0.02773412 -0.00432734
v -0.00481422 -0.02824929 -0.00432734
v -0.00241601 -0.02855992 -0.00432734
v -0.00000000 -0.02866372 -0.00432734
v 0.00241601 -0.02855992 -0.00432734
v 0.00481422 -0.02824929 -0.00432734
v 0.00717695 -0.02773412 -0.00432734
v 0.00948679 -0.02701820 -0.00432734
v 0.01172672 -0.02610681 -0.00432734
v -0.00707305 -0.02940067 -0.00373900
v 0.01582052 -0.02571208 -0.00369527
v 0.01375157 -0.02689375 -0.00370896
v 0.01159546 -0.02790644 -0.00372117
v 0.00707210 -0.02940131 -0.00373947
v 0.00936371 -0.02874430 -0.00373134
v 0.00240892 -0.03026396 -0.00259400
v 0.00479907 -0.02997484 -0.00258749
v 0.00474014 -0.02987295 -0.00374534
v -0.00000046 -0.03025142 -0.00374988
v -0.00237973 -0.03015653 -0.00374863
v -0.00474097 -0.02987255 -0.00374499
v -0.01159641 -0.02790556 -0.00372053
v -0.00936471 -0.02874346 -0.00373080
v -0.01375280 -0.02689267 -0.00370836
v -0.01582210 -0.02571086 -0.00369469
v -0.01185963 -0.02803424 -0.00012421
v -0.01406093 -0.02698248 -0.00009217
v -0.01617060 -0.02575593 -0.00005598
v -0.00485031 -0.03007727 -0.00018821
v -0.00723611 -0.02958713 -0.00017267
v -0.00957928 -0.02890453 -0.00015123
v 0.00243682 -0.03037234 -0.00019792
v 0.00000155 -0.03047080 -0.00020091
v -0.00243375 -0.03037228 -0.00019767
v 0.00958132 -0.02890484 -0.00015197
v 0.00723865 -0.02958731 -0.00017334
v 0.00485320 -0.03007735 -0.00018872
v 0.01186101 -0.02803471 -0.00012493
v 0.01406124 -0.02698335 -0.00009268
v 0.01616986 -0.02575708 -0.00005629
v -0.00715869 -0.02949370 -0.00257595
v -0.00479808 -0.02997442 -0.00258704
v -0.00240788 -0.03026372 -0.00259378
v 0.00000052 -0.03036039 -0.00259610
v -0.01601306 -0.02573337 -0.00249292
v -0.01391933 -0.02693789 -0.00251869
v -0.01173694 -0.02797025 -0.00254149
v -0.00947820 -0.02882411 -0.00256069
v -0.01612933 -0.02574800 -0.00127521
v -0.01402191 -0.02696681 -0.00130905
v -0.01182443 -0.02801163 -0.00133894
v -0.00954942 -0.02887592 -0.00136409
v 0.01612830 -0.02574944 -0.00127557
v 0.01402190 -0.02696801 -0.00130960
v 0.00715940 -0.02949437 -0.00257655
v 0.00947860 -0.02882502 -0.00256135
v 0.01173701 -0.02797131 -0.00254219
v 0.01391860 -0.02693930 -0.00251924
v 0.01601149 -0.02573500 -0.00249332
v -0.01764037 -0.02299499 0.02061991
v -0.01726581 -0.02299581 0.02062071
v -0.01676441 -0.02278130 0.02296512
v -0.01689491 -0.02259694 0.02361890
v -0.01705549 -0.02242255 0.02426705
v -0.01724538 -0.02225781 0.02490976
v -0.01786491 -0.02131887 0.02641091
v -0.01789092 -0.02144287 0.02651034
v -0.01880960 -0.01968156 0.02800573
v -0.01881606 -0.01956832 0.02789982
v -0.01883396 -0.01945865 0.02779169
v -0.01926580 -0.01833708 0.02833184
v -0.01743636 -0.02197847 0.02544780
v -0.01746731 -0.02210325 0.02554674
v -0.01769255 -0.02172571 0.02608850
v -0.01765157 -0.02170679 0.02598133
v -0.01763013 -0.02158384 0.02588110
v 0.02993047 0.00085115 0.03596959
v 0.02683629 0.01341094 0.03550114
v 0.02648632 0.01405866 0.03573073
v 0.02748510 0.01199113 0.03573084
v 0.01794929 0.02403769 0.03550265
v 0.01750235 0.02434739 0.03573029
v 0.01931456 0.02293733 0.03573036
v -0.01797896 0.02398507 0.03580092
v -0.01790106 0.02405650 0.03573013
v -0.01799048 0.02400239 0.03562099
v -0.01799257 0.02400557 0.03550601
v -0.01300177 0.02702014 0.03573013
v -0.01528295 0.02581533 0.03550601
v -0.01502883 0.02594752 0.03573015
v -0.01697533 0.02473536 0.03550601
v -0.01696800 0.02472388 0.03573016
v -0.00873221 0.02868625 0.03573015
v -0.01090353 0.02794840 0.03550601
v -0.01089888 0.02793518 0.03573012
v -0.01217407 0.02741882 0.03550601
v -0.01300757 0.02703337 0.03550601
v -0.00651432 0.02926950 0.03573012
v -0.00651672 0.02928365 0.03550601
v -0.00889968 0.02864953 0.03550601
v -0.00197766 0.02992044 0.03573003
v -0.00203405 0.02993096 0.03550601
v -0.00425987 0.02969602 0.03550601
v 0.00261010 0.02988621 0.03550555
v 0.00184684 0.02994305 0.03550569
v 0.00260890 0.02987202 0.03573002
v 0.00146383 0.02996421 0.03550575
v 0.00031575 0.02998407 0.03573002
v 0.00020009 0.02999933 0.03550597
v 0.00000000 0.03000000 0.03550601
v 0.00357616 0.02978613 0.03550538
v 0.00488734 0.02958488 0.03573004
v 0.00494184 0.02959028 0.03550514
v 0.00713677 0.02912401 0.03573007
v 0.00700018 0.02917181 0.03550478
v 0.00529585 0.02952896 0.03550508
v 0.00934890 0.02850621 0.03550435
v 0.00868088 0.02871657 0.03550448
v 0.00934430 0.02849273 0.03573010
v 0.00835260 0.02881374 0.03550453
v 0.01032737 0.02816677 0.03550417
v 0.01149738 0.02769482 0.03573012
v 0.01165015 0.02764639 0.03550392
v 0.01193579 0.02752434 0.03550387
v 0.01358273 0.02673371 0.03573016
v 0.01351003 0.02678650 0.03550357
v 0.01478874 0.02610171 0.03550331
v 0.01558807 0.02561538 0.03573022
v 0.01504202 0.02595646 0.03550326
v 0.01772632 0.02420251 0.03550270
v 0.01652419 0.02503855 0.03550296
v 0.01559569 0.02562740 0.03550315
v 0.02102389 0.02140264 0.03550195
v 0.02060270 0.02180820 0.03550205
v 0.02101365 0.02139277 0.03573043
v 0.02042395 0.02197558 0.03550209
v 0.01931053 0.02295930 0.03550235
v 0.02182929 0.02058049 0.03550174
v 0.02258866 0.01972184 0.03573048
v 0.02284285 0.01944853 0.03550148
v 0.02298572 0.01927931 0.03550144
v 0.02403071 0.01793511 0.03573055
v 0.02406625 0.01791116 0.03550113
v 0.02495058 0.01665674 0.03550086
v 0.02533239 0.01604368 0.03573063
v 0.02506568 0.01648303 0.03550082
v 0.02672067 0.01363961 0.03550105
v 0.02598068 0.01500007 0.03550052
v 0.02534461 0.01605089 0.03550073
v 0.02833518 0.00985680 0.03550248
v 0.02820484 0.01022426 0.03550235
v 0.02832162 0.00985264 0.03573094
v 0.02812704 0.01043665 0.03550228
v 0.02756562 0.01184086 0.03550175
v 0.02875018 0.00856909 0.03550293
v 0.02899158 0.00765643 0.03573098
v 0.02914938 0.00709127 0.03550342
v 0.02919909 0.00688357 0.03550349
v 0.02949230 0.00541555 0.03573103
v 0.02954965 0.00517616 0.03550407
v 0.02977728 0.00365008 0.03550463
v 0.02982115 0.00314297 0.03573116
v 0.02980060 0.00345538 0.03550471
v 0.02997547 0.00085169 0.03573145
v 0.02995135 0.00172968 0.03550541
v 0.02983524 0.00314386 0.03550483
v 0.02919250 0.00040981 0.03709789
v 0.02928973 0.00083753 0.03701348
v 0.02912512 0.00202330 0.03709782
v 0.02913912 0.00307602 0.03701348
v 0.02881739 0.00529624 0.03701356
v 0.02895499 0.00373279 0.03709780
v 0.02908060 0.00258334 0.03709780
v 0.02832747 0.00748548 0.03701366
v 0.02831470 0.00711034 0.03709787
v 0.02868429 0.00543137 0.03709782
v 0.02685486 0.01172028 0.03701380
v 0.02728933 0.01037479 0.03709792
v 0.02767232 0.00963108 0.03701376
v 0.02784859 0.00876123 0.03709790
v 0.02811091 0.00787803 0.03709789
v 0.02587888 0.01374019 0.03701380
v 0.02618284 0.01291534 0.03709785
v 0.02663472 0.01195629 0.03709788
v 0.02347915 0.01752741 0.03701381
v 0.02454283 0.01580957 0.03709777
v 0.02475121 0.01567953 0.03701380
v 0.02504597 0.01500007 0.03709778
v 0.02588535 0.01350121 0.03709783
v 0.02207000 0.01927295 0.03701387
v 0.02252024 0.01857893 0.03709780
v 0.02357058 0.01722584 0.03709777
v 0.01887098 0.02241410 0.03701404
v 0.02019501 0.02108413 0.03709796
v 0.02053109 0.02090526 0.03701399
v 0.02139638 0.01986385 0.03709786
v 0.02197495 0.01922136 0.03709782
v 0.01703864 0.02370604 0.03709792
v 0.01757702 0.02330983 0.03709795
v 0.01710033 0.02379159 0.03701399
v 0.01816920 0.02285158 0.03709797
v 0.01891969 0.02223475 0.03709798
v 0.01617416 0.02430402 0.03709789
v 0.01522998 0.02503034 0.03701393
v 0.01471864 0.02521257 0.03709784
v 0.01327076 0.02612295 0.03701393
v 0.01365986 0.02580212 0.03709784
v 0.01123347 0.02706201 0.03701409
v 0.01167216 0.02676079 0.03709795
v 0.01321820 0.02603138 0.03709785
v 0.00912982 0.02784144 0.03701418
v 0.01007959 0.02739993 0.03709810
v 0.01121657 0.02695486 0.03709801
v 0.00697279 0.02845783 0.03701406
v 0.00679220 0.02839303 0.03709799
v 0.00845003 0.02794486 0.03709809
v 0.00475804 0.02880382 0.03709789
v 0.00511316 0.02874289 0.03709790
v 0.00477523 0.02890788 0.03701394
v 0.00608932 0.02855199 0.03709795
v 0.00341698 0.02899357 0.03709789
v 0.00254986 0.02918857 0.03701396
v 0.00171135 0.02914410 0.03709795
v 0.00030891 0.02929814 0.03701405
v 0.00000015 0.02919424 0.03709803
v -0.01773013 0.02361185 0.03678064
v -0.01765281 0.02349591 0.03693235
v -0.01760927 0.02361558 0.03686049
v -0.01752179 0.02348315 0.03701394
v -0.01660917 0.02413752 0.03701417
v -0.01777561 0.02386721 0.03643389
v -0.01786766 0.02381808 0.03640336
v -0.01769936 0.02375190 0.03665807
v -0.01780615 0.02372585 0.03659432
v -0.01776544 0.02366480 0.03669952
v -0.01787588 0.02401861 0.03596799
v -0.01796024 0.02395696 0.03596265
v -0.01783478 0.02395659 0.03620003
v -0.01793876 0.02392473 0.03609630
v -0.01792181 0.02389929 0.03618320
v -0.01754480 0.02333396 0.03709788
v -0.01655416 0.02404728 0.03709812
v -0.01512879 0.02496834 0.03709836
v -0.01471173 0.02533835 0.03701441
v -0.01466300 0.02524462 0.03709838
v -0.01272810 0.02639059 0.03701441
v -0.01254425 0.02636168 0.03709839
v -0.01066993 0.02728811 0.03701448
v -0.01045020 0.02726004 0.03709849
v -0.00979794 0.02750124 0.03709859
v -0.00854892 0.02802490 0.03701483
v -0.00852059 0.02792319 0.03709884
v -0.00790278 0.02810415 0.03709885
v -0.00695739 0.02835282 0.03709876
v -0.00635647 0.02849349 0.03709866
v -0.00637774 0.02859689 0.03701466
v -0.00528478 0.02871151 0.03709844
v -0.00416888 0.02900122 0.03701427
v -0.00404458 0.02891226 0.03709824
v -0.00264337 0.02907392 0.03709812
v -0.00193527 0.02923546 0.03701411
v -0.00192863 0.02913015 0.03709809
v -0.00108507 0.02917390 0.03709806
v -0.01669184 0.02427302 0.03686069
v -0.01478491 0.02547910 0.03686089
v -0.01279130 0.02653603 0.03686088
v -0.01072284 0.02743758 0.03686094
v -0.00859142 0.02817764 0.03686124
v -0.01677700 0.02441248 0.03665823
v -0.01486027 0.02562396 0.03665838
v -0.01285635 0.02668573 0.03665835
v -0.01077728 0.02759144 0.03665839
v -0.00863512 0.02833486 0.03665865
v -0.00640961 0.02875217 0.03686108
v -0.01684911 0.02453041 0.03643402
v -0.01492402 0.02574647 0.03643410
v -0.01291138 0.02681233 0.03643407
v -0.01082333 0.02772155 0.03643409
v -0.00867202 0.02846784 0.03643428
v -0.00644232 0.02891204 0.03665850
v -0.00418991 0.02915833 0.03686072
v -0.01690511 0.02462181 0.03620012
v -0.01497347 0.02584143 0.03620016
v -0.01295405 0.02691046 0.03620012
v -0.01085902 0.02782242 0.03620012
v -0.00870055 0.02857094 0.03620025
v -0.00646987 0.02904728 0.03643415
v -0.00421145 0.02932009 0.03665819
v -0.00194521 0.02939362 0.03686058
v -0.01694406 0.02468519 0.03596805
v -0.01500781 0.02590729 0.03596806
v -0.01298367 0.02697854 0.03596802
v -0.01088377 0.02789241 0.03596801
v -0.00872027 0.02864249 0.03596809
v -0.00649109 0.02915216 0.03620016
v -0.00422955 0.02945694 0.03643391
v -0.00195540 0.02955646 0.03665806
v 0.00031050 0.02945656 0.03686052
v 0.00256350 0.02934640 0.03686044
v 0.00480106 0.02906422 0.03686043
v -0.00650565 0.02922497 0.03596803
v -0.00424344 0.02956307 0.03619998
v -0.00196396 0.02969420 0.03643380
v 0.00031214 0.02961964 0.03665802
v 0.00257755 0.02950889 0.03665796
v 0.00482768 0.02922518 0.03665794
v 0.00701058 0.02861173 0.03686053
v 0.02944889 0.00084119 0.03685985
v 0.02929742 0.00309192 0.03685986
v 0.02897394 0.00532426 0.03685993
v 0.02848139 0.00752544 0.03686003
v 0.02782270 0.00968273 0.03686013
v 0.02700076 0.01178332 0.03686018
v 0.02601945 0.01381422 0.03686019
v 0.02488564 0.01576408 0.03686020
v 0.02360667 0.01762198 0.03686023
v 0.02218986 0.01937700 0.03686029
v 0.02064255 0.02101820 0.03686041
v 0.01897340 0.02253525 0.03686047
v 0.01719313 0.02392021 0.03686043
v 0.01531262 0.02516566 0.03686038
v 0.01334274 0.02626417 0.03686040
v 0.01129436 0.02720831 0.03686054
v 0.00917928 0.02799198 0.03686063
v 0.00704950 0.02877014 0.03665804
v 0.00485021 0.02936132 0.03643372
v 0.00258943 0.02964634 0.03643372
v 0.00031352 0.02975758 0.03643376
v -0.00197054 0.02980101 0.03619989
v -0.00425291 0.02963675 0.03596792
v 0.02961229 0.00084483 0.03665785
v 0.02945991 0.00310813 0.03665779
v 0.02913470 0.00535292 0.03665782
v 0.02863951 0.00756638 0.03665788
v 0.02797723 0.00973570 0.03665794
v 0.02715072 0.01184801 0.03665796
v 0.02616396 0.01389021 0.03665795
v 0.02502387 0.01585092 0.03665793
v 0.02373782 0.01771916 0.03665793
v 0.02231316 0.01948395 0.03665796
v 0.02075724 0.02113431 0.03665804
v 0.01907880 0.02265983 0.03665806
v 0.01728864 0.02405250 0.03665802
v 0.01539769 0.02530487 0.03665796
v 0.01341685 0.02640947 0.03665795
v 0.01135705 0.02735884 0.03665806
v 0.00923022 0.02814688 0.03665813
v 0.00708246 0.02890411 0.03643380
v 0.00486770 0.02946688 0.03619986
v 0.00259863 0.02975290 0.03619984
v 0.00031458 0.02986452 0.03619986
v -0.00197502 0.02987513 0.03596785
v -0.00425848 0.02968181 0.03573007
v -0.00550428 0.02949073 0.03550601
v 0.02975011 0.00084776 0.03643443
v 0.02959698 0.00312167 0.03643427
v 0.02927033 0.00537698 0.03643422
v 0.02877298 0.00760081 0.03643423
v 0.02810773 0.00978030 0.03643424
v 0.02727739 0.01190252 0.03643420
v 0.02628604 0.01395429 0.03643413
v 0.02514068 0.01592418 0.03643406
v 0.02384868 0.01780117 0.03643401
v 0.02241740 0.01957424 0.03643399
v 0.02085422 0.02123237 0.03643401
v 0.01916794 0.02276506 0.03643399
v 0.01736944 0.02416428 0.03643392
v 0.01546965 0.02542252 0.03643384
v 0.01347955 0.02653229 0.03643380
v 0.01141009 0.02748610 0.03643386
v 0.00927332 0.02827786 0.03643388
v 0.00710804 0.02900796 0.03619992
v 0.00487987 0.02954013 0.03596784
v 0.00260501 0.02982684 0.03596782
v 0.00031532 0.02993873 0.03596783
v 0.02985669 0.00084987 0.03620128
v 0.02970298 0.00313199 0.03620103
v 0.02937526 0.00539545 0.03620092
v 0.02887628 0.00762732 0.03620088
v 0.02820877 0.00981470 0.03620084
v 0.02737548 0.01194460 0.03620074
v 0.02638060 0.01400379 0.03620062
v 0.02523118 0.01598081 0.03620051
v 0.02393458 0.01786460 0.03620042
v 0.02249820 0.01964410 0.03620035
v 0.02092942 0.02130826 0.03620032
v 0.01923709 0.02284654 0.03620026
v 0.01743211 0.02425085 0.03620016
v 0.01552548 0.02551367 0.03620006
v 0.01352820 0.02662746 0.03619999
v 0.01145124 0.02758470 0.03620000
v 0.00930678 0.02837936 0.03619999
v 0.00712584 0.02908000 0.03596789
v 0.02977637 0.00313896 0.03596929
v 0.02944794 0.00540807 0.03596914
v 0.02894786 0.00764553 0.03596908
v 0.02827881 0.00983838 0.03596902
v 0.02744350 0.01197361 0.03596889
v 0.02644619 0.01403797 0.03596875
v 0.02529396 0.01601995 0.03596862
v 0.02399421 0.01790847 0.03596852
v 0.02255430 0.01969244 0.03596843
v 0.02098165 0.02136079 0.03596836
v 0.01928511 0.02290296 0.03596828
v 0.01747565 0.02431083 0.03596818
v 0.01556428 0.02557684 0.03596808
v 0.01356200 0.02669344 0.03596800
v 0.01147984 0.02765308 0.03596797
v 0.00933003 0.02844975 0.03596795
v -0.02274747 0.01415688 0.03576356
v -0.02260336 0.01500007 0.03550540
v -0.02319059 0.01136426 0.03550509
v -0.02274794 0.00853605 0.03716137
v -0.02247856 0.01104113 0.03715933
v -0.02252990 0.01175349 0.03701898
v -0.02213312 0.01339302 0.03715774
v -0.02259872 0.01500018 0.03564528
v -0.02258989 0.01500020 0.03573948
v -0.02270408 0.01410881 0.03603134
v -0.02255204 0.01500014 0.03595885
v -0.02248358 0.01500005 0.03619714
v -0.02262804 0.01405195 0.03629427
v -0.02243886 0.01500004 0.03631482
v -0.02239482 0.01500004 0.03641468
v -0.02251730 0.01398575 0.03655378
v -0.02227226 0.01500006 0.03664083
v -0.02237428 0.01391269 0.03679825
v -0.02215182 0.01500008 0.03681640
v -0.02206935 0.01500008 0.03691859
v -0.02220487 0.01383617 0.03701650
v -0.02199978 0.01500007 0.03699581
v -0.02306847 0.00309496 0.03716541
v -0.02301776 0.00445627 0.03716442
v -0.02320608 0.00335594 0.03702210
v -0.02293316 0.00606462 0.03716329
v -0.02338442 0.00337101 0.03680145
v -0.02353595 0.00338598 0.03655537
v -0.02365456 0.00340018 0.03629487
v -0.02378762 0.00342463 0.03576315
v -0.02380334 0.00343439 0.03550452
v -0.02384136 0.00205170 0.03550445
v -0.02373770 0.00341303 0.03603134
v -0.02354608 0.00773310 0.03576335
v -0.02356102 0.00775489 0.03550481
v -0.02363546 0.00674031 0.03550474
v -0.02297293 0.00756281 0.03702194
v -0.02314934 0.00760191 0.03680161
v -0.02329905 0.00763995 0.03655564
v -0.02341598 0.00767512 0.03629513
v -0.02349759 0.00770609 0.03603156
v -0.02270239 0.01181722 0.03679979
v -0.02284837 0.01187849 0.03655464
v -0.02296183 0.01193446 0.03629468
v -0.02304032 0.01198298 0.03603147
v -0.02308593 0.01202451 0.03576350
v -0.02182918 0.01500007 0.03715675
v -0.02379164 0.00370234 0.02900070
v -0.02358038 0.00748662 0.02900399
v -0.02260302 0.01499956 0.02900384
v -0.02320307 0.01125774 0.02900624
v -0.02293667 0.01313419 0.02900585
v -0.02239614 0.01596813 0.02898053
v -0.02204743 0.01735916 0.03550561
v -0.02211875 0.01709733 0.02888610
v -0.02190089 0.01786988 0.02876745
v -0.02146869 0.01916966 0.03550577
v -0.02160944 0.01877628 0.02855705
v -0.02146607 0.01917467 0.02843558
v -0.02114691 0.01997196 0.03550583
v -0.02115899 0.01993790 0.02814205
v -0.02082377 0.02066362 0.03550588
v -0.02070400 0.02088928 0.02763143
v -0.02057268 0.02113469 0.03550591
v -0.02022526 0.02170523 0.02700245
v -0.01895340 0.02321741 0.03550600
v -0.01972691 0.02238851 0.02624333
v -0.01964351 0.02249120 0.03550598
v -0.02023320 0.02169355 0.03550595
v -0.01799270 0.02400571 0.01972011
v -0.01808189 0.02394165 0.02149142
v -0.01831162 0.02376360 0.02285681
v -0.01851337 0.02360097 0.02359847
v -0.01866215 0.02347619 0.02403949
v -0.01915487 0.02302159 0.02519565
v 0.01799268 0.02401301 0.01967622
v 0.01799266 0.02099396 0.01969037
v 0.01799319 0.02400650 0.00459506
v 0.01799265 0.02100000 0.00000000
v 0.01799265 0.02400551 0.00000000
v 0.02597656 0.01500093 0.02899702
v 0.02540242 0.01499541 0.02849832
v 0.02572002 0.01543699 0.02899238
v 0.02500681 0.01656839 0.02893957
v 0.02482955 0.01497986 0.02799855
v 0.02383962 0.01645083 0.02791007
v 0.02494857 0.01665602 0.02893253
v 0.02481998 0.01684720 0.02891548
v 0.02429100 0.01760199 0.02882302
v 0.02329342 0.01714078 0.02778908
v 0.02357860 0.01854627 0.02863961
v 0.02271774 0.01779128 0.02760477
v 0.02289012 0.01938924 0.02839553
v 0.02242036 0.01809890 0.02748536
v 0.02211828 0.01839332 0.02734618
v 0.02223725 0.02013460 0.02809521
v 0.02181335 0.01867399 0.02718657
v 0.02218109 0.02019653 0.02806581
v 0.02150739 0.01894036 0.02700584
v 0.02162438 0.02079285 0.02773921
v 0.02120230 0.01919142 0.02680286
v 0.02149158 0.02093047 0.02765103
v 0.02090028 0.01942589 0.02657681
v 0.02105013 0.02137537 0.02732537
v 0.02060365 0.01964283 0.02632749
v 0.02051544 0.02188994 0.02685216
v 0.02031470 0.01984129 0.02605474
v 0.02042173 0.02197755 0.02675857
v 0.02003646 0.02002071 0.02575862
v 0.02001101 0.02235275 0.02630241
v 0.01977150 0.02018152 0.02544056
v 0.01928801 0.02044958 0.02474585
v 0.01955031 0.02275740 0.02568365
v 0.01914631 0.02309900 0.02501323
v 0.01887519 0.02065217 0.02398650
v 0.01907168 0.02316082 0.02487150
v 0.01854185 0.02079749 0.02317603
v 0.01879474 0.02338692 0.02427533
v 0.01852475 0.02360258 0.02353306
v 0.01829282 0.02089495 0.02232945
v 0.01834967 0.02373988 0.02290605
v 0.01830407 0.02377533 0.02271232
v 0.01812229 0.02095483 0.02146044
v 0.01814347 0.02389913 0.02184755
v 0.01813868 0.02390280 0.02181487
v 0.01802428 0.02098516 0.02057832
v 0.01803321 0.02398265 0.02083752
v 0.02894889 0.00171797 0.02800001
v 0.02816910 0.00688898 0.02799944
v 0.02954735 0.00519171 0.02900355
v 0.02853206 0.00518543 0.02799963
v 0.02977712 0.00365006 0.02900255
v 0.02879252 0.00345960 0.02799982
v 0.02979848 0.00347136 0.02900244
v 0.02994953 0.00173936 0.02900132
v 0.02770555 0.00856434 0.02799926
v 0.02914982 0.00709139 0.02900480
v 0.02919699 0.00689462 0.02900467
v 0.02648597 0.01180755 0.02799890
v 0.02812620 0.01043632 0.02900705
v 0.02714365 0.01020573 0.02799908
v 0.02820359 0.01022533 0.02900691
v 0.02874857 0.00857437 0.02900579
v 0.02573535 0.01336436 0.02799872
v 0.02683163 0.01341879 0.02900914
v 0.02756390 0.01184194 0.02900802
v 0.02607646 0.01484688 0.02901018
v 0.02672018 0.01363935 0.02900930
v 0.02539859 0.01499027 0.02849252
v 0.02494948 0.01477932 0.02799856
v 0.02303875 0.01500004 0.02800020
v 0.02377821 0.01382884 0.02800022
v 0.02444952 0.01259654 0.02800019
v 0.02499491 0.01146733 0.02800012
v 0.02745853 0.00146733 0.02800021
v 0.02742540 0.00199573 0.02800020
v 0.02732232 0.00311465 0.02800017
v 0.02708387 0.00476511 0.02800012
v 0.02674660 0.00639275 0.02800009
v 0.02662173 0.00689448 0.02800009
v 0.02631075 0.00799965 0.02800010
v 0.02577793 0.00957819 0.02800009
v 0.02512001 0.01119059 0.02800010
v -0.01734206 0.01500005 0.03889901
v -0.01911699 0.01500003 0.03744614
v -0.01929651 0.01500042 0.03729612
v -0.02107228 0.01500007 0.03581631
v -0.02034407 0.01985882 0.03713090
v -0.01686317 0.01586302 0.04100020
v -0.01658507 0.01649870 0.04100020
v -0.01716641 0.01500007 0.04100020
v -0.02110832 0.01784760 0.03714594
v -0.02127586 0.01728847 0.03714878
v -0.01994647 0.01500006 0.03872824
v -0.02178487 0.01521112 0.03715618
v -0.01607613 0.01738888 0.04100020
v -0.01956984 0.02126626 0.03711439
v -0.01994260 0.02065294 0.03712208
v -0.01459207 0.01890635 0.04100020
v -0.01481645 0.01873023 0.04100020
v -0.01847129 0.02256066 0.03710067
v -0.01551860 0.01808819 0.04100020
v -0.01882967 0.02220133 0.03710365
v -0.01928325 0.02166753 0.03710942
v 0.00000112 0.02388330 0.04100020
v 0.00059865 0.02387607 0.04100020
v 0.02081302 0.01500010 0.03969749
v 0.02183549 0.01500007 0.03908314
v 0.02334202 0.01500007 0.03816133
v 0.01858384 0.01500007 0.04100020
v 0.01797510 0.01572517 0.04100020
v 0.00280184 0.02371844 0.04100020
v 0.00498175 0.02335765 0.04100020
v 0.00710944 0.02280081 0.04100020
v 0.00917559 0.02205125 0.04100020
v 0.01117396 0.02110812 0.04100020
v 0.01307776 0.01998358 0.04100020
v 0.01486241 0.01869472 0.04100020
v 0.01651737 0.01725084 0.04100020
v -0.01877923 0.00145090 0.04100020
v -0.01871458 0.00373988 0.04100020
v -0.01864702 0.00509921 0.04100020
v -0.01846455 0.00755968 0.04100020
v -0.01827428 0.00934593 0.04100020
v -0.01798831 0.01135750 0.04100020
v -0.01773925 0.01271501 0.04100020
v -0.01072825 0.02133766 0.04100020
v -0.01266905 0.02024561 0.04100020
v -0.00442043 0.02347051 0.04100020
v -0.00659359 0.02295529 0.04100020
v -0.00870310 0.02224125 0.04100020
v -0.00221801 0.02378013 0.04100020
v -0.01762890 0.01323737 0.04100020
v 0.02035420 0.01249132 0.04100020
v 0.02149982 0.01039714 0.04100020
v 0.02230171 0.00854094 0.04100020
v 0.02299406 0.00644728 0.04100020
v 0.02253042 0.00791732 0.04100020
v 0.02378609 0.00211305 0.04100020
v 0.02020050 0.01273835 0.04100020
v 0.01911517 0.01431617 0.04100020
v 0.02372820 0.00268722 0.04100020
v 0.02349069 0.00429709 0.04100020
v 0.02327537 0.00534297 0.04100020
v 0.02236247 0.01591925 0.02796905
v 0.02228707 0.01601198 0.02820438
v 0.02163657 0.01678703 0.02786688
v 0.02150859 0.01700655 0.02832600
v 0.02144381 0.01700088 0.02782805
v 0.02160087 0.01689416 0.02835365
v 0.02229906 0.01600648 0.02852212
v 0.02304022 0.01499849 0.02861391
v 0.02356972 0.01601320 0.02957056
v 0.02361945 0.01593982 0.02957716
v 0.02423432 0.01499983 0.02962196
v 0.02213437 0.01700088 0.02883481
v 0.02275615 0.01700088 0.02934847
v 0.02281473 0.01700088 0.02939688
v 0.02290920 0.01695181 0.02945291
v 0.02287314 0.01700088 0.02944550
v -0.02004732 0.01500007 0.02861990
v -0.02050481 0.01520552 0.02910867
v -0.02091047 0.01500007 0.02946386
v -0.01960883 0.01657722 0.02848960
v -0.01946215 0.01700088 0.02840923
v -0.02055740 0.01700088 0.02948430
v -0.02024448 0.01622885 0.02904713
v -0.01984354 0.01579956 0.02858044
v -0.02085685 0.01592174 0.02959191
v -0.02107057 0.01500007 0.02962135
v -0.02099074 0.01500007 0.02954238
v -0.01609597 0.01700088 0.03924661
v -0.01571839 0.01700088 0.03950020
v -0.01607221 0.01631736 0.03950174
v -0.01626669 0.01700011 0.03912712
v -0.01902879 0.01700069 0.03706171
v -0.01794705 0.01700033 0.03790583
v -0.01855107 0.01601147 0.03768951
v -0.01736279 0.01603001 0.03862185
v -0.02060818 0.01693144 0.03580849
v -0.02058943 0.01700088 0.03580812
v -0.02027002 0.01700088 0.03606525
v -0.01727180 0.01499993 0.03895527
v -0.01659491 0.01500007 0.03950020
v -0.01800869 0.00601783 0.03950020
v 0.02250709 0.00636058 0.03950020
v 0.02273787 0.00547600 0.03950020
v -0.01816413 0.00308712 0.03950020
v -0.01813672 0.00378141 0.03950020
v 0.02325977 0.00244289 0.03950020
v 0.02304811 0.00396839 0.03950020
v -0.00647218 0.02247853 0.03950020
v -0.00594802 0.02262277 0.03950020
v -0.00214027 0.02329342 0.03950020
v -0.00142179 0.02334781 0.03950020
v 0.01272849 0.01962271 0.03950020
v 0.01176889 0.02021415 0.03950020
v 0.01083555 0.02073050 0.03950020
v 0.02054074 0.01118625 0.03950020
v 0.02093370 0.01043294 0.03950020
v 0.02123293 0.00981010 0.03950020
v 0.02337043 0.00091195 0.03950020
v 0.00249821 0.02325596 0.03950020
v 0.00312156 0.02318114 0.03950020
v 0.00463723 0.02292765 0.03950020
v 0.00612450 0.02257653 0.03950020
v 0.00681724 0.02237699 0.03950020
v 0.00758675 0.02212767 0.03950020
v 0.02182926 0.00839981 0.03950020
v 0.02233130 0.00695382 0.03950020
v -0.01235490 0.01986190 0.03950020
v -0.01779259 0.00846565 0.03950020
v -0.01751788 0.01065841 0.03950020
v -0.01720223 0.01251658 0.03950020
v -0.01704218 0.01328335 0.03950020
v -0.01295265 0.01947719 0.03950020
v -0.01161702 0.02030221 0.03950020
v -0.01025626 0.02102265 0.03950020
v -0.00445121 0.02296385 0.03950020
v -0.00293473 0.02320657 0.03950020
v 0.00000033 0.02339133 0.03950020
v 0.00157395 0.02333625 0.03950020
v 0.00902559 0.02158068 0.03950020
v 0.01042391 0.02094081 0.03950020
v 0.01306623 0.01939910 0.03950020
v 0.01431065 0.01849960 0.03950020
v 0.01550238 0.01751411 0.03950020
v 0.01606532 0.01700088 0.03950020
v 0.01724405 0.01579129 0.03950020
v 0.01794889 0.01500002 0.03950009
v -0.00885403 0.02165119 0.03950020
v -0.00741684 0.02218483 0.03950020
v 0.01889499 0.01378735 0.03950020
v 0.01975894 0.01251608 0.03950020
v -0.01427151 0.01853226 0.03950020
v -0.01526698 0.01761310 0.03950020
v -0.01477688 0.01811358 0.03950020
v -0.02057647 0.01700088 0.03180990
v -0.02057434 0.01700088 0.03147237
v 0.02391039 0.01550232 0.03574746
v 0.02423422 0.01500003 0.03574582
v 0.02111010 0.01499771 0.03765751
v 0.02075376 0.01700050 0.03697297
v 0.02287314 0.01700089 0.03574735
v 0.02032342 0.01601339 0.03766915
v 0.02357413 0.01600626 0.03574792
v 0.01724814 0.01700088 0.03888926
v 0.01754258 0.01700088 0.03873412
v 0.01783654 0.01700088 0.03857807
v 0.01842307 0.01700088 0.03826331
v 0.01949181 0.01700071 0.03767163
v 0.02059709 0.01499734 0.03796370
v -0.02004782 0.01500007 0.02800020
v -0.02158123 0.01500007 0.02800020
v -0.02155962 0.01510584 0.02799987
v -0.01997021 0.01533379 0.02799637
v -0.02133588 0.01602743 0.02796320
v -0.01971276 0.01621388 0.02794362
v -0.02118742 0.01652380 0.02791056
v -0.01942088 0.01700088 0.02782805
v -0.02109127 0.01681287 0.02786602
v -0.01926786 0.01736356 0.02774571
v -0.02083024 0.01750225 0.02770961
v -0.01908273 0.01777156 0.02762483
v -0.02055594 0.01811770 0.02749294
v -0.01896722 0.01801077 0.02753725
v -0.01877102 0.01839281 0.02736584
v -0.02026625 0.01868254 0.02719662
v -0.01866919 0.01858001 0.02726495
v -0.01846865 0.01892862 0.02704001
v -0.02004209 0.01907028 0.02691944
v -0.01837938 0.01907588 0.02692761
v -0.01996889 0.01918844 0.02681999
v -0.01817939 0.01938960 0.02664421
v -0.01976405 0.01949775 0.02651793
v -0.01810367 0.01950295 0.02652401
v -0.01967472 0.01962280 0.02637483
v -0.01794201 0.01973591 0.02623899
v -0.01948760 0.01986470 0.02605107
v -0.01784817 0.01986592 0.02605271
v -0.01940213 0.01996586 0.02589160
v -0.01767781 0.02008843 0.02567382
v -0.01921383 0.02016983 0.02551232
v -0.01766149 0.02010850 0.02563510
v -0.01884968 0.02050241 0.02464620
v -0.01745629 0.02034251 0.02510801
v -0.01912550 0.02025759 0.02531982
v -0.01761107 0.02016910 0.02551268
v -0.01764448 0.02012917 0.02559428
v -0.01858790 0.02069397 0.02387297
v -0.01720634 0.02058303 0.02434690
v -0.01720858 0.02058088 0.02435378
v -0.01726112 0.02053067 0.02451474
v -0.01739451 0.02040318 0.02492341
v -0.01743961 0.02036008 0.02506160
v -0.01707447 0.02068391 0.02386754
v -0.01850914 0.02074406 0.02360446
v -0.01698012 0.02075608 0.02352458
v -0.01834856 0.02083661 0.02297916
v -0.01671030 0.02089547 0.02243385
v -0.01816036 0.02093158 0.02200291
v -0.01665448 0.02092541 0.02207374
v -0.01654786 0.02097690 0.02111878
v -0.01807016 0.02097134 0.02129512
v -0.01653618 0.02098203 0.02096607
v -0.01803971 0.02098345 0.02095708
v -0.01799266 0.02100000 0.01971897
v -0.01649265 0.02100000 0.01971774
v -0.02023150 0.01700077 0.03609530
v -0.01886476 0.01700117 0.03718064
v -0.01763258 0.01700119 0.03813280
v -0.01637634 0.01700094 0.03904339
v 0.01918005 0.01700229 0.03785272
v 0.01841582 0.01700276 0.03826952
v 0.01766600 0.01700187 0.03867063
v 0.01685669 0.01700090 0.03909442
v 0.02213581 0.01794981 0.02924533
v 0.02225524 0.01779354 0.03574741
v 0.02147607 0.01873522 0.02899886
v 0.02118560 0.01905967 0.03574735
v 0.02018106 0.02012002 0.03574730
v 0.01769113 0.02234475 0.02533940
v 0.01779769 0.02225991 0.02554245
v 0.01769490 0.02233648 0.03574720
v 0.01821158 0.02192236 0.02623336
v 0.01869254 0.02151374 0.02688305
v 0.01918430 0.02107635 0.02742624
v 0.01969143 0.02060269 0.02789260
v 0.01876335 0.02144691 0.03574724
v 0.01962861 0.02065865 0.03574727
v 0.02001098 0.02028895 0.03574729
v 0.02026135 0.02004267 0.02832698
v 0.02085216 0.01942795 0.02869296
v 0.01649273 0.02324306 0.01972011
v 0.01649976 0.02323816 0.02020367
v 0.01496892 0.02425031 0.03574710
v 0.01656666 0.02319094 0.02129129
v 0.01669844 0.02309610 0.02228029
v 0.01687216 0.02296914 0.02312225
v 0.01741877 0.02255773 0.02475903
v 0.01744994 0.02252845 0.03574719
v 0.01607793 0.02352830 0.03574714
v 0.01709801 0.02280159 0.02391324
v 0.01550948 0.02390750 0.03574712
v -0.01607660 0.02353379 0.03574608
v -0.01710683 0.02279491 0.03574643
v -0.01711506 0.02278882 0.03275643
v -0.01709302 0.02280523 0.02417949
v -0.01682370 0.02300405 0.02310921
v -0.01664750 0.02313223 0.02208401
v -0.01656746 0.02318933 0.02138022
v -0.01653775 0.02321010 0.02101368
v -0.01438214 0.02460496 0.00000000
v -0.01649261 0.02324314 0.01972011
v -0.01649265 0.02324311 0.00000000
v -0.01215992 0.02577569 0.00000000
v -0.01249980 0.02561241 0.03574691
v -0.01365120 0.02501789 0.00000000
v -0.01347987 0.02511074 0.03574663
v -0.01481437 0.02434826 0.03574619
v -0.00745012 0.02750901 0.00000000
v -0.00774145 0.02742876 0.03574729
v -0.00984325 0.02674622 0.00000000
v -0.00913633 0.02699652 0.03574736
v -0.01063885 0.02643983 0.00000000
v -0.01061376 0.02645012 0.03574727
v -0.01207015 0.02581766 0.03574701
v -0.00499913 0.02805813 0.00000000
v -0.00610967 0.02783718 0.03574706
v -0.00759784 0.02746882 0.03574727
v -0.00422128 0.02818565 0.00000000
v -0.00463820 0.02811985 0.03574679
v -0.00515978 0.02802875 0.03574689
v -0.00090372 0.02848567 0.00000000
v -0.00090373 0.02848582 0.03574639
v -0.00158467 0.02845668 0.03574637
v -0.00250931 0.02838932 0.00000000
v -0.00254612 0.02838669 0.03574643
v -0.00320513 0.02831954 0.03574653
v -0.00422127 0.02818557 0.03574671
v -0.00005835 0.02849988 0.03574659
v 0.00000000 0.02850000 0.00000000
v -0.00000067 0.02850000 0.03574663
v 0.00242618 0.02839654 0.00000000
v 0.00180052 0.02844365 0.03574664
v 0.00499913 0.02805813 0.00000000
v 0.00352859 0.02828084 0.03574670
v 0.00250931 0.02838932 0.00000000
v 0.00304344 0.02833731 0.03574669
v 0.00242622 0.02839699 0.03574666
v 0.00894151 0.02706103 0.00000000
v 0.00849504 0.02720455 0.03574688
v 0.00745012 0.02750901 0.00000000
v 0.00685996 0.02766183 0.03574682
v 0.00572293 0.02791949 0.00000000
v 0.00572287 0.02791919 0.03574679
v 0.00520114 0.02802111 0.03574677
v 0.00984325 0.02674622 0.00000000
v 0.01215992 0.02577569 0.00000000
v 0.01166443 0.02600443 0.03574698
v 0.01080158 0.02637446 0.03574695
v 0.01009829 0.02665149 0.03574692
v 0.00894156 0.02706119 0.03574689
v 0.01438214 0.02460496 0.00000000
v 0.01318540 0.02526652 0.03574704
v 0.01203821 0.02583346 0.03574699
v 0.01649265 0.02324311 0.00000000
v 0.01496991 0.02425184 0.00000000
v 0.01465476 0.02444185 0.03574709
v -0.01982137 0.01923193 0.03579623
v -0.01944145 0.02004424 0.03579051
v -0.01896972 0.02085193 0.03578238
v -0.01853680 0.02143995 0.03577630
v -0.01735383 0.02260291 0.03574865
v -0.01802606 0.02201205 0.03576055
v -0.01832343 0.02169550 0.03576956
v -0.02002545 0.01872274 0.03579903
v -0.02017567 0.01831104 0.03580111
v -0.00710709 0.02495391 0.03762348
v -0.00234334 0.02584095 0.03762266
v -0.00474223 0.02550901 0.03762311
v -0.00924771 0.02424204 0.03762364
v -0.01146149 0.02327638 0.03762354
v -0.01547881 0.02082217 0.03762270
v -0.01358979 0.02210209 0.03762308
v -0.01719095 0.02272893 0.02450413
v -0.01997986 0.01868000 0.03001544
v -0.01875189 0.02106929 0.03002176
v -0.01920575 0.02033484 0.03002481
v -0.01769106 0.02230845 0.03000819
v -0.01824903 0.02172794 0.03001527
v -0.01750424 0.02246073 0.02535678
v -0.01762012 0.02235175 0.02563980
v -0.01881729 0.02087792 0.02781805
v -0.01848646 0.02135442 0.02732080
v -0.01814052 0.02179318 0.02672598
v -0.01782409 0.02214662 0.02610014
v -0.01917408 0.02029325 0.02828744
v -0.02023416 0.01796236 0.02929835
v -0.01988538 0.01884998 0.02902856
v -0.01953090 0.01962213 0.02869046
v 0.01649270 0.02100000 0.01971922
v 0.01649702 0.02099913 0.02006231
v 0.01656331 0.02097931 0.02111258
v 0.01670323 0.02092746 0.02208730
v 0.01690738 0.02083938 0.02298026
v 0.01716761 0.02071166 0.02379515
v 0.01748065 0.02053463 0.02454540
v 0.01781215 0.02031941 0.02518389
v 0.01817550 0.02005132 0.02575644
v 0.01830862 0.01995118 0.02595162
v 0.01839978 0.01988456 0.02607179
v 0.01865454 0.01969470 0.02638314
v 0.01891190 0.01949737 0.02666624
v 0.01915747 0.01930367 0.02691130
v 0.01968523 0.01886683 0.02736721
v 0.02020645 0.01840031 0.02773335
v 0.02077958 0.01783071 0.02804651
v 0.02133195 0.01721819 0.02826828
v 0.01910155 0.01928701 0.02674730
v 0.01930855 0.01910025 0.02691216
v 0.01932944 0.01913773 0.02699829
v 0.02019220 0.01827060 0.02742932
v 0.02071488 0.01775748 0.02763282
v 0.02066087 0.01783939 0.02771634
v 0.02019319 0.01833863 0.02757723
v 0.01975159 0.01870790 0.02724050
v 0.01989307 0.01855721 0.02728188
v 0.01875652 0.01958735 0.02643062
v 0.01957208 0.01885799 0.02709483
v 0.01824249 0.02000035 0.02584842
v 0.01834070 0.01992378 0.02597502
v 0.01843140 0.01985239 0.02608401
v 0.01863110 0.01969196 0.02630262
v 0.02063304 0.01795419 0.02791373
v 0.02011012 0.01834980 0.02739127
v -0.01921705 0.01762477 0.02822572
v -0.01898264 0.01812946 0.02799500
v -0.01899393 0.01930657 0.02802585
v -0.01863440 0.01980440 0.02752887
v -0.01828331 0.02021865 0.02696013
v -0.01794948 0.02055678 0.02633400
v -0.01765648 0.02017443 0.02572004
v -0.01758148 0.02025277 0.02553862
v -0.01764178 0.02082623 0.02566484
v -0.01754893 0.02028509 0.02545753
v -0.01743691 0.02038508 0.02516663
v -0.01732743 0.02048216 0.02486197
v -0.01728146 0.02052392 0.02472715
v -0.01715154 0.02064654 0.02432009
v -0.01723121 0.02057049 0.02457451
v -0.01704206 0.02074664 0.02394104
v -0.01701570 0.02076952 0.02384378
v -0.01684856 0.02090060 0.02315392
v -0.01676172 0.02092069 0.02272450
v -0.01786001 0.01994496 0.02617856
v -0.01871072 0.01864962 0.02766382
v -0.01844409 0.01911794 0.02727082
v -0.01816777 0.01954368 0.02679272
v -0.01789544 0.01990279 0.02625382
v -0.01788165 0.01991933 0.02622468
v -0.01703496 0.02071066 0.02386340
v -0.01788125 0.01990563 0.02620798
v -0.01930521 0.01733113 0.02800306
v -0.01834683 0.01914320 0.02688881
v -0.01976437 0.01606313 0.02818567
v -0.02004777 0.01500007 0.02807186
v -0.00748751 0.02324311 -0.01469506
v -0.00653241 0.02324311 -0.01514382
v -0.00569648 0.02460496 -0.01320591
v 0.00000000 0.02324311 -0.01649265
v 0.00095896 0.02324311 -0.01646475
v 0.00083625 0.02460496 -0.01435781
v 0.01166207 0.02324311 -0.01166207
v 0.01263411 0.02324311 -0.01060127
v 0.01101736 0.02460496 -0.00924466
v 0.00043574 0.02838932 -0.00247119
v 0.00014590 0.02838932 -0.00250507
v 0.00029067 0.02805813 -0.00499067
v 0.00249234 0.02838932 -0.00029131
v 0.00244167 0.02838932 -0.00057869
v 0.00486438 0.02805813 -0.00115288
v 0.00496533 0.02805813 -0.00058036
v 0.00700083 0.02750901 -0.00254809
v 0.00469765 0.02805813 -0.00170980
v 0.00235798 0.02838932 -0.00085823
v -0.00043319 0.02750901 -0.00743752
v -0.00029067 0.02805813 -0.00499067
v -0.00014590 0.02838932 -0.00250507
v -0.00496533 0.02805813 -0.00058036
v -0.00249234 0.02838932 -0.00029131
v 0.00879625 0.02674622 -0.00441764
v 0.00665767 0.02750901 -0.00334361
v 0.00446739 0.02805813 -0.00224361
v 0.00224240 0.02838932 -0.00112618
v -0.00170926 0.02674622 -0.00969371
v -0.00129370 0.02750901 -0.00733694
v -0.00086809 0.02805813 -0.00492318
v -0.00043574 0.02838932 -0.00247119
v 0.01015946 0.02577569 -0.00668198
v 0.00822391 0.02674622 -0.00540895
v 0.00622449 0.02750901 -0.00409391
v 0.00417671 0.02805813 -0.00274707
v 0.00209650 0.02838932 -0.00137889
v -0.00348750 0.02577569 -0.01164907
v -0.00282308 0.02674622 -0.00942973
v -0.00213672 0.02750901 -0.00713714
v -0.00143377 0.02805813 -0.00478912
v -0.00071968 0.02838932 -0.00240389
v 0.00931504 0.02577569 -0.00781624
v 0.00754037 0.02674622 -0.00632712
v 0.00570713 0.02750901 -0.00478885
v 0.00382956 0.02805813 -0.00321338
v 0.00192224 0.02838932 -0.00161295
v -0.00481630 0.02577569 -0.01116543
v -0.00389871 0.02674622 -0.00903823
v -0.00295084 0.02750901 -0.00684082
v -0.00198005 0.02805813 -0.00459028
v -0.00099389 0.02838932 -0.00230409
v -0.00739975 0.02750901 -0.00086491
v -0.00977669 0.02674622 -0.00114273
v -0.01207770 0.02577569 -0.00141168
v 0.00977669 0.02674622 -0.00114273
v 0.01207770 0.02577569 -0.00141168
v 0.01428489 0.02460496 -0.00166966
v 0.01351479 0.02460496 -0.00491898
v 0.01399447 0.02460496 -0.00331675
v 0.01183215 0.02577569 -0.00280427
v 0.01334284 0.02324311 -0.00969414
v 0.01377941 0.02324311 -0.00906286
v 0.01201610 0.02460496 -0.00790312
v 0.01285235 0.02460496 -0.00645469
v 0.01086650 0.02577569 -0.00545736
v 0.01142659 0.02577569 -0.00415894
v 0.00924963 0.02674622 -0.00336659
v 0.00957792 0.02674622 -0.00227001
v 0.00724930 0.02750901 -0.00171812
v 0.00739975 0.02750901 -0.00086491
v 0.00412484 0.02460496 -0.01377794
v 0.00569648 0.02460496 -0.01320591
v 0.00481630 0.02577569 -0.01116543
v 0.00258002 0.02324311 -0.01628960
v 0.00286392 0.02324311 -0.01624209
v 0.00249743 0.02460496 -0.01416364
v 0.00348750 0.02577569 -0.01164907
v 0.00389871 0.02674622 -0.00903823
v -0.00249743 0.02460496 -0.01416364
v -0.00083625 0.02460496 -0.01435781
v -0.00070704 0.02577569 -0.01213935
v 0.00070704 0.02577569 -0.01213935
v 0.00057233 0.02674622 -0.00982659
v 0.00170926 0.02674622 -0.00969371
v 0.00129370 0.02750901 -0.00733694
v 0.00213672 0.02750901 -0.00713714
v 0.00143377 0.02805813 -0.00478912
v 0.00198005 0.02805813 -0.00459028
v 0.00099389 0.02838932 -0.00230409
v 0.00125466 0.02838932 -0.00217313
v 0.00149846 0.02838932 -0.00201278
v -0.00509651 0.02324311 -0.01568545
v -0.00473015 0.02324311 -0.01579979
v -0.00412484 0.02460496 -0.01377794
v -0.00211155 0.02577569 -0.01197518
v -0.00057233 0.02674622 -0.00982659
v 0.00043319 0.02750901 -0.00743752
v 0.00086809 0.02805813 -0.00492318
v 0.00071968 0.02838932 -0.00240389
v -0.00244167 0.02838932 -0.00057869
v -0.00486438 0.02805813 -0.00115288
v -0.00724930 0.02750901 -0.00171812
v -0.00957792 0.02674622 -0.00227001
v -0.01183215 0.02577569 -0.00280427
v -0.01428489 0.02460496 -0.00166966
v -0.01399447 0.02460496 -0.00331675
v 0.01638114 0.02324311 -0.00191468
v 0.01628960 0.02324311 -0.00258002
v 0.01473837 0.02324311 -0.00740189
v 0.01549803 0.02324311 -0.00564082
v 0.01568545 0.02324311 -0.00509651
v 0.01604809 0.02324311 -0.00380347
v 0.00986962 0.02460496 -0.01046119
v 0.01131795 0.02324311 -0.01199632
v 0.00172199 0.02838932 -0.00182521
v 0.00298527 0.02805813 -0.00400992
v 0.00343061 0.02805813 -0.00363624
v 0.00444890 0.02750901 -0.00597592
v 0.00511258 0.02750901 -0.00541902
v 0.00587798 0.02674622 -0.00789550
v 0.00675485 0.02674622 -0.00715972
v 0.00726140 0.02577569 -0.00975375
v 0.00834464 0.02577569 -0.00884480
v 0.00858842 0.02460496 -0.01153625
v 0.00984873 0.02324311 -0.01322914
v 0.00719107 0.02460496 -0.01245530
v 0.00824633 0.02324311 -0.01428306
v 0.00969414 0.02324311 -0.01334284
v 0.00372506 0.02750901 -0.00645200
v 0.00492162 0.02674622 -0.00852450
v 0.00607996 0.02577569 -0.01053080
v 0.00748751 0.02324311 -0.01469506
v 0.00473015 0.02324311 -0.01579979
v 0.00509651 0.02324311 -0.01568545
v 0.00653241 0.02324311 -0.01514382
v 0.00211155 0.02577569 -0.01197518
v 0.00282308 0.02674622 -0.00942973
v 0.00295084 0.02750901 -0.00684082
v 0.00249957 0.02805813 -0.00432937
v -0.00286392 0.02324311 -0.01624209
v -0.00258002 0.02324311 -0.01628960
v -0.00095896 0.02324311 -0.01646475
v -0.00719107 0.02460496 -0.01245530
v -0.00824633 0.02324311 -0.01428306
v -0.00858842 0.02460496 -0.01153625
v -0.00984873 0.02324311 -0.01322914
v -0.00969414 0.02324311 -0.01334284
v -0.00149846 0.02838932 -0.00201278
v -0.00125466 0.02838932 -0.00217313
v -0.00298527 0.02805813 -0.00400992
v -0.00249957 0.02805813 -0.00432937
v -0.00444890 0.02750901 -0.00597592
v -0.00372506 0.02750901 -0.00645200
v -0.00587798 0.02674622 -0.00789550
v -0.00492162 0.02674622 -0.00852450
v -0.00726140 0.02577569 -0.00975375
v -0.00607996 0.02577569 -0.01053080
v -0.00172199 0.02838932 -0.00182521
v -0.00343061 0.02805813 -0.00363624
v -0.00511258 0.02750901 -0.00541902
v -0.00675485 0.02674622 -0.00715972
v -0.00834464 0.02577569 -0.00884480
v -0.00986962 0.02460496 -0.01046119
v -0.01131795 0.02324311 -0.01199632
v -0.01101736 0.02460496 -0.00924466
v -0.01263411 0.02324311 -0.01060127
v -0.01166207 0.02324311 -0.01166207
v -0.00192224 0.02838932 -0.00161295
v -0.00382956 0.02805813 -0.00321338
v -0.00570713 0.02750901 -0.00478885
v -0.00754037 0.02674622 -0.00632712
v -0.00931504 0.02577569 -0.00781624
v -0.01201610 0.02460496 -0.00790312
v -0.01377941 0.02324311 -0.00906286
v -0.01334284 0.02324311 -0.00969414
v -0.00209650 0.02838932 -0.00137889
v -0.00417671 0.02805813 -0.00274707
v -0.00622449 0.02750901 -0.00409391
v -0.00822391 0.02674622 -0.00540895
v -0.01015946 0.02577569 -0.00668198
v -0.00224240 0.02838932 -0.00112618
v -0.00446739 0.02805813 -0.00224361
v -0.00665767 0.02750901 -0.00334361
v -0.00879625 0.02674622 -0.00441764
v -0.01086650 0.02577569 -0.00545736
v -0.01285235 0.02460496 -0.00645469
v -0.01473837 0.02324311 -0.00740189
v -0.00235798 0.02838932 -0.00085823
v -0.00469765 0.02805813 -0.00170980
v -0.00700083 0.02750901 -0.00254809
v -0.00924963 0.02674622 -0.00336659
v -0.01142659 0.02577569 -0.00415894
v -0.01351479 0.02460496 -0.00491898
v -0.01549803 0.02324311 -0.00564082
v -0.01568545 0.02324311 -0.00509651
v -0.01638114 0.02324311 -0.00191468
v -0.01628960 0.02324311 -0.00258002
v -0.01604809 0.02324311 -0.00380347
v -0.01778137 0.02400566 -0.00274799
v -0.01777098 0.02400563 -0.00281464
v -0.01777113 0.02100000 -0.00281467
v -0.00841473 0.02400450 -0.01590523
v -0.00816904 0.02400456 -0.01603271
v -0.00816849 0.02100000 -0.01603157
v 0.01787971 0.02400552 -0.00201164
v 0.01777113 0.02100000 -0.00281467
v 0.01777105 0.02400557 -0.00281466
v 0.01752439 0.02400556 -0.00407797
v 0.01739484 0.02400642 -0.00459474
v 0.01711203 0.02100000 -0.00556004
v 0.01711193 0.02400559 -0.00556000
v 0.01603157 0.02100000 -0.00816849
v 0.01603194 0.02400520 -0.00816867
v 0.01650498 0.02400507 -0.00716536
v 0.01700033 0.02400545 -0.00589299
v 0.01455636 0.02100000 -0.01057582
v 0.01523382 0.02400581 -0.00957348
v 0.01591592 0.02400528 -0.00839225
v 0.01175127 0.02400561 -0.01362491
v 0.01272317 0.02400502 -0.01272321
v 0.01272273 0.02100000 -0.01272273
v 0.01273594 0.02400501 -0.01271043
v 0.01364906 0.02400504 -0.01172438
v 0.01448127 0.02400565 -0.01067809
v 0.01455615 0.02400570 -0.01057567
v 0.01068881 0.02400589 -0.01447295
v 0.01057582 0.02100000 -0.01455636
v 0.01057555 0.02400586 -0.01455598
v 0.00721836 0.02400546 -0.01648130
v 0.00816871 0.02400513 -0.01603203
v 0.00816849 0.02100000 -0.01603157
v 0.00841252 0.02400511 -0.01590549
v 0.00956297 0.02400537 -0.01524112
v 0.00635397 0.02400586 -0.01683288
v 0.00556004 0.02100000 -0.01711203
v 0.00598048 0.02400596 -0.01696902
v 0.00281469 0.02400543 -0.01777124
v 0.00333298 0.02400545 -0.01768133
v 0.00281467 0.02100000 -0.01777113
v 0.00463379 0.02400575 -0.01738539
v 0.00555985 0.02400597 -0.01711144
v 0.00000000 0.02100000 -0.01799265
v 0.00071093 0.02400591 -0.01797806
v 0.00202861 0.02400553 -0.01787789
v -0.00281469 0.02400541 -0.01777126
v -0.00203599 0.02400554 -0.01787705
v -0.00281467 0.02100000 -0.01777113
v -0.00066313 0.02400595 -0.01797985
v -0.00000000 0.02400603 -0.01799196
v -0.00556004 0.02100000 -0.01711203
v -0.00463521 0.02400576 -0.01738500
v -0.00334361 0.02400542 -0.01767937
v -0.00721381 0.02400520 -0.01648367
v -0.00591507 0.02400607 -0.01699178
v -0.00555982 0.02400605 -0.01711134
v -0.00956566 0.02400496 -0.01524007
v -0.01057582 0.02100000 -0.01455636
v -0.01057549 0.02400595 -0.01455588
v -0.01067241 0.02400601 -0.01448485
v -0.01272273 0.02100000 -0.01272273
v -0.01174214 0.02400542 -0.01363311
v -0.01363976 0.02400408 -0.01173717
v -0.01447337 0.02400555 -0.01068902
v -0.01455636 0.02100000 -0.01057582
v -0.01273328 0.02400400 -0.01271502
v -0.01272409 0.02400401 -0.01272420
v -0.01603211 0.02400506 -0.00816876
v -0.01590852 0.02400520 -0.00840650
v -0.01603157 0.02100000 -0.00816849
v -0.01523535 0.02400606 -0.00957043
v -0.01455615 0.02400570 -0.01057567
v -0.01711203 0.02100000 -0.00556004
v -0.01698564 0.02400555 -0.00593477
v -0.01649379 0.02400489 -0.00719167
v -0.01765484 0.02400511 -0.00347297
v -0.01739369 0.02400748 -0.00459375
v -0.01711164 0.02400582 -0.00555991
v -0.01799265 0.02100000 0.00000000
v -0.01799265 0.02400551 0.00000000
v -0.01797726 0.02400552 -0.00074065
v -0.01784135 0.02400567 -0.00232634
v -0.01649265 0.02100000 0.00000000
v -0.01628960 0.02100000 -0.00258002
v -0.01568545 0.02100000 -0.00509651
v -0.01469506 0.02100000 -0.00748751
v -0.01334284 0.02100000 -0.00969414
v -0.01166207 0.02100000 -0.01166207
v -0.00969414 0.02100000 -0.01334284
v -0.00748751 0.02100000 -0.01469506
v -0.00509651 0.02100000 -0.01568545
v -0.00258002 0.02100000 -0.01628960
v 0.00000000 0.02100000 -0.01649265
v 0.00258002 0.02100000 -0.01628960
v 0.00509651 0.02100000 -0.01568545
v 0.00748751 0.02100000 -0.01469506
v 0.00969414 0.02100000 -0.01334284
v 0.01166207 0.02100000 -0.01166207
v 0.01334284 0.02100000 -0.00969414
v 0.01469506 0.02100000 -0.00748751
v 0.01568545 0.02100000 -0.00509651
v 0.01628960 0.02100000 -0.00258002
v 0.01649265 0.02100000 0.00000000
v -0.01799306 0.02400526 0.00459506
v -0.01799212 0.02400595 0.00402352
v -0.02135888 0.00058485 0.02800019
v -0.02032479 0.01358482 0.02799905
v -0.02045318 0.01282053 0.02799848
v -0.02130419 0.00332431 0.02862146
v -0.02130292 0.00336653 0.02800023
v -0.02123042 0.00507110 0.02862143
v -0.02123068 0.00507102 0.02800028
v -0.02116150 0.00625561 0.02862139
v -0.02116277 0.00624116 0.02800031
v -0.02094989 0.00888666 0.02862054
v -0.02094304 0.00895361 0.02799967
v -0.02090455 0.00934456 0.02862013
v -0.02090377 0.00934461 0.02799935
v -0.02069171 0.01118736 0.02861891
v -0.02066015 0.01141144 0.02799829
v -0.02055302 0.01218634 0.02861892
v -0.02034817 0.01345681 0.02861941
v 0.02359813 0.01413099 0.02862420
v 0.02429228 0.01290052 0.02862403
v 0.02502285 0.01140642 0.02862047
v 0.02537590 0.01059778 0.02862053
v 0.02566745 0.00987075 0.02862060
v 0.02593182 0.00915376 0.02862068
v 0.02621698 0.00830207 0.02862076
v 0.02667135 0.00670042 0.02862089
v 0.02702536 0.00508703 0.02862106
v 0.02744380 0.00172171 0.02862145
v 0.02742536 0.00199639 0.02862142
v 0.02728339 0.00344235 0.02862125
v 0.02713656 0.00445572 0.02862114
v 0.02803181 0.00514469 0.02962170
v 0.02822915 0.00391982 0.02962167
v 0.02837207 0.00269738 0.02962164
v 0.02841222 0.00223518 0.02962163
v 0.02849483 0.00054263 0.02962159
v 0.02794629 0.00559060 0.02962171
v 0.02782883 0.00614866 0.02962173
v 0.02756463 0.00724162 0.02962175
v 0.02732164 0.00811035 0.02962178
v 0.02708553 0.00886703 0.02962179
v 0.02651067 0.01046110 0.02962184
v 0.02629868 0.01098315 0.02962185
v 0.02584208 0.01201819 0.02962188
v 0.02508214 0.01353279 0.02962192
v -0.02141622 0.01314397 0.03582149
v -0.02212221 0.00689650 0.03582920
v -0.02196756 0.00877145 0.03582783
v -0.02170526 0.01115718 0.03582510
v -0.02230994 0.00324742 0.03583005
v -0.02226289 0.00446779 0.03582999
v -0.02217354 0.00613139 0.03582956
v 0.02204385 0.01368145 0.03762316
v 0.02849534 0.00053523 0.03574646
v 0.02584223 0.00230087 0.03762300
v 0.02841363 0.00222645 0.03574633
v 0.02551630 0.00469087 0.03762304
v 0.02823052 0.00391334 0.03574622
v 0.02837275 0.00269746 0.03574630
v 0.02782899 0.00614870 0.03574611
v 0.02794703 0.00558786 0.03574613
v 0.02803040 0.00515365 0.03574616
v 0.02496674 0.00705491 0.03762311
v 0.02742662 0.00774927 0.03574602
v 0.02756479 0.00724200 0.03574605
v 0.02708766 0.00886294 0.03574594
v 0.02419791 0.00936062 0.03762312
v 0.02686839 0.00950790 0.03574590
v 0.02322144 0.01157144 0.03762313
v 0.02584692 0.01201060 0.03574571
v 0.02651557 0.01045246 0.03574582
v 0.02508497 0.01352908 0.03574560
v 0.02550986 0.01271031 0.03574566
v -0.02233408 0.00229172 0.02962265
v -0.02230536 0.00330391 0.02962253
v -0.02224532 0.00477886 0.02962236
v -0.02214215 0.00656953 0.02962217
v -0.02191410 0.00932364 0.02962189
v -0.02130610 0.01378752 0.02962146
v -0.02163648 0.01168970 0.02962166
v -0.02167552 0.01139900 0.02962169
v -0.02192187 0.01313553 0.02800020
v -0.02218206 0.01134699 0.02800020
v -0.02257743 0.00748807 0.02800020
v -0.02263444 0.00671477 0.02800020
v -0.02265696 0.00638052 0.02800020
v -0.02279294 0.00370337 0.02800020
v -0.02285252 0.00128453 0.02800020
v 0.01772647 0.02420273 0.00459506
v 0.01600467 0.02537421 0.00459506
v 0.01478869 0.02610162 0.00459506
v 0.01164985 0.02764563 0.00459506
v 0.01391744 0.02657639 0.00459506
v 0.00948269 0.02846188 0.00459506
v 0.00835261 0.02881378 0.00459506
v 0.00494182 0.02959017 0.00459506
v 0.00716354 0.02913218 0.00459506
v 0.00146383 0.02996426 0.00459506
v 0.00241072 0.02990298 0.00459506
v 0.00000000 0.03000000 0.00459506
v -0.00203405 0.02993096 0.00459506
v -0.01600465 0.02537422 0.00459506
v -0.01528295 0.02581533 0.00459506
v -0.00480245 0.02961311 0.00459506
v -0.00550428 0.02949073 0.00459506
v -0.00716353 0.02913218 0.00459506
v -0.00889968 0.02864953 0.00459506
v -0.01173949 0.02760769 0.00459506
v -0.01217407 0.02741882 0.00459506
v -0.01391743 0.02657640 0.00459506
v -0.01295582 0.02613219 -0.00701823
v -0.01428723 0.02493038 -0.00862271
v -0.01579179 0.02449390 -0.00711815
v -0.01385977 0.02620729 -0.00459202
v -0.01453291 0.02567467 -0.00544114
v -0.01488246 0.02564044 -0.00459156
v -0.00944299 0.02810218 -0.00459347
v -0.00833713 0.02830795 -0.00539927
v -0.00987873 0.02744043 -0.00703090
v 0.01065565 0.02766485 -0.00459508
v 0.01219556 0.02679221 -0.00578324
v 0.01058572 0.02703435 -0.00755556
v 0.01338561 0.02645207 -0.00459498
v 0.01529717 0.02520439 -0.00554395
v 0.01379048 0.02560049 -0.00737817
v 0.01598198 0.02496930 -0.00459445
v -0.00969302 0.02512685 -0.01321692
v -0.01122652 0.02524803 -0.01168342
v -0.01276171 0.02518238 -0.01014823
v -0.00817256 0.02481973 -0.01473738
v -0.00667639 0.02432895 -0.01623355
v -0.00497809 0.02550176 -0.01499597
v -0.00165595 0.02577951 -0.01525368
v -0.00344685 0.02479861 -0.01652720
v -0.00011446 0.02485778 -0.01679517
v 0.00173583 0.02564365 -0.01547224
v 0.00513846 0.02509627 -0.01561325
v 0.00326238 0.02450302 -0.01699879
v 0.00698148 0.02552802 -0.01412725
v 0.00849379 0.02415077 -0.01563956
v 0.01030772 0.02440383 -0.01407849
v 0.01205533 0.02449985 -0.01242684
v 0.01372537 0.02443822 -0.01069521
v 0.01530708 0.02421934 -0.00889477
v 0.00890926 0.02803678 -0.00587910
v 0.00780757 0.02859937 -0.00459507
v 0.00914190 0.02820127 -0.00459506
v 0.00690390 0.02883082 -0.00459511
v 0.00722708 0.02810749 -0.00759858
v 0.00673875 0.02886986 -0.00459511
v 0.00549153 0.02890446 -0.00586303
v 0.00462769 0.02928268 -0.00459516
v 0.00488566 0.02924072 -0.00459516
v 0.00422708 0.02934321 -0.00459515
v 0.00376965 0.02879118 -0.00754042
v 0.00319598 0.02947332 -0.00459514
v 0.00191371 0.02958414 -0.00459512
v 0.00199906 0.02937197 -0.00576983
v 0.00000216 0.02964587 -0.00459507
v 0.00027128 0.02906740 -0.00741705
v -0.00063558 0.02963908 -0.00459505
v -0.00231959 0.02955519 -0.00459498
v -0.00150939 0.02942708 -0.00563638
v -0.00362161 0.02942413 -0.00459488
v -0.00320881 0.02892938 -0.00726599
v -0.00661140 0.02838175 -0.00712501
v -0.00690018 0.02883184 -0.00459421
v -0.00497437 0.02906890 -0.00550042
v -0.00656215 0.02891061 -0.00459431
v -0.00462438 0.02928324 -0.00459475
v -0.01154104 0.02716583 -0.00536859
v -0.01223218 0.02700518 -0.00459269
v -0.01131862 0.02740059 -0.00459298
v -0.01342754 0.02643130 -0.00459222
v -0.01654773 0.02459856 -0.00459126
v -0.01135676 0.02639633 -0.00861729
v -0.00974756 0.02646515 -0.01022649
v -0.00820588 0.02751196 -0.00870375
v -0.00814014 0.02633812 -0.01183391
v -0.00653488 0.02737992 -0.01037476
v -0.00488757 0.02824553 -0.00884884
v -0.00654638 0.02601620 -0.01342767
v -0.00487808 0.02704526 -0.01203155
v -0.00317839 0.02790029 -0.01055802
v -0.00145825 0.02857578 -0.00901654
v -0.00324775 0.02651047 -0.01366188
v -0.00149652 0.02734859 -0.01223989
v 0.00026435 0.02801073 -0.01073914
v 0.00202351 0.02849263 -0.00916928
v 0.00014561 0.02659452 -0.01388201
v 0.00194623 0.02723840 -0.01242102
v 0.00373432 0.02770701 -0.01088009
v 0.00549839 0.02799733 -0.00926916
v 0.00357495 0.02626451 -0.01404974
v 0.00539107 0.02671636 -0.01253684
v 0.00717249 0.02699630 -0.01094326
v 0.00890777 0.02710253 -0.00927927
v 0.00877957 0.02579551 -0.01255034
v 0.01052117 0.02589701 -0.01089267
v 0.01219506 0.02583186 -0.00916490
v 0.01568926 0.02533028 -0.00348915
v 0.01363422 0.02649046 -0.00350454
v 0.01378013 0.02653434 -0.00238378
v 0.00238036 0.02979230 -0.00246220
v -0.01363481 0.02649099 -0.00350334
v -0.01378200 0.02653511 -0.00238233
v -0.01162029 0.02754606 -0.00240704
v 0.01599609 0.02537406 -0.00005918
v -0.01599745 0.02537554 -0.00005769
v -0.01585627 0.02535534 -0.00235419
v -0.01568872 0.02533133 -0.00348761
v -0.00708751 0.02903833 -0.00244370
v -0.00475171 0.02950883 -0.00245544
v -0.00000447 0.02998477 -0.00020865
v -0.00000269 0.02988691 -0.00246457
v -0.00241168 0.02988836 -0.00020555
v -0.00238593 0.02979228 -0.00246234
v -0.00480071 0.02959976 -0.00019605
v -0.00715899 0.02912068 -0.00018008
v -0.00947550 0.02845346 -0.00015788
v -0.00938299 0.02838278 -0.00242745
v -0.01173131 0.02760249 -0.00012979
v -0.01390921 0.02657465 -0.00009600
v 0.01390542 0.02657420 -0.00009705
v 0.01172578 0.02760275 -0.00013021
v 0.01161734 0.02754574 -0.00240781
v 0.00946869 0.02845387 -0.00015793
v 0.00937930 0.02838255 -0.00242780
v 0.00715083 0.02912127 -0.00017987
v 0.00708248 0.02903845 -0.00244369
v 0.00479177 0.02960027 -0.00019576
v 0.00474590 0.02950904 -0.00245524
v 0.01149397 0.02748459 -0.00351783
v 0.00927959 0.02830729 -0.00352885
v 0.01585635 0.02535377 -0.00235615
v 0.00240269 0.02988855 -0.00020538
v -0.02113239 0.01996342 0.03573880
v -0.01975167 0.02129601 0.03696609
v -0.01939941 0.02179519 0.03696091
v -0.01951101 0.02189869 0.03678982
v -0.02056917 0.02113214 0.03562195
v -0.02055891 0.02112485 0.03573781
v -0.01984829 0.02220863 0.03573662
v -0.01943402 0.02270670 0.03573617
v -0.01983348 0.02219536 0.03585122
v -0.02130868 0.01863865 0.03661812
v -0.02085128 0.01980983 0.03661415
v -0.02094885 0.01986304 0.03640945
v -0.02073713 0.01974760 0.03680584
v -0.02105207 0.01853807 0.03698721
v -0.02060690 0.01967670 0.03698063
v -0.02142248 0.01737437 0.03699168
v -0.02118893 0.01859162 0.03681095
v -0.02156497 0.01741004 0.03681422
v -0.02160003 0.01875520 0.03573936
v -0.02109151 0.01994091 0.03596930
v -0.02155836 0.01873796 0.03597058
v -0.02102921 0.01990689 0.03619383
v -0.02149420 0.01871212 0.03619590
v -0.02141067 0.01867891 0.03641241
v -0.02168935 0.01744136 0.03662056
v -0.02179478 0.01746815 0.03641416
v -0.02188046 0.01749023 0.03619706
v -0.01887556 0.02304629 0.03629145
v -0.01972837 0.02209948 0.03629446
v -0.01928634 0.02255426 0.03639752
v -0.01898118 0.02316917 0.03573587
v -0.01896828 0.02315439 0.03585006
v -0.01895094 0.02313433 0.03596315
v -0.01981364 0.02217742 0.03596475
v -0.01892951 0.02310938 0.03607469
v -0.01978924 0.02215523 0.03607673
v -0.01890432 0.02307997 0.03618423
v -0.01976074 0.02212918 0.03618674
v -0.02054248 0.02111321 0.03585305
v -0.02052048 0.02109760 0.03596721
v -0.02046207 0.02105600 0.03619055
v -0.01898927 0.02317822 0.03562103
v -0.01944278 0.02271537 0.03562117
v -0.01985761 0.02221681 0.03562139
v -0.01900747 0.02226265 0.03695641
v -0.01857964 0.02269769 0.03695302
v -0.01868034 0.02281659 0.03678343
v -0.01884328 0.02300842 0.03639608
v -0.01920697 0.02247149 0.03659854
v -0.01876845 0.02292043 0.03659654
v -0.01911383 0.02237408 0.03678615
v -0.01969220 0.02206619 0.03639963
v -0.02038683 0.02100212 0.03640490
v -0.01960876 0.02198918 0.03660137
v -0.02029558 0.02093656 0.03660822
v -0.02018891 0.02085977 0.03679841
v -0.02006724 0.02077213 0.03697140
v -0.02194542 0.01750737 0.03597124
v -0.02198701 0.01751883 0.03573961
v -0.02006812 0.02046679 0.02684310
v -0.01969220 0.02099842 0.02624840
v -0.01898010 0.02177137 0.02483453
v -0.01932382 0.02143061 0.02557265
v -0.01867326 0.02203311 0.02404780
vn -0.69104429 0.21315884 0.69066714
vn -0.71509548 0.10778318 0.69066725
vn 0.00000000 0.00000000 1.00000000
vn -0.72317276 0.00000000 0.69066718
vn -0.71509548 -0.10778318 0.69066725
vn -0.53012310 0.49188233 0.69066726
vn -0.59751333 0.40737782 0.69066717
vn -0.65155610 0.31377293 0.69066721
vn -0.26420475 0.67318244 0.69066725
vn -0.36158628 0.62628602 0.69066720
vn -0.45089092 0.56539922 0.69066714
vn 0.05404257 0.72115057 0.69066725
vn -0.05404257 0.72115057 0.69066725
vn -0.16092105 0.70504140 0.69066709
vn 0.36158632 0.62628601 0.69066719
vn 0.26420476 0.67318243 0.69066726
vn 0.16092107 0.70504140 0.69066709
vn 0.59751336 0.40737773 0.69066719
vn 0.53012315 0.49188235 0.69066721
vn 0.45089086 0.56539922 0.69066717
vn 0.71509551 0.10778342 0.69066718
vn 0.69104416 0.21315903 0.69066721
vn 0.65155610 0.31377293 0.69066721
vn 0.69104416 -0.21315903 0.69066721
vn 0.71509551 -0.10778342 0.69066718
vn 0.72317276 -0.00000000 0.69066718
vn 0.53012315 -0.49188235 0.69066721
vn 0.59751336 -0.40737773 0.69066719
vn 0.65155610 -0.31377293 0.69066721
vn 0.26420476 -0.67318243 0.69066726
vn 0.36158632 -0.62628601 0.69066719
vn 0.45089086 -0.56539922 0.69066717
vn -0.05404257 -0.72115057 0.69066725
vn 0.05404257 -0.72115057 0.69066725
vn 0.16092107 -0.70504140 0.69066709
vn -0.36158628 -0.62628602 0.69066720
vn -0.26420475 -0.67318244 0.69066725
vn -0.16092105 -0.70504140 0.69066709
vn -0.59751333 -0.40737782 0.69066717
vn -0.53012310 -0.49188233 0.69066726
vn -0.45089092 -0.56539922 0.69066714
vn -0.69104429 -0.21315884 0.69066714
vn -0.65155610 -0.31377293 0.69066721
vn 0.68946347 -0.00000000 0.72432045
vn 0.68176272 -0.10275930 0.72432045
vn 0.65883254 -0.20322306 0.72432042
vn 0.62118514 -0.29914705 0.72432042
vn 0.56966146 -0.38838862 0.72432044
vn 0.50541254 -0.46895426 0.72432041
vn 0.42987346 -0.53904423 0.72432046
vn 0.34473169 -0.59709293 0.72432044
vn 0.25188943 -0.64180349 0.72432037
vn 0.15342000 -0.67217709 0.72432055
vn 0.05152349 -0.68753569 0.72432037
vn -0.05152349 -0.68753569 0.72432037
vn -0.15341999 -0.67217710 0.72432055
vn -0.25188942 -0.64180349 0.72432037
vn -0.34473166 -0.59709295 0.72432043
vn -0.42987347 -0.53904418 0.72432049
vn -0.50541258 -0.46895431 0.72432036
vn -0.56966139 -0.38838868 0.72432047
vn -0.62118514 -0.29914705 0.72432042
vn -0.65883253 -0.20322283 0.72432050
vn -0.68176283 -0.10275910 0.72432038
vn -0.68946347 0.00000000 0.72432045
vn -0.68176283 0.10275910 0.72432038
vn -0.65883253 0.20322283 0.72432050
vn -0.62118514 0.29914705 0.72432042
vn -0.56966139 0.38838868 0.72432047
vn -0.50541258 0.46895431 0.72432036
vn -0.42987347 0.53904418 0.72432049
vn -0.34473166 0.59709295 0.72432043
vn -0.25188942 0.64180349 0.72432037
vn -0.15341999 0.67217710 0.72432055
vn -0.05152349 0.68753569 0.72432037
vn 0.05152349 0.68753569 0.72432037
vn 0.15342000 0.67217709 0.72432055
vn 0.25188943 0.64180349 0.72432037
vn 0.34473169 0.59709293 0.72432044
vn 0.42987346 0.53904423 0.72432046
vn 0.50541254 0.46895426 0.72432041
vn 0.56966146 0.38838862 0.72432044
vn 0.62118514 0.29914705 0.72432042
vn 0.65883254 0.20322306 0.72432042
vn 0.68176272 0.10275930 0.72432045
vn -0.59475239 0.63191364 -0.49694541
vn -0.58620502 0.59227088 -0.55279189
vn 0.01821470 0.87747339 -0.47927932
vn 0.66673305 0.25762808 -0.69935314
vn 0.65921595 0.31791667 -0.68144209
vn -0.37007944 0.00049792 -0.92899998
vn 0.70421996 0.68437362 -0.18896294
vn -0.52110328 0.48876075 -0.69968871
vn -0.49912063 0.43998367 -0.74652058
vn 0.65191603 0.75825239 -0.00766814
vn 0.65193620 0.75823507 -0.00766660
vn 0.00543535 0.99648208 -0.08362968
vn 0.68812964 0.72518747 -0.02409847
vn 0.65883386 0.75221290 -0.01066273
vn 0.00662942 0.98352563 -0.18064713
vn 0.65349996 0.75688010 -0.00838579
vn 0.65191109 0.75825663 -0.00766894
vn 0.65188674 0.75827740 -0.00768552
vn 0.65191687 0.75825158 -0.00767664
vn 0.65194412 0.75822837 -0.00765501
vn 0.65153545 0.75855812 -0.00954615
vn 0.71194460 0.70210872 0.01335033
vn 0.71693120 0.69673651 0.02383049
vn 0.71242700 0.69979827 -0.05225072
vn 0.69864967 0.71378935 -0.04892232
vn 0.01915399 0.95125771 -0.30780171
vn 0.62608351 0.77947316 0.02100068
vn 0.71645929 0.69620725 -0.04451471
vn 0.69549440 0.71781582 -0.03206242
vn 0.68376186 0.72917450 -0.02782571
vn 0.67185881 0.73995963 -0.03264182
vn 0.69404559 0.71277501 -0.10125466
vn 0.70042103 0.70781948 -0.09166218
vn 0.02044799 0.92172701 -0.38729989
vn 0.70235447 0.70866951 -0.06697553
vn 0.68983228 0.72005925 -0.07514055
vn 0.69716182 0.70980239 -0.10072719
vn 0.70232400 0.70256847 -0.11462345
vn 0.71617055 0.68285031 -0.14427470
vn 0.70945534 0.69226630 -0.13206242
vn 0.69427545 0.70729084 -0.13312127
vn -0.57543283 0.57084292 -0.58567519
vn -0.55737870 0.54742658 -0.62422202
vn -0.53547150 0.51382481 -0.67026438
vn -0.43320685 0.26116675 -0.86262608
vn -0.41055851 0.17607693 -0.89467236
vn 0.65183700 0.53272255 -0.53973625
vn 0.64820008 0.57484508 -0.49938942
vn 0.65075405 0.61166715 -0.44986938
vn -0.44699908 0.31329616 -0.83787669
vn 0.63989106 0.64698263 -0.41467205
vn -0.46345491 0.35634435 -0.81131267
vn 0.63445009 0.67295110 -0.38027608
vn -0.48243888 0.40389098 -0.77725466
vn 0.70396271 0.65519598 -0.27414364
vn 0.71156318 0.67089208 -0.20876221
vn -0.38427363 0.08537189 -0.91926352
vn 0.65909393 0.36329472 -0.65849233
vn 0.64393164 0.43069732 -0.63233840
vn 0.65677550 0.46574536 -0.59306593
vn -0.37673722 -0.08106600 -0.92276615
vn 0.67777435 0.19729285 -0.70830605
vn -0.36970225 -0.07089009 -0.92644203
vn -0.36654056 -0.03742950 -0.92964888
vn -0.62008928 0.65519870 -0.43151355
vn -0.65722199 0.66248109 -0.35941350
vn -0.67534936 0.67417729 -0.29897865
vn -0.68430887 0.69208651 -0.22964675
vn -0.69988928 0.69876611 -0.14792201
vn 0.98684599 0.02644818 0.15948506
vn 0.98434128 0.02503244 0.17448671
vn 0.88022206 0.46378240 0.10057337
vn 0.88060592 0.47137985 0.04831412
vn 0.99105956 0.07429593 0.11081996
vn 0.88059950 0.46893565 0.06814598
vn 0.99074853 0.07666125 0.11198390
vn 0.99074766 0.07668828 0.11197312
vn 0.99074589 0.07672368 0.11196452
vn 0.99074884 0.07665683 0.11198421
vn 0.99074675 0.07669758 0.11197485
vn 0.99074736 0.07668359 0.11197898
vn 0.99059767 0.06541080 0.12015695
vn 0.98941222 0.06295782 0.13076609
vn 0.88111451 0.47284312 0.00752407
vn 0.71026852 0.70388880 0.00769371
vn 0.87894248 0.47601064 0.02956329
vn 0.71500669 0.69900725 0.01242197
vn 0.98263342 0.02105682 0.18435884
vn 0.97757069 0.00720224 0.21048438
vn 0.87992865 0.45340514 0.14194843
vn 0.97114552 -0.01103847 0.23823209
vn 0.97025613 0.01344792 0.24170682
vn 0.97244570 0.00201219 0.23312080
vn 0.96732627 0.00288512 0.25351838
vn 0.96341318 0.00708306 0.26792698
vn 0.96015169 0.00564967 0.27942227
vn 0.87820309 0.44269280 0.18105915
vn 0.95744589 0.00518118 0.28856634
vn 0.94996570 -0.00069995 0.31235344
vn 0.94748501 0.01376615 0.31950377
vn 0.94484489 0.01385772 0.32722483
vn 0.87634736 0.43376980 0.20942555
vn 0.93280955 -0.01793357 0.35992323
vn 0.92639554 0.01383037 0.37629778
vn 0.88490721 0.40231311 0.23469850
vn 0.90671104 0.01432492 0.42150906
vn 0.88988651 0.05152957 0.45326229
vn 0.88587890 0.38361009 0.26088671
vn 0.87086811 0.05044850 0.48892095
vn 0.89947821 0.29298585 0.32418858
vn 0.87937452 0.05826782 0.47255193
vn 0.89606043 0.33218016 0.29450305
vn 0.89174062 0.35671402 0.27848477
vn 0.86573964 0.05424997 0.49754580
vn 0.85813814 0.06889143 0.50877589
vn 0.89742366 0.27077607 0.34829742
vn 0.87124151 0.09923047 0.48071982
vn 0.87524545 0.11727499 0.46924619
vn 0.89716323 0.25261365 0.36233200
vn 0.87748925 0.12813829 0.46216144
vn 0.88263741 0.16024089 0.44189824
vn 0.89281401 0.25003113 0.37465662
vn 0.89207320 0.18666537 0.41153548
vn 0.89680186 0.19835849 0.39547482
vn 0.89153436 0.21912451 0.39642268
vn 0.88505899 0.24146562 0.39795092
vn 0.91109264 0.23823720 0.33638257
vn 0.88834595 0.23966243 0.39166744
vn 0.68490247 0.16548417 0.70959396
vn 0.68587597 0.16387578 0.70902671
vn 0.89771750 0.23503585 0.37264117
vn -0.51501319 0.36015817 0.77784800
vn -0.30461768 0.83114310 0.46519804
vn -0.30968776 0.81973667 0.48179382
vn -0.71695089 0.54081048 0.43989254
vn -0.89204974 -0.36480439 -0.26676771
vn -0.88582107 -0.40170306 -0.23228362
vn -0.73972479 -0.67169514 0.04040882
vn -0.88176460 -0.44913793 -0.14410523
vn -0.60334094 -0.79685320 0.03169678
vn -0.87096092 -0.45895407 -0.17546577
vn -0.64352102 -0.76360716 0.05277121
vn -0.87530373 -0.43958665 -0.20151170
vn -0.88489262 -0.44933806 -0.12272068
vn -0.88499592 -0.45546682 -0.09660325
vn -0.88567816 -0.45839836 -0.07379116
vn -0.89007418 -0.45294184 -0.05110423
vn -0.89055154 -0.45399277 -0.02843439
vn -0.88497802 -0.46558142 -0.00691700
vn -0.70611562 -0.70737072 0.03205288
vn -0.89381381 -0.33881338 -0.29377265
vn -0.76642080 -0.64140780 0.03457169
vn -0.89778709 -0.32044609 -0.30214672
vn -0.80608544 -0.59080600 0.03427143
vn -0.89874039 -0.30181128 -0.31808122
vn -0.84022021 -0.54117092 0.03411806
vn -0.87082187 -0.48452347 0.08310395
vn -0.91962301 -0.39074849 0.04011410
vn -0.89862721 -0.25366473 -0.35794321
vn -0.89106742 -0.45224124 0.03842798
vn -0.89821210 -0.26271181 -0.35241670
vn -0.89930066 -0.27371912 -0.34108087
vn -0.95378665 -0.29562976 0.05379657
vn -0.97183704 -0.23523701 0.01401141
vn -0.90156901 -0.21013213 -0.37817695
vn -0.89784916 -0.22867707 -0.37626280
vn -0.89704738 -0.23409683 -0.37483952
vn -0.89731303 -0.24689871 -0.36588299
vn -0.56400647 0.44358818 -0.69651004
vn 0.28393825 -0.19815812 -0.93814308
vn 0.27677131 -0.16676864 -0.94635398
vn -0.53814162 0.50759888 -0.67286475
vn 0.27678592 -0.10804501 -0.95483812
vn -0.53866044 0.57283405 -0.61782367
vn 0.28820923 -0.02464640 -0.95725022
vn -0.53677337 0.61001437 -0.58288662
vn 0.30365761 0.06430401 -0.95060878
vn -0.56522981 0.64530487 -0.51390357
vn 0.32063080 0.12138780 -0.93939390
vn -0.56438326 0.67642532 -0.47320220
vn 0.34153911 0.18103580 -0.92226736
vn -0.57828464 0.70204243 -0.41559993
vn 0.36593639 0.23958150 -0.89927263
vn -0.60545796 0.72314267 -0.33239334
vn -0.61510158 0.73236543 -0.29204609
vn 0.40503477 0.31622620 -0.85787401
vn -0.62614505 0.74036257 -0.24455194
vn -0.65311209 0.74072774 -0.15737538
vn 0.45397105 0.41177237 -0.79016062
vn -0.68437096 0.72072167 -0.11043852
vn 0.49109105 0.46654077 -0.73564209
vn -0.66425772 0.73843337 -0.11609412
vn 0.51735253 0.50151718 -0.69341681
vn -0.67023347 0.73187891 -0.12304617
vn -0.68602256 0.72573334 -0.05180894
vn -0.70387143 0.70929850 -0.03821837
vn 0.55631764 0.54593286 -0.62647267
vn -0.67989950 0.72744501 -0.09252261
vn -0.67278447 0.73489535 -0.08538075
vn -0.68026717 0.72903454 -0.07579716
vn -0.69066708 0.72223196 -0.03687798
vn -0.68888416 0.72405481 -0.03439825
vn 0.59517960 0.60043125 -0.53408198
vn -0.68793579 0.72477039 -0.03810814
vn -0.68383207 0.72763003 -0.05411318
vn -0.67638603 0.73399269 -0.06129168
vn -0.67666657 0.73347801 -0.06428336
vn 0.62675366 0.64328108 -0.43973778
vn -0.70467480 0.70944421 -0.01106050
vn -0.70239431 0.71146810 -0.02133969
vn -0.77765256 0.61092375 0.14842061
vn -0.75749780 0.64827813 -0.07702304
vn -0.69735596 0.71641420 -0.02110378
vn 0.65311727 0.67896686 -0.33532349
vn -0.71687672 0.69716380 -0.00709945
vn -0.71661332 0.69743013 -0.00752074
vn -0.71390475 0.70018035 -0.00935400
vn -0.71188126 0.70214589 -0.01470449
vn -0.70561226 0.70846003 -0.01398987
vn -0.73809348 0.67469524 -0.00208691
vn 0.67267122 0.69950989 -0.24124540
vn -0.73485761 0.67813995 0.01051221
vn 0.67948693 0.71036475 -0.18351957
vn -0.72581811 0.68785537 0.00656211
vn 0.68412740 0.71887128 -0.12326304
vn -0.72286806 0.69098497 0.00123865
vn 0.69948597 0.71264086 -0.05350122
vn -0.71002187 0.70417962 -0.00004454
vn 0.70707971 0.70710886 -0.00594451
vn -0.70685238 0.70736089 -0.00052767
vn 0.74127711 -0.07494075 -0.66700234
vn 0.67834123 -0.09657436 -0.72837254
vn 0.76425870 -0.49015791 -0.41911079
vn 0.74865297 -0.49978605 -0.43558310
vn 0.74370232 -0.49752864 -0.44651105
vn 0.74360953 -0.49119155 -0.45362510
vn 0.74618712 -0.48952323 -0.45118930
vn 0.75425979 -0.48255694 -0.44523136
vn 0.75965259 -0.47855672 -0.44035373
vn 0.76900510 -0.47534664 -0.42740698
vn 0.84739250 -0.45112615 -0.28001991
vn 0.85180192 -0.44707534 -0.27305151
vn 0.84962503 -0.02912532 -0.52658240
vn 0.85323599 -0.44889446 -0.26548467
vn 0.85746078 -0.44936488 -0.25066353
vn 0.89296415 -0.43786267 -0.10436145
vn 0.88969369 -0.43756989 -0.13029861
vn 0.88038906 -0.44332570 -0.16845602
vn 0.86860247 -0.44790865 -0.21191411
vn 0.80041105 -0.05731299 -0.59670543
vn 0.89072335 -0.44802169 -0.07673644
vn 0.88841363 -0.45903706 -0.00248816
vn 0.88918955 -0.45734318 -0.01338515
vn 0.88730424 -0.45867008 -0.04809302
vn 0.81411689 -0.46892096 -0.34253002
vn 0.83011401 -0.46362333 -0.30978079
vn 0.83761682 -0.45916563 -0.29591383
vn 0.77358645 -0.47982348 -0.41392444
vn 0.78638187 -0.47165870 -0.39892560
vn 0.79396510 -0.47778142 -0.37595790
vn 0.78746181 -0.61225378 0.07105785
vn 0.80604525 -0.59073413 0.03639011
vn 0.82822475 -0.55875321 0.04287917
vn 0.84165188 -0.53740064 0.05312873
vn 0.73943041 -0.66890871 0.07618272
vn 0.76626121 -0.64174477 0.03173978
vn 0.68305974 -0.72606702 0.07909535
vn 0.70651868 -0.70659246 0.03947714
vn 0.61973026 -0.78130008 0.07419294
vn 0.66067212 -0.74942636 0.04327218
vn 0.59771166 -0.80082420 0.03770101
vn 0.86136931 -0.50702822 0.03106909
vn 0.79635424 -0.44617402 -0.40834871
vn 0.87723692 -0.47527431 0.06759965
vn 0.82047920 -0.40647496 -0.40198507
vn 0.90399460 -0.42221826 0.06727187
vn 0.83651681 -0.37528580 -0.39924954
vn 0.92822986 -0.36874003 0.04919472
vn 0.85965901 -0.33123383 -0.38893513
vn 0.94206653 -0.33307067 0.03968102
vn 0.88364967 -0.26950010 -0.38279624
vn 0.95692913 -0.28281983 0.06557128
vn 0.96754921 -0.25088183 0.03011375
vn 0.89722875 -0.22192371 -0.38174655
vn 0.97373363 -0.21647121 0.07059067
vn 0.90366522 -0.19467992 -0.38143007
vn 0.98575421 -0.16011392 0.05149920
vn 0.92318957 -0.06752805 -0.37836619
vn 0.92548943 -0.00198084 -0.37876826
vn 0.99999671 -0.00245566 -0.00074402
vn 0.90966772 -0.16472207 -0.38127585
vn 0.91616922 -0.12674458 -0.38022332
vn 0.99164187 -0.12190279 0.04226247
vn 0.99595703 -0.06112365 0.06582922
vn 0.99950722 -0.00014463 0.03138938
vn -0.18330638 -0.24193758 0.95281949
vn -0.35932768 -0.47245411 0.80477992
vn -0.34793914 -0.47779134 0.80663113
vn -0.16325958 -0.25530774 0.95297653
vn -0.32907967 -0.50622546 0.79714638
vn -0.29908004 -0.50919641 0.80701310
vn -0.14370233 -0.26389924 0.95378553
vn -0.28617919 -0.54072580 0.79102281
vn -0.13012281 -0.26975604 0.95409629
vn -0.26660084 -0.53407944 0.80229866
vn -0.11778464 -0.27618478 0.95385992
vn -0.24328868 -0.55907643 0.79261855
vn -0.21465949 -0.54714382 0.80904570
vn -0.10290575 -0.28029262 0.95438276
vn -0.20203582 -0.56937531 0.79686466
vn -0.08998627 -0.28558230 0.95412013
vn -0.19361070 -0.57687943 0.79355215
vn -0.16020586 -0.56937652 0.80631536
vn -0.06956319 -0.29311280 0.95354384
vn -0.14220938 -0.58285284 0.80003691
vn -0.10733492 -0.60062233 0.79229542
vn -0.04913344 -0.29523472 0.95416055
vn -0.08224955 -0.58198234 0.80903125
vn -0.03443476 -0.29614932 0.95452073
vn -0.06458540 -0.60486209 0.79370686
vn -0.02036693 -0.29852658 0.95418398
vn -0.00408945 -0.60360725 0.79727133
vn 0.00101186 -0.30140527 0.95349559
vn -0.02536719 -0.59073163 0.80646925
vn -0.05127370 -0.59498656 0.80209850
vn 0.29974840 -0.18733297 -0.93544495
vn 0.31695586 -0.17542979 -0.93207477
vn 0.32617946 -0.16768545 -0.93031637
vn 0.33712761 -0.15619607 -0.92841142
vn 0.38782527 0.00187855 -0.92173100
vn 0.38851675 -0.01629317 -0.92129760
vn 0.38749802 -0.03926646 -0.92103389
vn 0.38267235 -0.06053013 -0.92189911
vn 0.37776740 -0.07932925 -0.92249589
vn 0.37406787 -0.09167307 -0.92285929
vn 0.37182758 -0.10471919 -0.92237636
vn 0.36273884 -0.12455518 -0.92352939
vn 0.35124689 -0.14830548 -0.92446260
vn -0.66311913 -0.00216218 0.74851075
vn -0.67470846 -0.00005116 0.73808434
vn -0.68474175 -0.01784538 0.72856728
vn -0.20368678 -0.22873332 0.95194158
vn -0.37929938 -0.47149985 0.79612805
vn -0.40733527 -0.44341650 0.79841079
vn -0.22998145 -0.21080284 0.95008983
vn -0.45474647 -0.44984545 0.76866425
vn -0.47401533 -0.38682304 0.79099773
vn -0.25656510 -0.18718983 0.94822693
vn -0.51527847 -0.37863990 0.76884324
vn -0.28871425 -0.15971899 0.94399890
vn -0.52954176 -0.32613033 0.78308654
vn -0.31899892 -0.12627092 0.93930578
vn -0.56933273 -0.27772417 0.77377615
vn -0.33253378 -0.09810608 0.93797467
vn -0.61627378 -0.23075110 0.75296783
vn -0.33830393 -0.07880308 0.93773158
vn -0.63752854 -0.16642852 0.75223594
vn -0.34450401 -0.06218938 0.93672273
vn -0.65208502 -0.14430333 0.74428602
vn -0.67253366 -0.11937371 0.73037551
vn -0.35079787 -0.04511161 0.93536399
vn -0.66926760 -0.09645254 0.73673454
vn -0.70785327 -0.08473520 0.70125865
vn -0.35390777 -0.03081787 0.93477246
vn -0.69416131 -0.07287906 0.71612060
vn -0.67669080 -0.05363195 0.73431136
vn -0.35617683 -0.01855723 0.93423428
vn -0.71097172 -0.04131744 0.70200575
vn -0.35714507 -0.00879611 0.93400751
vn -0.35666004 -0.00090308 0.93423381
vn 0.02182916 -0.29869498 0.95409894
vn 0.06297992 -0.58881670 0.80580917
vn 0.03779985 -0.29703841 0.95411705
vn 0.05296590 -0.29524757 0.95395151
vn 0.10767626 -0.58795559 0.80169448
vn 0.12632453 -0.59981004 0.79010760
vn 0.06846774 -0.29113453 0.95422893
vn 0.14296949 -0.57140445 0.80811922
vn 0.08420238 -0.28782331 0.95397469
vn 0.17116877 -0.58838984 0.79025227
vn 0.10005351 -0.28367208 0.95368729
vn 0.18181658 -0.56858704 0.80227895
vn 0.11397138 -0.27885799 0.95354536
vn 0.21572703 -0.55627598 0.80250787
vn 0.24320154 -0.54090058 0.80515810
vn 0.12913084 -0.27137807 0.95377103
vn 0.27577994 -0.52716007 0.80377092
vn 0.14342590 -0.26487997 0.95355525
vn 0.30125504 -0.53467763 0.78953482
vn 0.15748024 -0.25663294 0.95359295
vn 0.30900538 -0.50456579 0.80618177
vn 0.17088111 -0.24893034 0.95332751
vn 0.41894543 -0.42215825 0.80390742
vn 0.21824049 -0.21708531 0.95144367
vn 0.39520920 -0.44455208 0.80385517
vn 0.19684411 -0.23032585 0.95299654
vn 0.37966805 -0.47493261 0.79390881
vn 0.18419536 -0.23938573 0.95329247
vn 0.34802260 -0.49580219 0.79565096
vn 0.34257792 -0.51378892 0.78655026
vn 0.52599692 -0.33684932 0.78093520
vn 0.54107683 -0.28032028 0.79287855
vn 0.27484096 -0.14871070 0.94991977
vn 0.44341496 -0.41219949 0.79591127
vn 0.45396426 -0.39124363 0.80052787
vn 0.23309408 -0.19846210 0.95198737
vn 0.49208139 -0.38340621 0.78157251
vn 0.24338121 -0.18672129 0.95178818
vn 0.49056471 -0.35049162 0.79781068
vn 0.25502951 -0.17426637 0.95109999
vn 0.26522700 -0.16155344 0.95055517
vn 0.61608156 -0.00611353 0.78765864
vn 0.31867454 -0.00014557 0.94786419
vn 0.63710604 -0.04118483 0.76967507
vn 0.31531653 -0.02323248 0.94870213
vn 0.61744775 -0.06128295 0.78422107
vn 0.31338266 -0.03959632 0.94880105
vn 0.61069703 -0.09759764 0.78582685
vn 0.31120443 -0.05636621 0.94866994
vn 0.60842464 -0.12923266 0.78301876
vn 0.30737131 -0.07235680 0.94883475
vn 0.60773616 -0.17407310 0.77482599
vn 0.30309511 -0.08848810 0.94884309
vn 0.58165536 -0.19789701 0.78899544
vn 0.29704308 -0.10392290 0.94919199
vn 0.58455312 -0.23223627 0.77740849
vn 0.29138891 -0.12017004 0.94902669
vn 0.28390377 -0.13384809 0.94946476
vn 0.93985250 0.34157405 -0.00210781
vn 0.91311739 0.40769461 0.00132006
vn 0.87858802 0.47758045 -0.00002302
vn 0.83207999 0.55465522 0.00068419
vn 0.76497274 0.64406138 0.00127802
vn 0.59687031 0.80233640 -0.00146022
vn 0.58977739 0.80756579 0.00034628
vn 0.60228784 0.79827869 -0.00070449
vn 0.60369871 0.79721255 -0.00008447
vn 0.68423425 0.72926154 0.00104464
vn 0.61669654 0.64112869 -0.45677060
vn 0.56648012 0.68441753 -0.45899120
vn 0.60361113 0.79727777 -0.00132608
vn 0.67597726 0.73689983 -0.00577809
vn 0.60554375 0.79581195 -0.00033146
vn 0.60518130 0.79608732 0.00075513
vn 0.53210216 0.70908572 -0.46267131
vn 0.66274320 0.59488817 -0.45484009
vn 0.70335573 0.54991082 -0.45043180
vn 0.74041762 0.50281427 -0.44604883
vn 0.84338082 0.32444216 -0.42830606
vn 0.82085505 0.37061106 -0.43456234
vn 0.80117541 0.41022258 -0.43570105
vn 0.77372337 0.45644547 -0.43932866
vn 0.96266273 0.27068367 0.00328856
vn 0.86298898 0.28198459 -0.41920724
vn 0.87763463 0.23223890 -0.41931199
vn -0.84672585 0.28466689 -0.44946646
vn -0.86476649 0.32272705 0.38474169
vn -0.84555189 0.36524125 0.38941087
vn -0.89335187 0.03144151 -0.44825647
vn -0.89276290 0.00191689 -0.45052273
vn -0.92484964 0.01012679 0.38019809
vn -0.89077448 0.07452031 -0.44829405
vn -0.92374033 0.05357325 0.37925414
vn -0.91860484 0.10595054 0.38070938
vn -0.88450601 0.12503841 -0.44946025
vn -0.91365161 0.14118122 0.38119365
vn -0.87849460 0.16184595 -0.44950319
vn -0.90891639 0.17107890 0.38026703
vn -0.89937808 0.21614740 0.37999917
vn -0.87733768 0.28653396 0.38493751
vn -0.85636740 0.25204783 -0.45067369
vn -0.88583420 0.25991638 0.38437124
vn -0.86496498 0.22290319 -0.44961067
vn -0.87349241 0.18799304 -0.44907641
vn -0.76510014 0.49476929 0.41209843
vn -0.77131753 0.44603717 -0.45400452
vn -0.79174372 0.45404774 0.40863496
vn -0.79306858 0.40782207 -0.45246369
vn -0.81762918 0.41474857 0.39933214
vn -0.81320959 0.36723981 -0.45146992
vn -0.83306552 0.32363470 -0.44862281
vn -0.71918394 0.52333863 -0.45704610
vn -0.73883614 0.49613041 -0.45604362
vn -0.75459565 0.47201853 -0.45583320
vn -0.74912601 0.51474083 0.41695575
vn -0.73758495 0.51657077 0.43488283
vn -0.69897409 0.54859453 -0.45878018
vn -0.73870804 0.50593150 0.44535800
vn -0.67726131 0.57562546 -0.45822750
vn -0.65329336 0.60162973 -0.45961882
vn -0.74851337 0.49198763 0.44460759
vn -0.76176961 0.48046148 0.43458467
vn -0.63237180 0.62242356 -0.46118849
vn -0.77746561 0.47506975 0.41213585
vn -0.60732458 0.64716706 -0.46079458
vn -0.79318411 0.47384780 0.38252743
vn -0.80794192 0.47540693 0.34816389
vn -0.57014846 0.67973207 -0.46140551
vn -0.82211321 0.47625318 0.31194998
vn -0.83301950 0.47768711 0.27909414
vn -0.53038206 0.71113733 -0.46149602
vn -0.85791436 0.45295430 0.24251877
vn -0.87054911 0.44914329 0.20103370
vn -0.88220101 0.44154482 0.16358345
vn -0.88469133 0.44460630 0.14016596
vn 0.34374821 0.45235881 -0.82292690
vn 0.18465043 0.24040560 -0.95294772
vn 0.16734052 0.25258962 -0.95299299
vn 0.50596524 0.72743347 -0.46350806
vn 0.47376141 0.74933471 -0.46265282
vn 0.43420485 0.77224894 -0.46378629
vn 0.15164159 0.25968078 -0.95371417
vn 0.40547317 0.78719133 -0.46467334
vn 0.14057427 0.26402471 -0.95421687
vn 0.37557106 0.80239727 -0.46379414
vn 0.12959665 0.27117178 -0.95376652
vn 0.33950214 0.81815506 -0.46406960
vn 0.11380746 0.27814034 -0.95377451
vn 0.31014344 0.82917091 -0.46506629
vn 0.09946587 0.28064862 -0.95464281
vn 0.29023287 0.83601179 -0.46567068
vn 0.27668214 0.84032579 -0.46615402
vn 0.09020793 0.28403256 -0.95456170
vn 0.25491630 0.84807817 -0.46452244
vn 0.07915197 0.28743255 -0.95452475
vn 0.22440480 0.85632185 -0.46514016
vn 0.19875599 0.86245984 -0.46546653
vn 0.06908663 0.28960911 -0.95464842
vn 0.16824289 0.86924171 -0.46487975
vn 0.05912605 0.29275459 -0.95435783
vn 0.13889814 0.87396195 -0.46572290
vn 0.04821496 0.29358052 -0.95471765
vn 0.11911450 0.87664031 -0.46616897
vn 0.03727322 0.29621052 -0.95439512
vn 0.09953076 0.87932348 -0.46570790
vn 0.02116654 0.29913570 -0.95397579
vn 0.06456207 0.88346425 -0.46402872
vn 0.02472010 0.88496984 -0.46499172
vn 0.00628688 0.29732088 -0.95475692
vn 0.00548014 0.88439164 -0.46671339
vn -0.00415182 0.29785309 -0.95460269
vn -0.00243659 0.88412189 -0.46724999
vn -0.88518241 0.46524413 -0.00000298
vn -0.88723978 0.46033532 0.02994936
vn -0.55733974 0.83006830 0.01894834
vn -0.88537033 0.45818132 0.07867179
vn -0.47787697 0.74648167 -0.46303209
vn -0.88544413 0.45069531 0.11341270
vn -0.49995822 0.73196246 -0.46289604
vn -0.88814435 0.45634217 0.05432708
vn -0.88781126 0.45933187 0.02837936
vn -0.88350378 0.46839640 0.00508758
vn -0.49395235 0.86929003 0.01859913
vn -0.44806590 0.76470122 -0.46310796
vn -0.53267812 0.84606359 0.02074663
vn -0.28274799 0.95896144 0.02113120
vn -0.25304416 0.96727731 0.01852704
vn -0.25453253 0.84893394 -0.46316773
vn -0.20893939 0.86094847 -0.46380176
vn -0.31692204 0.94823380 0.02032426
vn -0.29020768 0.83652816 -0.46475816
vn -0.35078388 0.93625903 0.01922734
vn -0.31166226 0.82863639 -0.46500363
vn -0.38168628 0.92405347 0.02099440
vn -0.33280130 0.82070158 -0.46442675
vn -0.41363530 0.91025545 0.01846210
vn -0.35770889 0.81053219 -0.46376925
vn -0.43714729 0.89915739 0.02045066
vn -0.38510229 0.79777254 -0.46395602
vn -0.45803499 0.88866481 0.02188145
vn -0.40325940 0.78822495 -0.46484759
vn -0.42000205 0.78002833 -0.46384705
vn -0.12072438 0.99244959 0.02166633
vn -0.12091143 0.87693457 -0.46515179
vn -0.14806206 0.98876959 0.02030593
vn -0.14996541 0.87246570 -0.46509566
vn -0.17768158 0.98391209 0.01860811
vn -0.17549664 0.86753010 -0.46539494
vn -0.20837408 0.97780531 0.02184085
vn -0.23161312 0.97258852 0.02066241
vn -0.08674576 0.99606553 0.01812812
vn -0.04149978 0.99894482 0.01967274
vn -0.02123591 0.88538484 -0.46437347
vn -0.00133215 0.99982718 0.01854289
vn -0.05307488 0.88400178 -0.46446088
vn -0.08083084 0.88109902 -0.46597305
vn -0.09849024 0.87922618 -0.46611265
vn 0.30549782 0.95197417 0.02040244
vn 0.26727798 0.96343463 0.01887299
vn 0.23272497 0.97233092 0.02028978
vn 0.20324729 0.97889540 0.02131504
vn 0.17056905 0.98516958 0.01863039
vn 0.14226756 0.98958978 0.02172593
vn 0.11848861 0.99271173 0.02199700
vn 0.07675567 0.99687243 0.01881282
vn 0.03303472 0.99924426 0.02048454
vn 0.47658548 0.87890566 0.01977681
vn 0.45599634 0.88971463 0.02179953
vn 0.42113512 0.90680604 0.01865531
vn 0.37860920 0.92532442 0.02073161
vn 0.35340071 0.93526468 0.01969570
vn 0.33501564 0.94202888 0.01860373
vn 0.55796313 0.82965272 0.01880206
vn 0.52857239 0.84863352 0.02079363
vn 0.49820083 0.86686353 0.01853505
vn 0.88775397 0.45944031 0.02841640
vn 0.21676341 0.21613850 -0.95199673
vn 0.20098363 0.22911461 -0.95242431
vn 0.27173985 0.16563595 -0.94800959
vn 0.25896005 0.18472685 -0.94805890
vn 0.23728447 0.20259849 -0.95007891
vn 0.29253719 0.14792564 -0.94474335
vn 0.31010563 0.12295319 -0.94271788
vn 0.32505374 0.10071364 -0.94031741
vn 0.33644566 0.08172804 -0.93814969
vn 0.89439472 0.19529877 -0.40238847
vn 0.34382166 0.06289029 -0.93692661
vn 0.91167892 0.17462344 -0.37195189
vn 0.89579263 0.15968738 -0.41479573
vn 0.34867396 0.04803880 -0.93601215
vn 0.90005968 0.13230291 -0.41519696
vn 0.90436838 0.10385203 -0.41392340
vn 0.35223288 0.03540817 -0.93524235
vn 0.90840835 0.07418915 -0.41144894
vn 0.35478449 0.02304896 -0.93466396
vn 0.91166906 0.04719595 -0.40820591
vn 0.35645715 0.01103985 -0.93424645
vn 0.91242773 -0.00449912 -0.40921314
vn 0.35755158 -0.00096146 -0.93389290
vn 0.91457830 0.02023350 -0.40390239
vn 0.91906866 0.04054619 -0.39200613
vn -0.59180949 -0.00735978 -0.80604427
vn -0.31474768 -0.00035956 -0.94917531
vn -0.31574420 0.01334745 -0.94875047
vn -0.31599076 0.03071426 -0.94826498
vn -0.31253353 0.04737098 -0.94872482
vn -0.30888157 0.05897206 -0.94927049
vn -0.30722830 0.07085858 -0.94899412
vn -0.30382812 0.08753616 -0.94869695
vn -0.29788200 0.10471333 -0.94884215
vn -0.29125630 0.11597128 -0.94958961
vn -0.28619657 0.12665551 -0.94976308
vn -0.27937139 0.13795802 -0.95022061
vn -0.27322608 0.14676770 -0.95068752
vn -0.26824005 0.15783645 -0.95033411
vn -0.25782386 0.17269721 -0.95063270
vn -0.24579533 0.18478498 -0.95154567
vn -0.23667300 0.19260052 -0.95230821
vn -0.22971194 0.20142177 -0.95218785
vn -0.22029441 0.20905947 -0.95276677
vn -0.21217721 0.21605791 -0.95304764
vn -0.20369161 0.22554904 -0.95270004
vn -0.19329092 0.23114975 -0.95352421
vn -0.18576903 0.23761982 -0.95342891
vn -0.17707508 0.24474321 -0.95328127
vn -0.16662467 0.24953410 -0.95392293
vn -0.15764405 0.25673622 -0.95353808
vn -0.14730210 0.26171478 -0.95383828
vn -0.13794651 0.26556617 -0.95417261
vn -0.12712401 0.27196538 -0.95387333
vn -0.11519797 0.27538884 -0.95440579
vn -0.10588124 0.27946172 -0.95430095
vn -0.09422203 0.28366864 -0.95428209
vn -0.08360269 0.28605567 -0.95455892
vn -0.07244664 0.29047941 -0.95413479
vn -0.05592486 0.29473690 -0.95394055
vn -0.03947271 0.29626551 -0.95428961
vn -0.01627861 0.29804552 -0.95441284
vn -0.02733449 0.29619157 -0.95473734
vn -0.71808132 0.51234870 0.47101807
vn -0.85249053 0.09440301 0.51414781
vn -0.86086547 0.09463230 0.49995536
vn -0.83541976 -0.01322482 0.54945330
vn -0.98122808 -0.03188591 0.19019661
vn -0.97021961 -0.00961601 0.24203602
vn -0.97444565 -0.01455258 0.22415150
vn -0.97840236 -0.01066215 0.20643433
vn -0.97948782 -0.03106772 0.19909397
vn -0.96139330 0.01044956 0.27497952
vn -0.96467861 -0.00009840 0.26342964
vn -0.96669311 -0.00436430 0.25590114
vn -0.92879133 0.03666699 0.36878476
vn -0.93727340 0.04712603 0.34539502
vn -0.93865043 0.03468546 0.34312140
vn -0.94380388 0.03388552 0.32876435
vn -0.94585123 0.02142506 0.32389261
vn -0.95222072 0.01469537 0.30505694
vn -0.95409338 0.01204867 0.29926684
vn -0.95945176 0.01461446 0.28149376
vn -0.90439289 0.05471981 0.42317756
vn -0.91406338 0.06241224 0.40074038
vn -0.87895183 0.00336328 0.47689870
vn -0.91764378 0.04736620 0.39457108
vn -0.92076932 0.03645131 0.38840077
vn -0.86677088 0.05405843 0.49576802
vn -0.87591262 0.04384532 0.48047339
vn -0.88513899 0.05992677 0.46145179
vn -0.83478958 0.07456090 0.54549704
vn -0.77975391 0.02108962 0.62573083
vn -0.83140858 0.10351464 0.54593451
vn -0.82422897 0.12798153 0.55160433
vn -0.72374148 0.03966726 0.68893017
vn -0.80044187 0.14876987 0.58065509
vn -0.79049319 0.20529574 0.57703914
vn -0.65771637 0.07637067 0.74938421
vn -0.78074516 0.21272199 0.58752562
vn -0.59908641 0.13633955 0.78899113
vn -0.77402685 0.28185019 0.56695936
vn -0.77684544 0.26098004 0.57306245
vn -0.74670846 0.41698488 0.51821819
vn -0.75051136 0.38335373 0.53830532
vn -0.76383517 0.29668262 0.57317995
vn -0.51896144 0.35806888 0.77618664
vn -0.73747007 0.47762847 0.47750281
vn -0.74328430 0.45753427 0.48804799
vn 0.92840300 0.00060491 0.37157435
vn 0.88524737 -0.00007040 0.46512052
vn 0.88962619 -0.03512867 0.45533637
vn -0.40266504 -0.51751188 0.75501147
vn -0.42235482 -0.56755908 0.70674825
vn -0.38850911 -0.53452323 0.75056351
vn -0.57132725 -0.72885762 0.37729531
vn -0.57279207 -0.76107369 0.30442747
vn -0.54810586 -0.75356548 0.36293116
vn 0.64364539 -0.75493288 0.12568591
vn 0.58346156 -0.80265404 0.12377037
vn 0.52500848 -0.84248785 0.12074900
vn 0.55797838 -0.82650675 0.07447627
vn 0.45347614 -0.88103851 0.13464970
vn 0.48152591 -0.87496392 0.05070447
vn 0.50669687 -0.86049765 0.05293473
vn 0.38836066 -0.91435452 0.11459411
vn 0.41875161 -0.90513145 0.07337680
vn 0.45080315 -0.89203599 0.03237753
vn 0.31249377 -0.94058499 0.13284400
vn 0.34862387 -0.93388563 0.07949231
vn 0.36939694 -0.92733832 0.05991276
vn 0.22999602 -0.97241413 0.03889194
vn 0.24683234 -0.96849597 0.03300540
vn 0.24143763 -0.96069868 0.13698875
vn 0.27497733 -0.95894203 0.06940926
vn 0.31230967 -0.94942190 0.03256889
vn 0.20504793 -0.97574126 0.07670951
vn 0.17079076 -0.97729407 0.12540659
vn 0.15624531 -0.98684311 0.04157017
vn 0.12732087 -0.98886488 0.07704309
vn 0.08684977 -0.98934454 0.11685248
vn 0.10244454 -0.99376912 0.04390956
vn 0.05253436 -0.99566625 0.07673897
vn 0.01746937 -0.99211966 0.12407014
vn 0.01053904 -0.99933531 0.03489795
vn -0.16260227 -0.98529144 0.05254791
vn -0.11642867 -0.99145704 0.05879890
vn -0.13786753 -0.98175669 0.13094408
vn -0.09453315 -0.99235952 0.07928473
vn -0.06458660 -0.99087399 0.11831025
vn -0.03847389 -0.99734313 0.06185830
vn -0.01474673 -0.99808457 0.06008104
vn -0.18733188 -0.98076660 0.05480545
vn -0.21229382 -0.96768680 0.13606463
vn -0.21705965 -0.97560435 0.03288252
vn -0.28521691 -0.95184297 0.11245566
vn -0.25837132 -0.96295700 0.07718858
vn -0.23942007 -0.96890536 0.06245354
vn -0.36132887 -0.92294241 0.13273566
vn -0.33648398 -0.94000794 0.05624595
vn -0.31500960 -0.94619124 0.07410182
vn -0.42915556 -0.89328579 0.13366380
vn -0.40140826 -0.91335443 0.06822830
vn -0.37113181 -0.92802025 0.03224266
vn -0.58245092 -0.80449216 0.11637565
vn -0.54670965 -0.83561337 0.05346823
vn -0.56222081 -0.81957719 0.11045806
vn -0.51521242 -0.85582427 0.04605411
vn -0.49347764 -0.86116254 0.12197904
vn -0.46496436 -0.88226417 0.07360759
vn -0.43445138 -0.90012666 0.03199997
vn -0.60316124 -0.77918319 0.17049948
vn -0.61362597 -0.78281020 0.10330234
vn -0.54553291 -0.69608934 0.46674776
vn -0.37066158 -0.54280584 0.75363905
vn -0.33282850 -0.57425333 0.74796945
vn -0.28194069 -0.59136061 0.75551445
vn -0.24080847 -0.61819333 0.74823011
vn -0.13856365 -0.64175281 0.75429002
vn -0.19067162 -0.63418213 0.74930459
vn -0.09231824 -0.65661612 0.74855368
vn -0.04088595 -0.66011475 0.75005124
vn 0.10286027 -0.63477506 0.76582008
vn 0.05424531 -0.65100614 0.75713173
vn 0.01752674 -0.64573168 0.76336322
vn 0.16086214 -0.64270130 0.74903833
vn 0.20904325 -0.61014655 0.76421339
vn 0.29306517 -0.58105652 0.75926683
vn 0.25941153 -0.61180653 0.74726062
vn 0.34857664 -0.56607572 0.74702919
vn 0.38491986 -0.52017558 0.76240020
vn 0.46772860 -0.46908182 0.74912762
vn 0.43728058 -0.50381717 0.74495232
vn 0.51183273 -0.43358814 0.74163912
vn 0.54898380 -0.39105458 0.73871043
vn 0.56118564 -0.33298699 0.75775348
vn 0.64748725 -0.21973050 0.72971143
vn 0.60599974 -0.26146032 0.75126748
vn 0.60493497 -0.30400347 0.73595895
vn 0.66828121 -0.07723155 0.73988885
vn 0.67567274 -0.12281940 0.72689872
vn 0.64447440 -0.16295132 0.74706065
vn 0.68959180 0.00169047 0.72419630
vn 0.66697937 -0.02687062 0.74459149
vn 0.99005806 -0.00101991 0.14065561
vn 0.99455888 -0.03563576 0.09789144
vn 0.98783972 -0.10147599 0.11779354
vn 0.97636272 -0.18298953 0.11502462
vn 0.95982210 -0.24949005 0.12843773
vn 0.94146716 -0.31515947 0.11964152
vn 0.91440315 -0.38752124 0.11702208
vn 0.88721892 -0.44811312 0.10971427
vn 0.85079035 -0.50905003 0.13047543
vn 0.80873329 -0.57307437 0.13242445
vn 0.76022786 -0.63582459 0.13334424
vn 0.71096252 -0.69264422 0.12155770
vn 0.81858224 -0.00104613 0.57438839
vn 0.83435436 -0.03194762 0.55030188
vn 0.88590693 -0.09433307 0.45416978
vn 0.82918054 -0.08829123 0.55196403
vn 0.87627013 -0.16052194 0.45429436
vn 0.82009707 -0.15021554 0.55215585
vn 0.86208102 -0.22423501 0.45446120
vn 0.80670385 -0.20985490 0.55243988
vn 0.84341677 -0.28548169 0.45513554
vn 0.78900710 -0.26718683 0.55324406
vn 0.82031841 -0.34419512 0.45673563
vn 0.76700187 -0.32206334 0.55496247
vn 0.79275449 -0.40111404 0.45896387
vn 0.74071722 -0.37510520 0.55734558
vn 0.76023909 -0.45728798 0.46143714
vn 0.70976757 -0.42729458 0.56004405
vn 0.72226964 -0.51286978 0.46399478
vn 0.67376057 -0.47880679 0.56284168
vn 0.67845598 -0.56756404 0.46644244
vn 0.63240450 -0.52940665 0.56550255
vn 0.62911533 -0.62021984 0.46855229
vn 0.58604319 -0.57808239 0.56778000
vn 0.57606760 -0.66868474 0.47011365
vn 0.53636713 -0.62288534 0.56949465
vn 0.52080280 -0.71189154 0.47114209
vn 0.48474250 -0.66285117 0.57066018
vn 0.46356044 -0.75003806 0.47175697
vn 0.43136642 -0.69816680 0.57138965
vn 0.40445106 -0.78332443 0.47204044
vn 0.37630673 -0.72900619 0.57178948
vn 0.34317654 -0.81201368 0.47208436
vn 0.31925095 -0.75559652 0.57197267
vn 0.27952381 -0.83603438 0.47213659
vn 0.25999094 -0.77783952 0.57216290
vn 0.21423100 -0.85506008 0.47220477
vn 0.19924605 -0.79545333 0.57232422
vn 0.14792085 -0.86905503 0.47208345
vn 0.13756895 -0.80842939 0.57229075
vn 0.08103006 -0.87789531 0.47194698
vn 0.07558671 -0.81660934 0.57222009
vn 0.01310438 -0.88311919 0.46896563
vn 0.01226096 -0.82178280 0.56966894
vn -0.05557754 -0.88039794 0.47096773
vn -0.05186813 -0.81903908 0.57138839
vn -0.12265410 -0.87355727 0.47101346
vn -0.11406342 -0.81271135 0.57139286
vn -0.18920713 -0.86192292 0.47041423
vn -0.17597074 -0.80199794 0.57081836
vn -0.25487995 -0.84515224 0.46984455
vn -0.23715856 -0.78650764 0.57022938
vn -0.31936448 -0.82317987 0.46944780
vn -0.29724650 -0.76616356 0.56977006
vn -0.38199381 -0.79648578 0.46871221
vn -0.35562984 -0.74145788 0.56900582
vn -0.44225504 -0.76520068 0.46784441
vn -0.41188067 -0.71246927 0.56810373
vn -0.49306316 -0.73370679 0.46750729
vn -0.45926828 -0.68318693 0.56773961
vn -0.52314285 -0.71345168 0.46616335
vn -0.48385829 -0.66841410 0.56489269
vn -0.51539262 -0.65817251 0.54879814
vn -0.48318257 -0.62987037 0.60811012
vn 0.75873219 0.00143878 0.65140110
vn 0.76429259 -0.03199149 0.64407560
vn 0.76035989 -0.08096837 0.64443538
vn 0.75197317 -0.13774090 0.64464237
vn 0.73954866 -0.19244301 0.64500657
vn 0.72305129 -0.24502347 0.64587950
vn 0.70246924 -0.29527411 0.64757252
vn 0.67782537 -0.34367346 0.64995486
vn 0.64884568 -0.39110228 0.65271609
vn 0.61527250 -0.43775254 0.65560084
vn 0.57693984 -0.48346545 0.65833242
vn 0.53422321 -0.52739922 0.66064788
vn 0.48864975 -0.56784442 0.66240028
vn 0.44142253 -0.60394056 0.66362788
vn 0.39269248 -0.63586047 0.66443516
vn 0.34248300 -0.66374578 0.66494130
vn 0.29047341 -0.68777201 0.66527803
vn 0.23648403 -0.70783152 0.66561990
vn 0.18120572 -0.72371607 0.66588253
vn 0.12509683 -0.73542273 0.66596110
vn 0.06896877 -0.74278386 0.66596955
vn 0.01120152 -0.74746775 0.66420365
vn -0.04732684 -0.74497203 0.66541479
vn -0.10369117 -0.73926107 0.66538801
vn -0.15998274 -0.72958185 0.66491793
vn -0.21571888 -0.71557289 0.66439507
vn -0.27047000 -0.69717114 0.66392649
vn -0.32368897 -0.67481981 0.66320712
vn -0.37503549 -0.64856007 0.66235807
vn -0.41825832 -0.62194631 0.66199907
vn -0.43922438 -0.60457944 0.66450405
vn -0.45829259 -0.59040924 0.66436799
vn 0.97147226 -0.00103437 0.23715094
vn 0.95222189 0.00002712 0.30540707
vn 0.97023583 -0.04085639 0.23869056
vn 0.93574165 -0.03978306 0.35043525
vn 0.96544961 -0.10284757 0.23943564
vn 0.93134663 -0.09918628 0.35036487
vn 0.95501370 -0.17503970 0.23939493
vn 0.92126312 -0.16880200 0.35039997
vn 0.93965607 -0.24445730 0.23934722
vn 0.90642238 -0.23577662 0.35043952
vn 0.91964119 -0.31117499 0.23964603
vn 0.88699042 -0.30015329 0.35093588
vn 0.89512618 -0.37529614 0.24062819
vn 0.86306642 -0.36195298 0.35228736
vn 0.86591939 -0.43773879 0.24200900
vn 0.83454114 -0.42201525 0.35418106
vn 0.83132279 -0.49960187 0.24351672
vn 0.80081858 -0.48142461 0.35625826
vn 0.79069959 -0.56099867 0.24510131
vn 0.76131524 -0.54031150 0.35841679
vn 0.74352736 -0.62155814 0.24664255
vn 0.71556648 -0.59833737 0.36049551
vn 0.69007658 -0.67992486 0.24798489
vn 0.66386517 -0.65423670 0.36229458
vn 0.63232690 -0.73362614 0.24890837
vn 0.60812494 -0.70567974 0.36359339
vn 0.57193992 -0.78144357 0.24946078
vn 0.54993451 -0.75151400 0.36441563
vn 0.50922495 -0.82359640 0.24975772
vn 0.48957315 -0.79194789 0.36487899
vn 0.44434272 -0.86030582 0.24986684
vn 0.42717848 -0.82719252 0.36506312
vn 0.37704451 -0.89188345 0.24976260
vn 0.36248081 -0.85754448 0.36500016
vn 0.30714926 -0.91832933 0.24966091
vn 0.29527274 -0.88296156 0.36495602
vn 0.23541659 -0.93929173 0.24961986
vn 0.22630946 -0.90310292 0.36495089
vn 0.16254504 -0.95464879 0.24944897
vn 0.15626006 -0.91788935 0.36477656
vn 0.08866292 -0.96435643 0.24931017
vn 0.08538612 -0.92723491 0.36461574
vn 0.01421353 -0.96893716 0.24689828
vn 0.01375235 -0.93220805 0.36166149
vn -0.06070019 -0.96672309 0.24851954
vn -0.05851817 -0.92969798 0.36364444
vn -0.13473932 -0.95918736 0.24860596
vn -0.12955524 -0.92245437 0.36372156
vn -0.20783468 -0.94614558 0.24822023
vn -0.19984071 -0.91003000 0.36319291
vn -0.27978784 -0.92750931 0.24788152
vn -0.26910159 -0.89220351 0.36270819
vn -0.35043991 -0.90323265 0.24771485
vn -0.33710833 -0.86891455 0.36241616
vn -0.41900187 -0.87367612 0.24723969
vn -0.40313038 -0.84059552 0.36178041
vn -0.48481930 -0.83910213 0.24669386
vn -0.46657850 -0.80744110 0.36103100
vn -0.54038711 -0.80448065 0.24656166
vn -0.52011176 -0.77416083 0.36077521
vn -0.57143023 -0.78217912 0.24832100
vn -0.59524150 -0.76542669 0.24455988
vn -0.71246070 0.69466494 -0.09919867
vn -0.70053124 0.71269516 -0.03635379
vn -0.70631102 0.70786046 -0.00763626
vn -0.88868466 -0.45851867 0.00044903
vn -0.67590568 -0.22098155 0.70307799
vn -0.66178832 -0.73894209 0.12649433
vn -0.59192387 -0.37165751 0.71519006
vn -0.46053445 -0.49601598 0.73612239
vn -0.53078069 -0.43833521 0.72535102
vn -0.59033215 -0.49201421 0.63986715
vn -0.96935135 -0.23907397 0.05658268
vn -0.94072380 -0.32415410 0.09981413
vn -0.88911048 -0.30253200 0.34344860
vn -0.92322074 -0.30372338 0.23540514
vn -0.88228850 -0.36020189 0.30302079
vn -0.92273001 -0.36893205 0.11161749
vn -0.89858730 -0.22789334 0.37497399
vn -0.91800123 -0.23310705 0.32083462
vn -0.93560150 -0.23786801 0.26089967
vn -0.94962785 -0.24171420 0.19945224
vn -0.96083125 -0.24491354 0.12969448
vn -0.87157037 -0.22109955 0.43758437
vn -0.85060693 -0.29480641 0.43538148
vn -0.82923339 -0.20932629 0.51822243
vn -0.80411686 -0.27726311 0.52585287
vn -0.78995002 -0.19823438 0.58024313
vn -0.74704286 -0.25699055 0.61309284
vn -0.63819611 -0.30636289 0.70629137
vn -0.70893264 -0.33840040 0.61878888
vn -0.76440978 -0.36588285 0.53085537
vn -0.80906284 -0.38913066 0.44044824
vn -0.83871110 -0.41476800 0.35288979
vn -0.62753918 -0.68746034 0.36550356
vn -0.60259317 -0.65156664 0.46080624
vn -0.68362793 -0.57002242 0.45577110
vn -0.56448355 -0.60929062 0.55688711
vn -0.64183401 -0.53464809 0.54972768
vn -0.51715855 -0.55791209 0.64906173
vn -0.70926901 -0.45200419 0.54095257
vn -0.65519699 -0.41720677 0.62980585
vn -0.69222117 -0.64962256 0.31435708
vn -0.64300322 -0.72320501 0.25203447
vn -0.71158825 -0.68955600 0.13473932
vn -0.79900236 -0.56975141 0.19229810
vn -0.83419100 -0.53304839 0.14136759
vn -0.81438884 -0.52350706 0.25042198
vn -0.74238888 -0.61663972 0.26194314
vn -0.75955241 -0.63665123 0.13324920
vn -0.78754956 -0.50470456 0.35360855
vn -0.71657760 -0.59861051 0.35802513
vn -0.75308280 -0.48091534 0.44898411
vn -0.69086564 -0.17509168 0.70146103
vn -0.73679518 -0.18376851 0.65066274
vn -0.76310750 -0.19123500 0.61732983
vn -0.86408661 -0.43841387 0.24728041
vn -0.88244793 -0.45120401 0.13304360
vn -0.40065508 -0.91622735 -0.00171734
vn -0.35407074 -0.93521638 -0.00205905
vn -0.46366285 -0.88601089 -0.00120551
vn -0.52576774 -0.85062797 -0.00058497
vn -0.56570820 -0.82460526 -0.00062773
vn -0.88911204 -0.45768962 -0.00000490
vn -0.23861246 -0.97111291 -0.00195342
vn -0.30710955 -0.95167246 -0.00180302
vn 0.00008065 -0.99999678 -0.00253554
vn -0.07056886 -0.99750366 -0.00254746
vn -0.12039802 -0.99272214 -0.00265855
vn -0.17011240 -0.98542249 -0.00206891
vn 0.07047486 -0.99751083 -0.00233167
vn 0.12037916 -0.99272453 -0.00261924
vn 0.23881871 -0.97106143 -0.00230874
vn 0.17007263 -0.98542844 -0.00246666
vn 0.46355711 -0.88606567 -0.00155938
vn 0.40081630 -0.91615720 -0.00150851
vn 0.35427095 -0.93514121 -0.00173579
vn 0.30689084 -0.95174310 -0.00175379
vn 0.88910048 -0.45771207 -0.00000031
vn 0.56573358 -0.82458788 -0.00058409
vn 0.52555739 -0.85075781 -0.00076669
vn 0.92505665 0.01472011 0.37954382
vn 0.92412556 -0.00399676 0.38206803
vn 0.99999868 0.00159868 -0.00028456
vn 0.92343381 0.03016468 0.38257037
vn 0.91195069 0.15415438 0.38023987
vn 0.91571297 0.12369687 0.38232033
vn 0.91872358 0.09244725 0.38392773
vn 0.92109497 0.06697557 0.38353400
vn 0.92255265 0.04967923 0.38265987
vn 0.97379939 0.22732331 0.00623356
vn 0.97669705 0.21452744 0.00639073
vn 0.90200985 0.20423858 0.38034831
vn 0.91336189 0.16906866 0.37038608
vn 0.97610178 0.21731132 -0.00105060
vn -0.92303464 -0.00266174 0.38470764
vn -0.70128252 -0.00061385 -0.71288320
vn -0.91825417 0.03884316 0.39408182
vn -0.69603547 0.05743201 -0.71570678
vn -0.89857614 0.20205434 0.38953173
vn -0.90650539 0.17802045 0.38282725
vn -0.68913747 0.13683529 -0.71159374
vn -0.90203611 0.13575512 0.40975775
vn -0.91123741 0.10204826 0.39903952
vn -0.66771968 0.21639269 -0.71226724
vn -0.87893717 0.27927361 0.38662088
vn -0.87954057 0.24044265 0.41060410
vn -0.87882135 0.22813748 0.41907795
vn -0.63838986 0.29220184 -0.71209302
vn -0.83666972 0.37875366 0.39563803
vn -0.84383467 0.33722353 0.41740070
vn -0.86367105 0.30952017 0.39783110
vn -0.59997492 0.36166461 -0.71360270
vn -0.77394255 0.47833771 0.41497705
vn -0.79434078 0.43171836 0.42736633
vn -0.82229442 0.40179320 0.40298153
vn -0.80705395 0.59047769 0.00013671
vn -0.72935400 0.53548935 0.42578621
vn -0.74648390 0.50884526 0.42876367
vn -0.57026114 0.41008159 -0.71178320
vn 0.70644891 -0.00344668 0.70775565
vn 0.89681722 0.21611415 0.38602273
vn 0.89988398 0.18176655 0.39644639
vn 0.91007186 0.15501929 0.38436732
vn 0.92397358 -0.00274343 0.38244645
vn 0.91431358 0.02137087 0.40444279
vn 0.92094273 0.03597549 0.38803382
vn 0.92227586 0.05354494 0.38280566
vn 0.91355480 0.07447671 0.39983852
vn 0.91754916 0.10280454 0.38410254
vn 0.90763305 0.12040323 0.40212599
vn 0.90856134 0.13417379 0.39561811
vn 0.68337905 0.16289919 -0.71165787
vn 0.69406796 0.11941925 -0.70993570
vn 0.69909852 0.07314200 -0.71127457
vn 0.70382282 0.03761786 -0.70937884
vn 0.70558568 0.00219471 -0.70862122
vn -0.80125037 -0.11914742 0.58634608
vn -0.72507971 -0.10661009 0.68036292
vn -0.73962501 -0.06085441 0.67026233
vn -0.74025724 -0.02725839 0.67177095
vn -0.98488952 -0.16707364 0.04559645
vn -0.98917504 -0.07792839 0.12433786
vn -0.99631008 -0.08018708 0.03059822
vn -0.99355512 -0.10607980 0.03994114
vn -0.99924518 -0.00303161 0.03872833
vn -0.99571106 -0.05074878 0.07735657
vn -0.99733536 -0.03087244 0.06609896
vn -0.99003198 0.00047990 0.14084195
vn -0.96951941 -0.03529818 0.24245854
vn -0.97209299 0.00163439 0.23459017
vn -0.95444799 0.00130791 0.29837446
vn -0.93305930 -0.03370645 0.35813994
vn -0.93144390 0.00101344 0.36388354
vn -0.88246993 -0.03123042 0.46933088
vn -0.88959753 0.00068338 0.45674475
vn -0.81739700 -0.02895630 0.57534657
vn -0.81987335 0.00085413 0.57254429
vn -0.75071351 0.00093777 0.66062723
vn -0.70409061 0.00023728 0.71011010
vn -0.70480270 -0.13822565 0.69580659
vn -0.79266362 -0.15577667 0.58942176
vn -0.86002075 -0.16885970 0.48150880
vn -0.91292409 -0.17901294 0.36677509
vn -0.95053703 -0.18723827 0.24783300
vn -0.97816320 -0.19772704 0.06403726
vn -0.81178463 -0.06602573 0.58021231
vn -0.87945921 -0.06750719 0.47116269
vn -0.85025590 -0.09630358 0.51748481
vn -0.93051752 -0.07155329 0.35918974
vn -0.92623999 -0.10586236 0.36176323
vn -0.96719538 -0.07460078 0.24283289
vn -0.96328356 -0.11044441 0.24471783
vn -0.98795477 -0.12109424 0.09634085
vn -0.86860802 -0.13276161 0.47738293
vn -0.92055785 -0.14110105 0.36423035
vn -0.95790005 -0.14736279 0.24639744
vn -0.98487662 -0.14431249 0.09587460
vn -0.38412143 -0.00030984 -0.92328253
vn -0.38494012 -0.00835198 -0.92290376
vn -0.92441150 0.00333797 -0.38138202
vn -0.92409391 -0.02179611 -0.38154341
vn -0.92221333 -0.04213299 -0.38437921
vn -0.38419775 -0.02398169 -0.92293931
vn -0.92217452 -0.05869090 -0.38229508
vn -0.38352922 -0.04358154 -0.92249986
vn -0.91756378 -0.11223531 -0.38141833
vn -0.91845431 -0.09099209 -0.38491833
vn -0.91787743 -0.07769821 -0.38918377
vn -0.91390842 -0.13196557 -0.38387041
vn -0.38109955 -0.06712593 -0.92209395
vn -0.91161970 -0.15255769 -0.38167482
vn -0.90622724 -0.17992717 -0.38259430
vn -0.86425439 0.24420969 0.43980220
vn -0.86466478 0.30645143 0.39804816
vn -0.88508215 0.18261852 0.42811221
vn -0.78850318 0.61467032 0.02105054
vn -0.78885812 0.61189352 0.05735137
vn -0.85171331 0.33553110 0.40249635
vn -0.82943160 0.41906948 0.36935618
vn -0.90400202 0.08388429 0.41921806
vn -0.90353801 0.12860052 0.40875539
vn -0.98084641 -0.01661712 0.19407266
vn -0.96607133 0.02578048 0.25698549
vn -0.91556676 -0.19430432 0.35211268
vn -0.94460844 0.08664848 0.31655479
vn -0.83192209 0.47616407 0.28490950
vn -0.80301514 0.57958285 0.13874581
vn -0.78034814 0.62531181 -0.00647530
vn -0.77316108 0.63197484 0.05319533
vn -0.83981121 0.38334605 0.38439945
vn -0.83545608 0.31433971 0.45078120
vn -0.84232047 0.23141760 0.48676702
vn -0.86115830 0.20846784 0.46362436
vn -0.84874727 0.28721671 0.44399847
vn -0.87989047 0.16123372 0.44698596
vn -0.92586779 0.10485660 0.36300680
vn -0.87948911 -0.01243086 0.47575663
vn -0.81225112 0.51825977 0.26768438
vn -0.80240394 0.55601887 0.21677394
vn -0.82512691 0.47207544 0.31033912
vn -0.81721780 0.52046908 0.24752172
vn -0.83300794 0.43032510 0.34773278
vn -0.83781506 0.36778838 0.40348188
vn 0.88818377 -0.45894140 -0.02241405
vn 0.71377647 0.70000997 -0.02256533
vn -0.71181872 0.70207727 -0.02004054
vn -0.88632260 -0.46293159 -0.01125161
vn 0.00014932 0.99999980 -0.00062058
vn 0.69930547 0.71445459 0.02294559
vn -0.70706273 0.70715083 -0.00000347
vn -0.69861892 0.71507508 0.02447936
vn 0.00073865 0.99999819 -0.00175359
vn -0.71301095 0.69509766 -0.09194902
vn 0.68420383 0.72193338 0.10333112
vn -0.69226391 0.69474567 -0.19518997
vn 0.66010204 0.72115368 0.21024428
vn -0.65451513 0.69495257 -0.29774296
vn 0.61815396 0.72095003 0.31323592
vn -0.60106168 0.69539841 -0.39388566
vn 0.56139139 0.72542243 0.39824867
vn -0.53464833 0.69551397 -0.48001196
vn 0.48904910 0.72117444 0.49065100
vn -0.45489431 0.69591520 -0.55567365
vn 0.40521553 0.72131089 0.56170363
vn -0.36566611 0.69611993 -0.61782306
vn 0.31594843 0.72542244 0.61150542
vn -0.26715589 0.69638532 -0.66608950
vn 0.22594842 0.72092462 0.65514503
vn -0.16335578 0.69680576 -0.69841007
vn 0.10117473 0.72172893 0.68474158
vn -0.05576394 0.69718281 -0.71472129
vn 0.00000123 0.72542237 0.68830399
vn -0.68598447 0.72158859 0.09346243
vn 0.71228057 0.69569511 -0.09308436
vn -0.66477080 0.71720538 0.20903643
vn 0.68976067 0.69703771 -0.19587919
vn -0.61749040 0.72043527 0.31571922
vn 0.65112901 0.69737857 -0.29948982
vn -0.57176520 0.72016762 0.39299256
vn 0.59931226 0.69701729 -0.39368987
vn -0.49635240 0.71706420 0.48933959
vn 0.53206320 0.69738814 -0.48016511
vn -0.40360189 0.72089826 0.56339259
vn 0.45293794 0.69719914 -0.55566228
vn -0.31594647 0.72542241 0.61150647
vn 0.36376531 0.69730884 -0.61760439
vn -0.22365072 0.72133313 0.65548369
vn 0.26563068 0.69713335 -0.66591699
vn -0.10895477 0.72542247 0.67962571
vn 0.16196428 0.69729084 -0.69825000
vn 0.05462954 0.69747012 -0.71452855
vn -0.73604223 0.46158125 0.49516117
vn 0.88640393 0.45481058 0.08622875
vn 0.87439957 0.45960278 0.15553350
vn 0.86649740 0.45532436 0.20460199
vn 0.83696880 0.46922883 0.28161595
vn 0.83269561 0.44142771 0.33430465
vn 0.77218364 0.49801732 0.39460255
vn 0.72319219 0.45944918 0.51565445
vn 0.69897108 0.43048192 0.57107332
vn 0.62380374 0.46018099 0.63174548
vn 0.59841843 0.42872665 0.67682261
vn 0.51406930 0.46449481 0.72109454
vn 0.41007384 0.46079680 0.78708688
vn 0.29196621 0.46115607 0.83790859
vn 0.21178094 0.44700919 0.86909816
vn 0.12542012 0.46704810 0.87529187
vn 0.00105396 0.46481531 0.88540703
vn -0.13466222 0.46131265 0.87695880
vn -0.20546232 0.42405246 0.88202310
vn -0.28121641 0.48387843 0.82872130
vn -0.41007154 0.46079685 0.78708805
vn -0.51406728 0.46449442 0.72109622
vn -0.58063073 0.45245811 0.67686750
vn -0.62786193 0.46484431 0.62426690
vn -0.68170687 0.45120982 0.57592139
vn -0.69765686 0.46708841 0.54323413
vn -0.83713820 0.47268750 0.27525652
vn -0.82598952 0.45243315 0.33622248
vn -0.78566565 0.46315469 0.41014292
vn -0.88170580 0.45566068 0.12234469
vn -0.86722507 0.45625482 0.19937958
vn -0.85134143 0.47055868 0.23193165
vn 0.41477362 -0.45422309 -0.78844418
vn 0.23436638 -0.82150578 -0.51980828
vn 0.37720734 -0.43979612 -0.81504233
vn 0.53345181 -0.82919134 -0.16694576
vn 0.50056745 -0.85012765 -0.16344787
vn 0.48754324 -0.84010492 -0.23775052
vn 0.85353978 -0.45993484 -0.24480562
vn 0.85917651 -0.46040047 -0.22326471
vn 0.78821657 -0.44839287 -0.42149551
vn 0.80599122 -0.45910824 -0.37362785
vn 0.82498372 -0.45581216 -0.33412145
vn 0.84208819 -0.45073638 -0.29618272
vn 0.71410741 -0.45255487 -0.53408305
vn 0.74343692 -0.45197338 -0.49297222
vn 0.46904202 -0.82760080 -0.30834478
vn 0.77042886 -0.44830525 -0.45327891
vn 0.59164781 -0.45806829 -0.66342017
vn 0.62968494 -0.44705839 -0.63532328
vn 0.39401375 -0.83429123 -0.38563105
vn 0.65947653 -0.45830720 -0.59585671
vn 0.68942215 -0.45701335 -0.56199279
vn 0.44758554 -0.46399983 -0.76444185
vn 0.49208807 -0.44746019 -0.74674541
vn 0.31544335 -0.83228889 -0.45584065
vn 0.53000124 -0.44979922 -0.71887366
vn 0.56008024 -0.46658260 -0.68455153
vn 0.32808499 -0.45756626 -0.82643412
vn 0.17087771 -0.83365189 -0.52519075
vn 0.29165347 -0.44878164 -0.84470900
vn 0.10265394 -0.84209459 -0.52947037
vn 0.20379539 -0.46038788 -0.86400836
vn 0.24852970 -0.44778953 -0.85890484
vn 0.02670986 -0.45678002 -0.88917861
vn 0.07041685 -0.46197833 -0.88409134
vn 0.03390901 -0.84621600 -0.53175997
vn 0.11853583 -0.45068114 -0.88478007
vn 0.15981002 -0.45091064 -0.87814597
vn -0.01525472 -0.45419263 -0.89077289
vn -0.03415169 -0.84624994 -0.53169042
vn -0.06279651 -0.46185730 -0.88472845
vn -0.10736238 -0.45428135 -0.88436518
vn -0.10265942 -0.84204349 -0.52955057
vn -0.14634898 -0.44665405 -0.88265630
vn -0.32539470 -0.46297488 -0.82448320
vn -0.17116832 -0.83354677 -0.52526296
vn -0.36063337 -0.44699391 -0.81862080
vn -0.23474875 -0.82034075 -0.52147299
vn -0.40501056 -0.45622502 -0.79235420
vn -0.28003581 -0.44295891 -0.85168500
vn -0.23701114 -0.45219623 -0.85985132
vn -0.19674834 -0.46046931 -0.86559697
vn -0.44181514 -0.46555003 -0.76685237
vn -0.24934788 -0.85048599 -0.46314060
vn -0.47872042 -0.45435351 -0.75125871
vn -0.31532902 -0.83209830 -0.45626751
vn -0.51988970 -0.44115246 -0.73150476
vn -0.55530687 -0.46587951 -0.68890534
vn -0.39496296 -0.83409743 -0.38507887
vn -0.68330273 -0.45695733 -0.56946235
vn -0.65439578 -0.45730424 -0.60219514
vn -0.62077149 -0.44044700 -0.64857474
vn -0.58647462 -0.45894260 -0.66739734
vn -0.33133793 -0.85885956 -0.39060906
vn -0.76547759 -0.44664804 -0.46319498
vn -0.73904162 -0.45191992 -0.49958570
vn -0.46989757 -0.82726258 -0.30794951
vn -0.70675057 -0.44528045 -0.54975353
vn -0.41254443 -0.85503151 -0.31421046
vn -0.83953175 -0.44127281 -0.31696174
vn -0.82175180 -0.45518394 -0.34282875
vn -0.48819143 -0.83999650 -0.23680161
vn -0.80261679 -0.45915336 -0.38076826
vn -0.78529161 -0.44148624 -0.43405874
vn -0.86803093 -0.44595706 -0.21827643
vn -0.85439907 -0.45000253 -0.25980753
vn -0.54955451 -0.81996488 -0.16014819
vn -0.50464096 -0.84752891 -0.16441488
vn -0.46495727 -0.86919412 -0.16827454
vn -0.42256758 -0.87362029 -0.24129698
vn -0.42889017 -0.88868128 -0.16216905
vn -0.40681074 -0.89837959 -0.16558723
vn -0.38054561 -0.90885901 -0.17076399
vn -0.34952451 -0.90548779 -0.24067505
vn -0.34722485 -0.92343048 -0.16343514
vn -0.30585909 -0.93694112 -0.16909036
vn -0.27476659 -0.93079266 -0.24109821
vn -0.27502374 -0.94785409 -0.16104214
vn -0.11958157 -0.96334465 -0.24014023
vn -0.18956219 -0.96907210 -0.15800456
vn -0.19689070 -0.95046079 -0.24053760
vn -0.22277701 -0.96033647 -0.16770294
vn -0.24884227 -0.95359907 -0.16948845
vn -0.01862339 -0.98588209 -0.16640213
vn -0.04186695 -0.98617177 -0.16035084
vn -0.03987149 -0.96959138 -0.24145976
vn -0.08080381 -0.98267629 -0.16678747
vn -0.12614693 -0.97921761 -0.15880749
vn 0.00533202 -0.98543095 -0.16999241
vn 0.03964510 -0.96964972 -0.24126269
vn 0.04271563 -0.98659653 -0.15748864
vn 0.07485547 -0.98438969 -0.15929089
vn 0.11889489 -0.96310270 -0.24144813
vn 0.10057579 -0.98273409 -0.15530044
vn 0.19720479 -0.95030170 -0.24090859
vn 0.16266207 -0.97241951 -0.16715662
vn 0.11993454 -0.98085806 -0.15340527
vn 0.27445531 -0.93096677 -0.24078031
vn 0.23573068 -0.95675782 -0.17042749
vn 0.20085975 -0.96660838 -0.15913391
vn 0.34981130 -0.90523208 -0.24121967
vn 0.32222497 -0.93201999 -0.16586080
vn 0.27141095 -0.94844373 -0.16367831
vn 0.42242545 -0.87386567 -0.24065646
vn 0.38599583 -0.90704571 -0.16815260
vn 0.35005175 -0.92329327 -0.15809275
vn 0.47942092 -0.86188230 -0.16527095
vn 0.45298686 -0.87488691 -0.17139369
vn 0.41837660 -0.89470638 -0.15640178
vn 0.24905751 -0.85075378 -0.46280489
vn 0.18002690 -0.86710956 -0.46444734
vn 0.10847310 -0.87893256 -0.46444714
vn 0.03619125 -0.88486107 -0.46444706
vn -0.03633307 -0.88485520 -0.46444718
vn -0.10861356 -0.87891517 -0.46444721
vn -0.18016579 -0.86708081 -0.46444716
vn 0.33126317 -0.85886696 -0.39065619
vn 0.26020422 -0.88282473 -0.39104253
vn 0.18709554 -0.90115536 -0.39104255
vn 0.11273182 -0.91344249 -0.39104265
vn 0.03761215 -0.91960376 -0.39104252
vn -0.03775939 -0.91959772 -0.39104254
vn -0.11287790 -0.91342448 -0.39104259
vn -0.18723978 -0.90112534 -0.39104269
vn -0.26034572 -0.88278299 -0.39104259
vn 0.41248804 -0.85509634 -0.31410805
vn 0.34190696 -0.88534542 -0.31506050
vn 0.26831792 -0.91035287 -0.31506054
vn 0.19292947 -0.92925506 -0.31506071
vn 0.11624716 -0.94192539 -0.31506057
vn 0.03878508 -0.94827868 -0.31506072
vn -0.03893689 -0.94827241 -0.31506087
vn -0.11639776 -0.94190675 -0.31506069
vn -0.19307823 -0.92922419 -0.31506064
vn -0.26846384 -0.91030980 -0.31506070
vn -0.34204859 -0.88529065 -0.31506067
vn -0.87971520 -0.43939390 -0.18175306
vn -0.88370665 -0.45665440 -0.10261247
vn -0.89082210 -0.45127493 -0.05279130
vn 0.89109148 -0.44997548 -0.05897493
vn 0.87961768 -0.45473276 -0.13960962
vn 0.87452659 -0.44714566 -0.18778711
vn -0.48469729 0.86160534 0.15068107
vn -0.47254763 0.85202942 0.22526562
vn -0.37864148 0.84776930 0.37137293
vn 0.29835554 0.84473398 0.44430674
vn 0.22671139 0.86564572 0.44638484
vn 0.48533787 0.86132746 0.15020707
vn 0.54739281 0.83358864 0.07410194
vn -0.55287710 0.83027940 0.07044878
vn -0.49110843 0.86757037 0.07832090
vn -0.41490665 0.90637625 0.07958994
vn -0.33480757 0.93902846 0.07829074
vn -0.25493604 0.96373967 0.07882554
vn -0.17020848 0.98221822 0.07922398
vn -0.08546376 0.99321756 0.07883419
vn 0.00030276 0.99686122 0.07916822
vn 0.08502533 0.99326615 0.07869598
vn 0.17048699 0.98214987 0.07947212
vn 0.25427403 0.96392659 0.07867817
vn 0.33543338 0.93871005 0.07942218
vn 0.41487788 0.90646012 0.07878073
vn 0.49121163 0.86740347 0.07951325
vn 0.46817181 0.83212513 0.29729267
vn 0.39579022 0.86716022 0.30229662
vn 0.31164951 0.87248978 0.37634581
vn 0.37840162 0.84780348 0.37153933
vn -0.21711853 0.82705827 0.51849221
vn -0.14713983 0.84727198 0.51037248
vn -0.07148073 0.85466134 0.51424168
vn 0.00111667 0.85651109 0.51612742
vn 0.07023133 0.85374034 0.51594088
vn 0.14432454 0.84902852 0.50825289
vn 0.21882374 0.82710585 0.51769884
vn 0.15281539 0.88101503 0.44772757
vn 0.07669036 0.89087524 0.44772748
vn -0.00000009 0.89417017 0.44772727
vn -0.07669027 0.89087526 0.44772745
vn -0.15281541 0.88101509 0.44772744
vn -0.22671132 0.86564571 0.44638489
vn -0.29835522 0.84473399 0.44430693
vn 0.23600924 0.89576595 0.37670015
vn 0.15831240 0.91270703 0.37670022
vn 0.07944875 0.92292203 0.37669991
vn 0.00000011 0.92633525 0.37670015
vn -0.07944897 0.92292198 0.37670000
vn -0.15831222 0.91270705 0.37670027
vn -0.23600903 0.89576598 0.37670020
vn -0.31164953 0.87248983 0.37634568
vn 0.32090226 0.89720637 0.30338502
vn 0.24276924 0.92142318 0.30338494
vn 0.16284677 0.93884960 0.30338484
vn 0.08172455 0.94935701 0.30338484
vn 0.00000003 0.95286810 0.30338488
vn -0.08172458 0.94935703 0.30338479
vn -0.16284676 0.93884960 0.30338485
vn -0.24276926 0.92142324 0.30338472
vn -0.32090224 0.89720644 0.30338482
vn -0.39553821 0.86730790 0.30220280
vn -0.46818090 0.83212782 0.29727082
vn 0.47498879 0.84995668 0.22794583
vn 0.40530428 0.88523482 0.22822742
vn 0.32788697 0.91673459 0.22822759
vn 0.24805300 0.94147866 0.22822718
vn 0.16639120 0.95928431 0.22822704
vn 0.08350347 0.97002031 0.22822744
vn -0.00000011 0.97360788 0.22822729
vn -0.08350321 0.97002031 0.22822753
vn -0.16639140 0.95928426 0.22822712
vn -0.24805307 0.94147863 0.22822723
vn -0.32788681 0.91673468 0.22822744
vn -0.40530409 0.88523491 0.22822742
vn 0.41147419 0.89871073 0.15168396
vn 0.33287811 0.93069018 0.15168371
vn 0.25182899 0.95581075 0.15168379
vn 0.16892446 0.97388733 0.15168387
vn 0.08477465 0.98478692 0.15168379
vn 0.00000007 0.98842905 0.15168395
vn -0.08477464 0.98478689 0.15168404
vn -0.16892458 0.97388733 0.15168374
vn -0.25182896 0.95581074 0.15168391
vn -0.33287814 0.93069014 0.15168391
vn -0.41147410 0.89871079 0.15168382
vn -0.23351948 -0.96584426 -0.11230991
vn 0.52629718 -0.84237775 -0.11580586
vn 0.45674119 -0.88236866 -0.11319467
vn 0.38939770 -0.91362316 -0.11688522
vn 0.23447442 -0.96578748 -0.11079845
vn 0.31208193 -0.94328972 -0.11317853
vn 0.08107289 -0.99379250 -0.07618166
vn 0.15837742 -0.98474901 -0.07201382
vn 0.15257941 -0.98214810 -0.11002101
vn 0.00150311 -0.99398747 -0.10948360
vn -0.08285916 -0.99003135 -0.11389598
vn -0.15755602 -0.98099232 -0.11327035
vn -0.38628262 -0.91558357 -0.11176971
vn -0.31255321 -0.94320769 -0.11255992
vn -0.45969500 -0.88056730 -0.11524641
vn -0.52459171 -0.84314178 -0.11796390
vn -0.39472167 -0.91864592 -0.01686623
vn -0.46776118 -0.88374170 -0.01414476
vn -0.53474318 -0.84492144 -0.01254965
vn -0.16201181 -0.98644373 -0.02609493
vn -0.23985551 -0.97052089 -0.02363334
vn -0.31774630 -0.94801089 -0.01768184
vn 0.08021468 -0.99642901 -0.02635986
vn 0.00001984 -0.99967989 -0.02530073
vn -0.08010616 -0.99644245 -0.02618120
vn 0.31781578 -0.94781250 -0.02538892
vn 0.24108616 -0.97018784 -0.02475918
vn 0.16223963 -0.98640235 -0.02624336
vn 0.39344304 -0.91904939 -0.02346891
vn 0.46823575 -0.88349672 -0.01374137
vn 0.53506358 -0.84470950 -0.01314591
vn -0.23767014 -0.96875678 -0.07087462
vn -0.15997165 -0.98463954 -0.06995739
vn -0.08013930 -0.99432806 -0.06992419
vn 0.00005636 -0.99755157 -0.06993477
vn -0.53051834 -0.84386381 -0.08027549
vn -0.46296736 -0.88283880 -0.07910044
vn -0.39050809 -0.91727395 -0.07817888
vn -0.31517374 -0.94588034 -0.07730392
vn -0.53363587 -0.84465698 -0.04227690
vn -0.46582888 -0.88381081 -0.04338098
vn -0.39295677 -0.91849240 -0.04423451
vn -0.31619531 -0.94762041 -0.04512304
vn 0.53404198 -0.84440783 -0.04212572
vn 0.46528055 -0.88408077 -0.04376296
vn 0.23880642 -0.96852629 -0.07020201
vn 0.31595220 -0.94616147 -0.07037521
vn 0.38973291 -0.91811482 -0.07192667
vn 0.46317298 -0.88267528 -0.07971912
vn 0.53041302 -0.84391478 -0.08043552
vn 0.00892345 0.99965108 -0.02486146
vn -0.00122380 0.99971417 -0.02387619
vn 0.98435334 0.07587346 0.15903370
vn 0.92246216 0.33179465 0.19742306
vn 0.96753993 0.03949962 0.24961223
vn 0.95457078 0.04410176 0.29470268
vn 0.92109277 0.14548389 0.36114062
vn 0.91216027 0.08141624 0.40166533
vn 0.93096811 0.26180141 0.25447672
vn 0.93600710 0.28900966 0.20090825
vn 0.92970738 0.34129403 0.13842894
vn 0.94948433 0.31378499 -0.00429911
vn 0.94182659 0.06494028 0.32976571
vn 0.93651181 0.01991643 0.35006996
vn 0.92167865 0.04338616 0.38552057
vn 0.93333910 0.08521434 0.34873577
vn 0.93752994 0.17218403 0.30230826
vn 0.96873068 0.04137649 0.24464024
vn 0.89787780 0.43513480 0.06688173
vn 0.87568694 0.46843953 0.11720402
vn 0.90794681 0.40034092 0.12393439
vn 0.60770368 0.79222766 0.05542175
vn 0.57614125 0.80785776 0.12420586
vn 0.63812619 0.75917829 0.12823139
vn -0.60110500 0.78131598 0.16798248
vn -0.58333530 0.80303976 0.12184857
vn -0.59916357 0.79808785 0.06370869
vn -0.60600553 0.79519348 0.02060630
vn -0.43540232 0.89101140 0.12854377
vn -0.51392545 0.85659340 0.04613429
vn -0.48882789 0.86561571 0.10842845
vn -0.55937067 0.82833489 0.03107688
vn -0.55385377 0.82331912 0.12406300
vn -0.28179938 0.95220618 0.11786645
vn -0.35678508 0.93364866 0.03169515
vn -0.35728040 0.92528266 0.12728985
vn -0.40008254 0.91363261 0.07217630
vn -0.44565256 0.89462203 0.03232982
vn -0.22050699 0.96690099 0.12837109
vn -0.22861271 0.97299001 0.03204177
vn -0.30096234 0.95288986 0.03771712
vn -0.06430145 0.98993893 0.12604065
vn -0.07218163 0.99685287 0.03277453
vn -0.13359182 0.99052102 0.03195818
vn 0.08864995 0.99555957 0.03165963
vn 0.06072956 0.99629006 0.06097575
vn 0.08679581 0.98734506 0.13272610
vn 0.04454099 0.99614009 0.07563740
vn 0.01241632 0.99140102 0.13026836
vn 0.01372306 0.99942772 0.03091780
vn -0.01851300 0.99859949 0.04956141
vn 0.12308298 0.98973633 0.07261251
vn 0.15914822 0.97847949 0.13133824
vn 0.15731167 0.98706207 0.03100812
vn 0.23741373 0.96297513 0.12772481
vn 0.22585458 0.97348836 0.03619566
vn 0.19171983 0.97990909 0.05496982
vn 0.31392038 0.94892731 0.03147929
vn 0.28836961 0.95591542 0.05539567
vn 0.30960559 0.94160461 0.13238254
vn 0.27141696 0.95957745 0.07445768
vn 0.34619682 0.93535994 0.07245369
vn 0.37699443 0.91734169 0.12790399
vn 0.38197497 0.92365003 0.03107655
vn 0.41130290 0.90967035 0.05770421
vn 0.45016843 0.88370113 0.12814330
vn 0.44526610 0.89478242 0.03320433
vn 0.48465612 0.87166660 0.07284087
vn 0.51655316 0.84599762 0.13213957
vn 0.50098822 0.86396793 0.05069735
vn 0.58743529 0.80871216 0.03007344
vn 0.55142420 0.83111488 0.07196811
vn 0.52298473 0.85176866 0.03125905
vn 0.70302208 0.71062882 0.02768813
vn 0.68560547 0.72684820 0.04045779
vn 0.69565566 0.70617076 0.13185623
vn 0.67299189 0.73651333 0.06804435
vn 0.64045501 0.76740491 0.03011790
vn 0.72683787 0.68313566 0.07093930
vn 0.74579438 0.65522056 0.12031943
vn 0.75750071 0.65194488 0.03406675
vn 0.77413561 0.63005667 0.06117725
vn 0.79405233 0.59437273 0.12728691
vn 0.80167949 0.59697871 0.03043711
vn 0.82317151 0.56386106 0.06670360
vn 0.83843249 0.52895473 0.13129304
vn 0.83520278 0.54836544 0.04161321
vn 0.88733560 0.45946880 0.03903776
vn 0.86392945 0.49869975 0.07017457
vn 0.84735550 0.53017808 0.02999787
vn 0.94677406 0.32041462 0.03087657
vn 0.93947169 0.34049708 0.03814043
vn 0.93719005 0.32316035 0.13130955
vn 0.93105860 0.35922356 0.06393988
vn 0.91966513 0.39111866 0.03524555
vn 0.95560860 0.28633565 0.06945571
vn 0.95996529 0.25511538 0.11568402
vn 0.96948529 0.24123938 0.04360995
vn 0.97367111 0.21725112 0.06904001
vn 0.97552941 0.18361311 0.12094871
vn 0.98510382 0.16723891 0.04002020
vn 0.98884828 0.13643411 0.05970611
vn 0.98612933 0.10192762 0.13099503
vn 0.99261390 0.11593109 0.03574402
vn 0.99415019 0.03579317 0.10190314
vn 0.99588046 0.05975159 0.06820458
vn 0.99488546 0.09612705 0.03102429
vn 0.61527715 0.01063297 0.78823915
vn 0.64938047 0.02461798 0.76006510
vn 0.64645655 0.04127966 0.76183326
vn 0.65234683 0.06987899 0.75469235
vn 0.64747513 0.11586577 0.75322711
vn 0.63358025 0.08809922 0.76864465
vn 0.61925409 0.05431560 0.78330977
vn 0.63900547 0.16871415 0.75047155
vn 0.61005123 0.14344740 0.77926911
vn 0.60155470 0.11930816 0.78987183
vn 0.60028324 0.25786381 0.75707746
vn 0.60083957 0.23162218 0.76507710
vn 0.60971794 0.21178955 0.76379920
vn 0.61596845 0.19296290 0.76377234
vn 0.60014004 0.17283281 0.78099984
vn 0.57756725 0.31173386 0.75447867
vn 0.58158493 0.28297912 0.76268066
vn 0.56244089 0.25509050 0.78650434
vn 0.52194690 0.39372870 0.75666977
vn 0.51514188 0.34304202 0.78546230
vn 0.55856761 0.35316985 0.75051534
vn 0.55382059 0.32458512 0.76676415
vn 0.54036717 0.28369641 0.79216139
vn 0.50035260 0.43630139 0.74785585
vn 0.50091692 0.40582788 0.76445142
vn 0.50758118 0.36176169 0.78197815
vn 0.42561075 0.50692851 0.74958587
vn 0.42820789 0.45698417 0.77961751
vn 0.45912280 0.46283911 0.75827846
vn 0.47049507 0.44307100 0.76310057
vn 0.45711550 0.40031198 0.79422650
vn 0.35280373 0.49419652 0.79454348
vn 0.38688729 0.50692529 0.77028889
vn 0.38682864 0.53970307 0.74771933
vn 0.39953678 0.50712362 0.76367270
vn 0.40369597 0.46246900 0.78939976
vn 0.35677532 0.54035928 0.76205198
vn 0.33928586 0.55280759 0.76111029
vn 0.31631491 0.55026679 0.77275568
vn 0.29863383 0.59261090 0.74808432
vn 0.30390865 0.55625607 0.77344600
vn 0.25295707 0.61382430 0.74781846
vn 0.26283361 0.57831899 0.77231188
vn 0.26930005 0.54456709 0.79430735
vn 0.20260170 0.61417243 0.76272195
vn 0.22304302 0.60808876 0.76189230
vn 0.23035950 0.56208748 0.79435015
vn 0.16069983 0.63877733 0.75242215
vn 0.14318175 0.59222152 0.79295186
vn 0.18049934 0.61367721 0.76864834
vn 0.09415510 0.59994465 0.79448174
vn 0.11484073 0.61089732 0.78333650
vn 0.10641962 0.65556616 0.74760142
vn 0.13164882 0.63344919 0.76250293
vn 0.07712809 0.64083390 0.76379524
vn 0.05645445 0.64359535 0.76328102
vn 0.03493726 0.64324110 0.76486618
vn 0.01064350 0.65384306 0.75655533
vn -0.00272460 0.61843840 0.78582856
vn -0.46844480 0.60761495 0.64137629
vn -0.43200372 0.54672471 0.71726207
vn -0.43455562 0.59613812 0.67511537
vn -0.39371661 0.52297801 0.75596378
vn -0.37065551 0.54726192 0.75041248
vn -0.52247877 0.70710853 0.47645929
vn -0.55030278 0.70045564 0.45445434
vn -0.47792791 0.66425491 0.57476110
vn -0.51321885 0.67571151 0.52916951
vn -0.49454473 0.63188192 0.59678367
vn -0.57283751 0.78136120 0.24765271
vn -0.59551028 0.76591421 0.24236940
vn -0.54815707 0.75349659 0.36299686
vn -0.57224462 0.76407428 0.29787009
vn -0.57773017 0.72993186 0.36527705
vn -0.38183037 0.48443399 0.78710182
vn -0.34256214 0.50146799 0.79446903
vn -0.33725844 0.53964527 0.77138818
vn -0.32960737 0.57491560 0.74888653
vn -0.29744129 0.52962269 0.79437302
vn -0.29000310 0.58799392 0.75509029
vn -0.25882041 0.55588520 0.78993901
vn -0.24451182 0.60700718 0.75614566
vn -0.22127585 0.56820275 0.79257973
vn -0.21299265 0.61066554 0.76270684
vn -0.19515303 0.63458239 0.74781046
vn -0.18099334 0.57985514 0.79436101
vn -0.16753532 0.61849441 0.76772168
vn -0.15765368 0.61915650 0.76927924
vn -0.13002593 0.59303705 0.79460702
vn -0.14358506 0.64849855 0.74755131
vn -0.11644206 0.63789330 0.76127090
vn -0.09570159 0.65478922 0.74972814
vn -0.08053214 0.60502136 0.79212608
vn -0.06425369 0.63933737 0.76623703
vn -0.04371118 0.66292919 0.74740499
vn -0.03928223 0.60602291 0.79447665
vn -0.02070839 0.64552089 0.76346181
vn -0.41283211 0.61279625 0.67383262
vn -0.37108052 0.63950746 0.67329745
vn -0.32115167 0.66604905 0.67323122
vn -0.26924661 0.68866154 0.67323959
vn -0.21565605 0.70732539 0.67318888
vn -0.45623884 0.67771666 0.57666823
vn -0.41003003 0.70712764 0.57606066
vn -0.35486619 0.73641975 0.57598258
vn -0.29750239 0.76140672 0.57597928
vn -0.23829538 0.78201396 0.57590752
vn -0.16072997 0.72173652 0.67324755
vn -0.49249385 0.73199685 0.47077639
vn -0.44252517 0.76363055 0.47014876
vn -0.38299582 0.79520679 0.47006421
vn -0.32107357 0.82216695 0.47005667
vn -0.25717569 0.84438278 0.46997700
vn -0.17764288 0.79789271 0.57602971
vn -0.10508154 0.73182268 0.67334496
vn -0.52043783 0.77386192 0.36094625
vn -0.46754686 0.80719190 0.36033481
vn -0.40465839 0.84051793 0.36025158
vn -0.33922221 0.86899077 0.36025455
vn -0.27170842 0.89243662 0.36018248
vn -0.19176544 0.86150502 0.47014372
vn -0.11614432 0.80901333 0.57620129
vn -0.04885423 0.73773442 0.67332102
vn -0.54072129 0.80425471 0.24656610
vn -0.48568848 0.83880343 0.24599900
vn -0.42036596 0.87338931 0.24593407
vn -0.35238165 0.90295939 0.24595023
vn -0.28224141 0.92729466 0.24589512
vn -0.20264807 0.91053717 0.36035515
vn -0.12538188 0.87351752 0.47036849
vn -0.05398325 0.81555238 0.57615981
vn 0.00777336 0.73940120 0.67322020
vn 0.06437106 0.73661589 0.67324096
vn 0.12049542 0.72944613 0.67334181
vn -0.21054144 0.94611949 0.24602890
vn -0.13250044 0.92326335 0.36059455
vn -0.05825907 0.88056907 0.47032328
vn 0.00859669 0.81738632 0.57602578
vn 0.07114241 0.81429794 0.57607085
vn 0.13320253 0.80638418 0.57619583
vn 0.17584346 0.71814691 0.67330832
vn 0.73604128 0.02833571 0.67634335
vn 0.73417447 0.07778619 0.67449029
vn 0.72619413 0.13364125 0.67437535
vn 0.71392617 0.18854607 0.67435880
vn 0.69747153 0.24251477 0.67432934
vn 0.67689119 0.29543590 0.67419281
vn 0.65231345 0.34660097 0.67405855
vn 0.62403341 0.39541541 0.67396511
vn 0.59217308 0.44183800 0.67387701
vn 0.55673105 0.48586493 0.67378469
vn 0.51778864 0.52730090 0.67368293
vn 0.47581300 0.56556856 0.67359795
vn 0.43129815 0.60026860 0.67354251
vn 0.38437461 0.63142196 0.67347047
vn 0.33503927 0.65903168 0.67336910
vn 0.28345230 0.68295380 0.67322277
vn 0.23021859 0.70270857 0.67320136
vn 0.19442290 0.79391554 0.57610576
vn 0.14382379 0.87067931 0.47035334
vn 0.07679556 0.87920307 0.47021740
vn 0.00928737 0.88253421 0.47015648
vn -0.06154837 0.93070412 0.36055739
vn -0.13766413 0.95938133 0.24624389
vn 0.81619416 0.03292330 0.57683893
vn 0.81218502 0.08606502 0.57701673
vn 0.80330880 0.14781868 0.57692686
vn 0.78966982 0.20852874 0.57700722
vn 0.77141065 0.26821478 0.57704977
vn 0.74861546 0.32674393 0.57689973
vn 0.72140853 0.38331242 0.57675066
vn 0.69010682 0.43727734 0.57666378
vn 0.65484016 0.48859394 0.57659373
vn 0.61561073 0.53725542 0.57652410
vn 0.57252791 0.58305474 0.57641908
vn 0.52609884 0.62533573 0.57634645
vn 0.47687031 0.66368665 0.57629397
vn 0.42496630 0.69810696 0.57623806
vn 0.37039563 0.72862003 0.57612492
vn 0.31335716 0.75505239 0.57593678
vn 0.25453342 0.77686926 0.57592264
vn 0.20995800 0.85721251 0.47021735
vn 0.15201791 0.92026403 0.36056161
vn 0.08115176 0.92924911 0.36043096
vn 0.00982305 0.93275354 0.36038083
vn -0.06393117 0.96710027 0.24623134
vn -0.13703040 0.98222899 0.12825316
vn -0.18047402 0.98081725 0.07366582
vn 0.88121309 0.03515050 0.47141058
vn 0.87761793 0.09300098 0.47025269
vn 0.86797419 0.15968517 0.47023554
vn 0.85319813 0.22526454 0.47043473
vn 0.83342157 0.28975382 0.47058603
vn 0.80873591 0.35297837 0.47048114
vn 0.77929760 0.41405931 0.47037234
vn 0.74544721 0.47232610 0.47033660
vn 0.70731091 0.52772759 0.47033485
vn 0.66489838 0.58026238 0.47032511
vn 0.61832935 0.62969178 0.47027341
vn 0.56816536 0.67532135 0.47024377
vn 0.51498147 0.71670795 0.47023802
vn 0.45890651 0.75385632 0.47021854
vn 0.39994367 0.78677677 0.47013548
vn 0.33833770 0.81527351 0.46995394
vn 0.27485082 0.83880346 0.46996359
vn 0.22194609 0.90600689 0.36040457
vn 0.15796945 0.95626145 0.24619038
vn 0.08431345 0.96557418 0.24608483
vn 0.01021542 0.96919914 0.24606640
vn 0.93193624 0.03908391 0.36050977
vn 0.92798382 0.09832408 0.35941398
vn 0.91775516 0.16879473 0.35949103
vn 0.90213923 0.23813166 0.35977509
vn 0.88121799 0.30633646 0.36001781
vn 0.85506797 0.37318028 0.35999339
vn 0.82390261 0.43773353 0.35996367
vn 0.78809020 0.49931415 0.35999890
vn 0.74775053 0.55786859 0.36007191
vn 0.70288880 0.61339310 0.36013363
vn 0.65363422 0.66562252 0.36015131
vn 0.60059341 0.71383490 0.36017674
vn 0.54436333 0.75756602 0.36022533
vn 0.48507165 0.79681833 0.36025831
vn 0.42271869 0.83159378 0.36022312
vn 0.35758883 0.86166916 0.36007844
vn 0.29051381 0.88651744 0.36012298
vn 0.23065313 0.94141165 0.24605537
vn 0.96427529 0.10213938 0.24441914
vn 0.95365056 0.17534080 0.24455310
vn 0.93746360 0.24739618 0.24486143
vn 0.91575023 0.31829859 0.24512758
vn 0.88855460 0.38776342 0.24517391
vn 0.85615506 0.45483369 0.24520364
vn 0.81893693 0.51881689 0.24529846
vn 0.77701954 0.57966482 0.24541667
vn 0.73039868 0.63736471 0.24552797
vn 0.67920996 0.69163271 0.24559726
vn 0.62409352 0.74172605 0.24566185
vn 0.56566438 0.78716780 0.24574512
vn 0.50404685 0.82795645 0.24581476
vn 0.43923645 0.86408354 0.24582711
vn 0.37155155 0.89530101 0.24573472
vn 0.30187878 0.92111442 0.24579956
vn -0.98233070 0.16717952 0.08412727
vn -0.98015743 0.19773348 0.01388801
vn -0.99088476 0.11952431 0.06213959
vn -0.70426064 0.06977598 0.70650426
vn -0.69264403 0.08319777 0.71646520
vn -0.72232713 0.09842395 0.68451168
vn -0.67053675 0.11271895 0.73326319
vn -0.97663507 0.20606501 0.06100125
vn -0.96963906 0.20723070 0.12982886
vn -0.95495444 0.16562541 0.24623209
vn -0.95428483 0.20518879 0.21734311
vn -0.92923249 0.20149739 0.30971886
vn -0.91795417 0.15776834 0.36396331
vn -0.90709527 0.19635913 0.37231878
vn -0.88159632 0.19165263 0.43134348
vn -0.86627530 0.14897704 0.47683639
vn -0.83864791 0.18313492 0.51296324
vn -0.79947990 0.13761718 0.58471651
vn -0.79007910 0.17222068 0.58831544
vn -0.75082769 0.16354027 0.63993153
vn -0.71446764 0.12849506 0.68776814
vn -0.70850407 0.15210098 0.68912066
vn -0.68529331 0.01707873 0.72806689
vn -0.70024875 0.03463543 0.71305825
vn -0.74071936 0.02632656 0.67129855
vn -0.70734249 0.04271547 0.70557919
vn -0.81532308 0.02979891 0.57823896
vn -0.88135148 0.03249091 0.47134267
vn -0.93253373 0.03482314 0.35939976
vn -0.99135489 0.03754802 0.12572043
vn -0.99875479 0.03947578 0.03050465
vn -0.99832979 0.01850891 0.05472700
vn -0.96925992 0.03599829 0.24339132
vn -0.98820084 0.08439419 0.12781518
vn -0.99547266 0.08906929 0.03317908
vn -0.99642012 0.05908457 0.06046456
vn -0.73137794 0.05721132 0.67956838
vn -0.81256094 0.06560203 0.57917277
vn -0.87873165 0.07105608 0.47199759
vn -0.92982520 0.07536178 0.36020231
vn -0.96650126 0.07854465 0.24434822
vn -0.80644240 0.10612814 0.58171082
vn -0.87287507 0.11510174 0.47417370
vn -0.92416594 0.12220738 0.36191528
vn -0.96099559 0.12749519 0.24542300
vn -0.98481012 0.14147478 0.10066738
vn -0.65803272 0.13250962 0.74123825
vn -0.92413458 0.03450663 -0.38050568
vn -0.92254212 0.07288845 -0.37895029
vn -0.90943062 0.17344677 -0.37795788
vn -0.91822883 0.11081927 -0.38023008
vn -0.91416245 0.14799736 -0.37736426
vn -0.90599971 0.18891524 -0.37878167
vn -0.96485201 0.25998479 0.03832100
vn -0.90288469 0.19591151 -0.38264594
vn -0.90134893 0.20005615 -0.38411932
vn -0.93709099 0.34580629 0.04773359
vn -0.90051162 0.20499107 -0.38348074
vn -0.90096631 0.21317807 -0.37790847
vn -0.91678412 0.39778925 0.03564547
vn -0.90371260 0.23238158 -0.35958633
vn -0.89360201 0.44443254 0.06289008
vn -0.90446876 0.26512885 -0.33413015
vn -0.86872955 0.49493987 0.01853388
vn -0.90020065 0.31251818 -0.30326751
vn -0.67367419 0.73874351 0.02052088
vn -0.89087124 0.36604701 -0.26899445
vn -0.76631313 0.64184991 0.02815813
vn -0.82861434 0.55076719 0.10026849
vn -0.88051005 0.47382268 -0.01393262
vn -0.87964245 0.47215256 -0.05745528
vn -0.88256517 0.45628974 -0.11348305
vn -0.88120168 0.44609043 -0.15648301
vn -0.87871264 0.43990257 -0.18533704
vn -0.88232161 0.41236623 -0.22685386
vn 0.88622375 0.46315843 -0.00957780
vn 0.70227184 -0.71173424 -0.01576816
vn 0.89240919 0.45122700 -0.00017061
vn 0.71365159 -0.70005263 -0.02505436
vn 0.88644289 0.46214301 -0.02535423
vn 0.79078032 0.46998982 -0.39214290
vn 0.61179453 0.34940810 -0.70966290
vn 0.79534104 0.47332118 -0.37868152
vn 0.78398269 0.48664182 -0.38542299
vn 0.33263395 0.18821407 -0.92408339
vn 0.33521113 0.13873661 -0.93187212
vn 0.77968573 0.48942681 -0.39057848
vn 0.77857535 0.49341642 -0.38776367
vn 0.77184816 0.50429803 -0.38721300
vn 0.33708412 0.08386816 -0.93773153
vn 0.76682789 0.51038281 -0.38920993
vn 0.33939479 0.00797401 -0.94061022
vn 0.76380898 0.51495752 -0.38912029
vn 0.34566328 -0.04663743 -0.93719894
vn 0.35776285 -0.09693691 -0.92876745
vn 0.76486113 0.51567671 -0.38608935
vn 0.36971247 -0.14236768 -0.91817435
vn 0.76906132 0.51362098 -0.38044472
vn 0.38565270 -0.19918433 -0.90088712
vn 0.77356640 0.51100424 -0.37479286
vn 0.40435984 -0.25346267 -0.87877744
vn 0.77790796 0.50820749 -0.36957319
vn 0.42775414 -0.30926919 -0.84934031
vn 0.78605604 0.50712447 -0.35346949
vn 0.45314733 -0.36606795 -0.81280487
vn 0.79589358 0.50072746 -0.34033135
vn 0.47914241 -0.41703349 -0.77233776
vn 0.80316294 0.49785304 -0.32721804
vn 0.50776640 -0.47047680 -0.72168197
vn 0.81205638 0.50136204 -0.29866460
vn 0.54260542 -0.52274670 -0.65750684
vn 0.58867963 -0.57855812 -0.56455894
vn 0.82622547 0.49536611 -0.26826087
vn 0.84001936 0.48434774 -0.24448872
vn 0.63104688 -0.63484354 -0.44581781
vn 0.84831858 0.48020876 -0.22305857
vn 0.66194694 -0.67045098 -0.33514434
vn 0.85490031 0.48065714 -0.19522851
vn 0.86754865 0.47132542 -0.15878189
vn 0.68388675 -0.69216926 -0.23065262
vn 0.87654330 0.46261550 -0.13288621
vn 0.88045789 0.46099391 -0.11080850
vn 0.69446267 -0.70504148 -0.14365971
vn 0.88469118 0.45762700 -0.08887660
vn 0.88667286 0.45720140 -0.06912394
vn 0.69794379 -0.71316173 -0.06538203
vn 0.88553689 0.46292879 -0.03900465
vn 0.38823510 0.02310612 -0.92127065
vn 0.37849854 0.09255481 -0.92096279
vn 0.91073176 0.16149896 -0.38011280
vn 0.38341726 0.07046971 -0.92088285
vn 0.91620111 0.12351886 -0.38120678
vn 0.38600122 0.04641899 -0.92132965
vn 0.91953257 0.09543691 -0.38125012
vn 0.92332662 0.05351425 -0.38026856
vn 0.37228125 0.11484598 -0.92098701
vn 0.89586219 0.22916417 -0.38067666
vn 0.90248212 0.20059919 -0.38116399
vn 0.35638423 0.15841295 -0.92081248
vn 0.86332579 0.33171398 -0.38030832
vn 0.36450279 0.13819667 -0.92089055
vn 0.87308360 0.30499390 -0.38039946
vn 0.88641780 0.26463580 -0.37977807
vn 0.34507636 0.17855361 -0.92143416
vn 0.83215884 0.40420747 -0.37964191
vn 0.84998684 0.36541797 -0.37946289
vn 0.80619091 0.46100062 -0.37085665
vn 0.82118006 0.42649593 -0.37916294
vn 0.61302532 0.34650848 -0.71002241
vn 0.33369714 0.19259430 -0.92279665
vn -0.57623558 -0.41232038 -0.70565180
vn -0.60495241 -0.35266367 -0.71390540
vn -0.62522132 -0.31686185 -0.71322988
vn -0.63782475 -0.29598848 -0.71103474
vn -0.70103687 -0.03042656 -0.71247563
vn -0.70197388 -0.05477128 -0.71009350
vn -0.69660095 -0.07882192 -0.71311585
vn -0.69254886 -0.12174059 -0.71102412
vn -0.68388761 -0.15592333 -0.71273113
vn -0.67847250 -0.18205624 -0.71170962
vn -0.67049149 -0.20252466 -0.71374010
vn -0.65888838 -0.24544153 -0.71107282
vn -0.64073758 -0.28213521 -0.71404137
vn 0.61787669 -0.17458918 -0.76664660
vn 0.46108188 -0.69537724 -0.55122953
vn 0.58506467 -0.39724343 -0.70703394
vn 0.88895720 -0.18977837 -0.41682043
vn -0.59669955 0.28516711 0.75008624
vn -0.32278614 0.12366725 0.93835788
vn -0.30472032 0.15027029 0.94051282
vn -0.33480902 0.10178269 0.93677276
vn -0.63240917 0.21474665 0.74427315
vn -0.64446044 0.17907031 0.74337377
vn -0.63182078 0.14878424 0.76070083
vn -0.66106367 0.15472989 0.73420262
vn -0.27973535 0.18594742 0.94189792
vn -0.52501318 0.35859450 0.77186213
vn -0.55987853 0.31727979 0.76542117
vn -0.18842776 0.25382973 0.94871779
vn -0.20609220 0.24293161 0.94789780
vn -0.41724719 0.46043576 0.78352007
vn -0.24173135 0.22276050 0.94442772
vn -0.45425847 0.42823125 0.78119603
vn -0.49215003 0.39214419 0.77718162
vn -0.00504722 0.31618313 0.94868475
vn 0.01284713 0.31609423 0.94864081
vn 0.47870701 0.34603327 0.80690804
vn 0.48868080 0.33400442 0.80599760
vn 0.49707651 0.32292606 0.80537799
vn 0.24565892 0.19767426 0.94898713
vn 0.23602833 0.21108732 0.94854244
vn 0.03738799 0.31648930 0.94785899
vn 0.06652505 0.31162574 0.94787331
vn 0.09469759 0.30433723 0.94784557
vn 0.12270856 0.29427138 0.94781167
vn 0.14909537 0.28178585 0.94782240
vn 0.17444578 0.26656209 0.94789943
vn 0.19818977 0.24938209 0.94790790
vn 0.22015969 0.23030191 0.94788751
vn -0.35656915 0.00628902 0.93424777
vn -0.35632428 0.01402697 0.93425706
vn -0.35608550 0.02178520 0.93419940
vn -0.35527082 0.03171409 0.93422527
vn -0.35298319 0.04317240 0.93463309
vn -0.34963573 0.05610135 0.93520452
vn -0.34500498 0.06817560 0.93612160
vn -0.14323653 0.28492063 0.94778876
vn -0.16941233 0.27010438 0.94780962
vn -0.05902476 0.31314453 0.94786950
vn -0.08797152 0.30635052 0.94784512
vn -0.11631448 0.29693479 0.94778725
vn -0.02959470 0.31729138 0.94786620
vn -0.34259071 0.07900545 0.93615690
vn 0.27268449 0.15974867 0.94874840
vn 0.28637757 0.13972893 0.94787326
vn 0.29364624 0.11687183 0.94874278
vn 0.30395323 0.08647515 0.94875417
vn 0.29837798 0.10189634 0.94899300
vn 0.31515977 0.02310532 0.94875732
vn 0.26386074 0.17194161 0.94911200
vn 0.25499381 0.18800507 0.94848946
vn 0.31289972 0.03870208 0.94899732
vn 0.31137650 0.05509467 0.94868817
vn 0.30739669 0.07068959 0.94895219
vn -0.54289853 -0.49126743 -0.68111489
vn -0.78312396 -0.62182600 0.00702025
vn -0.54053325 -0.55689193 -0.63063078
vn -0.73203135 -0.50187753 0.46070494
vn -0.51504019 -0.61599102 -0.59606096
vn -0.74014583 -0.50177233 0.44767028
vn -0.75086543 -0.51186485 0.41736732
vn -0.76675014 -0.50494630 0.39638802
vn -0.77550799 -0.49450864 0.39249021
vn -0.77801716 -0.49561269 0.38607947
vn -0.79156793 -0.48106434 0.37682530
vn -0.60036207 -0.32216620 0.73196607
vn -0.60254043 -0.32287848 0.72985925
vn -0.60378503 -0.32458589 0.72807118
vn -0.77151277 -0.50117144 0.39191228
vn -0.76596782 -0.51096902 0.39013326
vn 0.89916148 -0.19331353 0.39260477
vn 0.69307709 -0.13853455 0.70742655
vn 0.69245176 -0.13859731 0.70802637
vn 0.88049357 -0.23283853 0.41293739
vn 0.87138661 -0.21097143 0.44291810
vn 0.89847625 -0.22506372 0.37694395
vn 0.69219673 -0.12745896 0.71036462
vn 0.88959515 -0.20999296 0.40561488
vn 0.90376879 -0.20474282 0.37587545
vn 0.90751888 -0.18774610 0.37571382
vn 0.69435706 -0.13690989 0.70648705
vn 0.54035570 -0.29293727 -0.78879875
vn 0.28786045 -0.18029069 -0.94054858
vn 0.31177586 -0.13511397 -0.94049988
vn 0.41332188 -0.71597412 -0.56262429
vn 0.40845480 -0.75504585 -0.51290394
vn 0.39896007 -0.74469716 -0.53502990
vn 0.61213970 -0.18401180 -0.76904138
vn 0.59516622 -0.23551312 -0.76831682
vn 0.87934974 -0.22808191 -0.41799841
vn 0.87176751 -0.25906151 -0.41582273
vn 0.61096165 -0.19623010 -0.76695476
vn 0.61000254 -0.18549218 -0.77038273
vn 0.33788079 -0.11402046 -0.93425687
vn 0.35567492 -0.02617646 -0.93424309
vn -0.30287982 -0.08434910 -0.94928870
vn -0.31109096 -0.07077861 -0.94774089
vn 0.35629466 -0.01020958 -0.93431787
vn 0.35533212 -0.01698447 -0.93458580
vn -0.31581848 -0.03417283 -0.94820404
vn -0.31420790 -0.05492984 -0.94776374
vn 0.09006935 -0.30265872 -0.94883361
vn 0.07642772 -0.30727222 -0.94854762
vn 0.02900013 -0.31319522 -0.94924588
vn 0.01570734 -0.31695577 -0.94831024
vn -0.16932011 -0.26477909 -0.94932752
vn -0.15911503 -0.27256704 -0.94888862
vn -0.14771339 -0.27765256 -0.94925750
vn -0.27677528 -0.15326128 -0.94863398
vn -0.28114809 -0.14082548 -0.94927548
vn -0.29006233 -0.12959133 -0.94819298
vn -0.31594301 -0.01422781 -0.94867148
vn -0.03241451 -0.31260198 -0.94933098
vn -0.04509252 -0.31262592 -0.94880541
vn -0.06233120 -0.31112158 -0.94832388
vn -0.08051012 -0.30562943 -0.94874062
vn -0.09179979 -0.30112799 -0.94915475
vn -0.10459732 -0.29784154 -0.94886765
vn -0.29677998 -0.11516322 -0.94797631
vn -0.30090326 -0.09690154 -0.94871878
vn 0.16587987 -0.26731566 -0.94922400
vn 0.35577135 -0.03701926 -0.93383956
vn 0.35206828 -0.05028078 -0.93462279
vn 0.34613380 -0.06540223 -0.93590274
vn 0.34187687 -0.07755920 -0.93653872
vn 0.17742347 -0.26176047 -0.94868455
vn 0.15480186 -0.27794304 -0.94804222
vn 0.14027264 -0.28668615 -0.94769966
vn 0.06132368 -0.31195005 -0.94811738
vn 0.04208007 -0.31358330 -0.94862784
vn 0.00035909 -0.31819641 -0.94802474
vn -0.01914684 -0.31528844 -0.94880272
vn -0.12226656 -0.29225146 -0.94849353
vn -0.13745240 -0.28355793 -0.94905307
vn -0.17943310 -0.25918765 -0.94901292
vn -0.19396554 -0.25098954 -0.94835733
vn -0.20718878 -0.23832921 -0.94882664
vn -0.21820380 -0.22774227 -0.94895762
vn -0.23459948 -0.21236445 -0.94861184
vn -0.24806390 -0.21216233 -0.94522561
vn 0.12178046 -0.29408841 -0.94798815
vn 0.10098840 -0.30196402 -0.94795521
vn -0.25674636 -0.18720165 -0.94817554
vn -0.26795957 -0.16995981 -0.94832027
vn 0.19408188 -0.25115990 -0.94828842
vn 0.25312982 -0.21274558 -0.94375029
vn 0.21903882 -0.23723507 -0.94643622
vn 0.95547952 -0.29503424 0.00369874
vn 0.95504857 -0.29637827 0.00649236
vn -0.74632108 -0.48779218 -0.45283952
vn -0.76210470 -0.46596677 -0.44952353
vn -0.48288420 -0.34026768 -0.80687096
vn -0.45725466 -0.37454906 -0.80661712
vn -0.71756411 -0.53094644 -0.45077448
vn -0.46120685 -0.36555842 -0.80848951
vn -0.73543602 -0.50511373 -0.45165693
vn -0.46310705 -0.04734331 -0.88503699
vn -0.45125922 0.25907564 -0.85395839
vn -0.46431465 0.18052934 -0.86707616
vn -0.47109196 0.20915884 -0.85692762
vn -0.42709324 0.47144022 -0.77157986
vn -0.47717024 -0.34966457 -0.80625260
vn 0.68798523 -0.15168299 -0.70969612
vn -0.37813534 0.07216184 -0.92293355
vn -0.38053923 0.06730747 -0.92231210
vn 0.65179459 -0.19343799 -0.73331137
vn -0.38004957 0.03376075 -0.92434979
vn 0.67107801 -0.29495198 -0.68018942
vn -0.37543537 -0.00027702 -0.92684853
vn 0.65861580 -0.38450227 -0.64682551
vn -0.38066414 -0.03561007 -0.92402745
vn 0.64875672 -0.45086060 -0.61305745
vn -0.38476380 -0.10091810 -0.91748153
vn 0.64888735 -0.49467168 -0.57813937
vn -0.39552674 -0.19030054 -0.89852340
vn 0.64076643 -0.54237749 -0.54336456
vn 0.63452672 -0.59019553 -0.49904416
vn -0.41536998 -0.28962643 -0.86231335
vn 0.63110220 -0.62277484 -0.46245164
vn 0.63062226 -0.66444818 -0.40102891
vn -0.43051040 -0.37542445 -0.82080283
vn 0.64340489 -0.67575654 -0.35969882
vn -0.44774895 -0.41153444 -0.79382636
vn 0.76169468 -0.63745596 -0.11606510
vn -0.47220909 -0.46212541 -0.75063885
vn 0.67896734 -0.70735229 -0.19661151
vn -0.48869897 -0.50216154 -0.71344734
vn 0.64260783 -0.73926954 -0.20133488
vn -0.51291667 -0.53515108 -0.67121517
vn 0.62868659 -0.75794267 -0.17400022
vn -0.53824092 -0.57140649 -0.61950894
vn 0.59764404 -0.78409227 -0.16739450
vn -0.55588012 -0.59843128 -0.57695520
vn 0.58521992 -0.79596135 -0.15480043
vn -0.62142569 -0.65210736 -0.43426502
vn 0.50194151 -0.85152694 -0.15151432
vn -0.58352970 -0.62151413 -0.52269807
vn 0.56305447 -0.81383734 -0.14366090
vn 0.57300005 -0.80357495 -0.16105351
vn -0.64425476 -0.67321191 -0.36293461
vn 0.44375448 -0.88988455 -0.10577071
vn 0.43876161 -0.88846793 -0.13458451
vn 0.43661492 -0.88959867 -0.13409556
vn 0.44263189 -0.88785054 -0.12569182
vn 0.48068969 -0.86823263 -0.12292079
vn 0.35766070 -0.93343251 -0.02797460
vn -0.65822209 -0.69098560 -0.29880191
vn 0.51443541 -0.85718590 -0.02425979
vn -0.67407220 -0.69530054 -0.24936686
vn 0.70834929 -0.70406714 0.05030649
vn -0.69222102 -0.70244673 -0.16552540
vn 0.71012655 -0.70244686 0.04784021
vn 0.71032739 -0.70293112 0.03637085
vn -0.70112431 -0.70459160 -0.10943210
vn 0.71292302 -0.70085983 0.02315759
vn -0.70203288 -0.70940229 -0.06243576
vn -0.70420808 -0.70975521 -0.01839900
vn 0.71251985 -0.70161214 0.00747413
vn 0.35307125 -0.81999962 -0.45049009
vn 0.40124276 -0.75690805 -0.51584344
vn 0.47992924 -0.58101949 -0.65733118
vn 0.40699824 -0.72052858 -0.56141873
vn -0.42697473 0.45910457 -0.77904786
vn -0.46325037 0.20081397 -0.86317602
vn -0.44353945 0.31193450 -0.84021999
vn -0.38740417 0.53364349 -0.75175969
vn -0.76203494 -0.51647465 0.39058505
vn -0.69412529 -0.56219016 -0.44959127
vn -0.76139702 -0.52059393 0.38633732
vn -0.66535120 -0.59703439 -0.44817152
vn -0.63862042 -0.62381753 -0.45057258
vn -0.84284413 -0.48681189 0.22940786
vn -0.83585985 -0.49046373 0.24654338
vn -0.56246259 -0.69428031 -0.44901078
vn -0.82252363 -0.49960352 0.27175577
vn -0.80773536 -0.50636873 0.30191771
vn -0.79556328 -0.51085768 0.32573532
vn -0.78288511 -0.51569372 0.34806737
vn -0.58639626 -0.67530018 -0.44733555
vn -0.61150709 -0.65027519 -0.45077850
vn -0.62376078 -0.63699683 -0.45294318
vn -0.77387446 -0.51559370 0.36780628
vn -0.76643677 -0.51855155 0.37905009
vn -0.87974354 -0.47543117 0.00406322
vn -0.87736183 -0.47936134 0.02118802
vn -0.47340057 -0.75793748 -0.44880138
vn -0.87448373 -0.48212003 0.05327731
vn -0.87066493 -0.48358840 0.08991576
vn -0.86367914 -0.48825770 0.12515095
vn -0.84590815 -0.49457133 0.19959610
vn -0.53849881 -0.71250248 -0.44984358
vn -0.51058932 -0.73390221 -0.44798002
vn -0.85544693 -0.49279730 0.15925256
vn -0.48716799 -0.75057749 -0.44643115
vn 0.50079844 -0.73879030 -0.45098761
vn 0.53350493 -0.71704896 -0.44856803
vn 0.60855001 -0.79351478 0.00108223
vn 0.87329564 -0.46504446 0.14521841
vn 0.87599102 -0.46919016 0.11180489
vn 0.88010850 -0.46859100 0.07636431
vn 0.88217926 -0.46779197 0.05413335
vn 0.87628933 -0.48067401 0.03270343
vn 0.51757772 -0.85550359 0.01506371
vn 0.86799087 -0.49652074 0.00768177
vn 0.87979278 -0.47467495 0.02546297
vn 0.42713989 -0.90409911 0.01250291
vn 0.39599426 -0.80042297 -0.45001291
vn 0.47233731 -0.88125340 0.01702705
vn 0.42539054 -0.78543768 -0.44958930
vn 0.46506000 -0.76255528 -0.44969839
vn 0.26222433 -0.96497442 0.00792315
vn 0.25224786 -0.85678520 -0.44976677
vn 0.33228256 -0.94313077 0.00962515
vn 0.28702859 -0.84644055 -0.44850081
vn 0.38027885 -0.92473694 0.01579829
vn 0.33387081 -0.82888461 -0.44886588
vn 0.36993990 -0.81259018 -0.45037948
vn 0.19068371 -0.98163454 0.00577457
vn 0.19576874 -0.87143393 -0.44975272
vn 0.22709742 -0.86355418 -0.45022320
vn 0.13364094 -0.99064977 0.02744339
vn 0.14588837 -0.88046639 -0.45110478
vn 0.16499599 -0.87760781 -0.45008982
vn 0.02809013 -0.99323192 0.11270006
vn 0.02533317 -0.89045563 -0.45436439
vn 0.05061208 -0.89097943 -0.45121400
vn 0.09265184 -0.99568516 0.00516619
vn 0.07763296 -0.88967764 -0.44994092
vn 0.10449716 -0.88631458 -0.45113945
vn 0.12695903 -0.88292559 -0.45202192
vn 0.00767868 -0.88897458 -0.45789216
vn -0.00719258 -0.99979791 0.01877249
vn -0.01018989 -0.89195514 -0.45200906
vn -0.06306344 -0.99799511 0.00536390
vn -0.04712220 -0.89229352 -0.44898971
vn -0.16068513 -0.98699370 0.00487026
vn -0.12019721 -0.88507793 -0.44965508
vn -0.10952105 -0.99397883 0.00335142
vn -0.09464212 -0.88772506 -0.45054088
vn -0.07615266 -0.88956358 -0.45041915
vn -0.30799803 -0.95125370 0.01592493
vn -0.25709078 -0.85551206 -0.44944793
vn -0.25750390 -0.96622978 0.00957852
vn -0.21887297 -0.86644983 -0.44873078
vn -0.21590014 -0.97599274 0.02872792
vn -0.18420062 -0.87389097 -0.44987188
vn -0.15401317 -0.87983130 -0.44964077
vn -0.35853213 -0.93345773 0.01055383
vn -0.42726294 -0.90403708 0.01278030
vn -0.36174400 -0.81635336 -0.45023158
vn -0.33978537 -0.82604816 -0.44965580
vn -0.31298444 -0.83660792 -0.44958641
vn -0.28547369 -0.84623989 -0.44986979
vn -0.49119344 -0.87093017 0.01447935
vn -0.41680229 -0.79068859 -0.44842770
vn -0.38327583 -0.80657279 -0.45004441
vn -0.88373012 -0.46711246 0.02875792
vn -0.53413304 -0.84521107 0.01789264
vn -0.45139600 -0.77083281 -0.44950911
vn 0.82906842 -0.36426923 -0.42420924
vn 0.79910915 -0.42445209 -0.42575227
vn 0.75075025 -0.49965635 -0.43210831
vn 0.70154991 -0.55928465 -0.44162020
vn 0.56623360 -0.69235211 -0.44724498
vn 0.61875304 -0.64881598 -0.44292493
vn 0.66429937 -0.60193426 -0.44314953
vn 0.84507866 -0.32420007 -0.42513100
vn 0.84508384 -0.29508772 -0.44582120
vn 0.16103902 -0.56861806 -0.80668454
vn 0.05285926 -0.58947916 -0.80605225
vn 0.10832859 -0.58125682 -0.80647717
vn 0.21178755 -0.55191472 -0.80655823
vn 0.26100857 -0.52961753 -0.80708104
vn 0.34429077 -0.48191061 -0.80574563
vn 0.31006956 -0.50477292 -0.80564332
vn 0.87465775 -0.45443917 0.16869756
vn 0.92639232 -0.37635625 0.01237908
vn 0.82300391 -0.56778066 0.01702038
vn 0.87836162 -0.47776321 0.01493935
vn 0.68164746 -0.73167028 0.00391693
vn 0.76055139 -0.64916477 0.01211157
vn 0.87988638 -0.43317778 0.19533810
vn 0.88874339 -0.40760023 0.20975519
vn 0.89694325 -0.32987800 0.29440331
vn 0.90002346 -0.34070144 0.27180932
vn 0.89316767 -0.37700071 0.24519785
vn 0.88946073 -0.39674955 0.22682461
vn 0.90202798 -0.29294356 0.31706401
vn 0.90043773 -0.22923597 0.36967927
vn 0.89881200 -0.24906058 0.36070183
vn 0.90354648 -0.26728453 0.33490705
vn -0.71024568 -0.70394484 0.00356788
vn -0.71504064 -0.69881994 0.01917236
vn -0.71697005 -0.69550062 0.04725288
vn -0.71203627 -0.69758394 0.07988116
vn -0.70258659 -0.70387310 0.10456935
vn -0.69130688 -0.71321971 0.11581212
vn -0.67825001 -0.72532758 0.11779993
vn -0.66852599 -0.73601002 0.10659386
vn -0.65674618 -0.75136643 0.06428800
vn -0.82413105 -0.44747366 0.34723959
vn -0.81801809 -0.41165578 0.40172867
vn -0.81044894 -0.38819988 0.43871786
vn -0.79502508 -0.38130052 0.47174679
vn -0.77216083 -0.39617482 0.49680295
vn -0.75111619 -0.40027462 0.52498067
vn -0.73301229 -0.42901375 0.52786379
vn -0.72002560 -0.43754290 0.53862728
vn -0.71507106 -0.44399421 0.53994678
vn -0.50534719 -0.82959656 -0.23747373
vn -0.54960569 -0.79959541 -0.24203465
vn -0.75960513 -0.56265085 0.32622702
vn -0.52907764 -0.73455560 -0.42485870
vn -0.50998779 -0.69140895 -0.51172857
vn -0.73831956 -0.64015575 0.21233190
vn -0.74250823 -0.60176367 0.29421423
vn -0.74151883 -0.59740022 0.30538959
vn -0.51455195 -0.77147654 -0.37424624
vn -0.48461421 -0.84652334 -0.22033454
vn -0.52505123 -0.79080091 -0.31457132
vn -0.37916812 -0.89663767 -0.22863165
vn -0.41475817 -0.88530373 -0.21026878
vn -0.45031447 -0.87110892 -0.19592378
vn -0.47164559 -0.85617431 -0.21098815
vn -0.74860238 -0.61013726 0.25947446
vn -0.52110422 -0.75092095 -0.40566995
vn 0.87232000 -0.21716279 0.43806180
vn 0.88040547 -0.20769907 0.42631831
vn 0.78297089 0.00885453 0.62199532
vn 0.82443866 0.02481540 0.56540701
vn 0.86143032 0.00977520 0.50778169
vn 0.89322263 0.01053599 0.44949120
vn 0.93328521 -0.16432532 0.31933666
vn 0.93503283 -0.17690545 0.30727522
vn 0.91991614 0.00578233 0.39207252
vn 0.93636096 -0.18213055 0.30009435
vn 0.93528329 -0.25477828 0.24562815
vn 0.92881730 -0.29215881 0.22790710
vn 0.91955295 -0.33252364 0.20940489
vn 0.92185887 -0.34197513 0.18228887
vn 0.91768506 -0.34640870 0.19456401
vn 0.93249140 -0.27774953 0.23090038
vn 0.96945652 -0.14206967 0.19992565
vn 0.95979372 -0.20147672 0.19545625
vn 0.96977173 -0.15363173 0.18957869
vn 0.92556680 -0.13231773 0.35470850
vn 0.89161735 -0.19444070 0.40891481
vn 0.89848986 -0.17182971 0.40396848
vn 0.91134231 -0.15921706 0.37961179
vn 0.91761606 -0.14868493 0.36861030
vn 0.92361158 -0.13989019 0.35689267
vn 0.77471075 -0.60519549 0.18319846
vn 0.91560662 -0.28656844 0.28203378
vn 0.92916331 -0.35953705 0.08595726
vn 0.90954672 -0.27299363 0.31336758
vn 0.95960852 -0.28099913 0.01381953
vn 0.97615717 -0.21698415 -0.00592149
vn 0.39717010 -0.47521771 0.78512677
vn 0.34347723 -0.47026373 0.81294244
vn 0.19940254 -0.86352737 0.46320526
vn -0.00000000 -0.47522377 0.87986497
vn -0.06052319 -0.47038977 0.88038083
vn -0.02984237 -0.86347616 0.50350606
vn -0.63118511 -0.47507730 0.61311248
vn -0.67353246 -0.47017881 0.57033841
vn -0.38612902 -0.86356129 0.32429351
vn -0.01557015 -0.99597198 0.08830278
vn -0.00521354 -0.99597198 0.08951328
vn -0.01029104 -0.98421283 0.17668953
vn -0.09067931 -0.99579559 0.01297745
vn -0.08724804 -0.99597198 0.02067816
vn -0.17221819 -0.98421284 0.04081646
vn -0.17239249 -0.98473327 0.02410831
vn -0.24707071 -0.96481569 0.08992638
vn -0.16631525 -0.98421283 0.06053379
vn -0.08425754 -0.99597198 0.03066724
vn 0.01528784 -0.96481568 0.26248234
vn 0.01029103 -0.98421284 0.17668952
vn 0.00521355 -0.99597198 0.08951328
vn 0.17946547 -0.98345117 0.02481802
vn 0.09240615 -0.99563500 0.01311689
vn -0.30992346 -0.93793430 0.15564930
vn -0.23496023 -0.96481570 0.11800152
vn -0.15816309 -0.98421284 0.07943255
vn -0.08012754 -0.99597198 0.04024157
vn 0.06022342 -0.93793430 0.34154413
vn 0.04565685 -0.96481569 0.25893270
vn 0.03073382 -0.98421284 0.17430009
vn 0.01557014 -0.99597198 0.08830278
vn -0.35758604 -0.90378031 0.23518796
vn -0.28975798 -0.93793432 0.19057684
vn -0.21967244 -0.96481569 0.14448078
vn -0.14787214 -0.98421284 0.09725701
vn -0.07491402 -0.99597198 0.04927170
vn 0.12275080 -0.90378031 0.41001634
vn 0.09946707 -0.93793431 0.33224319
vn 0.07540836 -0.96481569 0.25188145
vn 0.05076100 -0.98421283 0.16955359
vn 0.02571623 -0.99597198 0.08589811
vn -0.32786445 -0.90378031 0.27511099
vn -0.26567411 -0.93793431 0.22292710
vn -0.20141389 -0.96481569 0.16900630
vn -0.13558144 -0.98421284 0.11376629
vn -0.06868736 -0.99597198 0.05763554
vn 0.16952081 -0.90378032 0.39299343
vn 0.13736555 -0.93793430 0.31844930
vn 0.10414009 -0.96481569 0.24142395
vn 0.07010177 -0.98421284 0.16251410
vn 0.03551449 -0.99597198 0.08233182
vn 0.26114932 -0.96481569 0.03052402
vn 0.34139448 -0.93892234 0.04329725
vn 0.42479501 -0.90370169 0.05359521
vn -0.34702095 -0.93684314 0.04360483
vn -0.42510269 -0.90378032 0.04968742
vn -0.49955960 -0.86419397 0.06007485
vn -0.47414866 -0.86318430 0.17348175
vn -0.49060642 -0.86357822 0.11635292
vn -0.41645993 -0.90378032 0.09870283
vn -0.70881585 -0.47519986 0.52131103
vn -0.75023653 -0.46584036 0.46918857
vn -0.42228914 -0.86323063 0.27659493
vn -0.45204471 -0.86262105 0.22702534
vn -0.38247178 -0.90378032 0.19208453
vn -0.40218527 -0.90378033 0.14638351
vn -0.32589758 -0.93793431 0.11861700
vn -0.33746456 -0.93793431 0.07998061
vn -0.25583992 -0.96481569 0.06063518
vn -0.25823965 -0.96552467 0.03277810
vn -0.14422988 -0.86307404 0.48404643
vn -0.19940254 -0.86352738 0.46320524
vn -0.16952084 -0.90378030 0.39299345
vn -0.11998804 -0.47494288 0.87179822
vn -0.17642215 -0.47169890 0.86393019
vn -0.08824663 -0.86299183 0.49745114
vn -0.12275079 -0.90378031 0.41001634
vn -0.13736555 -0.93793431 0.31844928
vn 0.08824664 -0.86299183 0.49745114
vn 0.02984236 -0.86347616 0.50350607
vn 0.02488585 -0.90378032 0.42727256
vn -0.02488584 -0.90378031 0.42727258
vn -0.02016535 -0.93793431 0.34622621
vn -0.06022345 -0.93793430 0.34154412
vn -0.04565684 -0.96481569 0.25893271
vn -0.07540837 -0.96481569 0.25188145
vn -0.05076102 -0.98421283 0.16955358
vn -0.07010176 -0.98421284 0.16251411
vn -0.03551449 -0.99597198 0.08233182
vn -0.04483248 -0.99597198 0.07765217
vn -0.05354421 -0.99597198 0.07192236
vn 0.28646328 -0.47501511 0.83204533
vn 0.23129378 -0.47106303 0.85123605
vn 0.14422987 -0.86307404 0.48404643
vn 0.07432085 -0.90378031 0.42149444
vn 0.02016537 -0.93793430 0.34622623
vn -0.01528785 -0.96481568 0.26248233
vn -0.03073381 -0.98421284 0.17430009
vn -0.02571623 -0.99597198 0.08589812
vn 0.08724804 -0.99597198 0.02067820
vn 0.17221819 -0.98421284 0.04081645
vn 0.25583991 -0.96481569 0.06063515
vn 0.33746457 -0.93793430 0.07998064
vn 0.41645993 -0.90378033 0.09870283
vn 0.50314173 -0.86209225 0.06037665
vn 0.49060642 -0.86357822 0.11635290
vn -0.88081564 -0.46600592 0.08367975
vn -0.86782740 -0.47517015 0.14522027
vn -0.78820090 -0.46828093 0.39931480
vn -0.82227949 -0.47114621 0.31918284
vn -0.83995406 -0.47512917 0.26216302
vn -0.85849745 -0.47013610 0.20482721
vn -0.34597423 -0.86313776 0.36782473
vn -0.59025895 -0.47131541 0.65532904
vn -0.06153185 -0.99597198 0.06521994
vn -0.10569047 -0.98421283 0.14196697
vn -0.12145722 -0.98421283 0.12873710
vn -0.15700921 -0.96481570 0.21089993
vn -0.18043151 -0.96481569 0.19124629
vn -0.20710238 -0.93793430 0.27818671
vn -0.23799752 -0.93793430 0.25226260
vn -0.25558187 -0.90378033 0.34330603
vn -0.29370909 -0.90378032 0.31131349
vn -0.30209725 -0.86288976 0.40516479
vn -0.54511294 -0.47305603 0.69214874
vn -0.25282086 -0.86340732 0.43658838
vn -0.45706545 -0.46524217 0.75805072
vn -0.49817418 -0.47186354 0.72743885
vn -0.13146360 -0.96481569 0.22770157
vn -0.17340645 -0.93793430 0.30034887
vn -0.21399829 -0.90378032 0.37065600
vn -0.39717010 -0.47521771 0.78512677
vn -0.23129378 -0.47106303 0.85123605
vn -0.28646328 -0.47501511 0.83204533
vn -0.34347723 -0.47026373 0.81294244
vn -0.07432085 -0.90378031 0.42149445
vn -0.09946705 -0.93793431 0.33224320
vn -0.10414009 -0.96481569 0.24142395
vn -0.08849445 -0.98421284 0.15327695
vn 0.17642215 -0.47169890 0.86393019
vn 0.11998804 -0.47494288 0.87179822
vn 0.06052319 -0.47038977 0.88038083
vn 0.25282087 -0.86340731 0.43658838
vn 0.45140435 -0.47055519 0.75816352
vn 0.30209724 -0.86288977 0.40516478
vn 0.54662693 -0.47190698 0.69173897
vn 0.50063734 -0.47486187 0.72378758
vn 0.05354422 -0.99597198 0.07192236
vn 0.04483248 -0.99597198 0.07765217
vn 0.10569049 -0.98421283 0.14196697
vn 0.08849446 -0.98421284 0.15327696
vn 0.15700922 -0.96481570 0.21089992
vn 0.13146358 -0.96481570 0.22770156
vn 0.20710238 -0.93793431 0.27818670
vn 0.17340645 -0.93793430 0.30034889
vn 0.25558189 -0.90378032 0.34330604
vn 0.21399829 -0.90378032 0.37065598
vn 0.06153185 -0.99597198 0.06521995
vn 0.12145721 -0.98421284 0.12873709
vn 0.18043152 -0.96481569 0.19124631
vn 0.23799751 -0.93793431 0.25226258
vn 0.29370913 -0.90378031 0.31131351
vn 0.34597422 -0.86313778 0.36782470
vn 0.58961042 -0.46991663 0.65691546
vn 0.38612900 -0.86356129 0.32429353
vn 0.67353246 -0.47017881 0.57033841
vn 0.63118511 -0.47507730 0.61311248
vn 0.06868736 -0.99597198 0.05763554
vn 0.13558143 -0.98421284 0.11376630
vn 0.20141388 -0.96481569 0.16900630
vn 0.26567412 -0.93793431 0.22292711
vn 0.32786443 -0.90378031 0.27511102
vn 0.42228915 -0.86323063 0.27659493
vn 0.74539438 -0.47086453 0.47188327
vn 0.70881585 -0.47519986 0.52131103
vn 0.07491402 -0.99597198 0.04927171
vn 0.14787214 -0.98421283 0.09725702
vn 0.21967243 -0.96481570 0.14448076
vn 0.28975801 -0.93793431 0.19057684
vn 0.35758603 -0.90378033 0.23518791
vn 0.08012756 -0.99597198 0.04024155
vn 0.15816310 -0.98421284 0.07943255
vn 0.23496026 -0.96481569 0.11800150
vn 0.30992341 -0.93793431 0.15564931
vn 0.38247180 -0.90378030 0.19208457
vn 0.45204472 -0.86262105 0.22702530
vn 0.78868263 -0.47106409 0.39506751
vn 0.08425752 -0.99597198 0.03066723
vn 0.16631524 -0.98421283 0.06053379
vn 0.24707071 -0.96481568 0.08992643
vn 0.32589757 -0.93793432 0.11861696
vn 0.40218529 -0.90378032 0.14638349
vn 0.47414867 -0.86318428 0.17348179
vn 0.82227948 -0.47114623 0.31918285
vn 0.83995406 -0.47512917 0.26216302
vn 0.87798393 -0.47099531 0.08548478
vn 0.86782740 -0.47517015 0.14522027
vn 0.85849745 -0.47013610 0.20482721
vn -0.87581343 0.46463291 -0.13064110
vn -0.87347431 0.46460063 -0.14556403
vn -0.71095569 -0.69423519 -0.11215845
vn -0.42793557 0.45374913 -0.78165393
vn -0.39321808 0.45878742 -0.79680213
vn -0.32529819 -0.69416351 -0.64212001
vn 0.88399383 0.45989199 -0.08398973
vn 0.71077432 -0.69439762 -0.11230231
vn 0.87531736 0.46157522 -0.14411051
vn 0.86830002 0.45504338 -0.19746035
vn 0.85970955 0.45645225 -0.22923969
vn 0.68424265 -0.69459417 -0.22215069
vn 0.84612310 0.46243800 -0.26500338
vn 0.64085702 -0.69471580 -0.32660716
vn 0.79344518 0.46635280 -0.39110077
vn 0.81497224 0.46002240 -0.35241970
vn 0.83540103 0.45855615 -0.30303692
vn 0.58149148 -0.69283403 -0.42643718
vn 0.75204617 0.45587053 -0.47603426
vn 0.78215095 0.45721129 -0.42331753
vn 0.57812787 0.44746653 -0.68230628
vn 0.62032950 0.45072666 -0.64190092
vn 0.50981252 -0.69295901 -0.50980291
vn 0.64304613 0.45373194 -0.61694327
vn 0.68079031 0.44605666 -0.58099742
vn 0.70959706 0.44666619 -0.54494158
vn 0.72818828 0.45871721 -0.50923507
vn 0.54801740 0.44632710 -0.70743837
vn 0.42528197 -0.69216398 -0.58313315
vn 0.51371240 0.45070042 -0.73004705
vn 0.35482637 0.45884339 -0.81459253
vn 0.38989963 0.46422128 -0.79528415
vn 0.32889392 -0.69327723 -0.64124525
vn 0.43202100 0.44234335 -0.78593270
vn 0.46706108 0.45567436 -0.75776964
vn 0.32385875 0.45718492 -0.82831000
vn 0.22254404 -0.69453250 -0.68417743
vn 0.29550294 0.45988205 -0.83736880
vn 0.13377971 0.45600045 -0.87986736
vn 0.17673614 0.44818724 -0.87629478
vn 0.11212506 -0.69430769 -0.71089014
vn 0.22529529 0.45464041 -0.86171000
vn 0.26832895 0.45933220 -0.84676650
vn -0.00014109 -0.69397236 -0.72000163
vn 0.04798957 0.45654039 -0.88840749
vn 0.08931636 0.45916544 -0.88384936
vn -0.13383428 0.46038218 -0.87757429
vn -0.09068855 0.45989956 -0.88332779
vn -0.11201212 -0.69425690 -0.71095755
vn -0.04613791 0.45397347 -0.88981986
vn 0.00087764 0.45627960 -0.88983603
vn -0.22429521 -0.69358861 -0.68456300
vn -0.22721125 0.45658793 -0.86017586
vn -0.17584468 0.45220904 -0.87440587
vn -0.35578726 0.44605197 -0.82125092
vn -0.30278823 0.45797771 -0.83580842
vn -0.26689490 0.46518283 -0.84402135
vn -0.47390373 0.45399699 -0.75452103
vn -0.42657314 -0.69282300 -0.58140489
vn -0.51121557 0.45992500 -0.72603556
vn -0.54452588 0.45541003 -0.70433889
vn -0.50966023 -0.69303092 -0.50985743
vn -0.57789222 0.44975450 -0.68100035
vn -0.67959500 0.45002683 -0.57933280
vn -0.70500935 0.45601071 -0.54315380
vn -0.58151831 -0.69288002 -0.42632586
vn -0.63941758 0.46236863 -0.61429668
vn -0.61595587 0.46060879 -0.63909147
vn -0.79571866 0.45672118 -0.39779087
vn -0.78002078 0.45755866 -0.42685789
vn -0.64205298 -0.69412006 -0.32552314
vn -0.75549250 0.45290461 -0.47340099
vn -0.72504891 0.46181963 -0.51090774
vn -0.68462302 -0.69360563 -0.22405928
vn -0.83373219 0.45894406 -0.30701952
vn -0.82521964 0.44368642 -0.34950665
vn -0.87143292 0.45728490 -0.17746881
vn -0.86513500 0.44911462 -0.22324312
vn -0.84796825 0.45650671 -0.26935380
vn -0.71320464 -0.70051549 -0.02484331
vn -0.88560041 0.46435635 -0.00922450
vn -0.88651434 0.46005016 -0.04945884
vn -0.88220345 0.46051065 -0.09821923
vn 0.69935632 -0.71436119 0.02426582
vn 0.68552460 -0.72003355 0.10773910
vn 0.65937248 -0.72029372 0.21541794
vn 0.61687236 -0.72182104 0.31375609
vn 0.56188478 -0.71984836 0.40755838
vn 0.48803830 -0.72114505 0.49169953
vn 0.40856775 -0.72211239 0.55823480
vn 0.31542297 -0.71973770 0.61845452
vn 0.21202022 -0.72122863 0.65945180
vn 0.11035278 -0.72153808 0.68352400
vn -0.00000000 -0.71970077 0.69428438
vn -0.11035278 -0.72153808 0.68352400
vn -0.21202022 -0.72122863 0.65945180
vn -0.31742064 -0.72083970 0.61614468
vn -0.40358627 -0.72355177 0.55999193
vn -0.48924625 -0.72063027 0.49125362
vn -0.56268076 -0.72109393 0.40424485
vn -0.61280292 -0.72414687 0.31636039
vn -0.65937248 -0.72029372 0.21541794
vn -0.68484609 -0.72107466 0.10505795
vn -0.69750999 -0.71605079 0.02740586
vn -0.88523477 0.46514448 -0.00014821
vn -0.88459469 0.46636008 -0.00071537
vn 0.70255417 -0.01002386 -0.71155967
vn 0.50477400 -0.08436617 -0.85911906
vn 0.69513223 -0.11353626 -0.70985963
vn 0.92322280 -0.02781913 0.38325678
vn 0.70421501 -0.02228818 -0.70963685
vn 0.92269327 -0.04672833 0.38269256
vn 0.70430775 -0.03538451 -0.70901236
vn 0.92153199 -0.06369424 0.38304287
vn 0.70278937 -0.04862261 -0.70973442
vn 0.91993996 -0.08156483 0.38348096
vn 0.70271492 -0.06447752 -0.70854386
vn 0.91816457 -0.09849759 0.38376040
vn 0.70152795 -0.07610721 -0.70856632
vn 0.91535893 -0.11522649 0.38579901
vn 0.69928358 -0.09268346 -0.70881045
vn 0.91271940 -0.13684016 0.38499100
vn 0.90634337 -0.16281709 0.38991319
vn -0.78937204 -0.47658763 0.38698323
vn -0.81612289 -0.43105400 0.38488424
vn -0.83885058 -0.38608215 0.38375809
vn -0.84954209 -0.35181906 0.39306691
vn -0.85982939 -0.33347054 0.38664043
vn -0.87101372 -0.30358042 0.38623053
vn -0.87966950 -0.27838641 0.38559381
vn -0.89569666 -0.22564550 0.38316002
vn -0.90455923 -0.17810278 0.38736547
vn -0.92255063 -0.04840025 0.38282863
vn -0.92024734 -0.07407579 0.38426243
vn -0.91449223 -0.11523654 0.38784597
vn -0.91067417 -0.14388701 0.38725842
vn -0.91055866 -0.16111017 0.38069206
vn -0.91619922 -0.12724052 0.37998532
vn -0.91943946 -0.09298348 0.38208003
vn -0.92244939 -0.06350378 0.38086006
vn -0.92400442 -0.02652863 0.38146042
vn -0.90577938 -0.18265557 0.38236195
vn -0.90149063 -0.20301623 0.38222906
vn -0.89404926 -0.23436765 0.38176921
vn -0.88567555 -0.26185455 0.38342014
vn -0.87647156 -0.29226461 0.38259509
vn -0.86317599 -0.33169459 0.38066509
vn -0.85156843 -0.36086810 0.38027019
vn -0.83719775 -0.39342974 0.37988546
vn -0.81436387 -0.43938806 0.37914328
vn 0.89698879 -0.15051121 -0.41564106
vn 0.90919332 -0.06855822 -0.41069121
vn 0.90649117 -0.08844484 -0.41285744
vn 0.90257879 -0.11647243 -0.41447038
vn 0.91184880 -0.02538519 -0.40974059
vn 0.91095592 -0.04234363 -0.41032466
vn 0.91007026 -0.05510345 -0.41077454
vn -0.50386619 -0.31017628 -0.80616967
vn -0.89266634 -0.02582515 -0.44997763
vn -0.58891357 -0.05309558 -0.80645004
vn -0.89107813 -0.05988787 -0.44988134
vn -0.57997298 -0.10743083 -0.80752087
vn -0.88458398 -0.12291804 -0.44989148
vn -0.88834997 -0.09065166 -0.45012955
vn -0.87043438 -0.19695532 -0.45116803
vn -0.87491379 -0.17631352 -0.45104257
vn -0.87939009 -0.15538205 -0.45003276
vn -0.56888789 -0.15975726 -0.80674915
vn -0.85820038 -0.24709611 -0.44992845
vn -0.86477053 -0.22196909 -0.45044606
vn -0.84923953 -0.27438447 -0.45111570
vn -0.55075296 -0.21374938 -0.80683479
vn -0.84103242 -0.29926023 -0.45067480
vn -0.52945390 -0.26319668 -0.80647757
vn -0.81301549 -0.36986233 -0.44967507
vn -0.82920962 -0.33283785 -0.44903270
vn -0.78325861 -0.42947210 -0.44951048
vn -0.79876713 -0.39954774 -0.44981405
vn 0.91790274 -0.02106653 0.39624583
vn 0.92312145 -0.02988794 0.38334513
vn 0.92311744 -0.04501800 0.38187377
vn 0.92185463 -0.06519554 0.38201253
vn 0.91998074 -0.09106444 0.38123837
vn 0.91042573 -0.16110820 0.38101067
vn 0.91498532 -0.13231327 0.38117590
vn 0.91713834 -0.11452675 0.38176024
vn -0.38230443 0.06277081 -0.92190192
vn -0.38513613 0.04797851 -0.92161175
vn -0.38525816 0.03385765 -0.92218751
vn -0.38393728 0.02667633 -0.92297375
vn -0.38683317 0.02280899 -0.92186759
vn -0.38622978 0.01387827 -0.92229819
vn -0.38810080 0.00778823 -0.92158403
vn 0.57757133 0.81633996 -0.00065669
vn 0.53814619 0.84285125 -0.00067061
vn 0.49588227 0.86838915 -0.00102748
vn 0.38964704 0.92096328 -0.00134662
vn 0.45281096 0.89160618 -0.00080279
vn 0.32499845 0.94571332 -0.00152218
vn 0.27793466 0.96059838 -0.00175334
vn 0.16266088 0.98668082 -0.00154706
vn 0.23047231 0.97307776 -0.00147684
vn 0.04448051 0.99900823 -0.00201069
vn 0.09333947 0.99563311 -0.00156335
vn -0.00477269 0.99998730 -0.00161676
vn -0.07340459 0.99730159 -0.00114227
vn -0.54327320 0.83955312 0.00218843
vn -0.50534565 0.86291640 0.00102885
vn -0.14352484 0.98964616 -0.00104523
vn -0.19146575 0.98149771 -0.00176656
vn -0.23969009 0.97084849 -0.00136614
vn -0.30536330 0.95223578 -0.00052854
vn -0.37245178 0.92805151 -0.00027417
vn -0.41677944 0.90900697 -0.00110668
vn -0.46124057 0.88727486 -0.00068228
vn -0.43115343 0.87062598 -0.23689053
vn -0.46957788 0.83665207 -0.28197504
vn -0.51478449 0.82624444 -0.22872924
vn -0.46580791 0.87098923 -0.15620737
vn -0.48791320 0.85073876 -0.19540796
vn -0.50150624 0.85215976 -0.14938284
vn -0.31594099 0.93744353 -0.14622214
vn -0.27602720 0.94311213 -0.18533348
vn -0.32900564 0.91405239 -0.23719934
vn 0.35834698 0.91991098 -0.15922072
vn 0.40512814 0.89265083 -0.19759984
vn 0.35273183 0.90063058 -0.25385984
vn 0.44826862 0.87976253 -0.15834497
vn 0.50407937 0.84277842 -0.18875519
vn 0.45814098 0.85353666 -0.24815724
vn 0.53359089 0.83123721 -0.15596624
vn -0.31925267 0.84148488 -0.43586802
vn -0.37177786 0.84423571 -0.38606644
vn -0.42109240 0.84269475 -0.33547988
vn -0.26582122 0.83395661 -0.48358603
vn -0.21697653 0.82071167 -0.52853906
vn -0.16535005 0.85150242 -0.49759721
vn -0.05482004 0.85979908 -0.50768130
vn -0.11161973 0.83304813 -0.54182270
vn -0.00417427 0.83469242 -0.55070059
vn 0.05820663 0.85577832 -0.51405783
vn 0.16840939 0.84146809 -0.51339043
vn 0.10569061 0.82707086 -0.55207182
vn 0.23298883 0.85218140 -0.46851154
vn 0.27957510 0.81702316 -0.50429249
vn 0.33204870 0.82592028 -0.45563072
vn 0.39056223 0.82783423 -0.40268056
vn 0.44497481 0.82621475 -0.34549472
vn 0.49713615 0.81735623 -0.29117769
vn 0.29627171 0.93213215 -0.20821320
vn 0.25786260 0.95353196 -0.15583224
vn 0.30661925 0.93923581 -0.15433965
vn 0.23590307 0.95871061 -0.15881971
vn 0.24089700 0.93648801 -0.25487025
vn 0.21543913 0.96457280 -0.15226716
vn 0.18400841 0.96086269 -0.20708401
vn 0.15208044 0.97693123 -0.14992302
vn 0.17443836 0.97417604 -0.14336075
vn 0.13252983 0.97931671 -0.15288765
vn 0.12566317 0.95919120 -0.25330023
vn 0.11056057 0.98247989 -0.15003208
vn 0.05725734 0.98813311 -0.14252912
vn 0.06627764 0.97645901 -0.20526829
vn 0.00793545 0.98795977 -0.15450733
vn 0.00915204 0.96835080 -0.24942528
vn -0.02439426 0.98847181 -0.14942689
vn -0.08157613 0.98580966 -0.14671284
vn -0.04942336 0.97829484 -0.20123753
vn -0.11364860 0.98267687 -0.14639046
vn -0.10662846 0.96365841 -0.24493437
vn -0.21993967 0.94534199 -0.24073860
vn -0.24025095 0.95877153 -0.15177825
vn -0.16693127 0.96607298 -0.19707090
vn -0.21013089 0.96455975 -0.15959165
vn -0.16025192 0.97702811 -0.14048275
vn -0.38210196 0.90329132 -0.19509713
vn -0.41312172 0.89812027 -0.15069980
vn -0.36673301 0.91931462 -0.14271486
vn -0.44023496 0.88290477 -0.16331671
vn -0.54305590 0.82489326 -0.15697577
vn -0.37824897 0.88012007 -0.28690830
vn -0.32459444 0.88241463 -0.34056257
vn -0.27324445 0.91723958 -0.28984312
vn -0.27099882 0.87817917 -0.39415857
vn -0.21753368 0.91283721 -0.34555364
vn -0.16267346 0.94163175 -0.29473206
vn -0.21785888 0.86744540 -0.44729855
vn -0.16229659 0.90167978 -0.40079096
vn -0.10569388 0.93012260 -0.35171118
vn -0.04841397 0.95259175 -0.30037484
vn -0.10794195 0.88384994 -0.45514593
vn -0.04962470 0.91173042 -0.40778062
vn 0.00900962 0.93375554 -0.35779802
vn 0.06758490 0.94978422 -0.30551958
vn 0.00511939 0.88659147 -0.46252499
vn 0.06507621 0.90800923 -0.41386510
vn 0.12461391 0.92359622 -0.36254848
vn 0.18335034 0.93325245 -0.30890535
vn 0.11937075 0.87554390 -0.46815969
vn 0.17984041 0.89057347 -0.41777544
vn 0.23915434 0.89988459 -0.36470936
vn 0.29693239 0.90341757 -0.30930220
vn 0.29272406 0.85985771 -0.41827901
vn 0.35071237 0.86323351 -0.36308227
vn 0.40644876 0.86106688 -0.30555397
vn 0.51858617 0.84680198 -0.11829956
vn 0.45656601 0.88212636 -0.11576076
vn 0.45936739 0.88568394 -0.06742073
vn 0.07910657 0.99403751 -0.07504390
vn -0.45450539 0.88392652 -0.10999436
vn -0.46008980 0.88530143 -0.06751857
vn -0.38507510 0.91989861 -0.07418700
vn 0.53225717 0.84632908 -0.02072171
vn -0.53172698 0.84666681 -0.02053593
vn -0.52706873 0.84707856 -0.06823824
vn -0.52157866 0.84571711 -0.11277533
vn -0.23653790 0.96852411 -0.07752984
vn -0.15895800 0.98427867 -0.07699258
vn -0.00043875 0.99969554 -0.02467038
vn 0.00040288 0.99716888 -0.07519348
vn -0.08062769 0.99646597 -0.02355296
vn -0.08063183 0.99378546 -0.07673961
vn -0.15913146 0.98696427 -0.02405631
vn -0.23842586 0.97085266 -0.02445873
vn -0.31605480 0.94846437 -0.02290635
vn -0.31160359 0.94704269 -0.07754578
vn -0.38996431 0.92054621 -0.02285850
vn -0.46291422 0.88610139 -0.02312451
vn 0.46211005 0.88655887 -0.02162550
vn 0.39041627 0.92039100 -0.02134354
vn 0.38728044 0.91949182 -0.06744374
vn 0.31589236 0.94851295 -0.02313447
vn 0.31271481 0.94744915 -0.06745037
vn 0.23755460 0.97108397 -0.02374299
vn 0.23434090 0.96930512 -0.07437688
vn 0.15938543 0.98694736 -0.02304758
vn 0.15851780 0.98447026 -0.07543483
vn 0.38546959 0.91513208 -0.11809519
vn 0.30841321 0.94492678 -0.10952019
vn 0.52776101 0.84667134 -0.06794090
vn 0.08067819 0.99644745 -0.02415600
vn -0.90749033 0.39626184 0.13941968
vn -0.61039983 0.40321664 0.68178324
vn -0.55492954 0.43534941 0.70888934
vn -0.62835878 0.47525463 0.61587197
vn -0.86345742 0.49801479 0.08014080
vn -0.85777792 0.49412385 0.14162862
vn -0.79592244 0.58937439 0.13836652
vn -0.72246006 0.65227056 0.22933508
vn -0.78010029 0.59096826 0.20542650
vn -0.80897587 0.28757623 0.51269674
vn -0.78173891 0.34720792 0.51800669
vn -0.82448561 0.36477839 0.43262016
vn -0.72848951 0.32492242 0.60309905
vn -0.65697367 0.24413506 0.71329073
vn -0.65345667 0.28277273 0.70216378
vn -0.70602696 0.19974304 0.67943259
vn -0.75494653 0.26946104 0.59786829
vn -0.77352109 0.21832099 0.59497990
vn -0.94126234 0.31995167 0.10796361
vn -0.88663640 0.38950512 0.24932241
vn -0.91545967 0.32135373 0.24220936
vn -0.85884320 0.37873933 0.34488385
vn -0.88752139 0.31293968 0.33819305
vn -0.85260263 0.30190884 0.42652058
vn -0.82856035 0.23272254 0.50924255
vn -0.87294103 0.24478508 0.42196472
vn -0.90886695 0.25378757 0.33098751
vn -0.62985944 0.66601317 0.39962926
vn -0.73260032 0.55535175 0.39354951
vn -0.68821668 0.62219608 0.37313514
vn -0.67014031 0.72956297 0.13656443
vn -0.67086115 0.71282830 0.20450216
vn -0.66956456 0.69763220 0.25493649
vn -0.76556513 0.59068577 0.25495168
vn -0.65934708 0.68621537 0.30719684
vn -0.75396120 0.58146700 0.30567734
vn -0.64748329 0.67342473 0.35674154
vn -0.74083069 0.57143975 0.35302478
vn -0.85052622 0.48644455 0.19994214
vn -0.83696223 0.47823806 0.26604995
vn -0.81375011 0.46460457 0.34921821
vn -0.67983106 0.73007299 0.06944904
vn -0.73557477 0.67690243 0.02707117
vn -0.80259573 0.59567469 0.03180800
vn -0.51529840 0.47139326 0.71572058
vn -0.46793544 0.51283981 0.71974423
vn -0.52455601 0.56982424 0.63256725
vn -0.60125888 0.65074816 0.46369666
vn -0.62405843 0.56614785 0.53854219
vn -0.56962873 0.61681178 0.54320009
vn -0.57570582 0.52538476 0.62652507
vn -0.71548366 0.53043443 0.45466741
vn -0.78007893 0.44645073 0.43835899
vn -0.67984246 0.50515580 0.53163131
vn -0.73854389 0.42422835 0.52400690
vn -0.69165348 0.39263648 0.60617825
vn -0.62542194 0.34879471 0.69798972
vn -0.93683205 0.25975266 0.23425258
vn -0.95503476 0.27087510 0.12056237
vn -0.80324814 -0.03258103 -0.59475280
vn -0.84653304 -0.04100451 -0.53075459
vn -0.91893217 -0.01919800 -0.39394810
vn -0.88265211 -0.03553582 -0.46868161
vn -0.94337465 -0.00028935 -0.33172908
f 1//1 2//2 3//3
f 3//3 2//2 4//4
f 3//3 4//4 5//5
f 6//6 7//7 3//3
f 3//3 7//7 8//8
f 3//3 8//8 1//1
f 9//9 10//10 3//3
f 3//3 10//10 11//11
f 3//3 11//11 6//6
f 12//12 13//13 3//3
f 3//3 13//13 14//14
f 3//3 14//14 9//9
f 15//15 16//16 3//3
f 3//3 16//16 17//17
f 3//3 17//17 12//12
f 18//18 19//19 3//3
f 3//3 19//19 20//20
f 3//3 20//20 15//15
f 21//21 22//22 3//3
f 3//3 22//22 23//23
f 3//3 23//23 18//18
f 24//24 25//25 3//3
f 3//3 25//25 26//26
f 3//3 26//26 21//21
f 27//27 28//28 3//3
f 3//3 28//28 29//29
f 3//3 29//29 24//24
f 30//30 31//31 3//3
f 3//3 31//31 32//32
f 3//3 32//32 27//27
f 33//33 34//34 3//3
f 3//3 34//34 35//35
f 3//3 35//35 30//30
f 36//36 37//37 3//3
f 3//3 37//37 38//38
f 3//3 38//38 33//33
f 39//39 40//40 3//3
f 3//3 40//40 41//41
f 3//3 41//41 36//36
f 5//5 42//42 3//3
f 3//3 42//42 43//43
f 3//3 43//43 39//39
f 44//44 25//25 45//45
f 45//45 25//25 24//24
f 45//45 24//24 46//46
f 46//46 24//24 29//29
f 46//46 29//29 47//47
f 47//47 29//29 28//28
f 47//47 28//28 48//48
f 48//48 28//28 27//27
f 48//48 27//27 49//49
f 49//49 27//27 32//32
f 49//49 32//32 50//50
f 50//50 32//32 31//31
f 50//50 31//31 51//51
f 51//51 31//31 30//30
f 51//51 30//30 52//52
f 52//52 30//30 35//35
f 52//52 35//35 53//53
f 53//53 35//35 34//34
f 53//53 34//34 54//54
f 54//54 34//34 33//33
f 54//54 33//33 55//55
f 55//55 33//33 38//38
f 55//55 38//38 56//56
f 56//56 38//38 37//37
f 56//56 37//37 57//57
f 57//57 37//37 36//36
f 57//57 36//36 58//58
f 58//58 36//36 41//41
f 58//58 41//41 59//59
f 59//59 41//41 40//40
f 59//59 40//40 60//60
f 60//60 40//40 39//39
f 60//60 39//39 61//61
f 61//61 39//39 43//43
f 61//61 43//43 62//62
f 62//62 43//43 42//42
f 62//62 42//42 63//63
f 63//63 42//42 5//5
f 63//63 5//5 64//64
f 64//64 5//5 4//4
f 64//64 4//4 65//65
f 65//65 4//4 2//2
f 65//65 2//2 66//66
f 66//66 2//2 1//1
f 66//66 1//1 67//67
f 67//67 1//1 8//8
f 67//67 8//8 68//68
f 68//68 8//8 7//7
f 68//68 7//7 69//69
f 69//69 7//7 6//6
f 69//69 6//6 70//70
f 70//70 6//6 11//11
f 70//70 11//11 71//71
f 71//71 11//11 10//10
f 71//71 10//10 72//72
f 72//72 10//10 9//9
f 72//72 9//9 73//73
f 73//73 9//9 14//14
f 73//73 14//14 74//74
f 74//74 14//14 13//13
f 74//74 13//13 75//75
f 75//75 13//13 12//12
f 75//75 12//12 76//76
f 76//76 12//12 17//17
f 76//76 17//17 77//77
f 77//77 17//17 16//16
f 77//77 16//16 78//78
f 78//78 16//16 15//15
f 78//78 15//15 79//79
f 79//79 15//15 20//20
f 79//79 20//20 80//80
f 80//80 20//20 19//19
f 80//80 19//19 81//81
f 81//81 19//19 18//18
f 81//81 18//18 82//82
f 82//82 18//18 23//23
f 82//82 23//23 83//83
f 83//83 23//23 22//22
f 83//83 22//22 84//84
f 84//84 22//22 21//21
f 84//84 21//21 85//85
f 85//85 21//21 26//26
f 85//85 26//26 44//44
f 44//44 26//26 25//25
f 86//86 87//87 88//88
f 89//89 90//90 91//91
f 92//92 93//93 94//94
f 95//95 96//96 97//97
f 98//98 99//99 100//100
f 100//100 99//99 101//101
f 100//100 101//101 97//97
f 97//97 101//101 102//102
f 97//97 102//102 95//95
f 96//96 103//103 97//97
f 97//97 103//103 104//104
f 97//97 104//104 105//105
f 105//105 106//106 97//97
f 97//97 106//106 107//107
f 97//97 107//107 108//108
f 109//109 110//110 111//111
f 111//111 110//110 112//112
f 111//111 112//112 100//100
f 100//100 112//112 113//113
f 100//100 113//113 114//114
f 114//114 115//115 100//100
f 100//100 115//115 116//116
f 100//100 116//116 98//98
f 117//117 118//118 119//119
f 119//119 118//118 120//120
f 119//119 120//120 111//111
f 111//111 120//120 121//121
f 111//111 121//121 109//109
f 117//117 119//119 122//122
f 122//122 119//119 88//88
f 122//122 88//88 123//123
f 124//124 125//125 87//87
f 87//87 125//125 88//88
f 88//88 125//125 126//126
f 88//88 126//126 123//123
f 87//87 127//127 124//124
f 124//124 127//127 128//128
f 124//124 128//128 92//92
f 92//92 128//128 129//129
f 92//92 129//129 93//93
f 130//130 131//131 132//132
f 132//132 133//133 130//130
f 130//130 133//133 134//134
f 130//130 134//134 135//135
f 135//135 134//134 136//136
f 135//135 136//136 137//137
f 137//137 136//136 138//138
f 137//137 138//138 139//139
f 139//139 138//138 140//140
f 139//139 140//140 94//94
f 94//94 140//140 141//141
f 94//94 141//141 92//92
f 91//91 90//90 142//142
f 90//90 143//143 142//142
f 142//142 143//143 144//144
f 142//142 144//144 131//131
f 131//131 144//144 145//145
f 131//131 145//145 132//132
f 146//146 147//147 148//148
f 148//148 147//147 89//89
f 148//148 89//89 149//149
f 149//149 89//89 91//91
f 86//86 88//88 150//150
f 150//150 88//88 119//119
f 150//150 119//119 151//151
f 151//151 119//119 111//111
f 151//151 111//111 152//152
f 152//152 111//111 100//100
f 152//152 100//100 153//153
f 153//153 100//100 97//97
f 153//153 97//97 154//154
f 155//155 156//156 157//157
f 158//158 107//107 159//159
f 158//158 159//159 160//160
f 160//160 159//159 161//161
f 160//160 161//161 162//162
f 162//162 163//163 160//160
f 160//160 163//163 164//164
f 160//160 164//164 165//165
f 165//165 166//166 160//160
f 160//160 166//166 167//167
f 160//160 167//167 157//157
f 157//157 167//167 168//168
f 157//157 168//168 155//155
f 169//169 170//170 171//171
f 171//171 170//170 172//172
f 171//171 172//172 158//158
f 158//158 172//172 108//108
f 158//158 108//108 107//107
f 156//156 173//173 157//157
f 157//157 173//173 174//174
f 157//157 174//174 175//175
f 175//175 174//174 176//176
f 176//176 177//177 175//175
f 175//175 177//177 178//178
f 175//175 178//178 179//179
f 179//179 180//180 175//175
f 175//175 180//180 181//181
f 175//175 181//181 182//182
f 182//182 181//181 183//183
f 182//182 183//183 184//184
f 184//184 185//185 182//182
f 182//182 185//185 186//186
f 182//182 186//186 187//187
f 186//186 188//188 187//187
f 187//187 188//188 189//189
f 187//187 189//189 190//190
f 189//189 191//191 190//190
f 190//190 191//191 192//192
f 190//190 192//192 193//193
f 194//194 195//195 196//196
f 196//196 195//195 197//197
f 196//196 197//197 192//192
f 192//192 197//197 198//198
f 192//192 198//198 193//193
f 194//194 199//199 195//195
f 195//195 199//199 200//200
f 195//195 200//200 201//201
f 200//200 202//202 201//201
f 201//201 202//202 203//203
f 201//201 203//203 204//204
f 203//203 205//205 204//204
f 204//204 205//205 206//206
f 204//204 206//206 207//207
f 207//207 206//206 208//208
f 207//207 208//208 209//209
f 209//209 210//210 207//207
f 207//207 210//210 211//211
f 207//207 211//211 212//212
f 212//212 211//211 213//213
f 213//213 214//214 212//212
f 212//212 214//214 215//215
f 212//212 215//215 216//216
f 217//217 218//218 219//219
f 219//219 218//218 220//220
f 221//221 222//222 223//223
f 224//224 225//225 226//226
f 226//226 225//225 227//227
f 226//226 227//227 228//228
f 224//224 229//229 225//225
f 225//225 229//229 230//230
f 225//225 230//230 231//231
f 231//231 232//232 225//225
f 225//225 232//232 233//233
f 225//225 233//233 234//234
f 228//228 227//227 222//222
f 222//222 227//227 235//235
f 222//222 235//235 223//223
f 221//221 223//223 236//236
f 236//236 223//223 237//237
f 236//236 237//237 238//238
f 238//238 237//237 239//239
f 238//238 239//239 240//240
f 240//240 239//239 241//241
f 240//240 241//241 242//242
f 243//243 244//244 245//245
f 245//245 244//244 246//246
f 245//245 246//246 242//242
f 242//242 246//246 247//247
f 242//242 247//247 240//240
f 248//248 249//249 250//250
f 250//250 251//251 248//248
f 248//248 251//251 252//252
f 248//248 252//252 243//243
f 243//243 252//252 253//253
f 243//243 253//253 244//244
f 254//254 255//255 256//256
f 254//254 256//256 257//257
f 257//257 256//256 258//258
f 257//257 258//258 259//259
f 259//259 258//258 260//260
f 259//259 260//260 261//261
f 261//261 260//260 262//262
f 261//261 262//262 263//263
f 263//263 262//262 264//264
f 263//263 264//264 265//265
f 265//265 264//264 266//266
f 265//265 266//266 267//267
f 267//267 266//266 268//268
f 267//267 268//268 269//269
f 269//269 268//268 270//270
f 270//270 268//268 271//271
f 270//270 271//271 272//272
f 272//272 271//271 273//273
f 273//273 271//271 274//274
f 273//273 274//274 275//275
f 275//275 274//274 276//276
f 275//275 276//276 277//277
f 277//277 276//276 278//278
f 277//277 278//278 279//279
f 280//280 281//281 282//282
f 281//281 283//283 282//282
f 282//282 283//283 284//284
f 282//282 284//284 278//278
f 278//278 284//284 285//285
f 278//278 285//285 279//279
f 286//286 287//287 288//288
f 288//288 287//287 289//289
f 289//289 290//290 288//288
f 288//288 290//290 291//291
f 288//288 291//291 282//282
f 282//282 291//291 292//292
f 282//282 292//292 280//280
f 293//293 294//294 295//295
f 295//295 296//296 293//293
f 293//293 296//296 297//297
f 293//293 297//297 288//288
f 288//288 297//297 298//298
f 288//288 298//298 286//286
f 299//299 300//300 301//301
f 301//301 302//302 299//299
f 299//299 302//302 303//303
f 299//299 303//303 293//293
f 293//293 303//303 304//304
f 293//293 304//304 294//294
f 300//300 299//299 305//305
f 305//305 299//299 306//306
f 305//305 306//306 307//307
f 307//307 306//306 308//308
f 307//307 308//308 309//309
f 309//309 308//308 310//310
f 309//309 310//310 311//311
f 311//311 310//310 312//312
f 311//311 312//312 313//313
f 313//313 312//312 314//314
f 313//313 314//314 315//315
f 316//316 271//271 317//317
f 317//317 271//271 268//268
f 255//255 318//318 256//256
f 256//256 318//318 319//319
f 256//256 319//319 258//258
f 258//258 319//319 320//320
f 258//258 320//320 260//260
f 320//320 321//321 260//260
f 260//260 321//321 322//322
f 260//260 322//322 262//262
f 262//262 322//322 323//323
f 262//262 323//323 264//264
f 264//264 323//323 266//266
f 266//266 323//323 324//324
f 266//266 324//324 268//268
f 268//268 324//324 325//325
f 268//268 325//325 317//317
f 326//326 327//327 328//328
f 328//328 327//327 329//329
f 328//328 329//329 330//330
f 331//331 308//308 306//306
f 331//331 306//306 332//332
f 332//332 306//306 299//299
f 332//332 299//299 333//333
f 333//333 299//299 293//293
f 333//333 293//293 334//334
f 334//334 293//293 288//288
f 334//334 288//288 330//330
f 330//330 288//288 282//282
f 330//330 282//282 328//328
f 328//328 282//282 278//278
f 328//328 278//278 335//335
f 335//335 278//278 276//276
f 335//335 276//276 316//316
f 316//316 276//276 274//274
f 316//316 274//274 271//271
f 308//308 331//331 310//310
f 310//310 331//331 336//336
f 310//310 336//336 312//312
f 337//337 314//314 338//338
f 338//338 314//314 312//312
f 338//338 312//312 339//339
f 339//339 312//312 336//336
f 316//316 340//340 335//335
f 335//335 340//340 341//341
f 335//335 341//341 328//328
f 328//328 341//341 342//342
f 328//328 342//342 326//326
f 325//325 343//343 317//317
f 317//317 343//343 344//344
f 317//317 344//344 316//316
f 316//316 344//344 345//345
f 316//316 345//345 340//340
f 346//346 320//320 347//347
f 347//347 320//320 319//319
f 347//347 319//319 348//348
f 348//348 319//319 318//318
f 348//348 318//318 349//349
f 325//325 324//324 350//350
f 350//350 324//324 323//323
f 350//350 323//323 351//351
f 351//351 323//323 322//322
f 351//351 322//322 346//346
f 346//346 322//322 321//321
f 346//346 321//321 320//320
f 340//340 345//345 352//352
f 352//352 345//345 344//344
f 352//352 344//344 343//343
f 325//325 350//350 343//343
f 343//343 350//350 353//353
f 343//343 353//353 352//352
f 342//342 341//341 354//354
f 329//329 327//327 354//354
f 354//354 327//327 326//326
f 354//354 326//326 342//342
f 340//340 352//352 341//341
f 341//341 352//352 355//355
f 341//341 355//355 354//354
f 339//339 356//356 338//338
f 338//338 356//356 337//337
f 339//339 336//336 356//356
f 356//356 336//336 331//331
f 356//356 331//331 332//332
f 332//332 333//333 356//356
f 356//356 333//333 334//334
f 356//356 334//334 354//354
f 354//354 334//334 330//330
f 354//354 330//330 329//329
f 349//349 318//318 357//357
f 357//357 318//318 358//358
f 357//357 358//358 359//359
f 359//359 358//358 360//360
f 359//359 360//360 361//361
f 361//361 360//360 362//362
f 361//361 362//362 363//363
f 363//363 362//362 364//364
f 363//363 364//364 365//365
f 365//365 364//364 366//366
f 365//365 366//366 367//367
f 367//367 366//366 368//368
f 368//368 366//366 369//369
f 368//368 369//369 370//370
f 370//370 369//369 371//371
f 370//370 371//371 372//372
f 373//373 374//374 375//375
f 371//371 376//376 372//372
f 372//372 376//376 377//377
f 372//372 377//377 378//378
f 378//378 377//377 373//373
f 378//378 373//373 379//379
f 379//379 373//373 375//375
f 379//379 375//375 380//380
f 381//381 382//382 383//383
f 381//381 383//383 384//384
f 383//383 385//385 384//384
f 384//384 385//385 386//386
f 384//384 386//386 387//387
f 387//387 386//386 388//388
f 387//387 388//388 389//389
f 389//389 388//388 390//390
f 389//389 390//390 391//391
f 390//390 392//392 391//391
f 391//391 392//392 393//393
f 391//391 393//393 394//394
f 394//394 393//393 395//395
f 394//394 395//395 396//396
f 395//395 397//397 396//396
f 396//396 397//397 398//398
f 396//396 398//398 399//399
f 398//398 400//400 399//399
f 399//399 400//400 401//401
f 399//399 401//401 402//402
f 402//402 401//401 403//403
f 402//402 403//403 404//404
f 404//404 403//403 405//405
f 404//404 405//405 406//406
f 407//407 408//408 409//409
f 409//409 408//408 406//406
f 409//409 406//406 410//410
f 410//410 406//406 405//405
f 318//318 255//255 411//411
f 318//318 411//411 358//358
f 358//358 411//411 412//412
f 358//358 412//412 360//360
f 360//360 412//412 413//413
f 360//360 413//413 362//362
f 362//362 413//413 414//414
f 362//362 414//414 364//364
f 415//415 374//374 416//416
f 416//416 374//374 373//373
f 416//416 373//373 417//417
f 417//417 373//373 377//377
f 417//417 377//377 418//418
f 418//418 377//377 376//376
f 418//418 376//376 419//419
f 419//419 376//376 371//371
f 419//419 371//371 420//420
f 420//420 371//371 369//369
f 420//420 369//369 421//421
f 421//421 369//369 366//366
f 421//421 366//366 422//422
f 422//422 366//366 364//364
f 422//422 364//364 423//423
f 423//423 364//364 414//414
f 424//424 425//425 426//426
f 381//381 427//427 382//382
f 382//382 427//427 428//428
f 428//428 427//427 429//429
f 429//429 427//427 430//430
f 429//429 430//430 431//431
f 431//431 430//430 432//432
f 432//432 430//430 433//433
f 432//432 433//433 434//434
f 434//434 433//433 435//435
f 434//434 435//435 436//436
f 436//436 435//435 437//437
f 436//436 437//437 438//438
f 438//438 437//437 439//439
f 438//438 439//439 440//440
f 440//440 439//439 441//441
f 440//440 441//441 442//442
f 442//442 441//441 443//443
f 442//442 443//443 444//444
f 444//444 443//443 445//445
f 445//445 443//443 446//446
f 445//445 446//446 447//447
f 447//447 446//446 448//448
f 448//448 446//446 449//449
f 448//448 449//449 450//450
f 450//450 449//449 451//451
f 451//451 449//449 452//452
f 451//451 452//452 453//453
f 453//453 452//452 454//454
f 453//453 454//454 426//426
f 426//426 454//454 455//455
f 426//426 455//455 424//424
f 408//408 407//407 456//456
f 456//456 407//407 457//457
f 456//456 457//457 458//458
f 458//458 457//457 459//459
f 457//457 460//460 459//459
f 459//459 460//460 461//461
f 459//459 461//461 462//462
f 462//462 461//461 463//463
f 462//462 463//463 464//464
f 464//464 463//463 465//465
f 464//464 465//465 466//466
f 466//466 465//465 467//467
f 466//466 467//467 468//468
f 467//467 469//469 468//468
f 468//468 469//469 470//470
f 468//468 470//470 471//471
f 471//471 470//470 472//472
f 471//471 472//472 473//473
f 473//473 472//472 474//474
f 473//473 474//474 475//475
f 475//475 474//474 476//476
f 475//475 476//476 477//477
f 478//478 479//479 480//480
f 480//480 479//479 481//481
f 480//480 481//481 482//482
f 482//482 481//481 483//483
f 482//482 483//483 484//484
f 484//484 483//483 477//477
f 484//484 477//477 485//485
f 485//485 477//477 476//476
f 486//486 487//487 488//488
f 478//478 489//489 479//479
f 479//479 489//489 490//490
f 479//479 490//490 491//491
f 491//491 490//490 492//492
f 491//491 492//492 493//493
f 493//493 492//492 494//494
f 493//493 494//494 495//495
f 495//495 494//494 486//486
f 495//495 486//486 496//496
f 496//496 486//486 488//488
f 497//497 498//498 499//499
f 499//499 498//498 500//500
f 499//499 500//500 501//501
f 501//501 500//500 502//502
f 501//501 502//502 503//503
f 503//503 502//502 504//504
f 503//503 504//504 505//505
f 505//505 504//504 506//506
f 505//505 506//506 507//507
f 507//507 506//506 508//508
f 507//507 508//508 509//509
f 509//509 508//508 510//510
f 509//509 510//510 511//511
f 511//511 510//510 512//512
f 511//511 512//512 487//487
f 487//487 512//512 513//513
f 487//487 513//513 488//488
f 514//514 515//515 207//207
f 207//207 515//515 204//204
f 204//204 515//515 201//201
f 201//201 515//515 516//516
f 201//201 516//516 195//195
f 195//195 516//516 517//517
f 195//195 517//517 197//197
f 197//197 517//517 198//198
f 198//198 517//517 518//518
f 198//198 518//518 193//193
f 175//175 182//182 519//519
f 519//519 182//182 520//520
f 520//520 182//182 521//521
f 521//521 182//182 187//187
f 521//521 187//187 522//522
f 523//523 524//524 525//525
f 522//522 187//187 526//526
f 526//526 187//187 527//527
f 526//526 527//527 528//528
f 528//528 527//527 523//523
f 528//528 523//523 529//529
f 529//529 523//523 525//525
f 529//529 525//525 530//530
f 187//187 190//190 527//527
f 527//527 190//190 193//193
f 527//527 193//193 523//523
f 523//523 193//193 518//518
f 523//523 518//518 524//524
f 524//524 518//518 531//531
f 531//531 518//518 532//532
f 532//532 518//518 517//517
f 532//532 517//517 533//533
f 514//514 534//534 515//515
f 515//515 534//534 535//535
f 515//515 535//535 516//516
f 516//516 535//535 536//536
f 516//516 536//536 517//517
f 517//517 536//536 537//537
f 517//517 537//537 533//533
f 207//207 212//212 514//514
f 514//514 212//212 216//216
f 514//514 216//216 534//534
f 534//534 216//216 538//538
f 534//534 538//538 539//539
f 539//539 538//538 540//540
f 541//541 542//542 543//543
f 544//544 545//545 546//546
f 544//544 546//546 547//547
f 546//546 548//548 547//547
f 547//547 548//548 549//549
f 547//547 549//549 550//550
f 550//550 549//549 551//551
f 550//550 551//551 552//552
f 552//552 551//551 553//553
f 552//552 553//553 554//554
f 542//542 541//541 555//555
f 555//555 541//541 556//556
f 555//555 556//556 557//557
f 557//557 556//556 558//558
f 557//557 558//558 554//554
f 554//554 558//558 559//559
f 554//554 559//559 552//552
f 560//560 561//561 562//562
f 562//562 561//561 563//563
f 562//562 563//563 564//564
f 564//564 563//563 565//565
f 564//564 565//565 543//543
f 543//543 565//565 566//566
f 543//543 566//566 541//541
f 567//567 568//568 560//560
f 560//560 568//568 569//569
f 560//560 569//569 561//561
f 560//560 570//570 567//567
f 567//567 570//570 571//571
f 567//567 571//571 572//572
f 572//572 571//571 573//573
f 572//572 573//573 574//574
f 574//574 573//573 575//575
f 573//573 576//576 575//575
f 575//575 576//576 577//577
f 575//575 577//577 578//578
f 578//578 577//577 579//579
f 578//578 579//579 580//580
f 579//579 581//581 580//580
f 580//580 581//581 582//582
f 580//580 582//582 583//583
f 582//582 584//584 583//583
f 583//583 584//584 585//585
f 583//583 585//585 586//586
f 586//586 585//585 587//587
f 587//587 588//588 586//586
f 586//586 588//588 589//589
f 586//586 589//589 590//590
f 591//591 592//592 593//593
f 594//594 530//530 591//591
f 594//594 591//591 595//595
f 595//595 591//591 593//593
f 595//595 593//593 596//596
f 596//596 593//593 597//597
f 596//596 597//597 598//598
f 598//598 597//597 599//599
f 598//598 599//599 600//600
f 600//600 599//599 601//601
f 600//600 601//601 602//602
f 602//602 601//601 603//603
f 602//602 603//603 604//604
f 604//604 603//603 605//605
f 604//604 605//605 606//606
f 606//606 605//605 607//607
f 607//607 605//605 608//608
f 607//607 608//608 609//609
f 609//609 608//608 610//610
f 609//609 610//610 611//611
f 611//611 610//610 612//612
f 612//612 610//610 613//613
f 612//612 613//613 614//614
f 614//614 613//613 615//615
f 614//614 615//615 616//616
f 616//616 615//615 617//617
f 616//616 617//617 618//618
f 618//618 617//617 619//619
f 618//618 619//619 620//620
f 620//620 619//619 621//621
f 620//620 621//621 622//622
f 622//622 621//621 623//623
f 623//623 621//621 624//624
f 623//623 624//624 625//625
f 625//625 624//624 626//626
f 625//625 626//626 627//627
f 628//628 629//629 630//630
f 631//631 632//632 633//633
f 633//633 632//632 634//634
f 633//633 634//634 590//590
f 590//590 634//634 586//586
f 631//631 635//635 632//632
f 632//632 635//635 636//636
f 632//632 636//636 637//637
f 638//638 639//639 640//640
f 640//640 639//639 632//632
f 640//640 632//632 630//630
f 630//630 632//632 637//637
f 630//630 637//637 628//628
f 641//641 642//642 643//643
f 643//643 642//642 644//644
f 641//641 643//643 645//645
f 645//645 643//643 646//646
f 645//645 646//646 647//647
f 647//647 646//646 648//648
f 647//647 648//648 649//649
f 649//649 648//648 650//650
f 649//649 650//650 651//651
f 651//651 650//650 652//652
f 651//651 652//652 653//653
f 653//653 652//652 654//654
f 653//653 654//654 655//655
f 655//655 654//654 656//656
f 655//655 656//656 638//638
f 638//638 656//656 657//657
f 638//638 657//657 639//639
f 658//658 659//659 660//660
f 660//660 659//659 661//661
f 660//660 661//661 662//662
f 662//662 661//661 663//663
f 662//662 663//663 664//664
f 664//664 663//663 644//644
f 664//664 644//644 665//665
f 665//665 644//644 642//642
f 666//666 667//667 668//668
f 668//668 667//667 669//669
f 668//668 669//669 627//627
f 668//668 670//670 666//666
f 666//666 670//670 671//671
f 666//666 671//671 658//658
f 658//658 671//671 672//672
f 658//658 672//672 659//659
f 673//673 609//609 674//674
f 674//674 609//609 611//611
f 674//674 611//611 675//675
f 675//675 611//611 612//612
f 675//675 612//612 676//676
f 676//676 612//612 614//614
f 676//676 614//614 677//677
f 677//677 614//614 616//616
f 677//677 616//616 678//678
f 678//678 616//616 618//618
f 678//678 618//618 679//679
f 679//679 618//618 620//620
f 679//679 620//620 680//680
f 680//680 620//620 622//622
f 680//680 622//622 681//681
f 681//681 622//622 623//623
f 681//681 623//623 669//669
f 669//669 623//623 625//625
f 669//669 625//625 627//627
f 682//682 596//596 683//683
f 683//683 596//596 598//598
f 683//683 598//598 684//684
f 684//684 598//598 600//600
f 684//684 600//600 685//685
f 685//685 600//600 602//602
f 685//685 602//602 686//686
f 686//686 602//602 604//604
f 686//686 604//604 687//687
f 687//687 604//604 606//606
f 687//687 606//606 673//673
f 673//673 606//606 607//607
f 673//673 607//607 609//609
f 688//688 595//595 689//689
f 689//689 595//595 596//596
f 689//689 596//596 690//690
f 690//690 596//596 682//682
f 519//519 520//520 595//595
f 688//688 691//691 169//169
f 688//688 169//169 595//595
f 595//595 169//169 171//171
f 595//595 171//171 158//158
f 158//158 160//160 595//595
f 595//595 160//160 157//157
f 595//595 157//157 519//519
f 519//519 157//157 175//175
f 520//520 521//521 595//595
f 595//595 521//521 522//522
f 595//595 522//522 526//526
f 526//526 528//528 595//595
f 595//595 528//528 529//529
f 595//595 529//529 594//594
f 594//594 529//529 530//530
f 524//524 692//692 693//693
f 693//693 592//592 524//524
f 524//524 592//592 591//591
f 524//524 591//591 525//525
f 525//525 591//591 530//530
f 694//694 695//695 533//533
f 533//533 695//695 696//696
f 533//533 696//696 532//532
f 532//532 696//696 692//692
f 532//532 692//692 531//531
f 531//531 692//692 524//524
f 533//533 537//537 694//694
f 694//694 537//537 536//536
f 694//694 536//536 697//697
f 697//697 536//536 535//535
f 697//697 535//535 698//698
f 698//698 535//535 534//534
f 698//698 534//534 699//699
f 534//534 539//539 699//699
f 699//699 539//539 540//540
f 699//699 540//540 700//700
f 700//700 540//540 701//701
f 700//700 701//701 702//702
f 701//701 703//703 702//702
f 702//702 703//703 704//704
f 702//702 704//704 705//705
f 704//704 706//706 705//705
f 705//705 706//706 707//707
f 705//705 707//707 708//708
f 708//708 707//707 709//709
f 708//708 709//709 710//710
f 710//710 709//709 711//711
f 710//710 711//711 712//712
f 713//713 714//714 715//715
f 715//715 714//714 712//712
f 715//715 712//712 716//716
f 716//716 712//712 711//711
f 717//717 545//545 544//544
f 718//718 717//717 719//719
f 719//719 717//717 544//544
f 719//719 544//544 720//720
f 720//720 544//544 547//547
f 720//720 547//547 721//721
f 721//721 547//547 550//550
f 721//721 550//550 722//722
f 722//722 550//550 552//552
f 722//722 552//552 723//723
f 552//552 559//559 723//723
f 723//723 559//559 558//558
f 723//723 558//558 724//724
f 724//724 558//558 556//556
f 724//724 556//556 725//725
f 725//725 556//556 541//541
f 725//725 541//541 726//726
f 726//726 541//541 566//566
f 726//726 566//566 727//727
f 727//727 566//566 565//565
f 727//727 565//565 728//728
f 728//728 565//565 563//563
f 728//728 563//563 729//729
f 729//729 563//563 730//730
f 730//730 563//563 561//561
f 730//730 561//561 731//731
f 561//561 569//569 731//731
f 731//731 569//569 568//568
f 731//731 568//568 732//732
f 732//732 568//568 567//567
f 732//732 567//567 733//733
f 733//733 567//567 572//572
f 733//733 572//572 734//734
f 734//734 572//572 574//574
f 734//734 574//574 735//735
f 735//735 574//574 575//575
f 735//735 575//575 736//736
f 736//736 575//575 578//578
f 736//736 578//578 737//737
f 737//737 578//578 580//580
f 737//737 580//580 738//738
f 738//738 580//580 583//583
f 738//738 583//583 739//739
f 739//739 583//583 740//740
f 740//740 583//583 586//586
f 740//740 586//586 741//741
f 741//741 586//586 634//634
f 741//741 634//634 742//742
f 742//742 634//634 632//632
f 742//742 632//632 743//743
f 743//743 632//632 639//639
f 743//743 639//639 744//744
f 745//745 652//652 746//746
f 746//746 652//652 650//650
f 746//746 650//650 747//747
f 639//639 657//657 744//744
f 744//744 657//657 656//656
f 744//744 656//656 745//745
f 745//745 656//656 654//654
f 745//745 654//654 652//652
f 650//650 648//648 747//747
f 747//747 648//648 646//646
f 747//747 646//646 748//748
f 748//748 646//646 643//643
f 748//748 643//643 749//749
f 749//749 643//643 750//750
f 750//750 643//643 644//644
f 750//750 644//644 751//751
f 644//644 663//663 751//751
f 751//751 663//663 661//661
f 751//751 661//661 752//752
f 627//627 626//626 668//668
f 668//668 626//626 753//753
f 661//661 659//659 752//752
f 752//752 659//659 672//672
f 752//752 672//672 754//754
f 754//754 672//672 671//671
f 754//754 671//671 753//753
f 753//753 671//671 670//670
f 753//753 670//670 668//668
f 219//219 220//220 755//755
f 756//756 757//757 758//758
f 313//313 637//637 311//311
f 311//311 637//637 636//636
f 311//311 636//636 309//309
f 636//636 635//635 309//309
f 309//309 635//635 631//631
f 309//309 631//631 307//307
f 307//307 631//631 633//633
f 307//307 633//633 305//305
f 305//305 633//633 759//759
f 760//760 761//761 590//590
f 590//590 761//761 762//762
f 590//590 762//762 633//633
f 633//633 762//762 763//763
f 633//633 763//763 759//759
f 764//764 765//765 589//589
f 589//589 765//765 590//590
f 590//590 765//765 766//766
f 590//590 766//766 760//760
f 587//587 767//767 588//588
f 588//588 767//767 768//768
f 768//768 769//769 588//588
f 588//588 769//769 770//770
f 588//588 770//770 771//771
f 771//771 772//772 588//588
f 588//588 772//772 773//773
f 588//588 773//773 589//589
f 589//589 773//773 774//774
f 589//589 774//774 764//764
f 775//775 776//776 587//587
f 775//775 587//587 777//777
f 776//776 778//778 587//587
f 587//587 778//778 779//779
f 587//587 779//779 767//767
f 757//757 780//780 758//758
f 758//758 780//780 781//781
f 758//758 781//781 777//777
f 777//777 781//781 782//782
f 777//777 782//782 775//775
f 756//756 758//758 783//783
f 783//783 758//758 784//784
f 783//783 784//784 785//785
f 785//785 784//784 786//786
f 786//786 784//784 787//787
f 786//786 787//787 788//788
f 788//788 787//787 789//789
f 789//789 787//787 790//790
f 789//789 790//790 791//791
f 792//792 793//793 790//790
f 790//790 793//793 794//794
f 790//790 794//794 791//791
f 795//795 796//796 792//792
f 792//792 796//796 797//797
f 792//792 797//797 793//793
f 217//217 571//571 798//798
f 798//798 571//571 570//570
f 217//217 219//219 571//571
f 571//571 219//219 755//755
f 571//571 755//755 573//573
f 573//573 755//755 799//799
f 573//573 799//799 576//576
f 576//576 799//799 800//800
f 587//587 585//585 777//777
f 777//777 585//585 584//584
f 777//777 584//584 758//758
f 758//758 584//584 582//582
f 758//758 582//582 784//784
f 784//784 582//582 581//581
f 784//784 581//581 787//787
f 787//787 581//581 579//579
f 787//787 579//579 790//790
f 790//790 579//579 577//577
f 790//790 577//577 792//792
f 792//792 577//577 576//576
f 792//792 576//576 795//795
f 795//795 576//576 800//800
f 801//801 802//802 803//803
f 804//804 805//805 806//806
f 807//807 808//808 809//809
f 810//810 811//811 354//354
f 812//812 813//813 811//811
f 811//811 813//813 356//356
f 811//811 356//356 354//354
f 814//814 815//815 812//812
f 812//812 815//815 816//816
f 812//812 816//816 813//813
f 817//817 818//818 814//814
f 814//814 818//818 819//819
f 814//814 819//819 815//815
f 820//820 821//821 817//817
f 817//817 821//821 822//822
f 817//817 822//822 818//818
f 823//823 824//824 825//825
f 825//825 824//824 826//826
f 825//825 826//826 820//820
f 820//820 826//826 827//827
f 820//820 827//827 821//821
f 823//823 825//825 828//828
f 828//828 825//825 829//829
f 828//828 829//829 830//830
f 830//830 829//829 831//831
f 831//831 829//829 832//832
f 831//831 832//832 833//833
f 833//833 832//832 834//834
f 834//834 832//832 835//835
f 834//834 835//835 836//836
f 837//837 838//838 839//839
f 839//839 838//838 840//840
f 839//839 840//840 841//841
f 841//841 840//840 842//842
f 841//841 842//842 835//835
f 835//835 842//842 843//843
f 835//835 843//843 836//836
f 837//837 839//839 844//844
f 844//844 839//839 845//845
f 844//844 845//845 846//846
f 847//847 848//848 845//845
f 845//845 848//848 849//849
f 845//845 849//849 846//846
f 850//850 851//851 847//847
f 847//847 851//851 852//852
f 847//847 852//852 848//848
f 853//853 854//854 850//850
f 850//850 854//854 855//855
f 850//850 855//855 851//851
f 856//856 857//857 858//858
f 858//858 857//857 859//859
f 858//858 859//859 860//860
f 860//860 859//859 861//861
f 860//860 861//861 853//853
f 853//853 861//861 862//862
f 853//853 862//862 854//854
f 863//863 864//864 856//856
f 856//856 864//864 225//225
f 856//856 225//225 857//857
f 807//807 809//809 865//865
f 804//804 806//806 382//382
f 382//382 806//806 383//383
f 383//383 806//806 866//866
f 383//383 866//866 385//385
f 385//385 866//866 867//867
f 385//385 867//867 386//386
f 386//386 867//867 388//388
f 388//388 867//867 868//868
f 388//388 868//868 390//390
f 390//390 868//868 392//392
f 392//392 868//868 869//869
f 392//392 869//869 393//393
f 870//870 398//398 871//871
f 871//871 398//398 397//397
f 871//871 397//397 869//869
f 869//869 397//397 395//395
f 869//869 395//395 393//393
f 872//872 401//401 870//870
f 870//870 401//401 400//400
f 870//870 400//400 398//398
f 873//873 405//405 872//872
f 872//872 405//405 403//403
f 872//872 403//403 401//401
f 874//874 457//457 875//875
f 875//875 457//457 407//407
f 875//875 407//407 876//876
f 876//876 407//407 409//409
f 876//876 409//409 873//873
f 873//873 409//409 410//410
f 873//873 410//410 405//405
f 877//877 461//461 874//874
f 874//874 461//461 460//460
f 874//874 460//460 457//457
f 878//878 465//465 877//877
f 877//877 465//465 463//463
f 877//877 463//463 461//461
f 879//879 470//470 880//880
f 880//880 470//470 469//469
f 880//880 469//469 878//878
f 878//878 469//469 467//467
f 878//878 467//467 465//465
f 881//881 474//474 879//879
f 879//879 474//474 472//472
f 879//879 472//472 470//470
f 882//882 485//485 881//881
f 881//881 485//485 476//476
f 881//881 476//476 474//474
f 489//489 478//478 883//883
f 883//883 478//478 480//480
f 883//883 480//480 884//884
f 884//884 480//480 482//482
f 884//884 482//482 882//882
f 882//882 482//482 484//484
f 882//882 484//484 485//485
f 489//489 883//883 490//490
f 490//490 883//883 885//885
f 490//490 885//885 492//492
f 492//492 885//885 886//886
f 492//492 886//886 494//494
f 494//494 886//886 486//486
f 486//486 886//886 887//887
f 486//486 887//887 487//487
f 888//888 511//511 889//889
f 889//889 511//511 487//487
f 889//889 487//487 890//890
f 890//890 487//487 887//887
f 891//891 503//503 892//892
f 892//892 503//503 505//505
f 892//892 505//505 893//893
f 893//893 505//505 507//507
f 893//893 507//507 888//888
f 888//888 507//507 509//509
f 888//888 509//509 511//511
f 894//894 497//497 895//895
f 895//895 497//497 499//499
f 895//895 499//499 891//891
f 891//891 499//499 501//501
f 891//891 501//501 503//503
f 380//380 896//896 897//897
f 380//380 897//897 379//379
f 379//379 897//897 898//898
f 379//379 898//898 378//378
f 378//378 898//898 899//899
f 378//378 899//899 372//372
f 372//372 899//899 370//370
f 370//370 899//899 900//900
f 370//370 900//900 368//368
f 368//368 900//900 367//367
f 367//367 900//900 901//901
f 367//367 901//901 365//365
f 365//365 901//901 902//902
f 365//365 902//902 363//363
f 363//363 902//902 361//361
f 361//361 902//902 903//903
f 361//361 903//903 359//359
f 359//359 903//903 904//904
f 359//359 904//904 357//357
f 905//905 348//348 904//904
f 904//904 348//348 349//349
f 904//904 349//349 357//357
f 906//906 346//346 905//905
f 905//905 346//346 347//347
f 905//905 347//347 348//348
f 907//907 350//350 906//906
f 906//906 350//350 351//351
f 906//906 351//351 346//346
f 354//354 355//355 810//810
f 810//810 355//355 352//352
f 810//810 352//352 907//907
f 907//907 352//352 353//353
f 907//907 353//353 350//350
f 802//802 908//908 803//803
f 803//803 908//908 909//909
f 803//803 909//909 910//910
f 910//910 909//909 911//911
f 910//910 911//911 912//912
f 912//912 911//911 913//913
f 912//912 913//913 914//914
f 914//914 913//913 915//915
f 914//914 915//915 916//916
f 916//916 915//915 917//917
f 916//916 917//917 918//918
f 918//918 917//917 919//919
f 918//918 919//919 920//920
f 920//920 919//919 921//921
f 920//920 921//921 922//922
f 922//922 921//921 923//923
f 922//922 923//923 924//924
f 924//924 923//923 925//925
f 924//924 925//925 926//926
f 926//926 925//925 927//927
f 926//926 927//927 928//928
f 928//928 927//927 929//929
f 928//928 929//929 930//930
f 930//930 929//929 931//931
f 930//930 931//931 932//932
f 932//932 931//931 933//933
f 932//932 933//933 934//934
f 934//934 933//933 935//935
f 934//934 935//935 936//936
f 936//936 935//935 937//937
f 936//936 937//937 938//938
f 938//938 937//937 939//939
f 938//938 939//939 940//940
f 940//940 939//939 941//941
f 940//940 941//941 942//942
f 942//942 941//941 943//943
f 942//942 943//943 944//944
f 944//944 943//943 945//945
f 944//944 945//945 946//946
f 946//946 945//945 947//947
f 946//946 947//947 948//948
f 948//948 947//947 949//949
f 948//948 949//949 950//950
f 950//950 949//949 951//951
f 950//950 951//951 952//952
f 952//952 951//951 953//953
f 952//952 953//953 954//954
f 954//954 953//953 955//955
f 954//954 955//955 956//956
f 956//956 955//955 957//957
f 956//956 957//957 958//958
f 958//958 957//957 959//959
f 958//958 959//959 960//960
f 960//960 959//959 961//961
f 960//960 961//961 962//962
f 962//962 961//961 963//963
f 962//962 963//963 964//964
f 964//964 963//963 965//965
f 964//964 965//965 966//966
f 966//966 965//965 967//967
f 966//966 967//967 968//968
f 968//968 967//967 969//969
f 908//908 970//970 909//909
f 909//909 970//970 971//971
f 909//909 971//971 911//911
f 911//911 971//971 972//972
f 911//911 972//972 913//913
f 913//913 972//972 973//973
f 913//913 973//973 915//915
f 915//915 973//973 974//974
f 915//915 974//974 917//917
f 917//917 974//974 975//975
f 917//917 975//975 919//919
f 919//919 975//975 976//976
f 919//919 976//976 921//921
f 921//921 976//976 977//977
f 921//921 977//977 923//923
f 923//923 977//977 978//978
f 923//923 978//978 925//925
f 925//925 978//978 979//979
f 925//925 979//979 927//927
f 927//927 979//979 980//980
f 927//927 980//980 929//929
f 929//929 980//980 981//981
f 929//929 981//981 931//931
f 931//931 981//981 982//982
f 931//931 982//982 933//933
f 933//933 982//982 983//983
f 933//933 983//983 935//935
f 935//935 983//983 984//984
f 935//935 984//984 937//937
f 937//937 984//984 985//985
f 937//937 985//985 939//939
f 939//939 985//985 986//986
f 939//939 986//986 941//941
f 941//941 986//986 987//987
f 941//941 987//987 943//943
f 943//943 987//987 988//988
f 943//943 988//988 945//945
f 945//945 988//988 989//989
f 945//945 989//989 947//947
f 947//947 989//989 990//990
f 947//947 990//990 949//949
f 949//949 990//990 991//991
f 949//949 991//991 951//951
f 951//951 991//991 992//992
f 951//951 992//992 953//953
f 953//953 992//992 993//993
f 953//953 993//993 955//955
f 955//955 993//993 994//994
f 955//955 994//994 957//957
f 957//957 994//994 995//995
f 957//957 995//995 959//959
f 959//959 995//995 996//996
f 959//959 996//996 961//961
f 961//961 996//996 997//997
f 961//961 997//997 963//963
f 963//963 997//997 998//998
f 963//963 998//998 965//965
f 965//965 998//998 999//999
f 965//965 999//999 967//967
f 967//967 999//999 1000//1000
f 967//967 1000//1000 969//969
f 969//969 1000//1000 1001//1001
f 970//970 894//894 971//971
f 971//971 894//894 895//895
f 971//971 895//895 972//972
f 972//972 895//895 891//891
f 972//972 891//891 973//973
f 973//973 891//891 892//892
f 973//973 892//892 974//974
f 974//974 892//892 893//893
f 974//974 893//893 975//975
f 975//975 893//893 888//888
f 975//975 888//888 976//976
f 976//976 888//888 889//889
f 976//976 889//889 977//977
f 977//977 889//889 890//890
f 977//977 890//890 978//978
f 978//978 890//890 887//887
f 978//978 887//887 979//979
f 979//979 887//887 886//886
f 979//979 886//886 980//980
f 980//980 886//886 885//885
f 980//980 885//885 981//981
f 981//981 885//885 883//883
f 981//981 883//883 982//982
f 982//982 883//883 884//884
f 982//982 884//884 983//983
f 983//983 884//884 882//882
f 983//983 882//882 984//984
f 984//984 882//882 881//881
f 984//984 881//881 985//985
f 985//985 881//881 879//879
f 985//985 879//879 986//986
f 986//986 879//879 880//880
f 986//986 880//880 987//987
f 987//987 880//880 878//878
f 987//987 878//878 988//988
f 988//988 878//878 877//877
f 988//988 877//877 989//989
f 989//989 877//877 874//874
f 989//989 874//874 990//990
f 990//990 874//874 875//875
f 990//990 875//875 991//991
f 991//991 875//875 876//876
f 991//991 876//876 992//992
f 992//992 876//876 873//873
f 992//992 873//873 993//993
f 993//993 873//873 872//872
f 993//993 872//872 994//994
f 994//994 872//872 870//870
f 994//994 870//870 995//995
f 995//995 870//870 871//871
f 995//995 871//871 996//996
f 996//996 871//871 869//869
f 996//996 869//869 997//997
f 997//997 869//869 868//868
f 997//997 868//868 998//998
f 998//998 868//868 867//867
f 998//998 867//867 999//999
f 999//999 867//867 866//866
f 999//999 866//866 1000//1000
f 1000//1000 866//866 806//806
f 1000//1000 806//806 1001//1001
f 1001//1001 806//806 805//805
f 1002//1002 1003//1003 1004//1004
f 1004//1004 1003//1003 1005//1005
f 1004//1004 1005//1005 1006//1006
f 1006//1006 1005//1005 1007//1007
f 1006//1006 1007//1007 1008//1008
f 1008//1008 1007//1007 1009//1009
f 1008//1008 1009//1009 1010//1010
f 1010//1010 1009//1009 1011//1011
f 1010//1010 1011//1011 1012//1012
f 1012//1012 1011//1011 1013//1013
f 1012//1012 1013//1013 1014//1014
f 1014//1014 1013//1013 1015//1015
f 1014//1014 1015//1015 1016//1016
f 1016//1016 1015//1015 1017//1017
f 1016//1016 1017//1017 1018//1018
f 1018//1018 1017//1017 1019//1019
f 1018//1018 1019//1019 1020//1020
f 1020//1020 1019//1019 1021//1021
f 1020//1020 1021//1021 1022//1022
f 1022//1022 1021//1021 1023//1023
f 1022//1022 1023//1023 1024//1024
f 1024//1024 1023//1023 1025//1025
f 1024//1024 1025//1025 1026//1026
f 1026//1026 1025//1025 1027//1027
f 1026//1026 1027//1027 1028//1028
f 1028//1028 1027//1027 1029//1029
f 1028//1028 1029//1029 1030//1030
f 1030//1030 1029//1029 1031//1031
f 1030//1030 1031//1031 1032//1032
f 1032//1032 1031//1031 1033//1033
f 1032//1032 1033//1033 1034//1034
f 1034//1034 1033//1033 1035//1035
f 1034//1034 1035//1035 1036//1036
f 1036//1036 1035//1035 1037//1037
f 1036//1036 1037//1037 1038//1038
f 1038//1038 1037//1037 1039//1039
f 1038//1038 1039//1039 1040//1040
f 1040//1040 1039//1039 1041//1041
f 1040//1040 1041//1041 1042//1042
f 1042//1042 1041//1041 1043//1043
f 1042//1042 1043//1043 1044//1044
f 1044//1044 1043//1043 1045//1045
f 1044//1044 1045//1045 1046//1046
f 1046//1046 1045//1045 1047//1047
f 1046//1046 1047//1047 1048//1048
f 1048//1048 1047//1047 1049//1049
f 1048//1048 1049//1049 1050//1050
f 1050//1050 1049//1049 1051//1051
f 1050//1050 1051//1051 1052//1052
f 1052//1052 1051//1051 1053//1053
f 1052//1052 1053//1053 1054//1054
f 1054//1054 1053//1053 1055//1055
f 1054//1054 1055//1055 1056//1056
f 1056//1056 1055//1055 1057//1057
f 1056//1056 1057//1057 1058//1058
f 1058//1058 1057//1057 1059//1059
f 1058//1058 1059//1059 1060//1060
f 1060//1060 1059//1059 1061//1061
f 1060//1060 1061//1061 1062//1062
f 1062//1062 1061//1061 809//809
f 1062//1062 809//809 1063//1063
f 1063//1063 809//809 808//808
f 896//896 1002//1002 897//897
f 897//897 1002//1002 1004//1004
f 897//897 1004//1004 898//898
f 898//898 1004//1004 1006//1006
f 898//898 1006//1006 899//899
f 899//899 1006//1006 1008//1008
f 899//899 1008//1008 900//900
f 900//900 1008//1008 1010//1010
f 900//900 1010//1010 901//901
f 901//901 1010//1010 1012//1012
f 901//901 1012//1012 902//902
f 902//902 1012//1012 1014//1014
f 902//902 1014//1014 903//903
f 903//903 1014//1014 1016//1016
f 903//903 1016//1016 904//904
f 904//904 1016//1016 1018//1018
f 904//904 1018//1018 905//905
f 905//905 1018//1018 1020//1020
f 905//905 1020//1020 906//906
f 906//906 1020//1020 1022//1022
f 906//906 1022//1022 907//907
f 907//907 1022//1022 1024//1024
f 907//907 1024//1024 810//810
f 810//810 1024//1024 1026//1026
f 810//810 1026//1026 811//811
f 811//811 1026//1026 1028//1028
f 811//811 1028//1028 812//812
f 812//812 1028//1028 1030//1030
f 812//812 1030//1030 814//814
f 814//814 1030//1030 1032//1032
f 814//814 1032//1032 817//817
f 817//817 1032//1032 1034//1034
f 817//817 1034//1034 820//820
f 820//820 1034//1034 1036//1036
f 820//820 1036//1036 825//825
f 825//825 1036//1036 1038//1038
f 825//825 1038//1038 829//829
f 829//829 1038//1038 1040//1040
f 829//829 1040//1040 832//832
f 832//832 1040//1040 1042//1042
f 832//832 1042//1042 835//835
f 835//835 1042//1042 1044//1044
f 835//835 1044//1044 841//841
f 841//841 1044//1044 1046//1046
f 841//841 1046//1046 839//839
f 839//839 1046//1046 1048//1048
f 839//839 1048//1048 845//845
f 845//845 1048//1048 1050//1050
f 845//845 1050//1050 847//847
f 847//847 1050//1050 1052//1052
f 847//847 1052//1052 850//850
f 850//850 1052//1052 1054//1054
f 850//850 1054//1054 853//853
f 853//853 1054//1054 1056//1056
f 853//853 1056//1056 860//860
f 860//860 1056//1056 1058//1058
f 860//860 1058//1058 858//858
f 858//858 1058//1058 1060//1060
f 858//858 1060//1060 856//856
f 856//856 1060//1060 1062//1062
f 856//856 1062//1062 863//863
f 863//863 1062//1062 1063//1063
f 1003//1003 801//801 1005//1005
f 1005//1005 801//801 803//803
f 1005//1005 803//803 1007//1007
f 1007//1007 803//803 910//910
f 1007//1007 910//910 1009//1009
f 1009//1009 910//910 912//912
f 1009//1009 912//912 1011//1011
f 1011//1011 912//912 914//914
f 1011//1011 914//914 1013//1013
f 1013//1013 914//914 916//916
f 1013//1013 916//916 1015//1015
f 1015//1015 916//916 918//918
f 1015//1015 918//918 1017//1017
f 1017//1017 918//918 920//920
f 1017//1017 920//920 1019//1019
f 1019//1019 920//920 922//922
f 1019//1019 922//922 1021//1021
f 1021//1021 922//922 924//924
f 1021//1021 924//924 1023//1023
f 1023//1023 924//924 926//926
f 1023//1023 926//926 1025//1025
f 1025//1025 926//926 928//928
f 1025//1025 928//928 1027//1027
f 1027//1027 928//928 930//930
f 1027//1027 930//930 1029//1029
f 1029//1029 930//930 932//932
f 1029//1029 932//932 1031//1031
f 1031//1031 932//932 934//934
f 1031//1031 934//934 1033//1033
f 1033//1033 934//934 936//936
f 1033//1033 936//936 1035//1035
f 1035//1035 936//936 938//938
f 1035//1035 938//938 1037//1037
f 1037//1037 938//938 940//940
f 1037//1037 940//940 1039//1039
f 1039//1039 940//940 942//942
f 1039//1039 942//942 1041//1041
f 1041//1041 942//942 944//944
f 1041//1041 944//944 1043//1043
f 1043//1043 944//944 946//946
f 1043//1043 946//946 1045//1045
f 1045//1045 946//946 948//948
f 1045//1045 948//948 1047//1047
f 1047//1047 948//948 950//950
f 1047//1047 950//950 1049//1049
f 1049//1049 950//950 952//952
f 1049//1049 952//952 1051//1051
f 1051//1051 952//952 954//954
f 1051//1051 954//954 1053//1053
f 1053//1053 954//954 956//956
f 1053//1053 956//956 1055//1055
f 1055//1055 956//956 958//958
f 1055//1055 958//958 1057//1057
f 1057//1057 958//958 960//960
f 1057//1057 960//960 1059//1059
f 1059//1059 960//960 962//962
f 1059//1059 962//962 1061//1061
f 1061//1061 962//962 964//964
f 1061//1061 964//964 809//809
f 809//809 964//964 966//966
f 809//809 966//966 865//865
f 865//865 966//966 968//968
f 251//251 250//250 146//146
f 146//146 148//148 251//251
f 251//251 148//148 149//149
f 251//251 149//149 252//252
f 252//252 149//149 91//91
f 91//91 142//142 252//252
f 252//252 142//142 131//131
f 252//252 131//131 253//253
f 253//253 131//131 244//244
f 244//244 131//131 130//130
f 244//244 130//130 246//246
f 246//246 130//130 135//135
f 246//246 135//135 247//247
f 247//247 135//135 137//137
f 247//247 137//137 240//240
f 137//137 139//139 240//240
f 240//240 139//139 94//94
f 240//240 94//94 238//238
f 238//238 94//94 93//93
f 238//238 93//93 236//236
f 236//236 93//93 129//129
f 236//236 129//129 221//221
f 129//129 128//128 221//221
f 221//221 128//128 127//127
f 221//221 127//127 222//222
f 222//222 127//127 87//87
f 87//87 86//86 222//222
f 222//222 86//86 150//150
f 222//222 150//150 228//228
f 228//228 150//150 151//151
f 228//228 151//151 226//226
f 226//226 151//151 224//224
f 224//224 151//151 152//152
f 224//224 152//152 229//229
f 229//229 152//152 153//153
f 229//229 153//153 230//230
f 230//230 153//153 154//154
f 230//230 154//154 231//231
f 231//231 154//154 232//232
f 232//232 154//154 1064//1064
f 232//232 1064//1064 233//233
f 233//233 1064//1064 1065//1065
f 233//233 1065//1065 234//234
f 234//234 1065//1065 1066//1066
f 234//234 1066//1066 1067//1067
f 1068//1068 440//440 442//442
f 235//235 227//227 1069//1069
f 434//434 436//436 1070//1070
f 1071//1071 1072//1072 1073//1073
f 249//249 248//248 1074//1074
f 1074//1074 248//248 1075//1075
f 1076//1076 1077//1077 1078//1078
f 1078//1078 1077//1077 1075//1075
f 1078//1078 1075//1075 1079//1079
f 1079//1079 1075//1075 248//248
f 1079//1079 248//248 243//243
f 1080//1080 1081//1081 1076//1076
f 1076//1076 1081//1081 1082//1082
f 1076//1076 1082//1082 1077//1077
f 1077//1077 1082//1082 1083//1083
f 1077//1077 1083//1083 1075//1075
f 1075//1075 1083//1083 1084//1084
f 1075//1075 1084//1084 1074//1074
f 1085//1085 1086//1086 1087//1087
f 1087//1087 1086//1086 1088//1088
f 1087//1087 1088//1088 1089//1089
f 1089//1089 1088//1088 1090//1090
f 438//438 440//440 1091//1091
f 1091//1091 440//440 1068//1068
f 1091//1091 1068//1068 1092//1092
f 1092//1092 1068//1068 1090//1090
f 1092//1092 1090//1090 1093//1093
f 1093//1093 1090//1090 1088//1088
f 1093//1093 1088//1088 1094//1094
f 1094//1094 1088//1088 1086//1086
f 1094//1094 1086//1086 1095//1095
f 1096//1096 1097//1097 1098//1098
f 1098//1098 1097//1097 1099//1099
f 1098//1098 1099//1099 1100//1100
f 1100//1100 1099//1099 1101//1101
f 1097//1097 968//968 1099//1099
f 1099//1099 968//968 969//969
f 1099//1099 969//969 1101//1101
f 1101//1101 969//969 1001//1001
f 1101//1101 1001//1001 805//805
f 804//804 382//382 428//428
f 1102//1102 1073//1073 1103//1103
f 1103//1103 1073//1073 1072//1072
f 1103//1103 1072//1072 1070//1070
f 1070//1070 1072//1072 432//432
f 1070//1070 432//432 434//434
f 804//804 428//428 1071//1071
f 1071//1071 428//428 429//429
f 1071//1071 429//429 1072//1072
f 1072//1072 429//429 431//431
f 1072//1072 431//431 432//432
f 1096//1096 1104//1104 1105//1105
f 1105//1105 1104//1104 1106//1106
f 227//227 225//225 1069//1069
f 1069//1069 225//225 864//864
f 1069//1069 864//864 863//863
f 223//223 235//235 1106//1106
f 1106//1106 235//235 1069//1069
f 1106//1106 1069//1069 1105//1105
f 1105//1105 1069//1069 863//863
f 863//863 1063//1063 1105//1105
f 1105//1105 1063//1063 808//808
f 1105//1105 808//808 1096//1096
f 1096//1096 808//808 807//807
f 1096//1096 807//807 1097//1097
f 1097//1097 807//807 865//865
f 1097//1097 865//865 968//968
f 239//239 1107//1107 241//241
f 241//241 1107//1107 1108//1108
f 241//241 1108//1108 242//242
f 242//242 1108//1108 245//245
f 1109//1109 1108//1108 1110//1110
f 1110//1110 1108//1108 1107//1107
f 1110//1110 1107//1107 1111//1111
f 1111//1111 1107//1107 239//239
f 1111//1111 239//239 237//237
f 1109//1109 1110//1110 1112//1112
f 1112//1112 1110//1110 1113//1113
f 1112//1112 1113//1113 1114//1114
f 1100//1100 1114//1114 1098//1098
f 1098//1098 1114//1114 1113//1113
f 1098//1098 1113//1113 1096//1096
f 1096//1096 1113//1113 1110//1110
f 1096//1096 1110//1110 1104//1104
f 1104//1104 1110//1110 1111//1111
f 1104//1104 1111//1111 1106//1106
f 1106//1106 1111//1111 237//237
f 1106//1106 237//237 223//223
f 442//442 1115//1115 1068//1068
f 1068//1068 1115//1115 1116//1116
f 1068//1068 1116//1116 1090//1090
f 1090//1090 1116//1116 1117//1117
f 1090//1090 1117//1117 1089//1089
f 1085//1085 1080//1080 1086//1086
f 1086//1086 1080//1080 1076//1076
f 1086//1086 1076//1076 1095//1095
f 1095//1095 1076//1076 1078//1078
f 1095//1095 1078//1078 1118//1118
f 1118//1118 1078//1078 1079//1079
f 1118//1118 1079//1079 1119//1119
f 1119//1119 1079//1079 243//243
f 1094//1094 1102//1102 1093//1093
f 1093//1093 1102//1102 1103//1103
f 1093//1093 1103//1103 1092//1092
f 1092//1092 1103//1103 1070//1070
f 1092//1092 1070//1070 1091//1091
f 1091//1091 1070//1070 436//436
f 1091//1091 436//436 438//438
f 243//243 245//245 1119//1119
f 1119//1119 245//245 1108//1108
f 1119//1119 1108//1108 1118//1118
f 1118//1118 1108//1108 1109//1109
f 1118//1118 1109//1109 1095//1095
f 1095//1095 1109//1109 1112//1112
f 1095//1095 1112//1112 1094//1094
f 1094//1094 1112//1112 1114//1114
f 1094//1094 1114//1114 1102//1102
f 1102//1102 1114//1114 1100//1100
f 1102//1102 1100//1100 1073//1073
f 1073//1073 1100//1100 1101//1101
f 1073//1073 1101//1101 1071//1071
f 1071//1071 1101//1101 805//805
f 1071//1071 805//805 804//804
f 337//337 356//356 813//813
f 1120//1120 1121//1121 855//855
f 225//225 234//234 857//857
f 857//857 234//234 1067//1067
f 1122//1122 859//859 1123//1123
f 1123//1123 859//859 857//857
f 1123//1123 857//857 1124//1124
f 1124//1124 857//857 1067//1067
f 1124//1124 1067//1067 1125//1125
f 855//855 854//854 1120//1120
f 1120//1120 854//854 862//862
f 1120//1120 862//862 1122//1122
f 1122//1122 862//862 861//861
f 1122//1122 861//861 859//859
f 846//846 849//849 1126//1126
f 1126//1126 849//849 848//848
f 1126//1126 848//848 1127//1127
f 1127//1127 848//848 852//852
f 1127//1127 852//852 1121//1121
f 1121//1121 852//852 851//851
f 1121//1121 851//851 855//855
f 1128//1128 842//842 1129//1129
f 1129//1129 842//842 840//840
f 1129//1129 840//840 1130//1130
f 1130//1130 840//840 838//838
f 1130//1130 838//838 1131//1131
f 1131//1131 838//838 837//837
f 1131//1131 837//837 1126//1126
f 1126//1126 837//837 844//844
f 1126//1126 844//844 846//846
f 1132//1132 1133//1133 833//833
f 833//833 834//834 1132//1132
f 1132//1132 834//834 836//836
f 1132//1132 836//836 1128//1128
f 1128//1128 836//836 843//843
f 1128//1128 843//843 842//842
f 824//824 823//823 1134//1134
f 1134//1134 823//823 828//828
f 1134//1134 828//828 1135//1135
f 1135//1135 828//828 830//830
f 1135//1135 830//830 1133//1133
f 1133//1133 830//830 831//831
f 1133//1133 831//831 833//833
f 1136//1136 819//819 1137//1137
f 1137//1137 819//819 818//818
f 1137//1137 818//818 1138//1138
f 818//818 822//822 1138//1138
f 1138//1138 822//822 821//821
f 1138//1138 821//821 1139//1139
f 1139//1139 821//821 827//827
f 1139//1139 827//827 1134//1134
f 1134//1134 827//827 826//826
f 1134//1134 826//826 824//824
f 1140//1140 337//337 1141//1141
f 1141//1141 337//337 813//813
f 1141//1141 813//813 1142//1142
f 1142//1142 813//813 816//816
f 1142//1142 816//816 1136//1136
f 1136//1136 816//816 815//815
f 1136//1136 815//815 819//819
f 1143//1143 1144//1144 1145//1145
f 1143//1143 1145//1145 1146//1146
f 1145//1145 713//713 715//715
f 715//715 716//716 1145//1145
f 1145//1145 716//716 711//711
f 1145//1145 711//711 1146//1146
f 704//704 1147//1147 706//706
f 706//706 1147//1147 1148//1148
f 706//706 1148//1148 707//707
f 707//707 1148//1148 1149//1149
f 707//707 1149//1149 709//709
f 709//709 1149//1149 1150//1150
f 709//709 1150//1150 711//711
f 711//711 1150//1150 1151//1151
f 711//711 1151//1151 1146//1146
f 540//540 1152//1152 701//701
f 701//701 1152//1152 1153//1153
f 701//701 1153//1153 703//703
f 1154//1154 1155//1155 1156//1156
f 1156//1156 1155//1155 1147//1147
f 1156//1156 1147//1147 1153//1153
f 1153//1153 1147//1147 704//704
f 1153//1153 704//704 703//703
f 1157//1157 1158//1158 1159//1159
f 1159//1159 1158//1158 1160//1160
f 1161//1161 1162//1162 1163//1163
f 1163//1163 1162//1162 1164//1164
f 1163//1163 1164//1164 1160//1160
f 1160//1160 1164//1164 1165//1165
f 1160//1160 1165//1165 1159//1159
f 1166//1166 1167//1167 1168//1168
f 1166//1166 1168//1168 1163//1163
f 1163//1163 1168//1168 1169//1169
f 1163//1163 1169//1169 1161//1161
f 1170//1170 1171//1171 1172//1172
f 1170//1170 1172//1172 1166//1166
f 1166//1166 1172//1172 1173//1173
f 1166//1166 1173//1173 1167//1167
f 1174//1174 1175//1175 1176//1176
f 1174//1174 1176//1176 1170//1170
f 1170//1170 1176//1176 1177//1177
f 1170//1170 1177//1177 1171//1171
f 1178//1178 1179//1179 1180//1180
f 1175//1175 1174//1174 1180//1180
f 1180//1180 1174//1174 1181//1181
f 1180//1180 1181//1181 1178//1178
f 220//220 218//218 1179//1179
f 1179//1179 218//218 217//217
f 217//217 798//798 1179//1179
f 1179//1179 798//798 570//570
f 1179//1179 570//570 1180//1180
f 1180//1180 570//570 560//560
f 1180//1180 560//560 1175//1175
f 1175//1175 560//560 562//562
f 1175//1175 562//562 564//564
f 543//543 1177//1177 564//564
f 564//564 1177//1177 1176//1176
f 564//564 1176//1176 1175//1175
f 555//555 1173//1173 542//542
f 542//542 1173//1173 1172//1172
f 542//542 1172//1172 543//543
f 543//543 1172//1172 1171//1171
f 543//543 1171//1171 1177//1177
f 1164//1164 1162//1162 553//553
f 553//553 1162//1162 554//554
f 1162//1162 1161//1161 554//554
f 554//554 1161//1161 1169//1169
f 554//554 1169//1169 557//557
f 557//557 1169//1169 1168//1168
f 557//557 1168//1168 555//555
f 555//555 1168//1168 1167//1167
f 555//555 1167//1167 1173//1173
f 548//548 546//546 1157//1157
f 553//553 551//551 1164//1164
f 1164//1164 551//551 549//549
f 1164//1164 549//549 1165//1165
f 1165//1165 549//549 548//548
f 1165//1165 548//548 1159//1159
f 1159//1159 548//548 1157//1157
f 1182//1182 1144//1144 1143//1143
f 216//216 215//215 1183//1183
f 1183//1183 215//215 214//214
f 1183//1183 214//214 213//213
f 216//216 1183//1183 1154//1154
f 1154//1154 1183//1183 1184//1184
f 1154//1154 1184//1184 1155//1155
f 1155//1155 1184//1184 1147//1147
f 1147//1147 1184//1184 1185//1185
f 1147//1147 1185//1185 1148//1148
f 1186//1186 1182//1182 1187//1187
f 1187//1187 1182//1182 1143//1143
f 1187//1187 1143//1143 1188//1188
f 1188//1188 1143//1143 1146//1146
f 1188//1188 1146//1146 1189//1189
f 1189//1189 1146//1146 1151//1151
f 1189//1189 1151//1151 1190//1190
f 1190//1190 1151//1151 1150//1150
f 1190//1190 1150//1150 1191//1191
f 1191//1191 1150//1150 1149//1149
f 1191//1191 1149//1149 1192//1192
f 1192//1192 1149//1149 1148//1148
f 1192//1192 1148//1148 1193//1193
f 1193//1193 1148//1148 1185//1185
f 1183//1183 1194//1194 1184//1184
f 1184//1184 1194//1194 1195//1195
f 1184//1184 1195//1195 1185//1185
f 1196//1196 1192//1192 1195//1195
f 1195//1195 1192//1192 1193//1193
f 1195//1195 1193//1193 1185//1185
f 1188//1188 1189//1189 1197//1197
f 1197//1197 1189//1189 1190//1190
f 1197//1197 1190//1190 1196//1196
f 1196//1196 1190//1190 1191//1191
f 1196//1196 1191//1191 1192//1192
f 1188//1188 1197//1197 1187//1187
f 1187//1187 1197//1197 1198//1198
f 1187//1187 1198//1198 1186//1186
f 1199//1199 1200//1200 1201//1201
f 453//453 426//426 1202//1202
f 1203//1203 249//249 1074//1074
f 1204//1204 1205//1205 1206//1206
f 1207//1207 1208//1208 1209//1209
f 1207//1207 1209//1209 1210//1210
f 1210//1210 1209//1209 1211//1211
f 1210//1210 1211//1211 1212//1212
f 1212//1212 1211//1211 1213//1213
f 1213//1213 1211//1211 1214//1214
f 1213//1213 1214//1214 1215//1215
f 1215//1215 1214//1214 1216//1216
f 1215//1215 1216//1216 1217//1217
f 1217//1217 1216//1216 1218//1218
f 1217//1217 1218//1218 1219//1219
f 1219//1219 1218//1218 1202//1202
f 1219//1219 1202//1202 1220//1220
f 426//426 425//425 1202//1202
f 1202//1202 425//425 1221//1221
f 1202//1202 1221//1221 1220//1220
f 1201//1201 451//451 453//453
f 445//445 447//447 1200//1200
f 1200//1200 447//447 448//448
f 1200//1200 448//448 1201//1201
f 1201//1201 448//448 450//450
f 1201//1201 450//450 451//451
f 442//442 444//444 1115//1115
f 1115//1115 444//444 1222//1222
f 1115//1115 1222//1222 1116//1116
f 1116//1116 1222//1222 1117//1117
f 1117//1117 1222//1222 1223//1223
f 1117//1117 1223//1223 1089//1089
f 1089//1089 1223//1223 1224//1224
f 1089//1089 1224//1224 1087//1087
f 1087//1087 1224//1224 1085//1085
f 1085//1085 1224//1224 1225//1225
f 1085//1085 1225//1225 1080//1080
f 1080//1080 1225//1225 1081//1081
f 1081//1081 1225//1225 1226//1226
f 1081//1081 1226//1226 1082//1082
f 1082//1082 1226//1226 1083//1083
f 1083//1083 1226//1226 1227//1227
f 1083//1083 1227//1227 1084//1084
f 1228//1228 1229//1229 1230//1230
f 1230//1230 1229//1229 1231//1231
f 1230//1230 1231//1231 1232//1232
f 1232//1232 1231//1231 1233//1233
f 1232//1232 1233//1233 1234//1234
f 1234//1234 1233//1233 1204//1204
f 1234//1234 1204//1204 1235//1235
f 1235//1235 1204//1204 1206//1206
f 1235//1235 1206//1206 1203//1203
f 444//444 445//445 1222//1222
f 1222//1222 445//445 1200//1200
f 1222//1222 1200//1200 1223//1223
f 1223//1223 1200//1200 1199//1199
f 1223//1223 1199//1199 1224//1224
f 1224//1224 1199//1199 1236//1236
f 1224//1224 1236//1236 1225//1225
f 1225//1225 1236//1236 1237//1237
f 1225//1225 1237//1237 1226//1226
f 1226//1226 1237//1237 1238//1238
f 1226//1226 1238//1238 1227//1227
f 1227//1227 1238//1238 1239//1239
f 1201//1201 1228//1228 1199//1199
f 1199//1199 1228//1228 1230//1230
f 1199//1199 1230//1230 1236//1236
f 1236//1236 1230//1230 1232//1232
f 1236//1236 1232//1232 1237//1237
f 1237//1237 1232//1232 1234//1234
f 1237//1237 1234//1234 1238//1238
f 1238//1238 1234//1234 1235//1235
f 1238//1238 1235//1235 1239//1239
f 1239//1239 1235//1235 1203//1203
f 1239//1239 1203//1203 1227//1227
f 1227//1227 1203//1203 1074//1074
f 1227//1227 1074//1074 1084//1084
f 453//453 1202//1202 1201//1201
f 1201//1201 1202//1202 1218//1218
f 1201//1201 1218//1218 1228//1228
f 1228//1228 1218//1218 1216//1216
f 1228//1228 1216//1216 1229//1229
f 1229//1229 1216//1216 1214//1214
f 1229//1229 1214//1214 1231//1231
f 1231//1231 1214//1214 1211//1211
f 1231//1231 1211//1211 1233//1233
f 1233//1233 1211//1211 1209//1209
f 1233//1233 1209//1209 1204//1204
f 1204//1204 1209//1209 1208//1208
f 1204//1204 1208//1208 1205//1205
f 1240//1240 1241//1241 1242//1242
f 1242//1242 1241//1241 1243//1243
f 1243//1243 1241//1241 1244//1244
f 1244//1244 1241//1241 1245//1245
f 1244//1244 1245//1245 1246//1246
f 1247//1247 1248//1248 1249//1249
f 1247//1247 1249//1249 1245//1245
f 1245//1245 1249//1249 1250//1250
f 1245//1245 1250//1250 1246//1246
f 1248//1248 1247//1247 1251//1251
f 1251//1251 1247//1247 1252//1252
f 1251//1251 1252//1252 1253//1253
f 1253//1253 1252//1252 1254//1254
f 1254//1254 1252//1252 146//146
f 1254//1254 146//146 250//250
f 147//147 1194//1194 213//213
f 213//213 1194//1194 1183//1183
f 1255//1255 1256//1256 1257//1257
f 257//257 1258//1258 254//254
f 261//261 263//263 1259//1259
f 272//272 1260//1260 1261//1261
f 283//283 1262//1262 1263//1263
f 1262//1262 283//283 281//281
f 300//300 1264//1264 301//301
f 765//765 1265//1265 766//766
f 773//773 1266//1266 774//774
f 770//770 1267//1267 771//771
f 797//797 796//796 1268//1268
f 1269//1269 795//795 800//800
f 220//220 1270//1270 755//755
f 1181//1181 254//254 1178//1178
f 1178//1178 254//254 1258//1258
f 1178//1178 1258//1258 1179//1179
f 1270//1270 1271//1271 755//755
f 755//755 1271//1271 1259//1259
f 755//755 1259//1259 799//799
f 788//788 789//789 1272//1272
f 1272//1272 789//789 791//791
f 1272//1272 791//791 794//794
f 1272//1272 1273//1273 788//788
f 788//788 1273//1273 1274//1274
f 788//788 1274//1274 786//786
f 786//786 1274//1274 785//785
f 756//756 783//783 1275//1275
f 1275//1275 783//783 785//785
f 1275//1275 785//785 1276//1276
f 782//782 781//781 1277//1277
f 1277//1277 781//781 780//780
f 1277//1277 780//780 757//757
f 779//779 778//778 280//280
f 291//291 290//290 1278//1278
f 1278//1278 290//290 767//767
f 1278//1278 767//767 779//779
f 289//289 769//769 290//290
f 290//290 769//769 768//768
f 290//290 768//768 767//767
f 765//765 764//764 295//295
f 295//295 764//764 296//296
f 764//764 774//774 296//296
f 296//296 774//774 1266//1266
f 296//296 1266//1266 297//297
f 297//297 1266//1266 773//773
f 297//297 773//773 298//298
f 298//298 773//773 772//772
f 298//298 772//772 286//286
f 286//286 772//772 771//771
f 286//286 771//771 287//287
f 287//287 771//771 1267//1267
f 287//287 1267//1267 289//289
f 289//289 1267//1267 770//770
f 289//289 770//770 769//769
f 765//765 295//295 1265//1265
f 1265//1265 295//295 294//294
f 1265//1265 294//294 766//766
f 766//766 294//294 304//304
f 766//766 304//304 760//760
f 304//304 303//303 760//760
f 760//760 303//303 302//302
f 760//760 302//302 761//761
f 761//761 302//302 762//762
f 762//762 302//302 301//301
f 762//762 301//301 763//763
f 763//763 301//301 1264//1264
f 763//763 1264//1264 759//759
f 759//759 1264//1264 300//300
f 759//759 300//300 305//305
f 779//779 280//280 1278//1278
f 1278//1278 280//280 292//292
f 1278//1278 292//292 291//291
f 1257//1257 279//279 1279//1279
f 1279//1279 279//279 285//285
f 1279//1279 285//285 1263//1263
f 1263//1263 285//285 284//284
f 1263//1263 284//284 283//283
f 1260//1260 272//272 1255//1255
f 1255//1255 272//272 273//273
f 1255//1255 273//273 1256//1256
f 1256//1256 273//273 275//275
f 1256//1256 275//275 1257//1257
f 1257//1257 275//275 277//277
f 1257//1257 277//277 279//279
f 1280//1280 269//269 1261//1261
f 1261//1261 269//269 270//270
f 1261//1261 270//270 272//272
f 1259//1259 263//263 1281//1281
f 1281//1281 263//263 265//265
f 1281//1281 265//265 1280//1280
f 1280//1280 265//265 267//267
f 1280//1280 267//267 269//269
f 261//261 1259//1259 259//259
f 259//259 1259//1259 1271//1271
f 259//259 1271//1271 257//257
f 257//257 1271//1271 1270//1270
f 257//257 1270//1270 1258//1258
f 1258//1258 1270//1270 220//220
f 1258//1258 220//220 1179//1179
f 1261//1261 1282//1282 1280//1280
f 1280//1280 1282//1282 1283//1283
f 1280//1280 1283//1283 1281//1281
f 1281//1281 1283//1283 1269//1269
f 1281//1281 1269//1269 1259//1259
f 1259//1259 1269//1269 800//800
f 1259//1259 800//800 799//799
f 757//757 1255//1255 1277//1277
f 1277//1277 1255//1255 1257//1257
f 1277//1277 1257//1257 782//782
f 782//782 1257//1257 1279//1279
f 782//782 1279//1279 775//775
f 775//775 1279//1279 1263//1263
f 775//775 1263//1263 776//776
f 776//776 1263//1263 1262//1262
f 776//776 1262//1262 778//778
f 778//778 1262//1262 281//281
f 778//778 281//281 280//280
f 795//795 1269//1269 796//796
f 796//796 1269//1269 1283//1283
f 796//796 1283//1283 1268//1268
f 1268//1268 1283//1283 1282//1282
f 1268//1268 1282//1282 1284//1284
f 1284//1284 1282//1282 1261//1261
f 1284//1284 1261//1261 1285//1285
f 1285//1285 1261//1261 1260//1260
f 1285//1285 1260//1260 1276//1276
f 1276//1276 1260//1260 1255//1255
f 1276//1276 1255//1255 1275//1275
f 1275//1275 1255//1255 757//757
f 1275//1275 757//757 756//756
f 785//785 1274//1274 1276//1276
f 1276//1276 1274//1274 1273//1273
f 1276//1276 1273//1273 1285//1285
f 1285//1285 1273//1273 1272//1272
f 1285//1285 1272//1272 1284//1284
f 1284//1284 1272//1272 794//794
f 1284//1284 794//794 1268//1268
f 1268//1268 794//794 793//793
f 1268//1268 793//793 797//797
f 1153//1153 1152//1152 540//540
f 1153//1153 540//540 1156//1156
f 540//540 538//538 1156//1156
f 1156//1156 538//538 216//216
f 1156//1156 216//216 1154//1154
f 250//250 249//249 1254//1254
f 1254//1254 249//249 1203//1203
f 1254//1254 1203//1203 1253//1253
f 1253//1253 1203//1203 1251//1251
f 1251//1251 1203//1203 1248//1248
f 1248//1248 1203//1203 1206//1206
f 1248//1248 1206//1206 1249//1249
f 1249//1249 1206//1206 1250//1250
f 1250//1250 1206//1206 1205//1205
f 1250//1250 1205//1205 1246//1246
f 1246//1246 1205//1205 1208//1208
f 1246//1246 1208//1208 1244//1244
f 1244//1244 1208//1208 1243//1243
f 1243//1243 1208//1208 1207//1207
f 1243//1243 1207//1207 1242//1242
f 315//315 637//637 313//313
f 1286//1286 1287//1287 1140//1140
f 1140//1140 1287//1287 314//314
f 1140//1140 314//314 337//337
f 1067//1067 1066//1066 1125//1125
f 1125//1125 1066//1066 1288//1288
f 1125//1125 1288//1288 1289//1289
f 1290//1290 170//170 1291//1291
f 315//315 314//314 1292//1292
f 1292//1292 314//314 1287//1287
f 1292//1292 1287//1287 1293//1293
f 1288//1288 1066//1066 1294//1294
f 1294//1294 1290//1290 1288//1288
f 1288//1288 1290//1290 1291//1291
f 1288//1288 1291//1291 1295//1295
f 1295//1295 1291//1291 1296//1296
f 1295//1295 1296//1296 1297//1297
f 1297//1297 1296//1296 1298//1298
f 1297//1297 1298//1298 1299//1299
f 1299//1299 1298//1298 1300//1300
f 1299//1299 1300//1300 1301//1301
f 1301//1301 1300//1300 1302//1302
f 1301//1301 1302//1302 1303//1303
f 1303//1303 1302//1302 1304//1304
f 1303//1303 1304//1304 1305//1305
f 1305//1305 1304//1304 1306//1306
f 1305//1305 1306//1306 1307//1307
f 1307//1307 1306//1306 1308//1308
f 1307//1307 1308//1308 1309//1309
f 1309//1309 1308//1308 1310//1310
f 1309//1309 1310//1310 1311//1311
f 1311//1311 1310//1310 1312//1312
f 1311//1311 1312//1312 1313//1313
f 1313//1313 1312//1312 1314//1314
f 1293//1293 1287//1287 1315//1315
f 1315//1315 1287//1287 1316//1316
f 1315//1315 1316//1316 1317//1317
f 1317//1317 1316//1316 1318//1318
f 1317//1317 1318//1318 1319//1319
f 1319//1319 1318//1318 1320//1320
f 1319//1319 1320//1320 1321//1321
f 1321//1321 1320//1320 1322//1322
f 1321//1321 1322//1322 1323//1323
f 1323//1323 1322//1322 1324//1324
f 1323//1323 1324//1324 1325//1325
f 1325//1325 1324//1324 1326//1326
f 1325//1325 1326//1326 1327//1327
f 1327//1327 1326//1326 1328//1328
f 1327//1327 1328//1328 1329//1329
f 1329//1329 1328//1328 1330//1330
f 1329//1329 1330//1330 1331//1331
f 1331//1331 1330//1330 1332//1332
f 1331//1331 1332//1332 1314//1314
f 1314//1314 1332//1332 1333//1333
f 1314//1314 1333//1333 1313//1313
f 1291//1291 170//170 691//691
f 691//691 170//170 169//169
f 628//628 637//637 1292//1292
f 1292//1292 637//637 315//315
f 1319//1319 1321//1321 1334//1334
f 1291//1291 691//691 1335//1335
f 1291//1291 1335//1335 1296//1296
f 1296//1296 1335//1335 1336//1336
f 1296//1296 1336//1336 1298//1298
f 1336//1336 1337//1337 1298//1298
f 1298//1298 1337//1337 1338//1338
f 1298//1298 1338//1338 1300//1300
f 1338//1338 1339//1339 1300//1300
f 1300//1300 1339//1339 1340//1340
f 1300//1300 1340//1340 1302//1302
f 1302//1302 1340//1340 1341//1341
f 1302//1302 1341//1341 1304//1304
f 1341//1341 1342//1342 1304//1304
f 1304//1304 1342//1342 1343//1343
f 1304//1304 1343//1343 1306//1306
f 1343//1343 1344//1344 1306//1306
f 1306//1306 1344//1344 1345//1345
f 1306//1306 1345//1345 1308//1308
f 1308//1308 1345//1345 1346//1346
f 1308//1308 1346//1346 1310//1310
f 1346//1346 1347//1347 1310//1310
f 1310//1310 1347//1347 1348//1348
f 1310//1310 1348//1348 1312//1312
f 1312//1312 1348//1348 1349//1349
f 1312//1312 1349//1349 1314//1314
f 1314//1314 1349//1349 1350//1350
f 1314//1314 1350//1350 1331//1331
f 1331//1331 1350//1350 1351//1351
f 1331//1331 1351//1351 1329//1329
f 1351//1351 1352//1352 1329//1329
f 1329//1329 1352//1352 1353//1353
f 1329//1329 1353//1353 1327//1327
f 1327//1327 1353//1353 1354//1354
f 1327//1327 1354//1354 1325//1325
f 1354//1354 1355//1355 1325//1325
f 1325//1325 1355//1355 1356//1356
f 1325//1325 1356//1356 1323//1323
f 1356//1356 1357//1357 1323//1323
f 1323//1323 1357//1357 1358//1358
f 1323//1323 1358//1358 1321//1321
f 1321//1321 1358//1358 1359//1359
f 1321//1321 1359//1359 1334//1334
f 1360//1360 1317//1317 1361//1361
f 1361//1361 1317//1317 1319//1319
f 1361//1361 1319//1319 1362//1362
f 1362//1362 1319//1319 1334//1334
f 629//629 1293//1293 1363//1363
f 1363//1363 1293//1293 1315//1315
f 1363//1363 1315//1315 1364//1364
f 1364//1364 1315//1315 1317//1317
f 1364//1364 1317//1317 1365//1365
f 1365//1365 1317//1317 1360//1360
f 1366//1366 1367//1367 1368//1368
f 1369//1369 1370//1370 1371//1371
f 1372//1372 1373//1373 1369//1369
f 1374//1374 1375//1375 1371//1371
f 1371//1371 1375//1375 1376//1376
f 1371//1371 1376//1376 1369//1369
f 1369//1369 1376//1376 1377//1377
f 1369//1369 1377//1377 1372//1372
f 1378//1378 1379//1379 1380//1380
f 1380//1380 1379//1379 1381//1381
f 1380//1380 1381//1381 1374//1374
f 1382//1382 1383//1383 1384//1384
f 1384//1384 1383//1383 1385//1385
f 1384//1384 1385//1385 1386//1386
f 1387//1387 1388//1388 1389//1389
f 1389//1389 1388//1388 1390//1390
f 1389//1389 1390//1390 1391//1391
f 1368//1368 1367//1367 1392//1392
f 1392//1392 1367//1367 1393//1393
f 1392//1392 1393//1393 1394//1394
f 1395//1395 1396//1396 1393//1393
f 1393//1393 1396//1396 1397//1397
f 1393//1393 1397//1397 1394//1394
f 1398//1398 1399//1399 1400//1400
f 1400//1400 1399//1399 1401//1401
f 1400//1400 1401//1401 1395//1395
f 1395//1395 1401//1401 1402//1402
f 1395//1395 1402//1402 1396//1396
f 1398//1398 1400//1400 1403//1403
f 1403//1403 1400//1400 1404//1404
f 1403//1403 1404//1404 1405//1405
f 1405//1405 1404//1404 1406//1406
f 1406//1406 1404//1404 1407//1407
f 1406//1406 1407//1407 1408//1408
f 1409//1409 1410//1410 1411//1411
f 1411//1411 1410//1410 1412//1412
f 1411//1411 1412//1412 1413//1413
f 1409//1409 1414//1414 1410//1410
f 1410//1410 1414//1414 1415//1415
f 1410//1410 1415//1415 1407//1407
f 1407//1407 1415//1415 1416//1416
f 1407//1407 1416//1416 1408//1408
f 1417//1417 1418//1418 1419//1419
f 1419//1419 1418//1418 1420//1420
f 1419//1419 1420//1420 1421//1421
f 1421//1421 1420//1420 1422//1422
f 1423//1423 1424//1424 1425//1425
f 1425//1425 1426//1426 1423//1423
f 1423//1423 1426//1426 1427//1427
f 1423//1423 1427//1427 1428//1428
f 1429//1429 1430//1430 1431//1431
f 1431//1431 1430//1430 1432//1432
f 1431//1431 1432//1432 1433//1433
f 1434//1434 1435//1435 1436//1436
f 1436//1436 1435//1435 1437//1437
f 1436//1436 1437//1437 1438//1438
f 1439//1439 1440//1440 1441//1441
f 1441//1441 1440//1440 1434//1434
f 1441//1441 1434//1434 1442//1442
f 1442//1442 1434//1434 1436//1436
f 1442//1442 1436//1436 1443//1443
f 1443//1443 1436//1436 1444//1444
f 1443//1443 1444//1444 1445//1445
f 1445//1445 1444//1444 1446//1446
f 1446//1446 1444//1444 1447//1447
f 1447//1447 1444//1444 1448//1448
f 1447//1447 1448//1448 1449//1449
f 1449//1449 1448//1448 1450//1450
f 1450//1450 1448//1448 1451//1451
f 1450//1450 1451//1451 1452//1452
f 1453//1453 1454//1454 1455//1455
f 1455//1455 1454//1454 1456//1456
f 1455//1455 1456//1456 1451//1451
f 1451//1451 1456//1456 1457//1457
f 1451//1451 1457//1457 1452//1452
f 1458//1458 1459//1459 1460//1460
f 1460//1460 1459//1459 1461//1461
f 1460//1460 1461//1461 1453//1453
f 1453//1453 1461//1461 1462//1462
f 1453//1453 1462//1462 1454//1454
f 1458//1458 1460//1460 1463//1463
f 1463//1463 1460//1460 1464//1464
f 1463//1463 1464//1464 1465//1465
f 1465//1465 1464//1464 1466//1466
f 1466//1466 1464//1464 1467//1467
f 1466//1466 1467//1467 1468//1468
f 1469//1469 1470//1470 1467//1467
f 1467//1467 1470//1470 1471//1471
f 1467//1467 1471//1471 1468//1468
f 1472//1472 1473//1473 1469//1469
f 1469//1469 1473//1473 1474//1474
f 1469//1469 1474//1474 1470//1470
f 1475//1475 1476//1476 1472//1472
f 1472//1472 1476//1476 1477//1477
f 1472//1472 1477//1477 1473//1473
f 1478//1478 1479//1479 1475//1475
f 1475//1475 1479//1479 1480//1480
f 1475//1475 1480//1480 1476//1476
f 1370//1370 1481//1481 1371//1371
f 1371//1371 1481//1481 1482//1482
f 1371//1371 1482//1482 1478//1478
f 1478//1478 1482//1482 1483//1483
f 1478//1478 1483//1483 1479//1479
f 1387//1387 1389//1389 1366//1366
f 1366//1366 1389//1389 1484//1484
f 1366//1366 1484//1484 1367//1367
f 1367//1367 1484//1484 1485//1485
f 1367//1367 1485//1485 1393//1393
f 1393//1393 1485//1485 1486//1486
f 1393//1393 1486//1486 1395//1395
f 1395//1395 1486//1486 1487//1487
f 1395//1395 1487//1487 1400//1400
f 1400//1400 1487//1487 1488//1488
f 1400//1400 1488//1488 1404//1404
f 1404//1404 1488//1488 1489//1489
f 1404//1404 1489//1489 1407//1407
f 1407//1407 1489//1489 1490//1490
f 1407//1407 1490//1490 1410//1410
f 1410//1410 1490//1490 1418//1418
f 1410//1410 1418//1418 1412//1412
f 1412//1412 1418//1418 1417//1417
f 1412//1412 1417//1417 1413//1413
f 1382//1382 1384//1384 1391//1391
f 1391//1391 1384//1384 1491//1491
f 1391//1391 1491//1491 1389//1389
f 1389//1389 1491//1491 1492//1492
f 1389//1389 1492//1492 1484//1484
f 1484//1484 1492//1492 1493//1493
f 1484//1484 1493//1493 1485//1485
f 1485//1485 1493//1493 1494//1494
f 1485//1485 1494//1494 1486//1486
f 1486//1486 1494//1494 1495//1495
f 1486//1486 1495//1495 1487//1487
f 1487//1487 1495//1495 1496//1496
f 1487//1487 1496//1496 1488//1488
f 1488//1488 1496//1496 1497//1497
f 1488//1488 1497//1497 1489//1489
f 1489//1489 1497//1497 1498//1498
f 1489//1489 1498//1498 1490//1490
f 1490//1490 1498//1498 1499//1499
f 1490//1490 1499//1499 1418//1418
f 1418//1418 1499//1499 1428//1428
f 1418//1418 1428//1428 1420//1420
f 1420//1420 1428//1428 1427//1427
f 1420//1420 1427//1427 1422//1422
f 1378//1378 1380//1380 1386//1386
f 1386//1386 1380//1380 1500//1500
f 1386//1386 1500//1500 1384//1384
f 1384//1384 1500//1500 1501//1501
f 1384//1384 1501//1501 1491//1491
f 1491//1491 1501//1501 1502//1502
f 1491//1491 1502//1502 1492//1492
f 1492//1492 1502//1502 1503//1503
f 1492//1492 1503//1503 1493//1493
f 1493//1493 1503//1503 1504//1504
f 1493//1493 1504//1504 1494//1494
f 1494//1494 1504//1504 1505//1505
f 1494//1494 1505//1505 1495//1495
f 1495//1495 1505//1505 1506//1506
f 1495//1495 1506//1506 1496//1496
f 1496//1496 1506//1506 1507//1507
f 1496//1496 1507//1507 1497//1497
f 1497//1497 1507//1507 1508//1508
f 1497//1497 1508//1508 1498//1498
f 1498//1498 1508//1508 1509//1509
f 1498//1498 1509//1509 1499//1499
f 1499//1499 1509//1509 1510//1510
f 1499//1499 1510//1510 1428//1428
f 1428//1428 1510//1510 1433//1433
f 1428//1428 1433//1433 1423//1423
f 1423//1423 1433//1433 1432//1432
f 1423//1423 1432//1432 1424//1424
f 1374//1374 1371//1371 1380//1380
f 1380//1380 1371//1371 1478//1478
f 1380//1380 1478//1478 1500//1500
f 1500//1500 1478//1478 1475//1475
f 1500//1500 1475//1475 1501//1501
f 1501//1501 1475//1475 1472//1472
f 1501//1501 1472//1472 1502//1502
f 1502//1502 1472//1472 1469//1469
f 1502//1502 1469//1469 1503//1503
f 1503//1503 1469//1469 1467//1467
f 1503//1503 1467//1467 1504//1504
f 1504//1504 1467//1467 1464//1464
f 1504//1504 1464//1464 1505//1505
f 1505//1505 1464//1464 1460//1460
f 1505//1505 1460//1460 1506//1506
f 1506//1506 1460//1460 1453//1453
f 1506//1506 1453//1453 1507//1507
f 1507//1507 1453//1453 1455//1455
f 1507//1507 1455//1455 1508//1508
f 1508//1508 1455//1455 1451//1451
f 1508//1508 1451//1451 1509//1509
f 1509//1509 1451//1451 1448//1448
f 1509//1509 1448//1448 1510//1510
f 1510//1510 1448//1448 1444//1444
f 1510//1510 1444//1444 1433//1433
f 1433//1433 1444//1444 1436//1436
f 1433//1433 1436//1436 1431//1431
f 1431//1431 1436//1436 1438//1438
f 1431//1431 1438//1438 1429//1429
f 1511//1511 1512//1512 1295//1295
f 1295//1295 1512//1512 1288//1288
f 1288//1288 1512//1512 1513//1513
f 1288//1288 1513//1513 1289//1289
f 1511//1511 1295//1295 1439//1439
f 1439//1439 1295//1295 1297//1297
f 1439//1439 1297//1297 1440//1440
f 1438//1438 1437//1437 1299//1299
f 1299//1299 1437//1437 1435//1435
f 1299//1299 1435//1435 1297//1297
f 1297//1297 1435//1435 1434//1434
f 1297//1297 1434//1434 1440//1440
f 1438//1438 1299//1299 1429//1429
f 1429//1429 1299//1299 1301//1301
f 1429//1429 1301//1301 1430//1430
f 1426//1426 1425//1425 1303//1303
f 1303//1303 1425//1425 1424//1424
f 1303//1303 1424//1424 1301//1301
f 1301//1301 1424//1424 1432//1432
f 1301//1301 1432//1432 1430//1430
f 1426//1426 1303//1303 1427//1427
f 1427//1427 1303//1303 1305//1305
f 1427//1427 1305//1305 1422//1422
f 1413//1413 1417//1417 1307//1307
f 1307//1307 1417//1417 1419//1419
f 1307//1307 1419//1419 1305//1305
f 1305//1305 1419//1419 1421//1421
f 1305//1305 1421//1421 1422//1422
f 1413//1413 1307//1307 1411//1411
f 1411//1411 1307//1307 1309//1309
f 1411//1411 1309//1309 1409//1409
f 1311//1311 1416//1416 1415//1415
f 1311//1311 1415//1415 1309//1309
f 1309//1309 1415//1415 1414//1414
f 1309//1309 1414//1414 1409//1409
f 1313//1313 1406//1406 1311//1311
f 1311//1311 1406//1406 1408//1408
f 1311//1311 1408//1408 1416//1416
f 1399//1399 1398//1398 1333//1333
f 1333//1333 1398//1398 1403//1403
f 1333//1333 1403//1403 1313//1313
f 1313//1313 1403//1403 1405//1405
f 1313//1313 1405//1405 1406//1406
f 1397//1397 1396//1396 1332//1332
f 1332//1332 1396//1396 1402//1402
f 1332//1332 1402//1402 1333//1333
f 1333//1333 1402//1402 1401//1401
f 1333//1333 1401//1401 1399//1399
f 1397//1397 1332//1332 1394//1394
f 1394//1394 1332//1332 1330//1330
f 1394//1394 1330//1330 1392//1392
f 1388//1388 1387//1387 1328//1328
f 1328//1328 1387//1387 1366//1366
f 1328//1328 1366//1366 1330//1330
f 1330//1330 1366//1366 1368//1368
f 1330//1330 1368//1368 1392//1392
f 1388//1388 1328//1328 1390//1390
f 1390//1390 1328//1328 1326//1326
f 1390//1390 1326//1326 1391//1391
f 1324//1324 1385//1385 1383//1383
f 1324//1324 1383//1383 1326//1326
f 1326//1326 1383//1383 1382//1382
f 1326//1326 1382//1382 1391//1391
f 1322//1322 1378//1378 1324//1324
f 1324//1324 1378//1378 1386//1386
f 1324//1324 1386//1386 1385//1385
f 1375//1375 1374//1374 1320//1320
f 1320//1320 1374//1374 1381//1381
f 1320//1320 1381//1381 1322//1322
f 1322//1322 1381//1381 1379//1379
f 1322//1322 1379//1379 1378//1378
f 1373//1373 1372//1372 1318//1318
f 1318//1318 1372//1372 1377//1377
f 1318//1318 1377//1377 1320//1320
f 1320//1320 1377//1377 1376//1376
f 1320//1320 1376//1376 1375//1375
f 1316//1316 1287//1287 1286//1286
f 1286//1286 1514//1514 1316//1316
f 1316//1316 1514//1514 1515//1515
f 1316//1316 1515//1515 1318//1318
f 1318//1318 1515//1515 1516//1516
f 1318//1318 1516//1516 1373//1373
f 1364//1364 1365//1365 1517//1517
f 1360//1360 1361//1361 1518//1518
f 1359//1359 1358//1358 1519//1519
f 1346//1346 1520//1520 1521//1521
f 1520//1520 1346//1346 1345//1345
f 1338//1338 1337//1337 1522//1522
f 1335//1335 1523//1523 1336//1336
f 1524//1524 630//630 629//629
f 630//630 1524//1524 640//640
f 640//640 1524//1524 1525//1525
f 640//640 1525//1525 638//638
f 638//638 1525//1525 655//655
f 655//655 1525//1525 1526//1526
f 655//655 1526//1526 653//653
f 1527//1527 649//649 1526//1526
f 1526//1526 649//649 651//651
f 1526//1526 651//651 653//653
f 642//642 641//641 1528//1528
f 1528//1528 641//641 645//645
f 1528//1528 645//645 1527//1527
f 1527//1527 645//645 647//647
f 1527//1527 647//647 649//649
f 660//660 662//662 1529//1529
f 1529//1529 662//662 664//664
f 1529//1529 664//664 1528//1528
f 1528//1528 664//664 665//665
f 1528//1528 665//665 642//642
f 660//660 1529//1529 658//658
f 658//658 1529//1529 1530//1530
f 658//658 1530//1530 666//666
f 666//666 1530//1530 667//667
f 667//667 1530//1530 1531//1531
f 667//667 1531//1531 669//669
f 669//669 1531//1531 681//681
f 681//681 1531//1531 1532//1532
f 681//681 1532//1532 680//680
f 680//680 1532//1532 679//679
f 679//679 1532//1532 1533//1533
f 679//679 1533//1533 678//678
f 674//674 675//675 1534//1534
f 1534//1534 675//675 676//676
f 1534//1534 676//676 1533//1533
f 1533//1533 676//676 677//677
f 1533//1533 677//677 678//678
f 674//674 1534//1534 673//673
f 673//673 1534//1534 1535//1535
f 673//673 1535//1535 687//687
f 1536//1536 685//685 1535//1535
f 1535//1535 685//685 686//686
f 1535//1535 686//686 687//687
f 690//690 682//682 1537//1537
f 1537//1537 682//682 683//683
f 1537//1537 683//683 1536//1536
f 1536//1536 683//683 684//684
f 1536//1536 684//684 685//685
f 690//690 1537//1537 689//689
f 689//689 1537//1537 1523//1523
f 689//689 1523//1523 688//688
f 688//688 1523//1523 1335//1335
f 688//688 1335//1335 691//691
f 1340//1340 1538//1538 1341//1341
f 1341//1341 1538//1538 1539//1539
f 1341//1341 1539//1539 1342//1342
f 1540//1540 1344//1344 1541//1541
f 1541//1541 1344//1344 1343//1343
f 1354//1354 1353//1353 1542//1542
f 1542//1542 1353//1353 1352//1352
f 1542//1542 1352//1352 1543//1543
f 1543//1543 1352//1352 1351//1351
f 1543//1543 1351//1351 1544//1544
f 1544//1544 1351//1351 1350//1350
f 1544//1544 1350//1350 1545//1545
f 1545//1545 1350//1350 1349//1349
f 1545//1545 1349//1349 1546//1546
f 1546//1546 1349//1349 1348//1348
f 1546//1546 1348//1348 1547//1547
f 1547//1547 1348//1348 1347//1347
f 1547//1547 1347//1347 1548//1548
f 1347//1347 1346//1346 1548//1548
f 1548//1548 1346//1346 1521//1521
f 1548//1548 1521//1521 1547//1547
f 1547//1547 1521//1521 1549//1549
f 1547//1547 1549//1549 1546//1546
f 1546//1546 1549//1549 1550//1550
f 1546//1546 1550//1550 1545//1545
f 1545//1545 1550//1550 1551//1551
f 1545//1545 1551//1551 1544//1544
f 1544//1544 1551//1551 1552//1552
f 1544//1544 1552//1552 1543//1543
f 1543//1543 1552//1552 1553//1553
f 1543//1543 1553//1553 1542//1542
f 1542//1542 1553//1553 1554//1554
f 1542//1542 1554//1554 1354//1354
f 1354//1354 1554//1554 1555//1555
f 1354//1354 1555//1555 1355//1355
f 1355//1355 1555//1555 1356//1356
f 1345//1345 1344//1344 1520//1520
f 1520//1520 1344//1344 1540//1540
f 1520//1520 1540//1540 1521//1521
f 1521//1521 1540//1540 1556//1556
f 1521//1521 1556//1556 1549//1549
f 1549//1549 1556//1556 1557//1557
f 1549//1549 1557//1557 1550//1550
f 1550//1550 1557//1557 1558//1558
f 1550//1550 1558//1558 1551//1551
f 1551//1551 1558//1558 1559//1559
f 1551//1551 1559//1559 1552//1552
f 1552//1552 1559//1559 1560//1560
f 1552//1552 1560//1560 1553//1553
f 1553//1553 1560//1560 1561//1561
f 1553//1553 1561//1561 1554//1554
f 1554//1554 1561//1561 1562//1562
f 1554//1554 1562//1562 1555//1555
f 1555//1555 1562//1562 1563//1563
f 1555//1555 1563//1563 1356//1356
f 1356//1356 1563//1563 1519//1519
f 1356//1356 1519//1519 1357//1357
f 1357//1357 1519//1519 1358//1358
f 1343//1343 1342//1342 1541//1541
f 1541//1541 1342//1342 1539//1539
f 1541//1541 1539//1539 1540//1540
f 1540//1540 1539//1539 1564//1564
f 1540//1540 1564//1564 1556//1556
f 1556//1556 1564//1564 1565//1565
f 1556//1556 1565//1565 1557//1557
f 1557//1557 1565//1565 1566//1566
f 1557//1557 1566//1566 1558//1558
f 1558//1558 1566//1566 1567//1567
f 1558//1558 1567//1567 1559//1559
f 1559//1559 1567//1567 1568//1568
f 1559//1559 1568//1568 1560//1560
f 1560//1560 1568//1568 1569//1569
f 1560//1560 1569//1569 1561//1561
f 1561//1561 1569//1569 1570//1570
f 1561//1561 1570//1570 1562//1562
f 1562//1562 1570//1570 1571//1571
f 1562//1562 1571//1571 1563//1563
f 1563//1563 1571//1571 1572//1572
f 1563//1563 1572//1572 1519//1519
f 1519//1519 1572//1572 1573//1573
f 1519//1519 1573//1573 1359//1359
f 1359//1359 1573//1573 1574//1574
f 1359//1359 1574//1574 1334//1334
f 1334//1334 1574//1574 1362//1362
f 1340//1340 1339//1339 1538//1538
f 1538//1538 1339//1339 1575//1575
f 1538//1538 1575//1575 1539//1539
f 1539//1539 1575//1575 1576//1576
f 1539//1539 1576//1576 1564//1564
f 1564//1564 1576//1576 1577//1577
f 1564//1564 1577//1577 1565//1565
f 1565//1565 1577//1577 1578//1578
f 1565//1565 1578//1578 1566//1566
f 1566//1566 1578//1578 1579//1579
f 1566//1566 1579//1579 1567//1567
f 1567//1567 1579//1579 1580//1580
f 1567//1567 1580//1580 1568//1568
f 1568//1568 1580//1580 1581//1581
f 1568//1568 1581//1581 1569//1569
f 1569//1569 1581//1581 1582//1582
f 1569//1569 1582//1582 1570//1570
f 1570//1570 1582//1582 1583//1583
f 1570//1570 1583//1583 1571//1571
f 1571//1571 1583//1583 1584//1584
f 1571//1571 1584//1584 1572//1572
f 1572//1572 1584//1584 1585//1585
f 1572//1572 1585//1585 1573//1573
f 1573//1573 1585//1585 1586//1586
f 1573//1573 1586//1586 1574//1574
f 1574//1574 1586//1586 1518//1518
f 1574//1574 1518//1518 1362//1362
f 1362//1362 1518//1518 1361//1361
f 1339//1339 1338//1338 1575//1575
f 1575//1575 1338//1338 1522//1522
f 1575//1575 1522//1522 1576//1576
f 1576//1576 1522//1522 1587//1587
f 1576//1576 1587//1587 1577//1577
f 1577//1577 1587//1587 1588//1588
f 1577//1577 1588//1588 1578//1578
f 1578//1578 1588//1588 1589//1589
f 1578//1578 1589//1589 1579//1579
f 1579//1579 1589//1589 1590//1590
f 1579//1579 1590//1590 1580//1580
f 1580//1580 1590//1590 1591//1591
f 1580//1580 1591//1591 1581//1581
f 1581//1581 1591//1591 1592//1592
f 1581//1581 1592//1592 1582//1582
f 1582//1582 1592//1592 1593//1593
f 1582//1582 1593//1593 1583//1583
f 1583//1583 1593//1593 1594//1594
f 1583//1583 1594//1594 1584//1584
f 1584//1584 1594//1594 1595//1595
f 1584//1584 1595//1595 1585//1585
f 1585//1585 1595//1595 1596//1596
f 1585//1585 1596//1596 1586//1586
f 1586//1586 1596//1596 1597//1597
f 1586//1586 1597//1597 1518//1518
f 1518//1518 1597//1597 1517//1517
f 1518//1518 1517//1517 1360//1360
f 1360//1360 1517//1517 1365//1365
f 629//629 1363//1363 1524//1524
f 1524//1524 1363//1363 1364//1364
f 1524//1524 1364//1364 1525//1525
f 1525//1525 1364//1364 1517//1517
f 1525//1525 1517//1517 1526//1526
f 1526//1526 1517//1517 1597//1597
f 1526//1526 1597//1597 1527//1527
f 1527//1527 1597//1597 1596//1596
f 1527//1527 1596//1596 1528//1528
f 1528//1528 1596//1596 1595//1595
f 1528//1528 1595//1595 1529//1529
f 1529//1529 1595//1595 1594//1594
f 1529//1529 1594//1594 1530//1530
f 1530//1530 1594//1594 1593//1593
f 1530//1530 1593//1593 1531//1531
f 1531//1531 1593//1593 1592//1592
f 1531//1531 1592//1592 1532//1532
f 1532//1532 1592//1592 1591//1591
f 1532//1532 1591//1591 1533//1533
f 1533//1533 1591//1591 1590//1590
f 1533//1533 1590//1590 1534//1534
f 1534//1534 1590//1590 1589//1589
f 1534//1534 1589//1589 1535//1535
f 1535//1535 1589//1589 1588//1588
f 1535//1535 1588//1588 1536//1536
f 1536//1536 1588//1588 1587//1587
f 1536//1536 1587//1587 1537//1537
f 1537//1537 1587//1587 1522//1522
f 1537//1537 1522//1522 1523//1523
f 1523//1523 1522//1522 1337//1337
f 1523//1523 1337//1337 1336//1336
f 1457//1457 1456//1456 1598//1598
f 1370//1370 1369//1369 1599//1599
f 1599//1599 1369//1369 1373//1373
f 1599//1599 1373//1373 1516//1516
f 1370//1370 1599//1599 1481//1481
f 1481//1481 1599//1599 1600//1600
f 1481//1481 1600//1600 1482//1482
f 1601//1601 1479//1479 1600//1600
f 1600//1600 1479//1479 1483//1483
f 1600//1600 1483//1483 1482//1482
f 1474//1474 1473//1473 1602//1602
f 1602//1602 1473//1473 1477//1477
f 1602//1602 1477//1477 1603//1603
f 1603//1603 1477//1477 1476//1476
f 1603//1603 1476//1476 1601//1601
f 1601//1601 1476//1476 1480//1480
f 1601//1601 1480//1480 1479//1479
f 1604//1604 1466//1466 1468//1468
f 1604//1604 1468//1468 1605//1605
f 1474//1474 1602//1602 1470//1470
f 1470//1470 1602//1602 1606//1606
f 1470//1470 1606//1606 1471//1471
f 1458//1458 1463//1463 1607//1607
f 1607//1607 1463//1463 1465//1465
f 1458//1458 1607//1607 1459//1459
f 1459//1459 1607//1607 1608//1608
f 1459//1459 1608//1608 1461//1461
f 1461//1461 1608//1608 1609//1609
f 1461//1461 1609//1609 1462//1462
f 1598//1598 1456//1456 1609//1609
f 1609//1609 1456//1456 1454//1454
f 1609//1609 1454//1454 1462//1462
f 1446//1446 1447//1447 1610//1610
f 1610//1610 1447//1447 1449//1449
f 1610//1610 1449//1449 1611//1611
f 1611//1611 1449//1449 1450//1450
f 1611//1611 1450//1450 1452//1452
f 1446//1446 1610//1610 1445//1445
f 1445//1445 1610//1610 1612//1612
f 1445//1445 1612//1612 1443//1443
f 1443//1443 1612//1612 1613//1613
f 1443//1443 1613//1613 1442//1442
f 1442//1442 1613//1613 1441//1441
f 1441//1441 1613//1613 1511//1511
f 1441//1441 1511//1511 1439//1439
f 1614//1614 1122//1122 1615//1615
f 1615//1615 1122//1122 1123//1123
f 1615//1615 1123//1123 1616//1616
f 1616//1616 1123//1123 1124//1124
f 1616//1616 1124//1124 1289//1289
f 1289//1289 1124//1124 1125//1125
f 1617//1617 1126//1126 1618//1618
f 1618//1618 1126//1126 1127//1127
f 1618//1618 1127//1127 1619//1619
f 1619//1619 1127//1127 1121//1121
f 1619//1619 1121//1121 1614//1614
f 1614//1614 1121//1121 1120//1120
f 1614//1614 1120//1120 1122//1122
f 1620//1620 1128//1128 1621//1621
f 1621//1621 1128//1128 1129//1129
f 1621//1621 1129//1129 1622//1622
f 1622//1622 1129//1129 1130//1130
f 1622//1622 1130//1130 1617//1617
f 1617//1617 1130//1130 1131//1131
f 1617//1617 1131//1131 1126//1126
f 1623//1623 1134//1134 1624//1624
f 1624//1624 1134//1134 1135//1135
f 1624//1624 1135//1135 1625//1625
f 1625//1625 1135//1135 1133//1133
f 1625//1625 1133//1133 1620//1620
f 1620//1620 1133//1133 1132//1132
f 1620//1620 1132//1132 1128//1128
f 1626//1626 1138//1138 1623//1623
f 1623//1623 1138//1138 1139//1139
f 1623//1623 1139//1139 1134//1134
f 1137//1137 1627//1627 1136//1136
f 1136//1136 1627//1627 1628//1628
f 1136//1136 1628//1628 1142//1142
f 1142//1142 1628//1628 1141//1141
f 1141//1141 1628//1628 1286//1286
f 1141//1141 1286//1286 1140//1140
f 1629//1629 1598//1598 1630//1630
f 1630//1630 1598//1598 1609//1609
f 1630//1630 1609//1609 1631//1631
f 1631//1631 1609//1609 1608//1608
f 1631//1631 1608//1608 1632//1632
f 1632//1632 1608//1608 1607//1607
f 1632//1632 1607//1607 1604//1604
f 1604//1604 1607//1607 1465//1465
f 1604//1604 1465//1465 1466//1466
f 1512//1512 1511//1511 1633//1633
f 1633//1633 1511//1511 1613//1613
f 1633//1633 1613//1613 1634//1634
f 1634//1634 1613//1613 1612//1612
f 1634//1634 1612//1612 1635//1635
f 1635//1635 1612//1612 1610//1610
f 1635//1635 1610//1610 1636//1636
f 1636//1636 1610//1610 1611//1611
f 1513//1513 1512//1512 1637//1637
f 1637//1637 1512//1512 1633//1633
f 1637//1637 1633//1633 1638//1638
f 1638//1638 1633//1633 1634//1634
f 1638//1638 1634//1634 1639//1639
f 1639//1639 1634//1634 1635//1635
f 1639//1639 1635//1635 1640//1640
f 1640//1640 1635//1635 1636//1636
f 1640//1640 1636//1636 1629//1629
f 1629//1629 1636//1636 1611//1611
f 1629//1629 1611//1611 1598//1598
f 1598//1598 1611//1611 1452//1452
f 1598//1598 1452//1452 1457//1457
f 1514//1514 1286//1286 1641//1641
f 1641//1641 1286//1286 1628//1628
f 1641//1641 1628//1628 1642//1642
f 1642//1642 1628//1628 1627//1627
f 1642//1642 1627//1627 1626//1626
f 1626//1626 1627//1627 1137//1137
f 1626//1626 1137//1137 1138//1138
f 1468//1468 1471//1471 1605//1605
f 1605//1605 1471//1471 1606//1606
f 1605//1605 1606//1606 1643//1643
f 1643//1643 1606//1606 1602//1602
f 1643//1643 1602//1602 1644//1644
f 1644//1644 1602//1602 1603//1603
f 1644//1644 1603//1603 1645//1645
f 1645//1645 1603//1603 1601//1601
f 1645//1645 1601//1601 1646//1646
f 1646//1646 1601//1601 1600//1600
f 1646//1646 1600//1600 1647//1647
f 1647//1647 1600//1600 1599//1599
f 1647//1647 1599//1599 1515//1515
f 1515//1515 1599//1599 1516//1516
f 1289//1289 1513//1513 1616//1616
f 1616//1616 1513//1513 1637//1637
f 1616//1616 1637//1637 1615//1615
f 1615//1615 1637//1637 1638//1638
f 1615//1615 1638//1638 1614//1614
f 1614//1614 1638//1638 1639//1639
f 1614//1614 1639//1639 1619//1619
f 1619//1619 1639//1639 1640//1640
f 1619//1619 1640//1640 1618//1618
f 1618//1618 1640//1640 1629//1629
f 1618//1618 1629//1629 1617//1617
f 1617//1617 1629//1629 1630//1630
f 1617//1617 1630//1630 1622//1622
f 1622//1622 1630//1630 1631//1631
f 1622//1622 1631//1631 1621//1621
f 1621//1621 1631//1631 1632//1632
f 1621//1621 1632//1632 1620//1620
f 1620//1620 1632//1632 1604//1604
f 1620//1620 1604//1604 1625//1625
f 1625//1625 1604//1604 1605//1605
f 1625//1625 1605//1605 1624//1624
f 1624//1624 1605//1605 1643//1643
f 1624//1624 1643//1643 1623//1623
f 1623//1623 1643//1643 1644//1644
f 1623//1623 1644//1644 1626//1626
f 1626//1626 1644//1644 1645//1645
f 1626//1626 1645//1645 1642//1642
f 1642//1642 1645//1645 1646//1646
f 1642//1642 1646//1646 1641//1641
f 1641//1641 1646//1646 1647//1647
f 1641//1641 1647//1647 1514//1514
f 1514//1514 1647//1647 1515//1515
f 1292//1292 1293//1293 628//628
f 628//628 1293//1293 629//629
f 1648//1648 97//97 1649//1649
f 1649//1649 97//97 108//108
f 1649//1649 108//108 172//172
f 1065//1065 1064//1064 1648//1648
f 1648//1648 1064//1064 154//154
f 1648//1648 154//154 97//97
f 172//172 170//170 1649//1649
f 1649//1649 170//170 1290//1290
f 1649//1649 1290//1290 1648//1648
f 1648//1648 1290//1290 1294//1294
f 1648//1648 1294//1294 1065//1065
f 1065//1065 1294//1294 1066//1066
f 115//115 1650//1650 116//116
f 116//116 1650//1650 98//98
f 107//107 106//106 159//159
f 159//159 106//106 105//105
f 159//159 105//105 161//161
f 161//161 105//105 104//104
f 161//161 104//104 162//162
f 162//162 104//104 103//103
f 162//162 103//103 163//163
f 163//163 103//103 96//96
f 163//163 96//96 164//164
f 164//164 96//96 95//95
f 164//164 95//95 165//165
f 165//165 95//95 102//102
f 165//165 102//102 166//166
f 166//166 102//102 101//101
f 166//166 101//101 167//167
f 167//167 101//101 168//168
f 168//168 101//101 99//99
f 168//168 99//99 155//155
f 99//99 98//98 155//155
f 155//155 98//98 1650//1650
f 155//155 1650//1650 156//156
f 156//156 1650//1650 115//115
f 156//156 115//115 173//173
f 177//177 176//176 1651//1651
f 1651//1651 176//176 174//174
f 1651//1651 174//174 173//173
f 115//115 114//114 173//173
f 173//173 114//114 113//113
f 173//173 113//113 1651//1651
f 1651//1651 113//113 112//112
f 1651//1651 112//112 177//177
f 177//177 112//112 178//178
f 112//112 110//110 178//178
f 178//178 110//110 109//109
f 178//178 109//109 1652//1652
f 1652//1652 109//109 121//121
f 1652//1652 121//121 120//120
f 117//117 1653//1653 118//118
f 118//118 1653//1653 181//181
f 118//118 181//181 120//120
f 120//120 181//181 180//180
f 120//120 180//180 1652//1652
f 1652//1652 180//180 179//179
f 1652//1652 179//179 178//178
f 185//185 184//184 1653//1653
f 1653//1653 184//184 183//183
f 1653//1653 183//183 181//181
f 92//92 141//141 1654//1654
f 1654//1654 141//141 140//140
f 140//140 200//200 1654//1654
f 1654//1654 200//200 199//199
f 1654//1654 199//199 1655//1655
f 1655//1655 199//199 194//194
f 1655//1655 194//194 196//196
f 202//202 1656//1656 203//203
f 203//203 1656//1656 1657//1657
f 203//203 1657//1657 205//205
f 205//205 1657//1657 1658//1658
f 205//205 1658//1658 206//206
f 206//206 1658//1658 145//145
f 206//206 145//145 208//208
f 145//145 144//144 208//208
f 208//208 144//144 143//143
f 208//208 143//143 209//209
f 209//209 143//143 1659//1659
f 209//209 1659//1659 210//210
f 210//210 1659//1659 211//211
f 143//143 90//90 1659//1659
f 1659//1659 90//90 89//89
f 1659//1659 89//89 211//211
f 211//211 89//89 147//147
f 211//211 147//147 213//213
f 138//138 1656//1656 140//140
f 140//140 1656//1656 202//202
f 140//140 202//202 200//200
f 138//138 136//136 1656//1656
f 1656//1656 136//136 134//134
f 1656//1656 134//134 1657//1657
f 1657//1657 134//134 133//133
f 1657//1657 133//133 1658//1658
f 1658//1658 133//133 132//132
f 1658//1658 132//132 145//145
f 123//123 126//126 1660//1660
f 1660//1660 126//126 125//125
f 189//189 188//188 1661//1661
f 1661//1661 188//188 186//186
f 1661//1661 186//186 1660//1660
f 1660//1660 186//186 185//185
f 1660//1660 185//185 123//123
f 123//123 185//185 1653//1653
f 123//123 1653//1653 122//122
f 122//122 1653//1653 117//117
f 1655//1655 1662//1662 1654//1654
f 1654//1654 1662//1662 1663//1663
f 1654//1654 1663//1663 92//92
f 92//92 1663//1663 1664//1664
f 92//92 1664//1664 124//124
f 196//196 192//192 1655//1655
f 1655//1655 192//192 191//191
f 1655//1655 191//191 1662//1662
f 1662//1662 191//191 189//189
f 1662//1662 189//189 1663//1663
f 1663//1663 189//189 1661//1661
f 1663//1663 1661//1661 1664//1664
f 1664//1664 1661//1661 1660//1660
f 1664//1664 1660//1660 124//124
f 124//124 1660//1660 125//125
f 1003//1003 1002//1002 1665//1665
f 1666//1666 1667//1667 1668//1668
f 1669//1669 1670//1670 1671//1671
f 1672//1672 1673//1673 1674//1674
f 1674//1674 1673//1673 1675//1675
f 1676//1676 1677//1677 1678//1678
f 1678//1678 1677//1677 1679//1679
f 1678//1678 1679//1679 1680//1680
f 1680//1680 1679//1679 1675//1675
f 1681//1681 1682//1682 1683//1683
f 1683//1683 1682//1682 1684//1684
f 1683//1683 1684//1684 1676//1676
f 1676//1676 1684//1684 1685//1685
f 1676//1676 1685//1685 1677//1677
f 1686//1686 1687//1687 1688//1688
f 1689//1689 1690//1690 1691//1691
f 1692//1692 1693//1693 1694//1694
f 1694//1694 1693//1693 1695//1695
f 1694//1694 1695//1695 1696//1696
f 1696//1696 1695//1695 1697//1697
f 1696//1696 1697//1697 1698//1698
f 1692//1692 1694//1694 1699//1699
f 1699//1699 1694//1694 1700//1700
f 1699//1699 1700//1700 1701//1701
f 1702//1702 1703//1703 1704//1704
f 1705//1705 1706//1706 1707//1707
f 1707//1707 1706//1706 1708//1708
f 1705//1705 1707//1707 1709//1709
f 1709//1709 1707//1707 1710//1710
f 1709//1709 1710//1710 1711//1711
f 1711//1711 1710//1710 1712//1712
f 1712//1712 1710//1710 1713//1713
f 1712//1712 1713//1713 1714//1714
f 1714//1714 1713//1713 1715//1715
f 1715//1715 1713//1713 1716//1716
f 1715//1715 1716//1716 1717//1717
f 1669//1669 1718//1718 1670//1670
f 1670//1670 1718//1718 1719//1719
f 1670//1670 1719//1719 1716//1716
f 1716//1716 1719//1719 1720//1720
f 1716//1716 1720//1720 1717//1717
f 1721//1721 1722//1722 1723//1723
f 1723//1723 1722//1722 1724//1724
f 1723//1723 1724//1724 1671//1671
f 1671//1671 1724//1724 1725//1725
f 1671//1671 1725//1725 1669//1669
f 1721//1721 1723//1723 1726//1726
f 1726//1726 1723//1723 1727//1727
f 1726//1726 1727//1727 1728//1728
f 1728//1728 1727//1727 1729//1729
f 1729//1729 1727//1727 1730//1730
f 1729//1729 1730//1730 1731//1731
f 1731//1731 1730//1730 1732//1732
f 1732//1732 1730//1730 1733//1733
f 1732//1732 1733//1733 1734//1734
f 1666//1666 1735//1735 1667//1667
f 1667//1667 1735//1735 1736//1736
f 1667//1667 1736//1736 1733//1733
f 1733//1733 1736//1736 1737//1737
f 1733//1733 1737//1737 1734//1734
f 1738//1738 1739//1739 1740//1740
f 1740//1740 1739//1739 1741//1741
f 1740//1740 1741//1741 1668//1668
f 1668//1668 1741//1741 1742//1742
f 1668//1668 1742//1742 1666//1666
f 1738//1738 1740//1740 1743//1743
f 1743//1743 1740//1740 1744//1744
f 1743//1743 1744//1744 1745//1745
f 1745//1745 1744//1744 1746//1746
f 1746//1746 1744//1744 1747//1747
f 1746//1746 1747//1747 1748//1748
f 1748//1748 1747//1747 1749//1749
f 1749//1749 1747//1747 1750//1750
f 1749//1749 1750//1750 1751//1751
f 896//896 380//380 1752//1752
f 1752//1752 380//380 1753//1753
f 1752//1752 1753//1753 1750//1750
f 1750//1750 1753//1753 1754//1754
f 1750//1750 1754//1754 1751//1751
f 497//497 894//894 1755//1755
f 1755//1755 894//894 1756//1756
f 1755//1755 1756//1756 1757//1757
f 1757//1757 1756//1756 1758//1758
f 1759//1759 1760//1760 1758//1758
f 1758//1758 1760//1760 1761//1761
f 1758//1758 1761//1761 1757//1757
f 1762//1762 1763//1763 1759//1759
f 1759//1759 1763//1763 1764//1764
f 1759//1759 1764//1764 1760//1760
f 1765//1765 1766//1766 1767//1767
f 1767//1767 1766//1766 1768//1768
f 1767//1767 1768//1768 1762//1762
f 1762//1762 1768//1768 1769//1769
f 1762//1762 1769//1769 1763//1763
f 1770//1770 1771//1771 1765//1765
f 1765//1765 1771//1771 1772//1772
f 1765//1765 1772//1772 1766//1766
f 1773//1773 1774//1774 1775//1775
f 1775//1775 1774//1774 1776//1776
f 1775//1775 1776//1776 1770//1770
f 1770//1770 1776//1776 1777//1777
f 1770//1770 1777//1777 1771//1771
f 1778//1778 1779//1779 1773//1773
f 1773//1773 1779//1779 1780//1780
f 1773//1773 1780//1780 1774//1774
f 1781//1781 1782//1782 1783//1783
f 1783//1783 1782//1782 1784//1784
f 1783//1783 1784//1784 1778//1778
f 1778//1778 1784//1784 1785//1785
f 1778//1778 1785//1785 1779//1779
f 1786//1786 1787//1787 1788//1788
f 1788//1788 1787//1787 1789//1789
f 1788//1788 1789//1789 1781//1781
f 1781//1781 1789//1789 1790//1790
f 1781//1781 1790//1790 1782//1782
f 1786//1786 1788//1788 1791//1791
f 1791//1791 1788//1788 1792//1792
f 1791//1791 1792//1792 1793//1793
f 1793//1793 1792//1792 1794//1794
f 1793//1793 1794//1794 1795//1795
f 1796//1796 1797//1797 1794//1794
f 1794//1794 1797//1797 1798//1798
f 1794//1794 1798//1798 1795//1795
f 1799//1799 1800//1800 1796//1796
f 1796//1796 1800//1800 1801//1801
f 1796//1796 1801//1801 1797//1797
f 1802//1802 1803//1803 1804//1804
f 1805//1805 1806//1806 1807//1807
f 1807//1807 1806//1806 1808//1808
f 1805//1805 1807//1807 1809//1809
f 1809//1809 1807//1807 1810//1810
f 1809//1809 1810//1810 1811//1811
f 1811//1811 1810//1810 1812//1812
f 1811//1811 1812//1812 1813//1813
f 1814//1814 1815//1815 1816//1816
f 1816//1816 1815//1815 1817//1817
f 1816//1816 1817//1817 1818//1818
f 1819//1819 1820//1820 1821//1821
f 1821//1821 1820//1820 1822//1822
f 1821//1821 1822//1822 1823//1823
f 1824//1824 1825//1825 1826//1826
f 1826//1826 1825//1825 1827//1827
f 1826//1826 1827//1827 1828//1828
f 1815//1815 1829//1829 1817//1817
f 1817//1817 1829//1829 1830//1830
f 1817//1817 1830//1830 1818//1818
f 1818//1818 1830//1830 1831//1831
f 1818//1818 1831//1831 1832//1832
f 1832//1832 1831//1831 1833//1833
f 1832//1832 1833//1833 1834//1834
f 1834//1834 1833//1833 1835//1835
f 1834//1834 1835//1835 1836//1836
f 1835//1835 1837//1837 1836//1836
f 1836//1836 1837//1837 1838//1838
f 1836//1836 1838//1838 1839//1839
f 1839//1839 1838//1838 1840//1840
f 1839//1839 1840//1840 1841//1841
f 1842//1842 1843//1843 1844//1844
f 1844//1844 1843//1843 1845//1845
f 1846//1846 1847//1847 1848//1848
f 1849//1849 1850//1850 1851//1851
f 1823//1823 1814//1814 1821//1821
f 1821//1821 1814//1814 1816//1816
f 1821//1821 1816//1816 1852//1852
f 1852//1852 1816//1816 1818//1818
f 1852//1852 1818//1818 1853//1853
f 1853//1853 1818//1818 1832//1832
f 1853//1853 1832//1832 1854//1854
f 1854//1854 1832//1832 1834//1834
f 1854//1854 1834//1834 1855//1855
f 1855//1855 1834//1834 1836//1836
f 1855//1855 1836//1836 1856//1856
f 1856//1856 1836//1836 1839//1839
f 1856//1856 1839//1839 1844//1844
f 1844//1844 1839//1839 1841//1841
f 1844//1844 1841//1841 1842//1842
f 1819//1819 1821//1821 1857//1857
f 1857//1857 1821//1821 1852//1852
f 1857//1857 1852//1852 1858//1858
f 1858//1858 1852//1852 1853//1853
f 1858//1858 1853//1853 1859//1859
f 1859//1859 1853//1853 1854//1854
f 1859//1859 1854//1854 1860//1860
f 1860//1860 1854//1854 1855//1855
f 1860//1860 1855//1855 1861//1861
f 1861//1861 1855//1855 1856//1856
f 1861//1861 1856//1856 1862//1862
f 1862//1862 1856//1856 1844//1844
f 1862//1862 1844//1844 1846//1846
f 1846//1846 1844//1844 1845//1845
f 1846//1846 1845//1845 1847//1847
f 1828//1828 1820//1820 1826//1826
f 1826//1826 1820//1820 1819//1819
f 1826//1826 1819//1819 1863//1863
f 1863//1863 1819//1819 1857//1857
f 1863//1863 1857//1857 1864//1864
f 1864//1864 1857//1857 1858//1858
f 1864//1864 1858//1858 1865//1865
f 1865//1865 1858//1858 1859//1859
f 1865//1865 1859//1859 1866//1866
f 1866//1866 1859//1859 1860//1860
f 1866//1866 1860//1860 1867//1867
f 1867//1867 1860//1860 1861//1861
f 1867//1867 1861//1861 1868//1868
f 1868//1868 1861//1861 1862//1862
f 1868//1868 1862//1862 1869//1869
f 1869//1869 1862//1862 1846//1846
f 1869//1869 1846//1846 1849//1849
f 1849//1849 1846//1846 1848//1848
f 1849//1849 1848//1848 1850//1850
f 1824//1824 1826//1826 1870//1870
f 1870//1870 1826//1826 1863//1863
f 1870//1870 1863//1863 1871//1871
f 1871//1871 1863//1863 1864//1864
f 1871//1871 1864//1864 1872//1872
f 1872//1872 1864//1864 1865//1865
f 1872//1872 1865//1865 1873//1873
f 1873//1873 1865//1865 1866//1866
f 1873//1873 1866//1866 1874//1874
f 1874//1874 1866//1866 1867//1867
f 1874//1874 1867//1867 1875//1875
f 1875//1875 1867//1867 1868//1868
f 1875//1875 1868//1868 1876//1876
f 1876//1876 1868//1868 1869//1869
f 1876//1876 1869//1869 1877//1877
f 1877//1877 1869//1869 1849//1849
f 1877//1877 1849//1849 1812//1812
f 1812//1812 1849//1849 1851//1851
f 1812//1812 1851//1851 1813//1813
f 1672//1672 1825//1825 1673//1673
f 1673//1673 1825//1825 1824//1824
f 1673//1673 1824//1824 1878//1878
f 1878//1878 1824//1824 1870//1870
f 1878//1878 1870//1870 1879//1879
f 1879//1879 1870//1870 1871//1871
f 1879//1879 1871//1871 1880//1880
f 1880//1880 1871//1871 1872//1872
f 1880//1880 1872//1872 1881//1881
f 1881//1881 1872//1872 1873//1873
f 1881//1881 1873//1873 1882//1882
f 1882//1882 1873//1873 1874//1874
f 1882//1882 1874//1874 1883//1883
f 1883//1883 1874//1874 1875//1875
f 1883//1883 1875//1875 1884//1884
f 1884//1884 1875//1875 1876//1876
f 1884//1884 1876//1876 1885//1885
f 1885//1885 1876//1876 1877//1877
f 1885//1885 1877//1877 1886//1886
f 1886//1886 1877//1877 1812//1812
f 1886//1886 1812//1812 1887//1887
f 1887//1887 1812//1812 1810//1810
f 1887//1887 1810//1810 1888//1888
f 1888//1888 1810//1810 1807//1807
f 1888//1888 1807//1807 1802//1802
f 1802//1802 1807//1807 1808//1808
f 1802//1802 1808//1808 1803//1803
f 1675//1675 1673//1673 1680//1680
f 1680//1680 1673//1673 1878//1878
f 1680//1680 1878//1878 1678//1678
f 1678//1678 1878//1878 1879//1879
f 1678//1678 1879//1879 1676//1676
f 1676//1676 1879//1879 1880//1880
f 1676//1676 1880//1880 1683//1683
f 1683//1683 1880//1880 1881//1881
f 1683//1683 1881//1881 1681//1681
f 1681//1681 1881//1881 1882//1882
f 1681//1681 1882//1882 1889//1889
f 1889//1889 1882//1882 1883//1883
f 1889//1889 1883//1883 1890//1890
f 1890//1890 1883//1883 1884//1884
f 1890//1890 1884//1884 1891//1891
f 1891//1891 1884//1884 1885//1885
f 1891//1891 1885//1885 1892//1892
f 1892//1892 1885//1885 1886//1886
f 1892//1892 1886//1886 1893//1893
f 1893//1893 1886//1886 1887//1887
f 1893//1893 1887//1887 1894//1894
f 1894//1894 1887//1887 1888//1888
f 1894//1894 1888//1888 1895//1895
f 1895//1895 1888//1888 1802//1802
f 1895//1895 1802//1802 1799//1799
f 1799//1799 1802//1802 1804//1804
f 1799//1799 1804//1804 1800//1800
f 894//894 970//970 1756//1756
f 1756//1756 970//970 1896//1896
f 1756//1756 1896//1896 1758//1758
f 1758//1758 1896//1896 1897//1897
f 1758//1758 1897//1897 1759//1759
f 1759//1759 1897//1897 1898//1898
f 1759//1759 1898//1898 1762//1762
f 1762//1762 1898//1898 1899//1899
f 1762//1762 1899//1899 1767//1767
f 1767//1767 1899//1899 1900//1900
f 1767//1767 1900//1900 1765//1765
f 1765//1765 1900//1900 1901//1901
f 1765//1765 1901//1901 1770//1770
f 1770//1770 1901//1901 1902//1902
f 1770//1770 1902//1902 1775//1775
f 1775//1775 1902//1902 1903//1903
f 1775//1775 1903//1903 1773//1773
f 1773//1773 1903//1903 1904//1904
f 1773//1773 1904//1904 1778//1778
f 1778//1778 1904//1904 1905//1905
f 1778//1778 1905//1905 1783//1783
f 1783//1783 1905//1905 1906//1906
f 1783//1783 1906//1906 1781//1781
f 1781//1781 1906//1906 1907//1907
f 1781//1781 1907//1907 1788//1788
f 1788//1788 1907//1907 1908//1908
f 1788//1788 1908//1908 1792//1792
f 1792//1792 1908//1908 1909//1909
f 1792//1792 1909//1909 1794//1794
f 1794//1794 1909//1909 1910//1910
f 1794//1794 1910//1910 1796//1796
f 1796//1796 1910//1910 1911//1911
f 1796//1796 1911//1911 1799//1799
f 1799//1799 1911//1911 1912//1912
f 1799//1799 1912//1912 1895//1895
f 1895//1895 1912//1912 1913//1913
f 1895//1895 1913//1913 1894//1894
f 1894//1894 1913//1913 1914//1914
f 1894//1894 1914//1914 1893//1893
f 1893//1893 1914//1914 1915//1915
f 1893//1893 1915//1915 1892//1892
f 1892//1892 1915//1915 1916//1916
f 1892//1892 1916//1916 1891//1891
f 1891//1891 1916//1916 1917//1917
f 1891//1891 1917//1917 1890//1890
f 1890//1890 1917//1917 1918//1918
f 1890//1890 1918//1918 1889//1889
f 1889//1889 1918//1918 1686//1686
f 1889//1889 1686//1686 1681//1681
f 1681//1681 1686//1686 1688//1688
f 1681//1681 1688//1688 1682//1682
f 970//970 908//908 1896//1896
f 1896//1896 908//908 1919//1919
f 1896//1896 1919//1919 1897//1897
f 1897//1897 1919//1919 1920//1920
f 1897//1897 1920//1920 1898//1898
f 1898//1898 1920//1920 1921//1921
f 1898//1898 1921//1921 1899//1899
f 1899//1899 1921//1921 1922//1922
f 1899//1899 1922//1922 1900//1900
f 1900//1900 1922//1922 1923//1923
f 1900//1900 1923//1923 1901//1901
f 1901//1901 1923//1923 1924//1924
f 1901//1901 1924//1924 1902//1902
f 1902//1902 1924//1924 1925//1925
f 1902//1902 1925//1925 1903//1903
f 1903//1903 1925//1925 1926//1926
f 1903//1903 1926//1926 1904//1904
f 1904//1904 1926//1926 1927//1927
f 1904//1904 1927//1927 1905//1905
f 1905//1905 1927//1927 1928//1928
f 1905//1905 1928//1928 1906//1906
f 1906//1906 1928//1928 1929//1929
f 1906//1906 1929//1929 1907//1907
f 1907//1907 1929//1929 1930//1930
f 1907//1907 1930//1930 1908//1908
f 1908//1908 1930//1930 1931//1931
f 1908//1908 1931//1931 1909//1909
f 1909//1909 1931//1931 1932//1932
f 1909//1909 1932//1932 1910//1910
f 1910//1910 1932//1932 1933//1933
f 1910//1910 1933//1933 1911//1911
f 1911//1911 1933//1933 1934//1934
f 1911//1911 1934//1934 1912//1912
f 1912//1912 1934//1934 1935//1935
f 1912//1912 1935//1935 1913//1913
f 1913//1913 1935//1935 1936//1936
f 1913//1913 1936//1936 1914//1914
f 1914//1914 1936//1936 1937//1937
f 1914//1914 1937//1937 1915//1915
f 1915//1915 1937//1937 1938//1938
f 1915//1915 1938//1938 1916//1916
f 1916//1916 1938//1938 1939//1939
f 1916//1916 1939//1939 1917//1917
f 1917//1917 1939//1939 1940//1940
f 1917//1917 1940//1940 1918//1918
f 1918//1918 1940//1940 1941//1941
f 1918//1918 1941//1941 1686//1686
f 1686//1686 1941//1941 1942//1942
f 1686//1686 1942//1942 1687//1687
f 908//908 802//802 1919//1919
f 1919//1919 802//802 1943//1943
f 1919//1919 1943//1943 1920//1920
f 1920//1920 1943//1943 1944//1944
f 1920//1920 1944//1944 1921//1921
f 1921//1921 1944//1944 1945//1945
f 1921//1921 1945//1945 1922//1922
f 1922//1922 1945//1945 1946//1946
f 1922//1922 1946//1946 1923//1923
f 1923//1923 1946//1946 1947//1947
f 1923//1923 1947//1947 1924//1924
f 1924//1924 1947//1947 1948//1948
f 1924//1924 1948//1948 1925//1925
f 1925//1925 1948//1948 1949//1949
f 1925//1925 1949//1949 1926//1926
f 1926//1926 1949//1949 1950//1950
f 1926//1926 1950//1950 1927//1927
f 1927//1927 1950//1950 1951//1951
f 1927//1927 1951//1951 1928//1928
f 1928//1928 1951//1951 1952//1952
f 1928//1928 1952//1952 1929//1929
f 1929//1929 1952//1952 1953//1953
f 1929//1929 1953//1953 1930//1930
f 1930//1930 1953//1953 1954//1954
f 1930//1930 1954//1954 1931//1931
f 1931//1931 1954//1954 1955//1955
f 1931//1931 1955//1955 1932//1932
f 1932//1932 1955//1955 1956//1956
f 1932//1932 1956//1956 1933//1933
f 1933//1933 1956//1956 1957//1957
f 1933//1933 1957//1957 1934//1934
f 1934//1934 1957//1957 1958//1958
f 1934//1934 1958//1958 1935//1935
f 1935//1935 1958//1958 1959//1959
f 1935//1935 1959//1959 1936//1936
f 1936//1936 1959//1959 1960//1960
f 1936//1936 1960//1960 1937//1937
f 1937//1937 1960//1960 1961//1961
f 1937//1937 1961//1961 1938//1938
f 1938//1938 1961//1961 1962//1962
f 1938//1938 1962//1962 1939//1939
f 1939//1939 1962//1962 1963//1963
f 1939//1939 1963//1963 1940//1940
f 1940//1940 1963//1963 1689//1689
f 1940//1940 1689//1689 1941//1941
f 1941//1941 1689//1689 1691//1691
f 1941//1941 1691//1691 1942//1942
f 802//802 801//801 1943//1943
f 1943//1943 801//801 1964//1964
f 1943//1943 1964//1964 1944//1944
f 1944//1944 1964//1964 1965//1965
f 1944//1944 1965//1965 1945//1945
f 1945//1945 1965//1965 1966//1966
f 1945//1945 1966//1966 1946//1946
f 1946//1946 1966//1966 1967//1967
f 1946//1946 1967//1967 1947//1947
f 1947//1947 1967//1967 1968//1968
f 1947//1947 1968//1968 1948//1948
f 1948//1948 1968//1968 1969//1969
f 1948//1948 1969//1969 1949//1949
f 1949//1949 1969//1969 1970//1970
f 1949//1949 1970//1970 1950//1950
f 1950//1950 1970//1970 1971//1971
f 1950//1950 1971//1971 1951//1951
f 1951//1951 1971//1971 1972//1972
f 1951//1951 1972//1972 1952//1952
f 1952//1952 1972//1972 1973//1973
f 1952//1952 1973//1973 1953//1953
f 1953//1953 1973//1973 1974//1974
f 1953//1953 1974//1974 1954//1954
f 1954//1954 1974//1974 1975//1975
f 1954//1954 1975//1975 1955//1955
f 1955//1955 1975//1975 1976//1976
f 1955//1955 1976//1976 1956//1956
f 1956//1956 1976//1976 1977//1977
f 1956//1956 1977//1977 1957//1957
f 1957//1957 1977//1977 1978//1978
f 1957//1957 1978//1978 1958//1958
f 1958//1958 1978//1978 1979//1979
f 1958//1958 1979//1979 1959//1959
f 1959//1959 1979//1979 1980//1980
f 1959//1959 1980//1980 1960//1960
f 1960//1960 1980//1980 1981//1981
f 1960//1960 1981//1981 1961//1961
f 1961//1961 1981//1981 1700//1700
f 1961//1961 1700//1700 1962//1962
f 1962//1962 1700//1700 1694//1694
f 1962//1962 1694//1694 1963//1963
f 1963//1963 1694//1694 1696//1696
f 1963//1963 1696//1696 1689//1689
f 1689//1689 1696//1696 1698//1698
f 1689//1689 1698//1698 1690//1690
f 801//801 1003//1003 1964//1964
f 1964//1964 1003//1003 1665//1665
f 1964//1964 1665//1665 1965//1965
f 1965//1965 1665//1665 1982//1982
f 1965//1965 1982//1982 1966//1966
f 1966//1966 1982//1982 1983//1983
f 1966//1966 1983//1983 1967//1967
f 1967//1967 1983//1983 1984//1984
f 1967//1967 1984//1984 1968//1968
f 1968//1968 1984//1984 1985//1985
f 1968//1968 1985//1985 1969//1969
f 1969//1969 1985//1985 1986//1986
f 1969//1969 1986//1986 1970//1970
f 1970//1970 1986//1986 1987//1987
f 1970//1970 1987//1987 1971//1971
f 1971//1971 1987//1987 1988//1988
f 1971//1971 1988//1988 1972//1972
f 1972//1972 1988//1988 1989//1989
f 1972//1972 1989//1989 1973//1973
f 1973//1973 1989//1989 1990//1990
f 1973//1973 1990//1990 1974//1974
f 1974//1974 1990//1990 1991//1991
f 1974//1974 1991//1991 1975//1975
f 1975//1975 1991//1991 1992//1992
f 1975//1975 1992//1992 1976//1976
f 1976//1976 1992//1992 1993//1993
f 1976//1976 1993//1993 1977//1977
f 1977//1977 1993//1993 1994//1994
f 1977//1977 1994//1994 1978//1978
f 1978//1978 1994//1994 1995//1995
f 1978//1978 1995//1995 1979//1979
f 1979//1979 1995//1995 1996//1996
f 1979//1979 1996//1996 1980//1980
f 1980//1980 1996//1996 1997//1997
f 1980//1980 1997//1997 1981//1981
f 1981//1981 1997//1997 1702//1702
f 1981//1981 1702//1702 1700//1700
f 1700//1700 1702//1702 1704//1704
f 1700//1700 1704//1704 1701//1701
f 1002//1002 896//896 1665//1665
f 1665//1665 896//896 1752//1752
f 1665//1665 1752//1752 1982//1982
f 1982//1982 1752//1752 1750//1750
f 1982//1982 1750//1750 1983//1983
f 1983//1983 1750//1750 1747//1747
f 1983//1983 1747//1747 1984//1984
f 1984//1984 1747//1747 1744//1744
f 1984//1984 1744//1744 1985//1985
f 1985//1985 1744//1744 1740//1740
f 1985//1985 1740//1740 1986//1986
f 1986//1986 1740//1740 1668//1668
f 1986//1986 1668//1668 1987//1987
f 1987//1987 1668//1668 1667//1667
f 1987//1987 1667//1667 1988//1988
f 1988//1988 1667//1667 1733//1733
f 1988//1988 1733//1733 1989//1989
f 1989//1989 1733//1733 1730//1730
f 1989//1989 1730//1730 1990//1990
f 1990//1990 1730//1730 1727//1727
f 1990//1990 1727//1727 1991//1991
f 1991//1991 1727//1727 1723//1723
f 1991//1991 1723//1723 1992//1992
f 1992//1992 1723//1723 1671//1671
f 1992//1992 1671//1671 1993//1993
f 1993//1993 1671//1671 1670//1670
f 1993//1993 1670//1670 1994//1994
f 1994//1994 1670//1670 1716//1716
f 1994//1994 1716//1716 1995//1995
f 1995//1995 1716//1716 1713//1713
f 1995//1995 1713//1713 1996//1996
f 1996//1996 1713//1713 1710//1710
f 1996//1996 1710//1710 1997//1997
f 1997//1997 1710//1710 1707//1707
f 1997//1997 1707//1707 1702//1702
f 1702//1702 1707//1707 1708//1708
f 1702//1702 1708//1708 1703//1703
f 1998//1998 1999//1999 2000//2000
f 2001//2001 2002//2002 2003//2003
f 2003//2003 2002//2002 2004//2004
f 1999//1999 1998//1998 2005//2005
f 2005//2005 1998//1998 2006//2006
f 2006//2006 1998//1998 2007//2007
f 2006//2006 2007//2007 2008//2008
f 2008//2008 2007//2007 2009//2009
f 2009//2009 2007//2007 2010//2010
f 2009//2009 2010//2010 2011//2011
f 2011//2011 2010//2010 2012//2012
f 2012//2012 2010//2010 2013//2013
f 2012//2012 2013//2013 2014//2014
f 2014//2014 2013//2013 2015//2015
f 2014//2014 2015//2015 2016//2016
f 2016//2016 2015//2015 2017//2017
f 2017//2017 2015//2015 2018//2018
f 2017//2017 2018//2018 2019//2019
f 2020//2020 2021//2021 2022//2022
f 2022//2022 2021//2021 2023//2023
f 425//425 2020//2020 1221//1221
f 1221//1221 2020//2020 2022//2022
f 1221//1221 2022//2022 1220//1220
f 1220//1220 2022//2022 1219//1219
f 2022//2022 2024//2024 1219//1219
f 1219//1219 2024//2024 2025//2025
f 1219//1219 2025//2025 1217//1217
f 1217//1217 2025//2025 2026//2026
f 1217//1217 2026//2026 1215//1215
f 2027//2027 2028//2028 2029//2029
f 1215//1215 2026//2026 1213//1213
f 1213//1213 2026//2026 2030//2030
f 1213//1213 2030//2030 1212//1212
f 1212//1212 2030//2030 2027//2027
f 1212//1212 2027//2027 1210//1210
f 1210//1210 2027//2027 2029//2029
f 1210//1210 2029//2029 1207//1207
f 2031//2031 2032//2032 2033//2033
f 2023//2023 2034//2034 2022//2022
f 2022//2022 2034//2034 2035//2035
f 2022//2022 2035//2035 2024//2024
f 2024//2024 2035//2035 2036//2036
f 2024//2024 2036//2036 2025//2025
f 2025//2025 2036//2036 2037//2037
f 2025//2025 2037//2037 2026//2026
f 2026//2026 2037//2037 2038//2038
f 2026//2026 2038//2038 2030//2030
f 2030//2030 2038//2038 2031//2031
f 2030//2030 2031//2031 2027//2027
f 2027//2027 2031//2031 2033//2033
f 2027//2027 2033//2033 2028//2028
f 2023//2023 2001//2001 2034//2034
f 2034//2034 2001//2001 2003//2003
f 2034//2034 2003//2003 2035//2035
f 2035//2035 2003//2003 2039//2039
f 2035//2035 2039//2039 2036//2036
f 2036//2036 2039//2039 2040//2040
f 2036//2036 2040//2040 2037//2037
f 2037//2037 2040//2040 2041//2041
f 2037//2037 2041//2041 2038//2038
f 2038//2038 2041//2041 2042//2042
f 2038//2038 2042//2042 2031//2031
f 2031//2031 2042//2042 2043//2043
f 2031//2031 2043//2043 2032//2032
f 2044//2044 2019//2019 2004//2004
f 2004//2004 2019//2019 2018//2018
f 2004//2004 2018//2018 2003//2003
f 2003//2003 2018//2018 2015//2015
f 2003//2003 2015//2015 2039//2039
f 2039//2039 2015//2015 2013//2013
f 2039//2039 2013//2013 2040//2040
f 2040//2040 2013//2013 2010//2010
f 2040//2040 2010//2010 2041//2041
f 2041//2041 2010//2010 2007//2007
f 2041//2041 2007//2007 2042//2042
f 2042//2042 2007//2007 1998//1998
f 2042//2042 1998//1998 2043//2043
f 2043//2043 1998//1998 2000//2000
f 2043//2043 2000//2000 2032//2032
f 1242//1242 1207//1207 2029//2029
f 1242//1242 2029//2029 2045//2045
f 2045//2045 2029//2029 2028//2028
f 2045//2045 2028//2028 2046//2046
f 2000//2000 1999//1999 2047//2047
f 2028//2028 2033//2033 2046//2046
f 2046//2046 2033//2033 2032//2032
f 2046//2046 2032//2032 2048//2048
f 2048//2048 2032//2032 2000//2000
f 2048//2048 2000//2000 2049//2049
f 2049//2049 2000//2000 2047//2047
f 2047//2047 1999//1999 2050//2050
f 2050//2050 1999//1999 2051//2051
f 2050//2050 2051//2051 2052//2052
f 2052//2052 2051//2051 2053//2053
f 2053//2053 2051//2051 2054//2054
f 2053//2053 2054//2054 2055//2055
f 2055//2055 2054//2054 2056//2056
f 2056//2056 2054//2054 2057//2057
f 2056//2056 2057//2057 2058//2058
f 2058//2058 2057//2057 2059//2059
f 2058//2058 2059//2059 2060//2060
f 2060//2060 2059//2059 2061//2061
f 2060//2060 2061//2061 2062//2062
f 2063//2063 2064//2064 2065//2065
f 2065//2065 2064//2064 2062//2062
f 2065//2065 2062//2062 2066//2066
f 2066//2066 2062//2062 2061//2061
f 2067//2067 2068//2068 1675//1675
f 1675//1675 2068//2068 2069//2069
f 2069//2069 2070//2070 1675//1675
f 1675//1675 2070//2070 2071//2071
f 1675//1675 2071//2071 2063//2063
f 2063//2063 2071//2071 2072//2072
f 2063//2063 2072//2072 2064//2064
f 2073//2073 2074//2074 2075//2075
f 2075//2075 2074//2074 2076//2076
f 2075//2075 2076//2076 2077//2077
f 2078//2078 2079//2079 2080//2080
f 2080//2080 2079//2079 2081//2081
f 2079//2079 2082//2082 2081//2081
f 2081//2081 2082//2082 2083//2083
f 2081//2081 2083//2083 2084//2084
f 2084//2084 2083//2083 2085//2085
f 2085//2085 2083//2083 2086//2086
f 2086//2086 2083//2083 2087//2087
f 2086//2086 2087//2087 2088//2088
f 2088//2088 2087//2087 2089//2089
f 2088//2088 2089//2089 2090//2090
f 2089//2089 2091//2091 2090//2090
f 2090//2090 2091//2091 2092//2092
f 2090//2090 2092//2092 2093//2093
f 2093//2093 2092//2092 2094//2094
f 2093//2093 2094//2094 2095//2095
f 2095//2095 2094//2094 2096//2096
f 2095//2095 2096//2096 2097//2097
f 2097//2097 2096//2096 2098//2098
f 2097//2097 2098//2098 2099//2099
f 2099//2099 2098//2098 2100//2100
f 2099//2099 2100//2100 2101//2101
f 2101//2101 2100//2100 2102//2102
f 2101//2101 2102//2102 2103//2103
f 2103//2103 2102//2102 2104//2104
f 2103//2103 2104//2104 2105//2105
f 2105//2105 2104//2104 2106//2106
f 2105//2105 2106//2106 2107//2107
f 2106//2106 2108//2108 2107//2107
f 2107//2107 2108//2108 2109//2109
f 2107//2107 2109//2109 2110//2110
f 2110//2110 2109//2109 2111//2111
f 2111//2111 2109//2109 2112//2112
f 2111//2111 2112//2112 2113//2113
f 2113//2113 2112//2112 2114//2114
f 2113//2113 2114//2114 2115//2115
f 2115//2115 2114//2114 2116//2116
f 2116//2116 2114//2114 2117//2117
f 2116//2116 2117//2117 2118//2118
f 2118//2118 2117//2117 2119//2119
f 2119//2119 2117//2117 2120//2120
f 2119//2119 2120//2120 2121//2121
f 2121//2121 2120//2120 2122//2122
f 2122//2122 2120//2120 2123//2123
f 2122//2122 2123//2123 2124//2124
f 2124//2124 2123//2123 2074//2074
f 2124//2124 2074//2074 2073//2073
f 415//415 2125//2125 374//374
f 2126//2126 2127//2127 2128//2128
f 2128//2128 2127//2127 2129//2129
f 2128//2128 2129//2129 2130//2130
f 2130//2130 2129//2129 2131//2131
f 2130//2130 2131//2131 2125//2125
f 2125//2125 2131//2131 2132//2132
f 2125//2125 2132//2132 374//374
f 2133//2133 2134//2134 2126//2126
f 2126//2126 2134//2134 2135//2135
f 2126//2126 2135//2135 2127//2127
f 2136//2136 2137//2137 2138//2138
f 2138//2138 2137//2137 2139//2139
f 2138//2138 2139//2139 2133//2133
f 2133//2133 2139//2139 2140//2140
f 2133//2133 2140//2140 2134//2134
f 2141//2141 2142//2142 2136//2136
f 2136//2136 2142//2142 2143//2143
f 2136//2136 2143//2143 2137//2137
f 2078//2078 2144//2144 2141//2141
f 2141//2141 2144//2144 2145//2145
f 2141//2141 2145//2145 2142//2142
f 2078//2078 2141//2141 2146//2146
f 2146//2146 2141//2141 2147//2147
f 2146//2146 2147//2147 2082//2082
f 2082//2082 2079//2079 2146//2146
f 2146//2146 2079//2079 2078//2078
f 1170//1170 414//414 413//413
f 1170//1170 413//413 1174//1174
f 1163//1163 419//419 420//420
f 413//413 412//412 1174//1174
f 1174//1174 412//412 411//411
f 1174//1174 411//411 1181//1181
f 1181//1181 411//411 255//255
f 1181//1181 255//255 254//254
f 1163//1163 420//420 1166//1166
f 420//420 421//421 1166//1166
f 1166//1166 421//421 422//422
f 1166//1166 422//422 1170//1170
f 1170//1170 422//422 423//423
f 1170//1170 423//423 414//414
f 2125//2125 415//415 1158//1158
f 1158//1158 415//415 416//416
f 1158//1158 416//416 1160//1160
f 1160//1160 416//416 417//417
f 1160//1160 417//417 1163//1163
f 1163//1163 417//417 418//418
f 1163//1163 418//418 419//419
f 2148//2148 2082//2082 2149//2149
f 2149//2149 2082//2082 2147//2147
f 2149//2149 2147//2147 2150//2150
f 2150//2150 2147//2147 2141//2141
f 2150//2150 2141//2141 2151//2151
f 2151//2151 2141//2141 2136//2136
f 1158//1158 2152//2152 2125//2125
f 2125//2125 2152//2152 2153//2153
f 2125//2125 2153//2153 2130//2130
f 2130//2130 2153//2153 2154//2154
f 2130//2130 2154//2154 2128//2128
f 2128//2128 2154//2154 2155//2155
f 2128//2128 2155//2155 2126//2126
f 2155//2155 2156//2156 2126//2126
f 2126//2126 2156//2156 2157//2157
f 2126//2126 2157//2157 2133//2133
f 2133//2133 2157//2157 2158//2158
f 2133//2133 2158//2158 2138//2138
f 2138//2138 2158//2158 2159//2159
f 2138//2138 2159//2159 2136//2136
f 2136//2136 2159//2159 2160//2160
f 2136//2136 2160//2160 2151//2151
f 2161//2161 2162//2162 2163//2163
f 2163//2163 2162//2162 2164//2164
f 2165//2165 2166//2166 2167//2167
f 2166//2166 2165//2165 2168//2168
f 2165//2165 2169//2169 2168//2168
f 2168//2168 2169//2169 2170//2170
f 2168//2168 2170//2170 2171//2171
f 2171//2171 2170//2170 2172//2172
f 2171//2171 2172//2172 2044//2044
f 2173//2173 2174//2174 2167//2167
f 2167//2167 2174//2174 2175//2175
f 2167//2167 2175//2175 2165//2165
f 2176//2176 1829//1829 2177//2177
f 2177//2177 1829//1829 2178//2178
f 2177//2177 2178//2178 2179//2179
f 2179//2179 2178//2178 2180//2180
f 2179//2179 2180//2180 2173//2173
f 2173//2173 2180//2180 2181//2181
f 2173//2173 2181//2181 2174//2174
f 1813//1813 2182//2182 2183//2183
f 2184//2184 2185//2185 1780//1780
f 1780//1780 2185//2185 2186//2186
f 1780//1780 2186//2186 1774//1774
f 1774//1774 2186//2186 1776//1776
f 2184//2184 1780//1780 2187//2187
f 2187//2187 1780//1780 1779//1779
f 2187//2187 1779//1779 2188//2188
f 1813//1813 2183//2183 1811//1811
f 1811//1811 2183//2183 2189//2189
f 1811//1811 2189//2189 1809//1809
f 1809//1809 2189//2189 1805//1805
f 1805//1805 2189//2189 2190//2190
f 1805//1805 2190//2190 1806//1806
f 2191//2191 1803//1803 2190//2190
f 2190//2190 1803//1803 1808//1808
f 2190//2190 1808//1808 1806//1806
f 2192//2192 1800//1800 2191//2191
f 2191//2191 1800//1800 1804//1804
f 2191//2191 1804//1804 1803//1803
f 1795//1795 1798//1798 2193//2193
f 2193//2193 1798//1798 1797//1797
f 2193//2193 1797//1797 2192//2192
f 2192//2192 1797//1797 1801//1801
f 2192//2192 1801//1801 1800//1800
f 1795//1795 2193//2193 1793//1793
f 1793//1793 2193//2193 2194//2194
f 1793//1793 2194//2194 1791//1791
f 1791//1791 2194//2194 1786//1786
f 1786//1786 2194//2194 2195//2195
f 1786//1786 2195//2195 1787//1787
f 2196//2196 1790//1790 2195//2195
f 2195//2195 1790//1790 1789//1789
f 2195//2195 1789//1789 1787//1787
f 1779//1779 1785//1785 2188//2188
f 2188//2188 1785//1785 1784//1784
f 2188//2188 1784//1784 2196//2196
f 2196//2196 1784//1784 1782//1782
f 2196//2196 1782//1782 1790//1790
f 62//62 63//63 449//449
f 449//449 63//63 452//452
f 452//452 63//63 64//64
f 452//452 64//64 454//454
f 459//459 54//54 458//458
f 458//458 54//54 55//55
f 458//458 55//55 456//456
f 430//430 427//427 60//60
f 60//60 427//427 381//381
f 60//60 381//381 59//59
f 449//449 446//446 62//62
f 62//62 446//446 443//443
f 62//62 443//443 61//61
f 61//61 443//443 441//441
f 61//61 441//441 60//60
f 60//60 441//441 439//439
f 60//60 439//439 437//437
f 454//454 64//64 455//455
f 455//455 64//64 65//65
f 455//455 65//65 2197//2197
f 2197//2197 65//65 66//66
f 2197//2197 66//66 2198//2198
f 2198//2198 66//66 2199//2199
f 2199//2199 66//66 67//67
f 2199//2199 67//67 2200//2200
f 456//456 55//55 408//408
f 408//408 55//55 56//56
f 408//408 56//56 406//406
f 57//57 402//402 56//56
f 56//56 402//402 404//404
f 56//56 404//404 406//406
f 381//381 384//384 59//59
f 59//59 384//384 387//387
f 59//59 387//387 58//58
f 58//58 387//387 389//389
f 58//58 389//389 391//391
f 437//437 435//435 60//60
f 60//60 435//435 433//433
f 60//60 433//433 430//430
f 391//391 394//394 58//58
f 58//58 394//394 396//396
f 58//58 396//396 57//57
f 57//57 396//396 399//399
f 57//57 399//399 402//402
f 2189//2189 75//75 76//76
f 2200//2200 67//67 2201//2201
f 2201//2201 67//67 68//68
f 2201//2201 68//68 2202//2202
f 2202//2202 68//68 69//69
f 2202//2202 69//69 2203//2203
f 72//72 2204//2204 71//71
f 71//71 2204//2204 2205//2205
f 71//71 2205//2205 70//70
f 70//70 2205//2205 2176//2176
f 70//70 2176//2176 2177//2177
f 74//74 2206//2206 73//73
f 73//73 2206//2206 2207//2207
f 73//73 2207//2207 72//72
f 72//72 2207//2207 2208//2208
f 72//72 2208//2208 2204//2204
f 2189//2189 2183//2183 75//75
f 75//75 2183//2183 2182//2182
f 75//75 2182//2182 74//74
f 74//74 2182//2182 2209//2209
f 74//74 2209//2209 2206//2206
f 2194//2194 78//78 79//79
f 47//47 512//512 510//510
f 2167//2167 2166//2166 70//70
f 70//70 2166//2166 2168//2168
f 70//70 2168//2168 69//69
f 69//69 2168//2168 2210//2210
f 69//69 2210//2210 2203//2203
f 2177//2177 2179//2179 70//70
f 70//70 2179//2179 2173//2173
f 70//70 2173//2173 2167//2167
f 2194//2194 2193//2193 78//78
f 78//78 2193//2193 2192//2192
f 78//78 2192//2192 77//77
f 77//77 2192//2192 2191//2191
f 77//77 2191//2191 76//76
f 76//76 2191//2191 2190//2190
f 76//76 2190//2190 2189//2189
f 47//47 510//510 46//46
f 459//459 462//462 54//54
f 54//54 462//462 464//464
f 54//54 464//464 53//53
f 80//80 2196//2196 79//79
f 79//79 2196//2196 2195//2195
f 79//79 2195//2195 2194//2194
f 2211//2211 82//82 2212//2212
f 2212//2212 82//82 83//83
f 2212//2212 83//83 2213//2213
f 84//84 2214//2214 83//83
f 83//83 2214//2214 2215//2215
f 83//83 2215//2215 2213//2213
f 2216//2216 85//85 498//498
f 498//498 85//85 44//44
f 498//498 44//44 500//500
f 500//500 44//44 45//45
f 500//500 45//45 502//502
f 510//510 508//508 46//46
f 46//46 508//508 506//506
f 46//46 506//506 45//45
f 45//45 506//506 504//504
f 45//45 504//504 502//502
f 48//48 488//488 47//47
f 47//47 488//488 513//513
f 47//47 513//513 512//512
f 491//491 49//49 50//50
f 2211//2211 2217//2217 82//82
f 82//82 2217//2217 2218//2218
f 82//82 2218//2218 81//81
f 81//81 2218//2218 2187//2187
f 81//81 2187//2187 80//80
f 80//80 2187//2187 2188//2188
f 80//80 2188//2188 2196//2196
f 2216//2216 2219//2219 85//85
f 85//85 2219//2219 2220//2220
f 85//85 2220//2220 84//84
f 84//84 2220//2220 2221//2221
f 84//84 2221//2221 2214//2214
f 491//491 493//493 49//49
f 49//49 493//493 495//495
f 49//49 495//495 48//48
f 48//48 495//495 496//496
f 48//48 496//496 488//488
f 51//51 481//481 50//50
f 50//50 481//481 479//479
f 50//50 479//479 491//491
f 473//473 475//475 52//52
f 52//52 475//475 477//477
f 52//52 477//477 51//51
f 51//51 477//477 483//483
f 51//51 483//483 481//481
f 464//464 466//466 53//53
f 53//53 466//466 468//468
f 53//53 468//468 52//52
f 52//52 468//468 471//471
f 52//52 471//471 473//473
f 2222//2222 2223//2223 2224//2224
f 2225//2225 2226//2226 2227//2227
f 2227//2227 2226//2226 2224//2224
f 2227//2227 2224//2224 2228//2228
f 2228//2228 2224//2224 2223//2223
f 2228//2228 2223//2223 2229//2229
f 2229//2229 2223//2223 2222//2222
f 2229//2229 2222//2222 2148//2148
f 2230//2230 2228//2228 2231//2231
f 2231//2231 2228//2228 2229//2229
f 2231//2231 2229//2229 2232//2232
f 2225//2225 2227//2227 2233//2233
f 2233//2233 2227//2227 2228//2228
f 2233//2233 2228//2228 2234//2234
f 2234//2234 2228//2228 2230//2230
f 2234//2234 2230//2230 2235//2235
f 2235//2235 2230//2230 2236//2236
f 2235//2235 2236//2236 2237//2237
f 2238//2238 2239//2239 2240//2240
f 2241//2241 2242//2242 2243//2243
f 2239//2239 2238//2238 2244//2244
f 2244//2244 2238//2238 2245//2245
f 2244//2244 2245//2245 2241//2241
f 2246//2246 2247//2247 2248//2248
f 2241//2241 2243//2243 2244//2244
f 2244//2244 2243//2243 2246//2246
f 2244//2244 2246//2246 2239//2239
f 2239//2239 2246//2246 2248//2248
f 2239//2239 2248//2248 2240//2240
f 2249//2249 2250//2250 2251//2251
f 2249//2249 2251//2251 2252//2252
f 2253//2253 2254//2254 2255//2255
f 2255//2255 2254//2254 2252//2252
f 2255//2255 2252//2252 2256//2256
f 2256//2256 2252//2252 2251//2251
f 2257//2257 2258//2258 2255//2255
f 2255//2255 2258//2258 2259//2259
f 2255//2255 2259//2259 2253//2253
f 2164//2164 2257//2257 2163//2163
f 2163//2163 2257//2257 2255//2255
f 2163//2163 2255//2255 2161//2161
f 2161//2161 2255//2255 2256//2256
f 2161//2161 2256//2256 2260//2260
f 2260//2260 2256//2256 2251//2251
f 2260//2260 2251//2251 2261//2261
f 2262//2262 2263//2263 2264//2264
f 741//741 2265//2265 740//740
f 740//740 2265//2265 739//739
f 2265//2265 2266//2266 2267//2267
f 2267//2267 2266//2266 2262//2262
f 2267//2267 2262//2262 2268//2268
f 2268//2268 2262//2262 2264//2264
f 2265//2265 722//722 723//723
f 2265//2265 729//729 730//730
f 736//736 737//737 2265//2265
f 2265//2265 737//737 738//738
f 2265//2265 738//738 739//739
f 2262//2262 2269//2269 2270//2270
f 2262//2262 2271//2271 2272//2272
f 2273//2273 2262//2262 2274//2274
f 2274//2274 2262//2262 2275//2275
f 2276//2276 2277//2277 2262//2262
f 2262//2262 2277//2277 2278//2278
f 2267//2267 2279//2279 2265//2265
f 2265//2265 2279//2279 718//718
f 2265//2265 718//718 719//719
f 726//726 727//727 2265//2265
f 2265//2265 727//727 728//728
f 2265//2265 728//728 729//729
f 730//730 731//731 2265//2265
f 2265//2265 731//731 732//732
f 2265//2265 732//732 733//733
f 733//733 734//734 2265//2265
f 2265//2265 734//734 735//735
f 2265//2265 735//735 736//736
f 617//617 615//615 2265//2265
f 2265//2265 615//615 613//613
f 2265//2265 613//613 610//610
f 710//710 712//712 599//599
f 2280//2280 2281//2281 2262//2262
f 2262//2262 2281//2281 2282//2282
f 2282//2282 2283//2283 2262//2262
f 2262//2262 2283//2283 2284//2284
f 2262//2262 2284//2284 2285//2285
f 2278//2278 2286//2286 2262//2262
f 2262//2262 2286//2286 2287//2287
f 2262//2262 2287//2287 2263//2263
f 719//719 720//720 2265//2265
f 2265//2265 720//720 721//721
f 2265//2265 721//721 722//722
f 723//723 724//724 2265//2265
f 2265//2265 724//724 725//725
f 2265//2265 725//725 726//726
f 610//610 608//608 2265//2265
f 2265//2265 608//608 605//605
f 2265//2265 605//605 603//603
f 603//603 601//601 2265//2265
f 2265//2265 601//601 599//599
f 2265//2265 599//599 714//714
f 714//714 599//599 712//712
f 2288//2288 2289//2289 2290//2290
f 2290//2290 2291//2291 2288//2288
f 2288//2288 2291//2291 2292//2292
f 2288//2288 2292//2292 2293//2293
f 2289//2289 2288//2288 2262//2262
f 2262//2262 2288//2288 2294//2294
f 2262//2262 2294//2294 2295//2295
f 2270//2270 2296//2296 2262//2262
f 2262//2262 2296//2296 2297//2297
f 2262//2262 2297//2297 2271//2271
f 2272//2272 2298//2298 2262//2262
f 2262//2262 2298//2298 2299//2299
f 2262//2262 2299//2299 2280//2280
f 2285//2285 2300//2300 2262//2262
f 2262//2262 2300//2300 2301//2301
f 2262//2262 2301//2301 2275//2275
f 2273//2273 2302//2302 2262//2262
f 2262//2262 2302//2302 2303//2303
f 2262//2262 2303//2303 2304//2304
f 2304//2304 2305//2305 2262//2262
f 2262//2262 2305//2305 2306//2306
f 2262//2262 2306//2306 2307//2307
f 744//744 745//745 2265//2265
f 2265//2265 745//745 746//746
f 2265//2265 746//746 747//747
f 747//747 748//748 2265//2265
f 2265//2265 748//748 749//749
f 2265//2265 749//749 750//750
f 2295//2295 2308//2308 2262//2262
f 2262//2262 2308//2308 2309//2309
f 2262//2262 2309//2309 2269//2269
f 741//741 742//742 2265//2265
f 2265//2265 742//742 743//743
f 2265//2265 743//743 744//744
f 750//750 751//751 2265//2265
f 2265//2265 751//751 752//752
f 2265//2265 752//752 754//754
f 754//754 753//753 2265//2265
f 2265//2265 753//753 626//626
f 2265//2265 626//626 624//624
f 624//624 621//621 2265//2265
f 2265//2265 621//621 619//619
f 2265//2265 619//619 617//617
f 2307//2307 2310//2310 2262//2262
f 2262//2262 2310//2310 2311//2311
f 2262//2262 2311//2311 2276//2276
f 597//597 705//705 599//599
f 599//599 705//705 708//708
f 599//599 708//708 710//710
f 2293//2293 2292//2292 2312//2312
f 2312//2312 2292//2292 2261//2261
f 2312//2312 2261//2261 2251//2251
f 2250//2250 2313//2313 2251//2251
f 2251//2251 2313//2313 2314//2314
f 2251//2251 2314//2314 2312//2312
f 593//593 700//700 597//597
f 597//597 700//700 702//702
f 597//597 702//702 705//705
f 593//593 592//592 700//700
f 700//700 592//592 693//693
f 700//700 693//693 692//692
f 692//692 696//696 700//700
f 700//700 696//696 695//695
f 700//700 695//695 694//694
f 697//697 698//698 694//694
f 694//694 698//698 699//699
f 694//694 699//699 700//700
f 2164//2164 2247//2247 2257//2257
f 2257//2257 2247//2247 2246//2246
f 2258//2258 2257//2257 2315//2315
f 2315//2315 2257//2257 2246//2246
f 2315//2315 2246//2246 2316//2316
f 2316//2316 2246//2246 2243//2243
f 2317//2317 2318//2318 2319//2319
f 2320//2320 2321//2321 2322//2322
f 2322//2322 2321//2321 2323//2323
f 2305//2305 2324//2324 2306//2306
f 2306//2306 2324//2324 2325//2325
f 2325//2325 2326//2326 2306//2306
f 2306//2306 2326//2326 2327//2327
f 2306//2306 2327//2327 2322//2322
f 2322//2322 2327//2327 2328//2328
f 2322//2322 2328//2328 2320//2320
f 2307//2307 2306//2306 2329//2329
f 2329//2329 2306//2306 2322//2322
f 2329//2329 2322//2322 2319//2319
f 2319//2319 2322//2322 2323//2323
f 2319//2319 2323//2323 2317//2317
f 2323//2323 2230//2230 2231//2231
f 2323//2323 2231//2231 2317//2317
f 2317//2317 2231//2231 2232//2232
f 2317//2317 2232//2232 2318//2318
f 2230//2230 2323//2323 2236//2236
f 2236//2236 2323//2323 2321//2321
f 2236//2236 2321//2321 2237//2237
f 2330//2330 2331//2331 2332//2332
f 2330//2330 2332//2332 2333//2333
f 2333//2333 2332//2332 2334//2334
f 2333//2333 2334//2334 2335//2335
f 2335//2335 2334//2334 2336//2336
f 2335//2335 2336//2336 2337//2337
f 2337//2337 2336//2336 2338//2338
f 2337//2337 2338//2338 2339//2339
f 2339//2339 2338//2338 2340//2340
f 2339//2339 2340//2340 2341//2341
f 2341//2341 2340//2340 2342//2342
f 2341//2341 2342//2342 2343//2343
f 2343//2343 2342//2342 2344//2344
f 2344//2344 2342//2342 2345//2345
f 2344//2344 2345//2345 2346//2346
f 2346//2346 2345//2345 2347//2347
f 2347//2347 2345//2345 2348//2348
f 2347//2347 2348//2348 2349//2349
f 2349//2349 2348//2348 2350//2350
f 2349//2349 2350//2350 2351//2351
f 2351//2351 2350//2350 2352//2352
f 2351//2351 2352//2352 2353//2353
f 2353//2353 2352//2352 2354//2354
f 2353//2353 2354//2354 2355//2355
f 2355//2355 2354//2354 2356//2356
f 2355//2355 2356//2356 2357//2357
f 2357//2357 2356//2356 2358//2358
f 2357//2357 2358//2358 2359//2359
f 2359//2359 2358//2358 2360//2360
f 2359//2359 2360//2360 2361//2361
f 2362//2362 2363//2363 2364//2364
f 2364//2364 2363//2363 2365//2365
f 2364//2364 2365//2365 2360//2360
f 2360//2360 2365//2365 2366//2366
f 2360//2360 2366//2366 2361//2361
f 2367//2367 2368//2368 2369//2369
f 2369//2369 2370//2370 2367//2367
f 2367//2367 2370//2370 2371//2371
f 2367//2367 2371//2371 2362//2362
f 2362//2362 2371//2371 2372//2372
f 2362//2362 2372//2372 2363//2363
f 2368//2368 2367//2367 2373//2373
f 2373//2373 2367//2367 2374//2374
f 2373//2373 2374//2374 2375//2375
f 2375//2375 2374//2374 2376//2376
f 2375//2375 2376//2376 2377//2377
f 2377//2377 2376//2376 2378//2378
f 2377//2377 2378//2378 2379//2379
f 2379//2379 2378//2378 2380//2380
f 2380//2380 2378//2378 2381//2381
f 2380//2380 2381//2381 2382//2382
f 2381//2381 2383//2383 2382//2382
f 2382//2382 2383//2383 2384//2384
f 2382//2382 2384//2384 2385//2385
f 2259//2259 2386//2386 2253//2253
f 2253//2253 2386//2386 2387//2387
f 2253//2253 2387//2387 2254//2254
f 2254//2254 2387//2387 2388//2388
f 2254//2254 2388//2388 2252//2252
f 2252//2252 2388//2388 2389//2389
f 2252//2252 2389//2389 2249//2249
f 2320//2320 2328//2328 2390//2390
f 2390//2390 2328//2328 2327//2327
f 2390//2390 2327//2327 2391//2391
f 2391//2391 2327//2327 2326//2326
f 2391//2391 2326//2326 2392//2392
f 2305//2305 2393//2393 2324//2324
f 2324//2324 2393//2393 2392//2392
f 2324//2324 2392//2392 2325//2325
f 2325//2325 2392//2392 2326//2326
f 2237//2237 2321//2321 2394//2394
f 2394//2394 2321//2321 2395//2395
f 2394//2394 2395//2395 2396//2396
f 2396//2396 2395//2395 2397//2397
f 2396//2396 2397//2397 2398//2398
f 2399//2399 2400//2400 2401//2401
f 2401//2401 2400//2400 2402//2402
f 2401//2401 2402//2402 2403//2403
f 2403//2403 2404//2404 2401//2401
f 2401//2401 2404//2404 2405//2405
f 2401//2401 2405//2405 2406//2406
f 2406//2406 2405//2405 2407//2407
f 2407//2407 2405//2405 2408//2408
f 2408//2408 2405//2405 2409//2409
f 2408//2408 2409//2409 2398//2398
f 2398//2398 2409//2409 2410//2410
f 2398//2398 2410//2410 2396//2396
f 2411//2411 2412//2412 2413//2413
f 2412//2412 2414//2414 2413//2413
f 2413//2413 2414//2414 2415//2415
f 2413//2413 2415//2415 2416//2416
f 2399//2399 2401//2401 2417//2417
f 2417//2417 2401//2401 2418//2418
f 2417//2417 2418//2418 2419//2419
f 2416//2416 2420//2420 2413//2413
f 2413//2413 2420//2420 2417//2417
f 2413//2413 2417//2417 2421//2421
f 2421//2421 2417//2417 2419//2419
f 2422//2422 2423//2423 2424//2424
f 2424//2424 2425//2425 2422//2422
f 2422//2422 2425//2425 2426//2426
f 2422//2422 2426//2426 2427//2427
f 2427//2427 2428//2428 2422//2422
f 2422//2422 2428//2428 2429//2429
f 2422//2422 2429//2429 2430//2430
f 2430//2430 2429//2429 2431//2431
f 2430//2430 2431//2431 2432//2432
f 2433//2433 2434//2434 2435//2435
f 2435//2435 2434//2434 2436//2436
f 2435//2435 2436//2436 2430//2430
f 2430//2430 2436//2436 2437//2437
f 2430//2430 2437//2437 2422//2422
f 2438//2438 2439//2439 2440//2440
f 2440//2440 2439//2439 2441//2441
f 2440//2440 2441//2441 2442//2442
f 2442//2442 2441//2441 2443//2443
f 2442//2442 2443//2443 2433//2433
f 2433//2433 2443//2443 2444//2444
f 2433//2433 2444//2444 2434//2434
f 2445//2445 2446//2446 2438//2438
f 2438//2438 2446//2446 2447//2447
f 2438//2438 2447//2447 2439//2439
f 2448//2448 2449//2449 2445//2445
f 2445//2445 2449//2449 2450//2450
f 2445//2445 2450//2450 2446//2446
f 2451//2451 2452//2452 2453//2453
f 2451//2451 2453//2453 2454//2454
f 2453//2453 2455//2455 2454//2454
f 2454//2454 2455//2455 2456//2456
f 2454//2454 2456//2456 2448//2448
f 2448//2448 2456//2456 2457//2457
f 2448//2448 2457//2457 2449//2449
f 2452//2452 2451//2451 2458//2458
f 2458//2458 2451//2451 2459//2459
f 2458//2458 2459//2459 2460//2460
f 2460//2460 2459//2459 2461//2461
f 2460//2460 2461//2461 2462//2462
f 2463//2463 2464//2464 2465//2465
f 2465//2465 2464//2464 2466//2466
f 2465//2465 2466//2466 2461//2461
f 2461//2461 2466//2466 2467//2467
f 2461//2461 2467//2467 2462//2462
f 2468//2468 2469//2469 2470//2470
f 2470//2470 2469//2469 2471//2471
f 2470//2470 2471//2471 2472//2472
f 2472//2472 2471//2471 2473//2473
f 2472//2472 2473//2473 2463//2463
f 2463//2463 2473//2473 2474//2474
f 2463//2463 2474//2474 2464//2464
f 2475//2475 2476//2476 2477//2477
f 2477//2477 2478//2478 2475//2475
f 2475//2475 2478//2478 2479//2479
f 2475//2475 2479//2479 2468//2468
f 2468//2468 2479//2479 2480//2480
f 2468//2468 2480//2480 2469//2469
f 2481//2481 2482//2482 2476//2476
f 2476//2476 2482//2482 2483//2483
f 2476//2476 2483//2483 2477//2477
f 2484//2484 2411//2411 2485//2485
f 2485//2485 2411//2411 2413//2413
f 2485//2485 2413//2413 2481//2481
f 2481//2481 2413//2413 2486//2486
f 2481//2481 2486//2486 2482//2482
f 1829//1829 2176//2176 1830//1830
f 1830//1830 2176//2176 2205//2205
f 2208//2208 1835//1835 2204//2204
f 2204//2204 1835//1835 1833//1833
f 2204//2204 1833//1833 2205//2205
f 2205//2205 1833//1833 1831//1831
f 2205//2205 1831//1831 1830//1830
f 1841//1841 1840//1840 2207//2207
f 2207//2207 1840//1840 1838//1838
f 2207//2207 1838//1838 2208//2208
f 2208//2208 1838//1838 1837//1837
f 2208//2208 1837//1837 1835//1835
f 2206//2206 1843//1843 2207//2207
f 2207//2207 1843//1843 1842//1842
f 2207//2207 1842//1842 1841//1841
f 1850//1850 1848//1848 2209//2209
f 2209//2209 1848//1848 1847//1847
f 2209//2209 1847//1847 2206//2206
f 2206//2206 1847//1847 1845//1845
f 2206//2206 1845//1845 1843//1843
f 1850//1850 2209//2209 1851//1851
f 1851//1851 2209//2209 2182//2182
f 1851//1851 2182//2182 1813//1813
f 2487//2487 2488//2488 2389//2389
f 2389//2389 2488//2488 2249//2249
f 2249//2249 2488//2488 2489//2489
f 2249//2249 2489//2489 2250//2250
f 2250//2250 2489//2489 2490//2490
f 2250//2250 2490//2490 2313//2313
f 2423//2423 2312//2312 2491//2491
f 2491//2491 2312//2312 2314//2314
f 2491//2491 2314//2314 2492//2492
f 2492//2492 2314//2314 2313//2313
f 2492//2492 2313//2313 2493//2493
f 2493//2493 2313//2313 2490//2490
f 2487//2487 2389//2389 2494//2494
f 2494//2494 2389//2389 2388//2388
f 2494//2494 2388//2388 2387//2387
f 2387//2387 2386//2386 2494//2494
f 2494//2494 2386//2386 2259//2259
f 2494//2494 2259//2259 2495//2495
f 2495//2495 2259//2259 2258//2258
f 2270//2270 2269//2269 2496//2496
f 2453//2453 2452//2452 2497//2497
f 2497//2497 2452//2452 2458//2458
f 2497//2497 2458//2458 2460//2460
f 2498//2498 2450//2450 2449//2449
f 2449//2449 2457//2457 2498//2498
f 2498//2498 2457//2457 2456//2456
f 2498//2498 2456//2456 2497//2497
f 2497//2497 2456//2456 2455//2455
f 2497//2497 2455//2455 2453//2453
f 2450//2450 2498//2498 2446//2446
f 2446//2446 2498//2498 2496//2496
f 2446//2446 2496//2496 2447//2447
f 2499//2499 2441//2441 2496//2496
f 2496//2496 2441//2441 2439//2439
f 2496//2496 2439//2439 2447//2447
f 2436//2436 2434//2434 2500//2500
f 2500//2500 2434//2434 2444//2444
f 2500//2500 2444//2444 2499//2499
f 2499//2499 2444//2444 2443//2443
f 2499//2499 2443//2443 2441//2441
f 2422//2422 2437//2437 2501//2501
f 2501//2501 2437//2437 2502//2502
f 2501//2501 2502//2502 2293//2293
f 2293//2293 2312//2312 2501//2501
f 2501//2501 2312//2312 2423//2423
f 2501//2501 2423//2423 2422//2422
f 2295//2295 2294//2294 2502//2502
f 2502//2502 2294//2294 2288//2288
f 2502//2502 2288//2288 2293//2293
f 2437//2437 2436//2436 2502//2502
f 2502//2502 2436//2436 2500//2500
f 2502//2502 2500//2500 2295//2295
f 2295//2295 2500//2500 2499//2499
f 2295//2295 2499//2499 2308//2308
f 2496//2496 2269//2269 2499//2499
f 2499//2499 2269//2269 2309//2309
f 2499//2499 2309//2309 2308//2308
f 2270//2270 2496//2496 2296//2296
f 2296//2296 2496//2496 2498//2498
f 2296//2296 2498//2498 2297//2297
f 2297//2297 2498//2498 2497//2497
f 2297//2297 2497//2497 2271//2271
f 2460//2460 2298//2298 2497//2497
f 2497//2497 2298//2298 2272//2272
f 2497//2497 2272//2272 2271//2271
f 2391//2391 2398//2398 2390//2390
f 2390//2390 2398//2398 2397//2397
f 2390//2390 2397//2397 2320//2320
f 2320//2320 2397//2397 2395//2395
f 2320//2320 2395//2395 2321//2321
f 2392//2392 2407//2407 2391//2391
f 2391//2391 2407//2407 2408//2408
f 2391//2391 2408//2408 2398//2398
f 2392//2392 2393//2393 2407//2407
f 2407//2407 2393//2393 2305//2305
f 2407//2407 2305//2305 2406//2406
f 2406//2406 2305//2305 2304//2304
f 2406//2406 2304//2304 2401//2401
f 2401//2401 2304//2304 2303//2303
f 2401//2401 2303//2303 2418//2418
f 2418//2418 2303//2303 2302//2302
f 2482//2482 2486//2486 2274//2274
f 2274//2274 2486//2486 2413//2413
f 2274//2274 2413//2413 2273//2273
f 2273//2273 2413//2413 2421//2421
f 2273//2273 2421//2421 2302//2302
f 2302//2302 2421//2421 2419//2419
f 2302//2302 2419//2419 2418//2418
f 2274//2274 2275//2275 2482//2482
f 2482//2482 2275//2275 2301//2301
f 2482//2482 2301//2301 2483//2483
f 2483//2483 2301//2301 2300//2300
f 2483//2483 2300//2300 2477//2477
f 2477//2477 2300//2300 2478//2478
f 2478//2478 2300//2300 2479//2479
f 2479//2479 2300//2300 2285//2285
f 2479//2479 2285//2285 2480//2480
f 2480//2480 2285//2285 2469//2469
f 2469//2469 2285//2285 2284//2284
f 2469//2469 2284//2284 2471//2471
f 2284//2284 2283//2283 2471//2471
f 2471//2471 2283//2283 2282//2282
f 2471//2471 2282//2282 2473//2473
f 2473//2473 2282//2282 2474//2474
f 2474//2474 2282//2282 2464//2464
f 2464//2464 2282//2282 2281//2281
f 2464//2464 2281//2281 2466//2466
f 2466//2466 2281//2281 2280//2280
f 2466//2466 2280//2280 2467//2467
f 2467//2467 2280//2280 2299//2299
f 2467//2467 2299//2299 2462//2462
f 2462//2462 2299//2299 2298//2298
f 2462//2462 2298//2298 2460//2460
f 2503//2503 2425//2425 2424//2424
f 2316//2316 2243//2243 2504//2504
f 2495//2495 2258//2258 2504//2504
f 2504//2504 2258//2258 2315//2315
f 2504//2504 2315//2315 2316//2316
f 2490//2490 2489//2489 2505//2505
f 2505//2505 2489//2489 2488//2488
f 2505//2505 2488//2488 2506//2506
f 2506//2506 2488//2488 2487//2487
f 2506//2506 2487//2487 2504//2504
f 2504//2504 2487//2487 2494//2494
f 2504//2504 2494//2494 2495//2495
f 2491//2491 2492//2492 2507//2507
f 2507//2507 2492//2492 2493//2493
f 2507//2507 2493//2493 2508//2508
f 2503//2503 2424//2424 2509//2509
f 2510//2510 2509//2509 2507//2507
f 2507//2507 2509//2509 2424//2424
f 2507//2507 2424//2424 2491//2491
f 2491//2491 2424//2424 2423//2423
f 2511//2511 2512//2512 2508//2508
f 2508//2508 2512//2512 2513//2513
f 2508//2508 2513//2513 2507//2507
f 2507//2507 2513//2513 2514//2514
f 2507//2507 2514//2514 2510//2510
f 2493//2493 2490//2490 2508//2508
f 2508//2508 2490//2490 2505//2505
f 2508//2508 2505//2505 2511//2511
f 2511//2511 2505//2505 2506//2506
f 2511//2511 2506//2506 2515//2515
f 2243//2243 2516//2516 2504//2504
f 2504//2504 2516//2516 2517//2517
f 2504//2504 2517//2517 2506//2506
f 2506//2506 2517//2517 2518//2518
f 2506//2506 2518//2518 2515//2515
f 2411//2411 2519//2519 2412//2412
f 2412//2412 2519//2519 2520//2520
f 2412//2412 2520//2520 2414//2414
f 2520//2520 2521//2521 2414//2414
f 2414//2414 2521//2521 2522//2522
f 2414//2414 2522//2522 2415//2415
f 2415//2415 2522//2522 2523//2523
f 2415//2415 2523//2523 2416//2416
f 2416//2416 2523//2523 2524//2524
f 2416//2416 2524//2524 2420//2420
f 2420//2420 2524//2524 2417//2417
f 2417//2417 2524//2524 2525//2525
f 2417//2417 2525//2525 2399//2399
f 2399//2399 2525//2525 2400//2400
f 2400//2400 2525//2525 2526//2526
f 2400//2400 2526//2526 2402//2402
f 2402//2402 2526//2526 2527//2527
f 2402//2402 2527//2527 2403//2403
f 2527//2527 2528//2528 2403//2403
f 2403//2403 2528//2528 2529//2529
f 2403//2403 2529//2529 2404//2404
f 2529//2529 2530//2530 2404//2404
f 2404//2404 2530//2530 2531//2531
f 2404//2404 2531//2531 2405//2405
f 2233//2233 2234//2234 2394//2394
f 2394//2394 2234//2234 2235//2235
f 2394//2394 2235//2235 2237//2237
f 2531//2531 2532//2532 2405//2405
f 2405//2405 2532//2532 2533//2533
f 2405//2405 2533//2533 2409//2409
f 2409//2409 2533//2533 2534//2534
f 2409//2409 2534//2534 2410//2410
f 2410//2410 2534//2534 2535//2535
f 2410//2410 2535//2535 2396//2396
f 2396//2396 2535//2535 2536//2536
f 2396//2396 2536//2536 2394//2394
f 2394//2394 2536//2536 2225//2225
f 2394//2394 2225//2225 2233//2233
f 2537//2537 2538//2538 2539//2539
f 2540//2540 2541//2541 2542//2542
f 2542//2542 2541//2541 2226//2226
f 2542//2542 2226//2226 2225//2225
f 2543//2543 2544//2544 2545//2545
f 2530//2530 2546//2546 2531//2531
f 2531//2531 2546//2546 2537//2537
f 2531//2531 2537//2537 2532//2532
f 2532//2532 2537//2537 2539//2539
f 2532//2532 2539//2539 2533//2533
f 2533//2533 2539//2539 2538//2538
f 2533//2533 2538//2538 2547//2547
f 2527//2527 2548//2548 2528//2528
f 2528//2528 2548//2548 2549//2549
f 2528//2528 2549//2549 2529//2529
f 2529//2529 2549//2549 2550//2550
f 2529//2529 2550//2550 2530//2530
f 2530//2530 2550//2550 2551//2551
f 2530//2530 2551//2551 2546//2546
f 2536//2536 2535//2535 2552//2552
f 2552//2552 2535//2535 2534//2534
f 2552//2552 2534//2534 2543//2543
f 2543//2543 2534//2534 2533//2533
f 2543//2543 2533//2533 2544//2544
f 2544//2544 2533//2533 2547//2547
f 2544//2544 2547//2547 2545//2545
f 2225//2225 2536//2536 2542//2542
f 2542//2542 2536//2536 2552//2552
f 2542//2542 2552//2552 2540//2540
f 2540//2540 2552//2552 2543//2543
f 2540//2540 2543//2543 2553//2553
f 2553//2553 2543//2543 2545//2545
f 2243//2243 2242//2242 2516//2516
f 2516//2516 2242//2242 2554//2554
f 2516//2516 2554//2554 2517//2517
f 2554//2554 2555//2555 2517//2517
f 2517//2517 2555//2555 2556//2556
f 2517//2517 2556//2556 2518//2518
f 2518//2518 2556//2556 2557//2557
f 2518//2518 2557//2557 2515//2515
f 2515//2515 2557//2557 2558//2558
f 2515//2515 2558//2558 2511//2511
f 2511//2511 2558//2558 2512//2512
f 2512//2512 2558//2558 2559//2559
f 2512//2512 2559//2559 2513//2513
f 2560//2560 2561//2561 2562//2562
f 2562//2562 2561//2561 2563//2563
f 2563//2563 2564//2564 2562//2562
f 2562//2562 2564//2564 2565//2565
f 2562//2562 2565//2565 2566//2566
f 2567//2567 2503//2503 2568//2568
f 2568//2568 2503//2503 2509//2509
f 2568//2568 2509//2509 2566//2566
f 2566//2566 2509//2509 2510//2510
f 2566//2566 2510//2510 2562//2562
f 2562//2562 2510//2510 2514//2514
f 2562//2562 2514//2514 2513//2513
f 2567//2567 2569//2569 2503//2503
f 2503//2503 2569//2569 2570//2570
f 2503//2503 2570//2570 2425//2425
f 2425//2425 2570//2570 2571//2571
f 2425//2425 2571//2571 2426//2426
f 2385//2385 2431//2431 2382//2382
f 2382//2382 2431//2431 2429//2429
f 2382//2382 2429//2429 2380//2380
f 2380//2380 2429//2429 2428//2428
f 2380//2380 2428//2428 2379//2379
f 2379//2379 2428//2428 2427//2427
f 2379//2379 2427//2427 2377//2377
f 2377//2377 2427//2427 2426//2426
f 2377//2377 2426//2426 2572//2572
f 2572//2572 2426//2426 2571//2571
f 2513//2513 2559//2559 2562//2562
f 2562//2562 2559//2559 2573//2573
f 2562//2562 2573//2573 2560//2560
f 2555//2555 2574//2574 2556//2556
f 2556//2556 2574//2574 2575//2575
f 2556//2556 2575//2575 2557//2557
f 2557//2557 2575//2575 2576//2576
f 2557//2557 2576//2576 2558//2558
f 2558//2558 2576//2576 2577//2577
f 2558//2558 2577//2577 2559//2559
f 2559//2559 2577//2577 2578//2578
f 2559//2559 2578//2578 2573//2573
f 2569//2569 2579//2579 2570//2570
f 2571//2571 2375//2375 2572//2572
f 2572//2572 2375//2375 2377//2377
f 2571//2571 2570//2570 2375//2375
f 2375//2375 2570//2570 2579//2579
f 2375//2375 2579//2579 2373//2373
f 2373//2373 2579//2579 2569//2569
f 2373//2373 2569//2569 2368//2368
f 2368//2368 2569//2569 2567//2567
f 2368//2368 2567//2567 2369//2369
f 2369//2369 2567//2567 2568//2568
f 2369//2369 2568//2568 2370//2370
f 2370//2370 2568//2568 2566//2566
f 2370//2370 2566//2566 2371//2371
f 2371//2371 2566//2566 2565//2565
f 2371//2371 2565//2565 2372//2372
f 2372//2372 2565//2565 2564//2564
f 2580//2580 2355//2355 2573//2573
f 2573//2573 2355//2355 2357//2357
f 2573//2573 2357//2357 2560//2560
f 2357//2357 2359//2359 2560//2560
f 2560//2560 2359//2359 2361//2361
f 2560//2560 2361//2361 2561//2561
f 2561//2561 2361//2361 2366//2366
f 2561//2561 2366//2366 2563//2563
f 2563//2563 2366//2366 2365//2365
f 2563//2563 2365//2365 2564//2564
f 2564//2564 2365//2365 2363//2363
f 2564//2564 2363//2363 2372//2372
f 2555//2555 2554//2554 2581//2581
f 2575//2575 2574//2574 2346//2346
f 2346//2346 2347//2347 2575//2575
f 2575//2575 2347//2347 2349//2349
f 2575//2575 2349//2349 2582//2582
f 2582//2582 2349//2349 2351//2351
f 2582//2582 2351//2351 2580//2580
f 2580//2580 2351//2351 2353//2353
f 2580//2580 2353//2353 2355//2355
f 2337//2337 2339//2339 2581//2581
f 2581//2581 2339//2339 2341//2341
f 2581//2581 2341//2341 2555//2555
f 2555//2555 2341//2341 2343//2343
f 2555//2555 2343//2343 2574//2574
f 2574//2574 2343//2343 2344//2344
f 2574//2574 2344//2344 2346//2346
f 2333//2333 2335//2335 2583//2583
f 2583//2583 2335//2335 2241//2241
f 2583//2583 2241//2241 2245//2245
f 2245//2245 2238//2238 2583//2583
f 2583//2583 2238//2238 2584//2584
f 2583//2583 2584//2584 2333//2333
f 2333//2333 2584//2584 2330//2330
f 2335//2335 2337//2337 2241//2241
f 2241//2241 2337//2337 2581//2581
f 2241//2241 2581//2581 2242//2242
f 2242//2242 2581//2581 2554//2554
f 2573//2573 2578//2578 2580//2580
f 2580//2580 2578//2578 2577//2577
f 2580//2580 2577//2577 2582//2582
f 2582//2582 2577//2577 2576//2576
f 2582//2582 2576//2576 2575//2575
f 2585//2585 2586//2586 2587//2587
f 2588//2588 2589//2589 2590//2590
f 2591//2591 2592//2592 2593//2593
f 2594//2594 2595//2595 2596//2596
f 2597//2597 2598//2598 2599//2599
f 2595//2595 2594//2594 2459//2459
f 2598//2598 2597//2597 2459//2459
f 2472//2472 2463//2463 2600//2600
f 2600//2600 2463//2463 2465//2465
f 2601//2601 2599//2599 2602//2602
f 2602//2602 2599//2599 2598//2598
f 2602//2602 2598//2598 2603//2603
f 2603//2603 2598//2598 2459//2459
f 2604//2604 2596//2596 2605//2605
f 2605//2605 2596//2596 2595//2595
f 2605//2605 2595//2595 2606//2606
f 2606//2606 2595//2595 2459//2459
f 2448//2448 2607//2607 2454//2454
f 2454//2454 2607//2607 2608//2608
f 2454//2454 2608//2608 2451//2451
f 2609//2609 2601//2601 2610//2610
f 2610//2610 2601//2601 2602//2602
f 2610//2610 2602//2602 2611//2611
f 2611//2611 2602//2602 2603//2603
f 2611//2611 2603//2603 2612//2612
f 2612//2612 2603//2603 2459//2459
f 2613//2613 2604//2604 2614//2614
f 2614//2614 2604//2604 2605//2605
f 2614//2614 2605//2605 2615//2615
f 2615//2615 2605//2605 2606//2606
f 2615//2615 2606//2606 2616//2616
f 2616//2616 2606//2606 2459//2459
f 2617//2617 2609//2609 2618//2618
f 2618//2618 2609//2609 2610//2610
f 2618//2618 2610//2610 2619//2619
f 2619//2619 2610//2610 2611//2611
f 2619//2619 2611//2611 2620//2620
f 2620//2620 2611//2611 2612//2612
f 2620//2620 2612//2612 2621//2621
f 2621//2621 2612//2612 2459//2459
f 2622//2622 2613//2613 2623//2623
f 2623//2623 2613//2613 2614//2614
f 2623//2623 2614//2614 2624//2624
f 2624//2624 2614//2614 2615//2615
f 2624//2624 2615//2615 2625//2625
f 2625//2625 2615//2615 2616//2616
f 2625//2625 2616//2616 2626//2626
f 2626//2626 2616//2616 2459//2459
f 2593//2593 2617//2617 2627//2627
f 2627//2627 2617//2617 2618//2618
f 2627//2627 2618//2618 2628//2628
f 2628//2628 2618//2618 2619//2619
f 2628//2628 2619//2619 2629//2629
f 2629//2629 2619//2619 2620//2620
f 2629//2629 2620//2620 2630//2630
f 2630//2630 2620//2620 2621//2621
f 2630//2630 2621//2621 2631//2631
f 2631//2631 2621//2621 2459//2459
f 2461//2461 2459//2459 2597//2597
f 2587//2587 2622//2622 2632//2632
f 2632//2632 2622//2622 2623//2623
f 2632//2632 2623//2623 2633//2633
f 2633//2633 2623//2623 2624//2624
f 2633//2633 2624//2624 2634//2634
f 2634//2634 2624//2624 2625//2625
f 2634//2634 2625//2625 2635//2635
f 2635//2635 2625//2625 2626//2626
f 2635//2635 2626//2626 2636//2636
f 2636//2636 2626//2626 2459//2459
f 2448//2448 2445//2445 2607//2607
f 2607//2607 2445//2445 2438//2438
f 2607//2607 2438//2438 2637//2637
f 2637//2637 2438//2438 2440//2440
f 2637//2637 2440//2440 2638//2638
f 2638//2638 2440//2440 2442//2442
f 2638//2638 2442//2442 2639//2639
f 2468//2468 2640//2640 2475//2475
f 2475//2475 2640//2640 2641//2641
f 2475//2475 2641//2641 2476//2476
f 2476//2476 2641//2641 2642//2642
f 2476//2476 2642//2642 2481//2481
f 2643//2643 2644//2644 2645//2645
f 2646//2646 2647//2647 2648//2648
f 2648//2648 2647//2647 2649//2649
f 2648//2648 2649//2649 2650//2650
f 2650//2650 2649//2649 2651//2651
f 2650//2650 2651//2651 2652//2652
f 2652//2652 2651//2651 2653//2653
f 2652//2652 2653//2653 2654//2654
f 2654//2654 2653//2653 2655//2655
f 2654//2654 2655//2655 2600//2600
f 2600//2600 2655//2655 2470//2470
f 2600//2600 2470//2470 2472//2472
f 2656//2656 2657//2657 2658//2658
f 2659//2659 2660//2660 2661//2661
f 2661//2661 2660//2660 2656//2656
f 2661//2661 2656//2656 2662//2662
f 2662//2662 2656//2656 2658//2658
f 2662//2662 2658//2658 2663//2663
f 2664//2664 2665//2665 2666//2666
f 2666//2666 2665//2665 2667//2667
f 2666//2666 2667//2667 2668//2668
f 2668//2668 2667//2667 2669//2669
f 2668//2668 2669//2669 2670//2670
f 2670//2670 2669//2669 2671//2671
f 2670//2670 2671//2671 2672//2672
f 2672//2672 2671//2671 2673//2673
f 2672//2672 2673//2673 2674//2674
f 2674//2674 2673//2673 2675//2675
f 2674//2674 2675//2675 2459//2459
f 2676//2676 2459//2459 2675//2675
f 2677//2677 2678//2678 2679//2679
f 2679//2679 2678//2678 2664//2664
f 2679//2679 2664//2664 2680//2680
f 2680//2680 2664//2664 2666//2666
f 2680//2680 2666//2666 2681//2681
f 2681//2681 2666//2666 2668//2668
f 2681//2681 2668//2668 2682//2682
f 2682//2682 2668//2668 2670//2670
f 2682//2682 2670//2670 2683//2683
f 2683//2683 2670//2670 2672//2672
f 2683//2683 2672//2672 2684//2684
f 2684//2684 2672//2672 2674//2674
f 2684//2684 2674//2674 2459//2459
f 2459//2459 2608//2608 2685//2685
f 2685//2685 2608//2608 2607//2607
f 2685//2685 2607//2607 2686//2686
f 2686//2686 2607//2607 2637//2637
f 2686//2686 2637//2637 2687//2687
f 2687//2687 2637//2637 2638//2638
f 2687//2687 2638//2638 2688//2688
f 2688//2688 2638//2638 2639//2639
f 2688//2688 2639//2639 2689//2689
f 2689//2689 2639//2639 2690//2690
f 2689//2689 2690//2690 2691//2691
f 2442//2442 2433//2433 2639//2639
f 2639//2639 2433//2433 2435//2435
f 2639//2639 2435//2435 2690//2690
f 2690//2690 2435//2435 2430//2430
f 2690//2690 2430//2430 2432//2432
f 2481//2481 2642//2642 2485//2485
f 2485//2485 2642//2642 2692//2692
f 2485//2485 2692//2692 2484//2484
f 2640//2640 2645//2645 2641//2641
f 2641//2641 2645//2645 2644//2644
f 2641//2641 2644//2644 2642//2642
f 2642//2642 2644//2644 2693//2693
f 2642//2642 2693//2693 2692//2692
f 2694//2694 2695//2695 2643//2643
f 2643//2643 2695//2695 2696//2696
f 2643//2643 2696//2696 2644//2644
f 2644//2644 2696//2696 2697//2697
f 2644//2644 2697//2697 2693//2693
f 2647//2647 2694//2694 2649//2649
f 2649//2649 2694//2694 2643//2643
f 2649//2649 2643//2643 2651//2651
f 2651//2651 2643//2643 2645//2645
f 2651//2651 2645//2645 2653//2653
f 2653//2653 2645//2645 2640//2640
f 2653//2653 2640//2640 2655//2655
f 2655//2655 2640//2640 2468//2468
f 2655//2655 2468//2468 2470//2470
f 2592//2592 2646//2646 2593//2593
f 2593//2593 2646//2646 2648//2648
f 2593//2593 2648//2648 2617//2617
f 2617//2617 2648//2648 2650//2650
f 2617//2617 2650//2650 2609//2609
f 2609//2609 2650//2650 2652//2652
f 2609//2609 2652//2652 2601//2601
f 2601//2601 2652//2652 2654//2654
f 2601//2601 2654//2654 2599//2599
f 2599//2599 2654//2654 2600//2600
f 2599//2599 2600//2600 2597//2597
f 2597//2597 2600//2600 2465//2465
f 2597//2597 2465//2465 2461//2461
f 2698//2698 2699//2699 2591//2591
f 2700//2700 2701//2701 2702//2702
f 2702//2702 2701//2701 2703//2703
f 2702//2702 2703//2703 2704//2704
f 2704//2704 2703//2703 2705//2705
f 2704//2704 2705//2705 2706//2706
f 2706//2706 2705//2705 2707//2707
f 2706//2706 2707//2707 2708//2708
f 2708//2708 2707//2707 2709//2709
f 2708//2708 2709//2709 2698//2698
f 2698//2698 2709//2709 2710//2710
f 2698//2698 2710//2710 2699//2699
f 2711//2711 2712//2712 2713//2713
f 2701//2701 2714//2714 2703//2703
f 2703//2703 2714//2714 2715//2715
f 2703//2703 2715//2715 2705//2705
f 2705//2705 2715//2715 2716//2716
f 2705//2705 2716//2716 2707//2707
f 2707//2707 2716//2716 2711//2711
f 2707//2707 2711//2711 2709//2709
f 2709//2709 2711//2711 2713//2713
f 2709//2709 2713//2713 2710//2710
f 2714//2714 2663//2663 2715//2715
f 2715//2715 2663//2663 2658//2658
f 2715//2715 2658//2658 2716//2716
f 2716//2716 2658//2658 2657//2657
f 2716//2716 2657//2657 2711//2711
f 2711//2711 2657//2657 2717//2717
f 2711//2711 2717//2717 2712//2712
f 2660//2660 2718//2718 2656//2656
f 2656//2656 2718//2718 2719//2719
f 2656//2656 2719//2719 2657//2657
f 2657//2657 2719//2719 2720//2720
f 2657//2657 2720//2720 2717//2717
f 2589//2589 2659//2659 2590//2590
f 2590//2590 2659//2659 2661//2661
f 2590//2590 2661//2661 2721//2721
f 2721//2721 2661//2661 2662//2662
f 2721//2721 2662//2662 2722//2722
f 2722//2722 2662//2662 2663//2663
f 2722//2722 2663//2663 2723//2723
f 2723//2723 2663//2663 2714//2714
f 2723//2723 2714//2714 2724//2724
f 2724//2724 2714//2714 2701//2701
f 2724//2724 2701//2701 2676//2676
f 2676//2676 2701//2701 2700//2700
f 2676//2676 2675//2675 2724//2724
f 2724//2724 2675//2675 2673//2673
f 2724//2724 2673//2673 2723//2723
f 2723//2723 2673//2673 2671//2671
f 2723//2723 2671//2671 2722//2722
f 2722//2722 2671//2671 2669//2669
f 2722//2722 2669//2669 2721//2721
f 2721//2721 2669//2669 2667//2667
f 2721//2721 2667//2667 2590//2590
f 2590//2590 2667//2667 2665//2665
f 2590//2590 2665//2665 2588//2588
f 2700//2700 2459//2459 2676//2676
f 2591//2591 2593//2593 2698//2698
f 2698//2698 2593//2593 2627//2627
f 2698//2698 2627//2627 2708//2708
f 2708//2708 2627//2627 2628//2628
f 2708//2708 2628//2628 2706//2706
f 2706//2706 2628//2628 2629//2629
f 2706//2706 2629//2629 2704//2704
f 2704//2704 2629//2629 2630//2630
f 2704//2704 2630//2630 2702//2702
f 2702//2702 2630//2630 2631//2631
f 2702//2702 2631//2631 2700//2700
f 2700//2700 2631//2631 2459//2459
f 2678//2678 2725//2725 2664//2664
f 2664//2664 2725//2725 2726//2726
f 2664//2664 2726//2726 2665//2665
f 2665//2665 2726//2726 2727//2727
f 2665//2665 2727//2727 2588//2588
f 2586//2586 2677//2677 2587//2587
f 2587//2587 2677//2677 2679//2679
f 2587//2587 2679//2679 2622//2622
f 2622//2622 2679//2679 2680//2680
f 2622//2622 2680//2680 2613//2613
f 2613//2613 2680//2680 2681//2681
f 2613//2613 2681//2681 2604//2604
f 2604//2604 2681//2681 2682//2682
f 2604//2604 2682//2682 2596//2596
f 2596//2596 2682//2682 2683//2683
f 2596//2596 2683//2683 2594//2594
f 2594//2594 2683//2683 2684//2684
f 2594//2594 2684//2684 2459//2459
f 2728//2728 2729//2729 2585//2585
f 2730//2730 2731//2731 2732//2732
f 2459//2459 2733//2733 2734//2734
f 2734//2734 2733//2733 2735//2735
f 2734//2734 2735//2735 2736//2736
f 2736//2736 2735//2735 2737//2737
f 2736//2736 2737//2737 2738//2738
f 2738//2738 2737//2737 2739//2739
f 2738//2738 2739//2739 2740//2740
f 2740//2740 2739//2739 2741//2741
f 2740//2740 2741//2741 2742//2742
f 2742//2742 2741//2741 2730//2730
f 2742//2742 2730//2730 2728//2728
f 2728//2728 2730//2730 2732//2732
f 2728//2728 2732//2732 2729//2729
f 2459//2459 2743//2743 2733//2733
f 2733//2733 2743//2743 2744//2744
f 2733//2733 2744//2744 2735//2735
f 2735//2735 2744//2744 2745//2745
f 2735//2735 2745//2745 2737//2737
f 2737//2737 2745//2745 2746//2746
f 2737//2737 2746//2746 2739//2739
f 2739//2739 2746//2746 2747//2747
f 2739//2739 2747//2747 2741//2741
f 2741//2741 2747//2747 2748//2748
f 2741//2741 2748//2748 2730//2730
f 2730//2730 2748//2748 2749//2749
f 2730//2730 2749//2749 2731//2731
f 2750//2750 2751//2751 2752//2752
f 2459//2459 2753//2753 2743//2743
f 2743//2743 2753//2753 2754//2754
f 2743//2743 2754//2754 2744//2744
f 2744//2744 2754//2754 2755//2755
f 2744//2744 2755//2755 2745//2745
f 2745//2745 2755//2755 2756//2756
f 2745//2745 2756//2756 2746//2746
f 2746//2746 2756//2756 2757//2757
f 2746//2746 2757//2757 2747//2747
f 2747//2747 2757//2757 2750//2750
f 2747//2747 2750//2750 2748//2748
f 2748//2748 2750//2750 2752//2752
f 2748//2748 2752//2752 2749//2749
f 2758//2758 2759//2759 2760//2760
f 2459//2459 2761//2761 2753//2753
f 2753//2753 2761//2761 2762//2762
f 2753//2753 2762//2762 2754//2754
f 2754//2754 2762//2762 2763//2763
f 2754//2754 2763//2763 2755//2755
f 2755//2755 2763//2763 2764//2764
f 2755//2755 2764//2764 2756//2756
f 2756//2756 2764//2764 2765//2765
f 2756//2756 2765//2765 2757//2757
f 2757//2757 2765//2765 2758//2758
f 2757//2757 2758//2758 2750//2750
f 2750//2750 2758//2758 2760//2760
f 2750//2750 2760//2760 2751//2751
f 2459//2459 2766//2766 2761//2761
f 2761//2761 2766//2766 2767//2767
f 2761//2761 2767//2767 2762//2762
f 2762//2762 2767//2767 2768//2768
f 2762//2762 2768//2768 2763//2763
f 2763//2763 2768//2768 2769//2769
f 2763//2763 2769//2769 2764//2764
f 2764//2764 2769//2769 2770//2770
f 2764//2764 2770//2770 2765//2765
f 2765//2765 2770//2770 2771//2771
f 2765//2765 2771//2771 2758//2758
f 2758//2758 2771//2771 2772//2772
f 2758//2758 2772//2772 2759//2759
f 2459//2459 2773//2773 2766//2766
f 2766//2766 2773//2773 2774//2774
f 2766//2766 2774//2774 2767//2767
f 2767//2767 2774//2774 2775//2775
f 2767//2767 2775//2775 2768//2768
f 2768//2768 2775//2775 2776//2776
f 2768//2768 2776//2776 2769//2769
f 2769//2769 2776//2776 2777//2777
f 2769//2769 2777//2777 2770//2770
f 2770//2770 2777//2777 2778//2778
f 2770//2770 2778//2778 2771//2771
f 2771//2771 2778//2778 2779//2779
f 2771//2771 2779//2779 2772//2772
f 2459//2459 2685//2685 2773//2773
f 2773//2773 2685//2685 2686//2686
f 2773//2773 2686//2686 2774//2774
f 2774//2774 2686//2686 2687//2687
f 2774//2774 2687//2687 2775//2775
f 2775//2775 2687//2687 2688//2688
f 2775//2775 2688//2688 2776//2776
f 2776//2776 2688//2688 2689//2689
f 2776//2776 2689//2689 2777//2777
f 2777//2777 2689//2689 2691//2691
f 2777//2777 2691//2691 2778//2778
f 2778//2778 2691//2691 2780//2780
f 2778//2778 2780//2780 2779//2779
f 2451//2451 2608//2608 2459//2459
f 2585//2585 2587//2587 2728//2728
f 2728//2728 2587//2587 2632//2632
f 2728//2728 2632//2632 2742//2742
f 2742//2742 2632//2632 2633//2633
f 2742//2742 2633//2633 2740//2740
f 2740//2740 2633//2633 2634//2634
f 2740//2740 2634//2634 2738//2738
f 2738//2738 2634//2634 2635//2635
f 2738//2738 2635//2635 2736//2736
f 2736//2736 2635//2635 2636//2636
f 2736//2736 2636//2636 2734//2734
f 2734//2734 2636//2636 2459//2459
f 2432//2432 2781//2781 2690//2690
f 2690//2690 2781//2781 2782//2782
f 2690//2690 2782//2782 2691//2691
f 2691//2691 2782//2782 2783//2783
f 2691//2691 2783//2783 2780//2780
f 2784//2784 2785//2785 2786//2786
f 2787//2787 2788//2788 2789//2789
f 2077//2077 2076//2076 2790//2790
f 2790//2790 2076//2076 2791//2791
f 2790//2790 2791//2791 2792//2792
f 2792//2792 2791//2791 2793//2793
f 2793//2793 2791//2791 2794//2794
f 2794//2794 2791//2791 2795//2795
f 2794//2794 2795//2795 2796//2796
f 2797//2797 2798//2798 2799//2799
f 2797//2797 2799//2799 2795//2795
f 2795//2795 2799//2799 2800//2800
f 2795//2795 2800//2800 2796//2796
f 2801//2801 2802//2802 2797//2797
f 2797//2797 2802//2802 2803//2803
f 2797//2797 2803//2803 2798//2798
f 2804//2804 2805//2805 2806//2806
f 2806//2806 2805//2805 2807//2807
f 2807//2807 2808//2808 2806//2806
f 2806//2806 2808//2808 2809//2809
f 2806//2806 2809//2809 2801//2801
f 2801//2801 2809//2809 2810//2810
f 2801//2801 2810//2810 2802//2802
f 2804//2804 2806//2806 2811//2811
f 2811//2811 2806//2806 2812//2812
f 2811//2811 2812//2812 2813//2813
f 2814//2814 2815//2815 2816//2816
f 2816//2816 2815//2815 2817//2817
f 2816//2816 2817//2817 2812//2812
f 2812//2812 2817//2817 2818//2818
f 2812//2812 2818//2818 2813//2813
f 2814//2814 2816//2816 2819//2819
f 2819//2819 2816//2816 2820//2820
f 2819//2819 2820//2820 2821//2821
f 2822//2822 2823//2823 2824//2824
f 2824//2824 2823//2823 2825//2825
f 2824//2824 2825//2825 2820//2820
f 2820//2820 2825//2825 2826//2826
f 2820//2820 2826//2826 2821//2821
f 2827//2827 2828//2828 2824//2824
f 2824//2824 2828//2828 2829//2829
f 2824//2824 2829//2829 2822//2822
f 2830//2830 2831//2831 2832//2832
f 2832//2832 2831//2831 2833//2833
f 2832//2832 2833//2833 2827//2827
f 2827//2827 2833//2833 2834//2834
f 2827//2827 2834//2834 2828//2828
f 2835//2835 2836//2836 2832//2832
f 2832//2832 2836//2836 2837//2837
f 2832//2832 2837//2837 2830//2830
f 2788//2788 2838//2838 2789//2789
f 2789//2789 2838//2838 2839//2839
f 2789//2789 2839//2839 2835//2835
f 2835//2835 2839//2839 2840//2840
f 2835//2835 2840//2840 2836//2836
f 2787//2787 2789//2789 2841//2841
f 2841//2841 2789//2789 2842//2842
f 2841//2841 2842//2842 2843//2843
f 2843//2843 2842//2842 2844//2844
f 2844//2844 2842//2842 2845//2845
f 2844//2844 2845//2845 2846//2846
f 2847//2847 2845//2845 2848//2848
f 2848//2848 2845//2845 2849//2849
f 2847//2847 2850//2850 2845//2845
f 2845//2845 2850//2850 2851//2851
f 2845//2845 2851//2851 2846//2846
f 2852//2852 2853//2853 2854//2854
f 2854//2854 2853//2853 2855//2855
f 2854//2854 2855//2855 2849//2849
f 2849//2849 2855//2855 2856//2856
f 2849//2849 2856//2856 2848//2848
f 2857//2857 2858//2858 2854//2854
f 2854//2854 2858//2858 2859//2859
f 2854//2854 2859//2859 2852//2852
f 2785//2785 2860//2860 2786//2786
f 2786//2786 2860//2860 2861//2861
f 2786//2786 2861//2861 2857//2857
f 2857//2857 2861//2861 2862//2862
f 2857//2857 2862//2862 2858//2858
f 2863//2863 2864//2864 2865//2865
f 2863//2863 2865//2865 2786//2786
f 2786//2786 2865//2865 2866//2866
f 2786//2786 2866//2866 2784//2784
f 2432//2432 2867//2867 2781//2781
f 2781//2781 2867//2867 2868//2868
f 2869//2869 2783//2783 2868//2868
f 2868//2868 2783//2783 2782//2782
f 2868//2868 2782//2782 2781//2781
f 2870//2870 2779//2779 2869//2869
f 2869//2869 2779//2779 2780//2780
f 2869//2869 2780//2780 2783//2783
f 2871//2871 2759//2759 2870//2870
f 2870//2870 2759//2759 2772//2772
f 2870//2870 2772//2772 2779//2779
f 2749//2749 2752//2752 2872//2872
f 2872//2872 2752//2752 2751//2751
f 2872//2872 2751//2751 2871//2871
f 2871//2871 2751//2751 2760//2760
f 2871//2871 2760//2760 2759//2759
f 2749//2749 2872//2872 2731//2731
f 2731//2731 2872//2872 2873//2873
f 2731//2731 2873//2873 2732//2732
f 2732//2732 2873//2873 2729//2729
f 2729//2729 2873//2873 2874//2874
f 2729//2729 2874//2874 2585//2585
f 2585//2585 2874//2874 2586//2586
f 2586//2586 2874//2874 2875//2875
f 2586//2586 2875//2875 2677//2677
f 2876//2876 2725//2725 2875//2875
f 2875//2875 2725//2725 2678//2678
f 2875//2875 2678//2678 2677//2677
f 2877//2877 2727//2727 2876//2876
f 2876//2876 2727//2727 2726//2726
f 2876//2876 2726//2726 2725//2725
f 2878//2878 2589//2589 2877//2877
f 2877//2877 2589//2589 2588//2588
f 2877//2877 2588//2588 2727//2727
f 2719//2719 2718//2718 2879//2879
f 2879//2879 2718//2718 2660//2660
f 2879//2879 2660//2660 2878//2878
f 2878//2878 2660//2660 2659//2659
f 2878//2878 2659//2659 2589//2589
f 2719//2719 2879//2879 2720//2720
f 2720//2720 2879//2879 2880//2880
f 2720//2720 2880//2880 2717//2717
f 2881//2881 2713//2713 2880//2880
f 2880//2880 2713//2713 2712//2712
f 2880//2880 2712//2712 2717//2717
f 2882//2882 2699//2699 2881//2881
f 2881//2881 2699//2699 2710//2710
f 2881//2881 2710//2710 2713//2713
f 2647//2647 2646//2646 2883//2883
f 2883//2883 2646//2646 2592//2592
f 2883//2883 2592//2592 2882//2882
f 2882//2882 2592//2592 2591//2591
f 2882//2882 2591//2591 2699//2699
f 2647//2647 2883//2883 2694//2694
f 2694//2694 2883//2883 2884//2884
f 2694//2694 2884//2884 2695//2695
f 2695//2695 2884//2884 2885//2885
f 2695//2695 2885//2885 2696//2696
f 2696//2696 2885//2885 2697//2697
f 2697//2697 2885//2885 2886//2886
f 2697//2697 2886//2886 2693//2693
f 2887//2887 2484//2484 2886//2886
f 2886//2886 2484//2484 2692//2692
f 2886//2886 2692//2692 2693//2693
f 2863//2863 2384//2384 2067//2067
f 2067//2067 2888//2888 2863//2863
f 2863//2863 2888//2888 2889//2889
f 2863//2863 2889//2889 2864//2864
f 2432//2432 2431//2431 2867//2867
f 2867//2867 2431//2431 2385//2385
f 2411//2411 2484//2484 2519//2519
f 2519//2519 2484//2484 2887//2887
f 2385//2385 2384//2384 2867//2867
f 2867//2867 2384//2384 2863//2863
f 2867//2867 2863//2863 2868//2868
f 2868//2868 2863//2863 2786//2786
f 2868//2868 2786//2786 2869//2869
f 2869//2869 2786//2786 2857//2857
f 2869//2869 2857//2857 2870//2870
f 2870//2870 2857//2857 2854//2854
f 2870//2870 2854//2854 2871//2871
f 2871//2871 2854//2854 2849//2849
f 2871//2871 2849//2849 2872//2872
f 2872//2872 2849//2849 2845//2845
f 2872//2872 2845//2845 2873//2873
f 2873//2873 2845//2845 2842//2842
f 2873//2873 2842//2842 2874//2874
f 2874//2874 2842//2842 2789//2789
f 2874//2874 2789//2789 2875//2875
f 2875//2875 2789//2789 2835//2835
f 2875//2875 2835//2835 2876//2876
f 2876//2876 2835//2835 2832//2832
f 2876//2876 2832//2832 2877//2877
f 2877//2877 2832//2832 2827//2827
f 2877//2877 2827//2827 2878//2878
f 2878//2878 2827//2827 2824//2824
f 2878//2878 2824//2824 2879//2879
f 2879//2879 2824//2824 2820//2820
f 2879//2879 2820//2820 2880//2880
f 2880//2880 2820//2820 2816//2816
f 2880//2880 2816//2816 2881//2881
f 2881//2881 2816//2816 2812//2812
f 2881//2881 2812//2812 2882//2882
f 2882//2882 2812//2812 2806//2806
f 2882//2882 2806//2806 2883//2883
f 2883//2883 2806//2806 2801//2801
f 2883//2883 2801//2801 2884//2884
f 2884//2884 2801//2801 2797//2797
f 2884//2884 2797//2797 2885//2885
f 2885//2885 2797//2797 2795//2795
f 2885//2885 2795//2795 2886//2886
f 2886//2886 2795//2795 2791//2791
f 2886//2886 2791//2791 2887//2887
f 2887//2887 2791//2791 2076//2076
f 2887//2887 2076//2076 2519//2519
f 2519//2519 2076//2076 2074//2074
f 2890//2890 1186//1186 1198//1198
f 2330//2330 2584//2584 2891//2891
f 2891//2891 2584//2584 2892//2892
f 1186//1186 2890//2890 2893//2893
f 2893//2893 2890//2890 2894//2894
f 2893//2893 2894//2894 2895//2895
f 2895//2895 2894//2894 2896//2896
f 2895//2895 2896//2896 2897//2897
f 2897//2897 2896//2896 2898//2898
f 2897//2897 2898//2898 2899//2899
f 2899//2899 2898//2898 2900//2900
f 2899//2899 2900//2900 2901//2901
f 2901//2901 2900//2900 2902//2902
f 2901//2901 2902//2902 2903//2903
f 2903//2903 2902//2902 2904//2904
f 2903//2903 2904//2904 2905//2905
f 2905//2905 2904//2904 2892//2892
f 2905//2905 2892//2892 2906//2906
f 2906//2906 2892//2892 2584//2584
f 2906//2906 2584//2584 2238//2238
f 2171//2171 2044//2044 2004//2004
f 455//455 2197//2197 424//424
f 424//424 2197//2197 425//425
f 425//425 2197//2197 2020//2020
f 2020//2020 2197//2197 2198//2198
f 2020//2020 2198//2198 2021//2021
f 2021//2021 2198//2198 2023//2023
f 2023//2023 2198//2198 2199//2199
f 2023//2023 2199//2199 2001//2001
f 2199//2199 2200//2200 2001//2001
f 2001//2001 2200//2200 2201//2201
f 2001//2001 2201//2201 2002//2002
f 2002//2002 2201//2201 2202//2202
f 2002//2002 2202//2202 2004//2004
f 2168//2168 2171//2171 2210//2210
f 2210//2210 2171//2171 2004//2004
f 2210//2210 2004//2004 2203//2203
f 2203//2203 2004//2004 2202//2202
f 497//497 1755//1755 498//498
f 498//498 1755//1755 1757//1757
f 498//498 1757//1757 2216//2216
f 2216//2216 1757//1757 1761//1761
f 2216//2216 1761//1761 2219//2219
f 2219//2219 1761//1761 1760//1760
f 2219//2219 1760//1760 2220//2220
f 2220//2220 1760//1760 1764//1764
f 2220//2220 1764//1764 2221//2221
f 2221//2221 1764//1764 1763//1763
f 2221//2221 1763//1763 2214//2214
f 1763//1763 1769//1769 2214//2214
f 2214//2214 1769//1769 1768//1768
f 2214//2214 1768//1768 2215//2215
f 2215//2215 1768//1768 1766//1766
f 2215//2215 1766//1766 2213//2213
f 2213//2213 1766//1766 1772//1772
f 2213//2213 1772//1772 2212//2212
f 2217//2217 2185//2185 2218//2218
f 2218//2218 2185//2185 2184//2184
f 2218//2218 2184//2184 2187//2187
f 1772//1772 1771//1771 2212//2212
f 2212//2212 1771//1771 1777//1777
f 2212//2212 1777//1777 2211//2211
f 2211//2211 1777//1777 1776//1776
f 2211//2211 1776//1776 2217//2217
f 2217//2217 1776//1776 2186//2186
f 2217//2217 2186//2186 2185//2185
f 2229//2229 2148//2148 2907//2907
f 2907//2907 2148//2148 2149//2149
f 2907//2907 2149//2149 2908//2908
f 2908//2908 2149//2149 2150//2150
f 2908//2908 2150//2150 2909//2909
f 2909//2909 2150//2150 2151//2151
f 2909//2909 2151//2151 2910//2910
f 2910//2910 2151//2151 2160//2160
f 2910//2910 2160//2160 2911//2911
f 2911//2911 2160//2160 2159//2159
f 2911//2911 2159//2159 2912//2912
f 2912//2912 2159//2159 2913//2913
f 2913//2913 2159//2159 2158//2158
f 2913//2913 2158//2158 2914//2914
f 2155//2155 2915//2915 2156//2156
f 2156//2156 2915//2915 2914//2914
f 2156//2156 2914//2914 2157//2157
f 2157//2157 2914//2914 2158//2158
f 1158//1158 1157//1157 2152//2152
f 2152//2152 1157//1157 2916//2916
f 2152//2152 2916//2916 2153//2153
f 2153//2153 2916//2916 2917//2917
f 2153//2153 2917//2917 2154//2154
f 2154//2154 2917//2917 2918//2918
f 2154//2154 2918//2918 2155//2155
f 2155//2155 2918//2918 2919//2919
f 2155//2155 2919//2919 2915//2915
f 2920//2920 2915//2915 2919//2919
f 2920//2920 2919//2919 2921//2921
f 2921//2921 2919//2919 2918//2918
f 2921//2921 2918//2918 2922//2922
f 2922//2922 2918//2918 2917//2917
f 2922//2922 2917//2917 2923//2923
f 2923//2923 2917//2917 2916//2916
f 2923//2923 2916//2916 2924//2924
f 2924//2924 2916//2916 1157//1157
f 2924//2924 1157//1157 546//546
f 2920//2920 2925//2925 2915//2915
f 2915//2915 2925//2925 2926//2926
f 2915//2915 2926//2926 2914//2914
f 2914//2914 2926//2926 2927//2927
f 2914//2914 2927//2927 2913//2913
f 2913//2913 2927//2927 2928//2928
f 2913//2913 2928//2928 2912//2912
f 2912//2912 2928//2928 2929//2929
f 2912//2912 2929//2929 2911//2911
f 2911//2911 2929//2929 2930//2930
f 2911//2911 2930//2930 2910//2910
f 2910//2910 2930//2930 2931//2931
f 2910//2910 2931//2931 2909//2909
f 2909//2909 2931//2931 2932//2932
f 2909//2909 2932//2932 2908//2908
f 2908//2908 2932//2932 2933//2933
f 2908//2908 2933//2933 2907//2907
f 2907//2907 2933//2933 2232//2232
f 2907//2907 2232//2232 2229//2229
f 2261//2261 2292//2292 2260//2260
f 2260//2260 2292//2292 2161//2161
f 2934//2934 2164//2164 2162//2162
f 2161//2161 2292//2292 2162//2162
f 2162//2162 2292//2292 2291//2291
f 2162//2162 2291//2291 2934//2934
f 2935//2935 2936//2936 2262//2262
f 2262//2262 2936//2936 2937//2937
f 2262//2262 2937//2937 2289//2289
f 2289//2289 2937//2937 2934//2934
f 2289//2289 2934//2934 2290//2290
f 2290//2290 2934//2934 2291//2291
f 714//714 713//713 2265//2265
f 2265//2265 713//713 2938//2938
f 2265//2265 2938//2938 2266//2266
f 2266//2266 2938//2938 2939//2939
f 2266//2266 2939//2939 2262//2262
f 2262//2262 2939//2939 2940//2940
f 2262//2262 2940//2940 2935//2935
f 2329//2329 2310//2310 2307//2307
f 2329//2329 2319//2319 2941//2941
f 545//545 717//717 2942//2942
f 2942//2942 717//717 2943//2943
f 2942//2942 2943//2943 2944//2944
f 2945//2945 2946//2946 2943//2943
f 2943//2943 2946//2946 2947//2947
f 2943//2943 2947//2947 2944//2944
f 2948//2948 2949//2949 2945//2945
f 2945//2945 2949//2949 2950//2950
f 2945//2945 2950//2950 2946//2946
f 2951//2951 2952//2952 2953//2953
f 2952//2952 2951//2951 2954//2954
f 2954//2954 2951//2951 2955//2955
f 2954//2954 2955//2955 2956//2956
f 2957//2957 2958//2958 2955//2955
f 2955//2955 2958//2958 2959//2959
f 2955//2955 2959//2959 2956//2956
f 2319//2319 2318//2318 2941//2941
f 2941//2941 2318//2318 2960//2960
f 2941//2941 2960//2960 2957//2957
f 2957//2957 2960//2960 2961//2961
f 2957//2957 2961//2961 2958//2958
f 2310//2310 2329//2329 2311//2311
f 2311//2311 2329//2329 2941//2941
f 2311//2311 2941//2941 2276//2276
f 2276//2276 2941//2941 2957//2957
f 2276//2276 2957//2957 2277//2277
f 2951//2951 2287//2287 2955//2955
f 2955//2955 2287//2287 2286//2286
f 2955//2955 2286//2286 2957//2957
f 2957//2957 2286//2286 2278//2278
f 2957//2957 2278//2278 2277//2277
f 2268//2268 2264//2264 2951//2951
f 2951//2951 2264//2264 2263//2263
f 2951//2951 2263//2263 2287//2287
f 2953//2953 2948//2948 2951//2951
f 2951//2951 2948//2948 2945//2945
f 2951//2951 2945//2945 2268//2268
f 2268//2268 2945//2945 2943//2943
f 2268//2268 2943//2943 2267//2267
f 2267//2267 2943//2943 2279//2279
f 2279//2279 2943//2943 717//717
f 2279//2279 717//717 718//718
f 546//546 545//545 2924//2924
f 2924//2924 545//545 2942//2942
f 2924//2924 2942//2942 2923//2923
f 2923//2923 2942//2942 2944//2944
f 2923//2923 2944//2944 2922//2922
f 2922//2922 2944//2944 2947//2947
f 2922//2922 2947//2947 2921//2921
f 2921//2921 2947//2947 2946//2946
f 2921//2921 2946//2946 2920//2920
f 2920//2920 2946//2946 2950//2950
f 2920//2920 2950//2950 2925//2925
f 2925//2925 2950//2950 2949//2949
f 2925//2925 2949//2949 2926//2926
f 2926//2926 2949//2949 2948//2948
f 2926//2926 2948//2948 2927//2927
f 2927//2927 2948//2948 2953//2953
f 2927//2927 2953//2953 2928//2928
f 2953//2953 2952//2952 2928//2928
f 2928//2928 2952//2952 2954//2954
f 2928//2928 2954//2954 2929//2929
f 2929//2929 2954//2954 2956//2956
f 2929//2929 2956//2956 2930//2930
f 2930//2930 2956//2956 2959//2959
f 2930//2930 2959//2959 2931//2931
f 2931//2931 2959//2959 2932//2932
f 2318//2318 2232//2232 2960//2960
f 2960//2960 2232//2232 2933//2933
f 2960//2960 2933//2933 2961//2961
f 2961//2961 2933//2933 2932//2932
f 2961//2961 2932//2932 2958//2958
f 2958//2958 2932//2932 2959//2959
f 1145//1145 1144//1144 2962//2962
f 2938//2938 713//713 1145//1145
f 1145//1145 2962//2962 2938//2938
f 2938//2938 2962//2962 2963//2963
f 2938//2938 2963//2963 2939//2939
f 2939//2939 2963//2963 2964//2964
f 2939//2939 2964//2964 2940//2940
f 2940//2940 2964//2964 2965//2965
f 2940//2940 2965//2965 2935//2935
f 2935//2935 2965//2965 2936//2936
f 2936//2936 2965//2965 2966//2966
f 2936//2936 2966//2966 2937//2937
f 2247//2247 2164//2164 2967//2967
f 2967//2967 2164//2164 2934//2934
f 2967//2967 2934//2934 2968//2968
f 2968//2968 2934//2934 2937//2937
f 2968//2968 2937//2937 2969//2969
f 2969//2969 2937//2937 2966//2966
f 1194//1194 147//147 146//146
f 1194//1194 146//146 1195//1195
f 1195//1195 146//146 1252//1252
f 1195//1195 1252//1252 1196//1196
f 1196//1196 1252//1252 1247//1247
f 1196//1196 1247//1247 1197//1197
f 1197//1197 1247//1247 1245//1245
f 1197//1197 1245//1245 1198//1198
f 2970//2970 2331//2331 2330//2330
f 2330//2330 2891//2891 2970//2970
f 2970//2970 2891//2891 2892//2892
f 2970//2970 2892//2892 2971//2971
f 2892//2892 2904//2904 2971//2971
f 2971//2971 2904//2904 2902//2902
f 2971//2971 2902//2902 2972//2972
f 2972//2972 2902//2902 2900//2900
f 2972//2972 2900//2900 2973//2973
f 2973//2973 2900//2900 2898//2898
f 2973//2973 2898//2898 2974//2974
f 2974//2974 2898//2898 2896//2896
f 2974//2974 2896//2896 2975//2975
f 2975//2975 2896//2896 2894//2894
f 2975//2975 2894//2894 2976//2976
f 2976//2976 2894//2894 2890//2890
f 2976//2976 2890//2890 1240//1240
f 1240//1240 2890//2890 1198//1198
f 1240//1240 1198//1198 1241//1241
f 1241//1241 1198//1198 1245//1245
f 2248//2248 2247//2247 2967//2967
f 2906//2906 2238//2238 2967//2967
f 2967//2967 2238//2238 2240//2240
f 2967//2967 2240//2240 2248//2248
f 2906//2906 2967//2967 2905//2905
f 2905//2905 2967//2967 2968//2968
f 2905//2905 2968//2968 2903//2903
f 2903//2903 2968//2968 2969//2969
f 2903//2903 2969//2969 2901//2901
f 2901//2901 2969//2969 2966//2966
f 2901//2901 2966//2966 2899//2899
f 1182//1182 1186//1186 2893//2893
f 2899//2899 2966//2966 2897//2897
f 2897//2897 2966//2966 2965//2965
f 2897//2897 2965//2965 2895//2895
f 2895//2895 2965//2965 2964//2964
f 2895//2895 2964//2964 2893//2893
f 2893//2893 2964//2964 2963//2963
f 2893//2893 2963//2963 1182//1182
f 1182//1182 2963//2963 2962//2962
f 1182//1182 2962//2962 1144//1144
f 2519//2519 2074//2074 2520//2520
f 2520//2520 2074//2074 2123//2123
f 2520//2520 2123//2123 2521//2521
f 2123//2123 2120//2120 2521//2521
f 2521//2521 2120//2120 2117//2117
f 2521//2521 2117//2117 2522//2522
f 2522//2522 2117//2117 2114//2114
f 2522//2522 2114//2114 2523//2523
f 2523//2523 2114//2114 2112//2112
f 2523//2523 2112//2112 2524//2524
f 2524//2524 2112//2112 2109//2109
f 2524//2524 2109//2109 2525//2525
f 2525//2525 2109//2109 2108//2108
f 2525//2525 2108//2108 2526//2526
f 2526//2526 2108//2108 2527//2527
f 2527//2527 2108//2108 2106//2106
f 2527//2527 2106//2106 2548//2548
f 2546//2546 2551//2551 2104//2104
f 2104//2104 2551//2551 2550//2550
f 2104//2104 2550//2550 2106//2106
f 2106//2106 2550//2550 2549//2549
f 2106//2106 2549//2549 2548//2548
f 2094//2094 2547//2547 2096//2096
f 2096//2096 2547//2547 2538//2538
f 2096//2096 2538//2538 2098//2098
f 2098//2098 2538//2538 2537//2537
f 2098//2098 2537//2537 2100//2100
f 2100//2100 2537//2537 2546//2546
f 2100//2100 2546//2546 2102//2102
f 2102//2102 2546//2546 2104//2104
f 2540//2540 2553//2553 2094//2094
f 2094//2094 2553//2553 2545//2545
f 2094//2094 2545//2545 2547//2547
f 2094//2094 2092//2092 2540//2540
f 2540//2540 2092//2092 2091//2091
f 2540//2540 2091//2091 2541//2541
f 2541//2541 2091//2091 2089//2089
f 2541//2541 2089//2089 2087//2087
f 2222//2222 2224//2224 2087//2087
f 2087//2087 2224//2224 2226//2226
f 2087//2087 2226//2226 2541//2541
f 2087//2087 2083//2083 2222//2222
f 2222//2222 2083//2083 2082//2082
f 2222//2222 2082//2082 2148//2148
f 2073//2073 2075//2075 2977//2977
f 2107//2107 2110//2110 1718//1718
f 2110//2110 2111//2111 1718//1718
f 1718//1718 2111//2111 2113//2113
f 1718//1718 2113//2113 2115//2115
f 2115//2115 2116//2116 1718//1718
f 1718//1718 2116//2116 2118//2118
f 1718//1718 2118//2118 2119//2119
f 2119//2119 2121//2121 1718//1718
f 1718//1718 2121//2121 2122//2122
f 1718//1718 2122//2122 2124//2124
f 1722//1722 2093//2093 1724//1724
f 1724//1724 2093//2093 2095//2095
f 2095//2095 2097//2097 1724//1724
f 1724//1724 2097//2097 2099//2099
f 1724//1724 2099//2099 2101//2101
f 1718//1718 1669//1669 2107//2107
f 2107//2107 1669//1669 1725//1725
f 2107//2107 1725//1725 2105//2105
f 2105//2105 1725//1725 1724//1724
f 2105//2105 1724//1724 2103//2103
f 2103//2103 1724//1724 2101//2101
f 1731//1731 2086//2086 1729//1729
f 1729//1729 2086//2086 2088//2088
f 1729//1729 2088//2088 1728//1728
f 1728//1728 2088//2088 2090//2090
f 1728//1728 2090//2090 1726//1726
f 1726//1726 2090//2090 2093//2093
f 1726//1726 2093//2093 1721//1721
f 1721//1721 2093//2093 1722//1722
f 1736//1736 2144//2144 2078//2078
f 1736//1736 2078//2078 1737//1737
f 1737//1737 2078//2078 2080//2080
f 1737//1737 2080//2080 1734//1734
f 1734//1734 2080//2080 2081//2081
f 1734//1734 2081//2081 1732//1732
f 1732//1732 2081//2081 2084//2084
f 1732//1732 2084//2084 1731//1731
f 1731//1731 2084//2084 2085//2085
f 1731//1731 2085//2085 2086//2086
f 2144//2144 1736//1736 2145//2145
f 2145//2145 1736//1736 1735//1735
f 2145//2145 1735//1735 2142//2142
f 2142//2142 1735//1735 1666//1666
f 2142//2142 1666//1666 2143//2143
f 2143//2143 1666//1666 1742//1742
f 2143//2143 1742//1742 2137//2137
f 2137//2137 1742//1742 1741//1741
f 2137//2137 1741//1741 2139//2139
f 1741//1741 1739//1739 2139//2139
f 2139//2139 1739//1739 1738//1738
f 2139//2139 1738//1738 2140//2140
f 2140//2140 1738//1738 1743//1743
f 2140//2140 1743//1743 2134//2134
f 2134//2134 1743//1743 1745//1745
f 2134//2134 1745//1745 2135//2135
f 2135//2135 1745//1745 1746//1746
f 2135//2135 1746//1746 2127//2127
f 2127//2127 1746//1746 1748//1748
f 2127//2127 1748//1748 2129//2129
f 2129//2129 1748//1748 1749//1749
f 2129//2129 1749//1749 2131//2131
f 1749//1749 1751//1751 2131//2131
f 2131//2131 1751//1751 1754//1754
f 2131//2131 1754//1754 2132//2132
f 2132//2132 1754//1754 1753//1753
f 380//380 375//375 1753//1753
f 1753//1753 375//375 374//374
f 1753//1753 374//374 2132//2132
f 2978//2978 2979//2979 1717//1717
f 2124//2124 2073//2073 1718//1718
f 1718//1718 2073//2073 2977//2977
f 1718//1718 2977//2977 1719//1719
f 1719//1719 2977//2977 2978//2978
f 1719//1719 2978//2978 1720//1720
f 1720//1720 2978//2978 1717//1717
f 2980//2980 1712//1712 2981//2981
f 2981//2981 1712//1712 1714//1714
f 2981//2981 1714//1714 2979//2979
f 2979//2979 1714//1714 1715//1715
f 2979//2979 1715//1715 1717//1717
f 2982//2982 2983//2983 1706//1706
f 1706//1706 1705//1705 2982//2982
f 2982//2982 1705//1705 1709//1709
f 2982//2982 1709//1709 2980//2980
f 2980//2980 1709//1709 1711//1711
f 2980//2980 1711//1711 1712//1712
f 2984//2984 1704//1704 2985//2985
f 2985//2985 1704//1704 1703//1703
f 2985//2985 1703//1703 2983//2983
f 2983//2983 1703//1703 1708//1708
f 2983//2983 1708//1708 1706//1706
f 2986//2986 1695//1695 1693//1693
f 2986//2986 1693//1693 2987//2987
f 1693//1693 1692//1692 2987//2987
f 2987//2987 1692//1692 1699//1699
f 2987//2987 1699//1699 2984//2984
f 2984//2984 1699//1699 1701//1701
f 2984//2984 1701//1701 1704//1704
f 1695//1695 2986//2986 1697//1697
f 1697//1697 2986//2986 2988//2988
f 1697//1697 2988//2988 1698//1698
f 1698//1698 2988//2988 2989//2989
f 1698//1698 2989//2989 1690//1690
f 2888//2888 2067//2067 2990//2990
f 2990//2990 2067//2067 2991//2991
f 1690//1690 2989//2989 1691//1691
f 1691//1691 2989//2989 2992//2992
f 1691//1691 2992//2992 1942//1942
f 1942//1942 2992//2992 2993//2993
f 1942//1942 2993//2993 1687//1687
f 1687//1687 2993//2993 2994//2994
f 1687//1687 2994//2994 1688//1688
f 1688//1688 2994//2994 2995//2995
f 1688//1688 2995//2995 1682//1682
f 1682//1682 2995//2995 2996//2996
f 1682//1682 2996//2996 1684//1684
f 1684//1684 2996//2996 2997//2997
f 1684//1684 2997//2997 1685//1685
f 1685//1685 2997//2997 2998//2998
f 1685//1685 2998//2998 1677//1677
f 1677//1677 2998//2998 2991//2991
f 1677//1677 2991//2991 1679//1679
f 1679//1679 2991//2991 2067//2067
f 1679//1679 2067//2067 1675//1675
f 2999//2999 3000//3000 3001//3001
f 3002//3002 3003//3003 3004//3004
f 3005//3005 3006//3006 3007//3007
f 3008//3008 3009//3009 3010//3010
f 3011//3011 3012//3012 3013//3013
f 3012//3012 3011//3011 3014//3014
f 2843//2843 2844//2844 3015//3015
f 2846//2846 2851//2851 3016//3016
f 2859//2859 2858//2858 3001//3001
f 2856//2856 2855//2855 3000//3000
f 3000//3000 2855//2855 2853//2853
f 3000//3000 2853//2853 3001//3001
f 3001//3001 2853//2853 2852//2852
f 3001//3001 2852//2852 2859//2859
f 2850//2850 2847//2847 3017//3017
f 3017//3017 2847//2847 2848//2848
f 2843//2843 3015//3015 2841//2841
f 2838//2838 2788//2788 3018//3018
f 3018//3018 2788//2788 2787//2787
f 2839//2839 3019//3019 2840//2840
f 2840//2840 3019//3019 3020//3020
f 2840//2840 3020//3020 2836//2836
f 3021//3021 2831//2831 3022//3022
f 3022//3022 2831//2831 2830//2830
f 3022//3022 2830//2830 2837//2837
f 3023//3023 2834//2834 2833//2833
f 3024//3024 2829//2829 3023//3023
f 3023//3023 2829//2829 2828//2828
f 3023//3023 2828//2828 2834//2834
f 2821//2821 2826//2826 3025//3025
f 3025//3025 2826//2826 2825//2825
f 3025//3025 2825//2825 3026//3026
f 3026//3026 2825//2825 2823//2823
f 3026//3026 2823//2823 2822//2822
f 3027//3027 2814//2814 3025//3025
f 3025//3025 2814//2814 2819//2819
f 3025//3025 2819//2819 2821//2821
f 3028//3028 2817//2817 2815//2815
f 2817//2817 3028//3028 2818//2818
f 2818//2818 3028//3028 3029//3029
f 2818//2818 3029//3029 2813//2813
f 2807//2807 2805//2805 3030//3030
f 3030//3030 2805//2805 2804//2804
f 3030//3030 2804//2804 3029//3029
f 3029//3029 2804//2804 2811//2811
f 3029//3029 2811//2811 2813//2813
f 2807//2807 3030//3030 2808//2808
f 2808//2808 3030//3030 3031//3031
f 2808//2808 3031//3031 2809//2809
f 2798//2798 2803//2803 3032//3032
f 3032//3032 2803//2803 2802//2802
f 3032//3032 2802//2802 3031//3031
f 3031//3031 2802//2802 2810//2810
f 3031//3031 2810//2810 2809//2809
f 3014//3014 2794//2794 3012//3012
f 3012//3012 2794//2794 2796//2796
f 3012//3012 2796//2796 2800//2800
f 3033//3033 3034//3034 3035//3035
f 3034//3034 3033//3033 3036//3036
f 3036//3036 3033//3033 3037//3037
f 3036//3036 3037//3037 3038//3038
f 3039//3039 3040//3040 3041//3041
f 3040//3040 3039//3039 3042//3042
f 3042//3042 3039//3039 3043//3043
f 3042//3042 3043//3043 3044//3044
f 3045//3045 3046//3046 3047//3047
f 3047//3047 3046//3046 3048//3048
f 3047//3047 3048//3048 3049//3049
f 3050//3050 3051//3051 3052//3052
f 3052//3052 3051//3051 3053//3053
f 3054//3054 3055//3055 3056//3056
f 3056//3056 3055//3055 3057//3057
f 3056//3056 3057//3057 3058//3058
f 3059//3059 3060//3060 3061//3061
f 3060//3060 3059//3059 3062//3062
f 3062//3062 3059//3059 2999//2999
f 3062//3062 2999//2999 3002//3002
f 3002//3002 2999//2999 3003//3003
f 3003//3003 2999//2999 3001//3001
f 3003//3003 3001//3001 3004//3004
f 3004//3004 3001//3001 2858//2858
f 3004//3004 2858//2858 3063//3063
f 3063//3063 2858//2858 2862//2862
f 3063//3063 2862//2862 2861//2861
f 2848//2848 2856//2856 3017//3017
f 3017//3017 2856//2856 3000//3000
f 3017//3017 3000//3000 3064//3064
f 3064//3064 3000//3000 2999//2999
f 3064//3064 2999//2999 3007//3007
f 3007//3007 2999//2999 3059//3059
f 3007//3007 3059//3059 3005//3005
f 3005//3005 3059//3059 3061//3061
f 2851//2851 2850//2850 3016//3016
f 3016//3016 2850//2850 3017//3017
f 3016//3016 3017//3017 3065//3065
f 3065//3065 3017//3017 3064//3064
f 3065//3065 3064//3064 3066//3066
f 3066//3066 3064//3064 3007//3007
f 3066//3066 3007//3007 3054//3054
f 3054//3054 3007//3007 3006//3006
f 3054//3054 3006//3006 3055//3055
f 3055//3055 3006//3006 3005//3005
f 2844//2844 2846//2846 3015//3015
f 3015//3015 2846//2846 3016//3016
f 3015//3015 3016//3016 3067//3067
f 3067//3067 3016//3016 3065//3065
f 3067//3067 3065//3065 3068//3068
f 3068//3068 3065//3065 3066//3066
f 3068//3068 3066//3066 3069//3069
f 3069//3069 3066//3066 3054//3054
f 3069//3069 3054//3054 3053//3053
f 3053//3053 3054//3054 3056//3056
f 3053//3053 3056//3056 3052//3052
f 3052//3052 3056//3056 3058//3058
f 2787//2787 2841//2841 3018//3018
f 3018//3018 2841//2841 3015//3015
f 3018//3018 3015//3015 3070//3070
f 3070//3070 3015//3015 3067//3067
f 3070//3070 3067//3067 3071//3071
f 3071//3071 3067//3067 3068//3068
f 3071//3071 3068//3068 3072//3072
f 3072//3072 3068//3068 3069//3069
f 3072//3072 3069//3069 3073//3073
f 3073//3073 3069//3069 3053//3053
f 3073//3073 3053//3053 3048//3048
f 3048//3048 3053//3053 3051//3051
f 3048//3048 3051//3051 3049//3049
f 3049//3049 3051//3051 3050//3050
f 2839//2839 2838//2838 3019//3019
f 3019//3019 2838//2838 3018//3018
f 3019//3019 3018//3018 3020//3020
f 3020//3020 3018//3018 3070//3070
f 3020//3020 3070//3070 3074//3074
f 3074//3074 3070//3070 3071//3071
f 3074//3074 3071//3071 3075//3075
f 3075//3075 3071//3071 3072//3072
f 3075//3075 3072//3072 3076//3076
f 3076//3076 3072//3072 3073//3073
f 3076//3076 3073//3073 3077//3077
f 3077//3077 3073//3073 3048//3048
f 3077//3077 3048//3048 3043//3043
f 3043//3043 3048//3048 3046//3046
f 3043//3043 3046//3046 3044//3044
f 3044//3044 3046//3046 3045//3045
f 2837//2837 2836//2836 3022//3022
f 3022//3022 2836//2836 3020//3020
f 3022//3022 3020//3020 3021//3021
f 3021//3021 3020//3020 3074//3074
f 3021//3021 3074//3074 3078//3078
f 3078//3078 3074//3074 3075//3075
f 3078//3078 3075//3075 3079//3079
f 3079//3079 3075//3075 3076//3076
f 3079//3079 3076//3076 3080//3080
f 3080//3080 3076//3076 3077//3077
f 3080//3080 3077//3077 3081//3081
f 3081//3081 3077//3077 3043//3043
f 3081//3081 3043//3043 3037//3037
f 3037//3037 3043//3043 3039//3039
f 3037//3037 3039//3039 3038//3038
f 3038//3038 3039//3039 3041//3041
f 2833//2833 2831//2831 3023//3023
f 3023//3023 2831//2831 3021//3021
f 3023//3023 3021//3021 3024//3024
f 3024//3024 3021//3021 3078//3078
f 3024//3024 3078//3078 3082//3082
f 3082//3082 3078//3078 3079//3079
f 3082//3082 3079//3079 3083//3083
f 3083//3083 3079//3079 3080//3080
f 3083//3083 3080//3080 3084//3084
f 3084//3084 3080//3080 3081//3081
f 3084//3084 3081//3081 3085//3085
f 3085//3085 3081//3081 3037//3037
f 3085//3085 3037//3037 3010//3010
f 3010//3010 3037//3037 3033//3033
f 3010//3010 3033//3033 3008//3008
f 3008//3008 3033//3033 3035//3035
f 2815//2815 2814//2814 3028//3028
f 3028//3028 2814//2814 3027//3027
f 3028//3028 3027//3027 3029//3029
f 3029//3029 3027//3027 3086//3086
f 3029//3029 3086//3086 3030//3030
f 3030//3030 3086//3086 3087//3087
f 3030//3030 3087//3087 3031//3031
f 3031//3031 3087//3087 3088//3088
f 3031//3031 3088//3088 3032//3032
f 3032//3032 3088//3088 3013//3013
f 3032//3032 3013//3013 2798//2798
f 2798//2798 3013//3013 3012//3012
f 2798//2798 3012//3012 2799//2799
f 2799//2799 3012//3012 2800//2800
f 2822//2822 2829//2829 3026//3026
f 3026//3026 2829//2829 3024//3024
f 3026//3026 3024//3024 3025//3025
f 3025//3025 3024//3024 3082//3082
f 3025//3025 3082//3082 3027//3027
f 3027//3027 3082//3082 3083//3083
f 3027//3027 3083//3083 3086//3086
f 3086//3086 3083//3083 3084//3084
f 3086//3086 3084//3084 3087//3087
f 3087//3087 3084//3084 3085//3085
f 3087//3087 3085//3085 3088//3088
f 3088//3088 3085//3085 3010//3010
f 3088//3088 3010//3010 3013//3013
f 3013//3013 3010//3010 3009//3009
f 3013//3013 3009//3009 3011//3011
f 3011//3011 3009//3009 3008//3008
f 3089//3089 3090//3090 3091//3091
f 3044//3044 3045//3045 3092//3092
f 3093//3093 3094//3094 3095//3095
f 2889//2889 2888//2888 2990//2990
f 3096//3096 2978//2978 2977//2977
f 2864//2864 3097//3097 2865//2865
f 2865//2865 3097//3097 3098//3098
f 2865//2865 3098//3098 2866//2866
f 2866//2866 3098//3098 2784//2784
f 3099//3099 3004//3004 3063//3063
f 2784//2784 3098//3098 2785//2785
f 2785//2785 3098//3098 3099//3099
f 2785//2785 3099//3099 2860//2860
f 2860//2860 3099//3099 3063//3063
f 2860//2860 3063//3063 2861//2861
f 3095//3095 3060//3060 3093//3093
f 3093//3093 3060//3060 3062//3062
f 3093//3093 3062//3062 3002//3002
f 3100//3100 3101//3101 3058//3058
f 3102//3102 3103//3103 3104//3104
f 3104//3104 3103//3103 3105//3105
f 3104//3104 3105//3105 3106//3106
f 3106//3106 3105//3105 3101//3101
f 3106//3106 3101//3101 3107//3107
f 3107//3107 3101//3101 3100//3100
f 3107//3107 3100//3100 3108//3108
f 3108//3108 3100//3100 3109//3109
f 3108//3108 3109//3109 3110//3110
f 3110//3110 3109//3109 3095//3095
f 3110//3110 3095//3095 3111//3111
f 3111//3111 3095//3095 3094//3094
f 3058//3058 3057//3057 3100//3100
f 3100//3100 3057//3057 3055//3055
f 3100//3100 3055//3055 3109//3109
f 3109//3109 3055//3055 3005//3005
f 3109//3109 3005//3005 3095//3095
f 3095//3095 3005//3005 3061//3061
f 3095//3095 3061//3061 3060//3060
f 3112//3112 3091//3091 3113//3113
f 3113//3113 3091//3091 3114//3114
f 3113//3113 3114//3114 3115//3115
f 3115//3115 3114//3114 3116//3116
f 3115//3115 3116//3116 3117//3117
f 3117//3117 3116//3116 3118//3118
f 3118//3118 3036//3036 3038//3038
f 2984//2984 3117//3117 3119//3119
f 3119//3119 3117//3117 3118//3118
f 3119//3119 3118//3118 3120//3120
f 3120//3120 3118//3118 3038//3038
f 3044//3044 3092//3092 3042//3042
f 3038//3038 3041//3041 3120//3120
f 3120//3120 3041//3041 3040//3040
f 3120//3120 3040//3040 3042//3042
f 3091//3091 3090//3090 3114//3114
f 3114//3114 3090//3090 3121//3121
f 3114//3114 3121//3121 3116//3116
f 3116//3116 3121//3121 3122//3122
f 3116//3116 3122//3122 3118//3118
f 3118//3118 3122//3122 3034//3034
f 3118//3118 3034//3034 3036//3036
f 2793//2793 3089//3089 2792//2792
f 2792//2792 3089//3089 3123//3123
f 2792//2792 3123//3123 2790//2790
f 2790//2790 3123//3123 3096//3096
f 2790//2790 3096//3096 2077//2077
f 2077//2077 3096//3096 2977//2977
f 2077//2077 2977//2977 2075//2075
f 3045//3045 3103//3103 3092//3092
f 3092//3092 3103//3103 3102//3102
f 3092//3092 3102//3102 3124//3124
f 3124//3124 3102//3102 2986//2986
f 3124//3124 2986//2986 2987//2987
f 3042//3042 3092//3092 3120//3120
f 3120//3120 3092//3092 3124//3124
f 3120//3120 3124//3124 3119//3119
f 3119//3119 3124//3124 2987//2987
f 3119//3119 2987//2987 2984//2984
f 3089//3089 3091//3091 3123//3123
f 3123//3123 3091//3091 3112//3112
f 3123//3123 3112//3112 3096//3096
f 3096//3096 3112//3112 2979//2979
f 3096//3096 2979//2979 2978//2978
f 2984//2984 2985//2985 3117//3117
f 3117//3117 2985//2985 2983//2983
f 3117//3117 2983//2983 3115//3115
f 3115//3115 2983//2983 2982//2982
f 3115//3115 2982//2982 3113//3113
f 3113//3113 2982//2982 2980//2980
f 3113//3113 2980//2980 3112//3112
f 3112//3112 2980//2980 2981//2981
f 3112//3112 2981//2981 2979//2979
f 2991//2991 3097//3097 2990//2990
f 2990//2990 3097//3097 2864//2864
f 2990//2990 2864//2864 2889//2889
f 2991//2991 3111//3111 3097//3097
f 3097//3097 3111//3111 3094//3094
f 3097//3097 3094//3094 3098//3098
f 3098//3098 3094//3094 3093//3093
f 3098//3098 3093//3093 3099//3099
f 3099//3099 3093//3093 3002//3002
f 3099//3099 3002//3002 3004//3004
f 2991//2991 2998//2998 3111//3111
f 3111//3111 2998//2998 2997//2997
f 3111//3111 2997//2997 3110//3110
f 3110//3110 2997//2997 2996//2996
f 3110//3110 2996//2996 3108//3108
f 3108//3108 2996//2996 2995//2995
f 3108//3108 2995//2995 3107//3107
f 2793//2793 2794//2794 3089//3089
f 3089//3089 2794//2794 3014//3014
f 3089//3089 3014//3014 3090//3090
f 3090//3090 3014//3014 3011//3011
f 3090//3090 3011//3011 3121//3121
f 3121//3121 3011//3011 3008//3008
f 3121//3121 3008//3008 3122//3122
f 3122//3122 3008//3008 3035//3035
f 3122//3122 3035//3035 3034//3034
f 3045//3045 3047//3047 3103//3103
f 3103//3103 3047//3047 3049//3049
f 3103//3103 3049//3049 3105//3105
f 3105//3105 3049//3049 3050//3050
f 3105//3105 3050//3050 3101//3101
f 3101//3101 3050//3050 3052//3052
f 3101//3101 3052//3052 3058//3058
f 2995//2995 2994//2994 3107//3107
f 3107//3107 2994//2994 2993//2993
f 3107//3107 2993//2993 3106//3106
f 3106//3106 2993//2993 2992//2992
f 3106//3106 2992//2992 3104//3104
f 3104//3104 2992//2992 2989//2989
f 3104//3104 2989//2989 3102//3102
f 3102//3102 2989//2989 2988//2988
f 3102//3102 2988//2988 2986//2986
f 2059//2059 2057//2057 3125//3125
f 3126//3126 3127//3127 3128//3128
f 3129//3129 3130//3130 3131//3131
f 3132//3132 3131//3131 3133//3133
f 1674//1674 1675//1675 2063//2063
f 3134//3134 3135//3135 3136//3136
f 3137//3137 3138//3138 3139//3139
f 3139//3139 3138//3138 2169//2169
f 3139//3139 2169//2169 2165//2165
f 2170//2170 3140//3140 2172//2172
f 2172//2172 3140//3140 2019//2019
f 2172//2172 2019//2019 2044//2044
f 2170//2170 2169//2169 3140//3140
f 3140//3140 2169//2169 3138//3138
f 3140//3140 3138//3138 3141//3141
f 3141//3141 3138//3138 3137//3137
f 3141//3141 3137//3137 3135//3135
f 3142//3142 2016//2016 2017//2017
f 3135//3135 3134//3134 3141//3141
f 3141//3141 3134//3134 3142//3142
f 3141//3141 3142//3142 3140//3140
f 3140//3140 3142//3142 2017//2017
f 3140//3140 2017//2017 2019//2019
f 2057//2057 2054//2054 3125//3125
f 3125//3125 2054//2054 3143//3143
f 3125//3125 3143//3143 3144//3144
f 3144//3144 3143//3143 3145//3145
f 3144//3144 3145//3145 3146//3146
f 3146//3146 3145//3145 3147//3147
f 3146//3146 3147//3147 3136//3136
f 3136//3136 3147//3147 3148//3148
f 3136//3136 3148//3148 3134//3134
f 3134//3134 3148//3148 3149//3149
f 3134//3134 3149//3149 3142//3142
f 3142//3142 3149//3149 2014//2014
f 3142//3142 2014//2014 2016//2016
f 2012//2012 3150//3150 2011//2011
f 2011//2011 3150//3150 3151//3151
f 2011//2011 3151//3151 2009//2009
f 3152//3152 3153//3153 3154//3154
f 3155//3155 3132//3132 3156//3156
f 3156//3156 3132//3132 3133//3133
f 3156//3156 3133//3133 3157//3157
f 3157//3157 3133//3133 3158//3158
f 3157//3157 3158//3158 3159//3159
f 3159//3159 3158//3158 3160//3160
f 3159//3159 3160//3160 3161//3161
f 3161//3161 3160//3160 3162//3162
f 3131//3131 3130//3130 3133//3133
f 3133//3133 3130//3130 3163//3163
f 3133//3133 3163//3163 3158//3158
f 3158//3158 3163//3163 3164//3164
f 3158//3158 3164//3164 3160//3160
f 3160//3160 3164//3164 3165//3165
f 3160//3160 3165//3165 3162//3162
f 1672//1672 1674//1674 3166//3166
f 3166//3166 1674//1674 2063//2063
f 3166//3166 2063//2063 3167//3167
f 3167//3167 2063//2063 2065//2065
f 3167//3167 2065//2065 3168//3168
f 3168//3168 2065//2065 2066//2066
f 2181//2181 2180//2180 3169//3169
f 2178//2178 1829//1829 3170//3170
f 3170//3170 1829//1829 1815//1815
f 3170//3170 1815//1815 3171//3171
f 3152//3152 3154//3154 3172//3172
f 3172//3172 3154//3154 3173//3173
f 3172//3172 3173//3173 3174//3174
f 3174//3174 3173//3173 3175//3175
f 3174//3174 3175//3175 3171//3171
f 3171//3171 3175//3175 3169//3169
f 3171//3171 3169//3169 3170//3170
f 3170//3170 3169//3169 2180//2180
f 3170//3170 2180//2180 2178//2178
f 1828//1828 3152//3152 1820//1820
f 1820//1820 3152//3152 3172//3172
f 1820//1820 3172//3172 1822//1822
f 1822//1822 3172//3172 3174//3174
f 1822//1822 3174//3174 1823//1823
f 1823//1823 3174//3174 3171//3171
f 1823//1823 3171//3171 1814//1814
f 1814//1814 3171//3171 1815//1815
f 2181//2181 3127//3127 2174//2174
f 2174//2174 3127//3127 3126//3126
f 2174//2174 3126//3126 2175//2175
f 3176//3176 3177//3177 3178//3178
f 3178//3178 3177//3177 3179//3179
f 3178//3178 3179//3179 3128//3128
f 3128//3128 3179//3179 3180//3180
f 3128//3128 3180//3180 3126//3126
f 3126//3126 3180//3180 3181//3181
f 3126//3126 3181//3181 2175//2175
f 2181//2181 3169//3169 3127//3127
f 3127//3127 3169//3169 3175//3175
f 3127//3127 3175//3175 3128//3128
f 3128//3128 3175//3175 3173//3173
f 3128//3128 3173//3173 3178//3178
f 3178//3178 3173//3173 3154//3154
f 3178//3178 3154//3154 3176//3176
f 3176//3176 3154//3154 3153//3153
f 3176//3176 3153//3153 3177//3177
f 2009//2009 3151//3151 2008//2008
f 2008//2008 3151//3151 3182//3182
f 2008//2008 3182//3182 2006//2006
f 2006//2006 3182//3182 3183//3183
f 2006//2006 3183//3183 2005//2005
f 2005//2005 3183//3183 2051//2051
f 2005//2005 2051//2051 1999//1999
f 2054//2054 2051//2051 3143//3143
f 3143//3143 2051//2051 3183//3183
f 3143//3143 3183//3183 3145//3145
f 3145//3145 3183//3183 3182//3182
f 3145//3145 3182//3182 3147//3147
f 3147//3147 3182//3182 3151//3151
f 3147//3147 3151//3151 3148//3148
f 3148//3148 3151//3151 3150//3150
f 3148//3148 3150//3150 3149//3149
f 3149//3149 3150//3150 2012//2012
f 3149//3149 2012//2012 2014//2014
f 3136//3136 3165//3165 3146//3146
f 3146//3146 3165//3165 3164//3164
f 3146//3146 3164//3164 3144//3144
f 3144//3144 3164//3164 3163//3163
f 3144//3144 3163//3163 3125//3125
f 3125//3125 3163//3163 3130//3130
f 3125//3125 3130//3130 2059//2059
f 2059//2059 3130//3130 3129//3129
f 2059//2059 3129//3129 2061//2061
f 2165//2165 2175//2175 3139//3139
f 3139//3139 2175//2175 3181//3181
f 3139//3139 3181//3181 3137//3137
f 3137//3137 3181//3181 3180//3180
f 3137//3137 3180//3180 3135//3135
f 3135//3135 3180//3180 3179//3179
f 3135//3135 3179//3179 3136//3136
f 3136//3136 3179//3179 3177//3177
f 3136//3136 3177//3177 3165//3165
f 3165//3165 3177//3177 3153//3153
f 3165//3165 3153//3153 3162//3162
f 3162//3162 3153//3153 3152//3152
f 3162//3162 3152//3152 3161//3161
f 3161//3161 3152//3152 1828//1828
f 3161//3161 1828//1828 3159//3159
f 3159//3159 1828//1828 1827//1827
f 3159//3159 1827//1827 3157//3157
f 3157//3157 1827//1827 1825//1825
f 3157//3157 1825//1825 3156//3156
f 3156//3156 1825//1825 1672//1672
f 3156//3156 1672//1672 3155//3155
f 3155//3155 1672//1672 3166//3166
f 3155//3155 3166//3166 3132//3132
f 3132//3132 3166//3166 3167//3167
f 3132//3132 3167//3167 3131//3131
f 3131//3131 3167//3167 3168//3168
f 3131//3131 3168//3168 3129//3129
f 3129//3129 3168//3168 2066//2066
f 3129//3129 2066//2066 2061//2061
f 2352//2352 2350//2350 2060//2060
f 2334//2334 2050//2050 2052//2052
f 2340//2340 2338//2338 2052//2052
f 2052//2052 2338//2338 2336//2336
f 2052//2052 2336//2336 2334//2334
f 2060//2060 2350//2350 2058//2058
f 2052//2052 2053//2053 2340//2340
f 2340//2340 2053//2053 2055//2055
f 2340//2340 2055//2055 2342//2342
f 2342//2342 2055//2055 2056//2056
f 2342//2342 2056//2056 2345//2345
f 2345//2345 2056//2056 2058//2058
f 2345//2345 2058//2058 2348//2348
f 2348//2348 2058//2058 2350//2350
f 2354//2354 3184//3184 2356//2356
f 2356//2356 3184//3184 3185//3185
f 3186//3186 2364//2364 3187//3187
f 3187//3187 2364//2364 2360//2360
f 3187//3187 2360//2360 3185//3185
f 3185//3185 2360//2360 2358//2358
f 3185//3185 2358//2358 2356//2356
f 2376//2376 2374//2374 3188//3188
f 3188//3188 2374//2374 2367//2367
f 3188//3188 2367//2367 3186//3186
f 3186//3186 2367//2367 2362//2362
f 3186//3186 2362//2362 2364//2364
f 2068//2068 2067//2067 2383//2383
f 2383//2383 2067//2067 2384//2384
f 2383//2383 2381//2381 2068//2068
f 2068//2068 2381//2381 2378//2378
f 2068//2068 2378//2378 2069//2069
f 2069//2069 2378//2378 2376//2376
f 2069//2069 2376//2376 2070//2070
f 2070//2070 2376//2376 3188//3188
f 2070//2070 3188//3188 2071//2071
f 2071//2071 3188//3188 3186//3186
f 2071//2071 3186//3186 2072//2072
f 2072//2072 3186//3186 3187//3187
f 2072//2072 3187//3187 2064//2064
f 2064//2064 3187//3187 3185//3185
f 2064//2064 3185//3185 2062//2062
f 2062//2062 3185//3185 3184//3184
f 2062//2062 3184//3184 2060//2060
f 2060//2060 3184//3184 2354//2354
f 2060//2060 2354//2354 2352//2352
f 2050//2050 2334//2334 2047//2047
f 2047//2047 2334//2334 2332//2332
f 2047//2047 2332//2332 2331//2331
f 2976//2976 1240//1240 1242//1242
f 2976//2976 1242//1242 2975//2975
f 2975//2975 1242//1242 2045//2045
f 2975//2975 2045//2045 2974//2974
f 2974//2974 2045//2045 2046//2046
f 2974//2974 2046//2046 2973//2973
f 2973//2973 2046//2046 2972//2972
f 2972//2972 2046//2046 2048//2048
f 2972//2972 2048//2048 2971//2971
f 2971//2971 2048//2048 2049//2049
f 2971//2971 2049//2049 2970//2970
f 2970//2970 2049//2049 2047//2047
f 2970//2970 2047//2047 2331//2331

