# https://github.com/mikedh/trimesh

o left_knee_link.STL
v 0.00193639 -0.24099405 0.03412032
v 0.00220442 -0.24000315 0.03425463
v 0.00293652 -0.23927777 0.03435265
v -0.01092753 -0.20715515 0.03871856
v -0.01755952 -0.20071366 0.03959612
v -0.01056147 -0.20679246 0.03876757
v -0.01721682 -0.19900723 0.03982745
v -0.01106153 -0.20765062 0.03865140
v -0.01106179 -0.21161430 0.03811361
v -0.01756430 -0.24926876 0.03300813
v -0.01092784 -0.21210976 0.03804631
v -0.01056185 -0.21247245 0.03799690
v 0.01744047 -0.20071453 0.03957711
v 0.01086237 -0.20727125 0.03869104
v 0.01064562 -0.20694977 0.03873477
v -0.01624120 -0.19756061 0.04002322
v -0.01478120 -0.19659401 0.04015357
v -0.01305909 -0.19625463 0.04019869
v -0.00206362 -0.24099420 0.03412247
v -0.00206379 -0.24282818 0.03387363
v -0.00252902 -0.24282816 0.03387389
v 0.00630416 -0.23553060 0.03485926
v 0.01043815 -0.21247230 0.03798559
v 0.00643811 -0.23602605 0.03479197
v 0.01743569 -0.24926963 0.03298913
v 0.00643797 -0.23802131 0.03452124
v 0.00630395 -0.23851678 0.03445409
v 0.00431670 -0.24371324 0.03375009
v 0.00593791 -0.23887949 0.03440508
v 0.00614836 -0.23871869 0.03442678
v 0.00293853 -0.20665960 0.03877830
v 0.00262106 -0.20170508 0.03945071
v 0.00993853 -0.20665956 0.03877454
v 0.00444640 -0.20132183 0.03950173
v 0.01032121 -0.20673497 0.03876409
v 0.01080420 -0.21210960 0.03803460
v 0.01093821 -0.21161413 0.03810175
v 0.01093847 -0.20765047 0.03863955
v 0.00595800 -0.20023786 0.03964799
v -0.00556209 -0.23901232 0.03439325
v -0.00358559 -0.24306025 0.03384296
v -0.00594477 -0.23893689 0.03440369
v -0.00444422 -0.24371304 0.03375485
v 0.00543790 -0.23901224 0.03438732
v 0.00345819 -0.24306041 0.03383914
v 0.00393651 -0.23901226 0.03438813
v 0.00240167 -0.24282828 0.03387120
v 0.00193620 -0.24282826 0.03387146
v 0.00217317 -0.20650874 0.03879919
v 0.00152436 -0.20607914 0.03885783
v 0.01022093 -0.19625521 0.04018606
v 0.01294090 -0.19625527 0.04018457
v -0.01033912 -0.19625470 0.04019722
v -0.00891949 -0.19655286 0.04015600
v -0.00774396 -0.19739600 0.04004096
v -0.00701465 -0.19863917 0.03987189
v -0.00607696 -0.20023756 0.03965452
v -0.01006146 -0.20665969 0.03878531
v -0.00456557 -0.20132160 0.03950661
v -0.00306146 -0.20665964 0.03878154
v -0.00132935 -0.20566870 0.03891505
v -0.00206144 -0.20639412 0.03881702
v -0.00221579 -0.24023576 0.03422545
v 0.00109086 -0.20543619 0.03894530
v 0.00093866 -0.20467776 0.03904828
v 0.00093883 -0.20220047 0.03938440
v -0.00274033 -0.20170495 0.03945362
v -0.00106117 -0.20220049 0.03938548
v -0.00106133 -0.20467779 0.03904936
v -0.00406349 -0.23901230 0.03439245
v -0.00329812 -0.23916318 0.03437156
v -0.00264929 -0.23959279 0.03431292
v -0.00306186 -0.21260516 0.03797484
v -0.00556184 -0.23503523 0.03493287
v -0.01006186 -0.21260522 0.03797862
v -0.00594670 -0.23511155 0.03492272
v 0.00614191 -0.23532207 0.03488764
v 0.00593816 -0.23516789 0.03490866
v 0.00993814 -0.21260507 0.03796785
v 0.00543817 -0.23503514 0.03492695
v 0.00293814 -0.21260512 0.03797162
v 0.00293665 -0.23503515 0.03492829
v 0.01466294 -0.19659474 0.04013758
v 0.01612275 -0.19756141 0.04000564
v 0.01709809 -0.19900808 0.03980883
v -0.00656202 -0.23802140 0.03452823
v -0.00648594 -0.23840062 0.03447675
v -0.01624660 -0.25242189 0.03257960
v -0.01722193 -0.25097522 0.03277641
v -0.00494401 -0.24466422 0.03362607
v 0.00481631 -0.24466446 0.03362077
v 0.01709297 -0.25097606 0.03275777
v 0.01611736 -0.25242269 0.03256202
v 0.00918467 -0.25372857 0.03238859
v 0.00812816 -0.25349644 0.03242065
v 0.00726965 -0.25284359 0.03250969
v 0.00217131 -0.23488431 0.03494917
v 0.00152248 -0.23445469 0.03500781
v 0.00880124 -0.19655329 0.04014637
v 0.00762556 -0.19739638 0.04003261
v 0.00689599 -0.19863953 0.03986434
v -0.00229650 -0.21275601 0.03795396
v -0.00164769 -0.21318561 0.03789532
v -0.00627229 -0.23532876 0.03489342
v -0.00648844 -0.23565343 0.03484949
v -0.00656190 -0.23602615 0.03479895
v -0.00626918 -0.23872210 0.03443301
v -0.00689917 -0.25189206 0.03264644
v -0.00739896 -0.25284323 0.03251766
v -0.00825760 -0.25349605 0.03242954
v 0.00677003 -0.25189239 0.03263903
v 0.01293525 -0.25372866 0.03238654
v 0.01465736 -0.25338927 0.03243167
v 0.00120602 -0.21359605 0.03783809
v 0.00193812 -0.21287064 0.03793612
v 0.00093800 -0.21458697 0.03770380
v 0.00093680 -0.23305333 0.03519826
v 0.00108898 -0.23381174 0.03509528
v -0.00164909 -0.23445472 0.03500952
v -0.00229797 -0.23488434 0.03495158
v -0.00121550 -0.23381177 0.03509652
v -0.00306334 -0.23503520 0.03493151
v -0.00106321 -0.23305334 0.03519934
v -0.00106198 -0.21458699 0.03770487
v -0.00121419 -0.21382858 0.03780785
v -0.00931416 -0.25372812 0.03239863
v -0.01306474 -0.25372803 0.03240066
v -0.01478679 -0.25338855 0.03244765
v 0.01022179 -0.19596142 0.04173965
v 0.01294176 -0.19596149 0.04173819
v 0.01022126 -0.19582698 0.04074874
v 0.01294122 -0.19582704 0.04074726
v 0.01022201 -0.19652410 0.04216790
v 0.01294198 -0.19652417 0.04216642
v 0.00240189 -0.24339096 0.03429944
v 0.00240242 -0.24352542 0.03529036
v -0.00252880 -0.24339084 0.03430212
v -0.00252827 -0.24352530 0.03529304
v 0.00345926 -0.24332930 0.03582097
v 0.00431777 -0.24398214 0.03573193
v 0.01744154 -0.20098342 0.04155895
v 0.01743676 -0.24953854 0.03497097
v 0.00481737 -0.24493337 0.03560260
v 0.01709405 -0.25124496 0.03473961
v -0.01755846 -0.20098257 0.04157795
v -0.01756323 -0.24953766 0.03498996
v -0.00494295 -0.24493313 0.03560790
v 0.00727072 -0.25311249 0.03449153
v 0.00812922 -0.25376534 0.03440249
v 0.00677111 -0.25216129 0.03462087
v 0.00918575 -0.25399747 0.03437043
v 0.01293632 -0.25399756 0.03436838
v 0.01465842 -0.25365818 0.03441351
v 0.01611844 -0.25269160 0.03454387
v -0.00931310 -0.25399700 0.03438047
v -0.00825653 -0.25376493 0.03441139
v -0.00739790 -0.25311214 0.03449949
v -0.01722087 -0.25124413 0.03475825
v -0.01624553 -0.25269079 0.03456144
v -0.01478572 -0.25365746 0.03442949
v -0.01306368 -0.25399691 0.03438251
v -0.00689810 -0.25216094 0.03462828
v 0.00880230 -0.19682220 0.04212822
v 0.00762662 -0.19766527 0.04201445
v 0.00689706 -0.19890842 0.04184617
v -0.01305803 -0.19652353 0.04218053
v -0.01478012 -0.19686291 0.04213541
v -0.01624014 -0.19782951 0.04200505
v -0.00456451 -0.20159049 0.04148845
v -0.00607590 -0.20050646 0.04163636
v -0.00701359 -0.19890808 0.04185373
v -0.00774289 -0.19766490 0.04202280
v -0.00444314 -0.24398193 0.03573669
v -0.00358452 -0.24332912 0.03582481
v -0.00252796 -0.24309707 0.03585572
v -0.01721575 -0.19927612 0.04180930
v -0.01033806 -0.19652359 0.04217905
v -0.00891841 -0.19682175 0.04213784
v 0.01612382 -0.19783029 0.04198748
v 0.01466401 -0.19686364 0.04211942
v 0.01709916 -0.19927697 0.04179067
v 0.00595905 -0.20050675 0.04162982
v 0.00444746 -0.20159073 0.04148357
v 0.00240275 -0.24309719 0.03585304
v 0.00262212 -0.20197397 0.04143255
v -0.00273925 -0.20197384 0.04143546
v -0.01033881 -0.19582646 0.04075989
v -0.01305877 -0.19582640 0.04076138
v -0.01033828 -0.19596091 0.04175082
v -0.01305825 -0.19596083 0.04175229
v -0.00931395 -0.25429079 0.03282687
v -0.00931342 -0.25442526 0.03381778
v -0.01306452 -0.25429070 0.03282890
v -0.01306399 -0.25442514 0.03381982
v 0.01293547 -0.25429136 0.03281478
v 0.01293600 -0.25442579 0.03380570
v 0.00918489 -0.25429124 0.03281682
v 0.00918542 -0.25442570 0.03380774
v -0.01806404 -0.24933597 0.03350386
v -0.01806351 -0.24947044 0.03449478
v -0.01805926 -0.20078088 0.04009185
v -0.01805873 -0.20091532 0.04108277
v 0.01794073 -0.20078176 0.04007230
v 0.01794126 -0.20091620 0.04106322
v 0.01793595 -0.24933687 0.03348431
v 0.01793648 -0.24947132 0.03447523
v -0.00446079 -0.24485970 0.03410387
v -0.00446026 -0.24499415 0.03509477
v -0.00641595 -0.25208750 0.03312424
v -0.00641542 -0.25222197 0.03411516
v 0.00628733 -0.25208783 0.03311735
v 0.00628786 -0.25222227 0.03410826
v 0.00433359 -0.24485992 0.03409909
v 0.00433413 -0.24499436 0.03509001
v 0.00791759 -0.25414714 0.03384622
v 0.00791706 -0.25401270 0.03285530
v 0.00688739 -0.25336373 0.03395307
v 0.00688686 -0.25322929 0.03296214
v -0.00701518 -0.25336340 0.03396062
v -0.00701571 -0.25322893 0.03296969
v -0.00804553 -0.25414675 0.03385489
v -0.00804607 -0.25401229 0.03286397
v 0.00324764 -0.24371111 0.03526471
v 0.00324711 -0.24357666 0.03427378
v 0.00393444 -0.24423338 0.03519347
v 0.00393391 -0.24409895 0.03420255
v -0.00406042 -0.24423319 0.03519781
v -0.00406096 -0.24409874 0.03420689
v -0.00337352 -0.24371095 0.03526830
v -0.00337406 -0.24357651 0.03427738
v 0.01484892 -0.25391424 0.03286492
v 0.01484945 -0.25404871 0.03385585
v 0.01647114 -0.25284025 0.03300976
v 0.01647167 -0.25297472 0.03400068
v 0.01755517 -0.25123289 0.03322726
v 0.01755570 -0.25136736 0.03421818
v -0.01768363 -0.25123203 0.03324639
v -0.01768310 -0.25136650 0.03423731
v -0.01659992 -0.25283945 0.03302772
v -0.01659938 -0.25297391 0.03401864
v -0.01497791 -0.25391352 0.03288111
v -0.01497738 -0.25404796 0.03387202
v 0.01485513 -0.19633867 0.04168596
v 0.01485460 -0.19620423 0.04069505
v 0.01647715 -0.19741274 0.04153936
v 0.01647662 -0.19727829 0.04054845
v 0.01756085 -0.19902015 0.04132069
v 0.01756032 -0.19888571 0.04032977
v -0.01767793 -0.19901928 0.04133982
v -0.01767848 -0.19888484 0.04034889
v -0.01659392 -0.19741192 0.04155732
v -0.01659445 -0.19727747 0.04056640
v -0.01497170 -0.19633794 0.04170216
v -0.01497223 -0.19620350 0.04071124
v -0.00274000 -0.20127670 0.04001630
v -0.00273947 -0.20141116 0.04100722
v 0.00262138 -0.20127684 0.04001339
v 0.00262191 -0.20141129 0.04100432
v 0.00424389 -0.20093617 0.04005875
v 0.00424444 -0.20107062 0.04104966
v 0.00558754 -0.19997264 0.04018874
v 0.00558807 -0.20010708 0.04117966
v 0.00642131 -0.19855191 0.04038107
v 0.00642186 -0.19868635 0.04137198
v -0.00653940 -0.19855158 0.04038810
v -0.00653887 -0.19868603 0.04137902
v -0.00570592 -0.19997236 0.04019488
v -0.00570537 -0.20010681 0.04118580
v -0.00436245 -0.20093596 0.04006341
v -0.00436192 -0.20107041 0.04105433
v 0.00725563 -0.19726562 0.04156430
v 0.00725510 -0.19713117 0.04057338
v 0.00859928 -0.19630209 0.04169430
v 0.00859873 -0.19616765 0.04070339
v -0.00871582 -0.19630165 0.04170370
v -0.00871637 -0.19616722 0.04071279
v -0.00737238 -0.19726525 0.04157224
v -0.00737291 -0.19713081 0.04058133
v 0.00047188 -0.23728445 0.01883407
v 0.00097838 -0.23707639 0.01886068
v 0.00219598 -0.23789996 0.01875364
v 0.00292807 -0.23717396 0.01884703
v 0.00174708 -0.23631404 0.01895875
v 0.00392808 -0.23690820 0.01888081
v 0.00202848 -0.23527268 0.01909313
v 0.00542950 -0.23690821 0.01888000
v 0.00174721 -0.23423131 0.01922780
v 0.00216292 -0.23277669 0.01941549
v 0.00292828 -0.23292767 0.01939558
v -0.00217152 -0.23527271 0.01909539
v -0.00189023 -0.23631407 0.01896071
v -0.00331964 -0.23705395 0.01886589
v 0.00542976 -0.23292765 0.01939422
v 0.00580588 -0.23300047 0.01938462
v 0.00613350 -0.23321484 0.01935675
v -0.00407192 -0.23690826 0.01888512
v -0.00657044 -0.23591650 0.01901459
v -0.00189010 -0.23423134 0.01922976
v -0.00657031 -0.23391950 0.01927257
v 0.00613996 -0.23661439 0.01891758
v 0.00581437 -0.23683180 0.01888967
v 0.00635611 -0.23628946 0.01895945
v 0.00642957 -0.23591641 0.01900759
v 0.00642968 -0.23391943 0.01926557
v 0.00635269 -0.23353773 0.01931492
v -0.00112163 -0.23707640 0.01886181
v -0.00222603 -0.23812847 0.01872650
v -0.00266441 -0.23748265 0.01881016
v -0.00207368 -0.25609311 0.01640567
v -0.00207206 -0.23889187 0.01862779
v -0.00007164 -0.23735543 0.01882520
v -0.00061516 -0.23728447 0.01883466
v 0.00174984 -0.20646150 0.02281522
v 0.00293058 -0.20452753 0.02306443
v 0.00203112 -0.20750287 0.02268054
v 0.00293001 -0.21047820 0.02229570
v 0.00174971 -0.20854424 0.02254617
v -0.00595511 -0.23300412 0.01939049
v -0.00557025 -0.23292772 0.01940015
v -0.00628070 -0.23322153 0.01936259
v -0.00649685 -0.23354647 0.01932073
v -0.00627424 -0.23662110 0.01892341
v -0.00649343 -0.23629820 0.01896524
v -0.00594664 -0.23683544 0.01889554
v -0.00557050 -0.23690827 0.01888593
v -0.00177372 -0.25645810 0.01635835
v 0.00162628 -0.25645816 0.01635652
v 0.00192632 -0.25609320 0.01640349
v 0.00192795 -0.23889172 0.01862565
v 0.00241204 -0.21054579 0.02228724
v 0.00098100 -0.20930658 0.02244810
v 0.00192966 -0.21074395 0.02226190
v 0.00047452 -0.20951465 0.02242149
v 0.00119757 -0.21146999 0.02216851
v -0.00006901 -0.20958562 0.02241261
v 0.00092955 -0.21246177 0.02204053
v 0.00092842 -0.23064749 0.01969122
v -0.00122264 -0.21170272 0.02213974
v -0.00165614 -0.21105920 0.02222311
v -0.00133783 -0.20353578 0.02319484
v 0.00098123 -0.20569918 0.02291412
v 0.00047477 -0.20549111 0.02294127
v -0.00307173 -0.23292771 0.01939881
v -0.00230635 -0.23277672 0.01941790
v -0.00112140 -0.23346899 0.01932784
v -0.00165746 -0.23234673 0.01947310
v -0.00061491 -0.23326093 0.01935443
v -0.00006874 -0.20542015 0.02295073
v -0.00061227 -0.20549113 0.02294186
v -0.00206992 -0.20426182 0.02310145
v -0.00111876 -0.20569919 0.02291525
v -0.00306942 -0.20452757 0.02306765
v -0.00107044 -0.21246178 0.02204160
v -0.00188746 -0.20646153 0.02281718
v -0.00216888 -0.20750290 0.02268281
v -0.00306999 -0.21047825 0.02229892
v -0.00188759 -0.20854427 0.02254813
v -0.00230495 -0.21062922 0.02227900
v -0.00111899 -0.20930660 0.02244923
v -0.00061252 -0.20951465 0.02242208
v -0.00106963 -0.19956866 0.02370719
v 0.00093036 -0.19956864 0.02370611
v -0.00106981 -0.20254399 0.02332282
v 0.00093018 -0.20254399 0.02332175
v 0.00108238 -0.20330305 0.02322361
v 0.00151588 -0.20394656 0.02314024
v 0.00216470 -0.20437653 0.02308434
v 0.00151410 -0.23234671 0.01947140
v 0.00097861 -0.23346899 0.01932669
v 0.00108060 -0.23170319 0.01955476
v 0.00047213 -0.23326093 0.01935386
v -0.00007138 -0.23318996 0.01936331
v -0.00107158 -0.23064750 0.01969231
v -0.00107160 -0.23094414 0.01965397
v 0.00092841 -0.23094413 0.01965291
v -0.00122388 -0.23170322 0.01955600
v 0.00143719 -0.24416383 0.03572686
v 0.00143707 -0.24380626 0.03549850
v -0.00156280 -0.24416377 0.03572851
v -0.00156294 -0.24380618 0.03550015
v -0.00163805 -0.24417810 0.03572539
v -0.00175100 -0.24384204 0.03549234
v -0.00191482 -0.24394757 0.03546917
v -0.00170357 -0.24422030 0.03571611
v -0.00202446 -0.24410653 0.03543417
v -0.00174742 -0.24428390 0.03570212
v -0.00206301 -0.24429445 0.03539276
v -0.00176284 -0.24435905 0.03568555
v 0.00163716 -0.24435915 0.03568368
v 0.00162176 -0.24428397 0.03570027
v 0.00157794 -0.24422039 0.03571431
v -0.00176300 -0.24550867 0.03543204
v 0.00163700 -0.24550876 0.03543018
v 0.00151242 -0.24417816 0.03572366
v 0.00162514 -0.24384212 0.03549050
v 0.00178893 -0.24394765 0.03546713
v 0.00189851 -0.24410662 0.03543203
v 0.00193700 -0.24429455 0.03539056
v 0.00993720 -0.20632343 0.03629723
v 0.01031988 -0.20639884 0.03628679
v 0.01064428 -0.20661366 0.03625748
v 0.01086104 -0.20693512 0.03621374
v 0.01093714 -0.20731433 0.03616225
v 0.01093687 -0.21127802 0.03562446
v 0.01080286 -0.21177347 0.03555730
v 0.01043682 -0.21213618 0.03550828
v 0.00993681 -0.21226895 0.03549054
v 0.00143615 -0.24342954 0.03379015
v -0.00156386 -0.24342947 0.03379178
v -0.01006319 -0.21226910 0.03550131
v -0.01056318 -0.21213633 0.03551960
v -0.01092919 -0.21177363 0.03556900
v -0.01106312 -0.21127817 0.03563630
v -0.01106286 -0.20731449 0.03617409
v -0.01092886 -0.20681904 0.03624125
v -0.01056280 -0.20645633 0.03629027
v -0.01006279 -0.20632356 0.03630801
v -0.00176359 -0.24684341 0.03441880
v 0.00163641 -0.24684350 0.03441695
v 0.00163677 -0.24628736 0.03507009
v -0.00176322 -0.24628729 0.03507195
v -0.00206391 -0.24392660 0.03372459
v -0.00202583 -0.24373636 0.03375039
v -0.00191742 -0.24357507 0.03377221
v -0.00175520 -0.24346730 0.03378675
v -0.00206317 -0.24544406 0.03513925
v -0.00206366 -0.24657859 0.03427799
v -0.00206336 -0.24610588 0.03483317
v 0.00193683 -0.24544416 0.03513705
v 0.00193665 -0.24610598 0.03483098
v 0.00193633 -0.24657869 0.03427581
v 0.00162748 -0.24346739 0.03378490
v 0.00178969 -0.24357516 0.03377019
v 0.00189805 -0.24373645 0.03374825
v 0.00193610 -0.24392670 0.03372242
v -0.00615012 -0.20632353 0.03630589
v -0.00306286 -0.21226904 0.03549755
v -0.00306227 -0.20632352 0.03630424
v 0.00293714 -0.21226899 0.03549431
v 0.00293772 -0.20632347 0.03630100
v 0.00673680 -0.20632344 0.03629896
v -0.00106140 -0.20163779 0.03895724
v 0.00093860 -0.20163779 0.03895617
v -0.00007209 -0.23724069 0.01797948
v 0.00097793 -0.23696187 0.01801674
v 0.00174662 -0.23620020 0.01811966
v 0.00202803 -0.23515974 0.01826069
v 0.00174677 -0.23411927 0.01840202
v 0.00097815 -0.23335759 0.01850577
v -0.00112208 -0.23696190 0.01801787
v -0.00189068 -0.23620023 0.01812162
v -0.00217196 -0.23515977 0.01826296
v -0.00189055 -0.23411930 0.01840398
v -0.00112184 -0.23335761 0.01850690
v -0.00007182 -0.23307882 0.01854417
v -0.00007196 -0.23515975 0.01826182
v -0.00006936 -0.20949490 0.02174405
v 0.00098066 -0.20921610 0.02178130
v 0.00174935 -0.20845443 0.02188423
v 0.00203076 -0.20741396 0.02202526
v 0.00174948 -0.20637350 0.02216658
v 0.00098088 -0.20561182 0.02227033
v -0.00111935 -0.20921612 0.02178244
v -0.00188795 -0.20845445 0.02188619
v -0.00216923 -0.20741399 0.02202752
v -0.00188781 -0.20637351 0.02216854
v -0.00111911 -0.20561184 0.02227147
v -0.00006909 -0.20533304 0.02230873
v -0.00006923 -0.20741397 0.02202639
v 0.01165527 -0.16957687 0.03846603
v 0.01153477 -0.16911869 0.03348852
v 0.01192148 -0.28577349 0.02776395
v 0.01180098 -0.28531533 0.02278645
v 0.01193071 -0.28839475 0.02765801
v 0.01180370 -0.28791168 0.02241186
v 0.01194672 -0.29106683 0.02782807
v 0.01179965 -0.29053983 0.02174666
v 0.01196862 -0.29364216 0.02826299
v 0.01199738 -0.29623270 0.02898347
v 0.01178905 -0.29301611 0.02083483
v 0.01203126 -0.29867643 0.02994688
v 0.01177156 -0.29543439 0.01964444
v 0.01207124 -0.30104855 0.03118035
v 0.01211083 -0.30402732 0.03228314
v 0.01174796 -0.29767942 0.01822957
v 0.01212506 -0.30732039 0.03226089
v 0.01211014 -0.31038511 0.03105586
v 0.01171917 -0.29970992 0.01663737
v 0.01169225 -0.30252987 0.01497469
v 0.01169377 -0.30575806 0.01443030
v 0.01172352 -0.30896729 0.01507626
v 0.01177759 -0.31173301 0.01682709
v 0.01200439 -0.31427380 0.02587948
v 0.01206802 -0.31281123 0.02882936
v 0.01192773 -0.31457710 0.02260120
v 0.01184880 -0.31368923 0.01945114
v 0.01784704 -0.31366232 0.01930839
v 0.01777583 -0.31170613 0.01668436
v 0.01772177 -0.30894041 0.01493352
v 0.01799562 -0.29620585 0.02884074
v 0.01777031 -0.29534918 0.01953423
v 0.01794497 -0.29103994 0.02768534
v 0.01779799 -0.29048106 0.02161381
v 0.01791972 -0.28574660 0.02762122
v 0.01779922 -0.28528842 0.02264371
v 0.01787516 -0.26630071 0.02941224
v 0.01806948 -0.30102170 0.03103762
v 0.01810908 -0.30400044 0.03214040
v 0.01753301 -0.16909181 0.03334579
v 0.01765351 -0.16954997 0.03832329
v 0.01769036 -0.18563701 0.03684163
v 0.01769201 -0.30573115 0.01428757
v 0.01769050 -0.30250299 0.01483195
v 0.01771742 -0.29968303 0.01649463
v 0.01811487 -0.30475047 0.03224238
v 0.01812331 -0.30729350 0.03211816
v 0.01812054 -0.30863807 0.03174863
v 0.01773657 -0.20580293 0.03498428
v 0.01778277 -0.22596887 0.03312694
v 0.01782897 -0.24613479 0.03126959
v 0.01810838 -0.31035823 0.03091313
v 0.01808544 -0.31194744 0.02964999
v 0.01806626 -0.31278431 0.02868662
v 0.01792598 -0.31455022 0.02245845
v 0.01800263 -0.31424692 0.02573675
v 0.01801621 -0.31405109 0.02634436
v 0.01079753 -0.16145937 0.03923399
v 0.01847404 -0.16142496 0.03905132
v 0.00947265 -0.15830009 0.03955687
v 0.01978441 -0.15825385 0.03931149
v 0.00731820 -0.15476131 0.03993476
v 0.02328741 -0.15183665 0.03981737
v 0.00656463 -0.14549516 0.04080594
v 0.02192261 -0.15469587 0.03958723
v 0.00565297 -0.14864825 0.04053777
v 0.00594034 -0.15191440 0.04023017
v 0.02355981 -0.14856797 0.04011165
v 0.02263372 -0.14542313 0.04042355
v 0.02063313 -0.14282316 0.04071131
v 0.01135262 -0.14114520 0.04109042
v 0.00855326 -0.14287731 0.04099876
v 0.01458788 -0.14053072 0.04106866
v 0.01782590 -0.14111617 0.04093638
v 0.01835354 -0.16096678 0.03407381
v 0.01067703 -0.16100121 0.03425648
v 0.01966391 -0.15779568 0.03433399
v 0.00935215 -0.15784191 0.03457936
v 0.02180212 -0.15423769 0.03460972
v 0.00581984 -0.15145624 0.03525267
v 0.02251322 -0.14496496 0.03544604
v 0.00719771 -0.15430315 0.03495726
v 0.02343931 -0.14810981 0.03513415
v 0.02316691 -0.15137848 0.03483987
v 0.01446738 -0.14007255 0.03609116
v 0.01770540 -0.14065801 0.03595888
v 0.02051263 -0.14236499 0.03573380
v 0.00644413 -0.14503700 0.03582842
v 0.00843276 -0.14241914 0.03602124
v 0.01123212 -0.14068702 0.03611292
v 0.00553247 -0.14819008 0.03556027
v 0.01849518 -0.16206701 0.03876154
v 0.01821543 -0.16210127 0.03903765
v 0.01747392 -0.16503133 0.03896936
v 0.01735446 -0.16621557 0.03893746
v 0.01760694 -0.16622905 0.03867022
v 0.01877526 -0.16203152 0.03848594
v 0.01817012 -0.16437082 0.03837363
v 0.01803721 -0.16506660 0.03837232
v 0.01785939 -0.16624299 0.03840298
v 0.01080806 -0.16320769 0.03859187
v 0.01104260 -0.16416283 0.03854826
v 0.01143429 -0.16326319 0.03916579
v 0.01106126 -0.16213335 0.03920789
v 0.01076840 -0.16210164 0.03894541
v 0.01047522 -0.16206871 0.03868344
v 0.01142380 -0.16627184 0.03855612
v 0.01168854 -0.16625559 0.03881105
v 0.01195333 -0.16623977 0.03906597
v 0.01838572 -0.16165082 0.03424024
v 0.01867887 -0.16166498 0.03450393
v 0.01835123 -0.16280302 0.03438579
v 0.01809290 -0.16163538 0.03397626
v 0.01774943 -0.16582492 0.03386099
v 0.01748452 -0.16576357 0.03361320
v 0.01734259 -0.16453196 0.03354433
v 0.01721956 -0.16570267 0.03336534
v 0.01156612 -0.16579010 0.03375404
v 0.01131385 -0.16585377 0.03401412
v 0.01113069 -0.16470359 0.03425908
v 0.01130836 -0.16278435 0.03396381
v 0.01181843 -0.16572687 0.03349387
v 0.01037881 -0.16170219 0.03470144
v 0.01065895 -0.16168547 0.03442411
v 0.01093872 -0.16166745 0.03414650
v 0.01822089 -0.16130020 0.03402523
v 0.01081020 -0.16133341 0.03420157
v 0.01702075 -0.16889323 0.03287421
v 0.01202222 -0.16891564 0.03299315
v 0.01834241 -0.16176222 0.03904457
v 0.01216682 -0.16946544 0.03896616
v 0.01716536 -0.16944304 0.03884722
v 0.01093172 -0.16179544 0.03922091
v 0.01728732 -0.28524485 0.02215785
v 0.01758529 -0.16745000 0.03355064
v 0.01728611 -0.29033566 0.02114814
v 0.01725899 -0.29510835 0.01910934
v 0.01720712 -0.29935721 0.01612935
v 0.01742727 -0.31505033 0.02242449
v 0.01734394 -0.31411314 0.01909945
v 0.01726878 -0.31204823 0.01632960
v 0.01721171 -0.30912888 0.01448151
v 0.01718030 -0.30574134 0.01379965
v 0.01717870 -0.30233383 0.01437429
v 0.01750773 -0.31473586 0.02586485
v 0.01762142 -0.30401716 0.03266212
v 0.01763554 -0.30747229 0.03260469
v 0.01757875 -0.30077022 0.03148026
v 0.01757467 -0.31321132 0.02896527
v 0.01761923 -0.31067842 0.03131554
v 0.01750633 -0.29604882 0.02932647
v 0.01745667 -0.29098418 0.02819373
v 0.01743192 -0.28579468 0.02813087
v 0.01738736 -0.26634610 0.02992213
v 0.01734116 -0.24618018 0.03177949
v 0.01729495 -0.22601426 0.03363683
v 0.01724875 -0.20584834 0.03549417
v 0.01720256 -0.18568242 0.03735152
v 0.01770315 -0.16789813 0.03841915
v 0.01243338 -0.28581709 0.02824981
v 0.01159546 -0.16792551 0.03856449
v 0.01244242 -0.28838694 0.02814593
v 0.01245813 -0.29100659 0.02831267
v 0.01247959 -0.29353148 0.02873906
v 0.01250779 -0.29607120 0.02944542
v 0.01254100 -0.29846701 0.03038993
v 0.01258021 -0.30079260 0.03159921
v 0.01262200 -0.30393687 0.03276327
v 0.01263703 -0.30741289 0.03273980
v 0.01262125 -0.31064788 0.03146781
v 0.01257681 -0.31320876 0.02911760
v 0.01250964 -0.31475261 0.02600385
v 0.01242873 -0.31507275 0.02254344
v 0.01220858 -0.29937959 0.01624830
v 0.01218017 -0.30235624 0.01449324
v 0.01218177 -0.30576375 0.01391861
v 0.01221317 -0.30915129 0.01460045
v 0.01227024 -0.31207064 0.01644855
v 0.01234541 -0.31413555 0.01921839
v 0.01223681 -0.29738891 0.01780928
v 0.01226045 -0.29513076 0.01922829
v 0.01227709 -0.29281706 0.02036345
v 0.01228757 -0.29035807 0.02126708
v 0.01229145 -0.28781271 0.02190955
v 0.01228878 -0.28526726 0.02227680
v 0.01147760 -0.16747737 0.03369598
v 0.00939275 -0.15911525 0.03496343
v 0.00891695 -0.15811102 0.03506738
v 0.00680474 -0.15464167 0.03543787
v 0.00535033 -0.15163659 0.03574969
v 0.00532295 -0.15153649 0.03575957
v 0.00504699 -0.14818898 0.03607437
v 0.00505539 -0.14810634 0.03608178
v 0.00600930 -0.14486071 0.03635744
v 0.00603750 -0.14480506 0.03636187
v 0.00810842 -0.14209743 0.03656098
v 0.00813931 -0.14206949 0.03656280
v 0.01447830 -0.13962048 0.03663477
v 0.01108272 -0.14026155 0.03665796
v 0.01106329 -0.14026909 0.03665774
v 0.01787672 -0.14023110 0.03649628
v 0.01789619 -0.14023846 0.03649514
v 0.02082836 -0.14201260 0.03626085
v 0.02085939 -0.14204028 0.03625756
v 0.02294266 -0.14472929 0.03595961
v 0.02297112 -0.14478469 0.03595382
v 0.02393987 -0.14802168 0.03563240
v 0.02222051 -0.15457258 0.03507103
v 0.02366113 -0.15155451 0.03531396
v 0.02368806 -0.15145417 0.03532255
v 0.02394865 -0.14810425 0.03562460
v 0.02012423 -0.15806079 0.03480069
v 0.02022064 -0.15842733 0.03878270
v 0.02231691 -0.15493910 0.03905303
v 0.02375752 -0.15192105 0.03929597
v 0.02378445 -0.15182069 0.03930455
v 0.02404505 -0.14847077 0.03960659
v 0.02403627 -0.14838822 0.03961441
v 0.02306752 -0.14515123 0.03993581
v 0.02303906 -0.14509581 0.03994161
v 0.02095579 -0.14240681 0.04023955
v 0.02092476 -0.14237915 0.04024286
v 0.01457469 -0.13998702 0.04061677
v 0.01797312 -0.14059764 0.04047829
v 0.01799259 -0.14060499 0.04047714
v 0.01117913 -0.14062808 0.04063996
v 0.01115968 -0.14063562 0.04063974
v 0.00823571 -0.14243603 0.04054481
v 0.00820482 -0.14246397 0.04054299
v 0.00613391 -0.14517160 0.04034388
v 0.00610570 -0.14522727 0.04033944
v 0.00515179 -0.14847286 0.04006379
v 0.00690114 -0.15500820 0.03941987
v 0.00544673 -0.15200312 0.03973170
v 0.00541935 -0.15190302 0.03974156
v 0.00514339 -0.14855552 0.04005638
v 0.00901335 -0.15847756 0.03904939
v 0.00948915 -0.15948178 0.03894543
v 0.01622671 -0.27988690 -0.01238088
v 0.01623272 -0.27988687 -0.01237948
v 0.01596593 -0.27988639 -0.01243333
v 0.01621771 -0.27988693 -0.01238296
v 0.01622071 -0.27988693 -0.01238226
v -0.01629621 -0.27988607 -0.01238174
v -0.01616364 -0.27988583 -0.01241024
v -0.01630545 -0.27988598 -0.01237959
v -0.01629390 -0.27988607 -0.01238227
v 0.00809316 -0.27988508 -0.01251730
v 0.00813303 -0.27985960 -0.01249677
v -0.00004690 -0.27984506 -0.01248830
v 0.01490851 -0.27988544 -0.01251730
v 0.01520591 -0.27988580 -0.01251080
v 0.01420880 -0.27988341 -0.01251361
v 0.01571321 -0.27988598 -0.01247036
v 0.01527358 -0.27987975 -0.01249870
v 0.01542499 -0.27988574 -0.01249832
v 0.01419074 -0.27988583 -0.01251730
v 0.01217440 -0.27988195 -0.01251372
v 0.01215814 -0.27988526 -0.01251730
v -0.01436425 -0.27987099 -0.01249800
v -0.01418156 -0.27988496 -0.01251730
v -0.01232211 -0.27986488 -0.01249622
v -0.01222953 -0.27988464 -0.01251729
v -0.00823305 -0.27985367 -0.01249134
v -0.00816500 -0.27988467 -0.01251730
v -0.00003612 -0.27988485 -0.01251729
v -0.01429121 -0.27988175 -0.01251209
v -0.01527920 -0.27988499 -0.01251082
v -0.01498157 -0.27988467 -0.01251729
v -0.01629159 -0.27988607 -0.01238281
v -0.01628955 -0.27988607 -0.01238326
v -0.01622669 -0.27988592 -0.01239720
v -0.01626829 -0.27988601 -0.01238809
v -0.01631470 -0.27988586 -0.01237742
v -0.01626730 -0.27988124 -0.01238618
v -0.01638849 -0.27988207 -0.01235914
v -0.01618654 -0.27981439 -0.01236688
v -0.01667540 -0.27982432 -0.01227238
v -0.01677062 -0.27979049 -0.01223779
v -0.01591620 -0.27949968 -0.01219724
v -0.01718279 -0.27953815 -0.01204798
v -0.01567671 -0.27980340 -0.01241538
v -0.01464493 -0.27979136 -0.01242144
v -0.01301977 -0.27945462 -0.01218268
v 0.00846567 -0.27955079 -0.01226911
v 0.00841452 -0.27954960 -0.01226845
v 0.00824792 -0.27977043 -0.01242818
v 0.00567689 -0.27948976 -0.01223514
v -0.00006856 -0.27971071 -0.01239303
v -0.00914496 -0.27940565 -0.01216633
v -0.00841364 -0.27973336 -0.01239838
v -0.01257353 -0.27977043 -0.01241379
v 0.01265053 -0.27964777 -0.01232049
v 0.01237943 -0.27981555 -0.01245219
v 0.01267586 -0.27964833 -0.01232076
v 0.01609148 -0.27988666 -0.01241002
v 0.01615402 -0.27988678 -0.01239708
v 0.01618279 -0.27988684 -0.01239082
v 0.01615663 -0.27988467 -0.01239523
v 0.01628074 -0.27988559 -0.01236791
v 0.01622227 -0.27985844 -0.01237021
v 0.01647070 -0.27986342 -0.01231544
v 0.01580562 -0.27971137 -0.01233741
v 0.01653244 -0.27985001 -0.01229603
v 0.01681967 -0.27974200 -0.01219047
v 0.01221593 -0.27987146 -0.01250296
v 0.01425500 -0.27987695 -0.01250484
v 0.01443680 -0.27983606 -0.01246140
v 0.01546253 -0.27984601 -0.01245636
v 0.01597087 -0.27985424 -0.01241050
v 0.01589736 -0.27988625 -0.01244463
v 0.01475318 -0.27969089 -0.01234056
v 0.01478474 -0.27969149 -0.01234072
v -0.01538414 -0.27987456 -0.01249163
v -0.01589596 -0.27988535 -0.01245593
v -0.01589128 -0.27987817 -0.01244883
v -0.01603706 -0.27988559 -0.01243374
v -0.01614255 -0.27988017 -0.01241033
v -0.01608812 -0.27988568 -0.01242467
v 0.01751277 -0.27892673 -0.01176810
v 0.01762467 -0.27833727 -0.01167214
v 0.01540363 -0.27833721 -0.01167215
v -0.01757491 -0.27895483 -0.01177739
v -0.01748458 -0.27914923 -0.01184936
v -0.01561200 -0.27897257 -0.01188769
v -0.01727692 -0.27944332 -0.01199231
v -0.01569039 -0.27833638 -0.01167226
v -0.01769780 -0.27833632 -0.01167226
v -0.01764534 -0.27873191 -0.01171719
v 0.01526867 -0.27912202 -0.01196572
v 0.01309473 -0.27907950 -0.01194984
v 0.00871774 -0.27898884 -0.01191057
v 0.01708614 -0.27956021 -0.01206061
v 0.01740155 -0.27916840 -0.01185675
v 0.01318269 -0.27833715 -0.01167217
v 0.00874064 -0.27833703 -0.01167218
v -0.00012333 -0.27886575 -0.01185265
v -0.00014333 -0.27833679 -0.01167221
v -0.00900370 -0.27888781 -0.01185731
v -0.00902739 -0.27833655 -0.01167223
v -0.01341918 -0.27894217 -0.01187764
v -0.01346937 -0.27833644 -0.01167225
v -0.01775569 -0.27612969 -0.01164840
v -0.02756997 -0.17176971 -0.01059029
v -0.02849443 -0.17244186 -0.01054388
v -0.02741241 -0.17689012 -0.01035396
v -0.01631199 -0.17644235 -0.01036190
v -0.01789637 -0.17544065 -0.01038998
v -0.02036069 -0.17360009 -0.01047309
v -0.02067246 -0.17333980 -0.01048775
v -0.02271566 -0.17145109 -0.01061334
v -0.02272253 -0.17144416 -0.01061386
v -0.02331212 -0.17098169 -0.01064944
v -0.02415654 -0.17062238 -0.01067833
v -0.02431374 -0.17057897 -0.01068189
v -0.02444187 -0.17055710 -0.01068370
v -0.02531605 -0.17055580 -0.01068388
v -0.02544368 -0.17057726 -0.01068213
v -0.02626954 -0.17086445 -0.01065897
v -0.02664567 -0.17109761 -0.01064064
v -0.00002383 -0.18089774 -0.01034353
v -0.00287325 -0.18077143 -0.01034336
v -0.02565669 -0.18312719 -0.01035236
v 0.01109897 -0.17889489 -0.01033841
v 0.01036901 -0.17915611 -0.01033858
v 0.02559592 -0.18310276 -0.01034999
v 0.00883880 -0.17964031 -0.01033948
v 0.00823855 -0.17980751 -0.01033991
v 0.00544877 -0.18042319 -0.01034183
v 0.00495908 -0.18050452 -0.01034211
v 0.00416831 -0.18061946 -0.01034249
v 0.00131390 -0.18086880 -0.01034337
v -0.00499967 -0.18050928 -0.01034274
v -0.00780765 -0.17993788 -0.01034116
v -0.00837780 -0.17978950 -0.01034076
v -0.01110425 -0.17892042 -0.01033932
v -0.01373143 -0.17781445 -0.01034263
v -0.01477084 -0.17729796 -0.01034750
v -0.02615098 -0.18136844 -0.01034653
v 0.02074377 -0.17321733 -0.01049165
v 0.01850651 -0.17496742 -0.01040422
v 0.02744581 -0.17650904 -0.01035715
v 0.01639999 -0.17634684 -0.01036141
v 0.02648984 -0.17994021 -0.01033938
v 0.01472582 -0.17728378 -0.01034597
v 0.01229115 -0.17842440 -0.01033883
v 0.02266995 -0.17142300 -0.01061204
v 0.02266322 -0.17142980 -0.01061154
v 0.02172159 -0.17234442 -0.01054671
v 0.02843272 -0.17241430 -0.01054155
v 0.02751152 -0.17174563 -0.01058800
v 0.02659050 -0.17107700 -0.01063805
v 0.02648295 -0.17100236 -0.01064385
v 0.02569052 -0.17063141 -0.01067330
v 0.02556301 -0.17059621 -0.01067615
v 0.02469315 -0.17050828 -0.01068336
v 0.02435408 -0.17054318 -0.01068055
v 0.02347246 -0.17084828 -0.01065618
v 0.02331125 -0.17093462 -0.01064940
v 0.02280940 -0.17129181 -0.01062190
v 0.02269713 -0.17139603 -0.01061406
v 0.02462967 -0.18665175 -0.01037199
v 0.02340441 -0.19151476 -0.01042509
v 0.02024074 -0.20993114 -0.01071073
v -0.02072294 -0.20650533 -0.01066256
v -0.01996306 -0.21342476 -0.01074125
v 0.01990842 -0.21326052 -0.01074224
v 0.01874233 -0.23760720 -0.01128191
v 0.01879478 -0.23493074 -0.01110735
v -0.01887565 -0.23458479 -0.01108129
v -0.01899556 -0.23072147 -0.01090260
v -0.01969064 -0.21676779 -0.01076919
v -0.01928070 -0.22360171 -0.01083528
v 0.01921082 -0.22358663 -0.01083261
v -0.01913728 -0.22686744 -0.01086311
v 0.01905229 -0.22722815 -0.01086343
v 0.01890254 -0.23143856 -0.01090742
v -0.01879559 -0.23760808 -0.01129808
v -0.01862210 -0.24411704 -0.01134803
v 0.01857811 -0.24308276 -0.01133891
v -0.01859839 -0.24500951 -0.01135500
v -0.01857703 -0.24580891 -0.01136120
v 0.01808704 -0.26105610 -0.01149678
v -0.01821680 -0.25897577 -0.01147741
v -0.01801226 -0.26645303 -0.01155049
v -0.01781354 -0.27392602 -0.01162538
v -0.02178995 -0.19959453 -0.01055967
v -0.02178510 -0.19962160 -0.01056007
v 0.02233097 -0.19640079 -0.01050512
v -0.02391085 -0.18974672 -0.01041359
v -0.02374366 -0.19042781 -0.01042248
v -0.02239796 -0.19642177 -0.01051100
v 0.02057254 -0.20711929 -0.01067557
v 0.02131626 -0.20197523 -0.01059711
v 0.02160952 -0.20023431 -0.01056894
v 0.02847359 -0.17234357 -0.01547342
v 0.02813280 -0.17207904 -0.01633310
v 0.02794095 -0.17193224 -0.01671356
v 0.02720364 -0.17137516 -0.01782582
v 0.02659418 -0.17091958 -0.01850403
v 0.02435844 -0.17035627 -0.02000815
v 0.02523352 -0.17035358 -0.01954961
v 0.02603434 -0.17058916 -0.01899861
v -0.02853527 -0.17237142 -0.01546150
v -0.02819745 -0.17210859 -0.01632472
v -0.02755336 -0.17161776 -0.01746362
v -0.02705319 -0.17124134 -0.01811597
v -0.02664923 -0.17093915 -0.01855340
v -0.02431788 -0.17038967 -0.02009757
v -0.02499333 -0.17034097 -0.01977120
v -0.02585189 -0.17050891 -0.01923271
v -0.02036485 -0.17349371 -0.01568303
v 0.02075273 -0.17300512 -0.02081701
v 0.01854579 -0.17472713 -0.02106100
v 0.01619487 -0.17625374 -0.02125587
v 0.01371562 -0.17756833 -0.02140074
v 0.01112895 -0.17866088 -0.02150527
v 0.00845630 -0.17952523 -0.02157690
v 0.00571752 -0.18015164 -0.02162240
v 0.00293391 -0.18053433 -0.02164814
v 0.00012733 -0.18067278 -0.02165587
v -0.00268046 -0.18056445 -0.02164857
v -0.00546773 -0.18020950 -0.02162632
v -0.00821307 -0.17961223 -0.02158436
v -0.01089501 -0.17877692 -0.02151786
v -0.01349227 -0.17770852 -0.02142175
v -0.01598475 -0.17641807 -0.02128725
v -0.01835226 -0.17491594 -0.02110397
v -0.02037100 -0.17338569 -0.02089293
v 0.02330666 -0.17083691 -0.01548479
v 0.02396890 -0.17054832 -0.01533843
v 0.02420718 -0.17038383 -0.02007494
v 0.02338842 -0.17068444 -0.02037800
v 0.02270382 -0.17119633 -0.02054175
v 0.02245220 -0.17154755 -0.01553934
v -0.02349342 -0.17067307 -0.02040146
v -0.02338811 -0.17083637 -0.01549763
v -0.02282577 -0.17114766 -0.02056293
v -0.02246431 -0.17160626 -0.01555962
v -0.02275858 -0.17121337 -0.02057379
v -0.02067768 -0.17323540 -0.01555057
v -0.02054340 -0.17324390 -0.02087423
v 0.02881359 -0.17261747 -0.01412503
v 0.02900667 -0.17279284 -0.01238419
v 0.02900641 -0.17282408 -0.01083987
v 0.02850642 -0.17246878 -0.01048885
v 0.02859593 -0.17253435 -0.01045586
v 0.02892251 -0.17276850 -0.01058272
v 0.02899657 -0.17281887 -0.01074553
v 0.02878063 -0.17266789 -0.01047254
v 0.02870099 -0.17261060 -0.01045130
v -0.02903484 -0.17283155 -0.01067469
v -0.02893744 -0.17276368 -0.01053505
v -0.02906771 -0.17285199 -0.01084251
v -0.02888029 -0.17272303 -0.01049387
v -0.02906792 -0.17282081 -0.01238296
v -0.02878889 -0.17265737 -0.01045854
v -0.02866551 -0.17256784 -0.01045689
v -0.02890692 -0.17267209 -0.01394600
v -0.02860525 -0.17252374 -0.01047411
v -0.01568539 -0.28028145 -0.01289155
v -0.01637892 -0.28028360 -0.01278097
v -0.01637891 -0.28027445 -0.01324946
v 0.01630574 -0.28028446 -0.01278097
v 0.01561156 -0.28028229 -0.01289163
v 0.01630575 -0.28027534 -0.01324673
v 0.01490850 -0.28028160 -0.01292510
v 0.01076564 -0.28026262 -0.01389115
v -0.01498308 -0.28028083 -0.01292510
v 0.00794455 -0.28025723 -0.01416308
v 0.00568750 -0.28025389 -0.01432948
v -0.01180504 -0.28026411 -0.01378433
v -0.00635559 -0.28025436 -0.01428865
v -0.00106111 -0.28025031 -0.01450468
v 0.00373510 -0.28025186 -0.01443168
v -0.01678120 -0.28023443 -0.01320482
v -0.01710941 -0.28014889 -0.01260114
v -0.01740575 -0.27999288 -0.01313431
v -0.01769454 -0.27979785 -0.01237206
v -0.01791331 -0.27956048 -0.01307475
v -0.01813193 -0.27925885 -0.01212888
v -0.01824979 -0.27898523 -0.01303275
v -0.01835821 -0.27858591 -0.01197190
v -0.01837820 -0.27833018 -0.01301385
v -0.01837821 -0.27835086 -0.01195756
v -0.01928397 -0.24436626 -0.01271497
v -0.01926744 -0.24499717 -0.01272040
v -0.01926727 -0.24502492 -0.01165119
v -0.01909822 -0.25135016 -0.01277502
v -0.01888975 -0.25899148 -0.01176985
v -0.01850061 -0.27357763 -0.01297062
v -0.01849180 -0.27394071 -0.01191279
v -0.01858286 -0.27040887 -0.01294203
v -0.01892454 -0.25770301 -0.01282988
v -0.01995385 -0.22342791 -0.01253200
v -0.01961349 -0.23229109 -0.01261010
v -0.01967577 -0.23037536 -0.01118854
v -0.01943403 -0.23864406 -0.01266553
v -0.01946211 -0.23761603 -0.01159648
v -0.01954631 -0.23458065 -0.01137547
v -0.01980251 -0.22689177 -0.01116246
v -0.01995386 -0.22345528 -0.01113305
v -0.02016483 -0.21959303 -0.01249821
v -0.02027223 -0.21797295 -0.01107972
v -0.02075899 -0.21204402 -0.01243272
v -0.02062669 -0.21348208 -0.01104059
v -0.02075917 -0.21207154 -0.01102801
v -0.02138482 -0.20658779 -0.01096144
v -0.02223017 -0.20092252 -0.01234291
v -0.02223034 -0.20095119 -0.01087766
v -0.02244233 -0.19973463 -0.01085939
v -0.02244714 -0.19970767 -0.01085899
v -0.02438986 -0.19050880 -0.01227133
v -0.02438028 -0.19057876 -0.01071298
v -0.02662827 -0.18210085 -0.01221630
v -0.02679339 -0.18155064 -0.01064584
v -0.02750647 -0.17902921 -0.01219358
v -0.02719790 -0.18013823 -0.01064402
v -0.02831743 -0.17607476 -0.01068858
v -0.02750645 -0.17905957 -0.01064836
v 0.01867892 -0.26405683 -0.01288487
v 0.01876064 -0.26107171 -0.01178859
v 0.01851021 -0.27040985 -0.01294144
v 0.01830512 -0.27835181 -0.01195740
v 0.01848944 -0.27120423 -0.01294858
v 0.01830513 -0.27833116 -0.01301327
v 0.01885256 -0.25770399 -0.01282929
v 0.01902657 -0.25135118 -0.01277441
v 0.01924648 -0.24309815 -0.01163556
v 0.01936305 -0.23864509 -0.01266491
v 0.01954286 -0.23229213 -0.01260948
v 0.01946567 -0.23492548 -0.01140125
v 0.01919612 -0.24499820 -0.01271979
v 0.01923270 -0.24360383 -0.01270778
v 0.01939120 -0.23761567 -0.01159439
v 0.01942796 -0.23626950 -0.01151617
v 0.02071795 -0.21175548 -0.01242960
v 0.02071844 -0.21178302 -0.01102732
v 0.02056209 -0.21343365 -0.01104207
v 0.02009486 -0.21959409 -0.01249757
v 0.01989918 -0.22314069 -0.01112740
v 0.01989921 -0.22311327 -0.01252857
v 0.01971203 -0.22740377 -0.01116343
v 0.01957006 -0.23145191 -0.01120485
v 0.02123540 -0.20719920 -0.01097379
v 0.02221252 -0.20062372 -0.01233996
v 0.02196677 -0.20213471 -0.01089645
v 0.02439524 -0.19020823 -0.01226862
v 0.02404478 -0.19169746 -0.01072670
v 0.02221437 -0.20065279 -0.01087265
v 0.02759818 -0.17846744 -0.01219086
v 0.02818125 -0.17634369 -0.01066451
v 0.02759814 -0.17849788 -0.01063459
v 0.02656028 -0.18210225 -0.01221545
v 0.02713401 -0.18012418 -0.01063673
v 0.02439723 -0.19023918 -0.01070772
v 0.01490850 -0.28002122 -0.01254242
v -0.01498169 -0.28003320 -0.01254741
v -0.01498254 -0.28025630 -0.01277916
v 0.01490851 -0.28025237 -0.01276698
v 0.01490850 -0.28016040 -0.01263039
v -0.01498203 -0.28016913 -0.01263993
v 0.01663636 -0.28025872 -0.01271080
v 0.01697019 -0.28016320 -0.01317324
v 0.01669891 -0.28024760 -0.01269534
v 0.01756007 -0.27983582 -0.01310646
v 0.01739980 -0.27996516 -0.01246872
v 0.01706598 -0.28013885 -0.01258970
v 0.01812532 -0.27912807 -0.01208477
v 0.01769320 -0.27973357 -0.01233711
v 0.01751153 -0.27988729 -0.01242186
v 0.01800651 -0.27933136 -0.01305348
v 0.01816791 -0.27900901 -0.01303317
v 0.01825899 -0.27870962 -0.01302091
v 0.00805613 -0.27038479 -0.01408920
v 0.00800022 -0.27532107 -0.01412590
v 0.00087189 -0.27531394 -0.01447185
v -0.01446774 -0.27533656 -0.01343966
v -0.01637118 -0.27040347 -0.01318897
v -0.01456786 -0.27039897 -0.01339819
v 0.01729877 -0.27930319 -0.01313186
v 0.00939828 -0.27038738 -0.01396795
v 0.01401111 -0.27039847 -0.01345576
v 0.01634062 -0.27040449 -0.01318149
v -0.01399113 -0.27039748 -0.01346760
v -0.00683463 -0.27038231 -0.01418896
v -0.00678786 -0.27531946 -0.01422499
v 0.00015532 -0.27037716 -0.01444171
v 0.00087830 -0.27037725 -0.01443755
v -0.01636268 -0.28027833 -0.01271002
v -0.01629557 -0.28003508 -0.01241242
v -0.01634639 -0.28025892 -0.01263852
v -0.01631562 -0.28017142 -0.01250261
v -0.01634561 -0.28025764 -0.01263512
v 0.01622239 -0.28003594 -0.01241241
v 0.01624245 -0.28017229 -0.01250260
v 0.01627321 -0.28025979 -0.01263851
v -0.01689565 -0.27991202 -0.01222065
v -0.01772570 -0.27905056 -0.01170723
v -0.01777266 -0.27833888 -0.01161430
v -0.01710823 -0.28014269 -0.01251704
v -0.01832229 -0.27835155 -0.01175344
v -0.01836580 -0.27835158 -0.01185856
v -0.01831143 -0.27876735 -0.01189986
v -0.01707171 -0.28013095 -0.01243930
v -0.01768601 -0.27975500 -0.01217416
v -0.01773492 -0.27975139 -0.01225856
v -0.01798232 -0.27947560 -0.01212083
v -0.01793138 -0.27948645 -0.01203113
v -0.01762083 -0.27973843 -0.01209442
v -0.01702905 -0.28010032 -0.01236485
v -0.01754397 -0.27970028 -0.01202894
v -0.01698310 -0.28005099 -0.01230023
v -0.01746321 -0.27964365 -0.01198555
v -0.01738711 -0.27957541 -0.01196750
v -0.01787121 -0.27834186 -0.01157197
v -0.01787691 -0.27834201 -0.01157044
v -0.01783340 -0.27910006 -0.01170652
v -0.01800124 -0.27834535 -0.01155804
v -0.01812990 -0.27834836 -0.01158726
v -0.01807343 -0.27876821 -0.01163219
v -0.01824219 -0.27835050 -0.01165687
v -0.01818449 -0.27877960 -0.01170146
v -0.01826548 -0.27877846 -0.01179660
v -0.01817782 -0.27914724 -0.01199484
v -0.01794670 -0.27913862 -0.01174114
v -0.01804944 -0.27915969 -0.01180885
v -0.01812830 -0.27916148 -0.01189838
v -0.01788867 -0.27392852 -0.01156807
v -0.01847943 -0.27394137 -0.01181397
v -0.01843615 -0.27394128 -0.01170910
v -0.01835652 -0.27394015 -0.01161273
v -0.01824489 -0.27393794 -0.01154304
v -0.01811687 -0.27393493 -0.01151337
v -0.01799291 -0.27393165 -0.01152502
v -0.01829206 -0.25897837 -0.01142199
v -0.01839623 -0.25898162 -0.01138075
v -0.01851931 -0.25898507 -0.01137073
v -0.01864588 -0.25898826 -0.01140136
v -0.01875606 -0.25899065 -0.01147120
v -0.01883467 -0.25899187 -0.01156712
v -0.01887750 -0.25899208 -0.01167145
v -0.01867457 -0.24501191 -0.01130054
v -0.01877871 -0.24501494 -0.01126094
v -0.01890104 -0.24501820 -0.01125242
v -0.01902632 -0.24502125 -0.01128397
v -0.01913515 -0.24502361 -0.01135394
v -0.01921278 -0.24502495 -0.01144948
v -0.01925513 -0.24502531 -0.01155324
v -0.01891476 -0.23760870 -0.01122260
v -0.01941184 -0.23761474 -0.01140014
v -0.01927874 -0.23761365 -0.01125808
v -0.01933475 -0.23761417 -0.01130163
v -0.01909885 -0.23761132 -0.01119608
v -0.01910368 -0.23761140 -0.01119655
v -0.01898045 -0.23760957 -0.01120286
v -0.01918258 -0.23460180 -0.01097821
v -0.01905997 -0.23459767 -0.01098575
v -0.01895531 -0.23459159 -0.01102460
v -0.01930769 -0.23460281 -0.01101072
v -0.01941593 -0.23460029 -0.01108126
v -0.01949282 -0.23459493 -0.01117679
v -0.01953454 -0.23458791 -0.01128008
v -0.01907610 -0.23072343 -0.01084594
v -0.01921770 -0.22687103 -0.01080758
v -0.01918073 -0.23072594 -0.01080757
v -0.01932202 -0.22687544 -0.01077040
v -0.01930266 -0.23072891 -0.01080040
v -0.01944339 -0.22688031 -0.01076423
v -0.01942668 -0.23073193 -0.01083293
v -0.01956676 -0.22688499 -0.01079739
v -0.01953391 -0.23073457 -0.01090323
v -0.01967339 -0.22688873 -0.01086782
v -0.01961023 -0.23073645 -0.01099854
v -0.01974927 -0.22689107 -0.01096280
v -0.01965180 -0.23073749 -0.01110192
v -0.01979067 -0.22689198 -0.01106560
v -0.02007770 -0.22017919 -0.01090323
v -0.02061488 -0.21348180 -0.01094348
v -0.02014713 -0.21344209 -0.01064823
v -0.02004314 -0.21343243 -0.01068558
v -0.02000191 -0.22017582 -0.01080826
v -0.01989545 -0.22017026 -0.01073786
v -0.01977229 -0.22016314 -0.01070467
v -0.01965110 -0.22015560 -0.01071077
v -0.02026821 -0.21345304 -0.01064194
v -0.02039134 -0.21346386 -0.01067505
v -0.02049779 -0.21347287 -0.01074550
v -0.02057357 -0.21347891 -0.01084059
v -0.02137292 -0.20658782 -0.01086431
v -0.02243060 -0.19973397 -0.01076214
v -0.02238964 -0.19972819 -0.01065904
v -0.02133157 -0.20658405 -0.01076132
v -0.02231447 -0.19971618 -0.01056372
v -0.02125582 -0.20657563 -0.01066611
v -0.02229489 -0.19971293 -0.01054663
v -0.02114945 -0.20656274 -0.01059560
v -0.02220888 -0.19969836 -0.01049312
v -0.02080243 -0.20651676 -0.01060668
v -0.02186413 -0.19963656 -0.01050416
v -0.02090587 -0.20653103 -0.01056906
v -0.02196692 -0.19965550 -0.01046653
v -0.02102654 -0.20654707 -0.01056257
v -0.02208681 -0.19967702 -0.01046004
v -0.02211237 -0.19968155 -0.01046350
v -0.02186896 -0.19960950 -0.01050375
v -0.02243542 -0.19970703 -0.01076173
v -0.02239446 -0.19970123 -0.01065864
v -0.02231929 -0.19968921 -0.01056331
v -0.02229973 -0.19968596 -0.01054623
v -0.02221371 -0.19967137 -0.01049273
v -0.02211721 -0.19965453 -0.01046311
v -0.02209165 -0.19965002 -0.01045965
v -0.02197177 -0.19962846 -0.01046612
v -0.02191826 -0.19961867 -0.01048159
v -0.02381196 -0.19044554 -0.01035583
v -0.02391340 -0.19047073 -0.01031909
v -0.02622823 -0.18139058 -0.01029031
v -0.02678226 -0.18154773 -0.01054844
v -0.02436879 -0.19057733 -0.01061592
v -0.02674247 -0.18153666 -0.01044506
v -0.02432859 -0.19056901 -0.01051302
v -0.02666910 -0.18151601 -0.01034946
v -0.02425486 -0.19055241 -0.01041780
v -0.02656579 -0.18148679 -0.01027868
v -0.02415127 -0.19052821 -0.01034703
v -0.02644625 -0.18145281 -0.01024563
v -0.02403137 -0.19049951 -0.01031340
v -0.02632884 -0.18141936 -0.01025235
v -0.02805245 -0.17706507 -0.01057745
v -0.02801865 -0.17705412 -0.01047077
v -0.02794906 -0.17703372 -0.01036901
v -0.02784564 -0.17700469 -0.01029098
v -0.02772212 -0.17697102 -0.01025227
v -0.02759894 -0.17693821 -0.01025667
v -0.02749311 -0.17691062 -0.01029537
v 0.01770336 -0.27833992 -0.01161190
v 0.01766167 -0.27975219 -0.01225767
v 0.01823796 -0.27876848 -0.01189895
v 0.01829285 -0.27835253 -0.01185903
v 0.01824990 -0.27835253 -0.01175451
v 0.01800591 -0.27877003 -0.01163460
v 0.01787898 -0.27914047 -0.01174334
v 0.01797919 -0.27916044 -0.01181088
v 0.01664927 -0.28022927 -0.01254827
v 0.01700158 -0.28013191 -0.01243947
v 0.01691459 -0.28005442 -0.01230234
v 0.01747480 -0.27970326 -0.01203137
v 0.01754996 -0.27973992 -0.01209635
v 0.01805606 -0.27916184 -0.01189906
v 0.01761368 -0.27975577 -0.01217482
v 0.01810465 -0.27914780 -0.01199377
v 0.01811403 -0.27878076 -0.01170385
v 0.01819290 -0.27877939 -0.01179758
v 0.01739549 -0.27964854 -0.01198745
v 0.01776789 -0.27910349 -0.01170738
v 0.01732018 -0.27958208 -0.01196788
v 0.01766123 -0.27905542 -0.01170566
v 0.01725524 -0.27951172 -0.01197113
v 0.01757085 -0.27900395 -0.01173230
v 0.01682797 -0.27991921 -0.01222187
v 0.01732513 -0.27997246 -0.01231359
v 0.01817081 -0.27835152 -0.01165827
v 0.01805972 -0.27834937 -0.01158832
v 0.01793198 -0.27834642 -0.01155813
v 0.01780795 -0.27834308 -0.01156923
v 0.01721116 -0.27990595 -0.01217392
v 0.02656682 -0.17996250 -0.01028247
v 0.02817061 -0.17633866 -0.01056487
v 0.02761371 -0.17618775 -0.01030770
v 0.02771530 -0.17621291 -0.01026940
v 0.02783371 -0.17624328 -0.01026236
v 0.02795407 -0.17627525 -0.01029517
v 0.02805782 -0.17630400 -0.01036586
v 0.02813120 -0.17632560 -0.01046146
v 0.02666740 -0.17999151 -0.01024373
v 0.02678511 -0.18002534 -0.01023633
v 0.02690520 -0.18005972 -0.01026896
v 0.02700906 -0.18008929 -0.01033969
v 0.02708284 -0.18011016 -0.01043550
v 0.02712282 -0.18012130 -0.01053912
v 0.02522310 -0.18680519 -0.01047297
v 0.02179136 -0.20026731 -0.01047497
v 0.02099977 -0.20717457 -0.01060762
v 0.02087661 -0.20715940 -0.01057474
v 0.02026692 -0.21408856 -0.01068206
v 0.02014365 -0.21407799 -0.01064903
v 0.01977547 -0.22102338 -0.01074127
v 0.01965221 -0.22101673 -0.01070812
v 0.01945400 -0.22797021 -0.01080187
v 0.01933052 -0.22796577 -0.01076884
v 0.01920911 -0.22796117 -0.01077517
v 0.01953096 -0.22100979 -0.01071428
v 0.02002250 -0.21406695 -0.01065544
v 0.02075570 -0.20714392 -0.01058151
v 0.01963678 -0.22797607 -0.01096720
v 0.01995790 -0.22103205 -0.01090664
v 0.02044944 -0.21410221 -0.01084759
v 0.02118220 -0.20719534 -0.01077338
v 0.02356554 -0.19354410 -0.01055489
v 0.02515006 -0.18678550 -0.01037760
v 0.02480951 -0.18669707 -0.01027935
v 0.02492739 -0.18672729 -0.01027336
v 0.02504697 -0.18675834 -0.01030682
v 0.02349117 -0.19352908 -0.01045960
v 0.02221503 -0.20033765 -0.01066718
v 0.02314719 -0.19345388 -0.01036168
v 0.02326592 -0.19348051 -0.01035557
v 0.02338671 -0.19350693 -0.01038891
v 0.02213963 -0.20032610 -0.01057181
v 0.01887480 -0.23493776 -0.01105039
v 0.01908705 -0.23144697 -0.01081343
v 0.01920875 -0.23145103 -0.01080663
v 0.01933271 -0.23145412 -0.01083938
v 0.01943996 -0.23145567 -0.01090967
v 0.02191143 -0.20028821 -0.01046829
v 0.02203376 -0.20030889 -0.01050124
v 0.02110634 -0.20718709 -0.01067809
v 0.02037353 -0.21409698 -0.01075248
v 0.01988202 -0.22102872 -0.01081167
v 0.01956076 -0.22797379 -0.01087221
v 0.01951636 -0.23145556 -0.01100471
v 0.01945390 -0.23493305 -0.01130594
v 0.01941222 -0.23494042 -0.01120272
v 0.01933536 -0.23494616 -0.01110722
v 0.01922719 -0.23494893 -0.01103667
v 0.01910211 -0.23494807 -0.01100413
v 0.01897950 -0.23494394 -0.01101160
v 0.01934237 -0.23761912 -0.01140479
v 0.01921339 -0.23761886 -0.01126360
v 0.01885692 -0.23761153 -0.01121931
v 0.01903666 -0.23761602 -0.01119873
v 0.01865825 -0.24308527 -0.01128250
v 0.01876264 -0.24308826 -0.01124428
v 0.01888453 -0.24309151 -0.01123717
v 0.01900873 -0.24309452 -0.01126975
v 0.01923449 -0.24309853 -0.01153827
v 0.01919277 -0.24309817 -0.01143518
v 0.01911622 -0.24309684 -0.01134001
v 0.01816657 -0.26105881 -0.01143871
v 0.01827106 -0.26106206 -0.01139859
v 0.01839388 -0.26106551 -0.01138978
v 0.01851961 -0.26106864 -0.01142134
v 0.01862865 -0.26107094 -0.01149149
v 0.01870629 -0.26107216 -0.01158712
v 0.01874854 -0.26107231 -0.01169083
v -0.02814325 -0.17592852 -0.01390762
v -0.02745432 -0.17589730 -0.01588838
v -0.02591656 -0.18203956 -0.01556024
v -0.02056986 -0.17583695 -0.02025054
v -0.01944669 -0.18197235 -0.01936490
v -0.02313814 -0.18199502 -0.01803678
v 0.00011350 -0.25769150 -0.01437268
v -0.01726701 -0.25769499 -0.01344211
v -0.01839690 -0.23227751 -0.01432615
v -0.01789147 -0.23227657 -0.01457460
v -0.01845004 -0.23863158 -0.01385495
v -0.01919297 -0.22593051 -0.01417346
v -0.01964115 -0.21958700 -0.01434422
v -0.01925895 -0.21958646 -0.01476356
v -0.01969036 -0.22593558 -0.01329471
v -0.02008395 -0.21959041 -0.01334299
v 0.01127173 -0.23229472 -0.01526728
v 0.01072058 -0.24498478 -0.01461062
v 0.00007623 -0.24499312 -0.01458750
v 0.00595578 -0.21965127 -0.01621811
v 0.01184762 -0.21962568 -0.01616744
v 0.01680112 -0.26405045 -0.01331662
v 0.01471636 -0.21960884 -0.01600710
v 0.01750437 -0.21959290 -0.01557324
v 0.01666932 -0.23227818 -0.01491529
v 0.01843845 -0.23863211 -0.01387705
v 0.01806462 -0.24498540 -0.01372560
v 0.01708034 -0.24498111 -0.01412033
v 0.01965298 -0.22593629 -0.01331161
v 0.01933953 -0.23228666 -0.01326464
v 0.01880241 -0.23228009 -0.01403683
v -0.01910060 -0.23863842 -0.01320875
v -0.02620074 -0.17587279 -0.01749932
v -0.02447172 -0.17585641 -0.01866953
v -0.00797207 -0.18194449 -0.02111920
v 0.02737233 -0.17589781 -0.01593529
v 0.02606327 -0.17587341 -0.01753798
v 0.02427668 -0.17585701 -0.01870422
v 0.02033603 -0.17583720 -0.02029220
v 0.00764704 -0.18194449 -0.02114056
v -0.00020962 -0.18194053 -0.02139272
v -0.01568782 -0.18195857 -0.02020915
v -0.02650834 -0.18207277 -0.01375206
v -0.02347450 -0.19440915 -0.01358751
v -0.02227994 -0.20065215 -0.01351607
v -0.02133267 -0.20693842 -0.01345246
v -0.01882372 -0.24499157 -0.01317141
v 0.01724464 -0.25769579 -0.01344781
v 0.01878027 -0.24499236 -0.01318088
v 0.01766722 -0.25134015 -0.01358286
v 0.02807422 -0.17592949 -0.01393318
v 0.01905945 -0.23863919 -0.01322095
v 0.01788542 -0.23227711 -0.01459486
v 0.01875463 -0.21958776 -0.01512530
v 0.01839241 -0.23227800 -0.01435070
v 0.01925500 -0.21958685 -0.01479566
v 0.01918667 -0.22593091 -0.01420421
v 0.01963562 -0.21958736 -0.01437860
v 0.02004751 -0.21959110 -0.01336188
v 0.01400365 -0.23228562 -0.01519436
v 0.01588444 -0.24497981 -0.01434833
v 0.01499890 -0.25769112 -0.01387733
v 0.01617521 -0.25769269 -0.01370573
v 0.00000915 -0.21966034 -0.01620158
v 0.01332652 -0.24498139 -0.01455127
v 0.01009644 -0.25769040 -0.01420561
v -0.01937859 -0.23228593 -0.01324996
v -0.01881095 -0.23227963 -0.01401020
v 0.00004346 -0.23231459 -0.01520070
v -0.01065119 -0.24498431 -0.01460514
v -0.01000599 -0.25768977 -0.01421032
v -0.01328269 -0.24498089 -0.01454159
v -0.01498958 -0.25769031 -0.01387819
v -0.01588392 -0.24497916 -0.01433967
v -0.01807963 -0.24498478 -0.01370852
v -0.01708662 -0.24498044 -0.01410850
v -0.01768583 -0.25133944 -0.01357123
v 0.00511725 -0.25769126 -0.01433280
v -0.00705330 -0.19445211 -0.01912675
v -0.02476359 -0.18201317 -0.01701199
v -0.02204762 -0.19439645 -0.01630563
v -0.02061086 -0.19439889 -0.01710572
v -0.01731508 -0.19441213 -0.01805754
v -0.01395620 -0.19442751 -0.01860412
v -0.01184091 -0.18194993 -0.02076169
v -0.02303058 -0.19440033 -0.01511027
v -0.02187389 -0.20064905 -0.01490401
v -0.02093843 -0.20693715 -0.01470857
v -0.01266640 -0.20699340 -0.01726399
v -0.01573097 -0.20697075 -0.01694041
v -0.01873819 -0.20694816 -0.01628456
v -0.02004742 -0.20694000 -0.01567348
v -0.02055744 -0.20693780 -0.01524051
v 0.01545495 -0.18195873 -0.02024265
v 0.01926713 -0.18197256 -0.01940588
v 0.02298088 -0.18199556 -0.01807095
v 0.02465457 -0.18201374 -0.01705021
v 0.02585312 -0.18204001 -0.01560675
v 0.02644764 -0.18207365 -0.01377742
v 0.00689752 -0.19445208 -0.01914627
v 0.01156002 -0.18194996 -0.02079059
v 0.01385062 -0.19442762 -0.01863508
v 0.01723553 -0.19441228 -0.01809584
v 0.02052343 -0.19439933 -0.01713774
v 0.02199035 -0.19439690 -0.01634175
v 0.02299996 -0.19440065 -0.01515459
v 0.02342833 -0.19440991 -0.01361174
v 0.02090935 -0.20065080 -0.01601614
v 0.02185479 -0.20064937 -0.01494654
v 0.02092713 -0.20693748 -0.01474884
v 0.02129458 -0.20693912 -0.01347454
v 0.02223869 -0.20065285 -0.01353936
v 0.02054372 -0.20693813 -0.01527841
v 0.02002340 -0.20694041 -0.01570591
v 0.01952207 -0.20065783 -0.01671392
v 0.01869765 -0.20694858 -0.01631297
v 0.01571837 -0.20697092 -0.01697424
v -0.01876394 -0.21958731 -0.01509816
v -0.01667576 -0.23227763 -0.01489858
v -0.01752100 -0.21959244 -0.01554994
v -0.01396851 -0.23228526 -0.01517486
v -0.01469512 -0.21960862 -0.01597955
v -0.01121996 -0.23229441 -0.01525313
v -0.01181902 -0.21962547 -0.01614615
v -0.00591956 -0.21965121 -0.01620531
v -0.00636902 -0.20702738 -0.01750682
v -0.00003899 -0.20703934 -0.01756112
v -0.00011193 -0.19446097 -0.01927218
v 0.00633368 -0.20702739 -0.01752349
v 0.01264798 -0.20699355 -0.01729089
v 0.00096653 -0.16917929 -0.02531861
v 0.00096265 -0.16903356 -0.03251714
v 0.00025749 -0.17011844 -0.03253872
v 0.00026136 -0.17026417 -0.02534019
v 0.00018937 -0.17141047 -0.03256484
v 0.00019323 -0.17155620 -0.02536632
v 0.00077650 -0.17256346 -0.03258850
v 0.00078038 -0.17270920 -0.02538998
v -0.02044204 -0.14525129 -0.03202416
v -0.02043817 -0.14539701 -0.02482564
v -0.02127664 -0.14589541 -0.02483527
v -0.02128050 -0.14574967 -0.03203380
v -0.02224203 -0.14603505 -0.02483758
v -0.02224590 -0.14588931 -0.03203610
v -0.02318740 -0.14579470 -0.02483221
v -0.02319126 -0.14564897 -0.03203074
v -0.02396880 -0.14521095 -0.02481997
v -0.02397266 -0.14506522 -0.03201850
v -0.01634971 -0.14171880 -0.02475337
v -0.01635357 -0.14157307 -0.03195189
v 0.00505497 -0.16550107 -0.02524635
v 0.00505111 -0.16535534 -0.03244487
v -0.02471464 -0.14438225 -0.02480279
v -0.02471905 -0.14421628 -0.03300111
v 0.00152181 -0.17337191 -0.03360546
v 0.00152623 -0.17353790 -0.02540715
v 0.00676667 -0.17246836 -0.03359000
v 0.00677107 -0.17263433 -0.02539168
v 0.01170137 -0.17047529 -0.03355230
v 0.01170579 -0.17064126 -0.02535398
v 0.01610231 -0.16748305 -0.03349409
v 0.01610672 -0.16764902 -0.02529577
v 0.01977001 -0.16362724 -0.03341800
v 0.01977441 -0.16379321 -0.02521968
v 0.02253825 -0.15908259 -0.03332749
v 0.02254266 -0.15924856 -0.02512916
v 0.02428159 -0.15405509 -0.03322664
v 0.02428600 -0.15422106 -0.02502832
v 0.02492101 -0.14877258 -0.03312004
v 0.02492543 -0.14893857 -0.02492172
v 0.02442753 -0.14347447 -0.03301252
v 0.02443195 -0.14364044 -0.02481420
v 0.02282352 -0.13840085 -0.03290894
v 0.02282793 -0.13856684 -0.02471062
v 0.02018167 -0.13378169 -0.03281400
v 0.02018609 -0.13394766 -0.02461569
v 0.01662171 -0.12982629 -0.03273201
v 0.01662613 -0.12999228 -0.02453369
v 0.01230498 -0.12671395 -0.03266668
v 0.01230940 -0.12687992 -0.02446837
v 0.00742712 -0.12458570 -0.03262098
v 0.00743154 -0.12475167 -0.02442266
v 0.00220918 -0.12353799 -0.03259696
v 0.00221360 -0.12370396 -0.02439864
v -0.00311234 -0.12361831 -0.03259573
v -0.00310792 -0.12378429 -0.02439741
v -0.00829628 -0.12482302 -0.03261733
v -0.00829188 -0.12498900 -0.02441901
v -0.01310771 -0.12709752 -0.03266079
v -0.01310331 -0.12726350 -0.02446247
v -0.01732858 -0.13033873 -0.03272413
v -0.01732416 -0.13050471 -0.02452582
v -0.02076756 -0.13439977 -0.03280450
v -0.02076316 -0.13456574 -0.02460619
v -0.02326885 -0.13909656 -0.03289825
v -0.02326444 -0.13926254 -0.02469992
v -0.01879315 -0.17329814 -0.02539137
v 0.01184838 -0.17472273 -0.02543669
v 0.01231298 -0.17511104 -0.02544480
v 0.01172335 -0.17564151 -0.02545522
v -0.02311622 -0.16932596 -0.02530863
v -0.02672944 -0.16441499 -0.02520727
v -0.02931122 -0.15889187 -0.02509406
v 0.01760564 -0.17034943 -0.02535125
v 0.01403433 -0.17356241 -0.02541437
v 0.01749877 -0.16962630 -0.02533654
v 0.01369695 -0.17305966 -0.02540401
v 0.02559046 -0.16316581 -0.02521011
v 0.02500081 -0.16369629 -0.02522053
v 0.02466345 -0.16319352 -0.02521017
v 0.02258734 -0.16429554 -0.02523136
v 0.02265028 -0.16369340 -0.02521921
v 0.00637722 -0.17873943 -0.02551506
v 0.00334186 -0.17939925 -0.02552679
v -0.00252887 -0.17949037 -0.02552547
v -0.00831148 -0.17847314 -0.02550177
v -0.01379851 -0.17638411 -0.02545653
v -0.03076168 -0.15297030 -0.02497340
v 0.02767198 -0.16086057 -0.02516456
v 0.02327948 -0.16524491 -0.02525095
v 0.01970816 -0.16845788 -0.02531409
v 0.02281488 -0.16485661 -0.02524284
v 0.01900012 -0.16827558 -0.02531000
v 0.02412929 -0.16290832 -0.02520410
v 0.02901256 -0.13786866 -0.02469981
v 0.03051353 -0.14354382 -0.02481551
v 0.03091730 -0.14940016 -0.02493429
v 0.03020940 -0.15522759 -0.02505188
v 0.02923394 -0.15817612 -0.02511105
v 0.01316281 -0.17277443 -0.02539795
v 0.01774651 -0.16893855 -0.02532276
v 0.01829000 -0.16844960 -0.02531315
v 0.00921156 -0.17746867 -0.02549087
v 0.01162085 -0.17416167 -0.02542521
v 0.01168379 -0.17355952 -0.02541305
v 0.01202241 -0.17305759 -0.02540307
v 0.01255725 -0.17277369 -0.02539761
v 0.02352374 -0.16290757 -0.02520376
v 0.02298890 -0.16319147 -0.02520923
v -0.03102469 -0.14687942 -0.02484996
v -0.03009009 -0.14085488 -0.02472849
v -0.02861704 -0.13735989 -0.02465853
v -0.02619759 -0.13443884 -0.02460069
v -0.01186775 -0.12154683 -0.02434740
v -0.00935596 -0.11971967 -0.02431176
v -0.00652162 -0.11844893 -0.02428756
v -0.00348627 -0.11778909 -0.02427583
v 0.00238447 -0.11769798 -0.02427715
v 0.00816708 -0.11871519 -0.02430085
v 0.01365411 -0.12080424 -0.02434609
v 0.01864875 -0.12389021 -0.02441125
v 0.02297182 -0.12786238 -0.02449399
v 0.02646823 -0.13257825 -0.02459135
v -0.01252279 -0.12227615 -0.01760518
v -0.01186426 -0.12167814 -0.01786144
v -0.02619422 -0.13456604 -0.01831730
v -0.02530460 -0.13377355 -0.01792269
v -0.02440975 -0.13297546 -0.01757060
v -0.01318534 -0.12287728 -0.01737219
v -0.02327891 -0.13215008 0.02045330
v -0.01871283 -0.13556121 0.02038179
v -0.01944602 -0.12795232 0.02053622
v -0.01722877 -0.13376956 0.02041726
v -0.00971980 -0.12217106 0.02064803
v -0.01486766 -0.12458282 0.02060198
v -0.00995992 -0.12842284 0.02052160
v 0.01244505 -0.12333918 0.02061247
v 0.00709929 -0.12140524 0.02065450
v 0.00569447 -0.12692828 0.02054344
v 0.01731071 -0.12627867 0.02055034
v 0.01389883 -0.13084385 0.02045976
v 0.02150929 -0.13011074 0.02047050
v 0.01569084 -0.13232759 0.02042875
v 0.01727217 -0.13392271 0.02039561
v 0.01869251 -0.13566267 0.02035962
v 0.02487944 -0.13468811 0.02037603
v 0.02318288 -0.16685992 0.01972563
v 0.01861680 -0.16344878 0.01979714
v 0.01934999 -0.17105769 0.01964271
v 0.01713274 -0.16524044 0.01976167
v -0.01740674 -0.17273133 0.01962859
v -0.01399485 -0.16816615 0.01971917
v -0.02160532 -0.16889927 0.01970842
v -0.01578687 -0.16668241 0.01975017
v -0.02738766 -0.15917510 0.01990839
v -0.02497546 -0.16432188 0.01980290
v -0.02113459 -0.15941511 0.01990017
v -0.01563330 -0.13218853 0.02044841
v -0.01389297 -0.13076846 0.02047623
v -0.01195484 -0.12948132 0.02050124
v -0.00781879 -0.12754358 0.02053825
v -0.00564452 -0.12689181 0.02055027
v -0.00420025 -0.12080973 0.02067263
v 0.00789585 -0.12760541 0.02052855
v 0.00998952 -0.12848212 0.02050967
v 0.01202630 -0.12958156 0.02048632
v 0.01553727 -0.16682146 0.01973051
v 0.01379694 -0.16824153 0.01970270
v 0.01477164 -0.17442718 0.01957695
v 0.01185881 -0.16952869 0.01967769
v 0.00986390 -0.17058715 0.01965733
v 0.00962378 -0.17683895 0.01953090
v -0.01736819 -0.16508728 0.01978331
v -0.01878853 -0.16334733 0.01981931
v -0.02007593 -0.16140960 0.01985923
v -0.02621905 -0.13701478 0.02035640
v -0.02815345 -0.14235948 0.02024924
v -0.02262928 -0.14376394 0.02021783
v -0.00338413 -0.12644982 0.02055801
v -0.00111331 -0.12623414 0.02056115
v 0.00147885 -0.12055114 0.02067481
v 0.00117874 -0.12624207 0.02055976
v 0.00345892 -0.12647511 0.02055381
v 0.01997990 -0.13760039 0.02031970
v 0.02103856 -0.13959488 0.02027876
v 0.02729163 -0.13983490 0.02027053
v -0.02195200 -0.14156300 0.02026202
v -0.02107509 -0.13946976 0.02030393
v -0.01997541 -0.13743338 0.02034456
v 0.02191798 -0.14173557 0.02023494
v 0.02256988 -0.14390938 0.02019059
v 0.02865319 -0.14535329 0.02015808
v 0.02612303 -0.16199522 0.01982253
v 0.02805744 -0.15665053 0.01992969
v 0.02253325 -0.15524606 0.01996109
v 0.00772276 -0.17146641 0.01964068
v 0.00554850 -0.17211820 0.01962866
v 0.00410424 -0.17820027 0.01950631
v -0.01254107 -0.17567082 0.01956646
v -0.00719530 -0.17760476 0.01952443
v -0.00579050 -0.17208172 0.01963549
v -0.02201401 -0.15727443 0.01994398
v -0.02266590 -0.15510063 0.01998834
v -0.02874921 -0.15365671 0.02002084
v 0.02185599 -0.15744701 0.01991690
v 0.02097906 -0.15954024 0.01987500
v 0.01987938 -0.16157663 0.01983437
v -0.00799188 -0.17140460 0.01965038
v -0.01008554 -0.17052788 0.01966926
v -0.01212233 -0.16942844 0.01969261
v -0.02310794 -0.15284069 0.02003434
v -0.02332365 -0.15057033 0.02008041
v -0.02900779 -0.14797877 0.02013593
v -0.02331569 -0.14827874 0.02012680
v -0.02308257 -0.14599903 0.02017283
v 0.02301191 -0.14616932 0.02014459
v 0.02322762 -0.14843966 0.02009852
v 0.02891176 -0.15103124 0.02004300
v 0.02321966 -0.15073125 0.02005213
v 0.02298655 -0.15301096 0.02000610
v 0.00328810 -0.17256017 0.01962093
v 0.00101730 -0.17277585 0.01961778
v -0.00157487 -0.17845885 0.01950411
v -0.00127477 -0.17276794 0.01961917
v -0.00355495 -0.17253488 0.01962512
v -0.02161016 -0.16871709 0.01071026
v -0.01741158 -0.17254916 0.01063043
v -0.01254592 -0.17548865 0.01056830
v -0.00720014 -0.17742261 0.01052628
v -0.00157972 -0.17827670 0.01050596
v 0.00409940 -0.17801811 0.01050815
v 0.00961894 -0.17665677 0.01053273
v 0.01476679 -0.17424501 0.01057879
v 0.01934515 -0.17087552 0.01064455
v 0.02317804 -0.16667776 0.01072747
v 0.02611818 -0.16181305 0.01082438
v 0.02805259 -0.15646836 0.01093154
v 0.02890693 -0.15084907 0.01104484
v 0.02864834 -0.14517112 0.01115993
v 0.02728680 -0.13965273 0.01127238
v 0.02487459 -0.13450594 0.01137787
v 0.02150446 -0.12992857 0.01147235
v 0.01730588 -0.12609652 0.01155219
v 0.01244022 -0.12315702 0.01161431
v 0.00709445 -0.12122307 0.01165634
v 0.00147402 -0.12036897 0.01167665
v -0.00420510 -0.12062756 0.01167447
v -0.00972464 -0.12198889 0.01164988
v -0.01487251 -0.12440065 0.01160382
v -0.01945084 -0.12777016 0.01153807
v -0.02328375 -0.13196792 0.01145514
v -0.02622388 -0.13683262 0.01135824
v -0.02815829 -0.14217731 0.01125108
v -0.02901263 -0.14779660 0.01113778
v -0.02875404 -0.15347455 0.01102269
v -0.02739250 -0.15899295 0.01091024
v -0.02498031 -0.16413972 0.01080475
v -0.00348357 -0.11789030 -0.01927686
v -0.00502547 -0.11814385 -0.01923912
v -0.00651884 -0.11855349 -0.01912217
v -0.00876221 -0.11950674 -0.01877833
v -0.01066003 -0.12069317 -0.01829282
v 0.00334455 -0.17950045 -0.02052781
v 0.00488650 -0.17924860 -0.02048150
v 0.00637999 -0.17884399 -0.02034967
v 0.00862374 -0.17790540 -0.01996994
v 0.01052213 -0.17673956 -0.01943886
v 0.01172684 -0.17577282 -0.01896926
v 0.02767501 -0.16097522 -0.01950171
v 0.02669067 -0.16219340 -0.01915294
v 0.02559394 -0.16329712 -0.01872415
v 0.03021208 -0.15532880 -0.02005291
v 0.02979848 -0.15683663 -0.02004114
v 0.02923672 -0.15828070 -0.01994566
v 0.02806015 -0.16041924 -0.01962639
v 0.01304845 -0.17459443 -0.01843330
v 0.02427287 -0.16449626 -0.01823490
v 0.01475121 -0.17365804 -0.01841525
v 0.02316245 -0.16609077 -0.01826658
v 0.01932956 -0.17028853 -0.01834950
v 0.01403756 -0.17368384 -0.01941560
v 0.02402332 -0.16470940 -0.01878743
v 0.02407945 -0.16465914 -0.01877492
v 0.02500405 -0.16381773 -0.01922176
v 0.02472216 -0.16407557 -0.01902245
v 0.02493468 -0.16389579 -0.01846762
v 0.02442294 -0.16434859 -0.01884314
v 0.01305684 -0.17457552 -0.01898126
v 0.01311296 -0.17452526 -0.01896875
v 0.01848227 -0.16965544 -0.02076822
v 0.01816072 -0.16994122 -0.02094373
v 0.01760779 -0.17043041 -0.02135207
v 0.02420696 -0.16454443 -0.01877254
v 0.02424396 -0.16451101 -0.01877868
v 0.01345643 -0.17421471 -0.01903698
v 0.01375567 -0.17394169 -0.01921629
v 0.02328270 -0.16536635 -0.01925218
v 0.02371435 -0.16498430 -0.01894129
v 0.02374667 -0.16495565 -0.01892082
v 0.02392462 -0.16479748 -0.01882370
v 0.01324047 -0.17441055 -0.01896638
v 0.01327748 -0.17437713 -0.01897253
v 0.01238555 -0.17518574 -0.01868975
v 0.01278017 -0.17482176 -0.01911466
v 0.01295813 -0.17466360 -0.01901755
v 0.01858817 -0.16956072 -0.02073946
v 0.01871902 -0.16944304 -0.02073553
v 0.01873161 -0.16943167 -0.02073709
v 0.01901896 -0.16917083 -0.02084399
v 0.01971031 -0.16853884 -0.02131490
v 0.01936586 -0.16885404 -0.02106515
v 0.01231621 -0.17523247 -0.01944602
v 0.01274786 -0.17485042 -0.01913514
v -0.01946643 -0.12718318 -0.01745599
v -0.01488809 -0.12381367 -0.01739023
v -0.02329934 -0.13138093 -0.01753891
v -0.01592038 -0.12732023 0.00369837
v -0.01385467 -0.12596062 0.00372478
v -0.01487733 -0.12421849 0.00260567
v 0.02149962 -0.12974641 0.00247419
v 0.01730104 -0.12591435 0.00255403
v 0.02001353 -0.13110732 0.00360238
v 0.01610450 -0.12753953 0.00367671
v 0.01243537 -0.12297485 0.00261616
v 0.00708960 -0.12104090 0.00265818
v 0.00659732 -0.12300219 0.00377368
v 0.01093259 -0.12450670 0.00374089
v 0.01157440 -0.12480276 0.00373455
v 0.01582001 -0.12732989 0.00368111
v 0.00146918 -0.12018681 0.00267850
v -0.00420994 -0.12044539 0.00267632
v -0.00392295 -0.12244774 0.00379056
v -0.00004857 -0.12216958 0.00379411
v 0.00136450 -0.12220700 0.00379259
v 0.00556486 -0.12276118 0.00377912
v -0.00972948 -0.12180673 0.00265172
v -0.01103118 -0.12450003 0.00375284
v -0.00906183 -0.12371519 0.00376767
v -0.00566236 -0.12275776 0.00378522
v -0.01811728 -0.12909774 0.00366356
v -0.01945569 -0.12758799 0.00253991
v -0.02011629 -0.13109511 0.00362420
v -0.02328858 -0.13178575 0.00245699
v -0.02168583 -0.13300601 0.00358637
v -0.02343550 -0.13565971 0.00353358
v -0.02622872 -0.13665044 0.00236009
v -0.02442321 -0.13753521 0.00349614
v -0.02573297 -0.14081448 0.00343046
v -0.02816314 -0.14199515 0.00225292
v -0.02622421 -0.14251131 0.00339637
v -0.02690826 -0.14633419 0.00331935
v -0.02901746 -0.14761443 0.00213962
v -0.02701962 -0.14774306 0.00329088
v -0.02691004 -0.15197757 0.00320509
v -0.02875889 -0.15329237 0.00202453
v -0.02677887 -0.15302943 0.00318373
v -0.02573821 -0.15749799 0.00309271
v -0.02739733 -0.15881078 0.00191208
v -0.02551122 -0.15816724 0.00307903
v -0.02344401 -0.16265416 0.00298708
v -0.02498513 -0.16395755 0.00180659
v -0.02326538 -0.16295907 0.00298082
v -0.02161499 -0.16853493 0.00171211
v -0.02012767 -0.16722077 0.00289286
v -0.02012407 -0.16735619 0.00958209
v -0.02326179 -0.16309449 0.00967005
v -0.02344041 -0.16278958 0.00967631
v -0.02550762 -0.15830266 0.00976826
v -0.02573461 -0.15763341 0.00978193
v -0.02677527 -0.15316485 0.00987296
v -0.02690645 -0.15211299 0.00989432
v -0.02701602 -0.14787848 0.00998011
v -0.02690467 -0.14646961 0.01000857
v -0.02622061 -0.14264673 0.01008560
v -0.02572937 -0.14094990 0.01011969
v -0.02441961 -0.13767064 0.01018537
v -0.02343190 -0.13579513 0.01022281
v -0.02168223 -0.13314144 0.01027559
v -0.02011269 -0.13123053 0.01031343
v -0.01811368 -0.12923317 0.01035279
v -0.01591680 -0.12745565 0.01038760
v -0.01385107 -0.12609604 0.01041401
v -0.01102758 -0.12463545 0.01044206
v -0.00905825 -0.12385061 0.01045689
v -0.00565876 -0.12289318 0.01047445
v -0.00391935 -0.12258317 0.01047979
v -0.00004497 -0.12230499 0.01048334
v 0.00136810 -0.12234242 0.01048182
v 0.00556846 -0.12289660 0.01046834
v 0.00660090 -0.12313761 0.01046291
v 0.01093619 -0.12464213 0.01043012
v 0.01157800 -0.12493819 0.01042378
v 0.01582361 -0.12746531 0.01037034
v 0.01610810 -0.12767495 0.01036594
v 0.02001712 -0.13124274 0.01029161
v 0.01875644 -0.16278768 0.02181086
v 0.02123231 -0.15827234 0.02190094
v -0.01714411 -0.16492714 0.02178685
v 0.02264115 -0.15331942 0.02200045
v 0.02291233 -0.14817725 0.02210441
v -0.02212610 -0.15598728 0.02197052
v -0.02013884 -0.16073783 0.02187327
v 0.02004498 -0.13835314 0.02230484
v 0.02203222 -0.14310367 0.02220760
v -0.02300619 -0.15091372 0.02207370
v 0.01705023 -0.13416383 0.02239127
v 0.01319818 -0.13074581 0.02246253
v -0.01329204 -0.16834515 0.02171559
v -0.00877583 -0.17082046 0.02166303
v 0.00868195 -0.12827049 0.02251507
v 0.00372801 -0.12686199 0.02254625
v -0.00141521 -0.12659094 0.02255450
v -0.00648981 -0.12747091 0.02253941
v -0.01124135 -0.12945782 0.02250174
v -0.01543155 -0.13245198 0.02244338
v -0.01885032 -0.13630329 0.02236725
v -0.02132619 -0.14081861 0.02227717
v -0.02273503 -0.14577155 0.02217766
v -0.00382189 -0.17222896 0.02163186
v 0.00132133 -0.17250003 0.02162360
v 0.00639595 -0.17162006 0.02163870
v 0.01114749 -0.16963317 0.02167637
v 0.01533769 -0.16663899 0.02173473
v -0.01714535 -0.16488059 0.01948732
v -0.01558437 -0.16645516 0.01945461
v -0.01329328 -0.16829860 0.01941606
v -0.01196701 -0.16916583 0.01939778
v -0.00877706 -0.17077391 0.01936351
v -0.00571672 -0.17178495 0.01934139
v -0.00382313 -0.17218241 0.01933233
v 0.00100342 -0.17247015 0.01932391
v -0.00125913 -0.17246234 0.01932529
v -0.00350995 -0.17223230 0.01933116
v 0.00132009 -0.17245346 0.01932408
v 0.00324499 -0.17225726 0.01932702
v 0.00639471 -0.17157350 0.01933917
v 0.00973612 -0.17030963 0.01936295
v 0.01114625 -0.16958660 0.01937684
v 0.01361852 -0.16799422 0.01940774
v 0.01533645 -0.16659243 0.01943520
v 0.01691137 -0.16503178 0.01946595
v 0.01875520 -0.16274112 0.01951133
v 0.01962263 -0.16141513 0.01953772
v 0.02123107 -0.15822579 0.01960141
v 0.02224236 -0.15516607 0.01966281
v 0.02263993 -0.15327287 0.01970092
v 0.02268982 -0.15295976 0.01970724
v 0.02291993 -0.15070939 0.01975267
v 0.02292777 -0.14844730 0.01979846
v 0.02291109 -0.14813070 0.01980488
v 0.02271484 -0.14620620 0.01984395
v 0.02203098 -0.14305712 0.01990807
v 0.02076691 -0.13971642 0.01997638
v 0.02004374 -0.13830659 0.02000531
v 0.01845106 -0.13583483 0.02005620
v 0.01704899 -0.13411728 0.02009174
v 0.01379095 -0.17327207 -0.01940714
v 0.01402088 -0.17364022 -0.01941471
v 0.01286215 -0.17412324 -0.01867264
v 0.01227457 -0.17521131 -0.01944558
v 0.01193256 -0.17494398 -0.01943998
v 0.02475743 -0.16340595 -0.01921329
v 0.02498737 -0.16377410 -0.01922087
v 0.02382865 -0.16425711 -0.01847879
v 0.02324105 -0.16534519 -0.01925174
v 0.02289904 -0.16507787 -0.01924614
v -0.03008741 -0.14095607 -0.01972951
v -0.03040929 -0.14233322 -0.01975722
v -0.03102201 -0.14698061 -0.01985098
v -0.03106400 -0.14811127 -0.01987384
v -0.03075900 -0.15307151 -0.01997443
v -0.03062768 -0.15390988 -0.01999148
v -0.02930854 -0.15899307 -0.02009509
v -0.02911568 -0.15952493 -0.02010596
v -0.02672674 -0.16451620 -0.02020829
v -0.02658121 -0.16475877 -0.02021328
v -0.02311354 -0.16942717 -0.02030966
v -0.00974023 -0.12140191 -0.01734417
v -0.00422068 -0.12004059 -0.01731958
v -0.00834158 -0.12094676 -0.01733571
v 0.02297450 -0.12796357 -0.01949502
v 0.01869565 -0.12402496 -0.01941297
v 0.02148886 -0.12934160 -0.01752171
v 0.01748607 -0.12565708 -0.01744496
v 0.01375623 -0.12095476 -0.01934816
v 0.00833015 -0.11886106 -0.01930286
v 0.00778931 -0.12082634 -0.01734195
v 0.01242463 -0.12257005 -0.01737974
v 0.01286533 -0.12278496 -0.01738433
v 0.01729029 -0.12550953 -0.01744187
v 0.00260839 -0.11781755 -0.01927866
v -0.00320765 -0.11786097 -0.01927642
v -0.00300411 -0.11989077 -0.01731721
v 0.00145842 -0.11978200 -0.01731740
v 0.00243669 -0.11985015 -0.01731931
v 0.00707886 -0.12063609 -0.01733771
v -0.02623947 -0.13624564 -0.01763581
v -0.02683925 -0.13758840 -0.01766267
v -0.02817388 -0.14159033 -0.01774297
v -0.02845080 -0.14278416 -0.01776700
v -0.02902821 -0.14720963 -0.01785628
v -0.02906328 -0.14818944 -0.01787609
v -0.02876963 -0.15288757 -0.01797137
v -0.02865510 -0.15361394 -0.01798613
v -0.02740809 -0.15840596 -0.01808381
v -0.02724066 -0.15886673 -0.01809324
v -0.02162575 -0.16813011 -0.01828379
v -0.02486971 -0.16376291 -0.01819363
v -0.02499589 -0.16355275 -0.01818931
v -0.01762294 -0.17181464 -0.01836053
v -0.01741641 -0.17236699 0.00163227
v -0.01742717 -0.17196219 -0.01836363
v -0.01300220 -0.17468674 -0.01842116
v -0.01255074 -0.17530648 0.00157015
v -0.01256150 -0.17490168 -0.01842575
v -0.00792618 -0.17664538 -0.01846354
v -0.00720499 -0.17724045 0.00152813
v -0.00721573 -0.17683563 -0.01846778
v -0.00257356 -0.17762156 -0.01848619
v -0.00158454 -0.17809454 0.00150781
v -0.00159530 -0.17768972 -0.01848808
v 0.00286724 -0.17758094 -0.01848828
v 0.00409456 -0.17783594 0.00150999
v 0.00408381 -0.17743114 -0.01848591
v 0.00820470 -0.17652495 -0.01846977
v 0.00961410 -0.17647462 0.00153458
v 0.00960335 -0.17606980 -0.01846132
v 0.01476196 -0.17406286 0.00158064
v 0.01934032 -0.17069335 0.00164639
v 0.02317321 -0.16649559 0.00172932
v 0.02611336 -0.16163088 0.00182623
v 0.02610260 -0.16122608 -0.01816968
v 0.02670238 -0.15988332 -0.01814282
v 0.02804775 -0.15628619 0.00193338
v 0.02803701 -0.15588138 -0.01806251
v 0.02831393 -0.15468755 -0.01803849
v 0.02890209 -0.15066691 0.00204669
v 0.02889133 -0.15026209 -0.01794921
v 0.02892640 -0.14928228 -0.01792940
v 0.02864350 -0.14498897 0.00216177
v 0.02863276 -0.14458415 -0.01783413
v 0.02851823 -0.14385778 -0.01781936
v 0.02728196 -0.13947056 0.00227422
v 0.02727120 -0.13906576 -0.01772168
v 0.02710377 -0.13860498 -0.01771226
v 0.02486976 -0.13432378 0.00237972
v 0.02473284 -0.13370880 -0.01761186
v 0.02485901 -0.13391897 -0.01761618
v -0.01883467 -0.17336580 -0.02039170
v -0.01389527 -0.17643599 -0.02045651
v -0.00846918 -0.17852969 -0.02050181
v -0.00274740 -0.17957321 -0.02052601
v 0.00306862 -0.17952977 -0.02052825
v 0.03027026 -0.15505753 -0.02004745
v 0.03092497 -0.14927948 -0.01993083
v 0.03048864 -0.14348087 -0.01981320
v 0.02897664 -0.13786581 -0.01969871
v 0.02644220 -0.13263197 -0.01959139
v 0.02281810 -0.16497806 -0.01924408
v 0.02266912 -0.16470972 -0.01923856
v 0.02257899 -0.16428515 -0.01922991
v 0.02263955 -0.16385536 -0.01922125
v 0.02259057 -0.16441700 -0.01923259
v 0.02265349 -0.16381484 -0.01922044
v 0.02284348 -0.16347219 -0.01921361
v 0.02299212 -0.16331291 -0.01921046
v 0.02316617 -0.16318187 -0.01920790
v 0.02356874 -0.16301940 -0.01920482
v 0.02400259 -0.16300438 -0.01920475
v 0.02352697 -0.16302902 -0.01920500
v 0.02441544 -0.16313863 -0.01920770
v 0.02466667 -0.16331498 -0.01921140
v 0.02413253 -0.16302976 -0.01920534
v 0.01202563 -0.17317903 -0.01940431
v 0.01244487 -0.17292984 -0.01939948
v 0.01256049 -0.17289513 -0.01939883
v 0.01292757 -0.17286001 -0.01939833
v 0.01340025 -0.17298019 -0.01940101
v 0.01370018 -0.17318109 -0.01940524
v 0.01316604 -0.17289588 -0.01939919
v 0.01185161 -0.17484418 -0.01943791
v 0.01171966 -0.17461599 -0.01943322
v 0.01161856 -0.17423828 -0.01942552
v 0.01163916 -0.17384782 -0.01941763
v 0.01162409 -0.17428310 -0.01942644
v 0.01177942 -0.17348284 -0.01941032
v 0.01168701 -0.17368096 -0.01941428
v 0.01900227 -0.16835655 -0.02131083
v 0.01774865 -0.16901952 -0.02132357
v 0.01750092 -0.16970727 -0.02133736
v 0.01829215 -0.16853055 -0.02131397
v -0.02212734 -0.15594073 0.01967099
v -0.02281118 -0.15279166 0.01973510
v -0.00649105 -0.12742436 0.02023988
v -0.00334133 -0.12674060 0.02025204
v 0.01548803 -0.13254268 0.02012445
v 0.01319694 -0.13069926 0.02016300
v 0.01187067 -0.12983201 0.02018127
v 0.00868071 -0.12822394 0.02021554
v -0.00141643 -0.12654439 0.02025498
v -0.00109976 -0.12652770 0.02025514
v 0.00116278 -0.12653552 0.02025376
v 0.00341361 -0.12676556 0.02024789
v 0.00372679 -0.12681544 0.02024672
v 0.00562037 -0.12721291 0.02023766
v -0.00983246 -0.12868822 0.02021609
v -0.01124259 -0.12941125 0.02020222
v -0.01371487 -0.13100363 0.02017131
v -0.01543279 -0.13240542 0.02014385
v -0.01700771 -0.13396609 0.02011310
v -0.01885154 -0.13625672 0.02006772
v -0.01971899 -0.13758273 0.02004134
v -0.02132742 -0.14077206 0.01997764
v -0.02300743 -0.15086716 0.01977417
v -0.02302412 -0.15055056 0.01978059
v -0.02301627 -0.14828847 0.01982638
v -0.02278616 -0.14603810 0.01987182
v -0.02273627 -0.14572500 0.01987813
v -0.02233870 -0.14383179 0.01991624
v -0.02086325 -0.15928143 0.01960267
v -0.02014008 -0.16069126 0.01957374
v -0.01854740 -0.16316302 0.01952285
v 0.02000575 -0.16736838 0.00956025
v 0.02157529 -0.16545750 0.00959810
v 0.02315484 -0.13550442 0.01020364
v 0.02666833 -0.14543407 0.01000073
v 0.02562769 -0.14096552 0.01009176
v 0.02540068 -0.14029627 0.01010543
v 0.02333347 -0.13580935 0.01019738
v 0.02611367 -0.15595219 0.00978809
v 0.02679773 -0.15212931 0.00986512
v 0.02690908 -0.15072045 0.00989358
v 0.02679950 -0.14648594 0.00997937
v 0.02332496 -0.16280380 0.00965088
v 0.02431267 -0.16092829 0.00968832
v 0.02562242 -0.15764901 0.00975400
v 0.01800674 -0.16936575 0.00952090
v 0.01580985 -0.17114326 0.00948609
v 0.01374413 -0.17250288 0.00945968
v 0.01092064 -0.17396347 0.00943163
v 0.00895130 -0.17474830 0.00941680
v 0.00555182 -0.17570575 0.00939925
v 0.00381241 -0.17601575 0.00939390
v -0.00006197 -0.17629394 0.00939035
v -0.00147502 -0.17625651 0.00939187
v -0.00567540 -0.17570233 0.00940534
v -0.00670784 -0.17546132 0.00941078
v -0.01104313 -0.17395680 0.00944357
v -0.01168494 -0.17366074 0.00944991
v -0.01593055 -0.17113362 0.00950336
v -0.01621504 -0.17092398 0.00950775
v 0.02315124 -0.13536900 0.00351441
v 0.02332987 -0.13567391 0.00350815
v 0.02539708 -0.14016084 0.00341620
v 0.02562409 -0.14083010 0.00340253
v 0.02666473 -0.14529864 0.00331150
v 0.02679591 -0.14635050 0.00329014
v 0.02690548 -0.15058501 0.00320436
v 0.02679413 -0.15199390 0.00317589
v 0.02611007 -0.15581678 0.00309887
v 0.02561883 -0.15751359 0.00306478
v 0.02430907 -0.16079287 0.00299909
v 0.02332136 -0.16266838 0.00296165
v 0.02157169 -0.16532208 0.00290888
v 0.02000215 -0.16723296 0.00287104
v 0.01800314 -0.16923033 0.00283167
v 0.01580626 -0.17100784 0.00279686
v 0.01374053 -0.17236745 0.00277046
v 0.01091706 -0.17382805 0.00274240
v 0.00894770 -0.17461288 0.00272757
v 0.00554824 -0.17557032 0.00271002
v 0.00380882 -0.17588033 0.00270467
v -0.00006557 -0.17615850 0.00270113
v -0.00147862 -0.17612109 0.00270264
v -0.00567900 -0.17556691 0.00271612
v -0.00671144 -0.17532590 0.00272156
v -0.01104673 -0.17382137 0.00275434
v -0.01168854 -0.17352532 0.00276068
v -0.01593415 -0.17099820 0.00281413
v -0.01621864 -0.17078856 0.00281853
v -0.02827968 -0.13694723 -0.01921258
v -0.02730606 -0.13568644 -0.01881668
v -0.02861418 -0.13746764 -0.01933658
v -0.02947600 -0.13914907 -0.01961171
v -0.01778401 -0.16954491 0.03836636
v -0.01790449 -0.16908672 0.03338885
v -0.01751780 -0.28574154 0.02766429
v -0.01763830 -0.28528336 0.02268678
v -0.01750857 -0.28836280 0.02755834
v -0.01763558 -0.28787971 0.02231219
v -0.01749256 -0.29103485 0.02772840
v -0.01763962 -0.29050788 0.02164699
v -0.01747066 -0.29361022 0.02816332
v -0.01744190 -0.29620075 0.02888381
v -0.01765022 -0.29298416 0.02073516
v -0.01740802 -0.29864448 0.02984722
v -0.01766772 -0.29540241 0.01954477
v -0.01736804 -0.30101660 0.03108068
v -0.01732844 -0.30399537 0.03218348
v -0.01769131 -0.29764745 0.01812990
v -0.01731421 -0.30728844 0.03216122
v -0.01732914 -0.31035316 0.03095618
v -0.01772011 -0.29967794 0.01653770
v -0.01774702 -0.30249792 0.01487502
v -0.01774551 -0.30572608 0.01433063
v -0.01771575 -0.30893534 0.01497659
v -0.01766169 -0.31170103 0.01672743
v -0.01743489 -0.31424186 0.02577981
v -0.01737126 -0.31277925 0.02872969
v -0.01751154 -0.31454515 0.02250153
v -0.01759048 -0.31365725 0.01935147
v -0.01166345 -0.31167415 0.01658469
v -0.01171751 -0.30890846 0.01483385
v -0.01133020 -0.30396846 0.03204073
v -0.01136980 -0.30098972 0.03093795
v -0.01174726 -0.30569920 0.01418789
v -0.01174878 -0.30247101 0.01473228
v -0.01144366 -0.29617387 0.02874107
v -0.01190627 -0.16905984 0.03324612
v -0.01178577 -0.16951801 0.03822363
v -0.01174891 -0.18560505 0.03674196
v -0.01161031 -0.24610282 0.03116992
v -0.01164006 -0.28525648 0.02254404
v -0.01165651 -0.22593690 0.03302727
v -0.01170271 -0.20577097 0.03488461
v -0.01172186 -0.29965109 0.01639497
v -0.01166895 -0.29531723 0.01943456
v -0.01149431 -0.29100797 0.02758567
v -0.01164129 -0.29044911 0.02151413
v -0.01151956 -0.28571466 0.02752155
v -0.01156410 -0.26626873 0.02931258
v -0.01131597 -0.30726156 0.03201849
v -0.01151330 -0.31451824 0.02235878
v -0.01159224 -0.31363037 0.01920872
v -0.01133090 -0.31032628 0.03081345
v -0.01137301 -0.31275237 0.02858695
v -0.01143665 -0.31421497 0.02563708
v -0.01864175 -0.16142741 0.03913432
v -0.01096524 -0.16139300 0.03895165
v -0.01996662 -0.15826812 0.03945721
v -0.00965485 -0.15822189 0.03921182
v -0.02212107 -0.15472937 0.03983509
v -0.00615187 -0.15180469 0.03971770
v -0.02287465 -0.14546320 0.04070627
v -0.00751666 -0.15466391 0.03948757
v -0.02378631 -0.14861628 0.04043809
v -0.02349894 -0.15188244 0.04013050
v -0.00587947 -0.14853601 0.04001198
v -0.00680556 -0.14539117 0.04032388
v -0.00880615 -0.14279120 0.04061164
v -0.01808666 -0.14111324 0.04099075
v -0.02088602 -0.14284535 0.04089909
v -0.01485139 -0.14049876 0.04096899
v -0.01161338 -0.14108422 0.04083672
v -0.01173388 -0.14062606 0.03585921
v -0.00892665 -0.14233303 0.03563413
v -0.00692606 -0.14493300 0.03534637
v -0.01108574 -0.16093484 0.03397415
v -0.01876225 -0.16096924 0.03415682
v -0.00977535 -0.15776372 0.03423431
v -0.02008711 -0.15780994 0.03447969
v -0.00763716 -0.15420574 0.03451006
v -0.01497189 -0.14004059 0.03599149
v -0.02361944 -0.15142427 0.03515299
v -0.02224157 -0.15427120 0.03485758
v -0.00599997 -0.14807785 0.03503448
v -0.00627237 -0.15134652 0.03474020
v -0.02299515 -0.14500503 0.03572875
v -0.02100652 -0.14238718 0.03592158
v -0.01820716 -0.14065507 0.03601325
v -0.02390681 -0.14815812 0.03546059
v -0.01094410 -0.16203505 0.03866187
v -0.01122385 -0.16206932 0.03893798
v -0.01196536 -0.16499938 0.03886970
v -0.01208482 -0.16618361 0.03883779
v -0.01183234 -0.16619709 0.03857055
v -0.01066402 -0.16199955 0.03838627
v -0.01126916 -0.16433886 0.03827395
v -0.01140206 -0.16503465 0.03827264
v -0.01157989 -0.16621102 0.03830331
v -0.01863122 -0.16317573 0.03849220
v -0.01839668 -0.16413087 0.03844860
v -0.01800499 -0.16323124 0.03906612
v -0.01837802 -0.16210139 0.03910823
v -0.01867087 -0.16206968 0.03884574
v -0.01896406 -0.16203676 0.03858377
v -0.01801548 -0.16623989 0.03845646
v -0.01775073 -0.16622363 0.03871138
v -0.01748595 -0.16620782 0.03896631
v -0.01105356 -0.16161887 0.03414057
v -0.01076041 -0.16163301 0.03440426
v -0.01108805 -0.16277106 0.03428612
v -0.01134637 -0.16160344 0.03387659
v -0.01168985 -0.16579296 0.03376132
v -0.01195476 -0.16573161 0.03351353
v -0.01209669 -0.16450001 0.03344466
v -0.01221972 -0.16567071 0.03326567
v -0.01787316 -0.16575815 0.03365437
v -0.01812543 -0.16582181 0.03391446
v -0.01830859 -0.16467163 0.03415941
v -0.01813092 -0.16275240 0.03386414
v -0.01762085 -0.16569491 0.03339420
v -0.01906046 -0.16167022 0.03460177
v -0.01878033 -0.16165350 0.03432444
v -0.01850054 -0.16163549 0.03404684
v -0.01121839 -0.16126823 0.03392556
v -0.01862906 -0.16130146 0.03410190
v -0.01241852 -0.16886127 0.03277453
v -0.01741706 -0.16888368 0.03289348
v -0.01109687 -0.16173026 0.03894490
v -0.01727246 -0.16943349 0.03886649
v -0.01227392 -0.16941108 0.03874755
v -0.01850756 -0.16176347 0.03912124
v -0.01215196 -0.28521290 0.02205818
v -0.01185398 -0.16741803 0.03345097
v -0.01215317 -0.29030371 0.02104846
v -0.01218029 -0.29507637 0.01900967
v -0.01223216 -0.29932523 0.01602968
v -0.01201201 -0.31501839 0.02232482
v -0.01209533 -0.31408119 0.01899977
v -0.01217050 -0.31201628 0.01622993
v -0.01222757 -0.30909693 0.01438184
v -0.01225898 -0.30570939 0.01369999
v -0.01226058 -0.30230188 0.01427462
v -0.01186053 -0.30073825 0.03138059
v -0.01181873 -0.30388251 0.03254466
v -0.01181786 -0.30398521 0.03256245
v -0.01180372 -0.30735853 0.03252118
v -0.01180373 -0.30744034 0.03250502
v -0.01181947 -0.31059352 0.03124919
v -0.01182004 -0.31064644 0.03121587
v -0.01186393 -0.31315437 0.02889899
v -0.01186461 -0.31317937 0.02886559
v -0.01193155 -0.31470391 0.02576519
v -0.01193110 -0.31469825 0.02578523
v -0.01193295 -0.29601684 0.02922680
v -0.01198261 -0.29095224 0.02809406
v -0.01200736 -0.28576270 0.02803120
v -0.01205192 -0.26631415 0.02982246
v -0.01209812 -0.24614823 0.03167982
v -0.01214432 -0.22598229 0.03353715
v -0.01219051 -0.20581637 0.03539450
v -0.01223671 -0.18565045 0.03725185
v -0.01173613 -0.16786617 0.03831949
v -0.01700590 -0.28578511 0.02815014
v -0.01784382 -0.16789354 0.03846481
v -0.01699686 -0.28835499 0.02804626
v -0.01698114 -0.29097465 0.02821300
v -0.01695968 -0.29349950 0.02863939
v -0.01693149 -0.29603925 0.02934575
v -0.01689827 -0.29843506 0.03029027
v -0.01685907 -0.30076069 0.03149956
v -0.01701054 -0.31504077 0.02244377
v -0.01693008 -0.31472632 0.02588413
v -0.01692964 -0.31472066 0.02590417
v -0.01686315 -0.31320176 0.02898455
v -0.01686247 -0.31317678 0.02901793
v -0.01681856 -0.31066886 0.03133481
v -0.01681801 -0.31061596 0.03136815
v -0.01680227 -0.30746275 0.03262396
v -0.01681727 -0.30390492 0.03266360
v -0.01681639 -0.30400762 0.03268139
v -0.01680225 -0.30738091 0.03264013
v -0.01723070 -0.29934764 0.01614862
v -0.01725911 -0.30232430 0.01439356
v -0.01725751 -0.30573177 0.01381894
v -0.01722611 -0.30911934 0.01450078
v -0.01716903 -0.31203869 0.01634888
v -0.01709387 -0.31410357 0.01911872
v -0.01720247 -0.29735696 0.01770960
v -0.01717882 -0.29509878 0.01912862
v -0.01716219 -0.29278511 0.02026379
v -0.01715171 -0.29032612 0.02116741
v -0.01714783 -0.28778076 0.02180988
v -0.01715050 -0.28523532 0.02217713
v -0.01796168 -0.16744541 0.03359631
v -0.02004653 -0.15908329 0.03486376
v -0.02052233 -0.15807907 0.03496771
v -0.02263454 -0.15460971 0.03533820
v -0.02408894 -0.15160462 0.03565002
v -0.02411633 -0.15150453 0.03565989
v -0.02439229 -0.14815702 0.03597471
v -0.02438388 -0.14807437 0.03598212
v -0.02342998 -0.14482875 0.03625777
v -0.02340177 -0.14477310 0.03626221
v -0.02133085 -0.14206547 0.03646130
v -0.02129997 -0.14203753 0.03646313
v -0.01496098 -0.13958853 0.03653510
v -0.01835654 -0.14022960 0.03655829
v -0.01837599 -0.14023712 0.03655806
v -0.01156256 -0.14019914 0.03639662
v -0.01154308 -0.14020650 0.03639547
v -0.00861092 -0.14198065 0.03616118
v -0.00857989 -0.14200832 0.03615788
v -0.00649662 -0.14469732 0.03585993
v -0.00646816 -0.14475273 0.03585415
v -0.00549940 -0.14798972 0.03553273
v -0.00721877 -0.15454061 0.03497136
v -0.00577815 -0.15152255 0.03521430
v -0.00575122 -0.15142220 0.03522288
v -0.00549062 -0.14807229 0.03552492
v -0.00931503 -0.15802884 0.03470103
v -0.00921863 -0.15839536 0.03868303
v -0.00712237 -0.15490714 0.03895336
v -0.00568176 -0.15188909 0.03919629
v -0.00565483 -0.15178874 0.03920488
v -0.00539421 -0.14843883 0.03950692
v -0.00540301 -0.14835626 0.03951474
v -0.00637176 -0.14511926 0.03983615
v -0.00640022 -0.14506386 0.03984194
v -0.00848349 -0.14237484 0.04013988
v -0.00851452 -0.14234719 0.04014319
v -0.01486459 -0.13995506 0.04051710
v -0.01146616 -0.14056568 0.04037862
v -0.01144669 -0.14057304 0.04037747
v -0.01826015 -0.14059614 0.04054030
v -0.01827959 -0.14060366 0.04054008
v -0.02120356 -0.14240406 0.04044514
v -0.02123446 -0.14243202 0.04044332
v -0.02330537 -0.14513963 0.04024422
v -0.02333357 -0.14519531 0.04023978
v -0.02428747 -0.14844091 0.03996411
v -0.02253814 -0.15497623 0.03932020
v -0.02399255 -0.15197116 0.03963203
v -0.02401993 -0.15187106 0.03964190
v -0.02429589 -0.14852355 0.03995671
v -0.02042593 -0.15844561 0.03894972
v -0.01995012 -0.15944982 0.03884577
v -0.03135597 -0.14461930 0.03491938
v -0.03134206 -0.14456315 0.03496686
v -0.03091267 -0.14633036 0.03726905
v -0.03097112 -0.14645073 0.03719632
v -0.03140026 -0.14467360 0.03487854
v -0.03094680 -0.14642410 0.03721003
v -0.03136580 -0.14463598 0.03490623
v -0.03092706 -0.14639154 0.03722888
v -0.03091422 -0.14634947 0.03725589
v -0.03101683 -0.14648321 0.03718296
v -0.03146763 -0.14471228 0.03485520
v -0.03143021 -0.14469452 0.03486488
v -0.03151065 -0.14472447 0.03485134
v -0.03110996 -0.14651169 0.03718233
v -0.03154072 -0.14472856 0.03485253
v -0.03059692 -0.14782630 0.03906978
v -0.03066891 -0.14784664 0.03907416
v -0.03057625 -0.14781576 0.03907184
v -0.03053273 -0.14778388 0.03908302
v -0.03047324 -0.14766431 0.03915193
v -0.03047446 -0.14767814 0.03914249
v -0.03048874 -0.14772499 0.03911315
v -0.03050693 -0.14775507 0.03909663
v -0.02997297 -0.14938855 0.04109197
v -0.02998215 -0.14939310 0.04109183
v -0.03005611 -0.14941445 0.04110214
v -0.03018141 -0.14913079 0.04073318
v -0.03038183 -0.14862193 0.04009983
v -0.02991599 -0.14934905 0.04110147
v -0.02986816 -0.14928982 0.04112918
v -0.02987035 -0.14929369 0.04112702
v -0.02989333 -0.14932585 0.04111091
v -0.03018257 -0.14844012 0.04017174
v -0.02984943 -0.14923221 0.04116607
v -0.02911303 -0.15107830 0.04322744
v -0.02754731 -0.15286072 0.04489126
v -0.02895199 -0.15105271 0.04325141
v -0.02892446 -0.15102555 0.04325823
v -0.02767172 -0.15294075 0.04492603
v -0.02905200 -0.15111044 0.04326154
v -0.02901685 -0.15109609 0.04325292
v -0.02763128 -0.15292145 0.04490423
v -0.02898316 -0.15107653 0.04324958
v -0.02760868 -0.15290780 0.04489651
v -0.02890163 -0.15099600 0.04326986
v -0.02752003 -0.15283400 0.04489798
v -0.02747860 -0.15277985 0.04492947
v -0.02749650 -0.15280633 0.04491104
v -0.02803848 -0.15206787 0.04442595
v -0.02888458 -0.15096501 0.04328616
v -0.02856847 -0.15136254 0.04377935
v -0.02907993 -0.15062635 0.04294172
v -0.02955237 -0.14982417 0.04193565
v -0.02805150 -0.15250966 0.04463650
v -0.02770083 -0.15294939 0.04494996
v -0.02743678 -0.15286547 0.04495759
v -0.02742395 -0.15284547 0.04497148
v -0.02753976 -0.15296593 0.04493837
v -0.02751074 -0.15305239 0.04498832
v -0.02759495 -0.15299916 0.04495967
v -0.02753063 -0.15306336 0.04499788
v -0.02758694 -0.15308471 0.04504018
v -0.02738054 -0.15293351 0.04500011
v -0.02740745 -0.15296721 0.04498326
v -0.02747860 -0.15291440 0.04493732
v -0.02743472 -0.15299504 0.04497615
v -0.02746581 -0.15302162 0.04497619
v -0.02736722 -0.15291314 0.04501427
v -0.02632937 -0.15435779 0.04562490
v -0.02519106 -0.15579647 0.04599996
v -0.02525085 -0.15583342 0.04603794
v -0.02489264 -0.15643916 0.04618432
v -0.02537743 -0.15574034 0.04607418
v -0.02684951 -0.15362591 0.04534205
v -0.02363083 -0.15911075 0.04624264
v -0.02389491 -0.15837629 0.04627118
v -0.02359080 -0.15909405 0.04618259
v -0.02428624 -0.15741821 0.04620181
v -0.02357352 -0.15908746 0.04616702
v -0.02422430 -0.15738802 0.04616086
v -0.02352665 -0.15907046 0.04613996
v -0.02429677 -0.15691957 0.04615042
v -0.02338260 -0.15902331 0.04614482
v -0.02341399 -0.15903302 0.04613356
v -0.02415347 -0.15735224 0.04615024
v -0.02345152 -0.15904504 0.04612769
v -0.02348991 -0.15905778 0.04612984
v -0.02512619 -0.15575053 0.04599217
v -0.02626859 -0.15430640 0.04562283
v -0.02551964 -0.15511234 0.04589257
v -0.02622170 -0.15425876 0.04564478
v -0.02694176 -0.15341693 0.04529219
v -0.02627189 -0.15462118 0.04577709
v -0.02638974 -0.15439866 0.04565698
v -0.02690890 -0.15367901 0.04534000
v -0.02291162 -0.16160293 0.04589250
v -0.02297574 -0.16161992 0.04593285
v -0.02301879 -0.16163594 0.04599441
v -0.02276319 -0.16157603 0.04589231
v -0.02279987 -0.16158119 0.04588113
v -0.02288773 -0.16159756 0.04588462
v -0.02283510 -0.16158712 0.04587777
v -0.02147301 -0.16932642 0.04490442
v -0.01995363 -0.17505842 0.04391555
v -0.01467422 -0.19151759 0.04149120
v -0.01467399 -0.19146250 0.04148616
v -0.01457709 -0.19166993 0.04147943
v -0.01452186 -0.19163272 0.04146691
v -0.01994777 -0.17500108 0.04391969
v -0.01992528 -0.17465948 0.04398200
v -0.01803261 -0.18178795 0.04286112
v -0.01710184 -0.18466209 0.04242904
v -0.01595275 -0.18847461 0.04183959
v -0.01589374 -0.18845682 0.04185123
v -0.01547409 -0.18960790 0.04168933
v -0.02148828 -0.16834609 0.04492782
v -0.02195946 -0.16578647 0.04531327
v -0.01613460 -0.18855348 0.04196363
v -0.01660366 -0.18710658 0.04218032
v -0.01612251 -0.18854563 0.04193801
v -0.01886080 -0.17963634 0.04332090
v -0.02008247 -0.17510819 0.04402282
v -0.01466732 -0.19173625 0.04157203
v -0.01467647 -0.19174425 0.04159864
v -0.01476541 -0.19158253 0.04158334
v -0.01567102 -0.18981735 0.04178989
v -0.01586457 -0.18932492 0.04185381
v -0.01537619 -0.19001520 0.04163042
v -0.01601763 -0.18849765 0.04184987
v -0.02002518 -0.17508215 0.04394986
v -0.01608264 -0.18852484 0.04188763
v -0.01446902 -0.19159879 0.04147632
v -0.01463342 -0.19170998 0.04151978
v -0.01473115 -0.19155668 0.04153133
v -0.02118316 -0.17060205 0.04471276
v -0.01438965 -0.19215700 0.04157300
v -0.01435861 -0.19213285 0.04150607
v -0.01434718 -0.19212390 0.04149120
v -0.01428041 -0.19207211 0.04144477
v -0.01424065 -0.19204181 0.04143808
v -0.01421309 -0.19202116 0.04144083
v -0.01418808 -0.19200273 0.04144861
v -0.01297588 -0.19337450 0.04146091
v -0.00006405 -0.19510728 0.04241806
v -0.00006408 -0.19517404 0.04241337
v -0.00539067 -0.19495645 0.04221302
v -0.00744557 -0.19495052 0.04203572
v -0.00935453 -0.19461240 0.04179926
v -0.01292764 -0.19330910 0.04144165
v -0.00938984 -0.19467402 0.04179011
v -0.01122911 -0.19420683 0.04157861
v -0.01127430 -0.19411866 0.04157933
v -0.01282024 -0.19329330 0.04145746
v -0.01302234 -0.19346973 0.04158054
v -0.01301657 -0.19342732 0.04151203
v -0.01128648 -0.19434094 0.04165335
v -0.01140115 -0.19433574 0.04171188
v -0.00942231 -0.19481432 0.04186850
v -0.00957311 -0.19483088 0.04191962
v -0.00753401 -0.19502221 0.04209075
v -0.00640382 -0.19513692 0.04227506
v -0.00006408 -0.19531621 0.04249474
v -0.00105226 -0.19534332 0.04255866
v -0.00006405 -0.19534886 0.04256526
v -0.00006409 -0.19525354 0.04243866
v -0.00752310 -0.19495995 0.04203534
v -0.00940560 -0.19475260 0.04181390
v -0.01125909 -0.19428174 0.04160033
v 0.01409223 -0.19203699 0.04142208
v 0.01411425 -0.19205308 0.04142105
v 0.01283013 -0.19329783 0.04142365
v 0.01416390 -0.19209014 0.04143282
v 0.01417843 -0.19210121 0.04144016
v 0.01287874 -0.19336306 0.04144274
v 0.01111779 -0.19413905 0.04156784
v 0.00934061 -0.19466780 0.04176856
v 0.00931253 -0.19460532 0.04177700
v 0.00740051 -0.19494866 0.04201630
v 0.00598208 -0.19491854 0.04214562
v 0.00064935 -0.19510491 0.04241383
v 0.00748817 -0.19502214 0.04207193
v 0.00747713 -0.19495979 0.04201655
v 0.00935667 -0.19474640 0.04179221
v 0.01423221 -0.19214331 0.04148888
v 0.01426301 -0.19216934 0.04155461
v 0.01291975 -0.19341579 0.04149376
v 0.01289458 -0.19348088 0.04156391
v 0.01135843 -0.19431207 0.04168852
v 0.01115839 -0.19419461 0.04155828
v 0.01275842 -0.19325684 0.04143783
v 0.01121672 -0.19432855 0.04163271
v 0.00939733 -0.19484735 0.04191316
v 0.01406141 -0.19201489 0.04143049
v 0.01118890 -0.19426940 0.04157981
v 0.00937365 -0.19480816 0.04184673
v 0.00526584 -0.19520320 0.04235377
v 0.01455015 -0.19175678 0.04157961
v 0.01439972 -0.19195879 0.04154009
v 0.01451999 -0.19173218 0.04151658
v 0.01436667 -0.19193196 0.04148741
v 0.01450757 -0.19172287 0.04150153
v 0.01446798 -0.19169441 0.04146942
v 0.01431175 -0.19189036 0.04144651
v 0.01445152 -0.19168295 0.04146096
v 0.01425801 -0.19185141 0.04143353
v 0.01439662 -0.19164588 0.04144813
v 0.01420526 -0.19181459 0.04144308
v 0.01434273 -0.19161119 0.04145784
v 0.02129885 -0.16914669 0.04479871
v 0.02281818 -0.16162309 0.04586045
v 0.02288373 -0.16164061 0.04590405
v 0.02122163 -0.16912748 0.04478631
v 0.02274024 -0.16160731 0.04584689
v 0.01531862 -0.18989396 0.04162721
v 0.01539022 -0.18952064 0.04168265
v 0.01598948 -0.18804403 0.04188478
v 0.01635732 -0.18666504 0.04210377
v 0.01717607 -0.18429784 0.04245333
v 0.01845359 -0.17972723 0.04317137
v 0.01934879 -0.17675205 0.04362008
v 0.02082096 -0.17055114 0.04458893
v 0.02266831 -0.16159651 0.04586302
v 0.01539001 -0.18992643 0.04164489
v 0.01544786 -0.18995675 0.04169181
v 0.01555858 -0.18980163 0.04177322
v 0.01612372 -0.18809742 0.04194748
v 0.01706117 -0.18529765 0.04243313
v 0.01731280 -0.18434913 0.04251239
v 0.01820640 -0.18152598 0.04300794
v 0.01948905 -0.17679819 0.04367518
v 0.01990524 -0.17538920 0.04395628
v 0.02136403 -0.16916750 0.04484118
v 0.02198682 -0.16649477 0.04529499
v 0.01942501 -0.17677443 0.04363266
v 0.01725093 -0.18432324 0.04246806
v 0.01606343 -0.18807074 0.04190149
v 0.02292407 -0.16165571 0.04596495
v 0.02353911 -0.15912981 0.04621271
v 0.02352656 -0.15912440 0.04618862
v 0.02349608 -0.15911242 0.04615175
v 0.02348238 -0.15910731 0.04614012
v 0.02343344 -0.15908982 0.04611246
v 0.02340995 -0.15908174 0.04610490
v 0.02335936 -0.15906495 0.04609900
v 0.02332539 -0.15905413 0.04610295
v 0.02329032 -0.15904340 0.04611487
v 0.02380222 -0.15839998 0.04624079
v 0.02366352 -0.15804714 0.04614831
v 0.02704382 -0.15352632 0.04521901
v 0.02749850 -0.15310881 0.04500542
v 0.02709508 -0.15355235 0.04525376
v 0.02715320 -0.15351501 0.04524823
v 0.02728957 -0.15295336 0.04496760
v 0.02731286 -0.15298308 0.04495228
v 0.02693180 -0.15343472 0.04520840
v 0.02734816 -0.15301912 0.04494325
v 0.02698084 -0.15348083 0.04520174
v 0.02737748 -0.15304397 0.04494372
v 0.02742999 -0.15307973 0.04495832
v 0.02468093 -0.15616171 0.04604570
v 0.02601531 -0.15442018 0.04565845
v 0.02588608 -0.15466416 0.04570495
v 0.02486809 -0.15599395 0.04599950
v 0.02492389 -0.15603256 0.04600259
v 0.02498663 -0.15607190 0.04603269
v 0.02503181 -0.15603407 0.04603659
v 0.02528814 -0.15576211 0.04604202
v 0.02447248 -0.15700240 0.04620674
v 0.02575142 -0.15516391 0.04590322
v 0.02604551 -0.15477687 0.04577116
v 0.02599937 -0.15475124 0.04572968
v 0.02593785 -0.15470766 0.04570436
v 0.02727874 -0.15293665 0.04497921
v 0.02761224 -0.15297319 0.04491448
v 0.02755415 -0.15295179 0.04487232
v 0.02753518 -0.15294150 0.04486373
v 0.02748887 -0.15291016 0.04485241
v 0.02745846 -0.15288432 0.04485311
v 0.02743019 -0.15285544 0.04486126
v 0.02739084 -0.15280133 0.04489397
v 0.02829222 -0.15200698 0.04413687
v 0.02867058 -0.15160501 0.04375326
v 0.02816917 -0.15190570 0.04414254
v 0.02784309 -0.15223360 0.04449787
v 0.02886315 -0.15084127 0.04313731
v 0.02966103 -0.15005095 0.04186451
v 0.02893648 -0.15111271 0.04320279
v 0.02982346 -0.14937620 0.04106127
v 0.02979984 -0.14935137 0.04107160
v 0.02886780 -0.15106823 0.04320006
v 0.02881669 -0.15100800 0.04322106
v 0.02996563 -0.14944027 0.04106364
v 0.02989329 -0.14942095 0.04105239
v 0.02987302 -0.14941113 0.04105258
v 0.02975919 -0.14925784 0.04112781
v 0.02977621 -0.14931525 0.04109047
v 0.02977708 -0.14931695 0.04108950
v 0.02822407 -0.15196355 0.04412637
v 0.03009069 -0.14915673 0.04069452
v 0.03050499 -0.14785264 0.03903045
v 0.03057718 -0.14787300 0.03903487
v 0.03029073 -0.14864802 0.04006092
v 0.03043876 -0.14780806 0.03904470
v 0.03048455 -0.14784217 0.03903253
v 0.02993189 -0.14886758 0.04062806
v 0.03041551 -0.14778167 0.03905725
v 0.03039541 -0.14774749 0.03907614
v 0.03038300 -0.14770465 0.03910311
v 0.03038179 -0.14769027 0.03911294
v 0.03081993 -0.14635693 0.03722944
v 0.03083419 -0.14641811 0.03718927
v 0.03087816 -0.14647734 0.03715665
v 0.03094472 -0.14651991 0.03714047
v 0.03101694 -0.14653842 0.03714248
v 0.03144621 -0.14475720 0.03481387
v 0.03137270 -0.14474036 0.03481621
v 0.03135220 -0.14473140 0.03482062
v 0.03130586 -0.14470144 0.03483909
v 0.03128138 -0.14467682 0.03485654
v 0.03126112 -0.14464560 0.03488044
v 0.03124787 -0.14459009 0.03492672
v 0.03170206 -0.14313352 0.03327137
v 0.03168717 -0.14271423 0.03298039
v 0.03176630 -0.14263637 0.03291269
v 0.03160040 -0.14273338 0.03305923
v 0.03161931 -0.14273877 0.03304137
v 0.03164966 -0.14273427 0.03301364
v 0.03130795 -0.14425647 0.03456115
v 0.03158397 -0.14271995 0.03307533
v 0.03156867 -0.14269191 0.03309144
v 0.03156075 -0.14265874 0.03310106
v 0.03155916 -0.14257574 0.03310823
v -0.03163163 -0.14272019 0.03326945
v -0.03165095 -0.14409317 0.03417723
v -0.03187846 -0.14246951 0.03286129
v -0.03180447 -0.14254679 0.03292434
v -0.03179466 -0.14255403 0.03293290
v -0.03177083 -0.14256807 0.03295394
v -0.03173435 -0.14257716 0.03298696
v -0.03171416 -0.14257264 0.03300589
v -0.03169653 -0.14255887 0.03302307
v -0.03167132 -0.14241153 0.03305643
v -0.03167379 -0.14250186 0.03304788
v -0.03168464 -0.14253958 0.03303533
v -0.03433953 -0.06022720 0.04004032
v -0.03424961 -0.05490019 0.04103265
v -0.03377461 -0.05587519 0.04086241
v -0.03375548 -0.05488043 0.04103617
v -0.03436516 -0.06173144 0.03977036
v -0.03436403 -0.06166032 0.03978327
v -0.03387465 -0.06173170 0.03977085
v -0.03380846 -0.05784859 0.04047661
v -0.03377258 -0.05587519 0.04086245
v -0.03375441 -0.05493278 0.04254547
v -0.03302351 -0.05494086 0.04254211
v -0.03303450 -0.05539720 0.04246363
v -0.03377422 -0.05590572 0.04236912
v -0.03304289 -0.05585188 0.04237633
v -0.03305187 -0.05669365 0.04221616
v -0.03384316 -0.05992294 0.04161884
v -0.03313555 -0.06173478 0.04129426
v -0.03387366 -0.06173600 0.04129581
v -0.03314887 -0.06260260 0.04114178
v -0.03319972 -0.06607687 0.04054879
v -0.03406280 -0.07475636 0.03918233
v -0.03332096 -0.07635624 0.03894665
v -0.03408065 -0.07635596 0.03894716
v -0.03337953 -0.08455244 0.03781715
v -0.03416603 -0.08781856 0.03740099
v -0.03339616 -0.09050167 0.03707175
v -0.03417561 -0.09513458 0.03653066
v -0.03336192 -0.10112274 0.03588374
v -0.03404696 -0.11121976 0.03491143
v -0.03312225 -0.11680256 0.03443413
v -0.03399040 -0.11437263 0.03463699
v -0.03354349 -0.12906089 0.03353207
v -0.03248692 -0.13390142 0.03322773
v -0.03318463 -0.13640597 0.03307885
v -0.03240201 -0.13549836 0.03313270
v -0.03309334 -0.13795908 0.03300023
v -0.03298561 -0.13951036 0.03291254
v -0.03197734 -0.14233805 0.03277856
v -0.03271006 -0.14233382 0.03277364
v -0.02502157 -0.06196656 0.05542203
v -0.02502132 -0.06027856 0.05551815
v -0.02084016 -0.06112815 0.05646604
v -0.01790009 -0.06200117 0.05700843
v -0.01047072 -0.06116383 0.05815059
v -0.01072657 -0.06202546 0.05807334
v -0.00362783 -0.06203857 0.05859985
v 0.00000404 -0.06118377 0.05871522
v 0.00000364 -0.06204113 0.05866621
v 0.00000443 -0.06032643 0.05876382
v -0.00635194 -0.06032167 0.05855745
v -0.01241249 -0.06031261 0.05796856
v -0.02288846 -0.06028650 0.05604892
v -0.01884857 -0.06030039 0.05692429
v -0.00139364 0.01654637 0.06390739
v -0.00712422 0.01631420 0.06359558
v -0.00618359 -0.02254405 0.06235152
v -0.02126970 -0.00758975 0.06059053
v -0.02204552 -0.01107778 0.06031149
v -0.01878769 -0.02248478 0.06068102
v -0.02279384 -0.01434768 0.06003686
v -0.02448029 -0.02037900 0.05942806
v -0.02473551 -0.02116330 0.05933657
v -0.02499106 -0.02192078 0.05924502
v -0.02532922 -0.03724424 0.05861066
v -0.01318978 0.01468447 0.06278133
v -0.01365274 0.01430523 0.06269441
v -0.01250858 -0.02252117 0.06172585
v -0.01383649 0.01413338 0.06265871
v -0.01478596 0.01298098 0.06246207
v -0.01535475 0.01201096 0.06233318
v -0.01578159 0.01108291 0.06222971
v -0.01658090 0.00882940 0.06201949
v -0.01745125 0.00617679 0.06177955
v -0.01949886 -0.00066698 0.06117348
v -0.00877700 0.01618594 0.06342739
v -0.01111353 0.01572586 0.06312373
v -0.01166156 0.01552997 0.06304041
v -0.00633341 -0.06214592 0.06046218
v 0.00000487 -0.06215245 0.06066391
v 0.00002073 -0.02764794 0.06234558
v 0.00004082 0.01655554 0.06391962
v -0.01278809 -0.06213109 0.05983622
v -0.01919099 -0.06210819 0.05879532
v -0.02552426 -0.06207756 0.05735492
v -0.03072189 -0.03359179 0.05523569
v -0.03141807 -0.04137687 0.05424557
v -0.02978756 -0.04159237 0.05608941
v -0.03477613 -0.05641146 0.04127086
v -0.03486410 -0.06174120 0.04028659
v -0.03482627 -0.06177501 0.04201764
v -0.03443678 -0.04211552 0.04426724
v -0.03455953 -0.04610158 0.04336726
v -0.03408932 -0.04057129 0.04704531
v -0.03459612 -0.04751391 0.04305974
v -0.03438545 -0.04068938 0.04460066
v -0.03423551 -0.03892784 0.04578788
v -0.03433523 -0.03977890 0.04498672
v -0.03265583 -0.04112815 0.05205201
v -0.03339110 -0.03727417 0.04992073
v -0.03408560 -0.03840958 0.04682652
v -0.03172449 -0.03500913 0.05378546
v -0.03206204 -0.03546547 0.05319089
v -0.03298113 -0.03669876 0.05114665
v -0.02614927 -0.02493739 0.05877816
v -0.02769483 -0.02835678 0.05794805
v -0.02777122 -0.04176308 0.05748756
v -0.02879651 -0.03046316 0.05716662
v -0.03011587 -0.03267331 0.05594147
v -0.02547717 -0.02324033 0.05906309
v -0.02803657 -0.06205796 0.05640247
v -0.03020545 -0.06202813 0.05491593
v -0.03195238 -0.06198869 0.05292611
v -0.03323736 -0.06194214 0.05056334
v -0.03436623 -0.06186673 0.04671601
v -0.03456878 -0.06184201 0.04545162
v -0.03475126 -0.05497994 0.04153701
v 0.03434841 -0.06176100 0.03972629
v 0.03385788 -0.06176084 0.03972740
v 0.03434696 -0.06168989 0.03973919
v 0.03382675 -0.05978251 0.04008494
v 0.03425777 -0.05636032 0.04072330
v 0.03374480 -0.05493355 0.04098829
v 0.03424267 -0.05492963 0.04098871
v 0.03383035 -0.05995206 0.04157543
v 0.03385886 -0.06176514 0.04125236
v 0.03374597 -0.05496277 0.04249921
v 0.03261500 -0.14236175 0.03273463
v 0.03197529 -0.14236502 0.03273736
v 0.03205524 -0.14121819 0.03276860
v 0.03323157 -0.13392277 0.03318607
v 0.03309504 -0.13643438 0.03303422
v 0.03249285 -0.13392255 0.03318648
v 0.03300233 -0.13798730 0.03295784
v 0.03289314 -0.13953869 0.03287027
v 0.03371406 -0.12231640 0.03396352
v 0.03304024 -0.12059315 0.03409402
v 0.03385917 -0.11716302 0.03436423
v 0.03329653 -0.10952393 0.03502408
v 0.03408907 -0.10248966 0.03570314
v 0.03340115 -0.10114923 0.03584115
v 0.03409900 -0.10114952 0.03584075
v 0.03412597 -0.09516396 0.03648685
v 0.03344686 -0.09085105 0.03699039
v 0.03412972 -0.09206796 0.03684548
v 0.03409653 -0.08207189 0.03810671
v 0.03343490 -0.08408628 0.03783904
v 0.03405025 -0.07638462 0.03890355
v 0.03338746 -0.07638429 0.03890396
v 0.03396553 -0.06902952 0.04002753
v 0.03321871 -0.06174754 0.04125449
v 0.03320236 -0.06061641 0.04145599
v 0.03312943 -0.05586443 0.04233704
v 0.03311630 -0.05496852 0.04250040
v 0.00699971 -0.06203971 0.05840672
v 0.01047806 -0.06117234 0.05813717
v 0.01047834 -0.06203512 0.05808787
v 0.01396610 -0.06202793 0.05764171
v 0.02084536 -0.06114558 0.05643932
v 0.02092663 -0.06200552 0.05637267
v 0.02502560 -0.06114184 0.05543770
v 0.02502470 -0.06198809 0.05538993
v 0.02502504 -0.06029354 0.05548668
v 0.02039734 -0.06030746 0.05658416
v 0.01408286 -0.06032117 0.05772207
v 0.00065719 -0.06032666 0.05876122
v 0.00719879 -0.06032750 0.05848952
v 0.01047766 -0.06032553 0.05818553
v 0.01919928 -0.06212473 0.05877051
v 0.02552977 -0.06209952 0.05732217
v 0.02546211 -0.04581586 0.05817942
v 0.00622955 -0.02254933 0.06234356
v 0.00730544 0.01630110 0.06357706
v 0.00392391 0.01648214 0.06382067
v 0.01255376 -0.02253189 0.06170977
v 0.01010320 0.01599571 0.06326274
v 0.00893006 0.01617088 0.06340779
v 0.01846233 0.00312473 0.06148419
v 0.01711753 0.00741176 0.06187046
v 0.01690884 0.00804838 0.06192825
v 0.01646556 0.00937435 0.06204912
v 0.01572788 0.01137192 0.06224150
v 0.01540397 0.01204891 0.06231968
v 0.01432385 0.01368372 0.06255811
v 0.01398853 0.01404797 0.06262620
v 0.01262981 0.01509312 0.06287854
v 0.01189082 0.01545826 0.06300159
v 0.02452436 -0.02040008 0.05939662
v 0.01883154 -0.02250090 0.06065688
v 0.02480644 -0.02126823 0.05929483
v 0.02503354 -0.02194230 0.05921293
v 0.02410352 -0.01903715 0.05954870
v 0.02263938 -0.01351188 0.06008284
v 0.02220108 -0.01157364 0.06024504
v 0.02210038 -0.01110462 0.06028255
v 0.02002175 -0.00237672 0.06100205
v 0.01865655 0.00247445 0.06142629
v 0.01273779 -0.04233696 0.06085379
v 0.00153241 -0.06215294 0.06065021
v 0.00633889 -0.06215141 0.06045431
v 0.01312190 -0.06214143 0.05977660
v 0.02653679 -0.02578731 0.05857941
v 0.02649697 -0.06209424 0.05702924
v 0.02779439 -0.04178698 0.05745191
v 0.02694771 -0.02672051 0.05836834
v 0.02980907 -0.04161801 0.05605118
v 0.03143740 -0.04140391 0.05420525
v 0.03128297 -0.03438924 0.05447238
v 0.03013696 -0.03268686 0.05591137
v 0.02947101 -0.03160606 0.05657723
v 0.02825642 -0.02942088 0.05756056
v 0.03376204 -0.03784500 0.04852957
v 0.03300049 -0.03672737 0.05110443
v 0.03267255 -0.04115625 0.05201010
v 0.03256043 -0.03613120 0.05218116
v 0.03164141 -0.03488914 0.05392153
v 0.03410010 -0.04060062 0.04700157
v 0.03410704 -0.03845673 0.04672468
v 0.03385769 -0.03800322 0.04809435
v 0.03434569 -0.03983015 0.04492889
v 0.03425717 -0.03902314 0.04565747
v 0.03415264 -0.03856966 0.04642294
v 0.03461809 -0.04839949 0.04274716
v 0.03439729 -0.04083812 0.04452848
v 0.03436729 -0.04016099 0.04474955
v 0.03484800 -0.06177119 0.04024186
v 0.03482640 -0.06033911 0.04049855
v 0.03481237 -0.06180498 0.04197298
v 0.03465022 -0.04985804 0.04240747
v 0.03455907 -0.06187177 0.04540726
v 0.02804085 -0.06208210 0.05636646
v 0.02989096 -0.06205927 0.05514864
v 0.03238219 -0.06200331 0.05221308
v 0.03323418 -0.06197075 0.05052067
v 0.03414946 -0.06191561 0.04766721
v -0.03388776 -0.04058524 0.04407336
v -0.03335892 -0.04058629 0.04407276
v -0.03401955 -0.04455874 0.04317221
v -0.03344984 -0.04359190 0.04338698
v -0.03406039 -0.04600408 0.04285569
v -0.03422558 -0.05346706 0.04131224
v -0.03332613 -0.03951435 0.04451695
v -0.03332757 -0.03946065 0.04455127
v -0.03340562 -0.04220659 0.04454425
v -0.03375481 -0.05490267 0.04114637
v -0.03370655 -0.05291576 0.04293929
v -0.03349659 -0.04528940 0.04453567
v -0.03283376 -0.04525668 0.04453534
v -0.03285582 -0.04625148 0.04431784
v 0.03336587 -0.04061500 0.04402996
v 0.03389442 -0.04061440 0.04402988
v 0.03394258 -0.04207332 0.04369362
v 0.03367912 -0.05196752 0.04157280
v 0.03428353 -0.05252788 0.04146028
v 0.03430650 -0.05110161 0.04174742
v 0.03363223 -0.05013362 0.04346635
v 0.03350009 -0.04531822 0.04449269
v 0.03341976 -0.04251192 0.04450061
v 0.03333611 -0.03948933 0.04450851
v 0.03311263 -0.05487747 0.04250892
v 0.03308713 -0.05377804 0.04272409
v 0.03286584 -0.04528636 0.04449319
v -0.00148089 -0.19564459 0.04381522
v -0.00006337 -0.19565539 0.04382880
v -0.00714232 -0.19539891 0.04347431
v -0.00758849 -0.19536567 0.04342753
v -0.00931868 -0.19520168 0.04322416
v -0.01097643 -0.19485532 0.04302700
v -0.01278919 -0.19409150 0.04284931
v -0.01343480 -0.19366692 0.04280865
v -0.01469500 -0.19245248 0.04280085
v -0.02350619 -0.16187842 0.04717054
v -0.02238329 -0.16767965 0.04635448
v -0.02176051 -0.17051089 0.04593293
v -0.02109003 -0.17333016 0.04550453
v -0.01961141 -0.17893413 0.04464357
v -0.01491100 -0.19216645 0.04281193
v -0.01545428 -0.19132029 0.04286759
v -0.01609731 -0.19000766 0.04300256
v -0.01624431 -0.18964623 0.04304776
v -0.01668248 -0.18841070 0.04322149
v -0.01795752 -0.18449086 0.04380049
v -0.01880584 -0.18171830 0.04421832
v -0.02864255 -0.15313841 0.04582000
v -0.02838093 -0.15340702 0.04603042
v -0.02828294 -0.15350696 0.04610381
v -0.02704336 -0.15476531 0.04681672
v -0.02569940 -0.15632181 0.04727640
v -0.02522745 -0.15700525 0.04737482
v -0.02453880 -0.15828703 0.04744254
v -0.02380739 -0.16045280 0.04733378
v 0.00409283 -0.19556975 0.04370213
v 0.01456980 -0.19246517 0.04278255
v 0.01355524 -0.19348601 0.04278103
v 0.01315714 -0.19378746 0.04279956
v 0.01160385 -0.19460952 0.04293015
v 0.01035824 -0.19499394 0.04307041
v 0.00820569 -0.19531333 0.04333295
v 0.02341277 -0.16189861 0.04714045
v 0.02393487 -0.15968379 0.04736659
v 0.02444882 -0.15830810 0.04741111
v 0.02544802 -0.15656708 0.04728155
v 0.02608324 -0.15574978 0.04711124
v 0.02725416 -0.15448163 0.04664067
v 0.02819538 -0.15353124 0.04606757
v 0.02855465 -0.15316297 0.04578305
v 0.01514494 -0.19164380 0.04282402
v 0.01533002 -0.19133353 0.04284783
v 0.01629339 -0.18920411 0.04308819
v 0.01696893 -0.18720405 0.04337925
v 0.01830946 -0.18299714 0.04400359
v 0.02068784 -0.17452848 0.04529706
v 0.02201464 -0.16894403 0.04614221
v 0.02315657 -0.16331318 0.04694904
v -0.02305388 -0.15289821 0.04730772
v -0.02276573 -0.15290031 0.04741197
v -0.02304574 -0.15300101 0.04729462
v -0.02289292 -0.15450503 0.04711955
v -0.01466426 -0.16128376 0.04852017
v -0.02200346 -0.16089828 0.04632007
v -0.02248158 -0.15782575 0.04671394
v -0.01690948 -0.15297297 0.04923493
v -0.01506015 -0.18925631 0.04189326
v -0.01917838 -0.17379947 0.04447220
v -0.01463692 -0.17382658 0.04583050
v -0.02120072 -0.16515569 0.04574481
v -0.00617220 -0.17408133 0.04733050
v -0.00004018 -0.15307720 0.05146990
v -0.00004279 -0.15769336 0.05089091
v -0.00617827 -0.16154718 0.04996360
v -0.00004708 -0.16564436 0.04951858
v -0.00005268 -0.17587698 0.04723110
v -0.01465968 -0.15299687 0.04979274
v -0.01121743 -0.15302855 0.05049143
v -0.00569553 -0.15306351 0.05122102
v -0.02426865 -0.15288538 0.04684782
v -0.02633436 -0.15288784 0.04583308
v -0.00762480 -0.19499758 0.04402980
v -0.00534737 -0.19514540 0.04423679
v -0.00677383 -0.17428096 0.04928343
v -0.02319997 -0.15792191 0.04859277
v -0.02295988 -0.15957615 0.04838281
v -0.01539850 -0.16148765 0.05039304
v -0.02373109 -0.15317518 0.04916832
v -0.01792402 -0.15321368 0.05101754
v -0.01536879 -0.15322737 0.05166710
v -0.01348820 -0.15323621 0.05208117
v -0.00677240 -0.16174878 0.05190627
v -0.00675273 -0.15325919 0.05311920
v -0.00308569 -0.15326600 0.05339168
v -0.00004339 -0.16127615 0.05235538
v -0.00003896 -0.15326858 0.05346045
v -0.00006284 -0.19528779 0.04443249
v -0.00005494 -0.18188474 0.04779913
v -0.00004775 -0.16941735 0.05077625
v -0.01117614 -0.19443332 0.04361381
v -0.00951407 -0.19481143 0.04380753
v -0.00902420 -0.19487508 0.04386720
v -0.01443961 -0.19227262 0.04343673
v -0.01342315 -0.19327302 0.04343281
v -0.02164903 -0.16662380 0.04743565
v -0.01968060 -0.17473198 0.04624248
v -0.01538828 -0.17401476 0.04771093
v -0.01516187 -0.19121327 0.04351327
v -0.01497639 -0.19151893 0.04348620
v -0.01307153 -0.19353053 0.04344862
v -0.01154806 -0.19430551 0.04357442
v -0.03102235 -0.14784646 0.03907435
v -0.03242598 -0.14651111 0.03718317
v -0.03213315 -0.14743689 0.03849499
v -0.03198913 -0.14784630 0.03907516
v -0.02039235 -0.17231588 0.04657930
v -0.02500667 -0.15316993 0.04868470
v -0.02431349 -0.15818624 0.04811465
v -0.02379584 -0.15954468 0.04806884
v -0.01818656 -0.18283331 0.04470853
v -0.01900934 -0.18008418 0.04513004
v -0.02052004 -0.17454852 0.04598461
v -0.01731995 -0.18556999 0.04429390
v -0.01612082 -0.18913257 0.04376240
v -0.02323047 -0.16191730 0.04782766
v -0.02297701 -0.16333234 0.04763684
v -0.02184382 -0.16896482 0.04683130
v -0.02120605 -0.17176281 0.04641075
v -0.02515044 -0.15669259 0.04803285
v -0.02616434 -0.15540025 0.04779072
v -0.02743337 -0.15411563 0.04730317
v -0.02671261 -0.15317845 0.04790183
v -0.02841551 -0.15320195 0.04673991
v -0.03062416 -0.15074672 0.04309726
v -0.02953052 -0.15216470 0.04489191
v -0.02873486 -0.15304072 0.04573882
v -0.02866738 -0.15311214 0.04579819
v -0.03141849 -0.14929999 0.04109153
v -0.03071862 -0.14935395 0.04109653
v -0.03159762 -0.14888220 0.04051406
v -0.03102182 -0.14909133 0.04075983
v -0.03102256 -0.14860567 0.04010735
v 0.02284211 -0.15418403 0.04713052
v 0.02189849 -0.16098282 0.04628332
v 0.01731341 -0.16317360 0.04739482
v 0.01811717 -0.17743811 0.04387569
v 0.01726756 -0.17371540 0.04506043
v 0.02041190 -0.16832550 0.04527133
v 0.00073394 -0.15307729 0.05146425
v 0.00577484 -0.17409149 0.04735303
v 0.01156365 -0.17394924 0.04648142
v 0.01691087 -0.15298654 0.04919067
v 0.02296839 -0.15291806 0.04727820
v 0.01159278 -0.16341327 0.04877562
v 0.01149774 -0.15303479 0.05041207
v 0.00579247 -0.16355950 0.04962274
v 0.00611141 -0.15306592 0.05116731
v 0.00303294 -0.15307499 0.05139310
v 0.02418256 -0.15290624 0.04681674
v 0.02584941 -0.15290615 0.04603811
v 0.00195567 -0.19526818 0.04440206
v 0.00708584 -0.19503474 0.04406360
v 0.00667246 -0.17428632 0.04927491
v 0.01784301 -0.15322907 0.05099460
v 0.01528881 -0.15324056 0.05164739
v 0.01530955 -0.16150056 0.05037339
v 0.00668518 -0.16175427 0.05189769
v 0.00992519 -0.15325835 0.05269226
v 0.00588555 -0.15326607 0.05318763
v 0.01969267 -0.15321954 0.05045927
v 0.02278408 -0.16014178 0.04828322
v 0.02364772 -0.15319556 0.04913792
v 0.01453536 -0.19199786 0.04343367
v 0.01503854 -0.19122626 0.04349390
v 0.01528512 -0.17402753 0.04769136
v 0.01905454 -0.17668577 0.04591661
v 0.02144387 -0.16713588 0.04733855
v 0.00749880 -0.19500409 0.04402011
v 0.00879276 -0.19489424 0.04386868
v 0.01113027 -0.19441703 0.04359079
v 0.01161181 -0.19424257 0.04354033
v 0.01313462 -0.19340867 0.04342234
v 0.01431519 -0.19228491 0.04341832
v 0.00136869 -0.19527811 0.04441689
v 0.03093149 -0.14863233 0.04006761
v 0.03093060 -0.14787312 0.03903461
v 0.03189738 -0.14787377 0.03903417
v 0.03093117 -0.14911799 0.04072009
v 0.03173795 -0.14830378 0.03963966
v 0.03132815 -0.14932700 0.04105128
v 0.03093034 -0.14935625 0.04105463
v 0.03131679 -0.14935166 0.04108572
v 0.03091289 -0.15014832 0.04219374
v 0.02970861 -0.15187654 0.04449713
v 0.02995119 -0.15157717 0.04413195
v 0.02422445 -0.15820718 0.04808351
v 0.02492089 -0.15692958 0.04802369
v 0.02492269 -0.15319142 0.04865267
v 0.02538998 -0.15625605 0.04793632
v 0.02601567 -0.15549208 0.04777557
v 0.02676493 -0.15470085 0.04751988
v 0.02717762 -0.15320796 0.04755010
v 0.02832940 -0.15322638 0.04670315
v 0.02343557 -0.16052578 0.04796050
v 0.02198906 -0.16785012 0.04697026
v 0.02313783 -0.16193724 0.04779793
v 0.01841055 -0.18174104 0.04485423
v 0.01921834 -0.17898749 0.04527702
v 0.02028918 -0.17233339 0.04655321
v 0.02069811 -0.17344293 0.04613051
v 0.02136782 -0.17065267 0.04655401
v 0.01755859 -0.18448223 0.04443773
v 0.01568807 -0.18993331 0.04363570
v 0.01626956 -0.18837234 0.04385574
v 0.03207313 -0.14736909 0.03831856
v 0.03233295 -0.14653897 0.03714163
v -0.03417658 -0.09513018 0.03502471
v -0.03465580 -0.09369341 0.03518336
v -0.03417724 -0.09204577 0.03537440
v -0.03463503 -0.08508617 0.03623109
v -0.03444465 -0.11503547 0.03306886
v -0.03456993 -0.10741673 0.03374840
v -0.03409515 -0.10787404 0.03370504
v -0.03458679 -0.10597217 0.03388644
v -0.03465417 -0.09512927 0.03502002
v -0.03405939 -0.07437734 0.03771612
v -0.03458618 -0.07839400 0.03713395
v -0.03410245 -0.07839309 0.03713380
v -0.03416171 -0.08657984 0.03604018
v -0.03396267 -0.11574883 0.03300905
v -0.03384025 -0.12063788 0.03261957
v -0.03376941 -0.13417239 0.03170342
v -0.03318558 -0.13640176 0.03157394
v -0.03364931 -0.13640156 0.03157425
v -0.03367080 -0.13601592 0.03159617
v -0.03369199 -0.13563035 0.03161826
v -0.03338310 -0.13261767 0.03179676
v -0.03277303 -0.14178665 0.03245876
v -0.03294252 -0.14004768 0.03178440
v -0.03298644 -0.13950640 0.03167019
v -0.03309333 -0.13797000 0.03153387
v -0.03352265 -0.13852195 0.03155627
v -0.03345250 -0.13953419 0.03167542
v -0.03338755 -0.14036377 0.03187105
v -0.03333431 -0.14097349 0.03208189
v -0.03319921 -0.14229080 0.03274930
v -0.03315145 -0.14269778 0.03301529
v -0.03302025 -0.14368013 0.03379019
v -0.03285676 -0.14469314 0.03481385
v -0.03242927 -0.14649987 0.03716724
v -0.03309070 -0.08747590 0.03773275
v -0.03307287 -0.09165648 0.03774145
v -0.03309672 -0.09238818 0.03713559
v -0.03298078 -0.08942559 0.03991865
v -0.03307963 -0.08459107 0.03810247
v -0.03284768 -0.06346680 0.04185128
v -0.03283549 -0.06179106 0.04158295
v -0.03282699 -0.06179734 0.04197019
v -0.03298049 -0.10859310 0.03543332
v -0.03247325 -0.12213270 0.03696165
v -0.03293481 -0.11144070 0.03517365
v -0.03210306 -0.13549808 0.03340988
v -0.03255060 -0.12572141 0.03403702
v -0.03263070 -0.12346796 0.03419853
v -0.03213737 -0.13049041 0.03638752
v -0.03173426 -0.14153256 0.03307156
v -0.03273125 -0.11174516 0.03808901
v -0.02467741 -0.12563345 0.05028461
v -0.02434431 -0.13391386 0.04942172
v -0.02786341 -0.13031553 0.04816101
v -0.02380012 -0.14341770 0.04838526
v -0.02503985 -0.10853126 0.05193943
v -0.02716099 -0.06195551 0.05460644
v -0.02510019 -0.08700309 0.05374893
v -0.02806331 -0.06195007 0.05406204
v -0.02694360 -0.08478801 0.05322855
v -0.02851679 -0.08480161 0.05224515
v -0.02887999 -0.06194428 0.05342055
v -0.02983028 -0.08480815 0.05094599
v -0.03028989 -0.06192788 0.05181560
v -0.03091097 -0.08480236 0.04930799
v -0.03141572 -0.06190278 0.04973696
v -0.03185566 -0.06188731 0.04853689
v -0.03236624 -0.08475298 0.04521010
v -0.03217824 -0.06187178 0.04738206
v -0.03208460 -0.10758957 0.04348166
v -0.03140930 -0.13036923 0.04124880
v -0.03085824 -0.14172357 0.03991309
v -0.02958862 -0.14173427 0.04407743
v -0.02906570 -0.13036187 0.04695785
v -0.03004212 -0.13039002 0.04537291
v -0.03062010 -0.10762690 0.04758251
v -0.02833948 -0.10759118 0.05040248
v -0.03266823 -0.06183282 0.04450593
v -0.01285252 -0.08496336 0.05846527
v -0.01287745 -0.10777199 0.05676817
v -0.00638712 -0.10778856 0.05748859
v -0.02533391 -0.12393623 0.05237539
v -0.02473512 -0.13877670 0.05080539
v -0.01894209 -0.13051602 0.05344433
v -0.02561439 -0.10771222 0.05394074
v -0.02561352 -0.08385146 0.05592155
v -0.02561791 -0.10726579 0.05398142
v -0.01927599 -0.08493978 0.05736230
v -0.01929406 -0.10774636 0.05557661
v -0.00000923 -0.09251501 0.05884860
v -0.00001645 -0.10779564 0.05772033
v -0.00002152 -0.11834572 0.05684605
v -0.00628484 -0.13056105 0.05549279
v -0.00003486 -0.14528774 0.05429440
v -0.01265608 -0.13054340 0.05471946
v -0.02772525 -0.10800523 0.05309834
v -0.03487488 -0.10311128 0.03891502
v -0.03475544 -0.11041492 0.03832217
v -0.03405065 -0.10793982 0.04380252
v -0.03232300 -0.14789312 0.04003751
v -0.03140458 -0.14239754 0.04478657
v -0.03247787 -0.14748460 0.03945572
v -0.03280488 -0.14236294 0.04014572
v -0.03279359 -0.14655615 0.03812713
v -0.03335262 -0.14435855 0.03519181
v -0.03316273 -0.14524353 0.03628843
v -0.03291855 -0.14614683 0.03754252
v -0.03498582 -0.08634967 0.04020230
v -0.03434135 -0.08492730 0.04552669
v -0.03270479 -0.08501446 0.05018036
v -0.03141053 -0.08504160 0.05215841
v -0.02977918 -0.08505613 0.05378192
v -0.02783293 -0.08505871 0.05500480
v -0.02871838 -0.15292083 0.04651934
v -0.02863819 -0.14235814 0.04840433
v -0.02669525 -0.14232902 0.04955722
v -0.03023079 -0.14238569 0.04680156
v -0.03014722 -0.15148485 0.04504155
v -0.02892368 -0.15272735 0.04635496
v -0.02889746 -0.15275232 0.04637665
v -0.02881852 -0.15282722 0.04644069
v -0.03187212 -0.14894074 0.04150436
v -0.03145270 -0.14973292 0.04262799
v -0.03042706 -0.15116575 0.04463488
v -0.02959251 -0.10802153 0.05192617
v -0.03116284 -0.10802535 0.05036106
v -0.03241146 -0.10801306 0.04843313
v -0.03420871 -0.12870616 0.03672881
v -0.03336459 -0.13090481 0.04152961
v -0.03184789 -0.13095529 0.04614620
v -0.03065174 -0.13095203 0.04810272
v -0.02909111 -0.13093185 0.04967232
v -0.02721141 -0.13090391 0.05082352
v -0.03470426 -0.12391391 0.03291057
v -0.03418971 -0.13568817 0.03215084
v -0.03414698 -0.13645968 0.03210695
v -0.03405996 -0.13792016 0.03206678
v -0.03395776 -0.13937823 0.03218489
v -0.03391386 -0.13992064 0.03229511
v -0.03375028 -0.14159738 0.03294343
v -0.03369603 -0.14206418 0.03321309
v -0.03354049 -0.14322767 0.03406747
v -0.03494882 -0.11482800 0.03361781
v -0.03504959 -0.10894305 0.03413529
v -0.03512768 -0.10130109 0.03488078
v -0.03506887 -0.10747243 0.03427231
v -0.03486491 -0.06181194 0.04027343
v -0.03488861 -0.06324963 0.04002269
v -0.03510366 -0.08055916 0.03735480
v -0.03515337 -0.09518845 0.03553905
v 0.03450613 -0.10744625 0.03370411
v 0.03398637 -0.11088987 0.03338729
v 0.03412500 -0.09515956 0.03498090
v 0.03460347 -0.08810353 0.03580920
v 0.03460258 -0.09515904 0.03497560
v 0.03459778 -0.09661575 0.03481309
v 0.03412354 -0.08810332 0.03580950
v 0.03409797 -0.08244225 0.03653793
v 0.03445228 -0.06902903 0.03850317
v 0.03437090 -0.06321294 0.03947219
v 0.03448559 -0.10891680 0.03356665
v 0.03437917 -0.11480146 0.03304688
v 0.03366873 -0.12365674 0.03235376
v 0.03360120 -0.13565902 0.03157511
v 0.03309406 -0.13643028 0.03153143
v 0.03357965 -0.13604473 0.03155304
v 0.03355779 -0.13643047 0.03153113
v 0.03233762 -0.14652300 0.03711898
v 0.03257475 -0.14562933 0.03588755
v 0.03276235 -0.14472155 0.03477198
v 0.03297123 -0.14338401 0.03346954
v 0.03316594 -0.14175323 0.03238384
v 0.03267796 -0.14181532 0.03241703
v 0.03325363 -0.14084654 0.03197963
v 0.03284809 -0.14007647 0.03174231
v 0.03332411 -0.14000992 0.03172568
v 0.03289237 -0.13953482 0.03162795
v 0.03300041 -0.13799849 0.03149148
v 0.03347072 -0.13790520 0.03148981
v 0.03339959 -0.13898811 0.03155080
v 0.03038920 -0.06195337 0.05162788
v 0.03105440 -0.06194012 0.05047637
v 0.03088602 -0.08482895 0.04926945
v 0.03074526 -0.13041726 0.04339620
v 0.02997296 -0.13041584 0.04533551
v 0.03057331 -0.10765322 0.04754434
v 0.02503630 -0.07128475 0.05482575
v 0.02798428 -0.06197619 0.05408079
v 0.02692243 -0.08481117 0.05319490
v 0.02849487 -0.08482612 0.05220963
v 0.02507844 -0.09670329 0.05294338
v 0.02829564 -0.10761552 0.05036714
v 0.02500970 -0.10754952 0.05199873
v 0.02485094 -0.11733153 0.05108063
v 0.02371555 -0.14352602 0.04834588
v 0.02374114 -0.14315011 0.04838772
v 0.02427762 -0.13393469 0.04939051
v 0.02899828 -0.13038681 0.04692168
v 0.02779719 -0.13033943 0.04812627
v 0.03203298 -0.10761716 0.04344124
v 0.03212359 -0.12900823 0.03648796
v 0.03133522 -0.13039623 0.04120925
v 0.03233651 -0.08478083 0.04516929
v 0.03294549 -0.08788311 0.03999206
v 0.03269445 -0.11061439 0.03813962
v 0.03281299 -0.06182558 0.04192808
v 0.03271290 -0.06185285 0.04387782
v 0.03214871 -0.06190137 0.04743324
v 0.03184989 -0.06191533 0.04849600
v 0.02980709 -0.08483381 0.05090888
v 0.03281894 -0.06182092 0.04163998
v 0.03283491 -0.06295305 0.04144112
v 0.03300630 -0.07885011 0.03894108
v 0.03302596 -0.09168282 0.03773891
v 0.03239766 -0.12216122 0.03695951
v 0.03303543 -0.08413787 0.03822004
v 0.03299762 -0.10167216 0.03616793
v 0.03258856 -0.12227833 0.03433978
v 0.03210119 -0.13379984 0.03356401
v 0.01888372 -0.13053231 0.05342007
v 0.02451980 -0.14134100 0.05049258
v 0.00635349 -0.10779403 0.05748042
v 0.01284291 -0.10778305 0.05675166
v 0.01926185 -0.08495636 0.05733758
v 0.01925801 -0.10776293 0.05555188
v 0.02556770 -0.10863301 0.05382561
v 0.02561006 -0.08694406 0.05565677
v 0.02505719 -0.13048887 0.05166782
v 0.02521463 -0.12609106 0.05212518
v 0.01259931 -0.13055427 0.05470327
v 0.00622906 -0.13056645 0.05548476
v 0.03484873 -0.06184196 0.04022887
v 0.03494685 -0.08703790 0.04011660
v 0.03510297 -0.08797091 0.03634889
v 0.03510557 -0.09376834 0.03565852
v 0.03510240 -0.09521861 0.03549399
v 0.03482139 -0.10314108 0.03887025
v 0.03505594 -0.10305496 0.03466023
v 0.03409733 -0.12950702 0.03661392
v 0.03417841 -0.13425936 0.03219185
v 0.03470237 -0.11008568 0.03830739
v 0.03500570 -0.10750236 0.03422737
v 0.03502403 -0.10605777 0.03436483
v 0.03396985 -0.13791682 0.03202275
v 0.03405610 -0.13648900 0.03206319
v 0.03409957 -0.13571726 0.03210705
v 0.03325887 -0.14438733 0.03514922
v 0.03343383 -0.14334023 0.03409705
v 0.03355388 -0.14247711 0.03342157
v 0.03374440 -0.14078216 0.03251188
v 0.03383679 -0.13975221 0.03220649
v 0.03431447 -0.08481924 0.04548441
v 0.03238694 -0.14751250 0.03941412
v 0.03274875 -0.14191322 0.04015882
v 0.03216022 -0.14810364 0.04025313
v 0.03134914 -0.14194743 0.04480221
v 0.03178253 -0.14896822 0.04146357
v 0.03054233 -0.15094849 0.04426755
v 0.03087266 -0.15051827 0.04366477
v 0.03143871 -0.14962922 0.04240192
v 0.02960039 -0.15200013 0.04557527
v 0.03060084 -0.13056864 0.04810549
v 0.02873282 -0.15285133 0.04640304
v 0.02904260 -0.13054740 0.04967758
v 0.02716526 -0.13051796 0.05083204
v 0.03268478 -0.08490514 0.05014326
v 0.03139281 -0.08493129 0.05212487
v 0.02976273 -0.08494455 0.05375222
v 0.02781679 -0.08494559 0.05497884
v 0.03243845 -0.14737017 0.03920994
v 0.03270841 -0.14656354 0.03805439
v 0.03179530 -0.13057260 0.04614741
v 0.03330916 -0.13052282 0.04152619
v 0.03400672 -0.10769468 0.04377557
v 0.02769005 -0.10775559 0.05308729
v 0.02955705 -0.10777331 0.05191148
v 0.03112628 -0.10777826 0.05034284
v 0.03237315 -0.10776683 0.04841174
v 0.03166274 -0.14260605 0.03301046
v -0.03173296 -0.14248276 0.03299461
v 0.03363013 -0.03798976 0.04649751
v 0.03362104 -0.03796969 0.04656073
v 0.03267029 -0.03628834 0.05075161
v 0.03304643 -0.03689164 0.04947076
v 0.03012083 -0.03236336 0.05540505
v 0.03069950 -0.03330612 0.05468376
v 0.03156692 -0.03463692 0.05332212
v 0.03185971 -0.03507248 0.05275707
v 0.02800555 -0.02836517 0.05726979
v 0.02653372 -0.02496024 0.05811377
v 0.02583327 -0.02311095 0.05842593
v 0.02535783 -0.02175737 0.05861028
v 0.02890022 -0.03017447 0.05659803
v 0.02485465 -0.02022600 0.05879415
v 0.02507277 -0.02090332 0.05871454
v 0.00004072 0.01707123 0.06343579
v 0.00148949 0.01706051 0.06342132
v 0.00727642 0.01681595 0.06309260
v 0.00903838 0.01667001 0.06290642
v 0.01136602 0.01617641 0.06259150
v 0.01199240 0.01594005 0.06249237
v 0.01354735 0.01503714 0.06221793
v 0.01405857 0.01460242 0.06211809
v 0.01521265 0.01321089 0.06187269
v 0.01722788 0.00835667 0.06135722
v 0.01641067 0.01076661 0.06158037
v 0.01547023 0.01279478 0.06181348
v 0.01928917 0.00169954 0.06075289
v 0.01813223 0.00554009 0.06109913
v 0.02321242 -0.01431452 0.05939783
v 0.02294398 -0.01318454 0.05949767
v 0.02245464 -0.01098164 0.05968095
v 0.02134668 -0.00605769 0.06008162
v -0.02439093 -0.01884160 0.05897860
v -0.02481121 -0.02020463 0.05882597
v -0.02292892 -0.01331585 0.05951401
v -0.02200927 -0.00914892 0.05985447
v -0.01974338 -0.00010566 0.06061670
v -0.01863321 0.00370872 0.06095560
v -0.01701760 0.00879026 0.06141760
v -0.01656791 0.01012640 0.06153971
v -0.01552451 0.01258005 0.06180296
v -0.01515061 0.01320238 0.06188898
v -0.01413695 0.01446377 0.06210479
v -0.01396302 0.01463116 0.06213963
v -0.01333779 0.01514744 0.06225991
v -0.01204255 0.01589418 0.06248658
v -0.01177199 0.01600848 0.06253042
v -0.01052710 0.01640418 0.06271682
v -0.00838886 0.01673296 0.06298199
v -0.00522899 0.01693989 0.06325974
v -0.02531595 -0.02173557 0.05864279
v -0.02508922 -0.02106139 0.05872520
v -0.03009941 -0.03234954 0.05543542
v -0.02677722 -0.02563463 0.05800804
v -0.02705348 -0.02629479 0.05786204
v -0.02828872 -0.02900220 0.05708423
v -0.02946361 -0.03125141 0.05610271
v -0.03265100 -0.03626024 0.05079352
v -0.03224448 -0.03564789 0.05189020
v -0.03144889 -0.03446965 0.05353001
v -0.03114536 -0.03401220 0.05403374
v -0.03337395 -0.03747049 0.04798834
v -0.03359935 -0.03792091 0.04666664
v -0.03360944 -0.03794080 0.04660386
v -0.03376437 -0.03864679 0.04529000
v -0.03384136 -0.03951421 0.04452242
v -0.03384336 -0.03954728 0.04450175
v 0.03449712 -0.05049091 0.04209249
v 0.03387139 -0.03996209 0.04425225
v 0.03385060 -0.03955524 0.04447149
v 0.03376379 -0.03859370 0.04535000
v -0.03013244 -0.03347699 0.05344317
v -0.02901733 -0.03142161 0.05479838
v -0.02885905 -0.06025282 0.05353428
v 0.02450551 -0.02018737 0.05750523
v 0.02493650 -0.02152499 0.05734211
v 0.02174695 -0.02163050 0.05811431
v -0.02807191 -0.06026069 0.05415056
v -0.02755202 -0.06026496 0.05448193
v -0.02791950 -0.02918655 0.05575931
v -0.02714988 -0.06026740 0.05470512
v -0.02767735 -0.02865947 0.05593546
v -0.02630944 -0.02541688 0.05675822
v -0.02499984 -0.02181330 0.05733498
v -0.02287066 -0.02161096 0.05787237
v -0.01227911 -0.02161901 0.05980631
v -0.00159092 -0.02162417 0.06057411
v 0.00654589 -0.02162775 0.06036075
v 0.01696708 -0.02163041 0.05908003
v 0.02651079 -0.02585747 0.05663906
v 0.02737840 -0.02793720 0.05612665
v 0.02818110 -0.02970012 0.05554541
v 0.02751157 -0.06028176 0.05447372
v 0.02705344 -0.06028472 0.05472365
v 0.02989866 -0.03303984 0.05376420
v 0.03001642 -0.06025495 0.05224586
v 0.02974187 -0.06025911 0.05258875
v 0.02873618 -0.06027141 0.05360690
v 0.02868905 -0.03074333 0.05510865
v 0.02910183 -0.06026741 0.05327507
v 0.02944993 -0.06026312 0.05291992
v 0.02835254 -0.06027510 0.05391483
v 0.02815408 -0.06027684 0.05405998
v 0.02795129 -0.06027850 0.05419938
v 0.03032584 -0.06024973 0.05181720
v 0.03089891 -0.03479331 0.05217033
v 0.03061244 -0.06024432 0.05137315
v 0.03160314 -0.06021918 0.04931793
v 0.03137536 -0.06022611 0.04988350
v 0.03170072 -0.03618058 0.05029535
v 0.03112052 -0.06023294 0.05044117
v 0.03087709 -0.06023873 0.05091431
v 0.03179983 -0.06021238 0.04876346
v 0.03204090 -0.03680337 0.04919347
v 0.03221129 -0.03713720 0.04851655
v 0.03269762 -0.03852041 0.04541094
v 0.03273321 -0.06015073 0.04376179
v 0.03253383 -0.06017334 0.04559265
v 0.03256759 -0.03793002 0.04656152
v 0.03230275 -0.06018935 0.04689162
v 0.03198561 -0.06020503 0.04816551
v 0.03276443 -0.03948001 0.04450890
v 0.03274155 -0.04592861 0.04449147
v 0.03280286 -0.05494423 0.04279910
v 0.03280273 -0.05503204 0.04279704
v 0.03275264 -0.04702756 0.04427266
v 0.03280570 -0.05592918 0.04264587
v 0.03280928 -0.05704897 0.04244491
v 0.03281578 -0.06012798 0.04192195
v 0.01692423 0.00850127 0.06010012
v 0.01784735 0.00561026 0.05985344
v 0.01910627 0.00138472 0.05948675
v 0.02133003 -0.00724587 0.05873789
v 0.02273101 -0.01362423 0.05819007
v 0.01338117 0.01501678 0.06081914
v 0.01392879 0.01452800 0.06073028
v 0.01115660 0.01393822 0.06107965
v 0.01505273 0.01309822 0.06052759
v 0.01560847 0.01208607 0.06041457
v 0.00901309 0.01669584 0.06136525
v 0.01114674 0.01621948 0.06113089
v 0.01184933 0.01594602 0.06104083
v 0.01609405 0.01094845 0.06030626
v 0.00619121 0.01692703 0.06159406
v 0.00003970 0.01712339 0.06179893
v -0.00381389 0.01704895 0.06172260
v -0.01092919 0.01627495 0.06116208
v -0.00910383 0.01668118 0.06136045
v -0.00666612 0.01689610 0.06156448
v -0.01838790 0.00363905 0.05970523
v -0.01933789 0.00035924 0.05942065
v -0.02166215 -0.00894371 0.05861993
v -0.01760812 0.00617503 0.05992331
v -0.01658748 0.00932115 0.06018929
v -0.01654562 0.00944683 0.06019975
v -0.01590103 0.01127195 0.06035459
v -0.01480293 0.01338194 0.06058031
v -0.01441481 0.01391261 0.06065144
v -0.01312275 0.01516923 0.06086434
v -0.01257165 0.01554087 0.06094597
v -0.01195584 0.01587172 0.06103152
v -0.02446379 -0.02016653 0.05753671
v -0.02283876 -0.01426149 0.05815832
v -0.02188995 -0.00999534 0.05853168
v -0.03080881 -0.06022181 0.05107800
v -0.03108298 -0.06021531 0.05055989
v -0.03106028 -0.03508185 0.05184313
v -0.03050574 -0.06022816 0.05158316
v -0.02955928 -0.06024395 0.05283563
v -0.03005571 -0.06023632 0.05223138
v -0.03028639 -0.06023230 0.05191265
v -0.03133119 -0.06020867 0.05003016
v -0.03219905 -0.03711542 0.04854536
v -0.03168216 -0.03615334 0.05033615
v -0.03155573 -0.06020192 0.04948983
v -0.03193677 -0.06018815 0.04838753
v -0.03235460 -0.03743899 0.04781605
v -0.03281463 -0.05544152 0.04267320
v -0.03232046 -0.06016937 0.04688057
v -0.03258116 -0.06015043 0.04535677
v -0.03283020 -0.06010709 0.04186324
v -0.03282809 -0.05926216 0.04200531
v -0.03281659 -0.05589733 0.04259215
v -0.03281312 -0.05498278 0.04273797
v -0.03280822 -0.05398043 0.04291875
v -0.03273891 -0.04572074 0.04453397
v -0.03275564 -0.03945098 0.04455120
v -0.03269134 -0.03852845 0.04540513
v -0.03255528 -0.03790201 0.04660329
v 0.03182387 -0.06021090 0.04864405
v 0.03217031 -0.06019554 0.04739420
v 0.03248082 -0.06017597 0.04580651
v 0.03267660 -0.06015612 0.04419821
v 0.03279569 -0.06012824 0.04194364
v 0.02971501 -0.06025943 0.05261530
v 0.02791953 -0.06027872 0.05421839
v 0.02802273 -0.06027790 0.05414883
v 0.03005292 -0.06025428 0.05219121
v 0.03036443 -0.06024893 0.05175118
v 0.03065128 -0.06024338 0.05129628
v 0.03091506 -0.06023766 0.05082746
v 0.03115178 -0.06023191 0.05035685
v 0.02923238 -0.06026580 0.05314161
v 0.02897733 -0.06026876 0.05338743
v 0.02871307 -0.06027158 0.05362162
v 0.02832544 -0.06027530 0.05393153
v 0.02812476 -0.06027705 0.05407784
v 0.03126270 -0.06022897 0.05011706
v 0.03136884 -0.06022600 0.04987438
v -0.03278629 -0.04548839 0.04453465
v -0.02805717 -0.06109640 0.05411359
v -0.03030511 -0.06106440 0.05183768
v -0.02955683 -0.06024528 0.05283333
v -0.02878739 -0.06025426 0.05359230
v -0.03107684 -0.06021570 0.05055430
v -0.03082024 -0.06022229 0.05104308
v -0.03130813 -0.06020896 0.05005981
v -0.03184286 -0.06101118 0.04861150
v -0.03153688 -0.06020138 0.04950766
v -0.03053741 -0.06022866 0.05152251
v -0.03022780 -0.06023472 0.05198856
v -0.03238918 -0.06015923 0.04642818
v -0.03207086 -0.06017839 0.04785213
v -0.03173834 -0.06019374 0.04895501
v -0.03282240 -0.06094752 0.04173304
v -0.03281100 -0.06010736 0.04188455
v -0.03260021 -0.06014184 0.04504768
v -0.03271315 -0.06092643 0.04399271
v 0.03270253 -0.06095639 0.04395064
v 0.02805936 -0.06112228 0.05407749
v 0.03030442 -0.06109223 0.05179869
v 0.03183809 -0.06104037 0.04857055
v 0.03281076 -0.06124784 0.04174223
v -0.00002184 -0.11607706 0.05503316
v -0.00003049 -0.13404246 0.05340206
v -0.00503515 -0.13403545 0.05323541
v -0.01880758 -0.11633550 0.05284510
v -0.00001053 -0.09238762 0.05685265
v -0.00636064 -0.09829401 0.05620862
v -0.01267635 -0.09827433 0.05552392
v -0.01892978 -0.09824384 0.05439626
v -0.01791913 -0.13397101 0.05124674
v -0.01522752 -0.13399003 0.05184748
v -0.01260368 -0.11636965 0.05403800
v -0.01139209 -0.13401207 0.05253474
v 0.01264839 -0.09828522 0.05550767
v 0.00633354 -0.09829947 0.05620048
v 0.00304053 -0.13404198 0.05333591
v 0.00608344 -0.13403761 0.05314458
v 0.01890040 -0.09826012 0.05437199
v 0.01876063 -0.11635166 0.05282100
v 0.01209751 -0.13401818 0.05239747
v 0.01809154 -0.13398483 0.05116614
v -0.00599702 -0.14367279 0.05218552
v -0.01522963 -0.14352216 0.05079789
v 0.00304623 -0.14369684 0.05236433
v 0.01196063 -0.14360085 0.05140117
v 0.02070933 -0.14338224 0.04934283
v 0.03456290 -0.01118624 0.02823961
v 0.03436290 -0.01118624 0.02823961
v 0.03436290 -0.01561870 0.02603431
v 0.03456291 -0.01561870 0.02603431
v 0.03436291 -0.01963288 0.02313664
v 0.03456291 -0.01963288 0.02313664
v 0.03436291 -0.02312159 0.01962396
v 0.03456291 -0.02312159 0.01962396
v 0.03436291 -0.02599172 0.01559004
v 0.03456291 -0.02599172 0.01559004
v 0.03436290 -0.02816663 0.01114258
v 0.03456290 -0.02816663 0.01114258
v 0.03436290 -0.02958826 0.00640032
v 0.03456291 -0.02958826 0.00640032
v 0.03436290 -0.03021865 0.00148985
v 0.03456290 -0.03021865 0.00148985
v 0.03436290 -0.03004098 -0.00345773
v 0.03456291 -0.03004098 -0.00345773
v 0.03436290 -0.02906000 -0.00831033
v 0.03456290 -0.02906000 -0.00831033
v 0.03436291 -0.02730188 -0.01293841
v 0.03456290 -0.02730188 -0.01293841
v 0.03436291 -0.02481357 -0.01721841
v 0.03456290 -0.02481357 -0.01721841
v 0.03436291 -0.02166150 -0.02103607
v 0.03456291 -0.02166150 -0.02103607
v 0.03436290 -0.01792981 -0.02428947
v 0.03456290 -0.01792981 -0.02428947
v 0.03436290 -0.01371813 -0.02689175
v 0.03456290 -0.01371813 -0.02689175
v 0.03436291 -0.00913890 -0.02877345
v 0.03456291 -0.00913890 -0.02877345
v 0.03436291 -0.00431438 -0.02988432
v 0.03456291 -0.00431438 -0.02988432
v 0.03436291 0.00062665 -0.03019471
v 0.03456291 0.00062665 -0.03019471
v 0.03436291 0.00555227 -0.02969633
v 0.03456291 0.00555227 -0.02969633
v 0.03436291 0.01033098 -0.02840249
v 0.03456291 0.01033098 -0.02840249
v 0.03436291 0.01483521 -0.02634772
v 0.03456290 0.01483521 -0.02634772
v 0.03436290 0.01894470 -0.02358690
v 0.03456291 0.01894470 -0.02358690
v 0.03436291 0.02244097 -0.02031367
v 0.03456291 0.02244097 -0.02031367
v 0.03436290 0.02537780 -0.01653043
v 0.03456291 0.02537780 -0.01653043
v 0.03436290 0.02768182 -0.01233169
v 0.03456290 0.02768182 -0.01233169
v 0.03436291 0.02929546 -0.00782235
v 0.03456291 0.02929546 -0.00782235
v 0.03436290 0.03017841 -0.00311509
v 0.03456290 0.03017841 -0.00311509
v 0.03436290 0.03030860 0.00167250
v 0.03456291 0.03030860 0.00167250
v 0.03436290 0.02968279 0.00642079
v 0.03456291 0.02968279 0.00642079
v 0.03436291 0.02831660 0.01101116
v 0.03456291 0.02831660 0.01101116
v 0.03436291 0.02624418 0.01532891
v 0.03456291 0.02624418 0.01532891
v 0.03436290 0.02351730 0.01926617
v 0.03456290 0.02351730 0.01926617
v 0.03436290 0.02020408 0.02272457
v 0.03456290 0.02020408 0.02272457
v 0.03436290 0.01638732 0.02561771
v 0.03456291 0.01638732 0.02561771
v 0.03436290 0.01216236 0.02787329
v 0.03456291 0.01216236 0.02787329
v 0.03436291 0.00763477 0.02943498
v 0.03456290 0.00763477 0.02943498
v 0.03436290 0.00291766 0.03026373
v 0.03456291 0.00291766 0.03026373
v 0.03436290 -0.00187110 0.03033887
v 0.03456291 -0.00187110 0.03033887
v 0.03436290 -0.00661188 0.02965849
v 0.03456290 -0.00661188 0.02965849
v -0.03394136 -0.11494526 -0.02532091
v -0.03397082 -0.11695813 -0.02458805
v -0.03320923 -0.11664498 -0.02566279
v -0.01715708 -0.12888479 -0.03022625
v -0.01615479 -0.12801617 -0.03057370
v -0.01757740 -0.12895259 -0.03012217
v -0.01280021 -0.12567884 -0.03146695
v -0.01111079 -0.12477680 -0.03179298
v -0.01423333 -0.12498534 -0.03134338
v -0.02039665 -0.11360362 -0.03164864
v -0.02046724 -0.11683902 -0.03125933
v -0.01886534 -0.11603250 -0.03164183
v -0.02080338 -0.11275940 -0.03167130
v -0.02344442 -0.11278066 -0.03116595
v -0.02109211 -0.11176361 -0.03172996
v -0.02117594 -0.11108276 -0.03178820
v -0.01985108 -0.10892649 -0.03219058
v -0.02010288 -0.10876033 -0.03217177
v -0.02097551 -0.11027770 -0.03190271
v -0.02323122 -0.10874823 -0.03169385
v -0.02110724 -0.11053447 -0.03185604
v -0.02363884 -0.11679912 -0.03056219
v -0.01417957 -0.12198085 -0.03171293
v -0.01574251 -0.12023234 -0.03167863
v -0.01739256 -0.12090801 -0.03132995
v -0.01837899 -0.11675142 -0.03164374
v -0.02061943 -0.12085865 -0.03069052
v -0.01730858 -0.11824740 -0.03165355
v -0.01613810 -0.11975335 -0.03167129
v -0.01270195 -0.12342782 -0.03175079
v -0.01750010 -0.12493133 -0.03077064
v -0.01461975 -0.12684734 -0.03102847
v -0.01441660 -0.12670586 -0.03108248
v -0.02050563 -0.13169588 -0.02885161
v -0.01941191 -0.13122249 -0.02925633
v -0.02083234 -0.12887169 -0.02930935
v -0.01897469 -0.13072045 -0.02946836
v -0.01763933 -0.12933652 -0.03004255
v -0.02164089 -0.13203527 -0.02842733
v -0.02404405 -0.12877800 -0.02828745
v -0.02262787 -0.13221677 -0.02805323
v -0.02899128 -0.13235183 -0.02510039
v -0.02729016 -0.13233307 -0.02606241
v -0.02724191 -0.12867258 -0.02699908
v -0.02648672 -0.13232544 -0.02645360
v -0.02386898 -0.13230358 -0.02757485
v -0.03088926 -0.13200539 -0.02372869
v -0.03007295 -0.13224806 -0.02436663
v -0.03023889 -0.12855868 -0.02528112
v -0.02997378 -0.13226750 -0.02443817
v -0.02869087 -0.12466336 -0.02724519
v -0.03013797 -0.12461802 -0.02639702
v -0.02911299 -0.13235188 -0.02502205
v -0.03296486 -0.13045755 -0.02145566
v -0.03253206 -0.13094169 -0.02201925
v -0.03253358 -0.12844151 -0.02286679
v -0.03236400 -0.13109890 -0.02222566
v -0.03149522 -0.12850046 -0.02416342
v -0.03169763 -0.13159794 -0.02297148
v -0.03103178 -0.13194676 -0.02360590
v -0.03337250 -0.12838045 -0.02146279
v -0.03336248 -0.12986070 -0.02091202
v -0.03324361 -0.13006029 -0.02107502
v -0.03304808 -0.13034710 -0.02134313
v -0.03369017 -0.12915011 -0.02048964
v -0.03354114 -0.12950952 -0.02067355
v -0.03346916 -0.12966046 -0.02076779
v -0.03399076 -0.12750977 -0.02048670
v -0.03395685 -0.12801425 -0.02034945
v -0.03391063 -0.12833159 -0.02032277
v -0.03384455 -0.12864619 -0.02034454
v -0.03373530 -0.12902142 -0.02044022
v -0.03330339 -0.12057135 -0.02430899
v -0.03401600 -0.12443487 -0.02171014
v -0.03308997 -0.11269464 -0.02694468
v -0.03295406 -0.10871759 -0.02814341
v -0.03390287 -0.11268423 -0.02611711
v -0.03376618 -0.10581268 -0.02834408
v -0.03371178 -0.10516995 -0.02856387
v -0.03374437 -0.10543703 -0.02846646
v -0.03280849 -0.10471337 -0.02925188
v -0.03375465 -0.10556100 -0.02842413
v -0.03376340 -0.10570949 -0.02837564
v -0.03229962 -0.10234446 -0.03006874
v -0.03286375 -0.10302142 -0.02962695
v -0.03323384 -0.10365081 -0.02926612
v -0.03328984 -0.10376772 -0.02920374
v -0.03359710 -0.10461415 -0.02879241
v -0.02985439 -0.10098151 -0.03128335
v -0.03025599 -0.10109268 -0.03113838
v -0.03044423 -0.10470460 -0.03046096
v -0.03067986 -0.10125022 -0.03096540
v -0.03168167 -0.10470866 -0.02988270
v -0.03150714 -0.10169401 -0.03056091
v -0.03219043 -0.10223737 -0.03014425
v -0.02960313 -0.10092979 -0.03136522
v -0.02908588 -0.10470200 -0.03094696
v -0.02876708 -0.10085304 -0.03159437
v -0.02762491 -0.10470092 -0.03133682
v -0.02678160 -0.10084553 -0.03198956
v -0.02610059 -0.10470091 -0.03165295
v -0.02556597 -0.10084197 -0.03217505
v -0.02300405 -0.10470249 -0.03214874
v -0.02286529 -0.10426258 -0.03220910
v -0.02427230 -0.10260517 -0.03217651
v -0.01886354 -0.10793961 -0.03239443
v -0.01971980 -0.10725776 -0.03234782
v -0.02134710 -0.10581421 -0.03226788
v -0.02162390 -0.10554729 -0.03225580
v -0.02635081 -0.10873578 -0.03107123
v -0.02658556 -0.11275396 -0.03041026
v -0.02788286 -0.10872996 -0.03067862
v -0.02812484 -0.11274045 -0.02993816
v -0.02934163 -0.10872503 -0.03019915
v -0.02958146 -0.11272755 -0.02936639
v -0.03068167 -0.10872152 -0.02960689
v -0.03090422 -0.11271583 -0.02866572
v -0.03188185 -0.10871934 -0.02890633
v -0.03206924 -0.11270520 -0.02784122
v -0.02679943 -0.11675510 -0.02966963
v -0.02834508 -0.11673219 -0.02911635
v -0.02979931 -0.11670949 -0.02845102
v -0.03110546 -0.11668763 -0.02764130
v -0.03223716 -0.11666650 -0.02669279
v -0.03336195 -0.12447996 -0.02290102
v -0.03248028 -0.12452704 -0.02418806
v -0.03141142 -0.12457263 -0.02537579
v -0.03237752 -0.12060522 -0.02547015
v -0.03127774 -0.12063816 -0.02654066
v -0.02998786 -0.12067141 -0.02745812
v -0.02853665 -0.12070508 -0.02821643
v -0.02698582 -0.12073845 -0.02885079
v -0.02380863 -0.12080180 -0.02988082
v -0.02713653 -0.12470790 -0.02795819
v -0.02394655 -0.12479175 -0.02912197
v -0.02074360 -0.12486657 -0.03004150
v -0.00543654 -0.11389463 -0.03062602
v -0.00567303 -0.11384975 -0.03064083
v -0.00690680 -0.11380047 -0.03066340
v -0.00775128 -0.11338787 -0.03079426
v -0.01028942 -0.11347494 -0.03079716
v -0.00911956 -0.11299948 -0.03092225
v -0.00946305 -0.11289112 -0.03095774
v -0.01135963 -0.11333828 -0.03085422
v -0.01113519 -0.11229901 -0.03114957
v -0.01256888 -0.11315159 -0.03093115
v -0.01309742 -0.11146042 -0.03141495
v -0.01475019 -0.11269672 -0.03111221
v -0.01488149 -0.11105356 -0.03156151
v -0.01677912 -0.11212203 -0.03133278
v -0.01874347 -0.11140430 -0.03159658
v -0.01853109 -0.10819207 -0.03237040
v -0.01968127 -0.10938752 -0.03212468
v -0.01796585 -0.10860680 -0.03225709
v -0.02060678 -0.11055525 -0.03187750
v -0.01685251 -0.10936823 -0.03204213
v -0.01500410 -0.11048393 -0.03171409
v -0.01387974 -0.11107995 -0.03153279
v 0.01863398 -0.10801176 -0.03240043
v 0.01843551 -0.10816234 -0.03237615
v 0.01947879 -0.10923244 -0.03215668
v 0.01979272 -0.10894150 -0.03218741
v 0.01876508 -0.10791124 -0.03239965
v 0.02053891 -0.11055634 -0.03187683
v 0.02090765 -0.11027880 -0.03190203
v 0.00738776 -0.11344656 -0.03077418
v 0.00530391 -0.11389463 -0.03062563
v 0.00871736 -0.11363991 -0.03072882
v 0.01782941 -0.10860787 -0.03225451
v 0.02053202 -0.11054938 -0.03187833
v 0.01989047 -0.11086686 -0.03177743
v 0.01741596 -0.10889902 -0.03217327
v 0.01673258 -0.10935861 -0.03204281
v 0.01588596 -0.11237746 -0.03123572
v 0.01662424 -0.11215264 -0.03132122
v 0.01374416 -0.11108070 -0.03153101
v 0.01368777 -0.11292549 -0.03102201
v 0.01487130 -0.11048310 -0.03171260
v 0.01795015 -0.11169194 -0.03149305
v 0.01294230 -0.11147035 -0.03141043
v 0.01094790 -0.11231971 -0.03114181
v 0.01151261 -0.11330806 -0.03086672
v 0.01063481 -0.11342469 -0.03081799
v 0.00932811 -0.11289161 -0.03095669
v 0.00888952 -0.11302919 -0.03091168
v -0.01865894 -0.10809563 -0.03238980
v 0.02003543 -0.10876494 -0.03217078
v 0.02044025 -0.10652433 -0.03231188
v 0.01344340 -0.12610862 -0.03130699
v 0.01412497 -0.12655158 -0.03114017
v 0.01416512 -0.12499696 -0.03134146
v 0.01682318 -0.12864335 -0.03032254
v 0.01805867 -0.12981734 -0.02984422
v 0.01750888 -0.12896614 -0.03011938
v 0.01934417 -0.13122419 -0.02925527
v 0.02043315 -0.13169605 -0.02885216
v 0.02200504 -0.10503093 -0.03224299
v 0.02293670 -0.10470542 -0.03214782
v 0.02345918 -0.10343342 -0.03219748
v 0.02603323 -0.10470400 -0.03165187
v 0.02954639 -0.10093048 -0.03136135
v 0.02869975 -0.10085458 -0.03159352
v 0.02901845 -0.10470524 -0.03094572
v 0.02709393 -0.10084821 -0.03192350
v 0.02755752 -0.10470408 -0.03133566
v 0.02542997 -0.10084314 -0.03218384
v 0.02465375 -0.10193221 -0.03218076
v 0.03132375 -0.10161958 -0.03062282
v 0.03070860 -0.10128899 -0.03092295
v 0.03037675 -0.10470791 -0.03045963
v 0.03050817 -0.10120397 -0.03100982
v 0.02968907 -0.10095789 -0.03131562
v 0.03274091 -0.10471681 -0.02925039
v 0.03269027 -0.10287330 -0.02971751
v 0.03161415 -0.10471202 -0.02988129
v 0.03206011 -0.10218109 -0.03018526
v 0.03350539 -0.10451526 -0.02883397
v 0.03319907 -0.10372066 -0.02922869
v 0.03296494 -0.10328366 -0.02947100
v 0.03381338 -0.11152955 -0.02651156
v 0.03369844 -0.10581447 -0.02834300
v 0.03365583 -0.10523614 -0.02853684
v 0.03354952 -0.10467751 -0.02876172
v 0.03323492 -0.12058186 -0.02430483
v 0.03393904 -0.12054933 -0.02323087
v 0.03389960 -0.11675198 -0.02466367
v 0.03329316 -0.12449221 -0.02289611
v 0.03392162 -0.12751158 -0.02048561
v 0.03365171 -0.12906910 -0.02045296
v 0.03367674 -0.12899545 -0.02042629
v 0.03330330 -0.12839447 -0.02145718
v 0.03378611 -0.12861216 -0.02033337
v 0.03381809 -0.12846974 -0.02031860
v 0.03384825 -0.12831202 -0.02031466
v 0.03391115 -0.12778062 -0.02039425
v 0.03391561 -0.12770240 -0.02041747
v 0.03246456 -0.12845553 -0.02286153
v 0.03241701 -0.13098802 -0.02207506
v 0.03272723 -0.13066311 -0.02167896
v 0.03301271 -0.13030155 -0.02129610
v 0.03308872 -0.13019228 -0.02119207
v 0.03343226 -0.12959677 -0.02072377
v 0.03217295 -0.13120641 -0.02236932
v 0.03142636 -0.12851445 -0.02415852
v 0.03178195 -0.13150200 -0.02280805
v 0.03045626 -0.13213368 -0.02402423
v 0.03058934 -0.13209052 -0.02391847
v 0.03017014 -0.12857266 -0.02527654
v 0.03072767 -0.13204131 -0.02380541
v 0.03149295 -0.13168299 -0.02310754
v 0.02892204 -0.13235337 -0.02509946
v 0.02976375 -0.13229419 -0.02453671
v 0.03020938 -0.13220309 -0.02421360
v 0.02639019 -0.13232659 -0.02646559
v 0.02717327 -0.12868647 -0.02699507
v 0.02446483 -0.13231003 -0.02730893
v 0.02397544 -0.12879178 -0.02828390
v 0.02379981 -0.13230485 -0.02757408
v 0.02255979 -0.13221842 -0.02805204
v 0.02076378 -0.12888537 -0.02930621
v 0.02156344 -0.13203497 -0.02842965
v 0.01743188 -0.12494309 -0.03076842
v 0.01566873 -0.12767690 -0.03070607
v 0.01666957 -0.12850796 -0.03037684
v 0.01410096 -0.12199228 -0.03171272
v 0.01251384 -0.12354001 -0.03175324
v 0.01178520 -0.12515326 -0.03165800
v 0.01104240 -0.12477719 -0.03179263
v 0.02316375 -0.10875300 -0.03169266
v 0.02092629 -0.11030544 -0.03189643
v 0.02107175 -0.11064550 -0.03183895
v 0.02110588 -0.11114627 -0.03178132
v 0.02337681 -0.11278725 -0.03116442
v 0.02099751 -0.11188890 -0.03172046
v 0.02071941 -0.11280509 -0.03166852
v 0.02032859 -0.11360470 -0.03164800
v 0.02148764 -0.10554828 -0.03226394
v 0.01513218 -0.12086592 -0.03168908
v 0.01732458 -0.12091790 -0.03132821
v 0.01687148 -0.11873647 -0.03165798
v 0.02055144 -0.12086868 -0.03068847
v 0.02039947 -0.11684728 -0.03125770
v 0.02374062 -0.12081196 -0.02987842
v 0.02357104 -0.11680753 -0.03056026
v 0.02691777 -0.12074875 -0.02884798
v 0.02673161 -0.11676363 -0.02966735
v 0.02827724 -0.11674079 -0.02911389
v 0.02846858 -0.12071542 -0.02821339
v 0.02991975 -0.12068182 -0.02745483
v 0.02067536 -0.12487845 -0.03003894
v 0.02387829 -0.12480375 -0.02911902
v 0.02706822 -0.12472001 -0.02795479
v 0.02973143 -0.11671815 -0.02844834
v 0.03120953 -0.12064862 -0.02653709
v 0.03103750 -0.11669634 -0.02763838
v 0.03230920 -0.12061571 -0.02546629
v 0.03216909 -0.11667525 -0.02668963
v 0.03314104 -0.11665376 -0.02565936
v 0.03241165 -0.12453929 -0.02418350
v 0.03134292 -0.12458487 -0.02537155
v 0.03006957 -0.12463024 -0.02639309
v 0.02862253 -0.12467553 -0.02724154
v 0.02767801 -0.13233916 -0.02582407
v 0.03181417 -0.10872453 -0.02890441
v 0.03061406 -0.10872666 -0.02960511
v 0.02927407 -0.10873010 -0.03019750
v 0.02781535 -0.10873495 -0.03067710
v 0.02628330 -0.10874070 -0.03106983
v 0.02651793 -0.11276070 -0.03040845
v 0.02805717 -0.11274726 -0.02993619
v 0.02951375 -0.11273442 -0.02936426
v 0.03083645 -0.11272276 -0.02866341
v 0.03200139 -0.11271217 -0.02783871
v 0.03302199 -0.11270165 -0.02694197
v 0.03288629 -0.10872283 -0.02814134
v 0.01860900 -0.11631180 -0.03164207
v 0.01104037 -0.12542275 -0.03511466
v 0.01934214 -0.13186975 -0.03257730
v 0.01805705 -0.13046333 -0.03316606
v 0.01682113 -0.12928891 -0.03364457
v 0.01666876 -0.12915458 -0.03369844
v 0.01554015 -0.12822337 -0.03406687
v 0.01398909 -0.12710769 -0.03449608
v 0.01337261 -0.12671119 -0.03464507
v 0.01171109 -0.12576099 -0.03499367
v 0.01087740 -0.12469788 -0.03181404
v 0.01057854 -0.12455863 -0.03181852
v 0.01057807 -0.12520491 -0.03514063
v 0.01042238 -0.12448806 -0.03180395
v 0.01042033 -0.12513362 -0.03512598
v -0.00003629 -0.12290225 -0.03454629
v -0.00003426 -0.12225669 -0.03122427
v -0.00051678 -0.12226117 -0.03122481
v -0.00199321 -0.12297610 -0.03455631
v -0.00199127 -0.12233055 -0.03123428
v -0.00392613 -0.12319768 -0.03460234
v -0.00791987 -0.12414491 -0.03484649
v -0.00977551 -0.12418086 -0.03171570
v -0.00975219 -0.12481601 -0.03503475
v -0.01049075 -0.12448770 -0.03180429
v -0.01049278 -0.12513325 -0.03512632
v -0.00390669 -0.12254946 -0.03127970
v -0.00392420 -0.12255215 -0.03128032
v -0.00524802 -0.12343658 -0.03465988
v -0.00529986 -0.12280229 -0.03134067
v -0.00714072 -0.12390627 -0.03478182
v -0.00719156 -0.12327605 -0.03146390
v -0.00794395 -0.12350783 -0.03152677
v -0.01111282 -0.12542234 -0.03511501
v -0.01080432 -0.12527551 -0.03514395
v -0.01080228 -0.12462994 -0.03182192
v -0.01578146 -0.10342142 -0.03630566
v -0.01729373 -0.10213637 -0.03626664
v -0.01729170 -0.10149081 -0.03294463
v -0.01577942 -0.10277586 -0.03298363
v -0.01537500 -0.10308667 -0.03299556
v -0.01537703 -0.10373222 -0.03631758
v -0.01434259 -0.10382397 -0.03302807
v -0.01434463 -0.10446953 -0.03635009
v -0.01327480 -0.10450885 -0.03306381
v -0.01327685 -0.10515442 -0.03638584
v -0.01288617 -0.10474072 -0.03304439
v -0.01288820 -0.10538627 -0.03636642
v -0.01308269 -0.10527126 -0.03638423
v -0.01308064 -0.10462570 -0.03306220
v -0.01114462 -0.10567272 -0.03282749
v 0.01281696 -0.10474075 -0.03304410
v 0.01281493 -0.10538630 -0.03636613
v 0.01216015 -0.10511279 -0.03295884
v 0.01230178 -0.10567918 -0.03629916
v 0.01039211 -0.10599219 -0.03275044
v 0.01054093 -0.10656930 -0.03608903
v 0.00958379 -0.10633909 -0.03266563
v 0.00958175 -0.10698465 -0.03598766
v 0.00855821 -0.10673283 -0.03256765
v 0.00871956 -0.10731903 -0.03590457
v 0.00769937 -0.10702436 -0.03249396
v 0.00684103 -0.10792728 -0.03575017
v 0.00615996 -0.10746388 -0.03238114
v 0.00615792 -0.10810944 -0.03570317
v 0.00580807 -0.10754986 -0.03235884
v 0.00490784 -0.10839113 -0.03562988
v 0.00388680 -0.10792766 -0.03226018
v 0.00385634 -0.10857766 -0.03558105
v 0.00260738 -0.10809539 -0.03221603
v 0.00260534 -0.10874096 -0.03553807
v 0.00193798 -0.10815693 -0.03219960
v 0.00191483 -0.10880414 -0.03552118
v -0.00003388 -0.10823441 -0.03217684
v -0.00003591 -0.10887997 -0.03549887
v -0.00005389 -0.10823440 -0.03217689
v -0.00005592 -0.10887995 -0.03549892
v -0.00013394 -0.10823420 -0.03217709
v -0.00013597 -0.10887977 -0.03549912
v -0.00045412 -0.10823090 -0.03217854
v -0.00045617 -0.10887646 -0.03550057
v -0.00090865 -0.10821921 -0.03218227
v -0.00091070 -0.10886477 -0.03550430
v -0.00173416 -0.10817699 -0.03219419
v -0.00173619 -0.10882255 -0.03551622
v -0.00297067 -0.10806294 -0.03222469
v -0.00297271 -0.10870849 -0.03554672
v -0.00441640 -0.10785148 -0.03228024
v -0.00441844 -0.10849703 -0.03560227
v -0.00490072 -0.10776152 -0.03230378
v -0.00490276 -0.10840709 -0.03562582
v -0.00680732 -0.10731161 -0.03242059
v -0.00680935 -0.10795717 -0.03574263
v -0.00749023 -0.10711218 -0.03247175
v -0.00749226 -0.10775775 -0.03579378
v -0.00785834 -0.10699603 -0.03250134
v -0.00786038 -0.10764159 -0.03582337
v -0.00934495 -0.10646312 -0.03263517
v -0.00934698 -0.10710867 -0.03595720
v -0.01114666 -0.10631828 -0.03614952
v 0.01320561 -0.10450888 -0.03306352
v 0.01320358 -0.10515444 -0.03638554
v 0.01300939 -0.10527129 -0.03638394
v 0.01301143 -0.10462573 -0.03306191
v 0.01898417 -0.10100116 -0.03288304
v 0.02080679 -0.10086736 -0.03288143
v 0.02080485 -0.10147823 -0.03602493
v 0.01721750 -0.10213912 -0.03626635
v 0.01721954 -0.10149356 -0.03294432
v 0.01838984 -0.10176762 -0.03620302
v 0.01831743 -0.10114101 -0.03288540
v 0.01893145 -0.10164855 -0.03616915
v 0.01986464 -0.10151877 -0.03610293
v 0.02532878 -0.10097661 -0.03288607
v 0.02578302 -0.10148969 -0.03545529
v 0.02869770 -0.10150014 -0.03491555
v 0.02729977 -0.10149449 -0.03520805
v 0.02493184 -0.10148737 -0.03557314
v 0.02093994 -0.10147848 -0.03601275
v 0.02094188 -0.10087001 -0.03288156
v 0.03070656 -0.10193455 -0.03424498
v 0.03050614 -0.10184953 -0.03433185
v 0.02968704 -0.10160346 -0.03463764
v 0.02954436 -0.10157604 -0.03468338
v 0.03132171 -0.10226514 -0.03394485
v 0.03205808 -0.10282665 -0.03350729
v 0.03319702 -0.10436621 -0.03255073
v 0.03296291 -0.10392922 -0.03279303
v 0.03268823 -0.10351886 -0.03303954
v 0.03350335 -0.10516082 -0.03215600
v 0.03354748 -0.10532306 -0.03208375
v 0.03369639 -0.10646003 -0.03166504
v 0.03365380 -0.10588171 -0.03185887
v 0.03391959 -0.12815714 -0.02380764
v 0.03393700 -0.12119385 -0.02655330
v 0.03389756 -0.11739754 -0.02798570
v 0.03381133 -0.11217511 -0.02983360
v 0.03390912 -0.12842618 -0.02371628
v 0.03378407 -0.12925772 -0.02365540
v 0.03381605 -0.12911530 -0.02364063
v 0.03384621 -0.12895758 -0.02363669
v 0.03343021 -0.13024233 -0.02404580
v 0.03364966 -0.12971467 -0.02377499
v 0.03367470 -0.12964101 -0.02374832
v 0.03241498 -0.13163358 -0.02539709
v 0.03272520 -0.13130867 -0.02500099
v 0.03301066 -0.13094711 -0.02461813
v 0.03308667 -0.13083784 -0.02451410
v 0.03149090 -0.13232854 -0.02642957
v 0.03217093 -0.13185197 -0.02569135
v 0.03072563 -0.13268687 -0.02712744
v 0.03058730 -0.13273609 -0.02724050
v 0.03045424 -0.13277924 -0.02734626
v 0.03020733 -0.13284865 -0.02753563
v 0.02976170 -0.13293976 -0.02785874
v 0.02891999 -0.13299893 -0.02842149
v 0.02638814 -0.13297215 -0.02978761
v 0.02767597 -0.13298473 -0.02914610
v 0.02379778 -0.13295041 -0.03089612
v 0.02446279 -0.13295560 -0.03063096
v -0.01941395 -0.13186805 -0.03257836
v -0.01890709 -0.13128848 -0.03282296
v -0.01756576 -0.12990969 -0.03339415
v -0.01697964 -0.12936805 -0.03361379
v -0.01549782 -0.12813754 -0.03410153
v -0.01442584 -0.12735638 -0.03440261
v -0.01280753 -0.12632747 -0.03478784
v 0.01485746 -0.10406103 -0.03633096
v 0.01485951 -0.10341547 -0.03300893
v 0.01527059 -0.10375770 -0.03631823
v 0.01527262 -0.10311215 -0.03299620
v 0.01626622 -0.10232714 -0.03296779
v 0.01626418 -0.10297270 -0.03628982
v 0.02255775 -0.13286397 -0.03137407
v 0.02156140 -0.13268054 -0.03175168
v 0.02043111 -0.13234161 -0.03217418
v 0.00862178 -0.12440854 -0.03491922
v 0.00915583 -0.12396114 -0.03165285
v 0.00794072 -0.12417445 -0.03485441
v 0.00786060 -0.12350211 -0.03152503
v 0.00660856 -0.12377823 -0.03474750
v 0.00713821 -0.12328003 -0.03146476
v 0.00525518 -0.12345520 -0.03466410
v 0.00525721 -0.12280963 -0.03134207
v 0.00333216 -0.12312417 -0.03458558
v 0.00393461 -0.12256604 -0.03128320
v 0.00267807 -0.12304554 -0.03456907
v 0.00260032 -0.12239157 -0.03124538
v 0.00132282 -0.12293772 -0.03455070
v 0.00192037 -0.12233040 -0.03123418
v -0.02055880 -0.13235991 -0.03215465
v -0.02153959 -0.13265587 -0.03178821
v -0.02269907 -0.13287126 -0.03134885
v -0.02387101 -0.13294914 -0.03089688
v -0.02899332 -0.13299739 -0.02842242
v -0.02729220 -0.13297862 -0.02938444
v -0.02648875 -0.13297100 -0.02977563
v -0.02986549 -0.13293231 -0.02783858
v -0.03061721 -0.13274953 -0.02727615
v -0.03139100 -0.13242136 -0.02660062
v -0.03222473 -0.13186552 -0.02571559
v -0.03236604 -0.13174446 -0.02554769
v -0.03151215 -0.13235508 -0.02648286
v -0.03281564 -0.13128723 -0.02497950
v -0.03296689 -0.13110311 -0.02477769
v -0.03316698 -0.13082634 -0.02450535
v -0.03324565 -0.13070585 -0.02439705
v -0.03347120 -0.13030602 -0.02408982
v -0.03336451 -0.13050625 -0.02423405
v -0.03362805 -0.12995961 -0.02388831
v -0.03369221 -0.12979567 -0.02381167
v -0.03380984 -0.12943099 -0.02369364
v -0.03384659 -0.12929176 -0.02366657
v -0.03394316 -0.12878318 -0.02365573
v -0.03397801 -0.12846474 -0.02371023
v -0.03399279 -0.12815535 -0.02380872
v -0.03394341 -0.11559082 -0.02864294
v -0.03382819 -0.10936216 -0.03076161
v -0.03376821 -0.10645824 -0.03166611
v -0.03401802 -0.12508948 -0.02502858
v -0.03400976 -0.12119143 -0.02655462
v -0.03396842 -0.11727481 -0.02803129
v -0.03401496 -0.12579890 -0.02474711
v -0.03376342 -0.10630883 -0.03171230
v -0.03375670 -0.10620656 -0.03174616
v -0.03362453 -0.10536009 -0.03207075
v -0.03333968 -0.10451929 -0.03247031
v -0.03323589 -0.10429636 -0.03258815
v -0.03289158 -0.10370456 -0.03292616
v -0.03230165 -0.10299002 -0.03339077
v -0.03163753 -0.10242739 -0.03381113
v -0.03142678 -0.10228617 -0.03392766
v -0.03067505 -0.10189288 -0.03429039
v -0.03025803 -0.10173824 -0.03446041
v -0.02986646 -0.10162941 -0.03460197
v -0.02904068 -0.10150757 -0.03484866
v -0.02876913 -0.10149860 -0.03491639
v -0.02546838 -0.10097173 -0.03285782
v -0.02660765 -0.10149053 -0.03534051
v -0.02493859 -0.10148588 -0.03558244
v -0.02290969 -0.10148114 -0.03582495
v -0.02087432 -0.10086161 -0.03285821
v -0.02087627 -0.10147712 -0.03602559
v -0.01964005 -0.10155215 -0.03612549
v -0.01906315 -0.10099818 -0.03286189
v -0.01910291 -0.10163330 -0.03616290
v -0.01875616 -0.10105571 -0.03286318
v -0.01847665 -0.10112015 -0.03288035
v -0.01818673 -0.10184214 -0.03621946
v 0.01221265 -0.12339315 -0.03178404
v 0.01394918 -0.12166651 -0.03174213
v 0.01196033 -0.12317186 -0.03176113
v 0.01371111 -0.12139825 -0.03171316
v -0.01470051 -0.10514013 -0.03294529
v -0.00003389 -0.10848937 -0.03211491
v -0.00082466 -0.10847784 -0.03211912
v -0.00189214 -0.10842232 -0.03213467
v -0.00275598 -0.10834359 -0.03215576
v -0.00467410 -0.10805897 -0.03223088
v -0.00712514 -0.10746705 -0.03238546
v -0.00524967 -0.10794344 -0.03226127
v -0.00895573 -0.10684741 -0.03254358
v -0.01073892 -0.10608499 -0.03273216
v -0.01247156 -0.10517848 -0.03294727
v -0.01408888 -0.10525343 -0.03294784
v 0.01678219 -0.11753244 -0.03164446
v 0.01711020 -0.11775565 -0.03168736
v 0.01857466 -0.11559568 -0.03167930
v 0.01529583 -0.11953007 -0.03167414
v 0.01827190 -0.11527592 -0.03162495
v 0.01993454 -0.11337057 -0.03168688
v 0.01954364 -0.11313749 -0.03162004
v 0.02054316 -0.11107867 -0.03179901
v 0.02036053 -0.11167996 -0.03173626
v 0.02064393 -0.11189282 -0.03174920
v 0.01998569 -0.11251753 -0.03166706
v 0.02034847 -0.11267010 -0.03170663
v 0.02058293 -0.11087719 -0.03182507
v 0.02059345 -0.11075893 -0.03184228
v 0.02057371 -0.11061742 -0.03186556
v 0.01421349 -0.10516568 -0.03296181
v 0.01438287 -0.10511874 -0.03296099
v 0.01446715 -0.10506154 -0.03295992
v 0.01385584 -0.10517850 -0.03296179
v 0.00355048 -0.11415264 -0.03054771
v 0.00144730 -0.11432917 -0.03050383
v 0.00144731 -0.11495897 -0.03041228
v 0.00527374 -0.11389617 -0.03062502
v 0.00647295 -0.11478035 -0.03047798
v 0.00469298 -0.11399510 -0.03059364
v 0.01094378 -0.11435019 -0.03066664
v 0.02002611 -0.11184063 -0.03167700
v 0.01713281 -0.11299771 -0.03123358
v 0.01421010 -0.11380165 -0.03090925
v 0.01760003 -0.11389062 -0.03131410
v 0.01568982 -0.11447645 -0.03107425
v 0.01462755 -0.11473781 -0.03096165
v 0.00480975 -0.11590231 -0.03043820
v 0.00664174 -0.11579756 -0.03047813
v 0.00812690 -0.11568172 -0.03052681
v 0.01124755 -0.11533594 -0.03068584
v 0.01357774 -0.11495754 -0.03086325
v 0.00144728 -0.11598085 -0.03041244
v 0.01243734 -0.10511982 -0.03295993
v 0.01167136 -0.10554666 -0.03286026
v 0.00991330 -0.10639959 -0.03265444
v 0.00918971 -0.10670283 -0.03257918
v 0.00809930 -0.10711046 -0.03247635
v 0.00190368 -0.10841111 -0.03213754
v 0.00382536 -0.10818277 -0.03219799
v 0.00431207 -0.10810068 -0.03221959
v 0.00559627 -0.10783584 -0.03228907
v 0.00623175 -0.10767839 -0.03233014
v -0.02041821 -0.11266971 -0.03170728
v -0.02000260 -0.11336952 -0.03168752
v -0.01961166 -0.11313646 -0.03162061
v -0.02006010 -0.11251254 -0.03166885
v -0.02064876 -0.11063910 -0.03186219
v -0.02065192 -0.11087020 -0.03182657
v -0.02061133 -0.11107756 -0.03179970
v -0.02045635 -0.11160031 -0.03174428
v -0.01177311 -0.12341112 -0.03176939
v -0.01343793 -0.12178858 -0.03172543
v -0.01639757 -0.11819147 -0.03165634
v -0.01789835 -0.11598358 -0.03163154
v -0.01803684 -0.11651756 -0.03168144
v -0.01491788 -0.12011047 -0.03168866
v -0.01557000 -0.11929540 -0.03167367
v -0.01378989 -0.11491536 -0.03087468
v -0.01577020 -0.11445374 -0.03107365
v -0.01618481 -0.11842196 -0.03165275
v -0.00592091 -0.11585025 -0.03045895
v -0.00615678 -0.11583684 -0.03046454
v -0.00636112 -0.11871610 -0.03084642
v -0.00003410 -0.11597882 -0.03041236
v -0.00151550 -0.11598077 -0.03041248
v -0.00258242 -0.11597186 -0.03041474
v -0.01172731 -0.11860542 -0.03114792
v -0.01783412 -0.11382488 -0.03133712
v -0.01202771 -0.11522913 -0.03073434
v -0.00729512 -0.11575783 -0.03049604
v -0.00847507 -0.11565731 -0.03053819
v -0.01123507 -0.11534482 -0.03068098
v -0.00003406 -0.11436646 -0.03049668
v -0.00077515 -0.11435831 -0.03049810
v -0.00151542 -0.11433230 -0.03050321
v -0.00661760 -0.11477711 -0.03048006
v -0.01903609 -0.11231039 -0.03150121
v -0.01665710 -0.11317528 -0.03116468
v -0.01420031 -0.11381988 -0.03090242
v -0.01169230 -0.11425920 -0.03070882
v -0.00252385 -0.11426801 -0.03051792
v -0.00333570 -0.11419192 -0.03053739
v -0.00482207 -0.11399571 -0.03059385
v -0.00540630 -0.11389628 -0.03062539
v -0.01468500 -0.10515442 -0.03294557
v -0.01459896 -0.10520430 -0.03294660
v 0.00089202 -0.11435153 -0.03049938
v 0.00629277 -0.11871634 -0.03084621
v 0.01165899 -0.11860595 -0.03114754
v 0.01409892 -0.12263784 -0.03503475
v 0.01251181 -0.12418557 -0.03507527
v 0.01221062 -0.12403871 -0.03510607
v 0.01394715 -0.12231206 -0.03506416
v 0.01195830 -0.12381741 -0.03508316
v 0.01370906 -0.12204381 -0.03503519
v -0.01986254 -0.10958600 -0.03551007
v -0.02010497 -0.10940693 -0.03549371
v -0.01936045 -0.10906287 -0.03561890
v -0.01225500 -0.12447817 -0.03508443
v -0.01423555 -0.12564032 -0.03466417
v -0.02724418 -0.12932943 -0.03031830
v -0.02300602 -0.10534699 -0.03547088
v -0.02610257 -0.10534541 -0.03497512
v -0.03044620 -0.10534911 -0.03378320
v -0.02908785 -0.10534650 -0.03426917
v -0.03168365 -0.10535316 -0.03320497
v -0.03281049 -0.10535788 -0.03257419
v -0.03309210 -0.11334327 -0.03026575
v -0.03330557 -0.12122399 -0.02762852
v -0.03336407 -0.12513460 -0.02621973
v -0.03337448 -0.12903710 -0.02478071
v -0.03253569 -0.12909821 -0.02618503
v -0.03149741 -0.12915719 -0.02748195
v -0.03024114 -0.12921545 -0.02859991
v -0.02083458 -0.12952866 -0.03262918
v -0.02404630 -0.12943488 -0.03160700
v -0.01757961 -0.12960958 -0.03344222
v -0.01750236 -0.12558627 -0.03409127
v -0.01614016 -0.12039893 -0.03499330
v -0.01574933 -0.12087215 -0.03500057
v -0.01739482 -0.12156084 -0.03465105
v -0.01421583 -0.12259070 -0.03503412
v -0.01730592 -0.11889958 -0.03497560
v -0.02062171 -0.12151144 -0.03401145
v -0.01838105 -0.11739699 -0.03496578
v -0.02323332 -0.10939483 -0.03501575
v -0.02097755 -0.11092325 -0.03522474
v -0.02113476 -0.11125999 -0.03516582
v -0.02117732 -0.11176360 -0.03510663
v -0.02344662 -0.11342933 -0.03448754
v -0.02107094 -0.11251843 -0.03504418
v -0.02079857 -0.11342299 -0.03499254
v -0.02039868 -0.11424918 -0.03497067
v -0.01862097 -0.10836579 -0.03576117
v -0.01438988 -0.10563709 -0.03629548
v -0.01589461 -0.10641351 -0.03614674
v -0.01677399 -0.10535219 -0.03613547
v -0.01727598 -0.10729410 -0.03597451
v -0.02046949 -0.11748979 -0.03458067
v -0.02381095 -0.12145457 -0.03320155
v -0.02364112 -0.11744987 -0.03388339
v -0.02698816 -0.12139120 -0.03217127
v -0.02680173 -0.11740582 -0.03299065
v -0.02853901 -0.12135779 -0.03153675
v -0.02834740 -0.11738290 -0.03243726
v -0.02999020 -0.12132411 -0.03077829
v -0.02980162 -0.11736018 -0.03177181
v -0.03128005 -0.12129086 -0.02986063
v -0.03110775 -0.11733831 -0.03096195
v -0.03237978 -0.12125789 -0.02878990
v -0.03223940 -0.11731716 -0.03001329
v -0.03321141 -0.11729563 -0.02898310
v -0.03248250 -0.12518173 -0.02750706
v -0.03141372 -0.12522735 -0.02869504
v -0.03014031 -0.12527278 -0.02971651
v -0.02869321 -0.12531814 -0.03056488
v -0.02713886 -0.12536271 -0.03127806
v -0.02394887 -0.12544660 -0.03244213
v -0.02074590 -0.12552148 -0.03336191
v -0.01270364 -0.12407645 -0.03507253
v -0.02762688 -0.10534541 -0.03465901
v -0.02635291 -0.10938238 -0.03439310
v -0.03188394 -0.10936593 -0.03222810
v -0.03295613 -0.10936417 -0.03146514
v -0.03068377 -0.10936812 -0.03292869
v -0.02934373 -0.10937162 -0.03352097
v -0.02788497 -0.10937654 -0.03400047
v -0.02658778 -0.11340263 -0.03373174
v -0.02812706 -0.11338911 -0.03325958
v -0.02958367 -0.11337620 -0.03268774
v -0.03090641 -0.11336447 -0.03198698
v -0.03207142 -0.11335383 -0.03116239
v -0.01887474 -0.11666707 -0.03496384
v -0.02060194 -0.11119385 -0.03520102
v -0.02060883 -0.11120081 -0.03519952
v -0.01973117 -0.11008853 -0.03543511
v -0.00003608 -0.11464125 -0.03391017
v -0.00151748 -0.11464341 -0.03390947
v -0.00003595 -0.11074916 -0.03502736
v -0.00406674 -0.11459474 -0.03392668
v -0.01032310 -0.11003695 -0.03525132
v -0.00721014 -0.11442687 -0.03399364
v -0.01032085 -0.11412303 -0.03411911
v -0.01905899 -0.10935415 -0.03558726
v -0.01552952 -0.11006661 -0.03531932
v -0.01860783 -0.10890813 -0.03567818
v -0.01471330 -0.10619824 -0.03621263
v -0.01614247 -0.10699628 -0.03605774
v -0.01738998 -0.10786048 -0.03588749
v -0.01865672 -0.11208194 -0.03490720
v -0.01664988 -0.11280909 -0.03463932
v -0.01277169 -0.11375749 -0.03426899
v -0.01385878 -0.11354626 -0.03435399
v -0.01486526 -0.11331457 -0.03444535
v 0.01529277 -0.12017614 -0.03499610
v 0.01824654 -0.11596031 -0.03494738
v 0.01857262 -0.11624124 -0.03500132
v 0.01678194 -0.11817537 -0.03496645
v 0.01856693 -0.11701945 -0.03496396
v 0.01537397 -0.12122963 -0.03500613
v 0.01696261 -0.11926077 -0.03497859
v 0.01742953 -0.11863528 -0.03497275
v 0.01954160 -0.11378305 -0.03494206
v 0.01993250 -0.11401612 -0.03500891
v 0.02032656 -0.11425027 -0.03497003
v 0.02053688 -0.11120190 -0.03519887
v 0.02090561 -0.11092436 -0.03522406
v 0.02057127 -0.11126285 -0.03518740
v 0.02105999 -0.11125264 -0.03516647
v 0.02059066 -0.11140455 -0.03516430
v 0.02057776 -0.11154203 -0.03514457
v 0.02110589 -0.11173723 -0.03510876
v 0.02054067 -0.11172419 -0.03512105
v 0.02100808 -0.11247666 -0.03504656
v 0.02034817 -0.11235200 -0.03505570
v 0.02034643 -0.11331566 -0.03502866
v 0.01993869 -0.11324119 -0.03498319
v 0.02097533 -0.11261866 -0.03503683
v 0.02073303 -0.11340995 -0.03499231
v 0.01502843 -0.10639846 -0.03617371
v 0.01431202 -0.10603670 -0.03624330
v 0.01431945 -0.10563866 -0.03629492
v 0.01520107 -0.10607453 -0.03621189
v 0.01590938 -0.10646518 -0.03613652
v 0.01582392 -0.10684573 -0.03608684
v 0.01727042 -0.10734228 -0.03596465
v 0.01704603 -0.10765634 -0.03592753
v 0.01856148 -0.10837398 -0.03575860
v 0.01834533 -0.10872652 -0.03571458
v 0.01978143 -0.10957324 -0.03551194
v 0.01948760 -0.10989027 -0.03547614
v 0.02027425 -0.11132446 -0.03515995
v 0.01342776 -0.11563180 -0.03417238
v 0.01120681 -0.11598600 -0.03400544
v 0.01094170 -0.11499738 -0.03398851
v 0.00212202 -0.11662249 -0.03373528
v 0.00144526 -0.11662640 -0.03373447
v 0.00144528 -0.11562866 -0.03373211
v 0.00647107 -0.11542753 -0.03379985
v 0.00663940 -0.11644018 -0.03379975
v 0.00543529 -0.11651301 -0.03377112
v 0.00856677 -0.11628534 -0.03386619
v 0.01420825 -0.11444881 -0.03423118
v 0.01462530 -0.11538452 -0.03428372
v 0.01757809 -0.11454272 -0.03463320
v 0.02002554 -0.11248723 -0.03499922
v 0.01713106 -0.11364485 -0.03455553
v 0.01553970 -0.11516117 -0.03437968
v 0.01848756 -0.11212981 -0.03489075
v 0.02052999 -0.11119494 -0.03520036
v 0.01664187 -0.11279286 -0.03464562
v 0.01436779 -0.11341775 -0.03440472
v 0.01204247 -0.11387213 -0.03422249
v 0.00450492 -0.11457078 -0.03393533
v 0.00630596 -0.11447152 -0.03397405
v 0.00802359 -0.11434167 -0.03402694
v 0.01103541 -0.11401837 -0.03416198
v 0.00144530 -0.11464348 -0.03390941
v 0.01545763 -0.11006711 -0.03531891
v 0.01025120 -0.11003718 -0.03525107
v 0.01950836 -0.11166177 -0.03504822
v -0.01964517 -0.11374801 -0.03494559
v -0.01961370 -0.11378202 -0.03494265
v -0.02000464 -0.11401509 -0.03500955
v -0.02065028 -0.11128313 -0.03518432
v -0.02065154 -0.11153339 -0.03514633
v -0.02061338 -0.11172313 -0.03512179
v -0.02071550 -0.11253767 -0.03507186
v -0.02042024 -0.11331526 -0.03502931
v -0.02008582 -0.11311504 -0.03499410
v -0.02044966 -0.11227159 -0.03506383
v -0.01492472 -0.12074991 -0.03501044
v -0.01358784 -0.12227622 -0.03504353
v -0.01064170 -0.12501588 -0.03512229
v -0.01204922 -0.12380881 -0.03508417
v -0.01584930 -0.12016402 -0.03502803
v -0.01557208 -0.11994097 -0.03499562
v -0.01632829 -0.11893473 -0.03497965
v -0.01803887 -0.11716311 -0.03500347
v -0.01784690 -0.11671247 -0.03495426
v -0.00151754 -0.11662633 -0.03373451
v -0.00003614 -0.11662438 -0.03373439
v -0.01172936 -0.11925098 -0.03446995
v -0.00636315 -0.11936165 -0.03416845
v -0.00863347 -0.11628810 -0.03386661
v -0.00560117 -0.11651468 -0.03377411
v -0.00227467 -0.11662207 -0.03373565
v -0.01618685 -0.11906751 -0.03497478
v -0.01364319 -0.11559045 -0.03418361
v -0.01129873 -0.11598167 -0.03400676
v -0.01772531 -0.11450777 -0.03464334
v -0.01575861 -0.11510260 -0.03439413
v -0.01468956 -0.11536682 -0.03428101
v -0.00003613 -0.11562654 -0.03373243
v -0.00151750 -0.11560954 -0.03373389
v -0.01428080 -0.11445145 -0.03423141
v -0.01720375 -0.11364730 -0.03455593
v -0.00654362 -0.11543064 -0.03379973
v -0.01101381 -0.11500027 -0.03398855
v -0.02010067 -0.11248840 -0.03500025
v 0.00629074 -0.11936191 -0.03416824
v 0.01165696 -0.11925151 -0.03446957
v 0.02039738 -0.11749141 -0.03457993
v 0.02337467 -0.11343101 -0.03448671
v 0.03016809 -0.12921788 -0.02859867
v 0.01416306 -0.12564181 -0.03466358
v 0.01742982 -0.12558794 -0.03409056
v 0.01750683 -0.12961136 -0.03344147
v 0.02076174 -0.12953058 -0.03262831
v 0.02397340 -0.12943700 -0.03160600
v 0.02717122 -0.12933169 -0.03031718
v 0.02862047 -0.12532039 -0.03056374
v 0.03006751 -0.12527509 -0.02971532
v 0.03142432 -0.12915969 -0.02748065
v 0.03246252 -0.12910075 -0.02618369
v 0.03330126 -0.12903969 -0.02477934
v 0.03323287 -0.12122637 -0.02762723
v 0.03288417 -0.10936625 -0.03146399
v 0.03301991 -0.11334544 -0.03026455
v 0.03273878 -0.10535984 -0.03257308
v 0.03161198 -0.10535507 -0.03320390
v 0.03037457 -0.10535095 -0.03378217
v 0.02901626 -0.10534827 -0.03426819
v 0.02603103 -0.10534702 -0.03497424
v 0.02755531 -0.10534711 -0.03465808
v 0.02293453 -0.10534844 -0.03547011
v 0.02003330 -0.10940833 -0.03549301
v 0.02316159 -0.10939639 -0.03501495
v 0.02356894 -0.11745165 -0.03388252
v 0.02054937 -0.12151317 -0.03401066
v 0.01732252 -0.12156240 -0.03465038
v 0.02628114 -0.10938410 -0.03439219
v 0.02651578 -0.11340447 -0.03373080
v 0.02781317 -0.10937835 -0.03399950
v 0.02805504 -0.11339103 -0.03325858
v 0.02927191 -0.10937350 -0.03351995
v 0.02951162 -0.11337820 -0.03268668
v 0.03061190 -0.10937007 -0.03292762
v 0.03083431 -0.11336654 -0.03198587
v 0.03181202 -0.10936795 -0.03222698
v 0.03199927 -0.11335596 -0.03116124
v 0.02672950 -0.11740777 -0.03298966
v 0.02827514 -0.11738493 -0.03243622
v 0.02972932 -0.11736229 -0.03177071
v 0.03103540 -0.11734048 -0.03096079
v 0.03216701 -0.11731940 -0.03001208
v 0.03313896 -0.11729791 -0.02898186
v 0.03134086 -0.12522973 -0.02869379
v 0.03240959 -0.12518416 -0.02750575
v 0.03329112 -0.12513709 -0.02621839
v 0.03230713 -0.12126022 -0.02878865
v 0.03120746 -0.12129313 -0.02985943
v 0.02991766 -0.12132632 -0.03077714
v 0.02846650 -0.12135993 -0.03153567
v 0.02691570 -0.12139326 -0.03217024
v 0.02373854 -0.12145646 -0.03320064
v 0.02706615 -0.12536487 -0.03127698
v 0.02387623 -0.12544860 -0.03244118
v 0.02067330 -0.12552331 -0.03336109
v 0.01782893 -0.10859273 -0.03303083
v -0.01796609 -0.10859218 -0.03301097
v -0.01388008 -0.11105032 -0.03306130
v 0.01374278 -0.11105074 -0.03307662
v -0.00946390 -0.11284935 -0.03309892
v 0.02148728 -0.10553437 -0.03297305
v 0.02463041 -0.10194877 -0.03290470
v 0.00468570 -0.11394645 -0.03312822
v 0.00187357 -0.10839622 -0.03301814
v -0.00006873 -0.11431494 -0.03313278
v -0.00189254 -0.10840509 -0.03301623
v -0.00482315 -0.11394631 -0.03312294
v -0.00561722 -0.10784823 -0.03300327
v -0.00921600 -0.10673828 -0.03297957
v 0.00932652 -0.11284965 -0.03310934
v 0.00918912 -0.10669495 -0.03298893
v 0.00559561 -0.10782183 -0.03300897
v -0.02162429 -0.10553371 -0.03294915
v -0.02476723 -0.10194801 -0.03287730
v -0.01062890 -0.05569866 -0.01698053
v -0.01064396 -0.05558513 -0.02301268
v -0.01933996 -0.06066938 -0.02311093
v -0.01030326 -0.05589310 -0.00103867
v -0.01031208 -0.05558145 -0.01697806
v -0.01932778 -0.06109886 -0.00114461
v -0.00004213 -0.05408721 -0.00100191
v -0.00203990 -0.05384099 -0.01694189
v -0.00624738 -0.05442052 -0.01695369
v 0.01021795 -0.05589901 -0.00103879
v 0.00692761 -0.05460039 -0.01695976
v -0.00005096 -0.05377557 -0.01694081
v 0.01923948 -0.06110998 -0.00114483
v 0.01923064 -0.06079812 -0.01709549
v 0.01705167 -0.05943845 -0.00111082
v 0.01526620 -0.05798464 -0.01703414
v 0.01020913 -0.05558730 -0.01698159
v 0.02949495 -0.07888115 -0.00150650
v 0.02948609 -0.07856883 -0.01748050
v 0.02856706 -0.07479775 -0.01739900
v 0.02593430 -0.06909159 -0.00130727
v 0.02716534 -0.07116985 -0.01732051
v 0.02592547 -0.06877951 -0.01726875
v 0.02222628 -0.06368991 -0.01715836
v 0.02949194 -0.08929788 -0.00171849
v 0.02948309 -0.08898532 -0.01770518
v 0.02993604 -0.08427754 -0.01760370
v 0.02967360 -0.07977764 -0.01750660
v 0.02591345 -0.09865551 -0.02390429
v 0.02682552 -0.09695282 -0.02387031
v 0.02682430 -0.09707914 -0.01787932
v 0.02843847 -0.09313960 -0.01779461
v 0.02592564 -0.09908539 -0.00191767
v 0.01922621 -0.10706314 -0.00208003
v 0.01921403 -0.10663335 -0.02406219
v 0.01030771 -0.11179595 -0.02416192
v 0.01032327 -0.11190808 -0.01819643
v 0.01019280 -0.11195585 -0.01819744
v 0.01020167 -0.11226891 -0.00218597
v 0.00604971 -0.11313320 -0.01822214
v -0.00005944 -0.11407480 -0.00222272
v 0.00176150 -0.11370642 -0.01823379
v -0.00006832 -0.11376173 -0.01823468
v -0.00716499 -0.11290839 -0.01821509
v -0.01031954 -0.11226299 -0.00218585
v -0.01032841 -0.11195000 -0.01819389
v -0.01545746 -0.10950977 -0.01814041
v -0.01934105 -0.10705203 -0.00207980
v -0.01934992 -0.10673919 -0.01807999
v -0.02237510 -0.10381457 -0.01801640
v -0.02603589 -0.09907041 -0.00191737
v -0.02604475 -0.09875779 -0.01790672
v -0.02981775 -0.08756986 -0.01766477
v -0.02960538 -0.08896848 -0.01769497
v -0.02959652 -0.08928085 -0.00171814
v -0.02870509 -0.09267955 -0.01777517
v -0.02733508 -0.09625790 -0.01785258
v -0.03005081 -0.08304084 -0.01756704
v -0.02959352 -0.07886412 -0.00150615
v -0.02960029 -0.07854024 -0.01747004
v -0.02603939 -0.06864722 -0.02326884
v -0.02680321 -0.07005447 -0.02329692
v -0.02680422 -0.07018043 -0.01729020
v -0.02602721 -0.06907662 -0.00130696
v -0.02850790 -0.07424749 -0.01737764
v -0.00502397 -0.07599784 0.02844237
v -0.01593180 -0.06874655 0.02858994
v -0.00868528 -0.07965627 0.02836792
v -0.02081129 -0.07604317 0.02844145
v -0.01002647 -0.08465485 0.02826619
v -0.02252647 -0.08465126 0.02826626
v -0.00868817 -0.08965420 0.02816445
v 0.00863523 -0.07966127 0.02836781
v 0.01588801 -0.06875571 0.02858976
v 0.00497602 -0.07600072 0.02844231
v 0.00858989 -0.06387722 0.02868904
v -0.00002360 -0.07465981 0.02846960
v -0.00002001 -0.06216240 0.02872393
v -0.00863087 -0.06387227 0.02868913
v 0.00497103 -0.09331764 0.02808990
v 0.01587886 -0.10056892 0.02794232
v 0.00863234 -0.08965920 0.02816435
v 0.02075835 -0.09327231 0.02809082
v 0.00997353 -0.08466063 0.02826607
v 0.02247353 -0.08466420 0.02826600
v 0.02076330 -0.07605512 0.02844121
v -0.02081624 -0.09326036 0.02809106
v -0.01594095 -0.10055977 0.02794251
v -0.00502896 -0.09331475 0.02808995
v -0.00864282 -0.10543825 0.02784323
v -0.00002935 -0.09465566 0.02806266
v -0.00003295 -0.10715308 0.02780833
v 0.00857793 -0.10544319 0.02784313
v -0.00002000 -0.06216475 0.02883991
v -0.00863086 -0.06387463 0.02880511
v -0.01593179 -0.06874891 0.02870592
v -0.02081128 -0.07604553 0.02855743
v -0.02252647 -0.08465362 0.02838224
v -0.02081623 -0.09326272 0.02820704
v -0.01594095 -0.10056213 0.02805849
v -0.00864282 -0.10544060 0.02795920
v -0.00003294 -0.10715543 0.02792430
v 0.00857793 -0.10544556 0.02795910
v 0.01587885 -0.10057127 0.02805830
v 0.02075834 -0.09327467 0.02820680
v 0.02247352 -0.08466657 0.02838198
v 0.02076329 -0.07605749 0.02855718
v 0.01588800 -0.06875806 0.02870573
v 0.00858989 -0.06387959 0.02880501
v -0.00004046 -0.12714893 0.02740139
v -0.00004047 -0.12715130 0.02751737
v -0.00865134 -0.12885882 0.02736660
v -0.00865133 -0.12886117 0.02748257
v -0.01595227 -0.13373309 0.02726739
v -0.01595226 -0.13373545 0.02738337
v -0.02083175 -0.14102970 0.02711890
v -0.02083175 -0.14103206 0.02723487
v -0.02254694 -0.14963780 0.02694372
v -0.02254694 -0.14964016 0.02705970
v -0.02083671 -0.15824689 0.02676852
v -0.02083670 -0.15824924 0.02688449
v -0.01596142 -0.16554631 0.02661997
v -0.01596141 -0.16554867 0.02673594
v -0.00866329 -0.17042479 0.02652068
v -0.00866329 -0.17042714 0.02663666
v -0.00005340 -0.17213961 0.02648579
v -0.00005341 -0.17214198 0.02660176
v 0.00855746 -0.17042974 0.02652059
v 0.00855746 -0.17043209 0.02663656
v 0.01585839 -0.16555546 0.02661978
v 0.01585840 -0.16555782 0.02673576
v 0.02073788 -0.15825886 0.02676827
v 0.02073787 -0.15826119 0.02688425
v 0.02245307 -0.14965074 0.02694345
v 0.02245307 -0.14965311 0.02705944
v 0.02074283 -0.14104167 0.02711866
v 0.02074282 -0.14104402 0.02723463
v 0.01586754 -0.13374224 0.02726721
v 0.01586755 -0.13374460 0.02738319
v 0.00856942 -0.12886377 0.02736649
v 0.00856942 -0.12886612 0.02748247
v -0.00504444 -0.14098437 0.02711983
v -0.00870575 -0.14464281 0.02704537
v -0.01004694 -0.14964138 0.02694365
v -0.00870864 -0.15464073 0.02684190
v 0.00861477 -0.14464781 0.02704528
v 0.00495556 -0.14098726 0.02711977
v -0.00004405 -0.13964635 0.02714705
v -0.00504943 -0.15830129 0.02676741
v -0.00004982 -0.15964220 0.02674012
v 0.00495056 -0.15830418 0.02676735
v 0.00861187 -0.15464574 0.02684180
v 0.00995306 -0.14964716 0.02694353
v 0.00796338 -0.30516231 -0.00611755
v 0.00796338 -0.30753040 -0.00272038
v 0.01820831 -0.30689657 -0.00406644
v 0.01876921 -0.30788270 0.00140558
v 0.01873957 -0.30792755 0.00112565
v 0.00796338 -0.30788267 0.00140571
v 0.01845759 -0.30785298 -0.00156290
v 0.01833993 -0.30753061 -0.00271983
v 0.01901069 -0.30710134 0.00369767
v 0.00796338 -0.30612469 0.00515515
v 0.01916026 -0.30612510 0.00515465
v 0.01922937 -0.30546531 0.00584879
v 0.00796338 -0.30272752 0.00752326
v 0.01936785 -0.30321527 0.00732858
v 0.00796338 -0.29860145 0.00787553
v 0.01941697 -0.30061373 0.00797697
v 0.01938440 -0.30272764 0.00752323
v 0.01923672 -0.29485181 0.00611737
v 0.01927988 -0.29551691 0.00662102
v 0.00796338 -0.29485202 0.00611755
v 0.01938278 -0.29795057 0.00773114
v 0.01939832 -0.29860136 0.00787551
v 0.01912565 -0.29358241 0.00476684
v 0.00796338 -0.29248390 0.00272038
v 0.01896370 -0.29248384 0.00272029
v 0.01850987 -0.29256317 -0.00293040
v 0.01863708 -0.29213160 -0.00140571
v 0.00796338 -0.29213163 -0.00140571
v 0.01872673 -0.29201257 -0.00029400
v 0.01893648 -0.29236701 0.00237244
v 0.01830113 -0.29395887 -0.00523626
v 0.00796338 -0.29388961 -0.00515514
v 0.01811963 -0.29604143 -0.00694788
v 0.00796338 -0.29728678 -0.00752327
v 0.01804514 -0.29728642 -0.00752313
v 0.01802721 -0.30516228 -0.00611755
v 0.01796042 -0.30379400 -0.00704698
v 0.00796338 -0.30141285 -0.00787553
v 0.01792934 -0.30125752 -0.00790168
v 0.01798805 -0.29857153 -0.00787014
v -0.01801504 -0.30023780 -0.00799667
v -0.00803663 -0.30141288 -0.00787553
v -0.01810306 -0.29759234 -0.00762685
v -0.00803662 -0.29728678 -0.00752326
v -0.01811837 -0.29728660 -0.00752320
v -0.01825480 -0.29521266 -0.00640412
v -0.00803662 -0.29388961 -0.00515515
v -0.01838225 -0.29388946 -0.00515497
v -0.00803663 -0.29213163 -0.00140572
v -0.01871033 -0.29213163 -0.00140574
v -0.01866102 -0.29226249 -0.00200510
v -0.01844779 -0.29336488 -0.00445871
v -0.01887708 -0.29203606 0.00067938
v -0.00803662 -0.29248390 0.00272039
v -0.01903694 -0.29248384 0.00272025
v -0.01908149 -0.29271418 0.00328823
v -0.00803663 -0.29485199 0.00611755
v -0.01926045 -0.29421997 0.00552346
v -0.01947795 -0.29894751 0.00792952
v -0.01947157 -0.29860133 0.00787550
v -0.00803663 -0.29860142 0.00787553
v -0.01939846 -0.29638055 0.00713076
v -0.01930996 -0.29485178 0.00611738
v -0.01948192 -0.30162731 0.00783423
v -0.00803662 -0.30272755 0.00752326
v -0.01945765 -0.30272785 0.00752315
v -0.01939936 -0.30411866 0.00686262
v -0.00803663 -0.30612472 0.00515515
v -0.01923073 -0.30614823 0.00512708
v -0.01899155 -0.30749518 0.00281591
v -0.00803663 -0.30788267 0.00140572
v -0.01884244 -0.30788273 0.00140548
v -0.00803662 -0.30753040 -0.00272039
v -0.01841314 -0.30753049 -0.00272018
v -0.01843595 -0.30760875 -0.00249314
v -0.01871257 -0.30800518 0.00017750
v -0.01800182 -0.30141285 -0.00787553
v -0.01801054 -0.30286002 -0.00747404
v -0.00803662 -0.30516231 -0.00611755
v -0.01810045 -0.30516231 -0.00611756
v -0.01820586 -0.30634433 -0.00488262
v -0.02791702 -0.13419965 0.03134864
v -0.02792960 -0.13859788 0.03120372
v -0.02794095 -0.14248863 0.02720524
v -0.02793970 -0.14176093 0.03203733
v -0.02794096 -0.14259662 0.03251129
v -0.02774892 -0.07551221 0.03719990
v -0.02768022 -0.05131375 0.02906074
v -0.02770337 -0.05963363 0.03979813
v -0.02768023 -0.05156372 0.04134385
v -0.02779466 -0.09147036 0.03509239
v -0.02784949 -0.11061241 0.03310178
v -0.02790444 -0.12980317 0.03162102
v -0.02536867 -0.14249597 0.02720509
v -0.02628301 -0.14249690 0.02737902
v -0.02723888 -0.14250708 0.02801308
v -0.02794076 -0.14253950 0.02970472
v -0.02783468 -0.14252566 0.02900990
v 0.02786683 -0.14269857 0.02967944
v 0.02786683 -0.14275752 0.03257569
v 0.02786964 -0.14176011 0.03199800
v 0.02786683 -0.14264816 0.02720199
v 0.02787859 -0.13861336 0.03117247
v 0.02789117 -0.13421437 0.03131745
v 0.02812755 -0.05172209 0.04128379
v 0.02812756 -0.05147327 0.02905749
v 0.02810480 -0.05964911 0.03976689
v 0.02805925 -0.07553098 0.03716818
v 0.02790375 -0.12981865 0.03158978
v 0.02795870 -0.11062589 0.03307072
v 0.02801353 -0.09148584 0.03506115
v 0.02529480 -0.14264080 0.02720214
v 0.02620837 -0.14264694 0.02737555
v 0.02716087 -0.14266250 0.02800571
v 0.02775843 -0.14268441 0.02899847
v -0.03407830 -0.04864576 0.01353752
v -0.03404206 -0.04709756 0.01927645
v -0.00554645 -0.04710735 0.01927210
v -0.00270034 -0.04987189 0.00772283
v 0.01086279 -0.04866584 0.01353932
v 0.01569190 -0.04987188 0.00772283
v 0.01569549 -0.04863004 0.01368059
v 0.01570695 -0.04027610 0.02998765
v 0.01570563 -0.04233658 0.02834614
v 0.01426702 -0.04198794 0.03031928
v 0.01331449 -0.04525186 0.02493098
v 0.01229011 -0.04308834 0.03053731
v 0.01514938 -0.04336737 0.02758314
v 0.01342383 -0.04256548 0.03043291
v -0.00696317 -0.04543091 0.02497360
v -0.00316812 -0.04374129 0.03068067
v 0.00752407 -0.04374466 0.03066888
v -0.03390612 -0.04374116 0.03068112
v 0.01569923 -0.04692571 0.01950248
v 0.00993131 -0.04544161 0.02496136
v 0.00870137 -0.04711849 0.01927135
v 0.00655226 -0.04543737 0.02497065
v 0.01570321 -0.04431223 0.02558582
v 0.01569999 -0.04639314 0.02100485
v -0.00411758 -0.04865478 0.01353764
v -0.03412375 -0.04987189 0.00772283
v 0.00940115 -0.04367835 0.03065024
v 0.01072451 -0.04350452 0.03062285
v 0.01286290 -0.05034346 0.00338689
v 0.01568934 -0.05034346 0.00338689
v 0.01286290 -0.05044010 -0.00092772
v 0.01568740 -0.05042669 -0.00092902
v 0.01286290 -0.05035940 -0.00489312
v 0.01286291 -0.05019081 -0.01317725
v 0.01568213 -0.05002281 -0.01172092
v 0.01568018 -0.04989266 -0.01320506
v 0.01490955 -0.05006181 -0.01524975
v 0.01567788 -0.04983740 -0.01737065
v 0.01567777 -0.04983170 -0.01756241
v 0.01294452 -0.05034913 -0.01518990
v 0.01510712 -0.05026757 -0.01738888
v 0.01446001 -0.05059867 -0.01725707
v 0.01375831 -0.05081324 -0.01717164
v 0.01302615 -0.05090449 -0.01713531
v -0.03422530 -0.05044010 -0.00092772
v -0.03511321 -0.05094862 0.01752945
v -0.03490881 -0.06175670 0.03942170
v -0.03500004 -0.05116699 0.02869698
v -0.03473762 -0.05139719 0.04138107
v -0.03449617 -0.04108704 0.04361356
v -0.03531940 -0.05125662 -0.00835981
v -0.03555635 -0.06081815 -0.00854789
v -0.03522449 -0.05140121 -0.00093557
v -0.03554079 -0.06087365 -0.00568179
v -0.03512351 -0.05082981 0.00783325
v -0.03532635 -0.06128660 0.01543838
v -0.03529936 -0.06132376 0.01733616
v -0.03490786 -0.04469039 0.03097472
v -0.03506092 -0.04803815 0.01947461
v -0.03507817 -0.04959566 0.01369186
v 0.02195359 -0.16083743 0.04348616
v 0.02236317 -0.15910475 0.04373096
v 0.02357382 -0.15958044 0.04340901
v 0.02593353 -0.16038689 0.03967687
v 0.02464006 -0.16536908 0.03946466
v 0.02435851 -0.16539083 0.04093368
v 0.02566434 -0.16033556 0.04114837
v 0.02356307 -0.16534014 0.04219952
v 0.02483248 -0.16005297 0.04250823
v 0.02236092 -0.16522352 0.04308315
v 0.02134977 -0.16510925 0.04340946
v 0.02092069 -0.16801266 0.04333168
v 0.02186673 -0.16800401 0.04310906
v 0.02226416 -0.16799733 0.04293779
v 0.02331140 -0.16796808 0.04218559
v 0.02347169 -0.16796149 0.04201585
v 0.02423626 -0.16791196 0.04074244
v 0.02448364 -0.16785815 0.03935863
v 0.02414884 -0.17290626 0.04076548
v 0.02336903 -0.17249373 0.04195075
v 0.02448364 -0.17336231 0.03914459
v 0.02051925 -0.17156768 0.04321725
v 0.02139687 -0.17182641 0.04310190
v 0.02222924 -0.17208119 0.04279613
v 0.02519845 -0.15364917 0.04362686
v 0.02570434 -0.15371124 0.04337602
v 0.02299454 -0.15720296 0.04381195
v 0.02382996 -0.15561503 0.04380905
v 0.02651607 -0.15380198 0.04274525
v 0.02740293 -0.15387510 0.04138708
v 0.02768538 -0.15385790 0.03991348
v 0.02778807 -0.15305176 0.03994268
v 0.02761062 -0.15307218 0.04111530
v 0.02786722 -0.15224302 0.03997199
v 0.02769194 -0.15226333 0.04113431
v 0.02745656 -0.15225305 0.04172904
v 0.02710066 -0.15304139 0.04218575
v 0.02718707 -0.15223292 0.04219554
v 0.02629417 -0.15214241 0.04314046
v 0.02581453 -0.15290582 0.04339607
v 0.02566667 -0.15300196 0.04346947
v 0.02639508 -0.15215410 0.04306111
v 0.02630116 -0.15296181 0.04305864
v 0.02708126 -0.15489127 0.04703813
v 0.02814890 -0.15308127 0.04538673
v 0.02521197 -0.15718651 0.04760798
v 0.02408721 -0.15967152 0.04763039
v 0.02373928 -0.16097644 0.04751770
v 0.02309208 -0.16441220 0.04706411
v 0.02070949 -0.17170715 0.04379413
v 0.02138929 -0.17216402 0.04578885
v 0.02144928 -0.17212395 0.04592819
v 0.02133707 -0.17214127 0.04563856
v 0.02188048 -0.17023458 0.04621354
v 0.02102481 -0.17192486 0.04471569
v 0.02955439 -0.15308274 0.04538519
v 0.02940475 -0.15324870 0.04554689
v 0.02750105 -0.15485713 0.04700683
v 0.02593352 -0.16017665 0.02934579
v 0.02721255 -0.15615155 0.02942771
v 0.02786722 -0.15203014 0.02951158
v -0.02793940 -0.15224467 0.04004782
v -0.02741374 -0.15237592 0.04192082
v -0.02700445 -0.15642731 0.04124677
v -0.02241982 -0.15910870 0.04369887
v -0.02232406 -0.15952766 0.04368059
v -0.02299108 -0.15974554 0.04357465
v -0.02624817 -0.15640824 0.04246976
v -0.02600393 -0.15264203 0.04334522
v -0.02554624 -0.15633309 0.04309502
v -0.02485530 -0.15421319 0.04370838
v -0.02419787 -0.15613770 0.04370539
v -0.02382057 -0.15573475 0.04379904
v -0.02328542 -0.15668486 0.04378546
v -0.02794047 -0.15224302 0.03997199
v -0.02729751 -0.15631095 0.03982458
v -0.02600677 -0.16038689 0.03967687
v -0.02570728 -0.16045789 0.04110071
v -0.02496947 -0.16032445 0.04232784
v -0.02429062 -0.16014361 0.04295694
v -0.02365130 -0.15995349 0.04333726
v -0.02828297 -0.15309975 0.04544998
v -0.02943364 -0.15324916 0.04559598
v -0.02777954 -0.15393448 0.04622984
v -0.02770568 -0.15472673 0.04693501
v -0.02759508 -0.15474558 0.04695199
v -0.02748372 -0.15476157 0.04696645
v -0.02725304 -0.15478823 0.04699065
v -0.03215622 -0.15289746 -0.01299359
v -0.03270616 -0.14861047 -0.01413894
v -0.03297549 -0.14519747 -0.00285610
v -0.03303663 -0.14105251 -0.00277175
v -0.03304689 -0.14197150 -0.01629208
v -0.03304597 -0.14156163 -0.01643176
v -0.03303911 -0.14091597 -0.01665454
v -0.03303852 -0.14087908 -0.01666740
v -0.03303759 -0.14082402 -0.01668552
v -0.03303662 -0.14076899 -0.01670375
v -0.03136853 -0.15742075 -0.00310486
v -0.02821723 -0.16958424 -0.00335240
v -0.02821723 -0.16951093 -0.00695473
v -0.03198063 -0.15397744 -0.01277066
v -0.03137208 -0.15721737 -0.01225156
v -0.02915047 -0.16621356 -0.01127993
v -0.02711786 -0.17311056 -0.00702859
v -0.02711786 -0.17303047 -0.01096386
v -0.02767246 -0.17131224 -0.00699168
v -0.02799347 -0.17017207 -0.01108519
v -0.02883921 -0.16730644 -0.01121491
v 0.03248841 -0.02259286 0.01978039
v 0.03248841 -0.02795852 0.01084938
v 0.03248840 -0.02994601 0.00062181
v 0.03248840 0.02269175 -0.01958080
v 0.03248841 0.02805742 -0.01064979
v 0.03248841 0.03004490 -0.00042222
v 0.03248840 -0.01449620 0.02633763
v 0.03248840 0.02841450 0.00986831
v 0.03248841 0.03004932 0.00018664
v 0.03248841 -0.02995043 0.00001295
v 0.03248841 -0.02831560 -0.00966872
v 0.03248840 -0.01540036 -0.02561603
v 0.03248840 -0.00567330 -0.02934932
v 0.03248840 0.00474402 -0.02953061
v 0.03248840 0.00577219 0.02954891
v 0.03248841 -0.00464513 0.02973020
v 0.03248840 0.01549925 0.02581562
v 0.03248840 0.02336285 0.01898062
v 0.03248841 -0.02326395 -0.01878103
v 0.03248840 0.01459510 -0.02613804
v 0.01686291 -0.01053011 -0.03743783
v 0.01686291 -0.01194655 -0.03700945
v 0.01567737 -0.01194622 -0.03700878
v 0.01686291 -0.00270440 -0.03880286
v 0.01567920 -0.00163373 -0.03886319
v 0.01686291 0.00523557 -0.03855385
v 0.01568262 0.00880027 -0.03790519
v 0.01686291 0.00879995 -0.03790585
v 0.01686290 0.01296037 -0.03670113
v 0.01568742 0.01860266 -0.03420392
v 0.01686290 0.01860234 -0.03420458
v 0.01569962 0.03357910 -0.01981898
v 0.01686291 0.03176230 -0.02260031
v 0.01569323 0.02706590 -0.02802656
v 0.01686291 0.02650471 -0.02855538
v 0.01686291 0.02014951 -0.03332157
v 0.01686291 0.03816671 -0.00815090
v 0.01686290 0.03767183 -0.01017426
v 0.01570615 0.03767215 -0.01017361
v 0.01686291 0.03570415 -0.01570344
v 0.01686291 0.03357878 -0.01981963
v 0.01686290 0.03904782 -0.00025604
v 0.01571235 0.03904960 0.00021334
v 0.01686291 0.03904928 0.00021270
v 0.01686290 0.03831092 0.00765358
v 0.01571770 0.03764871 0.01045995
v 0.01686291 0.03217123 0.02221746
v 0.01686291 0.03360357 0.01997744
v 0.01572191 0.03360389 0.01997808
v 0.01686290 0.03598658 0.01524980
v 0.01686291 0.03764839 0.01045930
v 0.01686291 0.02702318 0.02826747
v 0.01572468 0.02719957 0.02809843
v 0.01686291 0.02075600 0.03314883
v 0.01572581 0.01888610 0.03424999
v 0.01686290 0.01888579 0.03424935
v 0.01686356 -0.01494580 0.04126548
v 0.01572036 -0.01494549 0.04126612
v 0.01678187 -0.02039692 0.04131600
v 0.01571866 -0.02116684 0.04131302
v 0.01604795 -0.02698823 0.04122448
v 0.01571684 -0.02750187 0.04121267
v 0.01594228 -0.02750193 0.04121254
v 0.01571656 -0.02847316 0.04118849
v 0.01584618 -0.02793392 0.04120208
v 0.01571670 -0.02799227 0.04120069
v -0.02230714 -0.20278190 0.02239738
v -0.02219079 -0.20222741 -0.00380596
v -0.02075521 -0.21279131 -0.00402541
v -0.02283199 -0.19882093 -0.00373654
v -0.03210618 -0.15934564 0.03049059
v -0.03287370 -0.15314706 0.03098941
v -0.03340777 -0.15281619 0.01713549
v -0.03190570 -0.16311689 0.01373988
v -0.02942307 -0.17379823 0.01338686
v -0.03038791 -0.16838847 0.02936510
v -0.02528265 -0.18828596 0.02511331
v -0.02573930 -0.18643554 0.02579957
v -0.02482666 -0.19017875 0.02455280
v -0.02378306 -0.19502763 0.01268649
v -0.02415360 -0.19311668 0.02387328
v -0.02651472 -0.18331693 0.02743307
v -0.02853950 -0.17580502 0.02840842
v -0.02387005 -0.19441970 0.02362478
v -0.02401077 -0.19376734 0.02374577
v -0.01966198 -0.23770304 0.00411738
v -0.01985756 -0.23778439 0.01787168
v -0.02005879 -0.22687446 0.01928188
v -0.01954173 -0.23765023 -0.00454771
v -0.01987256 -0.22609659 -0.00430604
v -0.02081074 -0.21484052 0.02083771
v -0.02413544 -0.19302127 -0.00362509
v -0.02751861 -0.18071651 -0.00343710
v -0.03079062 -0.16840240 -0.00319478
v -0.03185172 -0.16345449 -0.00310711
v -0.03355995 -0.15219405 -0.00287658
v -0.03070763 -0.16838253 -0.00637086
v -0.03041164 -0.16831280 -0.00939253
v -0.03010353 -0.16959821 -0.00931387
v -0.03003974 -0.16985627 -0.00930023
v -0.02983652 -0.17066500 -0.00926202
v -0.02962758 -0.17147727 -0.00923030
v -0.02956102 -0.17173235 -0.00922167
v -0.02927779 -0.17280020 -0.00919218
v -0.02919716 -0.17309941 -0.00918579
v -0.02898777 -0.17386810 -0.00917299
v -0.02875176 -0.17472133 -0.00916478
v -0.02676048 -0.18289231 -0.00630948
v -0.02852459 -0.17553154 -0.00916251
v -0.02839164 -0.17600171 -0.00916319
v -0.02829529 -0.17634086 -0.00916443
v -0.02824076 -0.17653230 -0.00916540
v -0.02808762 -0.17706823 -0.00916901
v -0.02806500 -0.17714722 -0.00916965
v -0.02783399 -0.17795208 -0.00917647
v -0.02778136 -0.17813513 -0.00917802
v -0.02760268 -0.17875634 -0.00918323
v -0.02747470 -0.17920116 -0.00918694
v -0.02737134 -0.17956048 -0.00918993
v -0.02277350 -0.19880703 -0.00627749
v -0.02058085 -0.21437895 -0.00633997
v -0.02061873 -0.21360269 -0.00943454
v -0.02040977 -0.21613552 -0.00945477
v -0.01995306 -0.22355120 -0.00951754
v -0.01979028 -0.22723296 -0.00955043
v -0.01978350 -0.22740363 -0.00955199
v -0.01974878 -0.22830339 -0.00956021
v -0.01965646 -0.23092237 -0.00958448
v -0.01959486 -0.23288788 -0.00960303
v -0.01954590 -0.23460814 -0.00961949
v -0.01946989 -0.23761949 -0.00964874
v -0.02203978 -0.20210943 -0.00934904
v -0.02214590 -0.20146480 -0.00934415
v -0.02719752 -0.18016647 -0.00919504
v -0.02696674 -0.18097067 -0.00920135
v -0.02635504 -0.18312681 -0.00921689
v -0.02536112 -0.18675560 -0.00924040
v -0.02535384 -0.18678299 -0.00924056
v -0.02405868 -0.19195326 -0.00927415
v -0.02370352 -0.19350505 -0.00928494
v -0.02356801 -0.19411682 -0.00928929
v -0.02262203 -0.19877145 -0.00932375
v 0.03071763 -0.16840270 -0.00319480
v 0.03098425 -0.16715701 0.01360674
v 0.02573489 -0.18692061 0.01294868
v 0.03280266 -0.15745574 -0.00298841
v 0.03349021 -0.15219346 -0.00287641
v 0.03338720 -0.15272032 0.01381501
v 0.02475576 -0.19017722 0.02455326
v 0.02499210 -0.18918855 0.02483105
v 0.02521163 -0.18828440 0.02511378
v 0.02441281 -0.19164702 0.02418965
v 0.02407842 -0.19312920 0.02387098
v 0.02221051 -0.20270959 0.01243747
v 0.03023382 -0.16874176 0.02932034
v 0.02846669 -0.17580332 0.02840889
v 0.02644521 -0.18331666 0.02743314
v 0.02566814 -0.18643394 0.02580004
v 0.03294918 -0.15310045 0.02871928
v 0.03204972 -0.15923202 0.03050649
v 0.03280095 -0.15314524 0.03098989
v 0.02286815 -0.19828168 -0.00377747
v 0.02582402 -0.18639760 -0.00354557
v 0.02009810 -0.22011328 -0.00420321
v 0.02052930 -0.21439058 -0.00409122
v 0.02029036 -0.21950683 0.01188152
v 0.02130600 -0.20746598 -0.00395696
v 0.02212983 -0.20215410 -0.00385419
v 0.01946800 -0.23765022 -0.00454771
v 0.01958873 -0.23770304 0.00411777
v 0.01978420 -0.23778439 0.01787170
v 0.02006586 -0.22490335 0.01953715
v 0.02256387 -0.20079766 0.02265888
v 0.02105770 -0.21160908 0.02125648
v 0.02034929 -0.21978931 0.02019849
v 0.02050765 -0.21437830 -0.00633961
v 0.02712427 -0.18016647 -0.00919505
v 0.02728748 -0.17959736 -0.00919026
v 0.02668742 -0.18289179 -0.00630913
v 0.02739605 -0.17921987 -0.00918712
v 0.02752100 -0.17878561 -0.00918353
v 0.02769678 -0.17817450 -0.00917846
v 0.02775449 -0.17797372 -0.00917678
v 0.02795603 -0.17727177 -0.00917078
v 0.02806156 -0.17690422 -0.00916627
v 0.02821633 -0.17636159 -0.00916337
v 0.02831159 -0.17602587 -0.00916290
v 0.03063649 -0.16838063 -0.00637060
v 0.02861273 -0.17495629 -0.00916471
v 0.02867373 -0.17473796 -0.00916548
v 0.02890973 -0.17388557 -0.00917270
v 0.02912055 -0.17311190 -0.00918550
v 0.02920077 -0.17281425 -0.00919183
v 0.02948499 -0.17174298 -0.00922127
v 0.02955218 -0.17148553 -0.00922996
v 0.02976145 -0.17067219 -0.00926164
v 0.02996549 -0.16986033 -0.00929995
v 0.03002935 -0.16960202 -0.00931358
v 0.03033845 -0.16831295 -0.00939244
v 0.02270037 -0.19880639 -0.00627714
v 0.02350790 -0.19405721 -0.00928835
v 0.02381385 -0.19269392 -0.00927951
v 0.02530254 -0.18669990 -0.00924091
v 0.02538799 -0.18637972 -0.00923883
v 0.02630654 -0.18303868 -0.00921641
v 0.02648001 -0.18242364 -0.00921205
v 0.02040467 -0.21526593 -0.00945412
v 0.02175240 -0.20347098 -0.00935420
v 0.02254918 -0.19877090 -0.00931920
v 0.01953719 -0.23298033 -0.00960931
v 0.01948655 -0.23465291 -0.00962324
v 0.01939673 -0.23761931 -0.00964795
v 0.02023990 -0.21745034 -0.00947352
v 0.02033314 -0.21617906 -0.00946221
v 0.01987914 -0.22356445 -0.00952826
v 0.01959842 -0.23095781 -0.00959247
v 0.01968516 -0.22809333 -0.00956861
v 0.01969162 -0.22788011 -0.00956683
v -0.00103662 -0.19252996 0.02618684
v -0.00103663 -0.19355479 0.02611039
v -0.00103662 -0.19250287 0.02618740
v -0.02371938 -0.19252996 0.02618684
v -0.02348535 -0.19358337 0.02610693
v -0.02472720 -0.18671925 0.02704660
v -0.02508278 -0.18681107 0.02708288
v -0.02427622 -0.18844800 0.02656748
v -0.02473004 -0.18823744 0.02665842
v -0.02365159 -0.19014335 0.02623506
v -0.02426472 -0.19015330 0.02623503
v 0.02420156 -0.18845651 0.02656447
v 0.02354501 -0.18754837 0.02683588
v 0.02357628 -0.19015390 0.02623520
v 0.02258752 -0.18926093 0.02632742
v 0.02198363 -0.19011587 0.02623597
v 0.02445890 -0.18760522 0.02683754
v 0.02465604 -0.18671773 0.02704705
v 0.02373466 -0.18648008 0.02702566
v -0.02078360 -0.17170860 0.04379313
v -0.02230159 -0.17208256 0.04279573
v -0.02059578 -0.17156330 0.04322566
v 0.02552657 -0.18674725 0.02681877
v 0.02468162 -0.19017905 0.02580244
v 0.02557102 -0.18669978 0.02665997
v 0.02471860 -0.19017920 0.02554594
v 0.02557709 -0.18669035 0.02662874
v 0.02558407 -0.18667814 0.02658845
v 0.02492809 -0.18847808 0.02651523
v 0.02500884 -0.18847150 0.02643744
v 0.02539781 -0.18680151 0.02700951
v 0.02532814 -0.18681252 0.02705389
v 0.02524964 -0.18681782 0.02708096
v 0.02482893 -0.18847914 0.02656365
v 0.02501163 -0.18680951 0.02708333
v 0.02460231 -0.18847266 0.02657825
v 0.02512424 -0.18681680 0.02709333
v 0.02522607 -0.18681838 0.02708570
v 0.02460788 -0.19017795 0.02602789
v 0.02457257 -0.19017728 0.02608733
v 0.02550866 -0.18675978 0.02686136
v 0.02546249 -0.18678278 0.02694108
v 0.02541573 -0.18679737 0.02699390
v 0.02419340 -0.19016865 0.02623490
v 0.02425569 -0.19017012 0.02623431
v 0.02436156 -0.19017264 0.02622403
v 0.02445173 -0.19017470 0.02619422
v 0.02434028 -0.19184458 0.02588578
v 0.02402764 -0.19353671 0.02580904
v 0.02412231 -0.19344312 0.02540828
v 0.02392123 -0.19133517 0.02621141
v 0.02374293 -0.19358560 0.02605567
v 0.02365438 -0.19250289 0.02618740
v 0.02353292 -0.19304258 0.02615679
v 0.02358736 -0.19358760 0.02609465
v 0.02341285 -0.19358151 0.02610729
v 0.02422543 -0.19186820 0.02607029
v 0.02395627 -0.19355971 0.02591340
v 0.02386087 -0.19357626 0.02599642
v 0.02727915 -0.17831476 0.03209752
v 0.02733894 -0.17826144 0.03205616
v 0.02745952 -0.17611945 0.03485013
v 0.02657106 -0.18092990 0.02983696
v 0.02651089 -0.18092008 0.02982718
v 0.02589898 -0.18382984 0.02813206
v 0.02723946 -0.17627217 0.03487070
v 0.02732249 -0.17623846 0.03487759
v 0.02700542 -0.17458262 0.03793307
v 0.02576337 -0.18535708 0.02743097
v 0.02632602 -0.18364735 0.02764986
v 0.02555835 -0.17327870 0.04134210
v 0.02590190 -0.17354827 0.04051722
v 0.02593294 -0.17343740 0.04097552
v 0.02649474 -0.17431235 0.03850872
v 0.02683587 -0.17464803 0.03786515
v 0.02690675 -0.17576711 0.03558376
v 0.02714661 -0.17628710 0.03485007
v 0.02686630 -0.17791770 0.03254162
v 0.02418490 -0.17263055 0.04383300
v 0.02409631 -0.17263065 0.04366843
v 0.02231975 -0.17226696 0.04518192
v 0.02291974 -0.17235942 0.04498491
v 0.02424794 -0.17260489 0.04391257
v 0.02180052 -0.17178668 0.04610059
v 0.02176773 -0.17189029 0.04608205
v 0.02375173 -0.17205977 0.04485666
v 0.02442192 -0.17238876 0.04409607
v 0.02544181 -0.17253594 0.04281920
v 0.02621376 -0.17321119 0.04113956
v 0.02670720 -0.17340033 0.04001655
v 0.02713905 -0.17444348 0.03795053
v 0.02741424 -0.17483075 0.03672138
v 0.02755450 -0.17594898 0.03477753
v 0.02755359 -0.17666104 0.03373820
v 0.02725997 -0.17928872 0.03073062
v 0.02665955 -0.18240245 0.02805801
v 0.02701779 -0.18066341 0.02945056
v 0.02692751 -0.18081029 0.02963575
v 0.02627669 -0.18371736 0.02779953
v 0.02581902 -0.18381770 0.02812118
v 0.02437310 -0.17247520 0.04405740
v 0.02431305 -0.17255086 0.04399280
v 0.02615572 -0.17329364 0.04112153
v 0.02608764 -0.17336184 0.04108487
v 0.02167928 -0.17200974 0.04603767
v 0.02621719 -0.18377472 0.02793545
v 0.02649052 -0.18232910 0.02882227
v 0.02618125 -0.18379754 0.02799450
v 0.02644780 -0.18234280 0.02885583
v 0.02613962 -0.18381561 0.02804506
v 0.02639991 -0.18235117 0.02888124
v 0.02609118 -0.18382829 0.02808532
v 0.02634631 -0.18235387 0.02889747
v 0.02570470 -0.18536942 0.02747590
v 0.02603514 -0.18383509 0.02811382
v 0.02662648 -0.18093465 0.02983886
v 0.02703659 -0.17838296 0.03213022
v 0.02667714 -0.18093440 0.02983318
v 0.02712949 -0.17837675 0.03213679
v 0.02672319 -0.18092923 0.02982034
v 0.02717112 -0.17836724 0.03213309
v 0.02676501 -0.18091939 0.02980104
v 0.02720982 -0.17835361 0.03212512
v 0.02597107 -0.18383563 0.02812956
v 0.02563495 -0.18537556 0.02750504
v 0.02648660 -0.18034822 0.03019213
v 0.02611868 -0.18211156 0.02897630
v 0.02584947 -0.18330778 0.02832926
v 0.02687000 -0.18086492 0.02971266
v 0.02680309 -0.18090521 0.02977609
v 0.02375352 -0.18630645 0.02704800
v 0.02398132 -0.18462268 0.02734490
v 0.02431684 -0.18247715 0.02799389
v 0.02442795 -0.18153758 0.02838624
v 0.02448366 -0.18040778 0.02893396
v 0.02448364 -0.17857660 0.03009081
v 0.02448364 -0.17653295 0.03215566
v 0.02448364 -0.17593332 0.03301134
v 0.02448363 -0.17423528 0.03641609
v 0.02153338 -0.17188829 0.04335696
v -0.02478973 -0.19017167 0.02554575
v -0.02438902 -0.19015668 0.02623088
v -0.02489731 -0.18848065 0.02656401
v -0.02524538 -0.18681985 0.02709147
v -0.02450861 -0.19016010 0.02619979
v -0.02499701 -0.18847972 0.02651626
v -0.02460953 -0.19016325 0.02612980
v -0.02507837 -0.18847324 0.02643889
v -0.02467927 -0.19016574 0.02602790
v -0.02517658 -0.18844818 0.02623421
v -0.02475499 -0.19016923 0.02579167
v -0.02557981 -0.18676138 0.02686090
v -0.02564217 -0.18670136 0.02665950
v -0.02565007 -0.18668889 0.02661822
v -0.02555101 -0.18677698 0.02691472
v -0.02529456 -0.18681997 0.02708569
v -0.02542127 -0.18681137 0.02704183
v -0.02546925 -0.18680301 0.02700880
v -0.02548522 -0.18679936 0.02699499
v -0.02321576 -0.18845463 0.02655466
v -0.02378581 -0.18667093 0.02700044
v -0.02379436 -0.18660790 0.02700996
v -0.02380617 -0.18648155 0.02702477
v -0.02205619 -0.19011731 0.02623589
v -0.02721116 -0.17444517 0.03795005
v -0.02753148 -0.17612115 0.03484963
v -0.02739444 -0.17624016 0.03487708
v -0.02629279 -0.18234307 0.02889941
v -0.02658245 -0.18092173 0.02982671
v -0.02669805 -0.18093632 0.02983839
v -0.02604243 -0.18383725 0.02812908
v -0.02597033 -0.18383144 0.02813159
v -0.02583462 -0.18535867 0.02743049
v -0.02588284 -0.18534063 0.02737118
v -0.02420504 -0.17264287 0.04362221
v -0.02325550 -0.17241395 0.04457199
v -0.02425724 -0.17263204 0.04383256
v -0.02140928 -0.17214228 0.04563835
v -0.02144882 -0.17216273 0.04575200
v -0.02386172 -0.17207259 0.04481544
v -0.02454823 -0.17222853 0.04411886
v -0.02449427 -0.17239028 0.04409563
v -0.02561163 -0.17259182 0.04264202
v -0.02628601 -0.17321281 0.04113909
v -0.02687235 -0.17352024 0.03969267
v -0.02752518 -0.17504437 0.03631261
v -0.02438540 -0.17255236 0.04399235
v -0.02152129 -0.17212433 0.04592558
v -0.02174744 -0.17201498 0.04603316
v -0.02498393 -0.17292573 0.04254258
v -0.02600517 -0.17343901 0.04097504
v -0.02618194 -0.17376322 0.03990597
v -0.02690797 -0.17464970 0.03786466
v -0.02685802 -0.17510933 0.03678843
v -0.02721856 -0.17628878 0.03484958
v -0.02700120 -0.17712229 0.03353380
v -0.02670335 -0.17957099 0.03084999
v -0.02676502 -0.17920217 0.03119063
v -0.02710835 -0.17838465 0.03212973
v -0.02562532 -0.18537690 0.02751726
v -0.02547136 -0.18521768 0.02754124
v -0.02580713 -0.18380192 0.02809844
v -0.02570619 -0.18537715 0.02750458
v -0.02577595 -0.18537101 0.02747543
v -0.02708299 -0.18066321 0.02944909
v -0.02639739 -0.18364897 0.02764937
v -0.02634805 -0.18371898 0.02779905
v -0.02628855 -0.18377636 0.02793498
v -0.02610649 -0.18383670 0.02811334
v -0.02641777 -0.18235551 0.02889699
v -0.02616254 -0.18382992 0.02808485
v -0.02647138 -0.18235281 0.02888077
v -0.02621097 -0.18381722 0.02804459
v -0.02651927 -0.18234444 0.02885535
v -0.02660020 -0.18231216 0.02878130
v -0.02674870 -0.18093604 0.02983268
v -0.02679477 -0.18093088 0.02981985
v -0.02720126 -0.17837845 0.03213629
v -0.02683659 -0.18092106 0.02980055
v -0.02724289 -0.17836893 0.03213260
v -0.02687466 -0.18090688 0.02977561
v -0.02731142 -0.17627387 0.03487021
v -0.02728159 -0.17835529 0.03212462
v -0.02298203 -0.17236233 0.04496811
v -0.02432028 -0.17260639 0.04391212
v -0.02615987 -0.17336345 0.04108439
v -0.02707753 -0.17458428 0.03793258
v -0.02622796 -0.17329526 0.04112106
v -0.02444545 -0.17247671 0.04405696
v -0.02183036 -0.17191529 0.04607435
v -0.02187398 -0.17178802 0.04609883
v -0.02759298 -0.17714527 0.03309631
v -0.02720267 -0.18001142 0.03003696
v -0.02741071 -0.17826314 0.03205566
v -0.02699907 -0.18081196 0.02963526
v -0.02735092 -0.17831646 0.03209702
v -0.02694157 -0.18086658 0.02971217
v -0.02617429 -0.18218829 0.02893167
v -0.02438761 -0.18249720 0.02798708
v -0.02449020 -0.18165489 0.02833497
v -0.02099622 -0.17185660 0.04442029
v -0.02322616 -0.17240527 0.04217316
v -0.02394267 -0.17272899 0.04131883
v -0.02439766 -0.17304975 0.04029999
v -0.02455688 -0.17335090 0.03919022
v -0.02455688 -0.17468604 0.03534026
v -0.02455688 -0.17624085 0.03255768
v -0.02455688 -0.17719463 0.03136470
v -0.02455688 -0.17941625 0.02950393
v -0.02455690 -0.18040749 0.02893401
v -0.02400443 -0.18495595 0.02727367
v 0.02070680 -0.21527278 0.02173178
v 0.02209010 -0.20421401 0.02394767
v 0.01972673 -0.23778966 0.01871237
v 0.01995445 -0.22652048 0.02031611
v 0.01907699 -0.23779728 0.01999387
v 0.01924738 -0.23779628 0.01982923
v 0.01974424 -0.22656250 0.02111131
v 0.01934471 -0.23779556 0.01970721
v 0.01953241 -0.23779362 0.01937708
v 0.01928639 -0.22659118 0.02164374
v 0.02001776 -0.21543193 0.02322805
v 0.01840574 -0.23779912 0.02032177
v 0.01955149 -0.22657907 0.02141505
v 0.01871303 -0.23779863 0.02021669
v 0.02164103 -0.20433192 0.02466128
v 0.02068874 -0.20786695 0.02425994
v 0.01900311 -0.22096790 0.02256609
v 0.01781198 -0.23779938 0.02039019
v 0.02202602 -0.20426942 0.02426227
v 0.02196638 -0.20429207 0.02439339
v 0.02188435 -0.20431046 0.02450476
v 0.02030498 -0.21541852 0.02307557
v 0.02041285 -0.21540712 0.02296639
v 0.02049984 -0.21539308 0.02283733
v 0.02062000 -0.21535841 0.02252570
v 0.01786473 -0.02430054 0.04218350
v 0.02903317 -0.02430196 0.04218350
v 0.01786458 -0.01787591 0.04196462
v 0.02762617 -0.01476435 0.04186232
v 0.01786427 -0.01146637 0.04175159
v 0.02627304 -0.00503555 0.04153455
v 0.01786414 -0.00503650 0.04153458
v 0.02557453 0.00108796 0.04095110
v 0.01786345 0.00108606 0.04094983
v 0.02589917 -0.00196812 0.04133704
v 0.01786318 0.01059419 0.03879348
v 0.02478928 0.01936864 0.03512459
v 0.01786293 0.01936877 0.03512498
v 0.02482564 0.01397453 0.03762541
v 0.01786305 0.01502252 0.03720586
v 0.02492680 0.01042211 0.03884770
v 0.02503165 0.00821008 0.03947542
v 0.01751888 0.01046622 0.03876888
v 0.01697274 0.01481446 0.03670254
v 0.01720244 0.01492728 0.03697547
v 0.01715248 0.01922570 0.03486560
v 0.01686325 0.00093002 0.03996199
v 0.01687072 0.00094887 0.04008133
v 0.01686360 0.00857852 0.03833864
v 0.01687046 0.01022651 0.03798663
v 0.01686344 0.01445050 0.03636022
v 0.01687033 0.01468659 0.03639321
v 0.01692221 0.01904964 0.03454642
v 0.01751482 0.01933856 0.03507023
v 0.01751875 0.01499915 0.03714933
v 0.01697286 0.01032457 0.03830665
v 0.01720255 0.01041110 0.03858902
v 0.01692258 0.00098291 0.04029683
v 0.01751915 0.00107651 0.04088943
v 0.01720282 0.00104716 0.04070361
v 0.01711482 0.00103348 0.04061700
v 0.01697314 0.00100109 0.04041192
v -0.02455688 -0.16765128 0.02919367
v -0.02455688 -0.16785815 0.03935863
v -0.02455688 -0.17091350 0.03923981
v 0.02448364 -0.16765128 0.02919367
v -0.00003662 -0.27922553 -0.00558371
v -0.01452994 -0.27922553 -0.00558371
v -0.01464234 -0.27922130 -0.00558363
v 0.01786450 -0.03297921 0.04197863
v 0.03026871 -0.03297887 0.04197966
v 0.02989228 -0.03024209 0.04209581
v 0.01786442 -0.03023520 0.04209427
v 0.02950120 -0.02750627 0.04219022
v 0.01786433 -0.02750497 0.04218857
v 0.00363058 -0.28849557 0.00912512
v 0.00359775 -0.28852770 0.00909649
v 0.00376338 -0.28869042 0.00895156
v 0.00816338 -0.28846338 0.00915378
v 0.00366338 -0.28846338 0.00915377
v 0.00806360 -0.28856105 0.00906678
v 0.00796337 -0.28865847 0.00898000
v 0.00796338 -0.28869042 0.00895155
v 0.02711769 -0.18016297 -0.00923658
v 0.02344209 -0.19407570 -0.00958719
v 0.01790263 -0.23126660 -0.01153872
v 0.01812175 -0.22485510 -0.01148836
v 0.01839792 -0.23067117 -0.01127711
v 0.02543490 -0.18339893 -0.01041077
v 0.02577004 -0.18223432 -0.01040097
v 0.02478591 -0.18674792 -0.01019196
v 0.02616432 -0.18049973 -0.01047675
v 0.02615367 -0.18008310 -0.01057277
v 0.02648479 -0.17993997 -0.01034384
v 0.02613938 -0.17995422 -0.01060873
v 0.02611810 -0.17982319 -0.01064884
v 0.02610241 -0.17974494 -0.01067420
v 0.02502404 -0.18483481 -0.01042801
v 0.02421659 -0.18771033 -0.01048124
v 0.02300559 -0.19406842 -0.01029034
v 0.02307548 -0.19201793 -0.01059936
v 0.02011487 -0.20732369 -0.01100572
v 0.02078187 -0.20291705 -0.01090352
v 0.02067371 -0.20874020 -0.01038107
v 0.02116849 -0.20072277 -0.01084891
v 0.02205108 -0.19635455 -0.01073229
v 0.01815244 -0.22415355 -0.01148298
v 0.01834752 -0.22303641 -0.01140673
v 0.01914319 -0.22336906 -0.01089759
v 0.01863045 -0.22234161 -0.01127048
v 0.01892303 -0.21974117 -0.01115988
v 0.01900391 -0.21851090 -0.01114677
v 0.01984681 -0.21605811 -0.01059231
v 0.01881927 -0.22188880 -0.01116865
v 0.01894791 -0.22055730 -0.01112134
v 0.01891640 -0.22015038 -0.01115257
v 0.01909027 -0.21729909 -0.01113384
v 0.01917575 -0.21618807 -0.01112202
v 0.01958470 -0.21174942 -0.01107283
v 0.01813691 -0.22450431 -0.01148569
v 0.01921014 -0.23080720 -0.01059169
v 0.01877061 -0.23760892 -0.01125553
v 0.01812848 -0.23760596 -0.01168124
v 0.01952775 -0.23089848 -0.00998656
v 0.01957117 -0.23092659 -0.00977060
v 0.01939457 -0.23457466 -0.01015635
v 0.01898249 -0.23761052 -0.01101804
v 0.01912120 -0.23761192 -0.01080424
v 0.01922845 -0.23761339 -0.01057801
v 0.01946993 -0.23463385 -0.00970155
v 0.01926424 -0.23761402 -0.01048132
v 0.02206565 -0.20142446 -0.00947772
v 0.02102158 -0.20879735 -0.00958412
v 0.02701628 -0.18012019 -0.00959403
v 0.02682018 -0.18005046 -0.00995500
v 0.02504664 -0.18675216 -0.00986928
v 0.02611024 -0.18308911 -0.00974024
v 0.02522237 -0.18673615 -0.00952753
v 0.02626109 -0.18306208 -0.00939626
v 0.02683597 -0.18005586 -0.00993169
v 0.01986462 -0.22353935 -0.00973812
v 0.01945262 -0.23086920 -0.01019571
v 0.01974153 -0.22348884 -0.01015380
v 0.02028666 -0.21615048 -0.00982701
v 0.01771296 -0.23760477 -0.01184199
v 0.01774186 -0.23657361 -0.01180651
v 0.01885390 -0.23074101 -0.01095389
v 0.01949804 -0.22343190 -0.01054157
v 0.02012285 -0.21610895 -0.01022337
v 0.02090399 -0.20877557 -0.00999741
v 0.02327123 -0.19408189 -0.00994922
v -0.01724712 -0.26118731 -0.01203473
v -0.01713606 -0.26207441 -0.01207462
v -0.01764501 -0.26013485 -0.01186337
v -0.01711750 -0.26295161 -0.01208218
v -0.01711734 -0.26296777 -0.01208224
v -0.01711708 -0.26298389 -0.01208237
v -0.01736970 -0.26553133 -0.01198245
v -0.01796277 -0.25924689 -0.01167872
v -0.01807318 -0.26553258 -0.01150650
v -0.01799794 -0.25843054 -0.01166177
v -0.01820978 -0.23760542 -0.01167742
v -0.01766843 -0.23744687 -0.01187683
v -0.01761480 -0.23979385 -0.01189536
v -0.01727493 -0.25549263 -0.01201965
v -0.01739144 -0.25651503 -0.01198026
v -0.01862730 -0.23760968 -0.01143242
v -0.01770186 -0.25739205 -0.01184491
v -0.01871318 -0.23761070 -0.01136650
v -0.01902344 -0.23761499 -0.01105431
v -0.01848835 -0.26553553 -0.01091100
v -0.01908536 -0.23761596 -0.01097172
v -0.01928900 -0.23761933 -0.01060651
v -0.01943368 -0.23762116 -0.01010801
v -0.01871561 -0.26554257 -0.00989385
v -0.01798142 -0.29362571 -0.01014743
v -0.01779248 -0.29361710 -0.01105833
v -0.01761097 -0.29361492 -0.01144842
v -0.01748678 -0.29361427 -0.01163943
v -0.01707220 -0.29361418 -0.01206706
v -0.01690055 -0.29361457 -0.01218742
v -0.01662780 -0.27703613 -0.01227868
v -0.01652252 -0.27738813 -0.01231078
v -0.01698035 -0.26956359 -0.01214052
v -0.01684569 -0.27614328 -0.01220264
v -0.01672584 -0.27680168 -0.01224655
v -0.01498104 -0.27933070 -0.01251236
v -0.01500892 -0.29362181 -0.01263988
v -0.01546904 -0.27913636 -0.01249364
v -0.01573233 -0.29361913 -0.01259100
v -0.01594346 -0.27875763 -0.01244007
v -0.01606677 -0.29361770 -0.01252757
v -0.01624987 -0.27829206 -0.01238206
v -0.01638497 -0.27782792 -0.01234870
v -0.02034570 -0.21615104 -0.00987717
v -0.01979228 -0.22346786 -0.01020214
v -0.01993255 -0.22352064 -0.00977666
v -0.01972895 -0.22718008 -0.00998183
v -0.01954388 -0.23458882 -0.00971039
v -0.02526316 -0.18682110 -0.00955529
v -0.02212325 -0.20146948 -0.00952763
v -0.02348659 -0.19414109 -0.00963097
v -0.01946182 -0.23452769 -0.01017788
v -0.01925953 -0.23446234 -0.01061707
v -0.01886678 -0.23069693 -0.01100366
v -0.01807553 -0.22485377 -0.01154061
v -0.01803327 -0.22587731 -0.01154800
v -0.01865533 -0.22327141 -0.01127996
v -0.01790436 -0.22960906 -0.01156937
v -0.01838154 -0.23062439 -0.01132967
v -0.01862462 -0.22239318 -0.01131300
v -0.01818347 -0.22361466 -0.01150845
v -0.01809971 -0.22429925 -0.01153645
v -0.01896869 -0.21832538 -0.01121720
v -0.01889895 -0.21936703 -0.01122807
v -0.01895375 -0.22039838 -0.01116808
v -0.02068978 -0.20875686 -0.01044881
v -0.01904243 -0.21729709 -0.01120649
v -0.01989449 -0.20864438 -0.01110512
v -0.01897691 -0.22129001 -0.01113015
v -0.01914149 -0.22334263 -0.01095850
v -0.02157086 -0.19839729 -0.01087187
v -0.02300829 -0.19412747 -0.01034974
v -0.02252581 -0.19406229 -0.01074854
v -0.02479442 -0.18682857 -0.01023611
v -0.02442319 -0.18678489 -0.01055406
v -0.02408893 -0.18799205 -0.01057912
v -0.02614222 -0.18076599 -0.01049190
v -0.02661544 -0.17995705 -0.01028786
v -0.02631627 -0.17986125 -0.01055401
v -0.02507381 -0.18683554 -0.00990580
v -0.02614333 -0.18318279 -0.00976524
v -0.02630359 -0.18315634 -0.00941186
v -0.02329748 -0.19414465 -0.01000146
v -0.02688899 -0.18004802 -0.00996178
v -0.02708087 -0.18011640 -0.00961525
v -0.02708238 -0.18011698 -0.00961167
v -0.02094613 -0.20879565 -0.01005871
v -0.01924844 -0.23076567 -0.01063540
v -0.01952511 -0.22340834 -0.01059751
v -0.01951088 -0.23083001 -0.01023068
v -0.01964232 -0.23088948 -0.00979463
v -0.02108369 -0.20882012 -0.00963695
v -0.02886960 -0.17211705 -0.01043484
v -0.02808042 -0.17323032 -0.01084215
v -0.02849017 -0.17389096 -0.01023124
v -0.02803359 -0.17685102 -0.00956232
v -0.02829172 -0.17625472 -0.00930030
v -0.02811118 -0.17566448 -0.01002280
v -0.02632004 -0.17953329 -0.01061709
v -0.02696354 -0.17975837 -0.00996992
v -0.02709219 -0.18006159 -0.00962414
v -0.02737537 -0.17947260 -0.00929619
v -0.02782453 -0.17772904 -0.00945695
v -0.02806905 -0.17712881 -0.00917661
v -0.02917986 -0.17302084 -0.00937260
v -0.02620814 -0.17741348 -0.01105928
v -0.02617208 -0.17752662 -0.01105858
v -0.02645212 -0.17786317 -0.01084537
v -0.02735818 -0.17678818 -0.01044881
v -0.02724293 -0.17586787 -0.01076775
v -0.02660751 -0.17675941 -0.01096496
v -0.02645186 -0.17693913 -0.01101604
v -0.02791525 -0.17203595 -0.01126422
v -0.02769517 -0.17274076 -0.01123556
v -0.02755697 -0.17317861 -0.01121708
v -0.02951469 -0.16855252 -0.01096423
v -0.02899103 -0.16849016 -0.01140943
v -0.02870334 -0.16964817 -0.01131996
v -0.02865602 -0.16961057 -0.01136130
v -0.02818049 -0.17117520 -0.01129822
v -0.03018124 -0.16804729 -0.01028172
v -0.02983294 -0.16778871 -0.01088377
v -0.02929606 -0.16745067 -0.01145709
v -0.03034460 -0.16820838 -0.00979117
v -0.02989077 -0.16920263 -0.01022024
v -0.03003566 -0.16978943 -0.00941657
v -0.02952842 -0.17097057 -0.00995511
v -0.02960196 -0.17126399 -0.00957759
v -0.02912975 -0.17273483 -0.00974490
v -0.02731448 -0.17918964 -0.00967228
v -0.02615840 -0.17869535 -0.01087047
v -0.02697822 -0.17855744 -0.01031722
v -0.02631414 -0.17942038 -0.01064312
v -0.02613602 -0.17763977 -0.01105810
v -0.02605979 -0.17811292 -0.01102011
v -0.02739889 -0.17547911 -0.01075520
v -0.02775404 -0.17623223 -0.01024104
v -0.02773071 -0.17743452 -0.00981845
v -0.02737912 -0.17800358 -0.01007058
v -0.02752806 -0.17831428 -0.00973614
v -0.02760451 -0.17860264 -0.00936807
v -0.02843150 -0.17508590 -0.00978939
v -0.02871535 -0.17449702 -0.00953799
v -0.02862906 -0.17420171 -0.00989649
v -0.02771828 -0.17500985 -0.01063742
v -0.02750397 -0.17339994 -0.01119709
v -0.02750563 -0.17394614 -0.01106507
v -0.02755269 -0.17443807 -0.01091177
v -0.02841857 -0.17144454 -0.01106338
v -0.02921878 -0.17033827 -0.01067154
v 0.01490767 -0.27933070 -0.01251234
v 0.01549565 -0.27907550 -0.01248555
v 0.01493558 -0.29362184 -0.01263991
v 0.01653057 -0.29361555 -0.01234680
v 0.01689031 -0.29361442 -0.01214603
v 0.01596586 -0.27864301 -0.01242419
v 0.01628629 -0.27796650 -0.01235555
v 0.01642954 -0.27761957 -0.01231732
v 0.01659856 -0.27718467 -0.01226554
v 0.01685938 -0.27649924 -0.01216965
v 0.01689707 -0.27614453 -0.01215374
v 0.01729452 -0.26561019 -0.01198321
v 0.01699971 -0.29361418 -0.01206646
v 0.01738647 -0.29361421 -0.01167586
v 0.01766228 -0.29361618 -0.01120098
v 0.01799765 -0.26561141 -0.01150740
v 0.01771912 -0.29361710 -0.01105864
v 0.01841293 -0.26561436 -0.01091175
v 0.01782706 -0.29362008 -0.01068994
v 0.01790814 -0.29362571 -0.01014760
v 0.01730836 -0.26115015 -0.01198257
v 0.01757333 -0.26017052 -0.01186243
v 0.01791910 -0.25917360 -0.01165851
v 0.01793037 -0.25835896 -0.01165844
v 0.01762913 -0.25737441 -0.01184471
v 0.01754441 -0.25697893 -0.01188667
v 0.01731330 -0.25600183 -0.01198195
v 0.01736867 -0.25337771 -0.01196149
v 0.01703097 -0.26956478 -0.01209399
v 0.01716708 -0.26298505 -0.01203811
v 0.01716759 -0.26294664 -0.01203789
v 0.01719734 -0.26153114 -0.01202620
v -0.01738574 -0.30178189 0.01211595
v -0.01739300 -0.30178189 0.01211593
v -0.01739033 -0.30240834 0.01200769
v 0.00816338 -0.30178142 0.01211601
v 0.00816343 -0.30248076 0.01199300
v 0.01083687 -0.30178106 0.01211607
v 0.01274156 -0.30178118 0.01211605
v 0.01731975 -0.30178189 0.01211594
v 0.00816332 -0.30385455 0.01162573
v 0.01727986 -0.30446616 0.01140552
v 0.00816332 -0.30517662 0.01110205
v 0.01722107 -0.30598727 0.01068764
v 0.00816339 -0.30694449 0.01009315
v 0.01715113 -0.30718923 0.00992066
v 0.00816337 -0.30851832 0.00880841
v 0.00816338 -0.30985788 0.00728100
v 0.01696942 -0.30922693 0.00806422
v 0.00816341 -0.31042635 0.00644233
v 0.01668673 -0.31100583 0.00539499
v 0.00816339 -0.31134883 0.00463222
v 0.01653350 -0.31158325 0.00401162
v 0.01644750 -0.31182146 0.00324504
v 0.00816334 -0.31170961 0.00362717
v 0.01634711 -0.31203082 0.00235534
v 0.00816344 -0.31224445 0.00062358
v 0.01605336 -0.31225935 -0.00024598
v 0.00816341 -0.31225243 -0.00045022
v 0.00816338 -0.31176341 -0.00346010
v 0.01573553 -0.31185329 -0.00313918
v 0.00816333 -0.31141752 -0.00447072
v 0.01541460 -0.31055793 -0.00623505
v 0.00816344 -0.30995980 -0.00715233
v 0.01520173 -0.30879834 -0.00854020
v 0.00816342 -0.30929315 -0.00799926
v 0.01506747 -0.30653015 -0.01037696
v 0.00816336 -0.30702952 -0.01004519
v 0.00816338 -0.30612233 -0.01062199
v 0.01501026 -0.30407181 -0.01156145
v 0.01495748 -0.29795778 -0.01258768
v 0.00816325 -0.29723331 -0.01261781
v 0.00816335 -0.30432338 -0.01147115
v 0.00816338 -0.30330953 -0.01180277
v 0.01497599 -0.30109513 -0.01227750
v 0.00816338 -0.30130765 -0.01224353
v 0.01497391 -0.30082116 -0.01231895
v 0.00816334 -0.30029482 -0.01238991
v 0.00816338 -0.29825547 -0.01257151
v 0.00816326 -0.29518697 -0.01264859
v 0.00816318 -0.29416385 -0.01264436
v 0.00816342 -0.29211771 -0.01262644
v 0.00816316 -0.29109466 -0.01261730
v 0.00816329 -0.28952503 -0.01260330
v 0.00816337 -0.28795540 -0.01258930
v 0.01445670 -0.27938798 -0.01251286
v 0.00746338 -0.28795540 -0.01258931
v 0.00746338 -0.28105411 -0.01252773
v -0.00823662 -0.28795540 -0.01258930
v -0.01452994 -0.27938798 -0.01251287
v -0.00753662 -0.28105411 -0.01252773
v -0.00753663 -0.28795540 -0.01258931
v -0.00823662 -0.28869238 -0.01259588
v -0.00823655 -0.28942937 -0.01260245
v -0.00823640 -0.29090330 -0.01261560
v -0.00823657 -0.29237726 -0.01262876
v -0.00823618 -0.29385123 -0.01264185
v -0.00823663 -0.29827219 -0.01257054
v -0.01503499 -0.29961908 -0.01246532
v -0.00823642 -0.29679921 -0.01263037
v -0.00823646 -0.29532522 -0.01264844
v -0.00823662 -0.30120707 -0.01226004
v -0.00823662 -0.30265388 -0.01197338
v -0.01506932 -0.30340728 -0.01177501
v -0.00823675 -0.30407131 -0.01156278
v -0.01508263 -0.30432293 -0.01147032
v -0.01526363 -0.30859226 -0.00874701
v -0.01513065 -0.30622330 -0.01056386
v -0.00823662 -0.30671492 -0.01025801
v -0.00823669 -0.30543259 -0.01099030
v -0.00823665 -0.31055561 -0.00623977
v -0.01548673 -0.31052750 -0.00628629
v -0.00823663 -0.30868796 -0.00865239
v -0.00823659 -0.30789980 -0.00937674
v -0.01612622 -0.31226030 -0.00024787
v -0.01610417 -0.31225279 -0.00044517
v -0.00823663 -0.31226018 0.00009609
v -0.00823662 -0.31105995 -0.00529407
v -0.00823658 -0.31147936 -0.00430943
v -0.01578198 -0.31178084 -0.00340112
v -0.00823663 -0.31202433 -0.00240029
v -0.00823665 -0.31218752 -0.00134081
v -0.00823664 -0.31213978 0.00170995
v -0.00823662 -0.31194305 0.00276504
v -0.01640222 -0.31205824 0.00221125
v -0.01661180 -0.31155747 0.00408503
v -0.00823663 -0.31088802 0.00562858
v -0.01672708 -0.31113255 0.00512896
v -0.01688048 -0.31036264 0.00654426
v -0.00823665 -0.31038433 0.00650973
v -0.01699559 -0.30958739 0.00763286
v -0.00823665 -0.30916253 0.00813725
v -0.01719675 -0.30759209 0.00961666
v -0.01281466 -0.30178118 0.01211605
v -0.00823662 -0.30178124 0.01211605
v -0.00823656 -0.30299693 0.01187496
v -0.00823663 -0.30417031 0.01151659
v -0.01732659 -0.30529368 0.01104681
v -0.00823657 -0.30510771 0.01113381
v -0.01729742 -0.30596453 0.01070032
v -0.00823663 -0.30687752 0.01013880
v -0.00823662 -0.30769193 0.00953716
v 0.01863172 -0.21728411 -0.01087882
v 0.01863385 -0.21726806 -0.01087917
v 0.02565679 -0.17982449 -0.01040390
v 0.02603779 -0.17950448 -0.01075923
v 0.02552749 -0.17934927 -0.01059225
v 0.02595180 -0.17927276 -0.01085056
v -0.01672124 -0.26295459 -0.01179807
v 0.01694642 -0.25438938 -0.01168672
v 0.01732193 -0.23759842 -0.01155601
v 0.01715382 -0.25606224 -0.01187129
v 0.01693193 -0.25614634 -0.01171749
v 0.01691944 -0.25590351 -0.01170307
v 0.01691880 -0.25566000 -0.01169694
v 0.01681798 -0.26137745 -0.01175990
v 0.01700764 -0.26145434 -0.01189306
v 0.01679573 -0.26161551 -0.01175007
v 0.01678485 -0.26185456 -0.01174812
v 0.01676113 -0.26295117 -0.01175745
v -0.03334292 -0.14127658 -0.01684581
v -0.03334713 -0.14206935 -0.01657578
v -0.03348247 -0.14037605 -0.01715844
v -0.03394692 -0.11532850 -0.02672901
v -0.03384727 -0.11008675 -0.02852568
v -0.03361158 -0.11008608 -0.02852635
v -0.03335154 -0.08345944 -0.03475462
v -0.03335134 -0.08432949 -0.03463326
v -0.03341278 -0.08345943 -0.03475150
v -0.03349216 -0.09367886 -0.03297283
v -0.03372749 -0.10457513 -0.03023069
v -0.03362180 -0.09953824 -0.03160477
v -0.03352332 -0.09404916 -0.03289280
v -0.03333655 -0.12513757 -0.02300821
v -0.03333681 -0.12825854 -0.02177374
v -0.03396222 -0.13002175 -0.02107509
v -0.03396137 -0.13006146 -0.02105962
v -0.03333681 -0.14086734 -0.01698717
v -0.03333663 -0.11896499 -0.02539290
v -0.03333659 -0.11008494 -0.02852653
v -0.03334863 -0.09126002 -0.03346826
v -0.03334113 -0.09949588 -0.03161842
v -0.03333683 -0.10701478 -0.02949996
v 0.02743971 -0.17834102 -0.00974904
v 0.02708434 -0.17891107 -0.01002499
v 0.02688369 -0.17858469 -0.01032935
v 0.02854689 -0.17421822 -0.00990339
v 0.02863453 -0.17451391 -0.00954540
v 0.02802585 -0.17568488 -0.01003082
v 0.02815060 -0.17599033 -0.00968521
v 0.02820998 -0.17627616 -0.00930980
v 0.02764343 -0.17745917 -0.00982933
v 0.02996091 -0.16979356 -0.00941854
v 0.02773969 -0.17775439 -0.00946894
v 0.02751916 -0.17863026 -0.00938224
v 0.02722512 -0.17921849 -0.00968737
v 0.02728958 -0.17950249 -0.00931272
v 0.02798711 -0.17715259 -0.00918761
v 0.02910155 -0.17303357 -0.00937859
v 0.02878859 -0.17212905 -0.01043960
v 0.02945102 -0.17097875 -0.00995874
v 0.02952518 -0.17127234 -0.00958149
v 0.02905045 -0.17274730 -0.00975049
v 0.02904211 -0.16806862 -0.01142838
v 0.02922286 -0.16745052 -0.01145710
v 0.02985507 -0.16785429 -0.01074726
v 0.02855375 -0.16970682 -0.01135728
v 0.02857863 -0.16962433 -0.01136072
v 0.02862394 -0.16965577 -0.01132230
v 0.02943882 -0.16855633 -0.01096559
v 0.02748764 -0.17521532 -0.01070473
v 0.02754349 -0.17416380 -0.01093737
v 0.02763015 -0.17502940 -0.01064399
v 0.02840683 -0.17390712 -0.01023760
v 0.02749310 -0.17384931 -0.01104968
v 0.02746086 -0.17360970 -0.01112854
v 0.02799510 -0.17324589 -0.01084740
v 0.02753278 -0.17302269 -0.01122389
v 0.02785669 -0.17198868 -0.01126608
v 0.02588286 -0.17820948 -0.01105809
v 0.02590204 -0.17814490 -0.01105848
v 0.02635445 -0.17788941 -0.01085499
v 0.02599366 -0.17785686 -0.01105779
v 0.02608902 -0.17755739 -0.01105842
v 0.02617699 -0.17733818 -0.01105052
v 0.02726710 -0.17681168 -0.01045756
v 0.02653150 -0.17686170 -0.01094641
v 0.02719577 -0.17600238 -0.01071689
v 0.02583120 -0.17877091 -0.01099759
v 0.02686979 -0.17978831 -0.00998554
v 0.02700187 -0.18009257 -0.00964144
v 0.02833620 -0.17145611 -0.01106722
v 0.02914029 -0.17034614 -0.01067454
v 0.02981543 -0.16920657 -0.01022193
v 0.03027142 -0.16820855 -0.00979075
v 0.02748103 -0.17714356 -0.01015797
v 0.03239479 -0.08523505 -0.03454277
v 0.03251227 -0.08345838 -0.03479292
v 0.03333886 -0.08345908 -0.03475176
v 0.03388947 -0.13006215 -0.02106141
v 0.03326378 -0.13734728 -0.01825342
v 0.03326363 -0.11170325 -0.02799723
v 0.03325780 -0.09061718 -0.03359270
v 0.03336300 -0.08708566 -0.03420890
v 0.03327393 -0.09148195 -0.03342609
v 0.03346400 -0.09455437 -0.03278655
v 0.03326795 -0.09948792 -0.03162539
v 0.03354954 -0.09948914 -0.03162146
v 0.03326459 -0.10487619 -0.03014989
v 0.03366484 -0.10543501 -0.02998480
v 0.03386943 -0.11681455 -0.02619826
v 0.03326369 -0.14086735 -0.01698791
v 0.03345572 -0.13975000 -0.01738018
v 0.03326952 -0.14122044 -0.01686581
v 0.03328229 -0.14195976 -0.01661338
v 0.03327488 -0.14204353 -0.01658525
v 0.03382777 -0.13229272 -0.02018484
v 0.03381135 -0.13279793 -0.01998753
v 0.03378883 -0.13343555 -0.01973953
v 0.03368697 -0.13583840 -0.01881826
v 0.03326365 -0.14045565 -0.01713149
v -0.03358388 -0.14793107 -0.01429684
v -0.03416851 -0.14189777 -0.01630216
v -0.03382096 -0.14194624 -0.01652822
v -0.03509207 -0.12969643 -0.02013619
v -0.03508047 -0.12972499 -0.02020875
v -0.03458863 -0.14100851 -0.01572624
v -0.03440716 -0.14181024 -0.01594927
v -0.03444896 -0.14279738 -0.01505073
v -0.03296576 -0.15397832 -0.01220958
v -0.03317928 -0.15381889 -0.01140435
v -0.03373456 -0.14970712 -0.01260861
v -0.03275362 -0.15405080 -0.01263156
v -0.03280956 -0.15403534 -0.01253675
v -0.03336061 -0.14312731 -0.01621932
v -0.03309401 -0.14949206 -0.01414698
v -0.03322861 -0.14798519 -0.01460641
v -0.03453061 -0.13001736 -0.02094886
v -0.03488328 -0.12990786 -0.02067277
v -0.03474098 -0.12996578 -0.02081915
v -0.03360249 -0.14195511 -0.01659141
v -0.03248353 -0.15410081 -0.01297600
v -0.03228850 -0.15520561 -0.01278401
v -0.03109040 -0.16076584 -0.01204524
v -0.03134479 -0.16083540 -0.01175870
v -0.03206199 -0.16045220 -0.01014862
v -0.03162134 -0.16092800 -0.01127669
v -0.03182746 -0.16099818 -0.01069751
v 0.03454462 -0.13877596 -0.01701885
v 0.03427175 -0.14184836 -0.01599759
v 0.03405881 -0.14191660 -0.01626493
v 0.03294276 -0.15120418 -0.01352694
v 0.03321265 -0.14811978 -0.01449167
v 0.03345811 -0.14806335 -0.01425640
v 0.03259068 -0.15299472 -0.01319654
v 0.03247995 -0.15409127 -0.01290255
v 0.03241183 -0.15410061 -0.01297423
v 0.03380790 -0.13585241 -0.01880550
v 0.03412355 -0.13585487 -0.01871280
v 0.03481330 -0.12990203 -0.02064782
v 0.03468059 -0.13275410 -0.01956900
v 0.03443632 -0.13279971 -0.01978224
v 0.03382434 -0.13280042 -0.01998648
v 0.03400327 -0.13006133 -0.02105639
v 0.03418234 -0.13005134 -0.02102681
v 0.03450802 -0.13000686 -0.02090933
v 0.03414461 -0.13281666 -0.01992588
v 0.03465682 -0.12996778 -0.02081173
v 0.03470746 -0.12994997 -0.02076753
v 0.03379279 -0.14195877 -0.01646717
v 0.03330014 -0.14497255 -0.01558249
v 0.03349029 -0.14197029 -0.01658657
v 0.03283771 -0.15123300 -0.01362660
v 0.03311615 -0.14860733 -0.01438268
v 0.03268134 -0.15405057 -0.01262997
v 0.03268385 -0.15404993 -0.01262592
v 0.03285598 -0.15399396 -0.01229632
v 0.03294769 -0.15395112 -0.01206255
v 0.03365992 -0.14798370 -0.01395551
v 0.03310606 -0.15381892 -0.01140449
v 0.03441539 -0.14175862 -0.01568280
v 0.03403488 -0.14642927 -0.01372634
v 0.03446516 -0.14168885 -0.01546744
v 0.03465769 -0.13868564 -0.01670784
v 0.03467254 -0.13865736 -0.01662676
v 0.03481470 -0.13599209 -0.01766128
v 0.03470367 -0.13812827 -0.01683097
v 0.03488256 -0.12985943 -0.02054055
v 0.03502065 -0.12969659 -0.02013654
v 0.03485543 -0.13268597 -0.01930370
v 0.03495704 -0.13224573 -0.01913193
v 0.03494494 -0.13260125 -0.01900269
v 0.03494623 -0.13259955 -0.01899267
v 0.03483133 -0.13562863 -0.01780343
v 0.03440391 -0.13582505 -0.01853885
v 0.03462959 -0.13576871 -0.01830129
v 0.03477961 -0.13569124 -0.01801704
v 0.03207316 -0.16001198 -0.01019550
v 0.03153934 -0.16096978 -0.01127150
v 0.03126253 -0.16087623 -0.01175354
v 0.03100670 -0.16080904 -0.01204035
v 0.02953744 -0.16635844 -0.01151946
v 0.03031066 -0.16424026 -0.01153446
v 0.03069038 -0.16444370 -0.01101632
v 0.03174568 -0.16104089 -0.01069237
v -0.01644192 -0.27613765 -0.01192106
v -0.01626388 -0.27692062 -0.01199045
v -0.01636009 -0.27695030 -0.01206605
v -0.01672080 -0.26297787 -0.01179813
v 0.01648174 -0.27613857 -0.01187670
v 0.01650454 -0.27714568 -0.01218836
v 0.01648156 -0.27614641 -0.01187676
v 0.01624368 -0.27704230 -0.01197668
v 0.01676063 -0.26297870 -0.01175753
v -0.02584798 -0.17938755 -0.01039893
v -0.02572838 -0.17875409 -0.01061301
v 0.03296338 -0.14076898 -0.01670450
v 0.03296436 -0.14082402 -0.01668626
v 0.03296527 -0.14087909 -0.01666813
v 0.02602845 -0.06480093 -0.03533826
v 0.02605332 -0.06440147 -0.03533579
v 0.02613523 -0.06441188 -0.03571998
v 0.02677465 -0.06530321 -0.03628179
v 0.02711405 -0.06500513 -0.03633286
v 0.02741143 -0.06587481 -0.03630691
v 0.02724726 -0.06280988 -0.03605589
v 0.02747830 -0.06304728 -0.03624956
v 0.02713306 -0.06291154 -0.03605671
v 0.02697540 -0.06370942 -0.03627666
v 0.02664862 -0.06354704 -0.03605708
v 0.02636087 -0.06341784 -0.03531949
v 0.02637603 -0.06340895 -0.03545909
v 0.02643161 -0.06344425 -0.03570459
v 0.02649364 -0.06334591 -0.03572983
v 0.02674925 -0.06319565 -0.03594843
v 0.02609891 -0.06543388 -0.03533717
v 0.02657627 -0.06637602 -0.03569753
v 0.02650103 -0.06640416 -0.03532022
v 0.02637919 -0.06619542 -0.03532589
v 0.02709666 -0.06607316 -0.03625582
v 0.02678760 -0.06625922 -0.03604136
v 0.02641766 -0.06537753 -0.03606638
v 0.02617954 -0.06542324 -0.03571839
v 0.02722889 -0.06408785 -0.03633093
v 0.02673728 -0.06448828 -0.03628809
v 0.02637476 -0.06444190 -0.03607086
v 0.02773419 -0.06332204 -0.03630459
v 0.02263626 -0.05780337 -0.03623819
v 0.02261318 -0.05781366 -0.03623840
v 0.02248149 -0.05767035 -0.03633150
v 0.02320876 -0.05750218 -0.03615815
v 0.02371544 -0.05692353 -0.03632449
v 0.02513988 -0.05670412 -0.03630266
v 0.02478854 -0.05701084 -0.03613558
v 0.02653822 -0.05705192 -0.03626711
v 0.02634966 -0.05730760 -0.03608761
v 0.02768853 -0.05789705 -0.03623069
v 0.02762967 -0.05833037 -0.03603884
v 0.02842215 -0.05912020 -0.03620483
v 0.02823665 -0.05964650 -0.03601080
v 0.02864531 -0.06052731 -0.03619519
v 0.02819690 -0.06123541 -0.03600887
v 0.02831471 -0.06190629 -0.03620964
v 0.02746859 -0.06258336 -0.03604268
v 0.02864495 -0.06205885 -0.03625835
v 0.02900667 -0.06054221 -0.03624498
v 0.02875925 -0.05899735 -0.03625532
v 0.02795229 -0.05765638 -0.03628167
v 0.02668962 -0.05673170 -0.03631977
v 0.02515624 -0.05635257 -0.03635767
v 0.02359565 -0.05659352 -0.03638098
v 0.02224326 -0.05741114 -0.03638792
v 0.01926092 -0.05806509 -0.03606129
v 0.02015735 -0.05800184 -0.03632757
v 0.02082068 -0.05823435 -0.03632238
v 0.02049897 -0.05789869 -0.03635417
v 0.02097608 -0.05822461 -0.03632876
v 0.02143177 -0.05785381 -0.03637889
v 0.02116038 -0.05820679 -0.03633399
v 0.02178938 -0.05809349 -0.03633034
v 0.02256797 -0.05783321 -0.03624791
v 0.01934653 -0.05794670 -0.03617185
v 0.01945031 -0.05780586 -0.03625818
v 0.01965366 -0.05753578 -0.03632249
v 0.01574596 -0.05630862 -0.02564449
v 0.01608770 -0.05556631 -0.02565403
v 0.01686290 -0.05695095 -0.02740282
v 0.01644840 -0.05322479 -0.02459564
v 0.01660349 -0.05297424 -0.02485252
v 0.01677578 -0.05473831 -0.02666692
v 0.01686336 -0.05240145 -0.02607801
v 0.01586388 -0.05383711 -0.02396784
v 0.01523814 -0.05423599 -0.02355884
v 0.01473675 -0.05445572 -0.02333353
v 0.01337367 -0.05497163 -0.02322327
v 0.01335802 -0.05476186 -0.02301948
v 0.01386313 -0.05534184 -0.02368509
v 0.01496116 -0.05588869 -0.02467768
v 0.01686247 -0.05368686 -0.02663413
v 0.01686290 -0.05655651 -0.02735336
v 0.01686291 -0.05675327 -0.02738173
v 0.01875346 -0.01225414 -0.03796097
v 0.01786290 -0.01225418 -0.03796095
v 0.01786290 -0.01062006 -0.03845097
v 0.02478942 0.02424058 0.03195555
v 0.01786294 0.02771481 0.02898972
v 0.01786294 0.02128694 0.03399624
v 0.02478948 0.02619307 0.03037373
v 0.02478956 0.02860420 0.02811097
v 0.01786293 0.03221432 0.02387838
v 0.02478971 0.03236422 0.02367426
v 0.01786294 0.03299487 0.02278458
v 0.02478985 0.03544114 0.01873922
v 0.01786293 0.03690804 0.01563826
v 0.02478991 0.03656950 0.01641806
v 0.01786293 0.03778571 0.01336534
v 0.02479000 0.03776992 0.01341016
v 0.01786293 0.03929198 0.00784727
v 0.02479014 0.03930134 0.00779974
v 0.01786293 0.04001828 0.00167860
v 0.02479028 0.04000302 0.00202654
v 0.02479028 0.04001828 0.00167860
v 0.01786292 0.04004928 0.00021559
v 0.02479035 0.04003368 -0.00102319
v 0.01786292 0.03964382 -0.00558221
v 0.02479041 0.03986012 -0.00378738
v 0.01786292 0.03871449 -0.01014783
v 0.02479055 0.03887568 -0.00951913
v 0.02479058 0.03871450 -0.01014783
v 0.01786293 0.03840141 -0.01126362
v 0.01786292 0.03634827 -0.01670483
v 0.02479070 0.03707049 -0.01504755
v 0.02479079 0.03559485 -0.01824480
v 0.01786292 0.03398972 -0.02106758
v 0.02479084 0.03448273 -0.02025577
v 0.02479086 0.03398972 -0.02106758
v 0.01786291 0.03352782 -0.02179080
v 0.02479099 0.03116709 -0.02503370
v 0.01786292 0.03052721 -0.02580592
v 0.01786292 0.02644956 -0.02995073
v 0.02479113 0.02719365 -0.02928033
v 0.01786291 0.02626199 -0.03011448
v 0.02479117 0.02626199 -0.03011448
v 0.02479123 0.02413413 -0.03183652
v 0.01786292 0.02181298 -0.03346132
v 0.02479126 0.02264643 -0.03290591
v 0.01786292 0.01671634 -0.03626247
v 0.02479142 0.01762152 -0.03583379
v 0.01786292 0.01621503 -0.03648810
v 0.02479145 0.01621503 -0.03648810
v 0.01786292 0.01126740 -0.03829497
v 0.02479155 0.01222517 -0.03800207
v 0.01786292 0.00637983 -0.03939611
v 0.02479166 0.00791005 -0.03912024
v 0.02479170 0.00657143 -0.03936492
v 0.01786292 0.00473778 -0.03962450
v 0.02479174 0.00473778 -0.03962450
v 0.02479183 0.00083137 -0.03989255
v 0.02379186 0.00083137 -0.03989256
v 0.02379171 -0.00497239 -0.03958372
v 0.01786290 -0.00521838 -0.03955181
v 0.01786292 0.00058706 -0.03989659
v 0.02379151 -0.01225385 -0.03796084
v 0.02379155 -0.01067370 -0.03843608
v 0.02379165 -0.00715428 -0.03924619
v 0.02379168 -0.00579183 -0.03947140
v 0.03436291 0.03154668 0.00001955
v 0.03373253 0.03526273 -0.00088923
v 0.03373253 0.03460188 0.00696176
v 0.03436291 0.01997583 -0.02429656
v 0.03436291 0.01951742 -0.02466392
v 0.03373253 0.02126030 -0.02802588
v 0.02580856 0.01935544 0.03510081
v 0.02898614 0.01909651 0.03463133
v 0.02878548 0.02586575 0.02999471
v 0.03127489 0.01857040 0.03367748
v 0.03183304 0.01836231 0.03330022
v 0.03183818 0.02483443 0.02880046
v 0.03436048 0.01526351 0.02768216
v 0.03436290 0.01811422 0.02590417
v 0.03400457 0.01664150 0.03018048
v 0.03373252 0.02307357 0.02676141
v 0.03372119 0.01706111 0.03094118
v 0.03294586 0.01776787 0.03222252
v 0.02878548 0.03162843 0.02382657
v 0.02878548 0.03611237 0.01621383
v 0.02878549 0.03953316 -0.00100914
v 0.02878548 0.03879216 0.00779387
v 0.02878549 0.03829866 -0.00975856
v 0.02878549 0.03514983 -0.01801515
v 0.02878548 0.02383263 -0.03143675
v 0.02878549 0.03024318 -0.02536642
v 0.02878547 0.01622687 -0.03593473
v 0.02878548 0.00781166 -0.03862927
v 0.02579151 0.00083086 -0.03986643
v 0.02878547 0.00082158 -0.03939183
v 0.03183817 0.00079073 -0.03781420
v 0.03436286 0.00066521 -0.03139405
v 0.03424874 0.00069864 -0.03310382
v 0.03436290 0.00576222 -0.03087325
v 0.03373253 0.00697216 -0.03444048
v 0.03436291 0.01074800 -0.02951105
v 0.03373253 0.01447718 -0.03203737
v 0.03436291 0.01294543 -0.02862550
v 0.03436290 0.01547809 -0.02735682
v 0.03436290 0.02269953 -0.02179104
v 0.03373253 0.02697749 -0.02261212
v 0.03436290 0.02277313 -0.02171463
v 0.03436290 0.02523763 -0.01881571
v 0.03373253 0.03135346 -0.01605593
v 0.03436290 0.02797869 -0.01446286
v 0.03436290 0.02991835 -0.00990201
v 0.03373253 0.03416176 -0.00869224
v 0.03436290 0.03055248 -0.00776196
v 0.03436291 0.03115113 -0.00489293
v 0.03373254 0.03221193 0.01447105
v 0.03436291 0.02996903 0.00994981
v 0.03436290 0.03113925 0.00516640
v 0.03436291 0.02533386 0.01888684
v 0.03436290 0.02795384 0.01471085
v 0.03436290 0.02880659 0.01294952
v 0.03436290 0.02193387 0.02275355
v 0.03373253 0.02821294 0.02126042
v 0.03373253 0.00073807 -0.03512058
v 0.03183817 0.00750159 -0.03708210
v 0.03183818 0.01558061 -0.03449520
v 0.03183818 0.02288251 -0.03017692
v 0.03183819 0.02903696 -0.02434910
v 0.03183818 0.03374760 -0.01729150
v 0.03183819 0.03677066 -0.00936470
v 0.03183819 0.03795583 -0.00096486
v 0.03183819 0.03724444 0.00748653
v 0.03183818 0.03467171 0.01557013
v 0.03183818 0.03036688 0.02287874
v -0.03381233 -0.08013921 -0.03508653
v -0.03402992 -0.08012909 -0.03499536
v -0.03397089 -0.07100525 -0.03539591
v -0.03455788 -0.07290219 -0.03451279
v -0.03457782 -0.07116015 -0.03447621
v -0.03456472 -0.07114857 -0.03457408
v -0.03464412 -0.06711933 -0.03411554
v -0.03474545 -0.06296980 -0.03319153
v -0.03470544 -0.06395268 -0.03358248
v -0.03486385 -0.05948010 -0.03170444
v -0.03487786 -0.05912735 -0.03150027
v -0.03486850 -0.05907155 -0.03158502
v -0.03524430 -0.05073683 -0.01836097
v -0.03516193 -0.05056701 -0.01842315
v -0.03526247 -0.05159450 -0.02102929
v -0.03509682 -0.05219082 -0.02395491
v -0.03529397 -0.05091431 -0.01821508
v -0.03529232 -0.05142027 -0.01973834
v -0.03531226 -0.05107055 -0.01798979
v -0.03499252 -0.05656266 -0.02957066
v -0.03509995 -0.05452247 -0.02721940
v -0.03505489 -0.05512848 -0.02818689
v -0.03510170 -0.05448972 -0.02717447
v -0.03513838 -0.05367597 -0.02606800
v -0.03519655 -0.05292726 -0.02436193
v -0.03520828 -0.05256152 -0.02375470
v -0.03525434 -0.05201428 -0.02196424
v -0.03496204 -0.05694901 -0.03006120
v -0.03478079 -0.06144161 -0.03275758
v -0.03462290 -0.06752400 -0.03427537
v -0.03452347 -0.07560382 -0.03454776
v -0.03451089 -0.08004629 -0.03421591
v -0.03452548 -0.08003549 -0.03411181
v -0.03343471 -0.07222884 -0.03552248
v -0.03338615 -0.08014667 -0.03515087
v -0.03354245 -0.08014530 -0.03513974
v -0.03352538 -0.06688198 -0.03511158
v -0.03412617 -0.06361242 -0.03434491
v -0.03361116 -0.06352872 -0.03441343
v -0.03363977 -0.06258616 -0.03413512
v -0.03376567 -0.05911097 -0.03265300
v -0.03430139 -0.05859092 -0.03225340
v -0.03390505 -0.05608590 -0.03049654
v -0.03449901 -0.05452154 -0.02873205
v -0.03399322 -0.05446308 -0.02878879
v -0.03437047 -0.05009269 -0.01808665
v -0.03428502 -0.05009199 -0.01809420
v -0.03464688 -0.05014767 -0.01817911
v -0.03424946 -0.05058922 -0.02049720
v -0.03466073 -0.05185299 -0.02416403
v -0.03416196 -0.05181304 -0.02426982
v -0.03404139 -0.05365190 -0.02770559
v -0.03442706 -0.07108954 -0.03500292
v -0.03432711 -0.08009933 -0.03472003
v -0.03442658 -0.08007905 -0.03452891
v -0.03457557 -0.06379460 -0.03398398
v -0.03474572 -0.05883266 -0.03193730
v -0.03493885 -0.05481371 -0.02846712
v -0.03417994 -0.08011764 -0.03489036
v -0.03423789 -0.07104642 -0.03523915
v -0.03439009 -0.06369428 -0.03420321
v -0.03456294 -0.05869247 -0.03213010
v -0.03475856 -0.05463769 -0.02862563
v -0.03491864 -0.05198543 -0.02407520
v -0.03501583 -0.05037994 -0.01839169
v 0.00366338 -0.28303885 0.00992752
v 0.01700842 -0.28303871 0.00992743
v 0.00353979 -0.28159949 0.01056870
v -0.00003659 -0.27343312 0.01420568
v -0.00361307 -0.28159949 0.01056872
v -0.01708167 -0.28303874 0.00992742
v -0.00373662 -0.28303882 0.00992754
v -0.01720015 -0.27816784 0.01209488
v -0.01731781 -0.27251440 0.01461334
v -0.00003662 -0.26872531 0.01605674
v -0.01737897 -0.26796114 0.01627059
v 0.01730166 -0.26851583 0.01612279
v 0.01731990 -0.26334029 0.01708760
v 0.00246399 -0.26334035 0.01708767
v 0.01723354 -0.27310959 0.01435233
v -0.01739315 -0.26334041 0.01708755
v 0.01692222 0.03864376 0.00771929
v 0.01692221 0.03938707 -0.00025913
v 0.01692221 0.03849830 -0.00822267
v 0.01692221 0.03601431 -0.01584091
v 0.01692221 0.03203817 -0.02279778
v 0.01692221 0.02673484 -0.02880465
v 0.01692221 0.02032435 -0.03361230
v 0.01692221 0.01307268 -0.03702126
v 0.01692222 0.00528068 -0.03889010
v 0.01692222 -0.00272835 -0.03914127
v 0.01692222 -0.01062214 -0.03776437
v 0.01751482 -0.01078442 -0.03834014
v 0.01748933 -0.01223190 -0.03789207
v 0.01714715 -0.01216138 -0.03767393
v 0.01751482 -0.00277060 -0.03973798
v 0.01751482 0.00536023 -0.03948298
v 0.01751482 0.01327072 -0.03758573
v 0.01751482 0.02714062 -0.02924418
v 0.01751482 0.02063266 -0.03412493
v 0.01751482 0.03252460 -0.02314597
v 0.01751482 0.03656120 -0.01608331
v 0.01751482 0.03908296 -0.00834922
v 0.01751482 0.03998525 -0.00026459
v 0.01751483 0.03923063 0.00783515
v 0.01751482 0.03685042 0.01561397
v 0.01751483 0.03294336 0.02274911
v 0.01751482 0.02767156 0.02894455
v 0.01751482 0.02125374 0.03394324
v 0.01692222 0.02093613 0.03343632
v 0.01692221 0.02725782 0.02851250
v 0.01692221 0.03245066 0.02240986
v 0.01692222 0.03629919 0.01538159
v 0.01692675 -0.01205471 -0.03734399
v 0.01715249 -0.01072103 -0.03811521
v 0.01715248 -0.00275409 -0.03950488
v 0.01715249 0.00532916 -0.03925138
v 0.01715248 0.01319335 -0.03736522
v 0.01715249 0.02051222 -0.03392468
v 0.01715249 0.02698211 -0.02907248
v 0.01715249 0.03233458 -0.02300995
v 0.01715249 0.03634756 -0.01598861
v 0.01715249 0.03885456 -0.00829978
v 0.01715249 0.03975157 -0.00026246
v 0.01715249 0.03900137 0.00778989
v 0.01715248 0.03663508 0.01552319
v 0.01715248 0.03275089 0.02261658
v 0.01715248 0.02750993 0.02877577
v 0.01715249 0.02112966 0.03374521
v -0.03458541 -0.05050727 -0.00092487
v -0.03458413 -0.04998462 0.00772780
v -0.03491846 -0.05071947 -0.00092528
v -0.03481885 -0.05015382 0.00773697
v -0.03514342 -0.05104403 -0.00092925
v -0.03503751 -0.05046436 0.00776888
v -0.02600678 -0.16017663 0.02934579
v -0.02728578 -0.15615155 0.02942770
v -0.02794047 -0.15203014 0.02951157
v -0.00497764 -0.05158991 -0.01792470
v -0.00928816 -0.05222011 -0.01820527
v -0.01151899 -0.05159755 -0.01845251
v -0.01395310 -0.05164375 -0.01883748
v 0.00166619 -0.05226797 -0.01811700
v 0.00164711 -0.05226694 -0.01811698
v 0.00166547 -0.05174972 -0.01810640
v -0.00003663 -0.05222428 -0.01800015
v -0.00579874 -0.05222499 -0.01796541
v -0.03203868 -0.05094722 -0.02186788
v -0.03179225 -0.05206710 -0.02480532
v -0.03197235 -0.05213398 -0.02504942
v 0.01196612 -0.05404334 -0.02205203
v 0.01318318 -0.05249972 -0.02023728
v 0.00923047 -0.05289717 -0.02031399
v 0.00759454 -0.05246286 -0.01954677
v 0.00418555 -0.05192303 -0.01848228
v -0.00059522 -0.05118298 -0.01701405
v -0.01197391 -0.05094677 -0.01709568
v -0.02094704 -0.05064386 -0.01748621
v -0.01781377 -0.05163064 -0.01940906
v -0.02483909 -0.05159426 -0.02093711
v -0.02205674 -0.05060792 -0.01757895
v -0.02751525 -0.05045514 -0.01831831
v -0.02499227 -0.05159254 -0.02097672
v -0.02750014 -0.05157499 -0.02176363
v -0.03212328 -0.05035790 -0.01954623
v -0.02995824 -0.05155481 -0.02269417
v -0.02998948 -0.05155453 -0.02270714
v -0.03054143 -0.05159463 -0.02305809
v -0.03302085 -0.05337058 -0.02729124
v -0.03306781 -0.05180059 -0.02424414
v -0.03324255 -0.05011863 -0.01824263
v -0.03268404 -0.05023392 -0.01889526
v -0.03274335 -0.05015301 -0.01845991
v -0.03240140 -0.05020293 -0.01875445
v -0.03218568 -0.05027672 -0.01915003
v -0.03333979 -0.05477515 -0.02916598
v -0.03334156 -0.05693581 -0.03122174
v -0.03334264 -0.05856669 -0.03234703
v -0.03334489 -0.06179729 -0.03387556
v -0.03334565 -0.06367036 -0.03445940
v -0.03334609 -0.06464626 -0.03470002
v -0.03334666 -0.06616551 -0.03500257
v -0.03334796 -0.07067193 -0.03547808
v -0.03334879 -0.07351432 -0.03552974
v -0.03335154 -0.08106861 -0.03505259
v 0.02890461 -0.07075418 -0.03542863
v 0.03162211 -0.08032367 -0.03491610
v 0.03074738 -0.07540029 -0.03541578
v 0.03109033 -0.07532957 -0.03563447
v 0.02905362 -0.07129798 -0.03502040
v 0.02684359 -0.06695274 -0.03528960
v 0.03051674 -0.07543192 -0.03507498
v 0.03138553 -0.08030789 -0.03457373
v 0.03062450 -0.07617474 -0.03463548
v 0.03138796 -0.08122352 -0.03408147
v 0.03183420 -0.08425043 -0.03446280
v 0.03152887 -0.08257765 -0.03428757
v 0.03197682 -0.08031368 -0.03513413
v 0.03212508 -0.08458288 -0.03458113
v 0.03192700 -0.08430868 -0.03452134
v 0.03210006 -0.07831093 -0.03540799
v 0.03085924 -0.07320490 -0.03585655
v 0.02912676 -0.07067931 -0.03576987
v 0.02945399 -0.07054919 -0.03598753
v 0.02883968 -0.06835192 -0.03616590
v 0.03436290 -0.02648445 0.01472997
v 0.03436290 -0.02757534 0.01526822
v 0.03436291 -0.02966399 0.01056500
v 0.03436291 -0.02986163 0.00493893
v 0.03436291 -0.03099814 0.00550378
v 0.03436291 -0.03146853 0.00039111
v 0.03436291 -0.02974400 -0.00541752
v 0.03436290 -0.03108401 -0.00473221
v 0.03436290 -0.02969750 -0.00566295
v 0.03436291 -0.02986204 -0.00982454
v 0.03436290 -0.02614529 -0.01512932
v 0.03436291 -0.02785125 -0.01457034
v 0.03436290 -0.02598696 -0.01539845
v 0.03436291 -0.02000705 0.02281162
v 0.03436290 -0.01259018 0.02896226
v 0.03436377 -0.00763126 0.03064933
v 0.03436290 -0.01711384 0.02652612
v 0.03436290 -0.02118522 0.02336591
v 0.03436291 -0.02474591 0.01954712
v 0.03436304 -0.02493725 -0.01912274
v 0.03436399 -0.02419299 -0.02001343
v 0.03436290 -0.01948598 -0.02306175
v 0.03436352 -0.02263225 -0.02160455
v 0.03436303 -0.02095352 -0.02331594
v 0.03436290 0.02502630 -0.01906314
v 0.03436290 0.02418398 -0.01821998
v 0.03436290 -0.00036456 -0.03019738
v 0.03436290 -0.00036634 -0.03139816
v 0.03436290 0.00013502 -0.03020008
v 0.03436291 0.00986340 -0.02856684
v 0.03436290 0.00066073 0.03159463
v 0.03435822 -0.00011910 0.03159973
v 0.03436291 -0.00161291 0.03035416
v 0.03436290 -0.00524852 0.03115189
v 0.03435927 -0.00732678 0.03072412
v 0.03436301 -0.02090498 -0.02336543
v 0.03436291 -0.02055179 -0.02372550
v 0.03436291 -0.01919807 -0.02330155
v 0.03436290 -0.01636842 -0.02678142
v 0.03436291 -0.01054415 -0.02828798
v 0.03436291 -0.01176506 -0.02910028
v 0.03436291 -0.01013350 -0.02843786
v 0.03436264 -0.01020090 -0.02968545
v 0.03436290 -0.00522841 -0.03095786
v 0.03436290 0.01703537 0.02519100
v 0.03436291 0.02415792 0.01845385
v 0.03436290 0.02877018 -0.00955472
v 0.03436291 0.00555276 0.03112936
v 0.03436290 0.00813446 0.02930121
v 0.03436290 0.00778820 0.03065152
v 0.03436291 0.01050900 0.02982610
v 0.03436290 0.03034944 0.00012133
v 0.03436290 0.02875643 0.00979512
v 0.03436291 0.02261732 -0.02171169
v -0.03518543 -0.05078722 -0.00835186
v -0.03467433 -0.05035377 -0.00834878
v -0.03468186 -0.05035665 -0.00834875
v -0.03485454 -0.05044363 -0.00834859
v -0.03501196 -0.05056670 -0.00834933
v -0.03427250 -0.05036456 -0.00463956
v -0.03431971 -0.05028902 -0.00835141
v -0.03440292 -0.05029243 -0.00835055
v -0.03434623 -0.05019233 -0.01310221
v -0.03431403 -0.05009566 -0.01785296
v -0.00373662 -0.28846338 0.00915378
v -0.00373662 -0.28668931 0.00907048
v -0.00823662 -0.28846338 0.00915379
v -0.01703774 -0.28755513 0.00907158
v -0.00823663 -0.29039887 0.00961826
v -0.01708273 -0.29039887 0.00961824
v -0.00373662 -0.28495574 0.00929628
v -0.01704637 -0.28482446 0.00932616
v -0.01703473 -0.28668872 0.00907053
v 0.00346337 -0.28171808 0.01038189
v -0.00353663 -0.28171808 0.01038194
v 0.00346338 -0.28133321 -0.00853006
v -0.00353663 -0.28133321 -0.00853006
v 0.00362549 -0.28131026 -0.00965713
v 0.00376068 -0.28130242 -0.01004314
v -0.00400860 -0.28129485 -0.01041476
v 0.00457448 -0.28127691 -0.01129630
v -0.00470819 -0.28127566 -0.01135809
v -0.00527170 -0.28126612 -0.01182659
v -0.00602332 -0.28125787 -0.01223223
v -0.00629459 -0.28125584 -0.01233180
v 0.00622135 -0.28125584 -0.01233181
v -0.02490151 -0.16395527 0.02926889
v -0.02492361 -0.16405310 0.03952071
v 0.02484945 -0.16384433 0.02927115
v -0.03438366 -0.11529703 -0.02667015
v -0.03507515 -0.11542992 -0.02563833
v -0.03486513 -0.10491185 -0.02909726
v -0.03475058 -0.09948860 -0.03058195
v -0.03463185 -0.09952675 -0.03100882
v -0.03465341 -0.09425244 -0.03180705
v -0.03495461 -0.11526341 -0.02614640
v -0.03472265 -0.11529489 -0.02646597
v -0.03405974 -0.09955230 -0.03152756
v -0.03385062 -0.08345681 -0.03466563
v -0.03439904 -0.09954823 -0.03132648
v -0.03418730 -0.08344887 -0.03445993
v -0.03441631 -0.08343574 -0.03413956
v -0.03453151 -0.08341756 -0.03370975
v -0.03270152 -0.15826653 -0.00703171
v -0.03498641 -0.13695613 -0.01569009
v -0.03570045 -0.10380503 -0.01897963
v -0.03539763 -0.08295459 -0.02299378
v -0.03555495 -0.12526767 -0.01038899
v -0.03548913 -0.12461200 -0.00413272
v -0.03573181 -0.11534932 -0.00524272
v -0.03581747 -0.08233169 -0.00833947
v -0.03588642 -0.09727720 -0.00732215
v -0.03568185 -0.11487319 -0.01790202
v -0.03548941 -0.12592693 -0.01680915
v -0.03506969 -0.13631305 -0.00928344
v -0.03416953 -0.14732353 -0.00816788
v -0.03411883 -0.14676633 -0.00283466
v -0.03463150 -0.14057684 -0.00295740
v -0.03530608 -0.12922226 -0.00367751
v 0.03401386 -0.08708410 -0.03401864
v 0.03380049 -0.08527410 -0.03439984
v 0.03413399 -0.08526710 -0.03419916
v 0.03381108 -0.08708688 -0.03411803
v 0.03449407 -0.08341813 -0.03370956
v 0.03451569 -0.08704223 -0.03316631
v 0.03435696 -0.08525413 -0.03390906
v 0.03433944 -0.08706923 -0.03368204
v 0.03414561 -0.08708032 -0.03392017
v 0.03387577 -0.08345516 -0.03462444
v 0.03411288 -0.08344938 -0.03447245
v 0.03424373 -0.08344377 -0.03433344
v 0.03433146 -0.08343827 -0.03420052
v 0.02924692 -0.02714079 -0.03214139
v 0.03016732 -0.02685986 -0.03100239
v 0.02867253 -0.03412200 -0.03232084
v 0.03436916 -0.02833707 -0.01603297
v 0.03409183 -0.02853636 -0.01953663
v 0.03336325 -0.06036622 -0.02770096
v 0.03305460 -0.04270585 -0.02200011
v 0.03475913 -0.06053879 -0.01981612
v 0.03445300 -0.04234760 -0.01501810
v 0.03530993 -0.06068046 -0.01421900
v 0.03489852 -0.04259608 -0.00820688
v 0.03522038 -0.05044050 -0.00834531
v 0.03548477 -0.06081668 -0.00854745
v 0.03545215 -0.06075421 -0.01122329
v 0.03447643 -0.03324245 -0.01073992
v 0.03457286 -0.03580509 -0.00927527
v 0.03471315 -0.03884891 -0.00842080
v 0.03332623 -0.02875515 -0.02300280
v 0.03431160 -0.02443531 -0.02100839
v 0.03238476 -0.02598470 -0.02742288
v 0.03364033 -0.02521524 -0.02423971
v 0.03392302 -0.02497364 -0.02322960
v 0.02688490 -0.02774776 -0.03459518
v 0.02628869 -0.02788115 -0.03513998
v 0.02704367 -0.03609769 -0.03505211
v 0.02821736 -0.04426136 -0.03514485
v 0.03091797 -0.04317442 -0.02883877
v 0.03125059 -0.06017078 -0.03523806
v 0.03188854 -0.02621759 -0.02837843
v 0.03036680 -0.03383672 -0.02920144
v 0.03293732 -0.03333596 -0.02253667
v 0.03127236 -0.06027932 -0.03523674
v 0.03427061 -0.03296453 -0.01561497
v 0.03439777 -0.03013596 -0.01339760
v 0.01773579 -0.23963912 0.02015204
v 0.01835134 -0.26106092 0.01724407
v 0.01897740 -0.26107806 0.01692125
v 0.01964692 -0.26105180 0.01581319
v 0.01970896 -0.26481959 0.01435273
v 0.01975474 -0.24910179 0.01640745
v 0.01939569 -0.26107475 0.01645097
v 0.01916255 -0.28301388 0.00868258
v 0.01933150 -0.28298479 0.00726335
v 0.01955192 -0.27489832 0.01082495
v 0.01865567 -0.28302881 0.00942086
v 0.01886030 -0.28302470 0.00921203
v 0.01925995 -0.27491817 0.01252476
v 0.01949846 -0.27488357 0.01184123
v 0.01967090 -0.26918545 0.01329051
v 0.01885181 -0.27493227 0.01303183
v 0.01822633 -0.27492517 0.01338811
v 0.01787714 -0.28303671 0.00982045
v 0.01833454 -0.26796445 0.01612576
v 0.01895933 -0.26798078 0.01579284
v 0.01937462 -0.26797330 0.01531118
v 0.01962125 -0.26794288 0.01465890
v -0.01982493 -0.25024056 0.01626106
v -0.01979362 -0.26144007 0.01482249
v -0.01972017 -0.26105058 0.01581339
v -0.01957175 -0.27488202 0.01184198
v -0.01970243 -0.27145064 0.01235978
v -0.01940462 -0.28298241 0.00726209
v -0.01740758 -0.25903890 0.01764381
v -0.01842453 -0.26105967 0.01724425
v -0.01809414 -0.28303581 0.00977601
v -0.01829955 -0.27492362 0.01338883
v -0.01833063 -0.28303391 0.00967890
v -0.01892506 -0.27493072 0.01303256
v -0.01874126 -0.28302851 0.00941022
v -0.01933321 -0.27491665 0.01252549
v -0.01937085 -0.28300431 0.00817320
v -0.01935163 -0.28300607 0.00827827
v -0.01900079 -0.28302285 0.00912470
v -0.01980023 -0.23778939 0.01871247
v -0.01946893 -0.26107353 0.01645117
v -0.01960373 -0.23779339 0.01938215
v -0.01941119 -0.23779535 0.01971450
v -0.01905061 -0.26107681 0.01692144
v -0.01931960 -0.23779602 0.01982850
v -0.01908661 -0.23779729 0.02004367
v -0.01878704 -0.23779833 0.02021872
v -0.01831734 -0.23779914 0.02035644
v -0.01788525 -0.23779938 0.02039019
v -0.01976813 -0.26710755 0.01390503
v -0.01969451 -0.26794171 0.01465927
v -0.01944786 -0.26797214 0.01531153
v -0.01903255 -0.26797959 0.01579319
v -0.01840772 -0.26796326 0.01612608
v -0.03563049 -0.06566908 -0.00861292
v 0.03563348 -0.07157886 -0.00861004
v 0.03541337 -0.07794059 -0.02169892
v 0.03529140 -0.08302929 -0.02517135
v 0.03574616 -0.08236989 -0.00929228
v 0.03518023 -0.07211204 -0.02199868
v 0.03574430 -0.08233168 -0.00833946
v 0.03450925 -0.07197383 -0.02858240
v 0.03436364 -0.07967266 -0.03417081
v 0.03334223 -0.07121129 -0.03487654
v 0.03291945 -0.07355492 -0.03568279
v 0.03328504 -0.07354508 -0.03548649
v 0.03071614 -0.05877209 -0.03572651
v 0.02798351 -0.04433105 -0.03558709
v 0.02784169 -0.04432949 -0.03576850
v 0.03045100 -0.05877246 -0.03597926
v 0.02767036 -0.04432547 -0.03590336
v 0.03200718 -0.07082384 -0.03592298
v 0.02972463 -0.05925529 -0.03621823
v 0.03005722 -0.05878777 -0.03615828
v 0.02936896 -0.05753709 -0.03622473
v 0.02764978 -0.04432522 -0.03591465
v 0.02753380 -0.04432442 -0.03596343
v 0.02673180 -0.04432408 -0.03602548
v 0.03244799 -0.07357351 -0.03575829
v 0.03310182 -0.07885403 -0.03530373
v 0.03351442 -0.07353976 -0.03522005
v 0.03460126 -0.09412858 -0.03182996
v 0.03479375 -0.10449588 -0.02921537
v 0.03462418 -0.10291526 -0.03011322
v 0.03500209 -0.11513690 -0.02573444
v 0.03439031 -0.10293777 -0.03042220
v 0.03405930 -0.10294061 -0.03061708
v 0.03435975 -0.11868127 -0.02541857
v 0.03468749 -0.11867944 -0.02521857
v 0.03491727 -0.11864761 -0.02490758
v 0.03521171 -0.10443153 -0.02536350
v 0.03564096 -0.10380730 -0.01898153
v 0.03581269 -0.09800096 -0.00725376
v 0.03558216 -0.11892512 -0.00478952
v 0.03433299 -0.14346530 -0.00287680
v 0.03409665 -0.14732459 -0.00816976
v 0.03510115 -0.13194175 -0.00344789
v 0.03499771 -0.13631426 -0.00928465
v 0.03548420 -0.12526919 -0.01038967
v 0.03542085 -0.12592816 -0.01681073
v 0.03491462 -0.13695699 -0.01569201
v 0.03262813 -0.15826739 -0.00703420
v 0.01776832 -0.05687074 -0.03058354
v 0.01716866 -0.05523161 -0.02908131
v 0.01732345 -0.05580178 -0.03061558
v 0.01708860 -0.05484828 -0.02872818
v 0.01687428 -0.05264039 -0.03054186
v 0.01686291 -0.05189654 -0.03051488
v 0.01834822 -0.05772967 -0.03530330
v 0.01841787 -0.05784341 -0.03139616
v 0.01833110 -0.05771381 -0.03530304
v 0.01839983 -0.05782680 -0.03139588
v 0.01756062 -0.05648071 -0.03528278
v 0.01728215 -0.05575656 -0.03527066
v 0.01687778 -0.05295445 -0.03520673
v 0.01686291 -0.05180774 -0.03518093
v 0.01939356 -0.05734026 -0.03631125
v 0.01913167 -0.05714748 -0.03629969
v 0.01885674 -0.05677449 -0.03628578
v 0.01786284 -0.04432419 -0.03602500
v 0.01783949 -0.05178905 -0.03618045
v 0.01803018 -0.05475581 -0.03623273
v 0.01884075 -0.05745210 -0.03619827
v 0.01853499 -0.05780992 -0.03572642
v 0.01861235 -0.05771460 -0.03592157
v 0.01923358 -0.05805748 -0.03606114
v 0.01866371 -0.05765339 -0.03600974
v 0.01786540 -0.01685080 -0.03687151
v 0.01786564 -0.02160317 -0.03621926
v 0.01749129 -0.02159575 -0.03614804
v 0.01749113 -0.01683838 -0.03680092
v 0.01714800 -0.01679866 -0.03657529
v 0.01692694 -0.01673848 -0.03623341
v 0.01686326 -0.01693910 -0.03582065
v 0.01692293 -0.03120679 -0.03510964
v 0.01686290 -0.03121347 -0.03476846
v 0.01686323 -0.02490482 -0.03493119
v 0.01714809 -0.02157202 -0.03592018
v 0.01692695 -0.02153607 -0.03557487
v 0.01715579 -0.03119964 -0.03547543
v 0.01752165 -0.03119509 -0.03570825
v 0.01786290 -0.03119391 -0.03576827
v 0.01686291 -0.04434371 -0.03502519
v 0.01687981 -0.04434014 -0.03520828
v 0.01715579 -0.04432990 -0.03573215
v 0.01715225 -0.04432997 -0.03572859
v 0.01703826 -0.04433266 -0.03559071
v 0.01692294 -0.04433705 -0.03536636
v 0.01739449 -0.04432646 -0.03590852
v 0.01775057 -0.05178916 -0.03617439
v 0.01747575 -0.05179046 -0.03610275
v 0.01730312 -0.05179219 -0.03600940
v 0.01714416 -0.05179467 -0.03587605
v 0.01698218 -0.05179881 -0.03565447
v 0.01686291 -0.04807569 -0.03510440
v 0.01693302 -0.05180079 -0.03554870
v 0.02557768 -0.02163800 -0.03600884
v 0.02602165 -0.02140058 -0.03588058
v 0.02581092 -0.02641473 -0.03551392
v 0.02617911 -0.03121116 -0.03536079
v 0.02695438 -0.03778199 -0.03544801
v 0.02580482 -0.01385202 -0.03746213
v 0.02597884 -0.02008707 -0.03610130
v 0.02510428 -0.02165759 -0.03612317
v 0.02391931 -0.01737018 -0.03678159
v 0.02481274 -0.01365532 -0.03754859
v 0.02579141 -0.01224767 -0.03793576
v 0.02412084 -0.02165349 -0.03621274
v 0.02659882 -0.03780113 -0.03572020
v 0.02432599 -0.02501160 -0.03593161
v 0.02578285 -0.03123703 -0.03559405
v 0.02484034 -0.03119384 -0.03576840
v 0.02665233 -0.04386761 -0.03601606
v 0.02135162 -0.03119388 -0.03576827
v 0.01900464 -0.03119390 -0.03576827
v 0.01875656 -0.01381136 -0.03751411
v 0.01882707 -0.02164536 -0.03621269
v 0.02097964 -0.02164781 -0.03621026
v 0.02083169 -0.01381199 -0.03751349
v 0.03203807 -0.00553149 -0.03720333
v 0.02910423 -0.01211361 -0.03737732
v 0.02579135 -0.01067363 -0.03840778
v 0.02909815 -0.00571993 -0.03886779
v 0.03066350 -0.00564318 -0.03819405
v 0.03142476 -0.01183190 -0.03625385
v 0.03408843 -0.01082587 -0.03218523
v 0.02579185 -0.00497294 -0.03955623
v 0.03424416 -0.00503267 -0.03272934
v 0.03384898 -0.00521628 -0.03438191
v 0.03311911 -0.00538632 -0.03590712
v 0.03311140 -0.01140254 -0.03450753
v 0.02946546 -0.02371415 -0.03304331
v 0.03306527 -0.01891741 -0.03093890
v 0.03393028 -0.01831381 -0.02890397
v 0.03433219 -0.01766330 -0.02681090
v 0.03436243 -0.02096276 -0.02334527
v 0.03167342 -0.01942084 -0.03278162
v 0.02984087 -0.01978022 -0.03429109
v 0.01766982 -0.05471880 -0.03615601
v 0.01734140 -0.05478104 -0.03593038
v 0.01712759 -0.05482519 -0.03559032
v 0.01761759 -0.05644432 -0.03562329
v 0.01838996 -0.05774613 -0.03550909
v 0.01781215 -0.05634350 -0.03596304
v 0.03406291 0.01684005 0.02496092
v 0.03406290 0.01549925 0.02581562
v 0.03406291 -0.01003268 -0.02815531
v 0.03406290 -0.01540036 -0.02561603
v 0.03406291 -0.01708582 -0.02452504
v 0.03406290 -0.02572917 -0.01524500
v 0.03406291 -0.02396189 -0.01788508
v 0.03406291 -0.02326395 -0.01878103
v 0.03406291 -0.01900750 -0.02306985
v 0.03406291 -0.02831561 -0.00966872
v 0.03406291 -0.02840029 -0.00941926
v 0.03406291 -0.02795852 0.01084938
v 0.03406291 -0.02864976 0.00883796
v 0.03406291 -0.02959454 0.00470782
v 0.03406290 -0.02994601 0.00062181
v 0.03406291 -0.02995043 0.00001295
v 0.03406291 -0.02940298 -0.00560589
v 0.03406290 -0.01985477 0.02254578
v 0.03406291 -0.02259286 0.01978039
v 0.03406291 -0.02481168 0.01689040
v 0.03406290 -0.02628123 0.01447670
v 0.03406290 -0.01877553 0.02345831
v 0.03406290 -0.01449620 0.02633763
v 0.03406291 -0.00464512 0.02973020
v 0.03406290 -0.01107499 0.02796100
v 0.03406290 0.00803336 0.02901791
v 0.03406290 0.00577219 0.02954891
v 0.03406290 -0.00160735 0.03005401
v 0.03406290 0.02336285 0.01898062
v 0.03406290 0.02389274 0.01830687
v 0.03406291 0.02845468 0.00975084
v 0.03406291 0.03004932 0.00018664
v 0.03406291 0.03004490 -0.00042222
v 0.03406290 0.02850177 -0.00941152
v 0.03406291 0.02805742 -0.01064979
v 0.03406291 0.02396611 -0.01801079
v 0.03406290 0.02269175 -0.01958080
v 0.03406291 0.01872637 -0.02337727
v 0.03406290 0.01459510 -0.02613804
v 0.03406291 -0.00847015 -0.02866505
v 0.03406290 -0.00567330 -0.02934932
v 0.03406290 0.00013418 -0.02990009
v 0.03406290 0.00101044 -0.02988481
v 0.03406291 0.00474402 -0.02953061
v 0.03406290 0.01039348 -0.02806048
v -0.01747291 -0.31199190 -0.00024510
v -0.01712104 -0.31212702 -0.00024752
v -0.01738877 -0.31196785 0.00192332
v -0.01845089 -0.30176178 0.01195831
v -0.01906312 -0.30171406 0.01161218
v -0.01873505 -0.30580068 0.01040037
v -0.01852338 -0.31074128 -0.00022061
v -0.01874471 -0.30974522 0.00056418
v -0.01861104 -0.31036797 -0.00021364
v -0.01866211 -0.30976066 -0.00019869
v -0.01903654 -0.30920464 0.00325135
v -0.01892870 -0.31018135 0.00359944
v -0.01926581 -0.30812716 0.00541049
v -0.01928172 -0.30826923 0.00695669
v -0.01935601 -0.30746657 0.00628920
v -0.01952649 -0.30161804 0.01093472
v -0.01965393 -0.30143142 0.00965148
v -0.01958411 -0.30348036 0.01018566
v -0.01959569 -0.30415675 0.00883222
v -0.01951808 -0.30526900 0.00941044
v -0.01947794 -0.30621654 0.00752654
v -0.01830173 -0.30589524 0.01057395
v -0.01835595 -0.30176592 0.01198917
v -0.01828744 -0.30176854 0.01200878
v -0.01805384 -0.30925751 0.00779915
v -0.01786388 -0.31051055 0.00601106
v -0.01763920 -0.31142312 0.00403075
v -0.01800075 -0.31162521 -0.00023799
v -0.01823478 -0.31148115 0.00184545
v -0.01820328 -0.31139132 -0.00023347
v -0.01848676 -0.30910757 0.00766997
v -0.01884640 -0.30888918 0.00748247
v -0.01866706 -0.31009045 0.00576742
v -0.01919033 -0.30169675 0.01148867
v -0.01916182 -0.30374214 0.01099394
v -0.01909638 -0.30566236 0.01014044
v -0.01846014 -0.31096271 0.00386778
v 0.01889972 -0.30939016 0.00266341
v 0.01884648 -0.31021085 0.00353420
v 0.01858903 -0.30975989 -0.00019691
v 0.01831234 -0.31109005 -0.00022575
v 0.01753970 -0.31145582 0.00395773
v 0.01703010 -0.31213233 -0.00024572
v 0.01704900 -0.31212676 -0.00024562
v 0.01691640 -0.31216273 -0.00024633
v 0.01795934 -0.30929738 0.00776200
v 0.01821064 -0.30592230 0.01056565
v 0.01826235 -0.30391011 0.01146863
v 0.01870590 -0.30384973 0.01128389
v 0.01859770 -0.30174989 0.01186764
v 0.01826569 -0.30176681 0.01199419
v 0.01908036 -0.30375841 0.01099771
v 0.01923360 -0.30167773 0.01134635
v 0.01911027 -0.30169865 0.01149587
v 0.01928169 -0.30551025 0.00979701
v 0.01944242 -0.30529448 0.00940360
v 0.01955827 -0.30156308 0.01054287
v 0.01952002 -0.30158880 0.01072144
v 0.01958061 -0.30143282 0.00965141
v 0.01953186 -0.30390292 0.00894702
v 0.01949514 -0.30477786 0.00851229
v 0.01939573 -0.30632773 0.00743295
v 0.01920323 -0.30830580 0.00692371
v 0.01917833 -0.30821609 0.00527377
v 0.01890752 -0.30743542 0.00893731
v 0.01901429 -0.30569068 0.01013492
v 0.01810892 -0.30773899 0.00931554
v 0.01839705 -0.30914894 0.00763416
v 0.01876126 -0.30893055 0.00744797
v 0.01798961 -0.31127244 0.00389174
v 0.01781715 -0.31172523 -0.00023803
v 0.01792836 -0.31162465 -0.00023609
v 0.01837048 -0.31099737 0.00379770
v 0.01903233 -0.30864593 0.00720742
v 0.01929265 -0.28499645 0.00674523
v 0.01932630 -0.29114726 0.00723840
v 0.01927793 -0.28797799 0.00659852
v 0.01917132 -0.29073021 0.00846967
v 0.01920948 -0.28690785 0.00756144
v 0.01878637 -0.28869617 0.00853294
v 0.01877863 -0.28677899 0.00840982
v 0.01796806 -0.28670630 0.00892238
v 0.01805497 -0.29042053 0.00946385
v 0.01868241 -0.29051709 0.00913036
v 0.01881589 -0.29055476 0.00900970
v 0.01882535 -0.29055780 0.00900009
v 0.01697464 -0.28490779 0.00930698
v 0.01696147 -0.28668880 0.00907050
v 0.01696269 -0.28757015 0.00907228
v 0.01787662 -0.29040793 0.00951574
v 0.01796782 -0.28858823 0.00902841
v 0.01798545 -0.28483477 0.00917360
v 0.01843229 -0.28484833 0.00895873
v 0.01880302 -0.28486851 0.00863732
v 0.01700946 -0.29039887 0.00961824
v -0.01935376 -0.28617132 0.00660069
v -0.01850625 -0.28484890 0.00895810
v -0.01887698 -0.28486922 0.00863627
v -0.01885262 -0.28677997 0.00840883
v -0.01805926 -0.28483510 0.00917332
v -0.01804188 -0.28670684 0.00892213
v -0.01804167 -0.28858861 0.00902827
v -0.01889667 -0.29055727 0.00900209
v -0.01836800 -0.29044601 0.00936949
v -0.01805894 -0.29041508 0.00948566
v -0.01936402 -0.29086626 0.00806394
v -0.01931773 -0.29080060 0.00825913
v -0.01928310 -0.28690863 0.00755964
v -0.01902506 -0.29060465 0.00885371
v -0.01886040 -0.28869689 0.00853219
v -0.01936014 -0.28911367 0.00673111
v -0.01939953 -0.29114786 0.00723787
v -0.01731768 -0.29738331 0.01195063
v -0.01834507 -0.29590267 0.01136170
v -0.01738132 -0.30039924 0.01223377
v -0.01738022 -0.30031243 0.01223617
v -0.01842478 -0.29878643 0.01201472
v -0.01916589 -0.29871297 0.01153329
v -0.01957165 -0.29868498 0.01074813
v -0.01964411 -0.29929817 0.00972638
v -0.01955942 -0.29618245 0.00899602
v -0.01949081 -0.29591486 0.01005122
v -0.01908585 -0.29585192 0.01085098
v 0.01846312 -0.30967057 -0.00136491
v 0.01673275 -0.31164542 -0.00335308
v 0.01821123 -0.30901012 -0.00377629
v 0.01777517 -0.29976124 -0.00994645
v 0.01776022 -0.30295816 -0.00930227
v 0.01753328 -0.30496153 -0.00962630
v 0.01782486 -0.30551231 -0.00807755
v 0.01765088 -0.30732831 -0.00796675
v 0.01797609 -0.30754450 -0.00621890
v 0.01785432 -0.30916256 -0.00573093
v 0.01812783 -0.31033295 -0.00308229
v 0.01753090 -0.29939675 -0.01105404
v 0.01778597 -0.29905266 -0.01001667
v 0.01693481 -0.29969713 -0.01184741
v 0.01604105 -0.29988948 -0.01229685
v 0.01610858 -0.30589470 -0.01057906
v 0.01624037 -0.30842125 -0.00870330
v 0.01645463 -0.31038278 -0.00623825
v 0.01759765 -0.31115723 -0.00325771
v 0.01731264 -0.30992246 -0.00605850
v 0.01709746 -0.30800337 -0.00843927
v 0.01696867 -0.30553350 -0.01023397
v 0.01692742 -0.30269468 -0.01132772
v 0.01605922 -0.30297863 -0.01174201
v -0.01679091 -0.31165007 -0.00335386
v -0.01785948 -0.30448252 -0.00868569
v -0.01785329 -0.30423218 -0.00880417
v -0.01761199 -0.30495247 -0.00961627
v -0.01783277 -0.30132139 -0.00971188
v -0.01789462 -0.29722801 -0.01012064
v -0.01760986 -0.29939198 -0.01104115
v -0.01795390 -0.30647111 -0.00733676
v -0.01820572 -0.31032011 -0.00307931
v -0.01772940 -0.30731758 -0.00795889
v -0.01793257 -0.30915058 -0.00572543
v -0.01812235 -0.30812767 -0.00542758
v -0.01840013 -0.30940396 -0.00265264
v -0.01651279 -0.31038737 -0.00623983
v -0.01629849 -0.30842561 -0.00870572
v -0.01616668 -0.30589858 -0.01058232
v -0.01609880 -0.29989159 -0.01230114
v -0.01611726 -0.30298170 -0.01174599
v -0.01700739 -0.29969740 -0.01184797
v -0.01767028 -0.31115785 -0.00325777
v -0.01738526 -0.30992305 -0.00605868
v -0.01717009 -0.30800387 -0.00843956
v -0.01704129 -0.30553398 -0.01023437
v -0.01700002 -0.30269501 -0.01132822
v -0.00823694 -0.29594243 0.01153896
v -0.01276113 -0.29596740 0.01154790
v -0.00823693 -0.29596785 0.01154744
v -0.00823681 -0.29885590 0.01217927
v -0.01281204 -0.30039981 0.01223412
v -0.00823647 -0.30120119 0.01218402
v 0.01728310 -0.29889446 0.01218373
v 0.01271245 -0.29748049 0.01197292
v 0.00816424 -0.29840153 0.01212874
v 0.01081662 -0.29748049 0.01197247
v 0.00816370 -0.29733744 0.01194050
v 0.01075125 -0.29188225 0.01013141
v 0.00816333 -0.29094741 0.00980812
v 0.00816337 -0.29039887 0.00961826
v 0.01724783 -0.29748043 0.01197227
v 0.01717056 -0.29522538 0.01129128
v 0.01261865 -0.29188228 0.01013153
v 0.01259622 -0.29039887 0.00961825
v 0.00366338 -0.28495574 0.00929628
v 0.00366337 -0.28668928 0.00907048
v 0.01957886 -0.29997769 0.00975715
v 0.01957386 -0.29950517 0.00974225
v 0.01949687 -0.29868707 0.01075462
v 0.01954497 -0.29797477 0.00954367
v 0.01951534 -0.29700676 0.00927832
v 0.01941599 -0.29591465 0.01005758
v 0.01944889 -0.29511493 0.00861929
v 0.01957974 -0.30009466 0.00975687
v 0.01957951 -0.30006340 0.00975699
v 0.01957950 -0.30006030 0.00975700
v 0.01908528 -0.29871511 0.01154162
v 0.01833430 -0.29878828 0.01202095
v 0.01825452 -0.29590431 0.01136820
v 0.01900521 -0.29585257 0.01085941
v -0.00383663 -0.28869042 0.00895155
v -0.00803663 -0.28869042 0.00895156
v -0.00383662 -0.28833333 -0.00859595
v -0.00803662 -0.28825802 -0.01229542
v -0.00753662 -0.28825805 -0.01229542
v -0.00582680 -0.28826654 -0.01187670
v -0.00483542 -0.28828186 -0.01112408
v -0.00386870 -0.28832343 -0.00908105
v -0.00450244 -0.28829023 -0.01071312
v 0.00796338 -0.28825802 -0.01229541
v 0.00746338 -0.28825805 -0.01229542
v 0.00376338 -0.28833333 -0.00859594
v 0.00417290 -0.28829888 -0.01028767
v 0.00444646 -0.28828973 -0.01073764
v 0.00697396 -0.28825870 -0.01226289
v 0.00533835 -0.28827170 -0.01162443
v 0.00683455 -0.28110483 -0.01247845
v 0.00612212 -0.28795990 -0.01235775
v 0.00495034 -0.28797266 -0.01170143
v 0.00346338 -0.28803337 -0.00858984
v 0.00355694 -0.28801626 -0.00944981
v 0.00376069 -0.28800386 -0.01010294
v 0.00406186 -0.28799236 -0.01069425
v -0.00353662 -0.28803337 -0.00858984
v -0.00376830 -0.28800711 -0.00993117
v -0.00442474 -0.28798440 -0.01110270
v -0.00543197 -0.28796706 -0.01199092
v -0.00602332 -0.28796121 -0.01229204
v -0.00667648 -0.28795725 -0.01249575
v -0.00690780 -0.28110483 -0.01247845
v -0.00803662 -0.28865847 0.00898002
v -0.00813684 -0.28856105 0.00906679
v -0.00370383 -0.28849557 0.00912511
v -0.00367100 -0.28852770 0.00909648
v -0.00353662 -0.28169617 0.01041647
v -0.00353662 -0.28839016 0.00894242
v -0.00353663 -0.28491268 0.00910097
v -0.00360392 -0.28845906 0.00901926
v 0.00346338 -0.28169614 0.01041648
v 0.00346337 -0.28491268 0.00910097
v 0.00346338 -0.28839019 0.00894242
v 0.00353067 -0.28845903 0.00901928
v -0.00803662 -0.30029705 -0.01218814
v -0.00803662 -0.30223805 -0.01186277
v -0.00803662 -0.30175218 0.01191817
v -0.00803662 -0.30685160 0.00991430
v -0.00803663 -0.30882707 0.00820871
v -0.00803662 -0.31053632 0.00586056
v -0.00803663 -0.31119904 0.00446919
v -0.00803663 -0.31183863 0.00229594
v -0.00803662 -0.31206018 0.00009445
v -0.00803662 -0.31076160 -0.00544746
v -0.00803663 -0.31129217 -0.00423913
v -0.00803662 -0.31162921 -0.00320112
v -0.00803662 -0.30550477 -0.01073009
v -0.00803663 -0.30724788 -0.00963988
v -0.00803662 -0.30898589 -0.00804598
v -0.00803662 -0.29172304 -0.01242294
v -0.00803662 -0.29428408 -0.01244533
v -0.00803663 -0.28815949 -0.01239112
v -0.00803663 -0.29600576 0.01134927
v -0.00803663 -0.29046467 0.00942938
v -0.00803662 -0.30058995 0.01202583
v -0.00803662 -0.29873922 0.01196637
v 0.00796337 -0.29701436 -0.01242469
v 0.00796338 -0.30661014 -0.01008756
v 0.00796337 -0.30175221 0.01191817
v 0.00796338 -0.30481729 0.01104440
v 0.00796338 -0.30563620 0.01065083
v 0.00796338 -0.30912390 0.00787794
v 0.00796338 -0.31134248 0.00409246
v 0.00796337 -0.31205794 -0.00025568
v 0.00796337 -0.31168699 -0.00298321
v 0.00796338 -0.30980569 -0.00702393
v 0.00796338 -0.30247444 -0.01181002
v 0.00796338 -0.28815949 -0.01239112
v 0.00796338 -0.29631206 0.01144915
v 0.00796338 -0.29046464 0.00942938
v 0.00796338 -0.29077271 0.00953619
v -0.01666768 -0.05018276 -0.01357251
v -0.02438390 -0.05015743 -0.01481737
v -0.02896882 -0.05013496 -0.01592128
v 0.00153017 -0.05020453 -0.01250288
v -0.00524237 -0.05020247 -0.01260414
v -0.01074484 -0.05019535 -0.01295412
v 0.01092341 -0.05412520 -0.02132639
v 0.00335898 -0.05240209 -0.01833355
v 0.00723807 -0.05304776 -0.01941635
v 0.00932196 -0.05359869 -0.02037584
v 0.00149641 -0.05042306 -0.01479494
v -0.01057149 -0.05037292 -0.01503657
v -0.01657576 -0.26977190 -0.01185960
v 0.01662011 -0.26955861 -0.01181513
v -0.02584283 -0.17979240 -0.01031387
v -0.02531945 -0.18187071 -0.01025914
v -0.02247988 -0.19225793 -0.01045003
v -0.01859385 -0.21726665 -0.01094689
v -0.01895720 -0.21299048 -0.01090268
v -0.02037496 -0.20227796 -0.01071513
v -0.02087023 -0.19954911 -0.01065085
v 0.02413222 -0.18619066 -0.01021786
v 0.02506817 -0.18288788 -0.01017640
v 0.02559312 -0.18104756 -0.01016870
v 0.02566612 -0.18064325 -0.01020613
v 0.02568223 -0.18005267 -0.01033209
v 0.02151384 -0.19658802 -0.01049757
v 0.02029386 -0.20299843 -0.01065847
v 0.01974667 -0.20659500 -0.01074086
v -0.03303662 -0.12980235 -0.02083944
v -0.03303663 -0.11832058 -0.02531386
v -0.03303662 -0.11890495 -0.02509494
v -0.03303663 -0.11985598 -0.02473542
v -0.03303662 -0.12806720 -0.02152681
v -0.03303663 -0.12964432 -0.02090203
v -0.03303662 -0.10541474 -0.02967020
v -0.03303662 -0.08341902 -0.03445772
v -0.03303662 -0.08486047 -0.03425373
v -0.03303662 -0.09504651 -0.03237333
v -0.03303662 -0.09942167 -0.03132768
v -0.03303663 -0.08011630 -0.03485361
v -0.03303662 -0.07296634 -0.03523189
v -0.03303662 -0.06314468 -0.03400075
v -0.03303663 -0.05992572 -0.03275189
v -0.03303662 -0.06752734 -0.03490456
v -0.03303663 -0.06471267 -0.03440768
v -0.03234794 -0.05551624 -0.02852255
v -0.03219706 -0.05589218 -0.02872048
v -0.03204701 -0.05615156 -0.02878187
v -0.03273204 -0.05777236 -0.03110241
v -0.03302672 -0.05953281 -0.03253879
v -0.03200611 -0.05413011 -0.02605066
v -0.03186361 -0.05313694 -0.02520064
v -0.03205982 -0.05440399 -0.02640857
v -0.03048119 -0.05358604 -0.02263474
v -0.03075905 -0.05363191 -0.02300601
v -0.03120919 -0.05377257 -0.02385784
v -0.03187007 -0.05417357 -0.02569187
v -0.03150000 -0.05535949 -0.02536553
v -0.03169531 -0.05562320 -0.02642381
v -0.03019123 -0.05401971 -0.02227316
v -0.03059549 -0.05438438 -0.02264885
v -0.03098788 -0.05477036 -0.02345130
v 0.03296337 -0.11276626 -0.02731786
v 0.03296337 -0.10211034 -0.03062173
v 0.03296338 -0.09142452 -0.03313183
v 0.03296338 -0.13054989 -0.02054773
v 0.03296337 -0.12957193 -0.02093430
v 0.03296338 -0.12206293 -0.02389330
v 0.03296337 -0.11885899 -0.02511806
v 0.03211297 -0.08534315 -0.03423665
v 0.03254340 -0.08712864 -0.03393165
v 0.01262913 -0.03526581 0.04133494
v 0.01208358 -0.03601798 0.04139757
v 0.01207599 -0.03605816 0.04151801
v 0.01371002 -0.03471678 0.04218827
v 0.01467229 -0.03302734 0.04204033
v 0.01386749 -0.03386275 0.04198930
v 0.01418745 -0.03301655 0.04197131
v 0.01404862 -0.03300969 0.04192748
v 0.01278687 -0.03553804 0.04206116
v 0.01206973 -0.03613339 0.04170341
v 0.01207253 -0.03634247 0.04211450
v 0.01338098 -0.03514235 0.04225535
v 0.01340017 -0.03465279 0.04203617
v 0.01323234 -0.03532326 0.04228399
v 0.01280738 -0.03580248 0.04235210
v 0.01238882 -0.03622413 0.04238910
v 0.01208236 -0.03650239 0.04238957
v 0.01392267 -0.03299872 0.04185737
v 0.01387438 -0.03299111 0.04180871
v 0.01322768 -0.03434957 0.04175692
v 0.01385933 -0.03298763 0.04178649
v 0.01317323 -0.03432159 0.04166435
v 0.01382164 -0.03296841 0.04166364
v 0.01347284 -0.03363141 0.04158951
v 0.01382343 -0.03295922 0.04160494
v 0.01346989 -0.03364670 0.04148837
v 0.01385389 -0.03294211 0.04149563
v 0.01348818 -0.03367241 0.04139051
v 0.01391564 -0.03292279 0.04137219
v 0.01317163 -0.03464536 0.04099906
v 0.01263095 -0.03528369 0.04114235
v 0.01311190 -0.03451292 0.04117139
v 0.01333045 -0.03447450 0.04191377
v 0.01271927 -0.03530925 0.04172013
v 0.01271660 -0.03531448 0.04097522
v 0.01217290 -0.03602256 0.04094958
v 0.01212562 -0.03597328 0.04109077
v 0.01210968 -0.03597155 0.04116904
v 0.01312715 -0.03432182 0.04156387
v 0.01309726 -0.03434879 0.04145970
v 0.01308808 -0.03439544 0.04135912
v 0.01415792 -0.03287376 0.04105895
v 0.01396330 -0.03300313 0.04188552
v 0.01686291 -0.05675355 -0.02737907
v 0.01719669 -0.05553119 -0.02859139
v 0.01713583 -0.05586901 -0.02807336
v 0.01769709 -0.05717324 -0.02926479
v 0.01776437 -0.05751052 -0.02915064
v 0.01831556 -0.05780883 -0.03059901
v 0.01837894 -0.05783435 -0.03090830
v -0.01728575 -0.23744187 -0.01158841
v -0.01765879 -0.22483808 -0.01126413
v -0.01688420 -0.25541815 -0.01173349
v -0.01690659 -0.25438860 -0.01172495
v 0.01769864 -0.22483912 -0.01121466
v 0.01755535 -0.22868650 -0.01123840
v -0.01602994 -0.27759019 -0.01201264
v -0.01602993 -0.27764821 -0.00916218
v -0.01602121 -0.27775478 -0.01205510
v -0.01585837 -0.27834886 -0.00917654
v -0.01595012 -0.27807599 -0.01207583
v -0.01558706 -0.27871636 -0.00918416
v -0.01473503 -0.27913797 -0.00919322
v -0.01490492 -0.27904311 -0.01220645
v -0.01509510 -0.27904153 -0.00919106
v -0.01509526 -0.27898020 -0.01220186
v -0.01538763 -0.27888271 -0.00918766
v -0.01534934 -0.27884758 -0.01218416
v -0.01571081 -0.27851710 -0.01213187
v -0.01464233 -0.27914783 -0.00919347
v -0.01452994 -0.27909073 -0.01220678
v -0.01471890 -0.27907878 -0.01220668
v -0.02571455 -0.17750566 -0.01079216
v -0.02563821 -0.17785369 -0.01077803
v -0.02562239 -0.17814326 -0.01074590
v -0.02578625 -0.17727810 -0.01079377
v -0.02575040 -0.17739187 -0.01079285
v -0.02624537 -0.17650178 -0.01070300
v -0.02597479 -0.17685740 -0.01077215
v -0.02694280 -0.17532763 -0.01051384
v -0.02665922 -0.17595831 -0.01055703
v -0.02705109 -0.17393142 -0.01081824
v -0.02707873 -0.17461920 -0.01060801
v -0.02703274 -0.17348486 -0.01091800
v 0.03297358 -0.14201649 -0.01627737
v 0.03270166 -0.14788364 -0.01433762
v 0.03190731 -0.15397795 -0.01277031
v 0.02876596 -0.16730647 -0.01121490
v 0.03052048 -0.16070375 -0.01181033
v 0.02794376 -0.17009401 -0.01108841
v 0.02709293 -0.17287469 -0.01097110
v 0.02700567 -0.17336796 -0.01091879
v 0.02703827 -0.17384474 -0.01080445
v 0.02617573 -0.17659695 -0.01068480
v 0.02678200 -0.17576116 -0.01046841
v 0.02704378 -0.17496002 -0.01048533
v 0.02707844 -0.17413050 -0.01069602
v 0.02587353 -0.17697327 -0.01076651
v 0.02566740 -0.17742284 -0.01079263
v 0.02548145 -0.17801322 -0.01079170
v 0.02557441 -0.17771803 -0.01079147
v 0.02540862 -0.17889458 -0.01070943
v 0.01846624 -0.21971518 -0.01090419
v 0.01848728 -0.22058357 -0.01086991
v 0.01845793 -0.22015031 -0.01089817
v 0.01821271 -0.22220711 -0.01100640
v 0.01846290 -0.22142211 -0.01086075
v 0.01773349 -0.22405514 -0.01120839
v 0.01772919 -0.22413681 -0.01120936
v 0.01771375 -0.22448798 -0.01121203
v 0.01747573 -0.25877580 -0.01139578
v 0.01727782 -0.25763619 -0.01154500
v 0.01732991 -0.25744936 -0.01165707
v 0.01726683 -0.25760779 -0.01155171
v 0.01721738 -0.25747642 -0.01158681
v 0.01746177 -0.26013994 -0.01179208
v 0.01716065 -0.26006040 -0.01160273
v 0.01721662 -0.25993061 -0.01156472
v -0.01688427 -0.25563863 -0.01173406
v -0.01729152 -0.25750977 -0.01157934
v -0.01749723 -0.25821573 -0.01144180
v -0.01751757 -0.25903845 -0.01141645
v -0.01723760 -0.26000327 -0.01159398
v -0.01674042 -0.26206800 -0.01179020
v -0.01716391 -0.26016217 -0.01162801
v -0.01851938 -0.21830358 -0.01095715
v -0.01845015 -0.21934085 -0.01096762
v -0.01850034 -0.22043812 -0.01091349
v -0.01821464 -0.22225310 -0.01104612
v -0.01849972 -0.22137319 -0.01088535
v -0.01768284 -0.22428295 -0.01126002
v -0.01811464 -0.22246224 -0.01109229
v 0.01483188 -0.27904305 -0.01220645
v 0.01544113 -0.27872291 -0.01216456
v 0.01593171 -0.27786630 -0.01206006
v 0.01602303 -0.27789059 -0.01213560
v 0.01585172 -0.27814460 -0.01208271
v 0.01464583 -0.27907875 -0.01220668
v 0.01445670 -0.27909073 -0.01220678
v -0.01629310 -0.27780828 -0.01227431
v -0.01602978 -0.27753127 -0.01199529
v -0.01611217 -0.27719614 -0.01195934
v -0.01606726 -0.27728119 -0.01195101
v -0.01602962 -0.27747229 -0.01197807
v 0.01595648 -0.27762026 -0.01198508
v 0.01606156 -0.27732256 -0.01195100
v 0.01597465 -0.27749553 -0.01195251
v 0.02294035 -0.16760430 0.02688445
v 0.02198363 -0.16760042 0.02669419
v 0.02429333 -0.16763182 0.02823715
v 0.02320397 -0.18786895 0.02659985
v 0.02375140 -0.16761532 0.02742627
v 0.02575702 -0.16008605 0.02839072
v 0.02466264 -0.16378865 0.02831537
v 0.02413061 -0.16366898 0.02750658
v 0.02333440 -0.16350357 0.02696790
v 0.02239518 -0.16331759 0.02678135
v 0.02525437 -0.15986702 0.02758396
v 0.02450211 -0.15955287 0.02704830
v 0.02361476 -0.15919144 0.02686532
v 0.02529511 -0.15258528 0.02699976
v 0.02477958 -0.15552573 0.02693992
v 0.02562166 -0.15572788 0.02709036
v 0.02620868 -0.15265413 0.02717190
v 0.02649994 -0.15594718 0.02766373
v 0.02716117 -0.15242743 0.02780698
v 0.02706216 -0.15609840 0.02856331
v 0.02775873 -0.15210080 0.02880683
v -0.02440700 -0.16763394 0.02834125
v -0.02290969 -0.16760348 0.02684411
v -0.02382474 -0.16761532 0.02742635
v -0.02205688 -0.16760042 0.02669419
v -0.02471448 -0.16390063 0.02831309
v -0.02418189 -0.16378398 0.02750424
v -0.02338481 -0.16362306 0.02696547
v -0.02244459 -0.16344240 0.02677881
v -0.02586346 -0.16010129 0.02848185
v -0.02532763 -0.15986702 0.02758396
v -0.02449057 -0.15951797 0.02701323
v -0.02368801 -0.15919144 0.02686532
v -0.02485283 -0.15552573 0.02693992
v -0.02569491 -0.15572786 0.02709036
v -0.02657319 -0.15594718 0.02766373
v -0.02713540 -0.15609840 0.02856332
v -0.02783438 -0.15209921 0.02881507
v -0.02723858 -0.15242584 0.02781123
v -0.02628270 -0.15265395 0.02717231
v -0.02536835 -0.15258528 0.02699976
v 0.00693808 -0.04150874 0.03749295
v 0.00710771 -0.04150877 0.03749295
v 0.00703626 -0.04149180 0.03749329
v 0.00713438 -0.04147422 0.03749365
v -0.00703201 -0.04039134 0.04315258
v -0.00703201 -0.04187322 0.03795800
v -0.00723201 -0.04019901 0.04309771
v -0.00723200 -0.04172051 0.03776428
v 0.00696730 -0.03986724 0.04091677
v 0.00710797 -0.03971051 0.04080761
v 0.00696730 -0.04156344 0.03778826
v 0.00713244 -0.04136220 0.03775757
v 0.00696730 -0.04162595 0.03764166
v 0.00703746 -0.04156734 0.03756728
v 0.00696730 -0.03946959 0.04317134
v 0.00711584 -0.03927643 0.04316489
v 0.00696730 -0.03966507 0.04140355
v 0.00709821 -0.03947641 0.04138267
v 0.00709982 -0.03958594 0.04104194
v 0.03455681 -0.03280257 0.03291452
v 0.03457636 -0.03365424 0.03288639
v 0.03453475 -0.03125168 0.03064044
v 0.03440557 -0.02506163 0.02838746
v 0.03437135 -0.02123471 0.02827787
v 0.03436780 -0.02013149 0.03321028
v 0.03434316 -0.01400499 0.03319708
v 0.03436129 -0.01500915 0.02903316
v 0.03434507 -0.00736960 0.03296736
v 0.03446866 -0.02844757 0.02916292
v 0.01428216 -0.03198184 0.04167011
v 0.01489074 -0.03043353 0.04169162
v 0.01488026 -0.03055322 0.04152838
v 0.01450359 -0.03176411 0.04191160
v 0.01436813 -0.03186364 0.04180600
v 0.01417812 -0.03283185 0.04106033
v 0.01579413 -0.02750267 0.04147148
v 0.01574258 -0.02750310 0.04162345
v 0.01573038 -0.02750342 0.04173497
v 0.01543321 -0.02873911 0.04182745
v 0.01573993 -0.02750365 0.04181261
v 0.01551298 -0.02865669 0.04193083
v 0.01579167 -0.02750398 0.04192375
v 0.01581011 -0.02750404 0.04194665
v 0.01587610 -0.02750422 0.04200598
v 0.01519857 -0.03015844 0.04200889
v 0.01598211 -0.02750441 0.04206573
v 0.01559110 -0.03003238 0.04210584
v 0.01614836 -0.02750458 0.04212048
v 0.01700604 -0.02750486 0.04218892
v 0.01431866 -0.03192029 0.04174205
v 0.01495008 -0.03032865 0.04182423
v 0.01505411 -0.03023737 0.04192901
v 0.01676730 -0.02038904 0.04169553
v 0.01674406 -0.02039070 0.04162766
v 0.01701198 -0.01323956 0.04160136
v 0.01711701 -0.01323874 0.04168017
v 0.01711817 -0.00594505 0.04134369
v 0.01706300 -0.01788406 0.04180498
v 0.01697856 -0.01681324 0.04169553
v 0.01693694 -0.01681363 0.04164461
v 0.01651532 -0.02394600 0.04191174
v 0.01685266 -0.02060830 0.04181859
v 0.01683661 -0.02083076 0.04182335
v 0.01657188 -0.02350090 0.04189619
v 0.01675782 -0.02039552 0.04139629
v 0.01686849 -0.01324199 0.04129561
v 0.01686360 -0.00403829 0.04060613
v 0.01692769 -0.00611341 0.04110866
v 0.01673612 -0.02039235 0.04155478
v 0.01674141 -0.02039397 0.04147746
v 0.01690354 -0.01324095 0.04143816
v 0.01688204 -0.01324146 0.04137047
v 0.01659900 -0.02327834 0.04188877
v 0.01662531 -0.02305578 0.04188159
v 0.01680243 -0.02127563 0.04183307
v 0.01672173 -0.02216559 0.04185530
v 0.01680794 -0.02038740 0.04175779
v 0.01682453 -0.02038686 0.04177599
v 0.01690420 -0.01681401 0.04158759
v 0.01693261 -0.01324046 0.04149899
v 0.01700820 -0.00610172 0.04124023
v 0.01711388 -0.00371662 0.04118311
v 0.02926823 -0.02590362 0.04221237
v 0.03435607 -0.00002580 0.03224795
v 0.03379068 0.00057775 0.03668220
v 0.03396105 0.00891250 0.03405879
v 0.03324213 0.00940840 0.03558237
v 0.03343204 0.00068823 0.03754782
v 0.03212792 0.00982200 0.03687075
v 0.03272549 0.00082541 0.03865260
v 0.02894067 0.01032753 0.03849130
v 0.03239185 0.00087088 0.03902686
v 0.03066961 0.01013226 0.03785494
v 0.03092657 0.00099705 0.04009334
v 0.02978898 0.00104750 0.04053859
v 0.03435191 -0.00368936 0.03269205
v 0.03303120 -0.02039986 0.04094732
v 0.03261751 -0.01626930 0.04098300
v 0.03192754 -0.01626426 0.04142104
v 0.03106765 -0.03297762 0.04196035
v 0.03010925 -0.00788853 0.04140814
v 0.03415834 -0.00782498 0.03644997
v 0.03379012 -0.00785538 0.03814590
v 0.03302210 -0.00787619 0.03969109
v 0.03173311 -0.00788598 0.04082773
v 0.03114560 -0.01625635 0.04169589
v 0.03426630 -0.01621971 0.03650625
v 0.03407187 -0.01624981 0.03813808
v 0.03359041 -0.01626782 0.03970063
v 0.03317476 -0.01627060 0.04039606
v 0.03243852 -0.00788235 0.04032850
v 0.03064023 -0.02454647 0.04214294
v 0.03119417 -0.02875799 0.04207971
v 0.03193190 -0.02875350 0.04192161
v 0.03258107 -0.03296826 0.04159463
v 0.03261899 -0.02874776 0.04161777
v 0.03301998 -0.03296221 0.04128978
v 0.03320077 -0.02874064 0.04114920
v 0.03351979 -0.03295030 0.04069490
v 0.03364601 -0.02873266 0.04054033
v 0.03338122 -0.02454156 0.04083630
v 0.03284002 -0.02454349 0.04140091
v 0.03216692 -0.02454493 0.04179629
v 0.03401928 -0.02453693 0.03940991
v 0.03382883 -0.02039684 0.03958273
v 0.03422531 -0.03291060 0.03870578
v 0.03450175 -0.03285645 0.03581767
v 0.03382725 -0.03293847 0.04009936
v 0.01746303 -0.00368719 0.04139721
v 0.01727565 -0.00370094 0.04130779
v 0.01745705 -0.01788006 0.04192682
v 0.01745894 -0.00845922 0.04161524
v 0.01727859 -0.00846600 0.04156188
v -0.00103662 -0.19358167 0.02610691
v -0.02366719 -0.19358915 0.02609302
v -0.02381651 -0.19358656 0.02605500
v -0.02393626 -0.19357637 0.02599441
v -0.02402940 -0.19355939 0.02591288
v -0.02414775 -0.19350825 0.02569328
v -0.02419530 -0.19343954 0.02540878
v -0.02187187 -0.20527773 0.02427483
v -0.02193510 -0.20525599 0.02414423
v -0.02049686 -0.21605527 0.02276134
v -0.02388968 -0.19455461 0.02438582
v -0.02320291 -0.19487303 0.02594019
v -0.02153367 -0.20531526 0.02453883
v -0.02060897 -0.20883264 0.02413508
v -0.01999798 -0.21609217 0.02314726
v -0.01890899 -0.22267687 0.02234513
v -0.01959741 -0.22691147 0.02138111
v -0.01979547 -0.22689538 0.02107780
v -0.02001281 -0.22685438 0.02027996
v -0.02071926 -0.21593855 0.02165307
v -0.02062356 -0.21602178 0.02245004
v -0.02200530 -0.20520245 0.02382968
v -0.02387740 -0.19480346 0.02551926
v -0.02390156 -0.19478151 0.02542284
v -0.02381184 -0.19483651 0.02566790
v -0.02375393 -0.19485298 0.02574593
v -0.02352646 -0.19487807 0.02589187
v -0.02369844 -0.19486335 0.02579855
v -0.02178588 -0.20529528 0.02438530
v -0.01932584 -0.22692312 0.02160811
v -0.02029418 -0.21607965 0.02299790
v -0.02040611 -0.21606877 0.02288974
v -0.02383295 -0.19421741 0.02588443
v -0.02366276 -0.19423255 0.02597614
v -0.02402792 -0.19390485 0.02449501
v -0.02403531 -0.19413452 0.02551505
v -0.02394553 -0.19419017 0.02575598
v -0.02334329 -0.19422801 0.02602358
v 0.00174842 -0.04172086 0.03776305
v 0.00285291 -0.04171591 0.03775657
v -0.00703201 -0.04553224 0.04260066
v 0.00696730 -0.04552929 0.04259431
v 0.00984471 -0.03814153 0.04097807
v 0.00997224 -0.03812855 0.04087441
v 0.00957622 -0.03840966 0.04086496
v 0.00963771 -0.03828351 0.04266071
v 0.00970587 -0.03811990 0.04179482
v 0.00981401 -0.03810827 0.04109666
v 0.00976686 -0.03808976 0.04134139
v 0.01215025 -0.03716357 0.04338754
v 0.01224397 -0.03787190 0.04434914
v 0.00956964 -0.03868342 0.04415607
v 0.00726084 -0.03923341 0.04402656
v 0.00696730 -0.04440208 0.04284237
v 0.00696731 -0.04327563 0.04309388
v -0.00703200 -0.04330968 0.04309319
v -0.00703200 -0.04442059 0.04284525
v -0.02618109 -0.16081424 0.04649757
v -0.02373279 -0.16277730 0.04739828
v -0.02497653 -0.15833473 0.04775727
v -0.02607904 -0.16882123 0.04362720
v -0.02440178 -0.16864318 0.04543233
v -0.02972052 -0.16849521 0.03432947
v -0.02836699 -0.16879806 0.03915185
v -0.02782657 -0.17627826 0.03322921
v -0.03214240 -0.15325816 0.03783140
v -0.03136199 -0.16060524 0.03536512
v -0.03182891 -0.15326351 0.03956687
v -0.03020271 -0.16093005 0.04033528
v -0.02619191 -0.15637583 0.04753948
v -0.02795274 -0.16097894 0.04479472
v -0.03077604 -0.15327087 0.04319964
v -0.03477170 -0.13042448 0.02598188
v -0.03510552 -0.13015163 0.01384235
v -0.03432294 -0.13400827 0.03136363
v -0.03445846 -0.13123444 0.03153303
v -0.03366354 -0.14284043 0.03267780
v -0.03372719 -0.14231165 0.03234087
v -0.03378824 -0.14176100 0.03204144
v -0.03400779 -0.13930589 0.03128271
v -0.03405879 -0.13859659 0.03120741
v -0.03421343 -0.13605618 0.03124239
v -0.03565558 -0.10702129 0.01437964
v -0.03504246 -0.11230435 0.03295515
v -0.03519944 -0.09146833 0.03509653
v -0.03519895 -0.09104789 0.03514645
v -0.03505019 -0.07121655 0.03785322
v -0.03452285 -0.12980193 0.03162440
v -0.03113408 -0.15107685 0.04301113
v -0.03214970 -0.14908339 0.04019720
v -0.03357579 -0.14349866 0.03316815
v -0.03219343 -0.14897113 0.04004092
v -0.03318912 -0.14566073 0.03542576
v 0.03359260 -0.14290026 0.03266847
v 0.03323919 -0.14513661 0.03472144
v 0.03243680 -0.14814940 0.03883068
v 0.03208836 -0.15324931 0.03775857
v 0.03207985 -0.14912312 0.04019173
v 0.03176252 -0.15326154 0.03956745
v 0.03441457 -0.03394102 -0.00370784
v 0.03483738 -0.06174866 0.03938750
v 0.03506019 -0.06152136 0.02773171
v 0.03476821 -0.05745547 0.04016753
v 0.03457243 -0.03887852 0.03854290
v 0.03440298 -0.04040690 0.04373738
v 0.03464575 -0.03454935 0.02823919
v 0.03457611 -0.03564219 0.03581420
v 0.03463800 -0.03788513 0.03515512
v 0.03443550 -0.03424830 0.01227038
v 0.03546030 -0.06090005 -0.00421862
v 0.03530372 -0.06121052 0.01175860
v 0.03525491 -0.06128184 0.01542150
v 0.03558705 -0.10701866 0.01436271
v 0.03513081 -0.09148778 0.03505716
v 0.03510128 -0.10179808 0.03391778
v 0.03531799 -0.10729584 0.02649222
v 0.03470521 -0.13042177 0.02595613
v 0.03445652 -0.12982109 0.03158570
v 0.03431692 -0.13283129 0.03139733
v 0.03372453 -0.14176004 0.03199389
v 0.03387418 -0.14017536 0.03141101
v 0.03406901 -0.13742961 0.03114616
v 0.03468655 -0.12384086 0.03199531
v 0.03508779 -0.08168171 0.03629812
v 0.03503849 -0.13014905 0.01382541
v 0.02830029 -0.16879776 0.03915488
v 0.02601087 -0.16882078 0.04363066
v 0.02611132 -0.16081287 0.04650061
v 0.02788414 -0.16097775 0.04479821
v 0.03053681 -0.15327142 0.04360363
v 0.03013576 -0.16092899 0.04033850
v 0.03089955 -0.15327440 0.04270419
v 0.03143835 -0.15327011 0.04095980
v 0.03129572 -0.16060412 0.03536738
v 0.02965451 -0.16849484 0.03433152
v 0.02776085 -0.17627868 0.03323116
v 0.02433257 -0.16864255 0.04543545
v 0.02328212 -0.16476117 0.04711536
v 0.02636498 -0.15607503 0.04746724
v 0.02489461 -0.15833499 0.04776059
v 0.02400231 -0.16101861 0.04761957
v 0.01786327 -0.03548976 0.04286395
v 0.01786288 -0.03647865 0.04468476
v 0.02544262 -0.03647794 0.04468114
v 0.01786422 -0.03452975 0.04213662
v 0.01786353 -0.03517341 0.04253479
v 0.02428188 -0.03518545 0.04254203
v 0.03054746 -0.03483984 0.04217849
v 0.03055671 -0.03489422 0.04220141
v 0.03063897 -0.03537501 0.04247652
v 0.03032413 -0.03338367 0.04196634
v 0.03046062 -0.03430545 0.04202466
v 0.03045403 -0.03426272 0.04201724
v 0.01786450 -0.03303064 0.04197629
v 0.03034300 -0.03674849 0.04461263
v 0.03070651 -0.03580046 0.04285792
v 0.03079875 -0.03682228 0.04459439
v 0.01492391 -0.03536086 0.04271920
v 0.01485342 -0.03481584 0.04240078
v 0.01478982 -0.03423239 0.04218874
v 0.01334102 -0.03520151 0.04226872
v 0.01338395 -0.03569884 0.04261986
v 0.01366442 -0.03740976 0.04446000
v 0.01508075 -0.03630353 0.04362016
v 0.01637673 -0.03665217 0.04464205
v 0.00707800 -0.03943576 0.04397881
v -0.00704907 -0.04176320 0.04344428
v -0.00710228 -0.04021944 0.04380170
v -0.00725811 -0.04008964 0.04348109
v -0.00721888 -0.04010069 0.04382954
v -0.00733585 -0.03998231 0.04385734
v 0.03145104 -0.03558706 0.04249719
v 0.03194624 -0.03509184 0.04209485
v 0.03157799 -0.03471601 0.04204915
v 0.03081038 -0.03392722 0.04197183
v 0.03104198 -0.03525826 0.04235096
v 0.03344598 -0.03360242 0.04080254
v 0.03326624 -0.03313329 0.04103756
v 0.03380435 -0.03319524 0.04014732
v 0.03411624 -0.03469605 0.03944335
v 0.03446796 -0.03678928 0.03871007
v 0.03433461 -0.03734549 0.04034968
v 0.03432466 -0.03831991 0.04190440
v 0.03442340 -0.03886348 0.04178436
v 0.03186693 -0.03654953 0.04338054
v 0.03229674 -0.03682257 0.04351095
v 0.03295684 -0.03742590 0.04444353
v 0.03328243 -0.03733404 0.04371079
v 0.03391737 -0.03804189 0.04429805
v 0.03372216 -0.03768989 0.04373770
v 0.03405976 -0.03813780 0.04370899
v 0.03100428 -0.03600115 0.04302744
v 0.03144570 -0.03627073 0.04322194
v 0.03184569 -0.03590364 0.04262733
v 0.03449168 -0.03344166 0.03626565
v 0.03390912 -0.03368978 0.03989332
v 0.03274236 -0.03361814 0.04149558
v 0.03299193 -0.03406299 0.04132720
v 0.03321819 -0.03450954 0.04116176
v 0.03230096 -0.03545503 0.04213182
v 0.03366729 -0.03690507 0.04213712
v 0.03394633 -0.03733476 0.04208473
v 0.03416685 -0.03780774 0.04200613
v 0.03430971 -0.03876824 0.04412377
v 0.03438210 -0.03983230 0.04387444
v 0.03343476 -0.03495719 0.04100958
v 0.03334060 -0.03578511 0.04152749
v 0.03364912 -0.03540772 0.04087289
v 0.03386201 -0.03663448 0.04137592
v 0.03404220 -0.03634044 0.04061619
v 0.03299470 -0.03615722 0.04216726
v 0.03264778 -0.03580799 0.04215627
v 0.03146866 -0.03331632 0.04191805
v 0.03215874 -0.03415462 0.04180390
v 0.03247526 -0.03456836 0.04173632
v 0.03277351 -0.03497632 0.04166586
v -0.00003863 -0.27915189 -0.00920165
v -0.02578625 -0.17735295 -0.00711566
v -0.02571455 -0.17758039 -0.00712034
v 0.02548146 -0.17808715 -0.00715901
v 0.02557440 -0.17779209 -0.00715306
v 0.02566740 -0.17749703 -0.00714711
v -0.02584798 -0.17945351 -0.00715837
v -0.02581019 -0.17913492 -0.00715192
v -0.02572840 -0.17882466 -0.00714564
v 0.02568223 -0.18011640 -0.00720042
v 0.02552750 -0.17941864 -0.00718614
v 0.01769864 -0.22490236 -0.00810743
v 0.01694641 -0.25444999 -0.00870834
v -0.01690658 -0.25445038 -0.00868960
v -0.01695166 -0.25238213 -0.00864748
v -0.01765880 -0.22490272 -0.00808785
v -0.02562801 -0.18085749 -0.00718681
v -0.02550371 -0.18129061 -0.00719566
v -0.02513096 -0.18258968 -0.00722227
v -0.02254164 -0.19207352 -0.00741695
v -0.02086976 -0.19961172 -0.00757137
v -0.02040767 -0.20215486 -0.00762341
v -0.01887418 -0.21396214 -0.00786456
v -0.01845015 -0.21940175 -0.00797547
v 0.01846625 -0.21977422 -0.00800350
v 0.02529030 -0.18217233 -0.00724198
v 0.02402327 -0.18664005 -0.00733227
v 0.02135792 -0.19738472 -0.00754945
v 0.02029473 -0.20305954 -0.00766436
v 0.01965659 -0.20734744 -0.00775127
v 0.02568316 -0.18013193 -0.00720074
v -0.01672081 -0.26303756 -0.00886445
v -0.01658029 -0.26961598 -0.00899842
v -0.01644192 -0.27619442 -0.00913237
v 0.01648173 -0.27619404 -0.00915061
v 0.01662011 -0.26961559 -0.00901680
v 0.01676062 -0.26303717 -0.00888300
v 0.01445669 -0.27915174 -0.00920967
v -0.01635203 -0.27674684 -0.00914365
v -0.01611216 -0.27725324 -0.00915409
v 0.01636729 -0.27682027 -0.00916328
v 0.01606157 -0.27737907 -0.00917448
v -0.01602963 -0.27752966 -0.00915977
v 0.01515546 -0.27897906 -0.00920654
v 0.01550684 -0.27872288 -0.00920152
v 0.01595649 -0.27767733 -0.00918051
v 0.01594504 -0.27783859 -0.00918378
v 0.01585673 -0.27819034 -0.00919089
v 0.01569356 -0.27850047 -0.00919710
v 0.01821272 -0.22226721 -0.00805409
v 0.01846391 -0.22147360 -0.00803808
v 0.01848729 -0.22064154 -0.00802117
v -0.01850034 -0.22049744 -0.00799774
v -0.01850022 -0.22142836 -0.00801668
v -0.01821463 -0.22231439 -0.00803488
v 0.01721661 -0.25998643 -0.00882116
v 0.01747568 -0.25883043 -0.00879766
v 0.01746933 -0.25856015 -0.00879216
v 0.01726684 -0.25766432 -0.00877394
v -0.01729153 -0.25756729 -0.00875282
v -0.01753592 -0.25881955 -0.00877831
v -0.01723760 -0.26006007 -0.00880357
v -0.02705110 -0.17400818 -0.00704689
v -0.02694669 -0.17538530 -0.00707498
v -0.02624538 -0.17657511 -0.00709958
v -0.01697552 -0.25654539 -0.00873219
v -0.01688420 -0.25547966 -0.00871055
v -0.01674041 -0.26212791 -0.00884594
v -0.01687774 -0.26106724 -0.00882427
v 0.01691879 -0.25572029 -0.00873419
v 0.01699584 -0.25670967 -0.00875436
v 0.01678485 -0.26191333 -0.00886014
v 0.01690463 -0.26092836 -0.00884016
v -0.01844510 -0.21995099 -0.00798665
v -0.01818849 -0.22236690 -0.00803596
v -0.01768282 -0.22434776 -0.00807654
v 0.01845791 -0.22020835 -0.00801233
v 0.01787365 -0.22320940 -0.00807308
v 0.01772920 -0.22420023 -0.00809316
v 0.01771375 -0.22455128 -0.00810030
v 0.02617574 -0.17666928 -0.00713054
v 0.02674109 -0.17591038 -0.00711541
v 0.02694165 -0.17543590 -0.00710587
v 0.02706870 -0.17486639 -0.00709435
v 0.02703827 -0.17392063 -0.00707508
v -0.02703331 -0.17355555 -0.00703769
v -0.02597132 -0.17693777 -0.00710711
v -0.02562221 -0.17820363 -0.00713306
v 0.02542046 -0.17904145 -0.00717840
v 0.02539044 -0.17876092 -0.00717267
v 0.02587054 -0.17705183 -0.00713816
v 0.02700626 -0.17343415 -0.00706516
v 0.02709293 -0.17295438 -0.00705545
v -0.01605052 -0.27738535 -0.00915682
v 0.01596329 -0.27760315 -0.00917899
v 0.01598482 -0.27751967 -0.00917731
v 0.01119006 -0.17732906 -0.00713566
v 0.01119206 -0.17740284 -0.00351151
v 0.01728876 -0.17407188 -0.00707276
v 0.01729077 -0.17414570 -0.00344523
v 0.02249696 -0.16952501 -0.00698312
v 0.02249898 -0.16959889 -0.00335270
v 0.00567684 -0.17893066 -0.00716520
v 0.00567884 -0.17900436 -0.00354411
v -0.00003889 -0.17947091 -0.00717304
v -0.00003690 -0.17954455 -0.00355510
v -0.01055481 -0.17767373 -0.00351651
v -0.00799088 -0.17848897 -0.00353318
v -0.00799287 -0.17841543 -0.00714714
v -0.00632314 -0.17888950 -0.00354141
v -0.00155546 -0.17950669 -0.00355424
v -0.01512470 -0.17555253 -0.00347331
v -0.01588080 -0.17503560 -0.00707399
v -0.01587881 -0.17510906 -0.00346430
v -0.02258609 -0.16951250 -0.00695788
v -0.02258410 -0.16958588 -0.00335244
v -0.01888118 -0.17302859 -0.00342209
v 0.02813913 -0.16952658 -0.00698627
v 0.02813912 -0.16960052 -0.00335273
v 0.02762053 -0.17124185 -0.00702089
v 0.01566949 -0.04434339 -0.03502452
v 0.01567328 -0.03121314 -0.03476780
v 0.01567425 -0.02766121 -0.03479255
v 0.01567584 -0.02096961 -0.03528028
v 0.01572543 0.01018734 0.03787319
v 0.01572403 0.00093033 0.03996263
v 0.01572246 -0.00651303 0.04083657
v 0.02824244 -0.16925399 -0.00334567
v 0.03200264 -0.15360309 -0.00302717
v 0.03296337 -0.14105251 -0.00277175
v 0.02650103 -0.06709718 -0.00126668
v 0.02611202 -0.06618434 -0.00124810
v 0.02606131 -0.06503835 -0.00122478
v 0.02635851 -0.06411350 -0.00120596
v -0.03303663 -0.06056919 -0.00113383
v -0.03303663 -0.06013644 -0.02239764
v -0.00003662 -0.05257084 -0.00097105
v -0.02503662 -0.05216561 -0.02088298
v -0.02487059 -0.05216656 -0.02083618
v -0.02503662 -0.05257084 -0.00097106
v -0.01715522 -0.05220047 -0.01917027
v 0.03296338 -0.09206266 -0.00177475
v 0.00928080 -0.05398009 -0.00099973
v 0.01776437 -0.05808173 -0.00108321
v 0.03138791 -0.08188547 -0.00156764
v 0.02988801 -0.07422937 -0.00141183
v 0.03211297 -0.08600630 -0.00165150
v 0.02676041 -0.06319386 -0.03568869
v 0.02706953 -0.06367366 -0.00119701
v 0.02804545 -0.06238155 -0.00117071
v 0.02812857 -0.06216614 -0.00116633
v 0.02826794 -0.06051933 -0.00113281
v 0.02762444 -0.05903450 -0.00110260
v 0.02631811 -0.05800587 -0.00108166
v 0.02474067 -0.05772718 -0.00107599
v 0.02320876 -0.05821593 -0.00108594
v 0.00861188 -0.15403770 -0.00303601
v 0.00995307 -0.14903912 -0.00293429
v -0.00004982 -0.15903416 -0.00313769
v -0.00504944 -0.15769325 -0.00311040
v 0.00495056 -0.15769613 -0.00311046
v 0.02151713 -0.05886977 -0.00109924
v 0.01942172 -0.05881812 -0.00109819
v -0.00504443 -0.14037633 -0.00275799
v -0.00870575 -0.14403477 -0.00283244
v -0.01004693 -0.14903335 -0.00293417
v -0.00870864 -0.15403271 -0.00303591
v 0.00861476 -0.14403977 -0.00283255
v 0.00495556 -0.14037922 -0.00275805
v -0.00004405 -0.13903829 -0.00273076
v -0.03254216 -0.05780082 -0.00107749
v -0.03069348 -0.05491350 -0.00101873
v -0.02780556 -0.05306521 -0.00098112
v -0.02774185 -0.05261473 -0.02167011
v -0.03016298 -0.05399601 -0.02227268
v -0.02195614 -0.16169688 0.04356572
v -0.02099394 -0.16801265 0.04333168
v -0.02256723 -0.16373843 0.04318785
v -0.02278335 -0.16798729 0.04267919
v -0.02466070 -0.16405751 0.04094662
v -0.02407391 -0.16793218 0.04126257
v -0.02383567 -0.16394910 0.04227642
v -0.02345363 -0.16796534 0.04211497
v -0.02440345 -0.17093581 0.04033488
v -0.02407345 -0.17095231 0.04114489
v -0.02278266 -0.17098117 0.04256173
v -0.02324912 -0.17097373 0.04219646
v -0.02395644 -0.17095640 0.04134629
v -0.02063977 -0.17099498 0.04323838
v -0.02233624 -0.17098646 0.04282079
v -0.02341991 -0.16303414 0.04725070
v -0.02458243 -0.15852496 0.04766643
v -0.02574864 -0.15650401 0.04751101
v -0.02626731 -0.15585221 0.04736836
v -0.02608445 -0.15641329 0.04753628
v -0.02359812 -0.16293292 0.04733370
v -0.02597525 -0.15644632 0.04753013
v -0.02478755 -0.15844223 0.04771788
v -0.02367373 -0.16286211 0.04736950
v -0.02488459 -0.15839228 0.04773943
v -0.02736248 -0.15069310 0.04204142
v -0.02793951 -0.14902693 0.04011421
v -0.02794057 -0.14897229 0.04003855
v -0.03303662 -0.14176099 0.03204091
v -0.02794103 -0.14579575 0.03559410
v -0.02794104 -0.14330590 0.03301187
v 0.02742495 -0.15028933 0.04183184
v 0.02629435 -0.15121830 0.04315890
v 0.02786713 -0.14900966 0.04003780
v 0.02786645 -0.14906378 0.04011312
v 0.03099620 -0.15121961 0.04315626
v 0.03088485 -0.15214369 0.04313787
v -0.03374257 -0.04185873 0.03727987
v -0.03427317 -0.04380585 0.03070801
v -0.03346537 -0.03997686 0.04387334
v -0.03355627 -0.03998197 0.04387352
v -0.03395490 -0.04011770 0.04383978
v -0.03461168 -0.04401615 0.03077575
v -0.03417999 -0.04030133 0.04379782
v -0.03483534 -0.04433848 0.03087276
v -0.03433227 -0.04050671 0.04375219
v 0.00491545 -0.04267279 0.03442618
v -0.03083685 -0.03997738 0.04387461
v -0.03445131 -0.04871837 0.01353748
v -0.03497438 -0.04768257 0.01938088
v -0.03441497 -0.04716331 0.01928082
v -0.03474738 -0.04736961 0.01931436
v -0.03477295 -0.04892678 0.01355704
v -0.03499260 -0.04923676 0.01360684
v 0.01458915 -0.03761352 0.03613603
v 0.01571630 -0.02893743 0.04096005
v 0.01571413 -0.03238792 0.03880070
v 0.01191135 -0.04050360 0.03591456
v 0.00816006 -0.04199052 0.03577453
v 0.01571156 -0.03561925 0.03579117
v 0.01571109 -0.03613026 0.03522982
v 0.01570826 0.02751053 -0.00136822
v 0.01570210 0.02512562 -0.01118902
v 0.01569587 0.01935409 -0.01948510
v 0.01569038 0.01097539 -0.02513605
v 0.01571351 0.02618671 0.00865092
v 0.01571712 0.02133295 0.01751527
v 0.01571816 0.01777059 0.02112952
v 0.01571863 0.01360478 0.02402766
v 0.01571781 0.00404593 0.02730854
v 0.01571479 -0.00605262 0.02691481
v 0.01568739 -0.02407098 -0.01310709
v 0.01569189 -0.02721327 -0.00350180
v 0.01568479 -0.01767104 -0.02092864
v 0.01570997 -0.01532701 0.02289966
v 0.01569769 -0.02667354 0.00659000
v 0.01570400 -0.02252468 0.01580535
v 0.01568639 0.00112114 -0.02737868
v 0.01568443 -0.00887781 -0.02591009
v 0.01626621 -0.04807556 -0.03510273
v 0.01649957 -0.05051237 -0.02315623
v 0.01627158 -0.05020193 -0.02203243
v 0.01586296 -0.04987100 -0.01978763
v 0.01573317 -0.04981969 -0.01871468
v 0.01535115 -0.05048995 -0.01941932
v 0.01584182 -0.05101779 -0.02141589
v 0.01469909 -0.05100393 -0.01910929
v 0.01514368 -0.05171028 -0.02088199
v 0.01423035 -0.05221680 -0.02047847
v 0.01393698 -0.05138629 -0.01887204
v 0.02786693 -0.14269902 0.02970147
v 0.02786659 -0.14496101 0.03452445
v 0.02786694 -0.14776148 0.03828652
v 0.03296338 -0.14176005 0.03199442
v 0.03259043 -0.03832635 0.04422999
v -0.03398076 -0.04053167 0.04374216
v 0.00567434 -0.07640658 0.02661648
v -0.00002359 -0.07462287 0.02665452
v 0.00256451 -0.07496426 0.02664641
v 0.00497604 -0.07596374 0.02662553
v -0.00502397 -0.07596097 0.02663113
v -0.00868528 -0.07961951 0.02656162
v -0.01002646 -0.08461818 0.02646463
v -0.00868817 -0.08961760 0.02636614
v -0.00968648 -0.08720598 0.02641385
v 0.00863234 -0.08962241 0.02635645
v 0.00497103 -0.09328094 0.02628694
v -0.00002936 -0.09461905 0.02626355
v -0.00261745 -0.09427766 0.02627166
v -0.00502897 -0.09327818 0.02629254
v -0.00709958 -0.09168871 0.02632477
v 0.00863523 -0.07962432 0.02655193
v 0.00963354 -0.08203594 0.02650422
v 0.00997353 -0.08462373 0.02645344
v -0.01595050 -0.11031438 -0.01911678
v -0.02309306 -0.10444049 -0.01899403
v -0.01550691 -0.11047477 -0.02412129
v -0.02309575 -0.10433929 -0.02399300
v -0.00739261 -0.11382024 -0.01919236
v -0.00638623 -0.11394726 -0.02419650
v -0.00638353 -0.11404846 -0.01919752
v 0.00181887 -0.11464601 -0.01921403
v 0.00336232 -0.11441258 -0.02421116
v 0.00336502 -0.11451377 -0.01921218
v -0.03006693 -0.07596940 -0.01841389
v -0.03006962 -0.07586819 -0.02341286
v -0.03058174 -0.07834785 -0.01846176
v -0.03096229 -0.08596055 -0.02361670
v -0.03095959 -0.08606175 -0.01861772
v -0.03079409 -0.08767585 -0.01865049
v -0.02855180 -0.09580145 -0.02381722
v -0.02854912 -0.09590266 -0.01881825
v -0.02822011 -0.09664433 -0.01883344
v -0.02879842 -0.07282916 -0.01809290
v 0.00703041 -0.11363607 -0.01895082
v 0.00702759 -0.11352991 -0.02419526
v -0.00464964 -0.05908079 -0.02308667
v -0.00725825 -0.05373395 -0.02297702
v -0.00346580 -0.05280241 -0.02296020
v 0.00453783 -0.05908334 -0.02309166
v 0.00628276 -0.05326773 -0.02297487
v 0.01310395 -0.06240393 -0.02316349
v 0.01540344 -0.05674022 -0.02305007
v 0.01989180 -0.06859410 -0.02329246
v 0.02299229 -0.06287570 -0.02317836
v 0.02398464 -0.07681784 -0.02346115
v 0.00896137 -0.10696090 -0.02406332
v -0.00007016 -0.10864625 -0.02409258
v -0.00066481 -0.10863901 -0.02409211
v -0.00910071 -0.10695590 -0.02405350
v 0.02231291 -0.09479873 -0.02382427
v 0.01677411 -0.10212746 -0.02396966
v 0.02482972 -0.08596449 -0.02364678
v 0.02894375 -0.09383718 -0.02380837
v -0.02410664 -0.07680454 -0.02343502
v -0.02000907 -0.06858306 -0.02327078
v -0.01321766 -0.06239664 -0.02314919
v -0.01691067 -0.10211814 -0.02395136
v -0.02244525 -0.09478635 -0.02379996
v -0.02495698 -0.08595072 -0.02361973
v 0.02829707 -0.07106604 -0.02334702
v 0.03079203 -0.08049944 -0.02353934
v 0.03022987 -0.09024090 -0.02373626
v -0.00346311 -0.05290361 -0.01796123
v -0.00725543 -0.05384049 -0.01771460
v 0.02894658 -0.09394348 -0.01855737
v 0.03023255 -0.09034210 -0.01873728
v 0.02299497 -0.06297690 -0.01817938
v 0.01579716 -0.05707008 -0.01805593
v 0.00716950 -0.05356695 -0.01798037
v -0.00210951 -0.05278360 -0.01795953
v 0.03051413 -0.08889302 -0.01870809
v 0.03068048 -0.07962313 -0.01852051
v 0.02809703 -0.07071882 -0.01833886
v 0.01602689 -0.00354875 -0.02416189
v 0.01602615 -0.01084379 -0.02188156
v 0.01605653 0.00792806 0.02309841
v 0.01602617 -0.01203739 -0.02124834
v 0.01602958 0.00541917 -0.02381225
v 0.01603386 0.01365520 -0.02024663
v 0.01603916 0.02004703 -0.01394659
v 0.01604476 0.02373138 -0.00576299
v 0.01602751 -0.01890032 -0.01546508
v 0.01603072 -0.02321065 -0.00759317
v 0.01603536 -0.02438626 0.00130423
v 0.01604084 -0.02226837 0.01002549
v 0.01605622 0.01573680 0.01867468
v 0.01605391 0.02142021 0.01172883
v 0.01604991 0.02421069 0.00319894
v 0.01605480 -0.00095141 0.02440257
v 0.01605126 -0.00970239 0.02241103
v 0.01604639 -0.01714301 0.01739276
v 0.01537337 -0.00354875 -0.02416189
v 0.01537338 0.00541917 -0.02381225
v 0.01537338 0.01365520 -0.02024663
v 0.01537338 0.02004703 -0.01394659
v 0.01537338 0.02373138 -0.00576299
v 0.01537338 0.02421069 0.00319894
v 0.01537337 0.02142021 0.01172883
v 0.01537337 0.01573681 0.01867468
v 0.01537338 0.00792806 0.02309841
v 0.01537338 -0.00095141 0.02440257
v 0.01537337 -0.00970239 0.02241103
v 0.01537338 -0.01714301 0.01739276
v 0.01537337 -0.02226837 0.01002549
v 0.01537338 -0.02438626 0.00130423
v 0.01537338 -0.02321065 -0.00759317
v 0.01537338 -0.01890032 -0.01546508
v 0.01537338 -0.01203739 -0.02124834
v 0.01537338 -0.01053191 0.02432709
v 0.01537338 -0.00103275 0.02648890
v 0.01537337 0.00860588 0.02507324
v 0.01537338 0.01708224 0.02027130
v 0.01537338 0.02325155 0.01273160
v 0.01537338 0.02628061 0.00347244
v 0.01537337 0.02576033 -0.00625570
v 0.01537338 0.02176097 -0.01513898
v 0.01537338 0.01482267 -0.02197764
v 0.01537337 0.00588249 -0.02584811
v 0.01537337 -0.00385215 -0.02622765
v 0.01537338 -0.01306655 -0.02306499
v 0.01537337 -0.02051623 -0.01678728
v 0.01537338 -0.02519508 -0.00824236
v 0.01537337 -0.02647119 0.00141574
v 0.01537338 -0.02417223 0.01088264
v 0.01537338 -0.01860867 0.01887977
v 0.01602566 -0.00385215 -0.02622765
v 0.01602485 -0.01177090 -0.02375236
v 0.01602487 -0.01306655 -0.02306499
v 0.01602631 -0.02051623 -0.01678728
v 0.01602979 -0.02519508 -0.00824236
v 0.01603485 -0.02647120 0.00141574
v 0.01604079 -0.02417223 0.01088264
v 0.01604681 -0.01860867 0.01887977
v 0.01605209 -0.01053191 0.02432709
v 0.01605594 -0.00103275 0.02648890
v 0.01605783 0.00860588 0.02507324
v 0.01605750 0.01708224 0.02027130
v 0.01605499 0.02325155 0.01273160
v 0.01605063 0.02628062 0.00347244
v 0.01604504 0.02576033 -0.00625570
v 0.01603897 0.02176097 -0.01513898
v 0.01603322 0.01482267 -0.02197764
v 0.01602856 0.00588249 -0.02584811
v 0.01605816 0.01777050 0.02112933
v 0.01605863 0.01360468 0.02402746
v 0.01605781 0.00404584 0.02730835
v 0.01605479 -0.00605271 0.02691462
v 0.01604997 -0.01532710 0.02289947
v 0.01604400 -0.02252477 0.01580516
v 0.01603769 -0.02667364 0.00658981
v 0.01603189 -0.02721336 -0.00350199
v 0.01602739 -0.02407107 -0.01310729
v 0.01602479 -0.01767114 -0.02092883
v 0.01602443 -0.00887791 -0.02591028
v 0.01605712 0.02133285 0.01751508
v 0.01605351 0.02618661 0.00865073
v 0.01604826 0.02751043 -0.00136841
v 0.01604210 0.02512553 -0.01118921
v 0.01603587 0.01935399 -0.01948529
v 0.01603038 0.01097530 -0.02513625
v 0.01602639 0.00112104 -0.02737887
v -0.00910567 -0.10678136 -0.03298048
v -0.01691561 -0.10194355 -0.03288156
v -0.02245020 -0.09461164 -0.03273514
v -0.02496193 -0.08577589 -0.03256099
v -0.02411159 -0.07662959 -0.03238264
v -0.02001402 -0.06840800 -0.03222416
v -0.01322262 -0.06222150 -0.03210697
v -0.00465460 -0.05890561 -0.03204688
v 0.00453287 -0.05890814 -0.03205202
v 0.01309898 -0.06222878 -0.03212170
v 0.01988683 -0.06841903 -0.03224649
v 0.02397968 -0.07664289 -0.03240955
v 0.02482476 -0.08578965 -0.03258886
v 0.02230795 -0.09462401 -0.03276019
v 0.01676916 -0.10195285 -0.03290042
v 0.00895642 -0.10678635 -0.03299059
v -0.00007511 -0.10847173 -0.03301853
v -0.00006793 -0.08347651 -0.03252983
f 1 2 3
f 4 5 6
f 6 5 7
f 4 8 5
f 5 8 9
f 5 9 10
f 10 9 11
f 10 11 12
f 13 14 15
f 7 16 6
f 6 16 17
f 6 17 18
f 19 20 21
f 22 23 24
f 24 23 25
f 24 25 26
f 26 25 27
f 28 29 30
f 31 32 33
f 33 32 34
f 33 34 35
f 23 36 25
f 25 36 37
f 25 37 13
f 13 37 38
f 13 38 14
f 35 34 15
f 15 34 39
f 15 39 13
f 40 41 42
f 42 41 43
f 29 28 44
f 44 28 45
f 44 45 46
f 46 45 47
f 46 47 3
f 3 47 48
f 3 48 1
f 31 49 50
f 51 52 13
f 18 53 6
f 6 53 54
f 6 54 55
f 55 56 6
f 6 56 57
f 6 57 58
f 58 57 59
f 58 59 60
f 60 59 61
f 60 61 62
f 19 21 63
f 50 64 31
f 31 64 65
f 31 65 32
f 32 65 66
f 32 66 67
f 67 66 68
f 67 68 59
f 59 68 69
f 59 69 61
f 40 70 41
f 41 70 71
f 41 71 21
f 21 71 72
f 21 72 63
f 73 74 75
f 75 74 76
f 75 76 12
f 22 77 23
f 23 77 78
f 23 78 79
f 79 78 80
f 79 80 81
f 81 80 82
f 52 83 13
f 13 83 84
f 13 84 85
f 10 86 87
f 88 89 90
f 30 27 28
f 28 27 25
f 28 25 91
f 91 25 92
f 91 92 93
f 94 95 96
f 82 97 98
f 99 51 100
f 100 51 13
f 100 13 101
f 101 13 39
f 73 102 103
f 76 104 12
f 12 104 105
f 12 105 10
f 10 105 106
f 10 106 86
f 89 10 90
f 90 10 87
f 90 87 43
f 43 87 107
f 43 107 42
f 108 109 110
f 96 111 94
f 94 111 91
f 94 91 112
f 112 91 93
f 112 93 113
f 114 115 116
f 116 115 81
f 116 81 117
f 117 81 82
f 117 82 118
f 118 82 98
f 119 120 121
f 121 120 122
f 121 122 123
f 123 122 74
f 123 74 124
f 124 74 73
f 124 73 125
f 125 73 103
f 110 126 108
f 108 126 127
f 108 127 90
f 90 127 128
f 90 128 88
f 129 130 131
f 131 130 132
f 133 134 129
f 129 134 130
f 131 132 51
f 51 132 52
f 135 136 137
f 137 136 138
f 139 140 141
f 141 140 142
f 142 140 143
f 142 143 144
f 145 146 147
f 148 149 150
f 150 149 151
f 150 151 143
f 143 151 152
f 152 153 143
f 143 153 154
f 143 154 144
f 155 156 157
f 146 158 147
f 147 158 159
f 147 159 160
f 160 161 147
f 147 161 155
f 147 155 162
f 162 155 157
f 163 164 165
f 166 167 168
f 169 170 145
f 145 170 171
f 145 171 172
f 147 173 145
f 145 173 174
f 145 174 169
f 169 174 175
f 168 176 166
f 166 176 145
f 166 145 177
f 177 145 172
f 177 172 178
f 179 180 181
f 181 180 134
f 181 134 141
f 141 134 133
f 141 133 163
f 163 165 141
f 141 165 182
f 141 182 139
f 139 182 183
f 139 183 184
f 184 183 185
f 184 185 175
f 175 185 186
f 175 186 169
f 187 188 189
f 189 188 190
f 191 192 193
f 193 192 194
f 195 196 197
f 197 196 198
f 199 200 201
f 201 200 202
f 203 204 205
f 205 204 206
f 207 208 209
f 209 208 210
f 211 212 213
f 213 212 214
f 197 198 215
f 197 215 216
f 216 215 217
f 216 217 218
f 218 217 212
f 218 212 211
f 209 210 219
f 209 219 220
f 220 219 221
f 220 221 222
f 222 221 192
f 222 192 191
f 136 135 223
f 223 135 224
f 223 224 225
f 225 224 226
f 225 226 214
f 214 226 213
f 208 207 227
f 227 207 228
f 227 228 229
f 229 228 230
f 229 230 138
f 138 230 137
f 196 195 231
f 196 231 232
f 232 231 233
f 232 233 234
f 234 233 235
f 234 235 236
f 236 235 205
f 236 205 206
f 200 199 237
f 200 237 238
f 238 237 239
f 238 239 240
f 240 239 241
f 240 241 242
f 242 241 193
f 242 193 194
f 132 130 243
f 132 243 244
f 244 243 245
f 244 245 246
f 246 245 247
f 246 247 248
f 248 247 204
f 248 204 203
f 201 202 249
f 201 249 250
f 250 249 251
f 250 251 252
f 252 251 253
f 252 253 254
f 254 253 190
f 254 190 188
f 146 200 238
f 146 238 158
f 158 238 240
f 158 240 159
f 159 240 242
f 159 242 160
f 160 242 194
f 160 194 161
f 192 155 194
f 194 155 161
f 145 202 146
f 146 202 200
f 155 192 221
f 155 221 156
f 156 221 219
f 156 219 157
f 157 219 210
f 157 210 162
f 166 190 253
f 166 253 167
f 167 253 251
f 167 251 168
f 168 251 249
f 168 249 176
f 176 249 202
f 176 202 145
f 208 147 210
f 210 147 162
f 189 190 177
f 177 190 166
f 138 175 229
f 229 175 174
f 229 174 227
f 227 174 173
f 227 173 208
f 208 173 147
f 141 204 247
f 141 247 181
f 181 247 245
f 181 245 179
f 179 245 243
f 179 243 180
f 180 243 130
f 180 130 134
f 136 184 138
f 138 184 175
f 142 206 141
f 141 206 204
f 214 143 225
f 225 143 140
f 225 140 223
f 223 140 139
f 223 139 136
f 136 139 184
f 152 196 232
f 152 232 153
f 153 232 234
f 153 234 154
f 154 234 236
f 154 236 144
f 144 236 206
f 144 206 142
f 212 150 214
f 214 150 143
f 151 198 152
f 152 198 196
f 150 212 217
f 150 217 148
f 148 217 215
f 148 215 149
f 149 215 198
f 149 198 151
f 127 193 241
f 127 241 128
f 128 241 239
f 128 239 88
f 88 239 237
f 88 237 89
f 89 237 199
f 89 199 10
f 201 5 199
f 199 5 10
f 126 191 127
f 127 191 193
f 5 201 250
f 5 250 7
f 7 250 252
f 7 252 16
f 16 252 254
f 16 254 17
f 17 254 188
f 17 188 18
f 108 209 220
f 108 220 109
f 109 220 222
f 109 222 110
f 110 222 191
f 110 191 126
f 53 18 187
f 187 18 188
f 90 207 108
f 108 207 209
f 52 132 244
f 52 244 83
f 83 244 246
f 83 246 84
f 84 246 248
f 84 248 85
f 85 248 203
f 85 203 13
f 207 90 228
f 228 90 43
f 228 43 230
f 230 43 41
f 230 41 137
f 137 41 21
f 205 25 203
f 203 25 13
f 137 21 20
f 137 20 135
f 135 20 48
f 135 48 47
f 25 205 235
f 25 235 92
f 92 235 233
f 92 233 93
f 93 233 231
f 93 231 113
f 113 231 195
f 113 195 112
f 135 47 224
f 224 47 45
f 224 45 226
f 226 45 28
f 226 28 213
f 213 28 91
f 197 94 195
f 195 94 112
f 111 211 91
f 91 211 213
f 94 197 216
f 94 216 95
f 95 216 218
f 95 218 96
f 96 218 211
f 96 211 111
f 255 256 257
f 257 256 258
f 257 258 259
f 259 258 260
f 259 260 261
f 261 260 262
f 261 262 263
f 263 262 264
f 265 266 267
f 267 266 268
f 267 268 269
f 269 268 270
f 269 270 255
f 255 270 256
f 263 264 271
f 263 271 272
f 272 271 273
f 272 273 274
f 274 273 129
f 274 129 131
f 187 189 275
f 187 275 276
f 276 275 277
f 276 277 278
f 278 277 266
f 278 266 265
f 171 266 277
f 171 277 172
f 172 277 275
f 172 275 178
f 178 275 189
f 178 189 177
f 266 171 268
f 268 171 170
f 268 170 270
f 270 170 169
f 270 169 256
f 256 169 186
f 185 258 186
f 186 258 256
f 258 185 260
f 260 185 183
f 260 183 262
f 262 183 182
f 262 182 264
f 264 182 165
f 133 129 273
f 133 273 163
f 163 273 271
f 163 271 164
f 164 271 264
f 164 264 165
f 53 187 276
f 53 276 54
f 54 276 278
f 54 278 55
f 55 278 265
f 55 265 56
f 255 67 269
f 269 67 59
f 269 59 267
f 267 59 57
f 267 57 265
f 265 57 56
f 257 32 255
f 255 32 67
f 263 101 261
f 261 101 39
f 261 39 259
f 259 39 34
f 259 34 257
f 257 34 32
f 101 263 272
f 101 272 100
f 100 272 274
f 100 274 99
f 99 274 131
f 99 131 51
f 279 280 281
f 281 280 282
f 282 280 283
f 282 283 284
f 284 283 285
f 284 285 286
f 287 288 289
f 290 291 292
f 289 293 287
f 287 293 294
f 287 294 295
f 292 296 290
f 290 296 297
f 290 297 298
f 298 297 299
f 300 301 302
f 302 301 286
f 302 286 303
f 303 286 285
f 303 285 304
f 304 285 287
f 304 287 305
f 305 287 295
f 306 307 291
f 291 307 308
f 291 308 292
f 309 310 311
f 311 310 307
f 311 307 312
f 312 307 306
f 313 314 315
f 315 314 316
f 315 316 317
f 318 319 320
f 320 319 298
f 320 298 321
f 321 298 299
f 322 323 324
f 324 323 297
f 324 297 325
f 325 297 296
f 326 309 327
f 327 309 311
f 327 311 328
f 328 311 279
f 328 279 329
f 329 279 281
f 317 316 330
f 317 330 331
f 331 330 332
f 331 332 333
f 333 332 334
f 333 334 335
f 335 334 336
f 335 336 337
f 338 339 335
f 340 341 342
f 319 343 298
f 298 343 344
f 298 344 345
f 345 344 346
f 345 346 347
f 342 348 340
f 340 348 349
f 340 349 350
f 350 349 351
f 350 351 352
f 338 335 353
f 351 354 352
f 352 354 355
f 352 355 356
f 356 355 357
f 356 357 358
f 358 357 359
f 358 359 339
f 339 359 360
f 339 360 335
f 361 362 363
f 363 362 364
f 363 364 340
f 340 364 365
f 340 365 341
f 341 365 366
f 341 366 313
f 313 366 367
f 313 367 314
f 288 287 368
f 368 287 369
f 368 369 370
f 370 369 371
f 370 371 372
f 353 335 373
f 373 335 337
f 373 337 374
f 374 337 375
f 374 375 376
f 376 375 370
f 376 370 346
f 346 370 372
f 346 372 347
f 377 378 379
f 379 378 380
f 381 379 380
f 380 382 381
f 381 382 383
f 381 383 384
f 384 383 385
f 384 385 386
f 386 385 387
f 386 387 388
f 389 390 391
f 384 386 381
f 381 386 388
f 381 388 379
f 379 388 392
f 379 392 377
f 392 393 377
f 377 393 389
f 377 389 394
f 394 389 391
f 395 378 377
f 377 394 395
f 395 394 391
f 395 391 396
f 396 391 390
f 396 390 397
f 397 390 389
f 397 389 398
f 399 33 35
f 399 35 400
f 400 35 15
f 400 15 401
f 401 15 14
f 401 14 402
f 402 14 38
f 402 38 403
f 38 37 403
f 403 37 404
f 404 37 36
f 404 36 405
f 405 36 23
f 405 23 406
f 406 23 79
f 406 79 407
f 378 408 380
f 380 408 409
f 410 75 12
f 410 12 411
f 411 12 11
f 411 11 412
f 412 11 9
f 412 9 413
f 414 413 8
f 8 413 9
f 414 8 4
f 414 4 415
f 415 4 6
f 415 6 416
f 416 6 58
f 416 58 417
f 418 419 420
f 418 420 421
f 421 420 393
f 421 393 392
f 422 387 385
f 422 385 423
f 423 385 383
f 423 383 424
f 424 383 382
f 424 382 425
f 425 382 380
f 425 380 409
f 388 387 392
f 392 387 426
f 427 418 421
f 427 421 428
f 428 421 392
f 428 392 426
f 429 393 420
f 429 420 430
f 430 420 419
f 430 419 431
f 393 429 389
f 389 429 398
f 408 378 395
f 408 395 432
f 432 395 396
f 432 396 433
f 433 396 397
f 433 397 434
f 434 397 398
f 434 398 435
f 413 414 436
f 415 416 414
f 414 416 417
f 414 417 436
f 411 412 410
f 410 412 413
f 410 413 437
f 437 413 436
f 437 436 438
f 439 440 407
f 407 440 441
f 407 441 399
f 399 400 401
f 405 406 404
f 404 406 407
f 404 407 403
f 403 407 399
f 403 399 402
f 402 399 401
f 79 81 407
f 407 81 439
f 410 437 75
f 75 437 73
f 442 68 443
f 443 68 66
f 440 31 441
f 441 31 33
f 441 33 399
f 424 20 423
f 423 20 422
f 432 433 48
f 48 433 434
f 48 434 435
f 424 425 20
f 20 425 409
f 20 409 48
f 48 409 408
f 48 408 432
f 417 58 436
f 436 58 60
f 436 60 438
f 375 117 118
f 375 118 370
f 370 118 98
f 370 98 368
f 368 98 97
f 368 97 288
f 288 97 82
f 288 82 289
f 289 82 293
f 293 82 80
f 304 24 303
f 303 24 26
f 398 429 435
f 435 429 430
f 430 431 435
f 435 431 328
f 435 328 48
f 48 328 329
f 48 329 1
f 327 419 326
f 326 419 418
f 296 70 325
f 325 70 40
f 297 86 299
f 299 86 106
f 343 122 120
f 343 120 344
f 344 120 119
f 344 119 346
f 346 119 121
f 346 121 376
f 376 121 123
f 376 123 374
f 319 74 343
f 343 74 122
f 321 299 106
f 106 105 321
f 321 105 104
f 321 104 320
f 320 104 76
f 320 76 318
f 318 76 74
f 318 74 319
f 324 325 40
f 40 42 324
f 324 42 107
f 324 107 322
f 322 107 87
f 322 87 323
f 323 87 86
f 323 86 297
f 422 309 427
f 309 422 310
f 310 422 20
f 310 20 19
f 427 428 422
f 422 428 426
f 422 426 387
f 71 70 296
f 296 292 71
f 71 292 308
f 71 308 72
f 72 308 307
f 72 307 63
f 63 307 310
f 63 310 19
f 326 418 309
f 309 418 427
f 328 431 327
f 327 431 419
f 286 44 284
f 284 44 46
f 284 46 3
f 284 3 282
f 282 3 2
f 282 2 281
f 281 2 1
f 281 1 329
f 302 303 26
f 26 27 302
f 302 27 30
f 302 30 300
f 300 30 29
f 300 29 301
f 301 29 44
f 301 44 286
f 294 293 80
f 80 78 294
f 294 78 77
f 294 77 295
f 295 77 22
f 295 22 305
f 305 22 24
f 305 24 304
f 353 124 125
f 102 73 437
f 353 125 338
f 338 125 103
f 338 103 339
f 339 103 102
f 339 102 358
f 358 102 437
f 358 437 356
f 364 65 64
f 49 31 440
f 364 64 365
f 365 64 50
f 365 50 366
f 366 50 49
f 366 49 367
f 367 49 440
f 367 440 314
f 438 60 62
f 438 62 352
f 352 62 350
f 350 62 61
f 350 61 340
f 340 61 69
f 340 69 363
f 361 363 442
f 442 363 69
f 442 69 68
f 443 362 442
f 442 362 361
f 66 65 443
f 443 65 364
f 443 364 362
f 352 356 438
f 438 356 437
f 374 123 373
f 373 123 124
f 373 124 353
f 439 81 115
f 316 439 330
f 330 439 115
f 330 115 332
f 332 115 114
f 332 114 334
f 334 114 116
f 334 116 336
f 316 314 439
f 439 314 440
f 336 116 337
f 337 116 117
f 337 117 375
f 280 279 444
f 444 445 280
f 280 445 446
f 280 446 283
f 283 446 447
f 283 447 285
f 285 447 448
f 285 448 287
f 287 448 449
f 287 449 369
f 450 291 451
f 451 291 290
f 451 290 452
f 452 290 298
f 452 298 453
f 453 298 345
f 453 345 454
f 454 345 347
f 454 347 455
f 455 347 372
f 455 372 449
f 449 372 371
f 449 371 369
f 279 311 444
f 444 311 312
f 444 312 450
f 450 312 306
f 450 306 291
f 453 454 456
f 456 454 455
f 456 455 449
f 450 451 456
f 456 451 452
f 456 452 453
f 446 445 456
f 456 445 444
f 456 444 450
f 449 448 456
f 456 448 447
f 456 447 446
f 331 333 457
f 457 458 331
f 331 458 459
f 331 459 317
f 317 459 460
f 317 460 315
f 315 460 461
f 315 461 313
f 313 461 462
f 313 462 341
f 463 357 464
f 464 357 355
f 464 355 465
f 465 355 354
f 465 354 466
f 466 354 351
f 466 351 467
f 467 351 349
f 467 349 468
f 468 349 348
f 468 348 462
f 462 348 342
f 462 342 341
f 333 335 457
f 457 335 360
f 457 360 463
f 463 360 359
f 463 359 357
f 466 467 469
f 469 467 468
f 469 468 462
f 463 464 469
f 469 464 465
f 469 465 466
f 459 458 469
f 469 458 457
f 469 457 463
f 462 461 469
f 469 461 460
f 469 460 459
f 470 471 472
f 472 471 473
f 472 473 474
f 474 473 475
f 474 475 476
f 476 475 477
f 476 477 478
f 478 477 479
f 479 477 480
f 479 480 481
f 481 480 482
f 481 482 483
f 483 482 484
f 484 482 485
f 484 485 486
f 486 485 487
f 487 485 488
f 487 488 489
f 489 490 487
f 487 490 491
f 487 491 492
f 493 494 495
f 495 494 487
f 495 487 496
f 496 487 492
f 497 498 499
f 500 501 502
f 502 501 503
f 502 503 504
f 504 503 505
f 504 505 506
f 499 507 508
f 509 510 511
f 499 512 507
f 507 512 513
f 507 513 500
f 500 513 514
f 500 514 501
f 508 515 499
f 499 515 516
f 499 516 517
f 511 518 509
f 509 518 519
f 509 519 505
f 505 519 520
f 505 520 506
f 517 521 499
f 499 521 522
f 499 522 523
f 524 497 525
f 525 497 499
f 525 499 526
f 526 499 523
f 527 528 529
f 529 528 530
f 529 530 531
f 532 533 534
f 534 533 535
f 534 535 530
f 530 535 536
f 530 536 531
f 532 537 533
f 533 537 538
f 533 538 539
f 540 541 542
f 542 541 533
f 542 533 543
f 543 533 539
f 544 545 546
f 546 545 547
f 546 547 548
f 549 550 551
f 551 550 552
f 551 552 547
f 547 552 553
f 547 553 548
f 554 555 549
f 549 555 556
f 549 556 550
f 557 558 559
f 554 549 559
f 559 549 560
f 559 560 557
f 561 562 563
f 563 564 565
f 566 561 567
f 567 561 563
f 567 563 568
f 568 563 565
f 568 565 569
f 570 571 572
f 572 573 570
f 570 573 574
f 570 574 575
f 571 576 572
f 572 576 577
f 572 577 578
f 579 580 581
f 579 581 582
f 581 583 584
f 582 581 585
f 585 581 584
f 585 584 586
f 587 588 589
f 590 591 587
f 589 592 593
f 587 589 590
f 590 589 593
f 590 593 594
f 544 595 545
f 545 595 582
f 545 582 596
f 597 598 586
f 586 598 591
f 586 591 585
f 585 591 590
f 585 590 582
f 582 590 594
f 582 594 596
f 528 527 599
f 599 527 562
f 600 601 578
f 578 601 564
f 578 564 563
f 527 602 562
f 562 602 573
f 562 573 563
f 563 573 572
f 563 572 578
f 597 586 584
f 505 603 509
f 509 603 597
f 509 597 604
f 604 597 584
f 604 584 583
f 603 505 605
f 605 505 503
f 605 503 606
f 606 503 501
f 606 501 607
f 607 501 514
f 524 608 609
f 524 609 497
f 497 609 610
f 497 610 498
f 498 610 611
f 498 611 499
f 499 611 612
f 499 612 512
f 512 612 613
f 512 613 513
f 513 613 607
f 513 607 514
f 614 608 524
f 615 616 516
f 507 617 508
f 508 617 615
f 508 615 515
f 515 615 516
f 618 522 619
f 619 522 521
f 619 521 616
f 616 521 517
f 616 517 516
f 524 525 614
f 614 525 526
f 614 526 618
f 618 526 523
f 618 523 522
f 617 507 620
f 620 507 500
f 620 500 621
f 621 500 502
f 621 502 622
f 622 502 504
f 623 622 504
f 504 506 623
f 623 506 520
f 623 520 624
f 624 520 519
f 624 519 625
f 625 519 518
f 625 518 626
f 626 518 511
f 626 511 627
f 627 511 601
f 601 511 510
f 601 510 628
f 628 569 601
f 601 569 565
f 601 565 564
f 600 578 577
f 472 629 470
f 470 629 600
f 470 600 630
f 630 600 577
f 630 577 576
f 629 472 474
f 629 474 631
f 631 474 476
f 631 476 632
f 632 476 478
f 632 478 633
f 633 478 479
f 633 479 634
f 634 479 481
f 634 481 635
f 635 481 483
f 635 483 636
f 637 636 483
f 483 484 637
f 637 484 486
f 637 486 638
f 638 486 487
f 638 487 639
f 639 487 494
f 639 494 640
f 640 494 493
f 640 493 641
f 641 493 495
f 641 495 642
f 488 643 644
f 488 644 489
f 489 644 645
f 489 645 490
f 490 645 646
f 490 646 491
f 491 646 647
f 491 647 492
f 492 647 648
f 492 648 496
f 496 648 642
f 496 642 495
f 649 643 488
f 488 485 649
f 649 485 482
f 649 482 650
f 650 482 480
f 650 480 651
f 651 480 477
f 651 477 652
f 652 477 475
f 652 475 653
f 653 475 473
f 653 473 654
f 654 473 598
f 598 473 471
f 598 471 655
f 655 588 598
f 598 588 587
f 598 587 591
f 656 547 592
f 592 547 545
f 592 545 593
f 593 545 596
f 593 596 594
f 656 657 547
f 547 657 658
f 547 658 551
f 549 551 658
f 658 659 549
f 549 659 660
f 549 660 560
f 660 661 560
f 560 661 662
f 560 662 557
f 662 663 557
f 557 663 664
f 557 664 558
f 664 665 558
f 558 665 666
f 558 666 559
f 667 554 668
f 668 554 559
f 668 559 669
f 669 559 666
f 667 670 554
f 554 670 555
f 670 671 555
f 555 671 672
f 555 672 556
f 672 673 556
f 556 673 674
f 556 674 550
f 674 675 550
f 550 675 676
f 550 676 552
f 677 548 678
f 678 548 553
f 678 553 679
f 679 553 552
f 679 552 680
f 680 552 676
f 544 579 595
f 595 579 582
f 548 677 546
f 546 677 681
f 546 681 544
f 544 681 580
f 544 580 579
f 530 528 566
f 566 528 561
f 561 528 599
f 561 599 562
f 566 682 530
f 530 682 683
f 530 683 534
f 532 534 683
f 683 684 532
f 532 684 685
f 532 685 537
f 685 686 537
f 537 686 687
f 537 687 538
f 687 688 538
f 538 688 689
f 538 689 539
f 689 690 539
f 539 690 691
f 539 691 543
f 692 542 693
f 693 542 543
f 693 543 694
f 694 543 691
f 692 695 542
f 542 695 540
f 695 696 540
f 540 696 697
f 540 697 541
f 697 698 541
f 541 698 699
f 541 699 533
f 699 700 533
f 533 700 701
f 533 701 535
f 702 531 703
f 703 531 536
f 703 536 704
f 704 536 535
f 704 535 705
f 705 535 701
f 529 531 702
f 527 574 602
f 602 574 573
f 702 706 529
f 529 706 707
f 529 707 527
f 527 707 575
f 527 575 574
f 636 617 635
f 635 617 620
f 635 620 634
f 634 620 633
f 633 620 621
f 633 621 632
f 632 621 631
f 631 621 622
f 631 622 629
f 654 603 653
f 653 603 605
f 653 605 652
f 652 605 651
f 651 605 606
f 651 606 650
f 650 606 649
f 649 606 607
f 649 607 643
f 643 607 613
f 643 613 644
f 644 613 612
f 644 612 645
f 645 612 611
f 645 611 646
f 646 611 610
f 646 610 647
f 647 610 609
f 647 609 648
f 648 609 608
f 648 608 642
f 642 608 614
f 642 614 641
f 641 614 618
f 641 618 640
f 640 618 619
f 640 619 639
f 639 619 616
f 639 616 638
f 638 616 615
f 638 615 637
f 637 615 617
f 637 617 636
f 627 601 600
f 629 622 623
f 623 624 629
f 629 624 625
f 629 625 600
f 600 625 626
f 600 626 627
f 667 692 693
f 683 677 684
f 684 677 678
f 684 678 685
f 685 678 679
f 685 679 686
f 686 679 680
f 686 680 687
f 687 680 676
f 687 676 688
f 688 676 675
f 688 675 689
f 689 675 674
f 689 674 690
f 690 674 673
f 690 673 691
f 691 673 672
f 691 672 694
f 694 672 671
f 694 671 693
f 693 671 670
f 693 670 667
f 658 702 659
f 659 702 703
f 659 703 660
f 660 703 704
f 660 704 661
f 661 704 705
f 661 705 662
f 662 705 701
f 662 701 663
f 663 701 700
f 663 700 664
f 664 700 699
f 664 699 665
f 665 699 698
f 665 698 666
f 666 698 697
f 666 697 669
f 669 697 696
f 669 696 668
f 696 695 668
f 668 695 692
f 668 692 667
f 597 603 598
f 598 603 654
f 510 509 628
f 628 509 604
f 628 604 569
f 569 604 583
f 569 583 568
f 568 583 567
f 567 583 581
f 567 581 566
f 566 581 580
f 566 580 682
f 580 681 682
f 682 681 677
f 682 677 683
f 471 470 655
f 655 470 630
f 655 630 588
f 588 630 576
f 588 576 589
f 576 571 589
f 589 571 570
f 589 570 592
f 592 570 575
f 592 575 656
f 656 575 707
f 656 707 657
f 657 707 706
f 657 706 658
f 658 706 702
f 708 709 710
f 711 712 710
f 710 712 708
f 713 714 715
f 714 713 716
f 717 718 719
f 720 721 722
f 723 724 725
f 725 724 721
f 720 722 726
f 726 722 727
f 726 727 728
f 729 730 731
f 731 730 732
f 731 732 733
f 733 732 734
f 733 734 719
f 719 734 735
f 719 735 717
f 736 737 738
f 716 739 714
f 714 739 740
f 714 740 741
f 741 740 742
f 743 744 745
f 745 744 746
f 745 746 747
f 747 746 748
f 748 746 749
f 748 749 750
f 746 751 749
f 749 751 752
f 749 752 753
f 754 755 756
f 756 755 757
f 756 757 758
f 758 757 759
f 758 759 760
f 760 759 753
f 760 753 761
f 761 753 752
f 754 756 762
f 762 756 763
f 762 763 764
f 711 710 765
f 711 765 766
f 711 766 767
f 768 769 770
f 770 769 771
f 770 771 772
f 772 771 773
f 772 773 774
f 717 728 718
f 718 728 727
f 718 727 775
f 775 727 722
f 775 722 776
f 776 722 721
f 777 724 778
f 778 724 723
f 778 723 779
f 779 723 780
f 779 780 710
f 764 763 781
f 781 763 777
f 781 777 782
f 782 777 778
f 782 778 772
f 772 778 779
f 772 779 770
f 770 779 710
f 770 710 768
f 768 710 709
f 768 709 769
f 738 730 736
f 736 730 729
f 736 729 737
f 737 729 783
f 737 783 784
f 784 783 785
f 784 785 786
f 786 785 787
f 786 787 788
f 788 787 714
f 721 724 776
f 776 724 777
f 776 777 775
f 775 777 763
f 775 763 718
f 718 763 756
f 718 756 719
f 719 756 758
f 719 758 733
f 733 758 760
f 733 760 731
f 731 760 761
f 731 761 729
f 729 761 752
f 729 752 783
f 783 752 751
f 783 751 785
f 785 751 746
f 785 746 787
f 787 746 744
f 787 744 714
f 714 744 743
f 714 743 715
f 789 790 791
f 792 793 794
f 795 750 749
f 796 797 798
f 799 800 764
f 801 754 800
f 800 754 762
f 800 762 764
f 764 781 799
f 799 781 782
f 799 782 772
f 772 774 799
f 799 774 802
f 799 802 803
f 803 789 799
f 799 789 791
f 799 791 800
f 800 791 804
f 800 804 801
f 801 804 805
f 801 805 806
f 806 805 807
f 806 807 808
f 808 807 809
f 808 809 810
f 810 809 811
f 810 811 794
f 794 811 796
f 794 796 792
f 792 796 798
f 793 795 794
f 794 795 749
f 794 749 810
f 810 749 753
f 810 753 808
f 808 753 759
f 808 759 806
f 806 759 757
f 806 757 801
f 801 757 755
f 801 755 754
f 791 790 812
f 813 814 815
f 816 817 815
f 815 817 818
f 818 819 815
f 815 819 820
f 815 820 821
f 821 822 815
f 815 822 823
f 815 823 824
f 824 825 815
f 815 825 826
f 815 826 827
f 827 828 815
f 815 828 829
f 815 829 813
f 830 831 832
f 833 834 835
f 834 836 835
f 835 836 837
f 835 837 838
f 838 839 835
f 835 839 840
f 835 840 841
f 831 842 832
f 832 842 843
f 832 843 844
f 844 845 832
f 832 845 846
f 832 846 847
f 816 815 847
f 847 815 848
f 847 848 832
f 849 850 851
f 851 850 852
f 851 852 853
f 853 852 854
f 853 854 835
f 835 854 855
f 835 855 833
f 856 857 851
f 851 857 858
f 851 858 849
f 859 860 851
f 851 860 861
f 851 861 862
f 862 863 851
f 851 863 864
f 851 864 865
f 865 866 851
f 851 866 867
f 851 867 868
f 868 869 851
f 851 869 870
f 851 870 856
f 841 830 835
f 835 830 832
f 835 832 871
f 871 832 872
f 873 874 875
f 873 875 876
f 877 878 879
f 879 878 880
f 875 881 876
f 876 881 882
f 876 882 883
f 883 882 884
f 883 884 885
f 885 884 880
f 885 880 886
f 886 880 878
f 879 887 877
f 877 887 888
f 877 888 889
f 888 890 889
f 889 890 891
f 889 891 892
f 891 893 892
f 892 893 894
f 892 894 790
f 790 894 895
f 790 895 812
f 812 797 796
f 796 811 812
f 812 811 809
f 812 809 807
f 807 805 812
f 812 805 804
f 812 804 791
f 896 897 898
f 832 899 872
f 872 899 900
f 872 900 898
f 898 900 901
f 898 901 896
f 873 902 874
f 874 902 903
f 874 903 897
f 897 903 904
f 897 904 898
f 860 859 905
f 905 906 860
f 860 906 907
f 860 907 861
f 861 907 908
f 861 908 909
f 910 866 865
f 910 865 911
f 911 865 864
f 911 864 912
f 912 864 863
f 912 863 909
f 909 863 862
f 909 862 861
f 913 814 914
f 914 814 813
f 914 813 915
f 915 813 916
f 916 813 829
f 916 829 917
f 825 824 918
f 825 918 826
f 826 918 919
f 826 919 827
f 827 919 920
f 827 920 828
f 828 920 917
f 828 917 829
f 921 818 817
f 850 849 922
f 922 923 850
f 850 923 924
f 850 924 852
f 852 924 925
f 852 925 854
f 854 925 855
f 855 925 926
f 855 926 833
f 833 926 834
f 834 926 927
f 834 927 836
f 836 927 837
f 837 927 928
f 837 928 838
f 838 928 839
f 839 928 929
f 839 929 840
f 840 929 841
f 841 929 930
f 841 930 830
f 830 930 931
f 830 931 831
f 831 931 932
f 831 932 842
f 842 932 843
f 843 932 933
f 843 933 844
f 844 933 934
f 844 934 845
f 845 934 935
f 845 935 846
f 846 935 847
f 847 935 936
f 847 936 816
f 816 936 937
f 816 937 817
f 817 937 938
f 817 938 921
f 939 867 940
f 940 867 866
f 940 866 910
f 910 941 940
f 940 941 942
f 940 942 939
f 939 942 943
f 939 943 944
f 944 943 922
f 944 922 849
f 856 870 944
f 944 870 869
f 944 869 939
f 939 869 868
f 939 868 867
f 849 858 944
f 944 858 857
f 944 857 856
f 945 918 946
f 946 918 824
f 945 946 947
f 947 946 948
f 947 948 949
f 949 948 950
f 949 950 951
f 819 818 921
f 938 951 921
f 921 951 950
f 921 950 819
f 819 950 948
f 819 948 820
f 824 823 946
f 946 823 822
f 946 822 948
f 948 822 821
f 948 821 820
f 905 859 952
f 952 859 953
f 953 859 954
f 954 859 955
f 954 955 956
f 957 958 959
f 959 958 954
f 959 954 960
f 960 954 956
f 961 962 963
f 963 962 964
f 963 964 965
f 965 964 966
f 965 966 967
f 913 968 814
f 814 968 965
f 814 965 969
f 969 965 967
f 970 971 972
f 973 974 975
f 975 974 976
f 975 976 977
f 977 976 978
f 977 978 979
f 979 978 980
f 970 972 978
f 978 972 981
f 978 981 982
f 982 983 978
f 978 983 984
f 978 984 980
f 972 971 985
f 985 971 986
f 985 986 987
f 987 986 988
f 987 988 989
f 989 988 990
f 989 990 991
f 991 990 992
f 991 992 993
f 993 992 994
f 995 996 997
f 997 996 998
f 997 998 999
f 993 994 1000
f 1000 994 1001
f 1000 1001 1002
f 1002 1001 999
f 1002 999 1003
f 1003 999 998
f 1004 1005 1006
f 995 997 1007
f 1007 997 1008
f 1007 1008 1005
f 1005 1008 1009
f 1005 1009 1006
f 1006 1010 1004
f 1004 1010 1011
f 1004 1011 1012
f 1012 1011 1013
f 1012 1013 1014
f 1014 1013 1015
f 1015 1016 1014
f 1014 1016 1017
f 1014 1017 1018
f 1018 1017 1019
f 1019 1020 1018
f 1018 1020 1021
f 1018 1021 1022
f 1022 1021 1023
f 1022 1023 1024
f 1024 1023 1025
f 1024 1025 1026
f 1026 1025 1027
f 963 965 1028
f 1028 965 1026
f 1028 1026 1029
f 1029 1026 1027
f 1030 1031 1032
f 1032 1031 1033
f 1032 1033 1034
f 1034 1033 1035
f 1030 1036 1031
f 1031 1036 1037
f 1031 1037 1038
f 1039 1040 1041
f 1037 1042 1038
f 1038 1042 1043
f 1038 1043 1044
f 1044 1043 1039
f 1044 1039 1045
f 1045 1039 1041
f 1046 1047 1048
f 1046 1048 1049
f 1049 1048 1050
f 1049 1050 1051
f 1051 1050 1052
f 1051 1052 1040
f 1040 1052 1053
f 1040 1053 1041
f 1047 1046 1054
f 1054 1046 1055
f 1054 1055 1056
f 1057 1058 1055
f 1055 1058 1059
f 1055 1059 1056
f 1060 953 954
f 954 1061 1060
f 1060 1061 1062
f 1060 1062 1063
f 1063 1062 1064
f 1063 1064 1057
f 1057 1064 1065
f 1057 1065 1058
f 1066 720 726
f 726 728 1066
f 1066 728 717
f 1066 717 735
f 734 732 1067
f 1067 732 730
f 1067 730 738
f 1068 978 976
f 976 1069 1068
f 1068 1069 1070
f 1068 1070 1071
f 1071 1070 1066
f 1071 1066 1067
f 1067 1066 735
f 1067 735 734
f 973 975 1072
f 1072 975 1073
f 1072 1073 1074
f 1075 1076 1073
f 1073 1076 1077
f 1073 1077 1074
f 1078 1079 1075
f 1075 1079 1080
f 1075 1080 1076
f 1075 1081 1078
f 1078 1081 1082
f 1078 1082 1033
f 1033 1082 1083
f 1033 1083 1035
f 1084 1085 1086
f 993 1000 1087
f 1000 1002 1087
f 1087 1002 1088
f 1087 1088 1089
f 991 993 989
f 989 993 1087
f 989 1087 987
f 987 1087 985
f 982 981 1087
f 1087 981 972
f 1087 972 985
f 984 1086 980
f 980 1086 1085
f 980 1085 979
f 1083 1082 1090
f 1090 1082 1081
f 1090 1081 1075
f 979 1085 977
f 977 1085 1090
f 977 1090 975
f 975 1090 1075
f 975 1075 1073
f 1091 1092 1034
f 1034 1092 1093
f 1034 1093 1032
f 1083 1090 1035
f 1035 1090 1085
f 1035 1085 1034
f 1034 1085 1084
f 1034 1084 1091
f 1094 1095 1096
f 1096 1095 1097
f 1096 1097 1086
f 1086 1097 1098
f 1086 1098 1084
f 1089 1094 1087
f 1087 1094 1096
f 1087 1096 982
f 982 1096 1086
f 982 1086 983
f 983 1086 984
f 1099 971 970
f 737 784 1100
f 784 786 1100
f 1100 786 788
f 1100 788 714
f 714 741 1100
f 1100 741 742
f 1100 742 740
f 1101 1099 1068
f 1068 1099 970
f 1068 970 978
f 738 737 1067
f 1067 737 1100
f 1067 1100 1071
f 1071 1100 1102
f 1071 1102 1068
f 1068 1102 1103
f 1068 1103 1101
f 721 720 1066
f 721 1066 725
f 1104 711 767
f 767 766 1104
f 1104 766 765
f 1104 765 710
f 710 780 1104
f 1104 780 723
f 1104 723 725
f 1069 976 974
f 725 1066 1104
f 1104 1066 1070
f 1104 1070 1105
f 1105 1070 1069
f 1105 1069 1106
f 1106 1069 974
f 1106 974 973
f 747 748 1107
f 798 797 1108
f 1108 797 1109
f 795 793 1108
f 1108 793 792
f 1108 792 798
f 716 713 1100
f 1100 713 715
f 1100 715 743
f 1100 740 739
f 1100 739 716
f 747 1107 745
f 1110 986 971
f 1111 1112 1113
f 1114 1115 1110
f 1110 1115 1116
f 1110 1116 986
f 986 1116 988
f 1103 1114 1101
f 1101 1114 1110
f 1101 1110 1099
f 1099 1110 971
f 990 988 1117
f 1117 988 1116
f 1117 1116 1118
f 1118 1116 1115
f 1118 1115 1119
f 1119 1115 1114
f 1119 1114 1120
f 1120 1114 1103
f 1120 1103 1102
f 1121 1122 1123
f 1123 1122 1107
f 1123 1107 1124
f 1124 1107 748
f 1124 748 750
f 1109 1125 1108
f 1108 1125 1126
f 1108 1126 1127
f 1128 1129 1130
f 1130 1129 1131
f 1130 1131 1132
f 1132 1131 1111
f 1132 1111 1133
f 1133 1111 1113
f 1133 1113 1134
f 1126 1128 1127
f 1127 1128 1130
f 1127 1130 1135
f 1135 1130 1132
f 1135 1132 1136
f 1136 1132 1133
f 1136 1133 1137
f 1137 1133 1134
f 743 745 1100
f 1100 745 1107
f 1100 1107 1102
f 1102 1107 1122
f 1102 1122 1120
f 1120 1122 1121
f 1120 1121 1119
f 750 795 1124
f 1124 795 1108
f 1124 1108 1123
f 1123 1108 1127
f 1123 1127 1121
f 1121 1127 1135
f 1121 1135 1119
f 1119 1135 1136
f 1119 1136 1118
f 1118 1136 1137
f 1118 1137 1117
f 1117 1137 1134
f 1117 1134 990
f 990 1134 1113
f 990 1113 992
f 992 1113 1112
f 992 1112 994
f 812 895 1138
f 1001 994 1139
f 1139 994 1112
f 1139 1112 1140
f 1140 1112 1111
f 1140 1111 1141
f 1141 1111 1131
f 1141 1131 1142
f 1142 1131 1129
f 1142 1129 1143
f 1143 1129 1128
f 1143 1128 1144
f 797 812 1109
f 1109 812 1138
f 1109 1138 1125
f 1125 1138 1144
f 1125 1144 1126
f 1126 1144 1128
f 894 893 1145
f 895 894 1138
f 1138 894 1145
f 1138 1145 1144
f 1144 1145 1146
f 1144 1146 1143
f 1143 1146 1147
f 1143 1147 1142
f 1142 1147 1148
f 1142 1148 1141
f 1141 1148 1149
f 1141 1149 1140
f 1140 1149 1150
f 1140 1150 1139
f 1139 1150 1151
f 1139 1151 1001
f 1001 1151 999
f 891 890 1152
f 893 891 1145
f 1145 891 1152
f 1145 1152 1146
f 1146 1152 1153
f 1146 1153 1147
f 1147 1153 1154
f 1147 1154 1148
f 1148 1154 1155
f 1148 1155 1149
f 1149 1155 1156
f 1149 1156 1150
f 1150 1156 1157
f 1150 1157 1151
f 1151 1157 1158
f 1151 1158 999
f 999 1158 997
f 888 887 1159
f 1008 997 1158
f 1008 1158 1160
f 1154 1161 1155
f 1155 1161 1162
f 1155 1162 1156
f 1156 1162 1160
f 1156 1160 1157
f 1157 1160 1158
f 1153 1163 1154
f 1154 1163 1164
f 1154 1164 1161
f 890 888 1152
f 1152 888 1159
f 1152 1159 1153
f 1153 1159 1165
f 1153 1165 1163
f 1166 1165 1167
f 1167 1165 1159
f 1167 1159 1168
f 1168 1159 887
f 1168 887 879
f 1161 1164 1166
f 1166 1164 1163
f 1166 1163 1165
f 1166 1169 1161
f 1161 1169 1170
f 1161 1170 1162
f 1162 1170 1171
f 1162 1171 1160
f 1171 1172 1160
f 1160 1172 1009
f 1160 1009 1008
f 880 884 1173
f 1173 884 1174
f 1173 1174 1175
f 1175 1174 1176
f 1175 1176 1177
f 1177 1176 1178
f 1177 1178 1179
f 1179 1178 1180
f 1179 1180 1181
f 1181 1180 1182
f 1181 1182 1183
f 1183 1182 1184
f 1183 1184 1185
f 1185 1184 1186
f 1185 1186 1006
f 1006 1186 1010
f 879 880 1168
f 1168 880 1173
f 1168 1173 1167
f 1167 1173 1175
f 1167 1175 1166
f 1166 1175 1177
f 1166 1177 1169
f 1169 1177 1179
f 1169 1179 1170
f 1170 1179 1181
f 1170 1181 1171
f 1171 1181 1183
f 1171 1183 1172
f 1172 1183 1185
f 1172 1185 1009
f 1009 1185 1006
f 1010 1186 1011
f 1011 1186 1013
f 1187 1188 1013
f 1013 1188 1015
f 1189 881 1190
f 1190 881 875
f 1013 1186 1187
f 1187 1186 1184
f 1187 1184 1191
f 1191 1184 1182
f 1191 1182 1192
f 1192 1182 1180
f 1192 1180 1193
f 1193 1180 1178
f 1193 1178 1194
f 1194 1178 1176
f 1194 1176 1174
f 884 882 1174
f 1174 882 881
f 1174 881 1194
f 1194 881 1189
f 1194 1189 1193
f 1193 1189 1195
f 1193 1195 1192
f 1192 1195 1196
f 1192 1196 1191
f 1191 1196 1197
f 1191 1197 1187
f 1187 1197 1198
f 1187 1198 1188
f 1016 1015 1188
f 1019 1017 1199
f 1020 1019 1200
f 1200 1019 1199
f 1200 1199 1201
f 1201 1199 1202
f 1201 1202 1203
f 1203 1202 1204
f 1203 1204 1205
f 1205 1204 1206
f 1205 1206 1207
f 874 897 1208
f 1208 897 1209
f 1208 1209 1210
f 1210 1209 1211
f 1210 1211 1212
f 1212 1211 1213
f 1212 1213 1206
f 1206 1213 1214
f 1206 1214 1207
f 875 874 1190
f 1190 874 1208
f 1190 1208 1189
f 1189 1208 1210
f 1189 1210 1195
f 1195 1210 1212
f 1195 1212 1196
f 1196 1212 1206
f 1196 1206 1197
f 1197 1206 1204
f 1197 1204 1198
f 1198 1204 1202
f 1198 1202 1188
f 1188 1202 1199
f 1188 1199 1016
f 1016 1199 1017
f 897 896 1209
f 1209 896 1215
f 1209 1215 1211
f 1021 1020 1216
f 1216 1020 1200
f 1216 1200 1217
f 1217 1200 1201
f 1217 1201 1218
f 1218 1201 1203
f 1218 1203 1219
f 1219 1203 1205
f 1219 1205 1220
f 1220 1205 1207
f 1220 1207 1221
f 1221 1207 1214
f 1221 1214 1222
f 1222 1214 1213
f 1222 1213 1223
f 1223 1213 1211
f 1223 1211 1224
f 1224 1211 1215
f 901 900 1225
f 1226 1225 1227
f 1025 1023 1228
f 1228 1023 1229
f 1228 1229 1230
f 1230 1229 1231
f 1230 1231 1232
f 1232 1231 1233
f 1232 1233 1234
f 1234 1233 1235
f 1234 1235 1236
f 1236 1235 1237
f 1236 1237 1238
f 900 899 1225
f 1225 899 832
f 1225 832 1227
f 1227 832 848
f 1023 1021 1229
f 1229 1021 1216
f 1229 1216 1231
f 1231 1216 1217
f 1231 1217 1233
f 1233 1217 1218
f 1233 1218 1235
f 1218 1219 1235
f 1235 1219 1220
f 1235 1220 1237
f 1237 1220 1221
f 1221 1222 1237
f 1237 1222 1226
f 1237 1226 1238
f 1238 1226 1227
f 896 901 1215
f 1215 901 1225
f 1215 1225 1224
f 1224 1225 1226
f 1224 1226 1223
f 1223 1226 1222
f 1027 1025 1228
f 1028 1239 963
f 963 1239 1240
f 963 1240 961
f 961 1240 1241
f 961 1241 962
f 962 1241 1242
f 962 1242 964
f 964 1242 1243
f 964 1243 966
f 966 1243 1244
f 966 1244 967
f 967 1244 1245
f 967 1245 969
f 969 1245 815
f 969 815 814
f 1027 1228 1029
f 848 815 1227
f 1227 815 1245
f 1227 1245 1238
f 1238 1245 1244
f 1238 1244 1236
f 1236 1244 1243
f 1236 1243 1234
f 1234 1243 1242
f 1234 1242 1232
f 1232 1242 1241
f 1232 1241 1230
f 1230 1241 1240
f 1230 1240 1228
f 1228 1240 1239
f 1228 1239 1029
f 1029 1239 1028
f 1246 790 789
f 1247 1079 1078
f 1248 1249 1250
f 1251 1252 1253
f 1254 1255 1256
f 1106 973 1072
f 1077 1255 1074
f 1074 1255 1254
f 1074 1254 1072
f 1252 1257 1253
f 1253 1257 1258
f 1253 1258 1259
f 1259 1258 1260
f 1259 1260 1261
f 1251 1253 1262
f 1262 1253 1259
f 1262 1259 1263
f 1263 1259 1261
f 1263 1261 1248
f 1264 1265 1266
f 1266 1265 1267
f 1266 1267 1268
f 1268 1267 1269
f 802 774 1270
f 1270 774 773
f 771 769 1104
f 1104 769 709
f 709 708 1104
f 1104 708 712
f 712 711 1104
f 1072 1254 1106
f 1106 1254 1256
f 1106 1256 1105
f 1105 1256 1270
f 1105 1270 1104
f 1104 1270 773
f 1104 773 771
f 1271 1076 1247
f 1247 1076 1080
f 1247 1080 1079
f 1248 1250 1263
f 1263 1250 1272
f 1263 1272 1262
f 1262 1272 1273
f 1262 1273 1251
f 1251 1273 1274
f 1251 1274 1252
f 1246 1269 1275
f 1275 1269 1267
f 1275 1267 1274
f 1274 1267 1265
f 1274 1265 1252
f 1252 1265 1264
f 1252 1264 1257
f 1257 1264 1276
f 1257 1276 1258
f 1258 1276 1271
f 1258 1271 1260
f 1260 1271 1247
f 1260 1247 1261
f 1261 1247 1078
f 1261 1078 1248
f 1248 1078 1033
f 1248 1033 1249
f 1246 789 1269
f 1269 789 803
f 1269 803 1268
f 1268 803 802
f 1268 802 1266
f 1266 802 1270
f 1266 1270 1264
f 1264 1270 1256
f 1264 1256 1276
f 1276 1256 1255
f 1276 1255 1271
f 1271 1255 1077
f 1271 1077 1076
f 851 853 1277
f 1062 1061 1278
f 859 1279 955
f 955 1279 1280
f 955 1280 956
f 956 1280 1281
f 956 1281 960
f 960 1281 1282
f 960 1282 959
f 959 1282 1283
f 959 1283 957
f 1283 1284 957
f 957 1284 1278
f 957 1278 958
f 958 1278 1061
f 958 1061 954
f 859 851 1279
f 1279 851 1277
f 1279 1277 1280
f 1280 1277 1285
f 1280 1285 1281
f 1281 1285 1286
f 1281 1286 1282
f 1282 1286 1287
f 1282 1287 1283
f 1283 1287 1288
f 1283 1288 1284
f 1284 1288 1289
f 1284 1289 1278
f 1278 1289 1290
f 1278 1290 1062
f 1062 1290 1064
f 1291 1289 1288
f 898 904 1292
f 1293 1294 1295
f 1295 1294 1296
f 1295 1296 1297
f 1297 1296 1298
f 1297 1298 1299
f 1299 1298 1300
f 1301 1300 1302
f 1302 1300 1298
f 1302 1298 1303
f 1303 1298 1296
f 1303 1296 1304
f 1304 1296 1294
f 903 902 1304
f 1304 902 873
f 1304 873 1303
f 1303 873 876
f 1303 876 1302
f 1302 876 883
f 1302 883 1301
f 1301 883 885
f 1301 885 886
f 1053 1052 1305
f 1305 1052 1050
f 1305 1050 1306
f 1306 1050 1048
f 1306 1048 1307
f 1307 1048 1047
f 1307 1047 1308
f 1308 1047 1054
f 1065 1064 1291
f 1291 1064 1290
f 1291 1290 1289
f 1059 1058 1309
f 1058 1065 1309
f 1309 1065 1291
f 1309 1291 1310
f 1310 1291 1288
f 1310 1288 1287
f 853 835 1277
f 1277 835 871
f 1277 871 1285
f 1285 871 1311
f 1285 1311 1286
f 1286 1311 1312
f 1286 1312 1287
f 1287 1312 1313
f 1287 1313 1310
f 1310 1313 1314
f 1310 1314 1309
f 1309 1314 1315
f 1309 1315 1059
f 1059 1315 1056
f 871 872 1311
f 1311 872 1316
f 1311 1316 1312
f 1312 1316 1317
f 1312 1317 1313
f 1313 1317 1318
f 1313 1318 1314
f 1314 1318 1319
f 1314 1319 1315
f 1315 1319 1308
f 1315 1308 1056
f 1056 1308 1054
f 878 1320 886
f 886 1320 1321
f 886 1321 1301
f 1301 1321 1322
f 1301 1322 1300
f 1300 1322 1323
f 1300 1323 1299
f 1299 1323 1324
f 904 903 1292
f 1292 903 1304
f 1292 1304 1325
f 1325 1304 1294
f 1325 1294 1326
f 1326 1294 1293
f 1326 1293 1327
f 1327 1293 1295
f 1327 1295 1328
f 1328 1295 1297
f 1328 1297 1329
f 1329 1297 1299
f 1329 1299 1330
f 1330 1299 1324
f 1330 1324 1331
f 1332 1331 1333
f 1333 1331 1324
f 1333 1324 1334
f 1334 1324 1323
f 1334 1323 1335
f 1335 1323 1322
f 1335 1322 1336
f 1336 1322 1321
f 1336 1321 1337
f 1337 1321 1320
f 872 898 1316
f 1316 898 1292
f 1316 1292 1317
f 1317 1292 1325
f 1317 1325 1318
f 1318 1325 1326
f 1318 1326 1319
f 1319 1326 1327
f 1319 1327 1308
f 1308 1327 1328
f 1308 1328 1307
f 1307 1328 1329
f 1307 1329 1306
f 1306 1329 1330
f 1306 1330 1305
f 1305 1330 1331
f 1305 1331 1053
f 1053 1331 1332
f 1053 1332 1041
f 1041 1332 1045
f 1045 1332 1338
f 1045 1338 1044
f 1332 1333 1338
f 1338 1333 1334
f 1338 1334 1339
f 878 877 1320
f 1320 877 1340
f 1320 1340 1337
f 1337 1340 1341
f 1337 1341 1336
f 1336 1341 1339
f 1336 1339 1335
f 1335 1339 1334
f 1342 1340 889
f 889 1340 877
f 1342 1343 1340
f 1340 1343 1344
f 1340 1344 1341
f 1341 1344 1345
f 1341 1345 1339
f 1038 1044 1346
f 1346 1044 1338
f 1346 1338 1347
f 1347 1338 1339
f 1347 1339 1348
f 1348 1339 1345
f 889 892 1342
f 1342 892 1349
f 1342 1349 1343
f 1343 1349 1350
f 1343 1350 1344
f 1344 1350 1351
f 1344 1351 1345
f 1345 1351 1352
f 1345 1352 1348
f 1348 1352 1353
f 1348 1353 1347
f 1347 1353 1354
f 1347 1354 1346
f 1346 1354 1355
f 1346 1355 1038
f 1038 1355 1031
f 892 790 1349
f 1349 790 1246
f 1349 1246 1350
f 1350 1246 1275
f 1350 1275 1351
f 1351 1275 1274
f 1351 1274 1352
f 1352 1274 1273
f 1352 1273 1353
f 1353 1273 1272
f 1353 1272 1354
f 1354 1272 1250
f 1354 1250 1355
f 1355 1250 1249
f 1355 1249 1031
f 1031 1249 1033
f 1356 1357 1358
f 1359 1360 1361
f 1362 1097 1095
f 1089 1088 1363
f 1364 1365 1366
f 1367 1368 1369
f 1370 1371 1368
f 1372 1373 1374
f 1375 1376 1372
f 1377 1093 1092
f 1378 1379 1380
f 1381 1382 1383
f 1384 1385 1386
f 1093 1377 1032
f 995 1007 1387
f 915 916 1388
f 920 919 1389
f 934 933 1390
f 1391 1392 907
f 911 912 1393
f 1393 912 909
f 1393 909 1392
f 1392 909 908
f 1392 908 907
f 942 941 1393
f 1393 941 910
f 1393 910 911
f 924 923 1394
f 1394 923 922
f 1394 922 1393
f 1393 922 943
f 1393 943 942
f 928 927 1395
f 1395 927 926
f 932 931 1396
f 1396 931 930
f 1396 930 1395
f 1395 930 929
f 1395 929 928
f 937 936 1397
f 1397 936 935
f 1359 949 951
f 1397 1360 937
f 937 1360 1359
f 937 1359 938
f 938 1359 951
f 919 918 1389
f 1389 918 945
f 1389 945 947
f 1388 916 1389
f 1389 916 917
f 1389 917 920
f 1356 968 1357
f 1357 968 913
f 1357 913 914
f 1022 1024 1398
f 1398 1024 1026
f 1398 1399 1022
f 1022 1399 1400
f 1022 1400 1018
f 1018 1400 1401
f 1018 1401 1014
f 1012 1371 1004
f 1004 1371 1370
f 1004 1370 1005
f 998 996 1402
f 1032 1377 1030
f 1030 1377 1403
f 1030 1403 1036
f 1404 1037 1405
f 1039 1043 1404
f 1404 1043 1042
f 1404 1042 1037
f 907 906 1391
f 1391 906 905
f 1391 905 1406
f 1406 905 952
f 1406 952 1060
f 1060 952 953
f 1386 1385 1381
f 1381 1385 1407
f 1381 1407 1382
f 1380 1379 1408
f 1408 1379 1409
f 1408 1409 1410
f 1410 1409 1411
f 1410 1411 1412
f 1412 1411 1413
f 1412 1413 1414
f 1376 1378 1415
f 1416 1380 1383
f 1383 1380 1408
f 1383 1408 1381
f 1381 1408 1410
f 1381 1410 1386
f 1386 1410 1412
f 1386 1412 1384
f 1384 1412 1414
f 1417 1416 1418
f 1418 1416 1383
f 1418 1383 1405
f 1405 1383 1382
f 1405 1382 1404
f 1404 1382 1407
f 1404 1407 1039
f 1039 1407 1385
f 1039 1385 1040
f 1040 1385 1384
f 1040 1384 1051
f 1051 1384 1414
f 1051 1414 1049
f 1049 1414 1046
f 1375 1372 1419
f 1037 1036 1405
f 1405 1036 1403
f 1405 1403 1418
f 1418 1403 1377
f 1418 1377 1417
f 1417 1377 1092
f 1417 1092 1091
f 1376 1415 1372
f 1372 1415 1420
f 1372 1420 1373
f 1373 1420 1421
f 1373 1421 1374
f 1368 1367 1370
f 1370 1367 1422
f 1370 1422 1005
f 996 995 1402
f 1402 995 1387
f 1402 1387 1366
f 1366 1387 1423
f 1366 1423 1364
f 1419 1372 1424
f 1424 1372 1374
f 1424 1374 1425
f 1425 1374 1426
f 1425 1426 1427
f 1427 1426 1428
f 1427 1428 1429
f 1430 1431 1432
f 1432 1431 1429
f 1432 1429 1363
f 1363 1429 1428
f 1363 1428 1089
f 1421 1433 1374
f 1374 1433 1362
f 1374 1362 1426
f 1426 1362 1095
f 1426 1095 1428
f 1428 1095 1094
f 1428 1094 1089
f 933 932 1390
f 1390 932 1396
f 1390 1396 1434
f 1435 1388 1361
f 1361 1388 1389
f 1361 1389 1359
f 1359 1389 947
f 1359 947 949
f 1436 1358 1435
f 1435 1358 1357
f 1435 1357 1388
f 1388 1357 914
f 1388 914 915
f 1436 1435 1437
f 1437 1435 1361
f 1437 1361 1438
f 1438 1361 1360
f 1438 1360 1439
f 1439 1360 1397
f 1439 1397 1440
f 1440 1397 935
f 1440 935 934
f 1398 1441 1399
f 1399 1441 1442
f 1399 1442 1400
f 1400 1442 1443
f 1400 1443 1401
f 934 1390 1440
f 1440 1390 1434
f 1440 1434 1439
f 1439 1434 1444
f 1439 1444 1438
f 1438 1444 1445
f 1438 1445 1437
f 1437 1445 1446
f 1437 1446 1436
f 1436 1446 1447
f 1436 1447 1448
f 965 968 1026
f 1026 968 1356
f 1026 1356 1398
f 1398 1356 1358
f 1398 1358 1441
f 1441 1358 1436
f 1441 1436 1442
f 1442 1436 1448
f 1442 1448 1443
f 1449 924 1450
f 1450 924 1394
f 1450 1394 1451
f 1451 1394 1393
f 1451 1393 1452
f 1452 1393 1392
f 1452 1392 1453
f 1453 1392 1391
f 1453 1391 1454
f 1454 1391 1406
f 1454 1406 1063
f 1063 1406 1060
f 1455 1456 1457
f 1457 1456 1449
f 1457 1449 1458
f 1458 1449 1450
f 1458 1450 1459
f 1459 1450 1451
f 1459 1451 1460
f 1460 1451 1452
f 1460 1452 1461
f 1461 1452 1453
f 1461 1453 1462
f 1462 1453 1454
f 1462 1454 1057
f 1057 1454 1063
f 1463 1464 1465
f 1465 1464 1466
f 1466 1464 1467
f 1466 1467 1055
f 1465 1468 1463
f 1463 1468 1469
f 1463 1469 1470
f 1470 1469 1471
f 1470 1471 1472
f 1007 1005 1387
f 1387 1005 1422
f 1387 1422 1423
f 1423 1422 1367
f 1423 1367 1364
f 1364 1367 1369
f 1364 1369 1365
f 1365 1369 1473
f 1365 1473 1474
f 1474 1473 1475
f 1474 1475 1476
f 1476 1475 1477
f 1476 1477 1478
f 1478 1477 1479
f 1478 1479 1480
f 1480 1479 1481
f 1480 1481 1482
f 1482 1481 1483
f 1482 1483 1484
f 1484 1483 1455
f 1484 1455 1485
f 1485 1455 1457
f 1485 1457 1472
f 1472 1457 1458
f 1472 1458 1470
f 1470 1458 1459
f 1470 1459 1463
f 1463 1459 1460
f 1463 1460 1464
f 1464 1460 1461
f 1464 1461 1467
f 1467 1461 1462
f 1467 1462 1055
f 1055 1462 1057
f 1012 1014 1371
f 1371 1014 1401
f 1371 1401 1368
f 1368 1401 1443
f 1368 1443 1369
f 1369 1443 1448
f 1369 1448 1473
f 1473 1448 1447
f 1473 1447 1475
f 1475 1447 1446
f 1475 1446 1477
f 1477 1446 1445
f 1477 1445 1479
f 1479 1445 1444
f 1479 1444 1481
f 1481 1444 1434
f 1481 1434 1483
f 1483 1434 1396
f 1483 1396 1455
f 1455 1396 1395
f 1455 1395 1456
f 1456 1395 926
f 1456 926 1449
f 1449 926 925
f 1449 925 924
f 1378 1380 1415
f 1415 1380 1416
f 1415 1416 1420
f 1420 1416 1417
f 1420 1417 1421
f 1421 1417 1091
f 1421 1091 1433
f 1433 1091 1084
f 1433 1084 1362
f 1362 1084 1098
f 1362 1098 1097
f 1055 1046 1466
f 1466 1046 1414
f 1466 1414 1465
f 1465 1414 1413
f 1465 1413 1468
f 1468 1413 1411
f 1468 1411 1469
f 1469 1411 1409
f 1469 1409 1471
f 1471 1409 1379
f 1471 1379 1472
f 1472 1379 1378
f 1472 1378 1485
f 1485 1378 1376
f 1485 1376 1484
f 1484 1376 1375
f 1484 1375 1482
f 1482 1375 1419
f 1482 1419 1480
f 1480 1419 1424
f 1480 1424 1478
f 1478 1424 1425
f 1478 1425 1476
f 1476 1425 1427
f 1476 1427 1474
f 1474 1427 1429
f 1474 1429 1365
f 1365 1429 1431
f 1365 1431 1366
f 1366 1431 1430
f 1366 1430 1402
f 1402 1430 1432
f 1402 1432 998
f 998 1432 1363
f 998 1363 1003
f 1003 1363 1088
f 1003 1088 1002
f 1486 1487 1488
f 1486 1488 1489
f 1489 1488 1490
f 1489 1490 1491
f 1491 1490 1492
f 1491 1492 1493
f 1494 1495 1496
f 1494 1496 1497
f 1497 1496 1498
f 1497 1498 1499
f 1499 1498 1500
f 1499 1500 1501
f 1501 1500 1502
f 1501 1502 1503
f 1504 1505 1506
f 1506 1505 1507
f 1494 1505 1495
f 1495 1505 1504
f 1492 1490 1503
f 1503 1490 1488
f 1503 1488 1501
f 1487 1507 1505
f 1505 1494 1487
f 1487 1494 1497
f 1487 1497 1488
f 1488 1497 1499
f 1488 1499 1501
f 1486 1506 1487
f 1487 1506 1507
f 1502 1508 1503
f 1503 1508 1509
f 1503 1509 1492
f 1492 1509 1510
f 1492 1510 1493
f 1493 1510 1511
f 1511 1510 1512
f 1511 1512 1513
f 1513 1512 1514
f 1513 1514 1515
f 1515 1514 1516
f 1515 1516 1517
f 1517 1516 1518
f 1517 1518 1519
f 1519 1518 1520
f 1519 1520 1521
f 1521 1520 1522
f 1521 1522 1523
f 1523 1522 1524
f 1523 1524 1525
f 1525 1524 1526
f 1525 1526 1527
f 1527 1526 1528
f 1527 1528 1529
f 1529 1528 1530
f 1529 1530 1531
f 1531 1530 1532
f 1531 1532 1533
f 1533 1532 1534
f 1533 1534 1535
f 1535 1534 1536
f 1535 1536 1537
f 1537 1536 1538
f 1537 1538 1539
f 1539 1538 1540
f 1539 1540 1541
f 1541 1540 1542
f 1541 1542 1543
f 1543 1542 1544
f 1543 1544 1545
f 1545 1544 1546
f 1545 1546 1547
f 1547 1546 1548
f 1547 1548 1549
f 1549 1548 1550
f 1549 1550 1551
f 1551 1550 1509
f 1551 1509 1508
f 1536 1534 1522
f 1520 1518 1542
f 1518 1516 1542
f 1542 1516 1514
f 1542 1514 1512
f 1548 1546 1512
f 1512 1546 1544
f 1512 1544 1542
f 1536 1522 1538
f 1510 1509 1512
f 1512 1509 1550
f 1512 1550 1548
f 1520 1542 1522
f 1522 1542 1540
f 1522 1540 1538
f 1530 1528 1532
f 1532 1528 1526
f 1532 1526 1534
f 1534 1526 1524
f 1534 1524 1522
f 1489 1491 1552
f 1553 1554 1555
f 1552 1556 1489
f 1489 1556 1557
f 1489 1557 1558
f 1559 1560 1561
f 1561 1560 1562
f 1504 1506 1495
f 1495 1506 1486
f 1495 1486 1496
f 1496 1486 1489
f 1496 1489 1498
f 1498 1489 1558
f 1498 1558 1500
f 1563 1564 1565
f 1566 1519 1567
f 1567 1519 1521
f 1568 1569 1511
f 1511 1569 1570
f 1511 1570 1493
f 1493 1570 1571
f 1493 1571 1491
f 1491 1571 1572
f 1491 1572 1552
f 1500 1558 1502
f 1502 1558 1573
f 1502 1573 1508
f 1563 1565 1574
f 1575 1576 1577
f 1577 1576 1578
f 1579 1580 1581
f 1581 1582 1579
f 1579 1582 1583
f 1579 1583 1565
f 1565 1583 1584
f 1565 1584 1574
f 1562 1585 1561
f 1561 1585 1515
f 1561 1515 1586
f 1586 1515 1517
f 1586 1517 1587
f 1587 1517 1519
f 1587 1519 1578
f 1578 1519 1566
f 1578 1566 1577
f 1523 1525 1580
f 1555 1588 1553
f 1553 1588 1568
f 1553 1568 1589
f 1589 1568 1511
f 1589 1511 1590
f 1590 1511 1513
f 1590 1513 1591
f 1591 1513 1515
f 1591 1515 1592
f 1592 1515 1585
f 1580 1579 1523
f 1523 1579 1593
f 1523 1593 1521
f 1521 1593 1594
f 1521 1594 1567
f 1573 1595 1508
f 1508 1595 1596
f 1508 1596 1551
f 1551 1596 1597
f 1551 1597 1549
f 1549 1597 1598
f 1549 1598 1547
f 1547 1598 1599
f 1547 1599 1545
f 1545 1599 1543
f 1599 1600 1543
f 1543 1600 1601
f 1543 1601 1541
f 1541 1601 1602
f 1541 1602 1539
f 1539 1602 1603
f 1539 1603 1537
f 1537 1603 1604
f 1537 1604 1535
f 1535 1604 1605
f 1535 1605 1533
f 1605 1606 1533
f 1533 1606 1607
f 1533 1607 1531
f 1531 1607 1608
f 1531 1608 1529
f 1529 1608 1580
f 1529 1580 1527
f 1527 1580 1525
f 1609 1610 1599
f 1611 1612 1598
f 1598 1612 1613
f 1598 1613 1599
f 1599 1613 1614
f 1599 1614 1609
f 1615 1616 1617
f 1617 1616 1618
f 1619 1620 1621
f 1622 1623 1624
f 1625 1626 1627
f 1627 1626 1628
f 1628 1629 1627
f 1627 1629 1630
f 1627 1630 1631
f 1632 1633 1634
f 1634 1633 1635
f 1636 1637 1638
f 1638 1637 1639
f 1640 1641 1642
f 1618 1643 1617
f 1617 1643 1644
f 1617 1644 1620
f 1620 1644 1645
f 1620 1645 1621
f 1621 1646 1619
f 1619 1646 1647
f 1619 1647 1648
f 1624 1649 1622
f 1622 1649 1650
f 1622 1650 1625
f 1625 1650 1651
f 1625 1651 1626
f 1635 1652 1634
f 1634 1652 1653
f 1634 1653 1654
f 1653 1655 1654
f 1654 1655 1656
f 1654 1656 1657
f 1639 1658 1638
f 1638 1658 1659
f 1638 1659 1641
f 1641 1659 1660
f 1641 1660 1642
f 1661 1662 1663
f 1647 1664 1648
f 1648 1664 1665
f 1648 1665 1666
f 1666 1665 1667
f 1666 1667 1623
f 1623 1667 1668
f 1623 1668 1624
f 1630 1669 1631
f 1631 1669 1670
f 1631 1670 1671
f 1663 1672 1661
f 1661 1672 1673
f 1661 1673 1615
f 1615 1673 1674
f 1615 1674 1616
f 1670 1675 1671
f 1671 1675 1676
f 1671 1676 1677
f 1678 1679 1680
f 1656 1681 1657
f 1657 1681 1682
f 1657 1682 1683
f 1684 1685 1686
f 1642 1687 1640
f 1640 1687 1688
f 1640 1688 1689
f 1680 1690 1678
f 1678 1690 1691
f 1678 1691 1632
f 1632 1691 1692
f 1632 1692 1633
f 1686 1693 1684
f 1684 1693 1694
f 1684 1694 1636
f 1636 1694 1695
f 1636 1695 1637
f 1688 1696 1689
f 1689 1696 1697
f 1689 1697 1698
f 1698 1697 1699
f 1698 1699 1662
f 1662 1699 1700
f 1662 1700 1663
f 1676 1701 1677
f 1677 1701 1702
f 1677 1702 1703
f 1703 1702 1704
f 1703 1704 1679
f 1679 1704 1705
f 1679 1705 1680
f 1682 1706 1683
f 1683 1706 1707
f 1683 1707 1708
f 1708 1707 1709
f 1708 1709 1685
f 1685 1709 1710
f 1685 1710 1686
f 1638 1711 1712
f 1638 1712 1636
f 1636 1712 1713
f 1636 1713 1684
f 1684 1713 1714
f 1684 1714 1685
f 1685 1714 1715
f 1685 1715 1708
f 1708 1715 1716
f 1708 1716 1683
f 1683 1716 1717
f 1683 1717 1657
f 1657 1717 1718
f 1657 1718 1654
f 1654 1718 1719
f 1654 1719 1634
f 1634 1719 1720
f 1634 1720 1632
f 1632 1720 1721
f 1632 1721 1678
f 1678 1721 1722
f 1678 1722 1679
f 1679 1722 1723
f 1679 1723 1703
f 1703 1723 1724
f 1703 1724 1677
f 1677 1724 1725
f 1677 1725 1671
f 1671 1725 1726
f 1671 1726 1631
f 1631 1726 1727
f 1631 1727 1627
f 1627 1727 1728
f 1627 1728 1625
f 1625 1728 1729
f 1625 1729 1622
f 1622 1729 1730
f 1622 1730 1623
f 1623 1730 1731
f 1623 1731 1666
f 1666 1731 1732
f 1666 1732 1648
f 1648 1732 1733
f 1648 1733 1619
f 1619 1733 1734
f 1619 1734 1620
f 1620 1734 1735
f 1620 1735 1617
f 1617 1735 1736
f 1617 1736 1615
f 1615 1736 1737
f 1615 1737 1661
f 1661 1737 1738
f 1661 1738 1662
f 1662 1738 1739
f 1662 1739 1698
f 1698 1739 1740
f 1698 1740 1689
f 1689 1740 1741
f 1689 1741 1640
f 1640 1741 1742
f 1640 1742 1641
f 1641 1742 1711
f 1641 1711 1638
f 1743 1602 1744
f 1744 1602 1601
f 1744 1601 1745
f 1745 1601 1600
f 1745 1600 1746
f 1746 1600 1747
f 1747 1600 1599
f 1747 1599 1610
f 1748 1569 1749
f 1749 1569 1568
f 1749 1568 1750
f 1750 1568 1588
f 1750 1588 1751
f 1751 1588 1752
f 1752 1588 1555
f 1752 1555 1753
f 1574 1754 1563
f 1563 1754 1755
f 1563 1755 1756
f 1584 1583 1757
f 1757 1758 1584
f 1584 1758 1759
f 1584 1759 1574
f 1574 1759 1760
f 1574 1760 1754
f 1761 1762 1763
f 1763 1762 1764
f 1763 1764 1765
f 1766 1560 1559
f 1767 1768 1762
f 1564 1563 1769
f 1769 1563 1756
f 1769 1756 1770
f 1770 1756 1771
f 1770 1771 1772
f 1772 1771 1762
f 1773 1774 1761
f 1775 1761 1776
f 1776 1761 1777
f 1768 1778 1762
f 1762 1778 1779
f 1762 1779 1772
f 1780 1781 1761
f 1761 1781 1766
f 1761 1766 1777
f 1777 1766 1559
f 1782 1783 1761
f 1761 1783 1784
f 1761 1784 1762
f 1762 1784 1785
f 1762 1785 1767
f 1774 1786 1761
f 1761 1786 1787
f 1761 1787 1780
f 1788 1789 1761
f 1761 1789 1790
f 1761 1790 1773
f 1775 1791 1761
f 1761 1791 1792
f 1761 1792 1782
f 1782 1792 1793
f 1782 1793 1794
f 1576 1575 1795
f 1795 1575 1782
f 1795 1782 1796
f 1796 1782 1794
f 1555 1554 1753
f 1753 1554 1797
f 1753 1797 1788
f 1788 1797 1798
f 1788 1798 1789
f 1799 1800 1801
f 1801 1800 1614
f 1801 1614 1613
f 1802 1803 1804
f 1805 1806 1807
f 1807 1806 1808
f 1809 1810 1811
f 1811 1812 1809
f 1809 1812 1813
f 1809 1813 1806
f 1806 1813 1814
f 1806 1814 1808
f 1815 1816 1817
f 1817 1818 1815
f 1815 1818 1819
f 1815 1819 1810
f 1810 1819 1820
f 1810 1820 1811
f 1804 1803 1821
f 1803 1822 1821
f 1821 1822 1823
f 1821 1823 1816
f 1816 1823 1824
f 1816 1824 1817
f 1802 1804 1825
f 1825 1804 1826
f 1825 1826 1827
f 1827 1826 1828
f 1827 1828 1829
f 1829 1828 1830
f 1830 1828 1831
f 1830 1831 1832
f 1832 1831 1833
f 1833 1831 1834
f 1833 1834 1835
f 1835 1834 1836
f 1836 1834 1837
f 1836 1837 1838
f 1838 1837 1839
f 1839 1837 1840
f 1839 1840 1841
f 1841 1840 1842
f 1842 1840 1843
f 1842 1843 1844
f 1844 1843 1845
f 1845 1843 1846
f 1845 1846 1847
f 1847 1846 1848
f 1847 1848 1849
f 1849 1850 1847
f 1847 1850 1851
f 1847 1851 1845
f 1845 1851 1852
f 1845 1852 1844
f 1844 1852 1853
f 1844 1853 1842
f 1842 1853 1854
f 1842 1854 1841
f 1841 1854 1855
f 1841 1855 1839
f 1839 1855 1856
f 1839 1856 1838
f 1838 1856 1857
f 1838 1857 1836
f 1836 1857 1858
f 1836 1858 1835
f 1835 1858 1859
f 1835 1859 1833
f 1833 1859 1860
f 1833 1860 1832
f 1832 1860 1861
f 1832 1861 1830
f 1830 1861 1862
f 1830 1862 1829
f 1829 1862 1863
f 1829 1863 1827
f 1827 1863 1864
f 1827 1864 1825
f 1825 1864 1865
f 1825 1865 1802
f 1802 1865 1866
f 1802 1866 1803
f 1803 1866 1867
f 1803 1867 1822
f 1822 1867 1868
f 1822 1868 1823
f 1823 1868 1869
f 1823 1869 1824
f 1824 1869 1870
f 1824 1870 1817
f 1817 1870 1871
f 1817 1871 1818
f 1818 1871 1872
f 1818 1872 1819
f 1819 1872 1873
f 1819 1873 1820
f 1820 1873 1874
f 1820 1874 1811
f 1811 1874 1875
f 1811 1875 1812
f 1812 1875 1876
f 1812 1876 1813
f 1813 1876 1877
f 1813 1877 1814
f 1814 1877 1878
f 1814 1878 1808
f 1808 1878 1879
f 1808 1879 1807
f 1807 1879 1880
f 1864 1863 1736
f 1711 1742 1850
f 1850 1742 1851
f 1741 1740 1855
f 1855 1854 1741
f 1741 1854 1853
f 1741 1853 1742
f 1742 1853 1852
f 1742 1852 1851
f 1739 1738 1859
f 1859 1858 1739
f 1739 1858 1857
f 1739 1857 1740
f 1740 1857 1856
f 1740 1856 1855
f 1736 1863 1737
f 1863 1862 1737
f 1737 1862 1861
f 1737 1861 1738
f 1738 1861 1860
f 1738 1860 1859
f 1864 1736 1865
f 1865 1736 1735
f 1865 1735 1866
f 1866 1735 1734
f 1866 1734 1867
f 1867 1734 1868
f 1868 1734 1733
f 1868 1733 1869
f 1869 1733 1870
f 1870 1733 1732
f 1870 1732 1871
f 1871 1732 1872
f 1872 1732 1731
f 1872 1731 1873
f 1873 1731 1874
f 1874 1731 1730
f 1874 1730 1875
f 1875 1730 1876
f 1876 1730 1729
f 1876 1729 1877
f 1877 1729 1878
f 1878 1729 1728
f 1878 1728 1879
f 1879 1728 1727
f 1879 1727 1880
f 1881 1882 1883
f 1883 1882 1884
f 1883 1884 1885
f 1886 1887 1888
f 1888 1887 1883
f 1888 1883 1889
f 1889 1883 1885
f 1886 1888 1890
f 1890 1888 1891
f 1890 1891 1892
f 1883 1893 1894
f 1892 1895 1890
f 1890 1895 1896
f 1890 1896 1897
f 1897 1898 1890
f 1890 1898 1899
f 1890 1899 1900
f 1900 1901 1890
f 1890 1901 1902
f 1890 1902 1903
f 1894 1904 1883
f 1883 1904 1905
f 1883 1905 1906
f 1906 1907 1883
f 1883 1907 1908
f 1883 1908 1881
f 1883 1909 1910
f 1883 1910 1893
f 1910 1911 1893
f 1893 1911 1912
f 1893 1912 1894
f 1894 1912 1913
f 1894 1913 1904
f 1904 1913 1914
f 1904 1914 1915
f 1916 1905 1917
f 1917 1905 1904
f 1917 1904 1918
f 1918 1904 1915
f 1916 1919 1905
f 1905 1919 1920
f 1905 1920 1906
f 1906 1920 1921
f 1906 1921 1907
f 1921 1922 1907
f 1907 1922 1923
f 1907 1923 1908
f 1908 1923 1924
f 1924 1925 1908
f 1908 1925 1926
f 1908 1926 1881
f 1926 1927 1881
f 1881 1927 1928
f 1881 1928 1882
f 1882 1928 1929
f 1882 1929 1884
f 1884 1929 1930
f 1884 1930 1931
f 1931 1932 1884
f 1884 1932 1933
f 1884 1933 1885
f 1885 1933 1934
f 1934 1935 1885
f 1885 1935 1936
f 1885 1936 1889
f 1889 1936 1937
f 1889 1937 1888
f 1937 1938 1888
f 1888 1938 1939
f 1888 1939 1891
f 1891 1939 1940
f 1891 1940 1941
f 1676 1937 1936
f 1682 1921 1920
f 1909 1658 1639
f 1909 1639 1910
f 1910 1639 1637
f 1910 1637 1911
f 1911 1637 1695
f 1911 1695 1912
f 1912 1695 1694
f 1912 1694 1913
f 1913 1694 1693
f 1913 1693 1686
f 1919 1916 1707
f 1707 1916 1917
f 1707 1917 1709
f 1709 1917 1918
f 1709 1918 1710
f 1710 1918 1915
f 1710 1915 1686
f 1686 1915 1914
f 1686 1914 1913
f 1919 1707 1920
f 1920 1707 1706
f 1920 1706 1682
f 1682 1681 1921
f 1921 1681 1656
f 1921 1656 1922
f 1922 1656 1655
f 1922 1655 1923
f 1923 1655 1653
f 1923 1653 1924
f 1924 1653 1652
f 1924 1652 1925
f 1925 1652 1635
f 1925 1635 1926
f 1926 1635 1633
f 1926 1633 1927
f 1927 1633 1692
f 1927 1692 1928
f 1928 1692 1691
f 1928 1691 1929
f 1929 1691 1690
f 1929 1690 1680
f 1935 1934 1702
f 1702 1934 1933
f 1702 1933 1704
f 1704 1933 1932
f 1704 1932 1705
f 1705 1932 1931
f 1705 1931 1680
f 1680 1931 1930
f 1680 1930 1929
f 1935 1702 1936
f 1936 1702 1701
f 1936 1701 1676
f 1676 1675 1937
f 1937 1675 1670
f 1937 1670 1938
f 1938 1670 1669
f 1938 1669 1939
f 1939 1669 1630
f 1939 1630 1940
f 1940 1630 1629
f 1940 1629 1941
f 1942 1943 1944
f 1945 1946 1944
f 1787 1786 1944
f 1944 1786 1774
f 1773 1790 1944
f 1789 1798 1944
f 1945 1944 1797
f 1798 1797 1944
f 1790 1789 1944
f 1774 1773 1944
f 1780 1787 1944
f 1766 1781 1943
f 1943 1781 1944
f 1780 1944 1781
f 1947 1948 1949
f 1950 1951 1949
f 1779 1778 1949
f 1949 1778 1768
f 1767 1785 1949
f 1784 1783 1949
f 1950 1949 1782
f 1783 1782 1949
f 1785 1784 1949
f 1768 1767 1949
f 1772 1779 1949
f 1769 1770 1948
f 1948 1770 1949
f 1772 1949 1770
f 1952 1596 1953
f 1953 1596 1595
f 1953 1595 1954
f 1954 1595 1955
f 1955 1595 1573
f 1955 1573 1956
f 1956 1573 1957
f 1957 1573 1558
f 1957 1558 1958
f 1958 1558 1959
f 1959 1558 1557
f 1959 1557 1960
f 1960 1557 1961
f 1961 1557 1556
f 1961 1556 1962
f 1609 1614 1963
f 1609 1963 1610
f 1964 1745 1965
f 1965 1745 1746
f 1965 1746 1963
f 1963 1746 1747
f 1963 1747 1610
f 1966 1967 1968
f 1968 1967 1969
f 1970 1971 1972
f 1972 1973 1970
f 1970 1973 1974
f 1970 1974 1967
f 1967 1974 1975
f 1967 1975 1969
f 1976 1977 1978
f 1978 1977 1743
f 1978 1743 1964
f 1964 1743 1744
f 1964 1744 1745
f 1978 1979 1976
f 1976 1979 1980
f 1976 1980 1971
f 1971 1980 1981
f 1971 1981 1972
f 1968 1969 1805
f 1805 1969 1806
f 1969 1975 1806
f 1806 1975 1974
f 1806 1974 1809
f 1974 1973 1809
f 1809 1973 1972
f 1809 1972 1810
f 1972 1981 1810
f 1810 1981 1980
f 1810 1980 1815
f 1980 1979 1815
f 1815 1979 1978
f 1815 1978 1816
f 1978 1964 1816
f 1816 1964 1965
f 1816 1965 1821
f 1965 1963 1821
f 1821 1963 1614
f 1821 1614 1804
f 1614 1800 1804
f 1804 1800 1799
f 1804 1799 1826
f 1826 1799 1801
f 1826 1801 1828
f 1828 1801 1613
f 1828 1613 1831
f 1613 1982 1831
f 1831 1982 1983
f 1831 1983 1834
f 1983 1984 1834
f 1834 1984 1985
f 1834 1985 1837
f 1985 1986 1837
f 1837 1986 1987
f 1837 1987 1840
f 1987 1988 1840
f 1840 1988 1989
f 1840 1989 1843
f 1989 1990 1843
f 1843 1990 1991
f 1843 1991 1846
f 1992 1848 1993
f 1993 1848 1846
f 1993 1846 1994
f 1994 1846 1991
f 1992 1995 1848
f 1848 1995 1996
f 1995 1997 1996
f 1996 1997 1998
f 1996 1998 1999
f 1998 2000 1999
f 1999 2000 2001
f 1999 2001 2002
f 2001 2003 2002
f 2002 2003 2004
f 2002 2004 2005
f 2004 2006 2005
f 2005 2006 2007
f 2005 2007 2008
f 2007 2009 2008
f 2008 2009 2010
f 2008 2010 2011
f 2010 2012 2011
f 2011 2012 1761
f 2011 1761 2013
f 1761 1763 2013
f 2013 1763 1765
f 2013 1765 2014
f 2014 1765 1764
f 2014 1764 2015
f 2015 1764 1762
f 2015 1762 2016
f 1762 2017 2016
f 2016 2017 2018
f 2016 2018 2019
f 2018 2020 2019
f 2019 2020 2021
f 2019 2021 2022
f 2021 2023 2022
f 2022 2023 2024
f 2022 2024 2025
f 2024 2026 2025
f 2025 2026 2027
f 2025 2027 2028
f 2027 2029 2028
f 2028 2029 2030
f 2028 2030 2031
f 1968 1805 2032
f 2032 1805 2031
f 2032 2031 2033
f 2033 2031 2030
f 1788 1761 2012
f 1788 2012 1753
f 2009 1750 2010
f 2010 1750 1751
f 2010 1751 2012
f 2012 1751 1752
f 2012 1752 1753
f 1962 2034 1992
f 1992 2034 1995
f 2035 2036 2001
f 2001 2000 2035
f 2035 2000 1998
f 2035 1998 2034
f 2034 1998 1997
f 2034 1997 1995
f 2037 2038 2007
f 2007 2038 1748
f 2007 1748 2009
f 2009 1748 1749
f 2009 1749 1750
f 2007 2006 2037
f 2037 2006 2004
f 2037 2004 2036
f 2036 2004 2003
f 2036 2003 2001
f 1757 1583 2039
f 2039 1583 1582
f 2039 1582 2040
f 2040 1582 1581
f 2040 1581 2041
f 2041 1581 1580
f 2041 1580 2042
f 2042 1580 1608
f 2042 1608 2043
f 2043 1608 1607
f 2043 1607 1966
f 2044 2045 1949
f 2046 2047 1949
f 2048 2046 1949
f 2049 2050 1949
f 2051 2052 1949
f 2053 2054 1949
f 2055 2053 1949
f 1949 2056 2057
f 1947 1949 2057
f 2058 2056 1949
f 2054 2058 1949
f 2052 2055 1949
f 2050 2051 1949
f 2047 2049 1949
f 2045 2048 1949
f 1951 2044 1949
f 2059 2060 1944
f 2061 2062 1944
f 1944 2063 2064
f 1942 1944 2064
f 2065 2063 1944
f 2062 2065 1944
f 2060 2061 1944
f 2066 2067 1944
f 2068 2069 1944
f 2070 2068 1944
f 2071 2059 1944
f 2072 2071 1944
f 2069 2072 1944
f 2067 2070 1944
f 1946 2066 1944
f 1942 1562 1943
f 1943 1562 1560
f 1943 1560 1766
f 1942 2064 1562
f 1562 2064 2063
f 1562 2063 1585
f 2063 2065 1585
f 1585 2065 2062
f 1585 2062 1592
f 2062 2061 1592
f 1592 2061 2060
f 1592 2060 1591
f 2072 1590 2071
f 2071 1590 1591
f 2071 1591 2059
f 2059 1591 2060
f 2072 2069 1590
f 1590 2069 2068
f 1590 2068 1589
f 2066 1553 2067
f 2067 1553 1589
f 2067 1589 2070
f 2070 1589 2068
f 1797 1554 1945
f 1945 1554 1553
f 1945 1553 1946
f 1946 1553 2066
f 1796 2073 1795
f 2074 1775 2075
f 2075 1775 1776
f 2075 1776 1777
f 1796 1794 2073
f 2073 1794 1793
f 2073 1793 2076
f 2076 1793 1792
f 2076 1792 2074
f 2074 1792 1791
f 2074 1791 1775
f 1576 1795 1578
f 1578 1795 2073
f 1578 2073 1587
f 1587 2073 2076
f 1587 2076 1586
f 1586 2076 2074
f 1586 2074 1561
f 1561 2074 2075
f 1561 2075 1559
f 1559 2075 1777
f 1688 2077 2078
f 1647 2079 2080
f 1941 1629 1628
f 1941 1628 2081
f 2081 1628 1626
f 2081 1626 2082
f 2082 1626 1651
f 2082 1651 2083
f 2083 1651 1650
f 2083 1650 2084
f 2084 1650 1649
f 2084 1649 1624
f 2085 2086 1665
f 1665 2086 2087
f 1665 2087 1667
f 1667 2087 2088
f 1667 2088 1668
f 1668 2088 2089
f 1668 2089 1624
f 1624 2089 2090
f 1624 2090 2084
f 2085 1665 2080
f 2080 1665 1664
f 2080 1664 1647
f 1647 1646 2079
f 2079 1646 1621
f 2079 1621 2091
f 2091 1621 1645
f 2091 1645 2092
f 2092 1645 1644
f 2092 1644 2093
f 2093 1644 1643
f 2093 1643 2094
f 2094 1643 1618
f 2094 1618 2095
f 2095 1618 1616
f 2095 1616 2096
f 2096 1616 1674
f 2096 1674 2097
f 2097 1674 1673
f 2097 1673 2098
f 2098 1673 1672
f 2098 1672 1663
f 2099 2100 1697
f 1697 2100 2101
f 1697 2101 1699
f 1699 2101 2102
f 1699 2102 1700
f 1700 2102 2103
f 1700 2103 1663
f 1663 2103 2104
f 1663 2104 2098
f 2099 1697 2078
f 2078 1697 1696
f 2078 1696 1688
f 1688 1687 2077
f 2077 1687 1642
f 2077 1642 2105
f 2105 1642 1660
f 2105 1660 2106
f 2106 1660 1659
f 2106 1659 2107
f 2107 1659 1658
f 2107 1658 1909
f 1891 1941 2081
f 1891 2081 1892
f 2081 2082 1892
f 1892 2082 2083
f 1892 2083 1895
f 1895 2083 2084
f 1895 2084 1896
f 1896 2084 2090
f 2090 2089 1896
f 1896 2089 2088
f 1896 2088 1897
f 1897 2088 2087
f 1897 2087 2086
f 2086 2085 1897
f 1897 2085 2080
f 1897 2080 1898
f 1898 2080 2079
f 1898 2079 1899
f 2079 2091 1899
f 1899 2091 2092
f 1899 2092 1900
f 1900 2092 2093
f 2093 2094 1900
f 1900 2094 2095
f 1900 2095 1901
f 2095 2096 1901
f 1901 2096 2097
f 1901 2097 1902
f 1902 2097 2098
f 1902 2098 1903
f 1903 2098 2104
f 2104 2103 1903
f 1903 2103 2102
f 1903 2102 1890
f 1890 2102 2101
f 1890 2101 2100
f 2100 2099 1890
f 1890 2099 2078
f 1890 2078 1886
f 1886 2078 2077
f 1886 2077 1887
f 2077 2105 1887
f 1887 2105 2106
f 1887 2106 1883
f 1883 2106 2107
f 1883 2107 1909
f 2108 2109 1720
f 1727 1726 1880
f 1880 1726 2110
f 1725 1724 2111
f 2111 2112 1725
f 1725 2112 2113
f 1725 2113 1726
f 1726 2113 2114
f 1726 2114 2110
f 1723 1722 2115
f 2115 2116 1723
f 1723 2116 2117
f 1723 2117 1724
f 1724 2117 2118
f 1724 2118 2111
f 1720 2109 1721
f 2109 2119 1721
f 1721 2119 2120
f 1721 2120 1722
f 1722 2120 2121
f 1722 2121 2115
f 2108 1720 2122
f 2122 1720 1719
f 2122 1719 2123
f 2123 1719 1718
f 2123 1718 2124
f 2124 1718 2125
f 2125 1718 1717
f 2125 1717 2126
f 2126 1717 2127
f 2127 1717 1716
f 2127 1716 2128
f 2128 1716 2129
f 2129 1716 1715
f 2129 1715 2130
f 2130 1715 2131
f 2131 1715 1714
f 2131 1714 2132
f 2132 1714 2133
f 2133 1714 1713
f 2133 1713 2134
f 2134 1713 2135
f 2135 1713 1712
f 2135 1712 2136
f 2136 1712 1711
f 2136 1711 1850
f 1807 1880 2137
f 2137 1880 2110
f 2137 2110 2138
f 2138 2110 2114
f 2138 2114 2139
f 2139 2114 2113
f 2139 2113 2140
f 2140 2113 2112
f 2140 2112 2141
f 2141 2112 2111
f 2141 2111 2142
f 2142 2111 2118
f 2142 2118 2143
f 2143 2118 2117
f 2143 2117 2144
f 2144 2117 2116
f 2144 2116 2145
f 2145 2116 2115
f 2145 2115 2146
f 2146 2115 2121
f 2146 2121 2147
f 2147 2121 2120
f 2147 2120 2148
f 2148 2120 2119
f 2148 2119 2149
f 2149 2119 2109
f 2149 2109 2150
f 2150 2109 2108
f 2150 2108 2151
f 2151 2108 2122
f 2151 2122 2152
f 2152 2122 2123
f 2152 2123 2153
f 2153 2123 2124
f 2153 2124 2154
f 2154 2124 2125
f 2154 2125 2155
f 2155 2125 2126
f 2155 2126 2156
f 2156 2126 2127
f 2156 2127 2157
f 2157 2127 2128
f 2157 2128 2158
f 2158 2128 2129
f 2158 2129 2159
f 2159 2129 2130
f 2159 2130 2160
f 2160 2130 2131
f 2160 2131 2161
f 2161 2131 2132
f 2161 2132 2162
f 2162 2132 2133
f 2162 2133 2163
f 2163 2133 2134
f 2163 2134 2164
f 2164 2134 2135
f 2164 2135 2165
f 2165 2135 2136
f 2165 2136 1849
f 1849 2136 1850
f 2152 2153 2013
f 1848 1996 1849
f 1849 1996 2165
f 1999 2002 2161
f 2161 2162 1999
f 1999 2162 2163
f 1999 2163 1996
f 1996 2163 2164
f 1996 2164 2165
f 2005 2008 2157
f 2157 2158 2005
f 2005 2158 2159
f 2005 2159 2002
f 2002 2159 2160
f 2002 2160 2161
f 2013 2153 2011
f 2153 2154 2011
f 2011 2154 2155
f 2011 2155 2008
f 2008 2155 2156
f 2008 2156 2157
f 2152 2013 2151
f 2151 2013 2014
f 2151 2014 2150
f 2150 2014 2015
f 2150 2015 2149
f 2149 2015 2148
f 2148 2015 2016
f 2148 2016 2147
f 2147 2016 2146
f 2146 2016 2019
f 2146 2019 2145
f 2145 2019 2144
f 2144 2019 2022
f 2144 2022 2143
f 2143 2022 2142
f 2142 2022 2025
f 2142 2025 2141
f 2141 2025 2140
f 2140 2025 2028
f 2140 2028 2139
f 2139 2028 2138
f 2138 2028 2031
f 2138 2031 2137
f 2137 2031 1805
f 2137 1805 1807
f 1947 1565 1948
f 1948 1565 1564
f 1948 1564 1769
f 2058 1579 2056
f 2056 1579 1565
f 2056 1565 2057
f 2057 1565 1947
f 2058 2054 1579
f 1579 2054 2053
f 1579 2053 1593
f 2053 2055 1593
f 1593 2055 2052
f 1593 2052 1594
f 2049 1567 2050
f 2050 1567 1594
f 2050 1594 2051
f 2051 1594 2052
f 2049 2047 1567
f 1567 2047 2046
f 1567 2046 1566
f 2046 2048 1566
f 1566 2048 2045
f 1566 2045 1577
f 2045 2044 1577
f 1577 2044 1951
f 1577 1951 1575
f 1575 1951 1950
f 1575 1950 1782
f 1966 1607 1606
f 1966 1606 1967
f 1967 1606 1605
f 1967 1605 1970
f 1970 1605 1604
f 1970 1604 1971
f 1971 1604 1603
f 1971 1603 1976
f 1976 1603 1977
f 1977 1603 1602
f 1977 1602 1743
f 1982 1613 1612
f 2166 1983 2167
f 2167 1983 1982
f 2167 1982 1611
f 1611 1982 1612
f 2166 2168 1983
f 1983 2168 2169
f 1983 2169 1984
f 1984 2169 1952
f 1984 1952 1985
f 1985 1952 1953
f 1985 1953 1986
f 1986 1953 1954
f 1986 1954 1987
f 1987 1954 1955
f 1987 1955 1988
f 1988 1955 1956
f 1988 1956 1989
f 1989 1956 1957
f 1989 1957 1990
f 1990 1957 1958
f 1990 1958 1991
f 1991 1958 1959
f 1991 1959 1994
f 1994 1959 1960
f 1994 1960 1993
f 1960 1961 1993
f 1993 1961 1962
f 1993 1962 1992
f 1759 2020 2018
f 2017 1754 2018
f 2018 1754 1760
f 2018 1760 1759
f 2017 1762 1771
f 1771 1756 2017
f 2017 1756 1755
f 2017 1755 1754
f 1759 1758 2020
f 2020 1758 1757
f 2020 1757 2021
f 2021 1757 2039
f 2021 2039 2023
f 2023 2039 2040
f 2023 2040 2024
f 2024 2040 2026
f 2026 2040 2041
f 2026 2041 2027
f 2027 2041 2029
f 2029 2041 2042
f 2029 2042 2030
f 2030 2042 2033
f 2033 2042 2043
f 2033 2043 2032
f 2032 2043 1966
f 2032 1966 1968
f 1962 1556 1552
f 1962 1552 2034
f 2034 1552 1572
f 2034 1572 2035
f 2035 1572 1571
f 2035 1571 2036
f 2036 1571 1570
f 2036 1570 2037
f 2037 1570 2038
f 2038 1570 1569
f 2038 1569 1748
f 2167 1611 1598
f 2167 1598 2166
f 2166 1598 1597
f 2166 1597 2168
f 1596 1952 1597
f 1597 1952 2169
f 1597 2169 2168
f 2170 2171 2172
f 2172 2171 2173
f 2172 2173 2174
f 2174 2173 2175
f 2174 2175 2176
f 2176 2175 2177
f 2176 2177 2178
f 2178 2177 2179
f 2179 2177 2180
f 2179 2180 2181
f 2181 2180 2182
f 2181 2182 2183
f 2183 2182 2184
f 2184 2182 2185
f 2184 2185 2186
f 2186 2185 2187
f 2187 2185 2188
f 2187 2188 2189
f 2189 2190 2187
f 2187 2190 2191
f 2187 2191 2192
f 2193 2194 2195
f 2195 2194 2187
f 2195 2187 2196
f 2196 2187 2192
f 2197 2198 2199
f 2199 2198 2200
f 2198 2201 2200
f 2200 2201 2202
f 2200 2202 2203
f 2204 2205 2206
f 2207 2208 2209
f 2209 2208 2204
f 2209 2204 2210
f 2210 2204 2206
f 2202 2211 2203
f 2203 2211 2212
f 2203 2212 2213
f 2213 2212 2214
f 2213 2214 2215
f 2215 2214 2208
f 2215 2208 2216
f 2216 2208 2207
f 2217 2218 2199
f 2199 2218 2219
f 2199 2219 2197
f 2217 2220 2218
f 2218 2220 2221
f 2218 2221 2222
f 2223 2224 2225
f 2225 2224 2226
f 2225 2226 2227
f 2228 2229 2230
f 2230 2229 2231
f 2230 2231 2226
f 2226 2231 2232
f 2226 2232 2227
f 2228 2233 2229
f 2229 2233 2234
f 2229 2234 2235
f 2236 2237 2238
f 2238 2237 2229
f 2238 2229 2239
f 2239 2229 2235
f 2240 2241 2242
f 2243 2244 2245
f 2245 2244 2246
f 2245 2246 2247
f 2248 2240 2249
f 2249 2240 2242
f 2249 2242 2250
f 2250 2242 2251
f 2250 2251 2246
f 2246 2251 2252
f 2246 2252 2247
f 2253 2254 2255
f 2248 2249 2255
f 2255 2249 2256
f 2255 2256 2253
f 2257 2258 2259
f 2259 2260 2261
f 2262 2257 2263
f 2263 2257 2259
f 2263 2259 2264
f 2264 2259 2261
f 2264 2261 2265
f 2266 2267 2268
f 2268 2269 2266
f 2266 2269 2270
f 2266 2270 2271
f 2267 2272 2268
f 2268 2272 2273
f 2268 2273 2274
f 2275 2276 2277
f 2275 2277 2278
f 2277 2279 2280
f 2278 2277 2281
f 2281 2277 2280
f 2281 2280 2282
f 2283 2284 2285
f 2286 2287 2283
f 2285 2288 2289
f 2283 2285 2286
f 2286 2285 2289
f 2286 2289 2290
f 2243 2291 2244
f 2244 2291 2278
f 2244 2278 2292
f 2293 2294 2282
f 2282 2294 2287
f 2282 2287 2281
f 2281 2287 2286
f 2281 2286 2278
f 2278 2286 2290
f 2278 2290 2292
f 2224 2223 2295
f 2295 2223 2258
f 2296 2297 2274
f 2274 2297 2260
f 2274 2260 2259
f 2223 2298 2258
f 2258 2298 2269
f 2258 2269 2259
f 2259 2269 2268
f 2259 2268 2274
f 2293 2282 2280
f 2208 2299 2204
f 2204 2299 2293
f 2204 2293 2300
f 2300 2293 2280
f 2300 2280 2279
f 2299 2208 2301
f 2301 2208 2214
f 2301 2214 2302
f 2302 2214 2212
f 2302 2212 2303
f 2303 2212 2211
f 2218 2304 2305
f 2218 2305 2219
f 2219 2305 2306
f 2219 2306 2197
f 2197 2306 2307
f 2197 2307 2198
f 2198 2307 2308
f 2198 2308 2201
f 2201 2308 2309
f 2201 2309 2202
f 2202 2309 2303
f 2202 2303 2211
f 2199 2200 2310
f 2310 2311 2199
f 2199 2311 2312
f 2199 2312 2217
f 2312 2313 2217
f 2217 2313 2314
f 2217 2314 2220
f 2314 2315 2220
f 2220 2315 2316
f 2220 2316 2221
f 2316 2317 2221
f 2221 2317 2318
f 2221 2318 2222
f 2304 2218 2319
f 2319 2218 2222
f 2319 2222 2320
f 2320 2222 2318
f 2310 2200 2321
f 2321 2200 2203
f 2321 2203 2322
f 2322 2203 2213
f 2322 2213 2323
f 2323 2213 2215
f 2324 2323 2215
f 2215 2216 2324
f 2324 2216 2207
f 2324 2207 2325
f 2325 2207 2209
f 2325 2209 2326
f 2326 2209 2210
f 2326 2210 2327
f 2327 2210 2206
f 2327 2206 2328
f 2328 2206 2297
f 2297 2206 2205
f 2297 2205 2329
f 2329 2265 2297
f 2297 2265 2261
f 2297 2261 2260
f 2296 2274 2273
f 2172 2330 2170
f 2170 2330 2296
f 2170 2296 2331
f 2331 2296 2273
f 2331 2273 2272
f 2330 2172 2174
f 2330 2174 2332
f 2332 2174 2176
f 2332 2176 2333
f 2333 2176 2178
f 2333 2178 2334
f 2334 2178 2179
f 2334 2179 2335
f 2335 2179 2181
f 2335 2181 2336
f 2336 2181 2183
f 2336 2183 2337
f 2338 2339 2195
f 2195 2339 2193
f 2339 2340 2193
f 2193 2340 2341
f 2193 2341 2194
f 2341 2342 2194
f 2194 2342 2343
f 2194 2343 2187
f 2343 2344 2187
f 2187 2344 2345
f 2187 2345 2186
f 2337 2183 2346
f 2346 2183 2184
f 2346 2184 2347
f 2347 2184 2186
f 2347 2186 2348
f 2348 2186 2345
f 2188 2349 2350
f 2188 2350 2189
f 2189 2350 2351
f 2189 2351 2190
f 2190 2351 2352
f 2190 2352 2191
f 2191 2352 2353
f 2191 2353 2192
f 2192 2353 2354
f 2192 2354 2196
f 2196 2354 2338
f 2196 2338 2195
f 2355 2349 2188
f 2188 2185 2355
f 2355 2185 2182
f 2355 2182 2356
f 2356 2182 2180
f 2356 2180 2357
f 2357 2180 2177
f 2357 2177 2358
f 2358 2177 2175
f 2358 2175 2359
f 2359 2175 2173
f 2359 2173 2360
f 2360 2173 2294
f 2294 2173 2171
f 2294 2171 2361
f 2361 2284 2294
f 2294 2284 2283
f 2294 2283 2287
f 2362 2246 2288
f 2288 2246 2244
f 2288 2244 2289
f 2289 2244 2292
f 2289 2292 2290
f 2362 2363 2246
f 2246 2363 2364
f 2246 2364 2250
f 2249 2250 2364
f 2364 2365 2249
f 2249 2365 2366
f 2249 2366 2256
f 2366 2367 2256
f 2256 2367 2368
f 2256 2368 2253
f 2368 2369 2253
f 2253 2369 2370
f 2253 2370 2254
f 2370 2371 2254
f 2254 2371 2372
f 2254 2372 2255
f 2373 2248 2374
f 2374 2248 2255
f 2374 2255 2375
f 2375 2255 2372
f 2373 2376 2248
f 2248 2376 2240
f 2376 2377 2240
f 2240 2377 2378
f 2240 2378 2241
f 2378 2379 2241
f 2241 2379 2380
f 2241 2380 2242
f 2380 2381 2242
f 2242 2381 2382
f 2242 2382 2251
f 2383 2247 2384
f 2384 2247 2252
f 2384 2252 2385
f 2385 2252 2251
f 2385 2251 2386
f 2386 2251 2382
f 2243 2275 2291
f 2291 2275 2278
f 2247 2383 2245
f 2245 2383 2387
f 2245 2387 2243
f 2243 2387 2276
f 2243 2276 2275
f 2226 2224 2262
f 2262 2224 2257
f 2257 2224 2295
f 2257 2295 2258
f 2262 2388 2226
f 2226 2388 2389
f 2226 2389 2230
f 2228 2230 2389
f 2389 2390 2228
f 2228 2390 2391
f 2228 2391 2233
f 2391 2392 2233
f 2233 2392 2393
f 2233 2393 2234
f 2393 2394 2234
f 2234 2394 2395
f 2234 2395 2235
f 2395 2396 2235
f 2235 2396 2397
f 2235 2397 2239
f 2398 2238 2399
f 2399 2238 2239
f 2399 2239 2400
f 2400 2239 2397
f 2398 2401 2238
f 2238 2401 2236
f 2401 2402 2236
f 2236 2402 2403
f 2236 2403 2237
f 2403 2404 2237
f 2237 2404 2405
f 2237 2405 2229
f 2405 2406 2229
f 2229 2406 2407
f 2229 2407 2231
f 2408 2227 2409
f 2409 2227 2232
f 2409 2232 2410
f 2410 2232 2231
f 2410 2231 2411
f 2411 2231 2407
f 2225 2227 2408
f 2223 2270 2298
f 2298 2270 2269
f 2408 2412 2225
f 2225 2412 2413
f 2225 2413 2223
f 2223 2413 2271
f 2223 2271 2270
f 2337 2310 2336
f 2336 2310 2321
f 2336 2321 2335
f 2335 2321 2334
f 2334 2321 2322
f 2334 2322 2333
f 2333 2322 2332
f 2332 2322 2323
f 2332 2323 2330
f 2360 2299 2359
f 2359 2299 2301
f 2359 2301 2358
f 2358 2301 2357
f 2357 2301 2302
f 2357 2302 2356
f 2356 2302 2355
f 2355 2302 2303
f 2355 2303 2349
f 2349 2303 2309
f 2349 2309 2350
f 2350 2309 2308
f 2350 2308 2351
f 2351 2308 2307
f 2351 2307 2352
f 2352 2307 2306
f 2352 2306 2353
f 2353 2306 2305
f 2353 2305 2354
f 2354 2305 2304
f 2354 2304 2338
f 2338 2304 2319
f 2310 2337 2311
f 2311 2337 2346
f 2311 2346 2312
f 2312 2346 2347
f 2312 2347 2313
f 2313 2347 2348
f 2313 2348 2314
f 2314 2348 2345
f 2314 2345 2315
f 2315 2345 2344
f 2315 2344 2316
f 2316 2344 2343
f 2316 2343 2317
f 2317 2343 2342
f 2317 2342 2318
f 2318 2342 2341
f 2318 2341 2320
f 2320 2341 2340
f 2320 2340 2319
f 2319 2340 2339
f 2319 2339 2338
f 2328 2297 2296
f 2330 2323 2324
f 2324 2325 2330
f 2330 2325 2326
f 2330 2326 2296
f 2296 2326 2327
f 2296 2327 2328
f 2373 2398 2399
f 2389 2383 2390
f 2390 2383 2384
f 2390 2384 2391
f 2391 2384 2385
f 2391 2385 2392
f 2392 2385 2386
f 2392 2386 2393
f 2393 2386 2382
f 2393 2382 2394
f 2394 2382 2381
f 2394 2381 2395
f 2395 2381 2380
f 2395 2380 2396
f 2396 2380 2379
f 2396 2379 2397
f 2397 2379 2378
f 2397 2378 2400
f 2400 2378 2377
f 2400 2377 2399
f 2399 2377 2376
f 2399 2376 2373
f 2364 2408 2365
f 2365 2408 2409
f 2365 2409 2366
f 2366 2409 2410
f 2366 2410 2367
f 2367 2410 2411
f 2367 2411 2368
f 2368 2411 2407
f 2368 2407 2369
f 2369 2407 2406
f 2369 2406 2370
f 2370 2406 2405
f 2370 2405 2371
f 2371 2405 2404
f 2371 2404 2372
f 2372 2404 2403
f 2372 2403 2375
f 2375 2403 2402
f 2375 2402 2374
f 2402 2401 2374
f 2374 2401 2398
f 2374 2398 2373
f 2293 2299 2294
f 2294 2299 2360
f 2205 2204 2329
f 2329 2204 2300
f 2329 2300 2265
f 2265 2300 2279
f 2265 2279 2264
f 2264 2279 2263
f 2263 2279 2277
f 2263 2277 2262
f 2262 2277 2276
f 2262 2276 2388
f 2276 2387 2388
f 2388 2387 2383
f 2388 2383 2389
f 2171 2170 2361
f 2361 2170 2331
f 2361 2331 2284
f 2284 2331 2272
f 2284 2272 2285
f 2408 2364 2412
f 2412 2364 2363
f 2412 2363 2413
f 2413 2363 2362
f 2413 2362 2271
f 2271 2362 2288
f 2271 2288 2266
f 2266 2288 2285
f 2266 2285 2267
f 2267 2285 2272
f 2414 2415 2416
f 2417 2418 2419
f 2419 2418 2420
f 2419 2420 2421
f 2421 2420 2414
f 2421 2414 2422
f 2422 2414 2416
f 2423 2424 2425
f 2423 2425 2417
f 2417 2425 2418
f 2424 2423 2426
f 2426 2423 2427
f 2426 2427 2428
f 2429 2430 2427
f 2429 2427 2431
f 2427 2423 2431
f 2431 2423 2417
f 2431 2417 2432
f 2432 2417 2419
f 2416 2433 2422
f 2422 2433 2434
f 2422 2434 2421
f 2421 2434 2435
f 2421 2435 2419
f 2419 2435 2436
f 2419 2436 2432
f 2437 2438 2430
f 2439 2440 2438
f 2438 2440 2441
f 2438 2441 2430
f 2432 2442 2431
f 2431 2442 2437
f 2431 2437 2429
f 2429 2437 2430
f 2443 2444 2432
f 2432 2444 2445
f 2432 2445 2442
f 2446 2447 2443
f 2432 2436 2443
f 2443 2436 2435
f 2443 2435 2446
f 2446 2435 2434
f 2446 2434 2433
f 2448 2439 2438
f 2449 2450 2451
f 2452 2453 2454
f 2452 2454 2455
f 2455 2454 2456
f 2455 2456 2457
f 2449 2451 2458
f 2449 2458 2459
f 2460 2461 2462
f 2462 2461 2463
f 2462 2463 2464
f 2464 2463 2465
f 2461 2459 2463
f 2463 2459 2458
f 2463 2458 2465
f 2465 2458 2466
f 2438 2437 2450
f 2450 2437 2442
f 2450 2442 2451
f 2451 2442 2445
f 2451 2445 2458
f 2458 2445 2444
f 2458 2444 2466
f 2466 2444 2443
f 2466 2443 2447
f 2449 2457 2450
f 2450 2457 2456
f 2450 2456 2438
f 2438 2456 2454
f 2438 2454 2448
f 2448 2454 2453
f 2448 2453 2467
f 2467 2453 2452
f 2467 2452 2468
f 2461 2460 2469
f 2469 2460 2470
f 2471 2472 2473
f 2473 2472 2474
f 2473 2474 2475
f 2476 2477 2478
f 2478 2477 2479
f 2478 2479 2471
f 2471 2479 2480
f 2471 2480 2472
f 2478 2449 2459
f 2459 2461 2478
f 2478 2461 2469
f 2478 2469 2476
f 2476 2469 2470
f 2476 2470 2481
f 2449 2478 2471
f 2449 2471 2457
f 2457 2471 2473
f 2457 2473 2455
f 2455 2473 2452
f 2452 2473 2475
f 2452 2475 2468
f 2482 2483 2484
f 2485 2486 2484
f 2479 2477 2487
f 2488 2489 2490
f 2490 2489 2491
f 2490 2491 2492
f 2492 2491 2493
f 2492 2493 2494
f 2495 2496 2497
f 2495 2497 2498
f 2498 2497 2499
f 2498 2499 2500
f 2501 2502 2503
f 2503 2502 2504
f 2487 2477 2505
f 2505 2477 2476
f 2505 2476 2481
f 2506 2475 2507
f 2507 2475 2474
f 2507 2474 2508
f 2508 2474 2472
f 2508 2472 2480
f 2503 2495 2501
f 2501 2495 2498
f 2501 2498 2493
f 2493 2498 2500
f 2493 2500 2494
f 2486 2506 2484
f 2484 2506 2507
f 2484 2507 2482
f 2482 2507 2508
f 2482 2508 2487
f 2487 2508 2480
f 2487 2480 2479
f 2505 2504 2487
f 2487 2504 2502
f 2487 2502 2482
f 2482 2502 2501
f 2482 2501 2483
f 2483 2501 2493
f 2483 2493 2484
f 2484 2493 2491
f 2484 2491 2485
f 2485 2491 2489
f 2509 2510 2490
f 2490 2510 2511
f 2490 2511 2488
f 2496 2512 2513
f 2490 2492 2509
f 2509 2492 2494
f 2509 2494 2514
f 2514 2494 2500
f 2514 2500 2515
f 2515 2500 2499
f 2515 2499 2513
f 2513 2499 2497
f 2513 2497 2496
f 2516 2511 2510
f 2509 2514 2517
f 2518 2519 2520
f 2520 2519 2521
f 2522 2523 2524
f 2524 2523 2525
f 2524 2525 2526
f 2526 2525 2527
f 2526 2527 2528
f 2529 2513 2530
f 2530 2513 2512
f 2517 2514 2529
f 2529 2514 2515
f 2529 2515 2513
f 2531 2532 2533
f 2533 2532 2534
f 2533 2534 2535
f 2536 2537 2538
f 2538 2537 2539
f 2538 2539 2540
f 2528 2541 2526
f 2526 2541 2542
f 2526 2542 2524
f 2524 2542 2517
f 2524 2517 2522
f 2522 2517 2529
f 2522 2529 2523
f 2523 2529 2530
f 2510 2509 2543
f 2543 2509 2517
f 2543 2517 2544
f 2544 2517 2542
f 2544 2542 2518
f 2518 2542 2541
f 2518 2541 2519
f 2519 2541 2528
f 2519 2528 2521
f 2521 2528 2545
f 2546 2536 2547
f 2547 2536 2538
f 2547 2538 2533
f 2533 2538 2540
f 2533 2540 2531
f 2520 2546 2518
f 2518 2546 2547
f 2518 2547 2544
f 2544 2547 2533
f 2544 2533 2543
f 2543 2533 2535
f 2543 2535 2510
f 2510 2535 2548
f 2510 2548 2516
f 2549 2537 2536
f 2549 2536 2550
f 2550 2536 2546
f 2550 2546 2551
f 2551 2546 2520
f 2551 2520 2552
f 2552 2520 2553
f 2553 2520 2521
f 2553 2521 2554
f 2554 2521 2545
f 2554 2545 2555
f 2551 2552 2556
f 2557 2558 2559
f 2559 2558 2560
f 2559 2560 2561
f 2562 2553 2554
f 2560 2563 2561
f 2561 2563 2564
f 2561 2564 2565
f 2565 2564 2562
f 2565 2562 2566
f 2566 2562 2554
f 2566 2554 2555
f 2567 2549 2550
f 2550 2568 2567
f 2567 2568 2569
f 2567 2569 2570
f 2570 2569 2571
f 2570 2571 2572
f 2572 2571 2573
f 2572 2573 2574
f 2574 2573 2575
f 2574 2575 2576
f 2576 2575 2577
f 2578 2575 2579
f 2579 2575 2573
f 2579 2573 2580
f 2580 2573 2571
f 2580 2571 2581
f 2581 2571 2569
f 2581 2569 2556
f 2556 2569 2568
f 2556 2568 2551
f 2551 2568 2550
f 2552 2553 2556
f 2556 2553 2562
f 2556 2562 2581
f 2581 2562 2564
f 2581 2564 2580
f 2580 2564 2563
f 2580 2563 2579
f 2579 2563 2560
f 2579 2560 2578
f 2578 2560 2558
f 2582 2583 2584
f 2585 2586 2587
f 2588 2589 2590
f 2590 2589 2591
f 2590 2591 2592
f 2558 2557 2593
f 2593 2592 2558
f 2558 2592 2591
f 2575 2578 2594
f 2594 2578 2595
f 2594 2595 2596
f 2597 2598 2599
f 2599 2598 2600
f 2599 2600 2601
f 2578 2558 2595
f 2595 2558 2591
f 2595 2591 2596
f 2596 2591 2589
f 2596 2589 2602
f 2602 2589 2588
f 2602 2588 2603
f 2586 2597 2587
f 2587 2597 2599
f 2587 2599 2604
f 2604 2599 2601
f 2604 2601 2605
f 2606 2582 2603
f 2603 2582 2584
f 2603 2584 2602
f 2602 2584 2607
f 2602 2607 2596
f 2596 2607 2608
f 2596 2608 2594
f 2583 2585 2584
f 2584 2585 2587
f 2584 2587 2607
f 2607 2587 2604
f 2607 2604 2608
f 2608 2604 2605
f 2608 2605 2594
f 2594 2605 2609
f 2594 2609 2575
f 2575 2609 2577
f 2610 2611 2612
f 2612 2611 2613
f 2612 2613 2614
f 2614 2613 2615
f 2615 2613 2616
f 2615 2616 2617
f 2617 2616 2618
f 2617 2618 2619
f 2619 2618 2620
f 2619 2620 2621
f 2606 2620 2582
f 2582 2620 2618
f 2582 2618 2583
f 2583 2618 2616
f 2610 2598 2611
f 2611 2598 2597
f 2611 2597 2613
f 2613 2597 2586
f 2613 2586 2616
f 2616 2586 2585
f 2616 2585 2583
f 2622 2623 2624
f 2625 2626 2623
f 2619 2621 2627
f 2627 2621 2628
f 2627 2628 2629
f 2629 2628 2630
f 2629 2630 2631
f 2631 2630 2632
f 2631 2632 2633
f 2633 2632 2634
f 2633 2634 2625
f 2625 2634 2635
f 2625 2635 2626
f 2636 2615 2617
f 2637 2612 2614
f 2638 2610 2612
f 2612 2637 2638
f 2638 2637 2639
f 2638 2639 2640
f 2640 2639 2641
f 2640 2641 2642
f 2642 2641 2643
f 2642 2643 2644
f 2644 2643 2645
f 2644 2645 2646
f 2623 2622 2625
f 2625 2622 2647
f 2625 2647 2633
f 2633 2647 2648
f 2633 2648 2631
f 2631 2648 2649
f 2631 2649 2629
f 2629 2649 2636
f 2629 2636 2627
f 2627 2636 2617
f 2627 2617 2619
f 2650 2646 2624
f 2624 2646 2645
f 2624 2645 2622
f 2622 2645 2643
f 2622 2643 2647
f 2647 2643 2641
f 2647 2641 2648
f 2648 2641 2639
f 2648 2639 2649
f 2649 2639 2637
f 2649 2637 2636
f 2636 2637 2614
f 2636 2614 2615
f 2651 2650 2652
f 2652 2650 2624
f 2652 2624 2653
f 2653 2624 2654
f 2654 2624 2623
f 2654 2623 2655
f 2655 2623 2656
f 2656 2623 2626
f 2656 2626 2657
f 2657 2626 2658
f 2658 2626 2635
f 2658 2635 2659
f 2660 2651 2652
f 2658 2659 2661
f 2662 2663 2664
f 2664 2663 2665
f 2666 2667 2668
f 2668 2667 2669
f 2668 2669 2670
f 2670 2669 2671
f 2670 2671 2662
f 2662 2671 2672
f 2662 2672 2663
f 2673 2674 2675
f 2661 2673 2676
f 2658 2661 2657
f 2661 2676 2657
f 2657 2676 2677
f 2657 2677 2656
f 2652 2653 2678
f 2678 2653 2654
f 2678 2654 2677
f 2677 2654 2655
f 2677 2655 2656
f 2679 2680 2681
f 2682 2680 2683
f 2683 2680 2679
f 2683 2679 2684
f 2673 2675 2676
f 2676 2675 2685
f 2676 2685 2677
f 2677 2685 2684
f 2677 2684 2678
f 2678 2684 2679
f 2678 2679 2652
f 2652 2679 2681
f 2652 2681 2660
f 2686 2666 2674
f 2674 2666 2668
f 2674 2668 2675
f 2675 2668 2670
f 2675 2670 2685
f 2685 2670 2662
f 2685 2662 2684
f 2684 2662 2664
f 2684 2664 2683
f 2683 2664 2665
f 2683 2665 2682
f 2687 2663 2688
f 2688 2663 2672
f 2688 2672 2689
f 2689 2672 2671
f 2689 2671 2690
f 2690 2671 2691
f 2691 2671 2669
f 2691 2669 2692
f 2692 2669 2667
f 2692 2667 2693
f 2693 2667 2666
f 2693 2666 2686
f 2694 2695 2687
f 2696 2697 2698
f 2699 2695 2700
f 2701 2700 2702
f 2702 2700 2703
f 2702 2703 2704
f 2705 2699 2706
f 2706 2699 2700
f 2706 2700 2707
f 2707 2700 2701
f 2708 2709 2704
f 2704 2709 2710
f 2704 2710 2702
f 2693 2697 2692
f 2692 2697 2696
f 2692 2696 2691
f 2691 2696 2711
f 2687 2688 2694
f 2694 2688 2689
f 2694 2689 2711
f 2711 2689 2690
f 2711 2690 2691
f 2695 2694 2700
f 2700 2694 2711
f 2700 2711 2703
f 2703 2711 2696
f 2703 2696 2704
f 2704 2696 2698
f 2704 2698 2708
f 2712 2705 2706
f 2713 2714 2715
f 2707 2701 2716
f 2716 2717 2707
f 2707 2717 2713
f 2707 2713 2706
f 2706 2713 2715
f 2706 2715 2712
f 2709 2708 2718
f 2701 2702 2716
f 2716 2702 2710
f 2716 2710 2719
f 2719 2710 2709
f 2719 2709 2720
f 2720 2709 2718
f 2720 2718 2721
f 2721 2718 2722
f 2721 2722 2723
f 2721 2723 2720
f 2720 2723 2724
f 2720 2724 2719
f 2719 2724 2725
f 2719 2725 2716
f 2716 2725 2717
f 2717 2725 2726
f 2717 2726 2713
f 2713 2726 2727
f 2713 2727 2714
f 2728 2727 2729
f 2729 2727 2726
f 2729 2726 2730
f 2730 2726 2725
f 2730 2725 2731
f 2731 2725 2732
f 2732 2725 2724
f 2732 2724 2733
f 2723 2734 2724
f 2724 2734 2733
f 2728 2729 2735
f 2735 2729 2736
f 2735 2736 2737
f 2731 2738 2730
f 2730 2738 2739
f 2730 2739 2729
f 2729 2739 2740
f 2729 2740 2736
f 2733 2734 2741
f 2731 2732 2738
f 2738 2732 2733
f 2738 2733 2742
f 2742 2733 2743
f 2743 2733 2741
f 2743 2741 2744
f 2744 2741 2745
f 2746 2415 2414
f 2747 2748 2749
f 2750 2424 2749
f 2749 2424 2747
f 2747 2424 2426
f 2747 2426 2428
f 2750 2751 2424
f 2424 2751 2752
f 2424 2752 2425
f 2425 2752 2418
f 2418 2752 2753
f 2418 2753 2420
f 2420 2753 2754
f 2420 2754 2414
f 2755 2746 2756
f 2756 2746 2414
f 2756 2414 2757
f 2757 2414 2754
f 2758 2759 2760
f 2760 2759 2761
f 2762 2763 2764
f 2764 2763 2758
f 2764 2758 2765
f 2765 2758 2760
f 2765 2760 2766
f 2767 2768 2769
f 2767 2769 2770
f 2769 2771 2770
f 2770 2771 2772
f 2770 2772 2773
f 2773 2772 2774
f 2773 2774 2775
f 2774 2776 2775
f 2775 2776 2777
f 2775 2777 2778
f 2778 2777 2779
f 2778 2779 2780
f 2780 2779 2781
f 2780 2781 2782
f 2782 2781 2783
f 2782 2783 2784
f 2784 2783 2785
f 2784 2785 2786
f 2786 2785 2787
f 2786 2787 2788
f 2788 2787 2789
f 2789 2787 2790
f 2789 2790 2791
f 2791 2790 2792
f 2791 2792 2793
f 2793 2792 2794
f 2794 2792 2795
f 2794 2795 2796
f 2797 2798 2799
f 2797 2799 2800
f 2800 2799 2801
f 2800 2801 2802
f 2802 2801 2803
f 2803 2801 2804
f 2803 2804 2805
f 2806 2804 2807
f 2807 2804 2801
f 2807 2801 2808
f 2808 2801 2799
f 2798 2809 2799
f 2799 2809 2810
f 2799 2810 2808
f 2811 2812 2813
f 2814 2815 2816
f 2816 2815 2817
f 2816 2817 2818
f 2818 2819 2816
f 2816 2819 2820
f 2816 2820 2821
f 2822 2823 2824
f 2824 2823 2825
f 2825 2826 2824
f 2824 2826 2827
f 2824 2827 2828
f 2828 2829 2824
f 2824 2829 2830
f 2824 2830 2816
f 2816 2830 2831
f 2816 2831 2814
f 2812 2832 2813
f 2813 2832 2833
f 2813 2833 2824
f 2824 2833 2834
f 2824 2834 2822
f 2835 2836 2837
f 2838 2811 2837
f 2837 2811 2813
f 2837 2813 2835
f 2835 2813 2824
f 2835 2824 2839
f 2839 2824 2816
f 2839 2816 2840
f 2840 2816 2821
f 2840 2821 2841
f 2842 2843 2844
f 2845 2846 2847
f 2848 2849 2850
f 2850 2849 2851
f 2848 2850 2852
f 2852 2850 2853
f 2852 2853 2854
f 2855 2856 2850
f 2850 2856 2857
f 2850 2857 2853
f 2842 2858 2843
f 2843 2858 2859
f 2843 2859 2855
f 2855 2859 2860
f 2855 2860 2856
f 2861 2862 2863
f 2863 2862 2864
f 2863 2864 2844
f 2844 2864 2865
f 2844 2865 2842
f 2821 2820 2866
f 2867 2841 2821
f 2866 2861 2821
f 2821 2861 2863
f 2821 2863 2867
f 2867 2863 2844
f 2867 2844 2868
f 2868 2844 2843
f 2868 2843 2869
f 2869 2843 2855
f 2869 2855 2870
f 2870 2855 2871
f 2871 2855 2850
f 2871 2850 2872
f 2872 2850 2851
f 2872 2851 2847
f 2847 2851 2873
f 2847 2873 2845
f 2874 2875 2876
f 2876 2875 2877
f 2876 2877 2878
f 2878 2877 2879
f 2878 2879 2880
f 2881 2875 2882
f 2875 2881 2877
f 2877 2881 2883
f 2877 2883 2879
f 2884 2885 2886
f 2887 2888 2889
f 2889 2888 2890
f 2889 2890 2886
f 2886 2890 2891
f 2886 2891 2884
f 2887 2889 2892
f 2892 2889 2893
f 2892 2893 2894
f 2894 2893 2895
f 2894 2895 2896
f 2896 2895 2897
f 2896 2897 2898
f 2898 2897 2899
f 2899 2897 2900
f 2899 2900 2901
f 2901 2900 2902
f 2902 2900 2903
f 2902 2903 2904
f 2904 2903 2905
f 2904 2905 2906
f 2906 2905 2907
f 2906 2907 2882
f 2882 2907 2881
f 2881 2907 2908
f 2881 2908 2883
f 2883 2908 2909
f 2883 2909 2910
f 2805 2804 2911
f 2911 2804 2912
f 2911 2912 2913
f 2913 2912 2914
f 2914 2912 2915
f 2914 2915 2916
f 2916 2915 2917
f 2916 2917 2918
f 2919 2917 2920
f 2920 2917 2915
f 2920 2915 2921
f 2921 2915 2912
f 2806 2922 2804
f 2804 2922 2923
f 2804 2923 2912
f 2912 2923 2924
f 2912 2924 2921
f 2925 2926 2927
f 2928 2837 2836
f 2928 2929 2837
f 2837 2929 2930
f 2837 2930 2838
f 2931 2932 2928
f 2928 2932 2933
f 2928 2933 2929
f 2934 2935 2931
f 2935 2936 2931
f 2931 2936 2937
f 2931 2937 2938
f 2938 2939 2931
f 2931 2939 2940
f 2931 2940 2941
f 2941 2942 2931
f 2931 2942 2943
f 2931 2943 2932
f 2944 2945 2946
f 2946 2945 2947
f 2944 2948 2945
f 2945 2948 2949
f 2945 2949 2950
f 2950 2951 2945
f 2945 2951 2952
f 2945 2952 2953
f 2947 2945 2927
f 2927 2945 2954
f 2927 2954 2925
f 2955 2956 2954
f 2954 2956 2957
f 2954 2957 2925
f 2836 2955 2928
f 2928 2955 2954
f 2928 2954 2931
f 2931 2954 2945
f 2931 2945 2934
f 2934 2945 2953
f 2958 2947 2927
f 2926 2959 2960
f 2926 2960 2927
f 2927 2960 2961
f 2927 2961 2958
f 2962 2963 2964
f 2964 2965 2962
f 2962 2965 2966
f 2962 2966 2960
f 2960 2966 2967
f 2960 2967 2961
f 2968 2969 2970
f 2970 2969 2971
f 2970 2971 2963
f 2963 2971 2972
f 2963 2972 2964
f 2973 2974 2970
f 2970 2974 2975
f 2970 2975 2968
f 2976 2977 2973
f 2973 2977 2978
f 2973 2978 2974
f 2979 2980 2973
f 2973 2980 2981
f 2973 2981 2976
f 2982 2983 2984
f 2984 2983 2985
f 2984 2985 2986
f 2959 2987 2960
f 2960 2987 2988
f 2960 2988 2962
f 2962 2988 2989
f 2962 2989 2963
f 2963 2989 2990
f 2963 2990 2970
f 2970 2990 2991
f 2970 2991 2973
f 2973 2991 2986
f 2973 2986 2979
f 2979 2986 2985
f 2992 2993 2994
f 2994 2993 2995
f 2994 2995 2996
f 2996 2995 2761
f 2996 2761 2997
f 2997 2761 2759
f 2998 2999 3000
f 2767 3001 3002
f 3002 3001 2761
f 3002 2761 3003
f 3003 2761 2995
f 3003 2995 3000
f 3000 2995 2993
f 3000 2993 2998
f 3003 3004 3005
f 3003 3005 3002
f 3002 3005 2768
f 3002 2768 2767
f 3006 3007 3008
f 3006 3008 3009
f 2880 2879 3010
f 3010 2879 3009
f 3010 3009 3011
f 3011 3009 3008
f 2879 2883 3009
f 3009 2883 3012
f 3012 3013 3009
f 3009 3013 3014
f 3009 3014 3006
f 3006 3014 3015
f 2910 3016 2883
f 2883 3016 3017
f 2883 3017 3012
f 3012 3017 3018
f 3012 3018 3013
f 2761 3001 2760
f 2760 3001 2767
f 2760 2767 2770
f 2770 2766 2760
f 2574 2576 3019
f 3019 2576 2577
f 3019 2577 3020
f 3019 3021 2574
f 2574 3021 3022
f 2574 3022 2572
f 2572 3022 3023
f 2572 3023 2570
f 3023 3024 2570
f 2570 3024 3025
f 2570 3025 2567
f 3025 3026 2567
f 2567 3026 3027
f 2567 3027 2549
f 2537 2549 3027
f 3028 2511 3029
f 3029 2511 2516
f 3029 2516 3030
f 3030 2516 2548
f 3030 2548 3031
f 3031 2548 2535
f 3031 2535 3032
f 3032 2535 2534
f 3027 3033 2537
f 2537 3033 3034
f 2537 3034 2539
f 2539 3034 3035
f 2539 3035 2540
f 2540 3035 3036
f 2540 3036 2531
f 2531 3036 3037
f 2531 3037 2532
f 2532 3037 3038
f 2532 3038 2534
f 2534 3038 3039
f 2534 3039 3032
f 3040 2468 3041
f 3041 2468 2475
f 3041 2475 3042
f 3042 2475 2506
f 3042 2506 3043
f 3043 2506 2486
f 3043 2486 3044
f 3044 2486 3045
f 3045 2486 2485
f 3045 2485 3046
f 2488 2511 3028
f 2485 2489 3046
f 3046 2489 2488
f 3046 2488 3047
f 3047 2488 3028
f 2577 3048 3020
f 2600 2598 3049
f 3049 3050 2600
f 2600 3050 3051
f 2600 3051 2601
f 3051 3052 2601
f 2601 3052 3053
f 2601 3053 2605
f 2577 2609 3048
f 3048 2609 2605
f 3048 2605 3054
f 3054 2605 3053
f 3055 2650 3056
f 3056 2650 2651
f 3056 2651 3057
f 3057 2651 2660
f 3057 2660 3058
f 3058 2660 2681
f 3058 2681 3059
f 2681 2680 3059
f 3059 2680 2682
f 3059 2682 3060
f 3060 2682 2665
f 3060 2665 3061
f 3061 2665 3062
f 3062 2665 2663
f 3062 2663 2687
f 3049 2598 3063
f 3063 2598 2610
f 3063 2610 3064
f 3064 2610 3065
f 3065 2610 2638
f 3065 2638 3066
f 3066 2638 2640
f 3066 2640 3067
f 3067 2640 2642
f 3067 2642 3068
f 3068 2642 2644
f 3068 2644 3069
f 3069 2644 2646
f 3069 2646 3070
f 3070 2646 2650
f 3070 2650 3055
f 3071 3072 3073
f 3073 3072 3074
f 3075 3076 3077
f 3074 3072 3077
f 3077 3072 3078
f 3077 3078 3075
f 3079 3080 3081
f 3081 3080 3082
f 2559 2561 3083
f 3083 2561 2565
f 2565 2566 3083
f 3083 2566 2555
f 3083 2555 3081
f 3081 2555 2545
f 3081 2545 3079
f 3084 3085 3086
f 3086 3085 3087
f 3086 3087 3088
f 3078 3089 3075
f 3075 3089 3090
f 3075 3090 3086
f 3086 3090 3091
f 3086 3091 3084
f 2557 2559 3088
f 3088 2559 3083
f 3088 3083 3086
f 3086 3083 3081
f 3086 3081 3075
f 3075 3081 3082
f 3075 3082 3076
f 3092 2496 2495
f 2495 2503 3092
f 3092 2503 2504
f 3092 2504 3093
f 3093 2504 2505
f 3093 2505 2481
f 3079 2545 2528
f 3071 3073 3092
f 3092 3073 3074
f 3092 3074 2496
f 2496 3074 3077
f 2496 3077 2512
f 2512 3077 3076
f 2512 3076 3082
f 2528 2527 3079
f 3079 2527 2525
f 3079 2525 3080
f 3080 2525 2523
f 3080 2523 3082
f 3082 2523 2530
f 3082 2530 2512
f 3094 3095 3096
f 3097 3098 3099
f 3100 3097 3101
f 3101 3097 3099
f 3101 3099 3102
f 3102 3099 3103
f 3103 3099 3104
f 3103 3104 3105
f 3105 3104 3106
f 3106 3104 3107
f 3106 3107 3108
f 3095 3109 3096
f 3096 3109 3110
f 3096 3110 3111
f 3112 3113 3096
f 3096 3113 3114
f 3096 3114 3094
f 3115 3116 3096
f 3117 3118 3119
f 3119 3118 3120
f 3119 3120 3096
f 3096 3120 3121
f 3096 3121 3115
f 3116 3122 3096
f 3096 3122 3123
f 3096 3123 3112
f 3111 3107 3096
f 3096 3107 3104
f 3096 3104 3119
f 3119 3104 3099
f 3119 3099 3117
f 3117 3099 3098
f 2427 2430 3124
f 3125 2427 3126
f 3126 2427 3124
f 3126 3124 3127
f 3117 3128 3118
f 3100 3129 3097
f 3097 3129 3130
f 3097 3130 3098
f 3098 3130 3131
f 3132 3118 3133
f 3133 3118 3128
f 3133 3128 3134
f 3132 3135 3118
f 3118 3135 3136
f 3118 3136 3120
f 3131 3137 3098
f 3098 3137 3138
f 3098 3138 3117
f 3117 3138 3139
f 3117 3139 3128
f 3128 3139 3140
f 3128 3140 3134
f 3141 3130 3129
f 3141 3129 3142
f 3142 3129 3143
f 3143 3129 3144
f 3143 3144 3145
f 3146 2448 3147
f 3147 2448 2467
f 3147 2467 3148
f 3148 2467 3149
f 3149 2467 2468
f 3149 2468 3040
f 3150 3151 3146
f 3146 3151 2439
f 3146 2439 2448
f 3152 3153 3150
f 3150 3153 3151
f 2440 3154 2441
f 2441 3154 3124
f 2441 3124 2430
f 2439 3151 2440
f 2440 3151 3153
f 2440 3153 3154
f 3154 3153 3152
f 3154 3152 3124
f 3124 3152 3127
f 3155 3156 3157
f 3158 3159 3160
f 2593 2557 3088
f 3085 3084 3161
f 2592 2593 3162
f 3162 2593 3088
f 3162 3088 3087
f 3159 3158 3163
f 3158 2621 3163
f 3163 2621 2620
f 3163 2620 2606
f 2606 2603 3163
f 3163 2603 2588
f 3163 2588 2590
f 3164 3165 3155
f 3155 3157 3164
f 3164 3157 3166
f 3164 3166 3167
f 3167 3166 3168
f 3167 3168 3169
f 3161 3170 3085
f 3085 3170 3169
f 3085 3169 3087
f 3087 3169 3168
f 3087 3168 3162
f 3162 3168 3166
f 3156 3160 3157
f 3157 3160 3159
f 3157 3159 3166
f 3166 3159 3163
f 3166 3163 3162
f 3162 3163 2590
f 3162 2590 2592
f 2659 3156 3171
f 3171 3156 3155
f 3171 3155 3165
f 2659 2635 3156
f 3156 2635 2634
f 3156 2634 3160
f 2621 3158 2628
f 2628 3158 2630
f 3160 2634 3158
f 3158 2634 2632
f 3158 2632 2630
f 2661 2659 3171
f 3172 2686 2674
f 3172 2674 3171
f 3171 2674 2673
f 3171 2673 2661
f 3173 3174 3175
f 3176 3177 3178
f 3179 3180 3181
f 3176 3178 3182
f 3182 3178 3183
f 3182 3183 3184
f 3185 3186 3187
f 3187 3186 3188
f 3187 3188 3178
f 3178 3188 3189
f 3178 3189 3183
f 3174 3190 3175
f 3175 3190 3191
f 3175 3191 3192
f 3192 3193 3175
f 3175 3193 3194
f 3175 3194 3195
f 3110 3109 3196
f 3196 3173 3110
f 3110 3173 3175
f 3110 3175 3111
f 3111 3175 3179
f 3111 3179 3107
f 3107 3179 3181
f 3107 3181 3108
f 3177 3180 3178
f 3178 3180 3179
f 3178 3179 3187
f 3187 3179 3175
f 3187 3175 3185
f 3185 3175 3195
f 3197 3198 3199
f 2715 2714 3198
f 3198 3197 2715
f 2715 3197 3200
f 2715 3200 2712
f 3199 3201 3197
f 3197 3201 3202
f 3197 3202 3200
f 3200 3202 3203
f 3200 3203 2712
f 2712 3203 2705
f 3202 3204 3203
f 3203 3204 2705
f 2705 3204 2699
f 2699 3204 3205
f 2699 3205 2695
f 3062 2687 3206
f 3206 2687 2695
f 3206 2695 3207
f 3207 2695 3205
f 3208 3209 3210
f 3210 3209 3211
f 3211 3212 3210
f 3210 3212 3213
f 3210 3213 3214
f 3214 3213 3215
f 3216 3208 3183
f 3183 3208 3210
f 3183 3210 3184
f 3189 3217 3183
f 3183 3217 3218
f 3183 3218 3216
f 3219 3220 3221
f 3221 3220 3222
f 3221 3222 3223
f 3224 3219 3188
f 3188 3219 3221
f 3188 3221 3189
f 3189 3221 3223
f 3189 3223 3217
f 3186 3225 3188
f 3188 3225 3226
f 3188 3226 3224
f 3198 2714 2727
f 3199 3198 3227
f 3227 3198 2727
f 3227 2727 3228
f 3229 3230 3231
f 3231 3230 3232
f 3233 3234 3235
f 3235 3234 3236
f 3235 3236 3229
f 3229 3236 3237
f 3229 3237 3230
f 2762 2764 3238
f 2762 3238 3239
f 3239 3238 3240
f 3239 3240 3232
f 3232 3240 3241
f 3232 3241 3231
f 3235 3242 3233
f 3233 3242 3243
f 3233 3243 3244
f 3245 3246 3247
f 3247 3248 3245
f 3245 3248 3244
f 3245 3244 3249
f 3249 3244 3243
f 2782 3241 3240
f 3241 2782 3231
f 3231 2782 2784
f 3231 2784 3229
f 2764 2775 3238
f 3238 2775 2778
f 3238 2778 3240
f 3240 2778 2780
f 3240 2780 2782
f 3229 2784 3235
f 3235 2784 2786
f 3235 2786 3242
f 3242 2786 2788
f 3242 2788 3243
f 3243 2788 2789
f 3243 2789 3249
f 3249 2789 2791
f 3249 2791 3245
f 2794 2796 3250
f 3250 3251 2794
f 2794 3251 3252
f 2794 3252 2793
f 2793 3252 3253
f 2793 3253 2791
f 2791 3253 3245
f 2796 2795 2748
f 3246 3245 3254
f 3254 3245 3253
f 3254 3253 3255
f 3255 3253 3252
f 3255 3252 3256
f 3256 3252 3251
f 3256 3251 3257
f 3257 3251 3250
f 3257 3250 3258
f 3258 3250 3259
f 3250 2796 3259
f 3259 2796 2748
f 3259 2748 3260
f 3260 2748 2747
f 3260 2747 3261
f 3261 2747 2428
f 3261 2428 3262
f 3262 2428 2427
f 3262 2427 3125
f 3263 3264 3265
f 3266 3267 3268
f 3268 3267 3269
f 3268 3269 3270
f 3265 3264 3271
f 3271 3264 3272
f 3271 3272 3273
f 3274 3275 3272
f 3272 3275 3276
f 3272 3276 3273
f 3277 2415 3278
f 3278 2415 2746
f 3278 2746 2755
f 3278 3274 3277
f 3277 3274 3272
f 3277 3272 3279
f 3279 3272 3264
f 3279 3264 3266
f 3266 3264 3263
f 3266 3263 3267
f 3280 3281 3282
f 3071 3092 3283
f 3283 3092 3281
f 3280 3282 3284
f 3285 2797 3286
f 3287 3288 3289
f 3287 3289 3290
f 3290 3289 3291
f 3290 3291 3292
f 3292 3291 3293
f 3292 3293 3294
f 3294 3293 3295
f 3295 3293 3296
f 3295 3296 3297
f 3266 3298 3279
f 3279 3298 3299
f 3279 3299 3277
f 3277 3299 2415
f 3300 2433 2416
f 2446 3301 2447
f 2447 3301 2466
f 3302 2464 3301
f 3301 2464 2465
f 3301 2465 2466
f 3281 3092 3282
f 3282 3092 3093
f 3282 3093 2481
f 2481 2470 3282
f 3282 2470 2460
f 3282 2460 3302
f 3302 2460 2462
f 3302 2462 2464
f 2416 2415 3300
f 3300 2415 3299
f 3300 3299 3303
f 3303 3299 3298
f 3303 3298 3304
f 3287 3285 3288
f 3288 3285 3286
f 3288 3286 3289
f 3289 3286 3305
f 3289 3305 3291
f 3291 3305 3304
f 3291 3304 3293
f 3293 3304 3298
f 3293 3298 3296
f 3296 3298 3266
f 3296 3266 3297
f 3297 3266 3268
f 3297 3268 3306
f 3306 3268 3270
f 3286 3284 3305
f 3305 3284 3282
f 3305 3282 3304
f 3304 3282 3302
f 3304 3302 3303
f 3303 3302 3301
f 3303 3301 3300
f 3300 3301 2446
f 3300 2446 2433
f 3307 3308 3309
f 3310 3311 3312
f 3310 3312 3313
f 3314 3315 3316
f 3316 3315 3317
f 3309 2835 3307
f 3307 2835 2839
f 3307 2839 2840
f 2836 2835 3318
f 3318 2835 3309
f 3318 3309 3319
f 3319 3309 3320
f 3106 3108 3321
f 3321 3108 3322
f 3323 3103 3321
f 3321 3103 3105
f 3321 3105 3106
f 3311 3100 3312
f 3312 3100 3101
f 3312 3101 3102
f 3315 3313 3317
f 3317 3313 3312
f 3317 3312 3323
f 3323 3312 3102
f 3323 3102 3103
f 2841 3314 2840
f 2840 3314 3316
f 2840 3316 3307
f 3307 3316 3317
f 3307 3317 3308
f 3308 3317 3323
f 3308 3323 3309
f 3309 3323 3321
f 3309 3321 3320
f 3320 3321 3322
f 3129 3100 3311
f 3313 3315 3324
f 3325 3326 3327
f 3328 3329 3330
f 3330 3329 3331
f 3330 3331 3332
f 3333 3334 3331
f 3331 3334 3335
f 3331 3335 3332
f 3325 3327 3336
f 2872 3337 2871
f 2871 3337 3338
f 2871 3338 2870
f 2870 3338 3339
f 2870 3339 2869
f 2869 3339 3340
f 2869 3340 2868
f 2868 3340 3341
f 2868 3341 2867
f 2867 3341 3314
f 2867 3314 2841
f 3313 3324 3310
f 3129 3311 3144
f 3342 3145 3343
f 3343 3145 3144
f 3343 3144 3344
f 3344 3144 3311
f 3345 3346 3343
f 3343 3346 3347
f 3347 3348 3343
f 3343 3348 3349
f 3343 3349 3342
f 3328 3350 3329
f 3329 3350 3351
f 3329 3351 3345
f 3345 3351 3352
f 3345 3352 3346
f 3315 3314 3324
f 3324 3314 3341
f 3324 3341 3353
f 3353 3341 3340
f 3353 3340 3354
f 3354 3340 3339
f 3354 3339 3355
f 3355 3339 3338
f 3355 3338 3327
f 3327 3338 3337
f 3327 3337 3336
f 3336 3337 2872
f 3336 2872 2847
f 3326 3356 3327
f 3327 3356 3357
f 3327 3357 3355
f 3355 3357 3358
f 3355 3358 3354
f 3354 3358 3359
f 3354 3359 3353
f 3353 3359 3360
f 3353 3360 3324
f 3324 3360 3361
f 3324 3361 3310
f 3311 3310 3344
f 3344 3310 3361
f 3344 3361 3343
f 3343 3361 3360
f 3343 3360 3345
f 3345 3360 3359
f 3345 3359 3329
f 3329 3359 3358
f 3329 3358 3331
f 3331 3358 3357
f 3331 3357 3333
f 3333 3357 3356
f 3362 3363 3356
f 3356 3363 3364
f 3356 3364 3365
f 3365 3366 3356
f 3356 3366 3367
f 3356 3367 3368
f 3368 3369 3356
f 3356 3369 3370
f 3356 3370 3333
f 3362 3356 3371
f 3371 3356 3326
f 3371 3326 3372
f 3325 3373 3326
f 3326 3373 3374
f 3326 3374 3372
f 2846 3375 2847
f 2847 3375 3376
f 2847 3376 3336
f 3336 3376 3377
f 3336 3377 3325
f 3325 3377 3378
f 3325 3378 3373
f 3379 3380 3381
f 3382 3383 3381
f 3381 3383 3384
f 3381 3384 3379
f 3381 3385 3382
f 3382 3385 3386
f 3382 3386 3387
f 3387 3386 2875
f 3387 2875 3388
f 3388 2875 2874
f 3379 3389 3380
f 3380 3389 3390
f 3380 3390 3391
f 3391 3390 3392
f 3391 3392 3393
f 3393 3392 3394
f 3393 3394 3395
f 3396 3228 2727
f 3396 2727 3397
f 3397 2727 2728
f 3397 2728 3398
f 3398 2728 2735
f 3398 2735 3399
f 2737 2885 2884
f 2735 2737 3399
f 3399 2737 2884
f 3399 2884 3400
f 3400 2884 3401
f 3400 3401 3402
f 3402 3401 3403
f 3402 3403 3404
f 3404 3403 3405
f 3393 3395 3406
f 3406 3395 3407
f 3406 3407 3405
f 3405 3407 3408
f 3405 3408 3404
f 3401 2884 2891
f 3401 2891 3403
f 3403 2891 3405
f 3405 2891 2890
f 3405 2890 3406
f 3406 2890 2888
f 3406 2888 3393
f 2898 2899 3381
f 2898 3381 2896
f 2896 3381 3380
f 2896 3380 2894
f 2894 3380 3391
f 2894 3391 2892
f 2892 3391 2887
f 2887 3391 3393
f 2887 3393 2888
f 2901 3381 2899
f 2902 2904 3386
f 3386 2904 2906
f 3386 2906 2875
f 2875 2906 2882
f 2902 3386 2901
f 2901 3386 3385
f 2901 3385 3381
f 3409 3410 3411
f 3412 3413 3414
f 3413 3412 2698
f 3415 2918 3416
f 3417 3418 3419
f 3419 3418 3420
f 3419 3420 3421
f 3421 3420 3422
f 3171 3165 3423
f 3423 3424 3171
f 3171 3424 3425
f 3171 3425 3172
f 3420 3426 3427
f 3427 3426 2697
f 3427 2697 2693
f 3422 3420 3425
f 3425 3420 3427
f 3425 3427 3172
f 3172 3427 2693
f 3172 2693 2686
f 2722 2718 3412
f 3412 2718 2708
f 3412 2708 2698
f 3428 3429 3430
f 3430 3429 2734
f 3430 2734 2723
f 3431 3432 3433
f 3434 3432 3435
f 3435 3432 3431
f 3435 3431 3436
f 3436 3431 3437
f 3410 3437 3411
f 3411 3437 3431
f 3411 3431 3428
f 3428 3431 3433
f 3428 3433 3429
f 3416 3409 3438
f 3438 3409 3411
f 3438 3411 3414
f 3414 3411 3428
f 3414 3428 3412
f 3412 3428 3430
f 3412 3430 2722
f 2722 3430 2723
f 2698 2697 3413
f 3413 2697 3426
f 3413 3426 3414
f 3414 3426 3420
f 3414 3420 3438
f 3438 3420 3418
f 3438 3418 3416
f 3416 3418 3417
f 3416 3417 3415
f 3415 3417 3419
f 2741 2734 3429
f 3434 3439 3440
f 3434 3440 3432
f 3440 3441 3432
f 3432 3441 3442
f 3432 3442 3433
f 3433 3442 3443
f 3433 3443 3429
f 2741 3429 2745
f 3441 3444 3442
f 3442 3444 3445
f 3442 3445 3443
f 3443 3445 3446
f 3443 3446 3429
f 3429 3446 3447
f 3429 3447 2745
f 3182 3184 3448
f 3448 3184 3449
f 3180 3177 3448
f 3448 3177 3176
f 3448 3176 3182
f 3318 3319 3450
f 3450 3319 3320
f 2955 2836 3318
f 2955 3318 2956
f 3318 3450 2956
f 2956 3450 3451
f 2956 3451 2957
f 2957 3451 3452
f 2957 3452 2925
f 3453 3454 3455
f 3449 3456 3448
f 3448 3456 3457
f 3448 3457 3454
f 3454 3453 3448
f 3448 3453 3458
f 3448 3458 3180
f 3180 3458 3459
f 3180 3459 3181
f 2926 2925 3455
f 3455 2925 3452
f 3455 3452 3453
f 3453 3452 3451
f 3453 3451 3458
f 3458 3451 3450
f 3458 3450 3459
f 3459 3450 3320
f 3459 3320 3181
f 3181 3320 3322
f 3181 3322 3108
f 2982 2984 3460
f 3460 2984 3461
f 3460 3461 3462
f 3462 3461 3463
f 3463 3461 3464
f 3464 3461 3465
f 3464 3465 3466
f 3467 3468 3469
f 3469 3468 3470
f 3469 3470 3465
f 3465 3470 3471
f 3465 3471 3466
f 3472 3473 3467
f 3467 3473 3474
f 3467 3474 3468
f 3475 3476 3467
f 3467 3476 3477
f 3477 3478 3467
f 3467 3478 3479
f 3467 3479 3472
f 3465 3461 3480
f 3449 3184 3210
f 3481 3482 3483
f 3483 3482 3484
f 3483 3484 3485
f 3486 3487 3484
f 3484 3487 3488
f 3484 3488 3485
f 3489 3490 3491
f 3491 3490 3492
f 3491 3492 3215
f 3215 3492 3214
f 3214 3492 3210
f 3210 3492 3493
f 3210 3493 3449
f 3454 3457 3493
f 3493 3457 3456
f 3493 3456 3449
f 3494 2989 3495
f 3495 2989 2988
f 3495 2988 3496
f 3496 2988 2987
f 3496 2987 3497
f 3497 2987 2959
f 3480 2991 2990
f 2991 3480 2986
f 2986 3480 3461
f 2986 3461 2984
f 3481 3498 3482
f 3482 3498 3499
f 3482 3499 3475
f 3489 3486 3490
f 3490 3486 3484
f 3490 3484 3500
f 3500 3484 3482
f 3500 3482 3501
f 3501 3482 3475
f 3501 3475 3467
f 3469 3465 3502
f 3502 3465 3480
f 3502 3480 3494
f 3494 3480 2990
f 3494 2990 2989
f 3497 3503 3496
f 3496 3503 3504
f 3496 3504 3495
f 3495 3504 3505
f 3495 3505 3494
f 3494 3505 3506
f 3494 3506 3502
f 3467 3469 3501
f 3501 3469 3502
f 3501 3502 3500
f 3500 3502 3506
f 3500 3506 3490
f 3490 3506 3505
f 3490 3505 3492
f 3492 3505 3504
f 3492 3504 3493
f 3493 3504 3503
f 3493 3503 3454
f 3454 3503 3497
f 3454 3497 3455
f 3455 3497 2959
f 3455 2959 2926
f 2773 2775 2764
f 2764 2765 2773
f 2773 2765 2766
f 2773 2766 2770
f 3439 2907 3440
f 3440 2907 2905
f 3440 2905 3441
f 3441 2905 2903
f 3441 2903 3444
f 3444 2903 2900
f 3444 2900 3445
f 2900 2897 3445
f 3445 2897 2895
f 3445 2895 3446
f 2736 2740 3507
f 2743 2744 3507
f 3507 2744 2745
f 3507 2745 3447
f 2742 2743 2738
f 2738 2743 3507
f 2738 3507 2739
f 2739 3507 2740
f 2886 2885 2737
f 2895 2893 3446
f 3446 2893 2889
f 3446 2889 3447
f 3447 2889 2886
f 3447 2886 3507
f 3507 2886 2737
f 3507 2737 2736
f 2776 2774 3269
f 3273 2787 3271
f 3271 2787 2785
f 3271 2785 3265
f 3265 2785 2783
f 3265 2783 3263
f 3263 2783 2781
f 3263 2781 3267
f 3267 2781 2779
f 3267 2779 3269
f 3269 2779 2777
f 3269 2777 2776
f 3273 3276 2787
f 2787 3276 3275
f 2787 3275 2790
f 2790 3275 3274
f 2790 3274 2792
f 2792 3274 2795
f 2795 3274 3278
f 2795 3278 2748
f 3278 2755 3508
f 2754 2753 3508
f 3508 2753 2752
f 2755 2756 3508
f 3508 2756 2757
f 3508 2757 2754
f 2752 2751 3508
f 3508 2751 2750
f 3508 2750 3278
f 3278 2750 2749
f 3278 2749 2748
f 2974 3509 3510
f 3511 2969 3512
f 3512 2969 2968
f 3512 2968 3510
f 3510 2968 2975
f 3510 2975 2974
f 3513 2965 3514
f 3514 2965 2964
f 3514 2964 3515
f 3515 2964 2972
f 3515 2972 3516
f 3516 2972 3511
f 3511 2972 2971
f 3511 2971 2969
f 3517 3518 2958
f 2958 3518 2947
f 2947 3518 3519
f 2947 3519 3520
f 2958 2961 3517
f 3517 2961 2967
f 3517 2967 3521
f 2967 2966 3521
f 3521 2966 2965
f 3521 2965 3513
f 3522 2944 3523
f 3523 2944 2946
f 3523 2946 3520
f 3520 2946 2947
f 3524 2838 3525
f 3525 2838 2930
f 3525 2930 3526
f 3526 2930 2929
f 3526 2929 3527
f 2929 2933 3527
f 3527 2933 2932
f 3527 2932 3528
f 3528 2932 2943
f 3528 2943 3529
f 3529 2943 3530
f 3530 2943 2942
f 3530 2942 3531
f 2942 2941 3531
f 3531 2941 2940
f 3531 2940 3532
f 3532 2940 2939
f 2937 3533 2938
f 2938 3533 3534
f 2938 3534 2939
f 2939 3534 3535
f 2939 3535 3532
f 2935 2934 3536
f 2937 2936 3533
f 3533 2936 2935
f 3533 2935 3537
f 3537 2935 3536
f 2948 2944 3522
f 2948 3522 2949
f 3522 3538 2949
f 2949 3538 3539
f 2949 3539 2950
f 2950 3539 3540
f 2950 3540 2951
f 2951 3540 3541
f 2951 3541 2952
f 2952 3541 3536
f 2952 3536 2953
f 2953 3536 2934
f 3542 3543 2818
f 3542 2818 3544
f 2818 2817 3544
f 3544 2817 2815
f 3544 2815 3545
f 3545 2815 2814
f 3545 2814 3546
f 3546 2814 2831
f 3546 2831 3547
f 3547 2831 2830
f 3547 2830 3548
f 3548 2830 2829
f 3548 2829 3549
f 3549 2829 2828
f 3549 2828 3550
f 3550 2828 2827
f 3550 2827 3551
f 3551 2827 2826
f 3551 2826 3552
f 3552 2826 2825
f 3552 2825 3553
f 3553 2825 2823
f 3553 2823 3554
f 3554 2823 2822
f 3554 2822 3555
f 3555 2822 2834
f 3555 2834 3556
f 3556 2834 2833
f 3556 2833 3557
f 3557 2833 3558
f 2838 3524 2811
f 2811 3524 3559
f 2811 3559 2812
f 2812 3559 3558
f 2812 3558 2832
f 2832 3558 2833
f 3560 2820 3561
f 3561 2820 2819
f 3561 2819 3543
f 3543 2819 2818
f 3562 2865 2864
f 2866 2820 3560
f 2866 3560 2861
f 3560 3563 2861
f 2861 3563 3564
f 2861 3564 2862
f 2862 3564 3565
f 2862 3565 2864
f 2864 3565 3566
f 2864 3566 3562
f 3567 2860 3568
f 3568 2860 2859
f 3568 2859 3569
f 3569 2859 2858
f 3569 2858 3570
f 3570 2858 3562
f 3562 2858 2842
f 3562 2842 2865
f 3571 3572 2857
f 3571 2857 3567
f 3567 2857 2856
f 3567 2856 2860
f 2857 3572 3573
f 2857 3573 2853
f 3573 3574 2853
f 2853 3574 3575
f 2853 3575 2854
f 3575 3576 2854
f 2854 3576 2992
f 2854 2992 2852
f 2848 2852 2992
f 2848 2992 2849
f 2849 2992 2994
f 2849 2994 2996
f 2851 2849 2996
f 2851 2996 2873
f 2873 2996 2997
f 2873 2997 2759
f 2845 2873 2759
f 2845 2759 2846
f 2846 2759 2758
f 2846 2758 2763
f 2846 2763 3375
f 3375 2763 2762
f 3376 3375 2762
f 3376 2762 3377
f 2762 3239 3377
f 3377 3239 3232
f 3377 3232 3378
f 3378 3232 3230
f 3378 3230 3237
f 3378 3237 3373
f 3373 3237 3236
f 3373 3236 3374
f 3374 3236 3234
f 3248 3363 3244
f 3244 3363 3362
f 3244 3362 3233
f 3233 3362 3371
f 3233 3371 3234
f 3234 3371 3372
f 3234 3372 3374
f 3246 3364 3247
f 3247 3364 3363
f 3247 3363 3248
f 3257 3258 3368
f 3368 3258 3369
f 3257 3368 3256
f 3256 3368 3367
f 3256 3367 3255
f 3367 3366 3255
f 3255 3366 3365
f 3255 3365 3254
f 3254 3365 3364
f 3254 3364 3246
f 3261 3333 3260
f 3260 3333 3370
f 3260 3370 3259
f 3259 3370 3369
f 3259 3369 3258
f 3334 3333 3261
f 3334 3261 3335
f 3335 3261 3262
f 3335 3262 3125
f 3126 3127 3330
f 3126 3330 3125
f 3125 3330 3332
f 3125 3332 3335
f 3152 3150 3350
f 3152 3350 3127
f 3127 3350 3328
f 3127 3328 3330
f 3148 3347 3147
f 3147 3347 3346
f 3147 3346 3146
f 3350 3150 3351
f 3351 3150 3146
f 3351 3146 3352
f 3352 3146 3346
f 3040 3349 3149
f 3149 3349 3348
f 3149 3348 3148
f 3148 3348 3347
f 3349 3040 3342
f 3342 3040 3041
f 3342 3041 3145
f 3145 3041 3042
f 3042 3143 3145
f 3046 3130 3045
f 3045 3130 3141
f 3045 3141 3044
f 3042 3043 3143
f 3143 3043 3044
f 3143 3044 3142
f 3142 3044 3141
f 3028 3137 3047
f 3047 3137 3131
f 3047 3131 3046
f 3046 3131 3130
f 3032 3039 3133
f 3034 3120 3035
f 3035 3120 3136
f 3035 3136 3036
f 3036 3136 3037
f 3037 3136 3038
f 3038 3136 3135
f 3038 3135 3039
f 3039 3135 3132
f 3039 3132 3133
f 3032 3133 3031
f 3031 3133 3134
f 3031 3134 3030
f 3030 3134 3140
f 3030 3140 3029
f 3029 3140 3139
f 3029 3139 3028
f 3028 3139 3138
f 3028 3138 3137
f 3121 3120 3034
f 3121 3034 3115
f 3115 3034 3033
f 3115 3033 3027
f 3019 3020 3109
f 3019 3109 3021
f 3109 3095 3021
f 3021 3095 3094
f 3021 3094 3022
f 3022 3094 3023
f 3094 3114 3023
f 3023 3114 3113
f 3023 3113 3024
f 3113 3112 3024
f 3024 3112 3123
f 3024 3123 3025
f 3025 3123 3122
f 3025 3122 3026
f 3122 3116 3026
f 3026 3116 3115
f 3026 3115 3027
f 3049 3195 3050
f 3050 3195 3194
f 3191 3054 3192
f 3192 3054 3053
f 3192 3053 3193
f 3193 3053 3052
f 3193 3052 3194
f 3194 3052 3051
f 3194 3051 3050
f 3191 3190 3054
f 3054 3190 3174
f 3054 3174 3048
f 3048 3174 3173
f 3048 3173 3020
f 3020 3173 3196
f 3020 3196 3109
f 3185 3195 3049
f 3185 3049 3186
f 3186 3049 3063
f 3186 3063 3064
f 3070 3055 3218
f 3070 3218 3069
f 3220 3067 3068
f 3218 3217 3069
f 3069 3217 3223
f 3069 3223 3068
f 3068 3223 3222
f 3068 3222 3220
f 3186 3064 3225
f 3225 3064 3065
f 3225 3065 3226
f 3226 3065 3066
f 3226 3066 3224
f 3224 3066 3067
f 3224 3067 3219
f 3219 3067 3220
f 3057 3208 3056
f 3056 3208 3216
f 3056 3216 3055
f 3055 3216 3218
f 3208 3057 3209
f 3209 3057 3058
f 3061 3215 3060
f 3060 3215 3213
f 3060 3213 3059
f 3059 3213 3212
f 3059 3212 3058
f 3058 3212 3211
f 3058 3211 3209
f 3215 3061 3491
f 3491 3061 3062
f 3498 3481 3199
f 3199 3227 3498
f 3498 3227 3228
f 3498 3228 3396
f 3485 3204 3202
f 3204 3485 3205
f 3205 3485 3488
f 3205 3488 3207
f 3488 3487 3207
f 3207 3487 3486
f 3207 3486 3206
f 3206 3486 3489
f 3206 3489 3062
f 3062 3489 3491
f 3199 3481 3201
f 3201 3481 3483
f 3201 3483 3202
f 3202 3483 3485
f 2979 2985 3577
f 3577 3011 2979
f 2979 3011 3008
f 2979 3008 2980
f 2980 3008 3007
f 2980 3007 2981
f 2981 3007 3578
f 2981 3578 2976
f 2976 3578 3579
f 2976 3579 2977
f 2974 2978 3509
f 3509 2978 2977
f 3509 2977 3580
f 3580 2977 3579
f 3577 2985 2983
f 2982 2876 2983
f 2983 2876 2878
f 2878 2880 2983
f 2983 2880 3010
f 2983 3010 3577
f 3577 3010 3011
f 2876 2982 2874
f 2874 2982 3460
f 3463 3464 3383
f 3463 3383 3462
f 3383 3382 3462
f 3462 3382 3387
f 3462 3387 3460
f 3460 3387 3388
f 3460 3388 2874
f 3383 3464 3384
f 3384 3464 3466
f 3384 3466 3379
f 3379 3466 3471
f 3379 3471 3470
f 3474 3392 3468
f 3468 3392 3390
f 3468 3390 3470
f 3470 3390 3389
f 3470 3389 3379
f 3473 3395 3474
f 3474 3395 3394
f 3474 3394 3392
f 3475 3398 3476
f 3476 3398 3399
f 3476 3399 3477
f 3477 3399 3400
f 3477 3400 3478
f 3478 3400 3402
f 3478 3402 3479
f 3402 3404 3479
f 3479 3404 3408
f 3479 3408 3472
f 3408 3407 3472
f 3472 3407 3395
f 3472 3395 3473
f 3499 3498 3396
f 3499 3396 3475
f 3475 3396 3397
f 3475 3397 3398
f 3581 3582 3583
f 3584 3585 3586
f 3583 3582 3587
f 3587 3582 3588
f 3588 3582 3589
f 3588 3589 3590
f 3589 3591 3590
f 3590 3591 3592
f 3590 3592 2798
f 2798 3592 3593
f 2798 3593 2809
f 2809 3593 3594
f 2809 3594 2810
f 2810 3594 2808
f 2808 3594 3595
f 2808 3595 2807
f 2807 3595 3596
f 2807 3596 2806
f 2921 2924 3597
f 3597 2924 2923
f 3597 2923 3596
f 3596 2923 2922
f 3596 2922 2806
f 3586 2919 2920
f 3586 2920 3598
f 3586 3585 2919
f 2919 3585 3599
f 2919 3599 3600
f 3601 3602 3600
f 3600 3602 3603
f 3600 3603 2919
f 3604 3605 3606
f 3607 3608 3609
f 3609 3608 3604
f 3609 3604 3610
f 3610 3604 3606
f 3607 3611 3608
f 3608 3611 3612
f 3608 3612 3601
f 3601 3612 3613
f 3601 3613 3602
f 3605 3604 3614
f 3614 3604 3615
f 3614 3615 3616
f 3617 3618 3619
f 3619 3618 3620
f 3619 3620 3615
f 3615 3620 3621
f 3615 3621 3616
f 3617 3619 3622
f 3622 3619 3623
f 3622 3623 3624
f 3625 3626 3627
f 3625 3627 3628
f 3628 3627 3629
f 3628 3629 3624
f 3624 3629 3630
f 3624 3630 3622
f 3625 3631 3632
f 3633 3634 3626
f 3625 3632 3626
f 3626 3632 3635
f 3626 3635 3633
f 3634 3636 3626
f 3626 3636 3637
f 3626 3637 3638
f 3598 3639 3640
f 3640 3641 3598
f 3598 3641 3642
f 3598 3642 3586
f 3586 3642 3643
f 3586 3643 3584
f 3644 3645 3646
f 3646 3645 3647
f 3646 3647 3648
f 3649 3650 3646
f 3646 3650 3651
f 3646 3651 3644
f 2920 2921 3598
f 3598 2921 3597
f 3598 3597 3639
f 3639 3597 3646
f 3639 3646 3652
f 3652 3646 3648
f 3649 3646 3653
f 3653 3646 3597
f 3653 3597 3654
f 3654 3597 3596
f 3654 3596 3655
f 3656 3657 3596
f 3596 3657 3658
f 3596 3658 3655
f 3659 3595 3660
f 3660 3595 3661
f 3659 3662 3595
f 3595 3662 3663
f 3595 3663 3664
f 3664 3665 3595
f 3595 3665 3666
f 3595 3666 3667
f 3667 3668 3595
f 3595 3668 3669
f 3595 3669 3596
f 3596 3669 3670
f 3596 3670 3656
f 3593 3671 3594
f 3594 3671 3672
f 3594 3672 3595
f 3595 3672 3673
f 3595 3673 3661
f 3674 3675 3676
f 3674 3676 3677
f 3583 3678 3581
f 3581 3678 3679
f 3581 3679 3676
f 3676 3679 3680
f 3676 3680 3677
f 3681 3682 3675
f 3675 3682 3683
f 3675 3683 3676
f 3681 3684 3682
f 3682 3684 3685
f 3682 3685 3686
f 3687 3688 3689
f 3690 3691 3689
f 3689 3691 3692
f 3689 3692 3687
f 3687 3693 3688
f 3688 3693 3694
f 3688 3694 3695
f 3695 3696 3697
f 3685 3688 3686
f 3686 3688 3695
f 3686 3695 3698
f 3698 3695 3697
f 3699 3630 3700
f 3700 3630 3629
f 3700 3629 3701
f 3701 3629 3627
f 3701 3627 3702
f 3702 3627 3626
f 3702 3626 3703
f 3703 3626 3638
f 3704 3606 3605
f 3603 3602 3705
f 3705 3602 3613
f 3705 3613 3706
f 3706 3613 3612
f 3704 3605 3707
f 3707 3605 3614
f 3707 3614 3708
f 3708 3614 3616
f 3708 3616 3709
f 3709 3616 3621
f 3709 3621 3710
f 3710 3621 3620
f 3710 3620 3711
f 3606 3704 3610
f 3610 3704 3712
f 3610 3712 3609
f 3609 3712 3713
f 3609 3713 3607
f 3607 3713 3714
f 3607 3714 3611
f 3611 3714 3715
f 3611 3715 3612
f 3612 3715 3716
f 3612 3716 3706
f 3711 3620 3717
f 3717 3620 3618
f 3717 3618 3718
f 3718 3618 3617
f 3718 3617 3699
f 3699 3617 3622
f 3699 3622 3630
f 3000 2999 3696
f 3003 3000 3004
f 3004 3000 3696
f 3004 3696 3719
f 3719 3696 3695
f 3014 3013 3018
f 3015 3014 3631
f 3631 3014 3018
f 3631 3018 3632
f 3697 3574 3698
f 3698 3574 3573
f 3697 3696 3574
f 3574 3696 2999
f 3574 2999 3575
f 3575 2999 2998
f 3575 2998 3576
f 3576 2998 2993
f 3576 2993 2992
f 3559 3524 3654
f 3654 3655 3559
f 3559 3655 3658
f 3559 3658 3558
f 3558 3658 3657
f 3558 3657 3557
f 3557 3657 3656
f 3557 3656 3556
f 3556 3656 3670
f 3556 3670 3555
f 3555 3670 3554
f 3670 3669 3554
f 3554 3669 3668
f 3554 3668 3553
f 3553 3668 3667
f 3663 3548 3664
f 3664 3548 3549
f 3664 3549 3665
f 3665 3549 3550
f 3665 3550 3666
f 3666 3550 3551
f 3666 3551 3667
f 3667 3551 3552
f 3667 3552 3553
f 3663 3662 3548
f 3548 3662 3659
f 3548 3659 3547
f 3547 3659 3546
f 3546 3659 3660
f 3546 3660 3545
f 3660 3661 3545
f 3545 3661 3673
f 3545 3673 3544
f 3544 3673 3672
f 3544 3672 3542
f 3542 3672 3671
f 3542 3671 3543
f 3571 3567 3683
f 3683 3682 3571
f 3571 3682 3686
f 3571 3686 3572
f 3572 3686 3698
f 3572 3698 3573
f 3543 3671 3561
f 3561 3671 3593
f 3561 3593 3560
f 3560 3593 3563
f 3563 3593 3592
f 3563 3592 3564
f 3564 3592 3591
f 3564 3591 3565
f 3591 3589 3565
f 3565 3589 3582
f 3565 3582 3566
f 3566 3582 3562
f 3562 3582 3581
f 3562 3581 3570
f 3570 3581 3676
f 3570 3676 3569
f 3569 3676 3568
f 3568 3676 3683
f 3568 3683 3567
f 3015 3631 3625
f 3007 3006 3578
f 3578 3006 3015
f 3578 3015 3579
f 3579 3015 3580
f 3580 3015 3625
f 3580 3625 3509
f 3509 3625 3628
f 3509 3628 3510
f 3522 3584 3538
f 3538 3584 3643
f 3538 3643 3539
f 3539 3643 3540
f 3540 3643 3541
f 3541 3643 3642
f 3541 3642 3536
f 3642 3641 3536
f 3536 3641 3640
f 3536 3640 3537
f 3537 3640 3639
f 3537 3639 3533
f 3533 3639 3534
f 3534 3639 3652
f 3534 3652 3535
f 3535 3652 3648
f 3535 3648 3532
f 3532 3648 3647
f 3532 3647 3531
f 3531 3647 3645
f 3531 3645 3530
f 3530 3645 3644
f 3530 3644 3529
f 3529 3644 3651
f 3529 3651 3528
f 3528 3651 3650
f 3528 3650 3527
f 3527 3650 3649
f 3527 3649 3526
f 3526 3649 3653
f 3526 3653 3525
f 3525 3653 3654
f 3525 3654 3524
f 3619 3511 3623
f 3623 3511 3512
f 3623 3512 3624
f 3624 3512 3510
f 3624 3510 3628
f 3511 3619 3516
f 3516 3619 3615
f 3516 3615 3515
f 3515 3615 3604
f 3515 3604 3514
f 3514 3604 3608
f 3514 3608 3513
f 3513 3608 3601
f 3513 3601 3521
f 3521 3601 3517
f 3517 3601 3600
f 3517 3600 3518
f 3518 3600 3599
f 3518 3599 3519
f 3519 3599 3585
f 3519 3585 3520
f 3520 3585 3523
f 3523 3585 3584
f 3523 3584 3522
f 3590 2798 2797
f 3720 3588 3590
f 3721 3722 3720
f 3720 3722 3723
f 3720 3723 3588
f 3724 3725 3721
f 3724 3721 3726
f 3726 3721 3727
f 3726 3727 3728
f 3725 3729 3721
f 3721 3729 3730
f 3721 3730 3722
f 3731 3732 3727
f 3727 3732 3733
f 3727 3733 3728
f 3734 3735 3736
f 3731 3727 3736
f 3736 3727 3737
f 3736 3737 3734
f 3734 3737 3270
f 3734 3270 3269
f 3294 3295 3727
f 3727 3295 3297
f 3727 3297 3737
f 3737 3297 3306
f 3737 3306 3270
f 3294 3727 3292
f 3292 3727 3721
f 3292 3721 3290
f 3290 3721 3720
f 3290 3720 3287
f 3590 2797 3720
f 3720 2797 3285
f 3720 3285 3287
f 3434 3435 3738
f 2918 2917 3739
f 3705 3706 3739
f 2917 2919 3739
f 3739 2919 3603
f 3739 3603 3705
f 2918 3739 3416
f 3416 3739 3740
f 3416 3740 3409
f 3738 3435 3741
f 3435 3436 3741
f 3741 3436 3437
f 3741 3437 3740
f 3740 3437 3410
f 3740 3410 3409
f 3742 3439 3434
f 3434 3738 3742
f 3742 3738 3702
f 3742 3702 3703
f 3718 3699 3741
f 3741 3699 3700
f 3741 3700 3738
f 3738 3700 3701
f 3738 3701 3702
f 3707 3708 3740
f 3740 3708 3709
f 3709 3710 3740
f 3740 3710 3711
f 3740 3711 3741
f 3741 3711 3717
f 3741 3717 3718
f 3706 3716 3739
f 3739 3716 3715
f 3739 3715 3714
f 3714 3713 3739
f 3739 3713 3712
f 3739 3712 3740
f 3740 3712 3704
f 3740 3704 3707
f 3742 3703 3638
f 2908 2907 3439
f 3439 3742 2908
f 2908 3742 3638
f 2908 3638 2909
f 2909 3638 3637
f 2909 3637 3636
f 3634 2910 3636
f 3636 2910 2909
f 3633 3016 3634
f 3634 3016 2910
f 3016 3633 3017
f 3017 3633 3635
f 3017 3635 3018
f 3018 3635 3632
f 2771 3692 2772
f 2772 3692 3691
f 2772 3691 2774
f 2774 3691 3690
f 3690 3735 2774
f 2774 3735 3734
f 2774 3734 3269
f 2768 3693 2769
f 2769 3693 3687
f 2769 3687 2771
f 2771 3687 3692
f 3005 3004 3719
f 3693 2768 3694
f 3694 2768 3005
f 3694 3005 3695
f 3695 3005 3719
f 3722 3678 3583
f 3722 3583 3723
f 3723 3583 3587
f 3723 3587 3588
f 3678 3722 3679
f 3679 3722 3730
f 3679 3730 3680
f 3680 3730 3729
f 3680 3729 3677
f 3677 3729 3674
f 3674 3729 3725
f 3674 3725 3675
f 3735 3690 3736
f 3736 3690 3689
f 3736 3689 3731
f 3731 3689 3688
f 3731 3688 3732
f 3732 3688 3685
f 3732 3685 3733
f 3733 3685 3684
f 3733 3684 3728
f 3728 3684 3681
f 3728 3681 3726
f 3726 3681 3675
f 3726 3675 3724
f 3724 3675 3725
f 3743 3744 3745
f 3280 3284 3746
f 2805 3747 3748
f 2803 3749 2802
f 2802 3749 3750
f 2802 3750 2800
f 2800 3750 3286
f 2800 3286 2797
f 3281 3280 3751
f 3751 3280 3746
f 3751 3746 3752
f 3752 3746 3753
f 3747 3743 3748
f 3748 3743 3745
f 3748 3745 3753
f 3753 3745 3754
f 3753 3754 3752
f 3284 3286 3746
f 3746 3286 3750
f 3746 3750 3753
f 3753 3750 3749
f 3753 3749 3748
f 3748 3749 2803
f 3748 2803 2805
f 2916 2918 3415
f 2914 3755 2913
f 2913 3755 3756
f 2913 3756 2911
f 3744 3743 3757
f 3757 3743 3747
f 3757 3747 3758
f 2914 2916 3755
f 3755 2916 3759
f 3755 3759 3760
f 2805 2911 3747
f 3747 2911 3756
f 3747 3756 3758
f 3758 3756 3755
f 3758 3755 3761
f 3761 3755 3760
f 3761 3760 3762
f 3762 3760 3422
f 3762 3422 3425
f 2916 3415 3759
f 3759 3415 3419
f 3759 3419 3760
f 3760 3419 3421
f 3760 3421 3422
f 3084 3091 3763
f 3072 3071 3283
f 3281 3751 3283
f 3283 3751 3764
f 3072 3283 3078
f 3078 3283 3764
f 3078 3764 3089
f 3763 3091 3764
f 3764 3091 3090
f 3764 3090 3089
f 3161 3084 3765
f 3167 3169 3765
f 3765 3169 3170
f 3765 3170 3161
f 3762 3425 3424
f 3758 3761 3766
f 3766 3761 3762
f 3766 3762 3767
f 3767 3762 3424
f 3767 3424 3423
f 3757 3758 3765
f 3765 3758 3766
f 3765 3766 3167
f 3167 3766 3767
f 3167 3767 3164
f 3164 3767 3423
f 3164 3423 3165
f 3084 3763 3765
f 3765 3763 3744
f 3765 3744 3757
f 3751 3752 3764
f 3764 3752 3754
f 3764 3754 3763
f 3763 3754 3745
f 3763 3745 3744
f 3768 3769 3770
f 3768 3770 3771
f 3771 3770 3772
f 3771 3772 3773
f 3773 3772 3774
f 3773 3774 3775
f 3775 3774 3776
f 3775 3776 3777
f 3777 3776 3778
f 3777 3778 3779
f 3779 3778 3780
f 3779 3780 3781
f 3781 3780 3782
f 3781 3782 3783
f 3783 3782 3784
f 3783 3784 3785
f 3785 3784 3786
f 3785 3786 3787
f 3787 3786 3788
f 3787 3788 3789
f 3789 3788 3790
f 3789 3790 3791
f 3791 3790 3792
f 3791 3792 3793
f 3793 3792 3794
f 3793 3794 3795
f 3795 3794 3796
f 3795 3796 3797
f 3797 3796 3798
f 3797 3798 3799
f 3799 3798 3800
f 3799 3800 3801
f 3801 3800 3802
f 3801 3802 3803
f 3803 3802 3804
f 3803 3804 3805
f 3805 3804 3806
f 3805 3806 3807
f 3807 3806 3808
f 3807 3808 3809
f 3809 3808 3810
f 3809 3810 3811
f 3811 3810 3812
f 3811 3812 3813
f 3813 3812 3814
f 3813 3814 3815
f 3815 3814 3816
f 3815 3816 3817
f 3817 3816 3818
f 3817 3818 3819
f 3819 3818 3820
f 3819 3820 3821
f 3821 3820 3822
f 3821 3822 3823
f 3823 3822 3824
f 3823 3824 3825
f 3825 3824 3826
f 3825 3826 3827
f 3827 3826 3828
f 3827 3828 3829
f 3829 3828 3830
f 3829 3830 3831
f 3831 3830 3832
f 3831 3832 3833
f 3833 3832 3834
f 3833 3834 3835
f 3835 3834 3836
f 3835 3836 3837
f 3837 3836 3838
f 3837 3838 3839
f 3839 3838 3840
f 3839 3840 3841
f 3841 3840 3842
f 3841 3842 3843
f 3843 3842 3844
f 3843 3844 3845
f 3845 3844 3769
f 3845 3769 3768
f 3809 3811 3777
f 3811 3813 3777
f 3777 3813 3815
f 3777 3815 3817
f 3817 3819 3777
f 3777 3819 3821
f 3777 3821 3823
f 3823 3825 3777
f 3777 3825 3827
f 3777 3827 3829
f 3829 3831 3777
f 3777 3831 3833
f 3777 3833 3835
f 3779 3781 3799
f 3791 3793 3795
f 3779 3799 3777
f 3777 3799 3801
f 3777 3801 3803
f 3803 3805 3777
f 3777 3805 3807
f 3777 3807 3809
f 3835 3837 3777
f 3777 3837 3839
f 3777 3839 3841
f 3841 3843 3777
f 3777 3843 3845
f 3777 3845 3768
f 3781 3783 3799
f 3799 3783 3785
f 3799 3785 3787
f 3787 3789 3799
f 3799 3789 3791
f 3799 3791 3797
f 3797 3791 3795
f 3771 3773 3768
f 3768 3773 3775
f 3768 3775 3777
f 3842 3840 3818
f 3842 3818 3844
f 3844 3818 3816
f 3844 3816 3814
f 3794 3770 3796
f 3796 3770 3798
f 3814 3812 3844
f 3844 3812 3810
f 3844 3810 3808
f 3804 3802 3770
f 3770 3802 3800
f 3770 3800 3798
f 3830 3828 3832
f 3832 3828 3826
f 3832 3826 3834
f 3834 3826 3836
f 3836 3826 3824
f 3836 3824 3822
f 3840 3838 3818
f 3818 3838 3836
f 3818 3836 3820
f 3820 3836 3822
f 3770 3769 3804
f 3804 3769 3844
f 3804 3844 3806
f 3806 3844 3808
f 3782 3794 3784
f 3784 3794 3786
f 3792 3790 3794
f 3794 3790 3788
f 3794 3788 3786
f 3782 3780 3794
f 3794 3780 3778
f 3794 3778 3776
f 3776 3774 3794
f 3794 3774 3772
f 3794 3772 3770
f 3846 3847 3848
f 3849 3850 3851
f 3852 3853 3854
f 3855 3856 3857
f 3855 3858 3859
f 3859 3858 3860
f 3859 3860 3861
f 3862 3863 3864
f 3864 3863 3865
f 3864 3865 3866
f 3866 3865 3861
f 3856 3855 3867
f 3868 3869 3870
f 3871 3872 3873
f 3873 3872 3870
f 3873 3870 3874
f 3874 3870 3869
f 3853 3875 3854
f 3854 3875 3868
f 3854 3868 3876
f 3876 3877 3854
f 3854 3877 3878
f 3854 3878 3852
f 3879 3880 3881
f 3881 3880 3882
f 3881 3882 3851
f 3851 3882 3883
f 3851 3883 3849
f 3879 3881 3884
f 3884 3881 3885
f 3884 3885 3886
f 3887 3888 3889
f 3889 3888 3890
f 3889 3890 3885
f 3885 3890 3891
f 3885 3891 3886
f 3892 3893 3894
f 3894 3893 3895
f 3896 3897 3898
f 3899 3900 3901
f 3901 3900 3902
f 3901 3902 3903
f 3903 3902 3904
f 3903 3904 3894
f 3894 3904 3905
f 3894 3905 3892
f 3906 3907 3908
f 3906 3908 3901
f 3901 3908 3909
f 3901 3909 3899
f 3910 3911 3906
f 3906 3911 3912
f 3906 3912 3907
f 3913 3914 3906
f 3906 3914 3915
f 3915 3916 3906
f 3906 3916 3917
f 3906 3917 3910
f 3918 3847 3919
f 3920 3921 3922
f 3922 3921 3923
f 3924 3925 3926
f 3926 3925 3927
f 3926 3927 3928
f 3929 3930 3926
f 3926 3930 3931
f 3931 3932 3926
f 3926 3932 3933
f 3926 3933 3924
f 3934 3935 3936
f 3936 3935 3937
f 3936 3937 3938
f 3938 3937 3939
f 3938 3939 3940
f 3934 3936 3941
f 3941 3936 3942
f 3941 3942 3943
f 3943 3942 3944
f 3943 3944 3945
f 3945 3944 3946
f 3945 3946 3947
f 3948 3949 3946
f 3946 3949 3950
f 3946 3950 3947
f 3862 3951 3863
f 3863 3951 3952
f 3863 3952 3865
f 3865 3952 3953
f 3865 3953 3954
f 3940 3929 3938
f 3938 3929 3926
f 3938 3926 3921
f 3921 3926 3928
f 3921 3928 3923
f 3861 3865 3859
f 3859 3865 3955
f 3859 3955 3956
f 3956 3955 3957
f 3956 3957 3958
f 3958 3957 3959
f 3958 3959 3960
f 3960 3959 3961
f 3960 3961 3962
f 3962 3961 3963
f 3962 3963 3964
f 3920 3964 3921
f 3921 3964 3963
f 3921 3963 3938
f 3938 3963 3961
f 3938 3961 3936
f 3936 3961 3959
f 3936 3959 3942
f 3942 3959 3957
f 3942 3957 3944
f 3944 3957 3955
f 3944 3955 3946
f 3946 3955 3865
f 3946 3865 3948
f 3948 3865 3954
f 3948 3954 3949
f 3855 3859 3867
f 3867 3859 3956
f 3867 3956 3965
f 3965 3956 3958
f 3965 3958 3966
f 3966 3958 3960
f 3966 3960 3967
f 3967 3960 3962
f 3967 3962 3968
f 3968 3962 3964
f 3968 3964 3969
f 3969 3964 3920
f 3969 3920 3848
f 3848 3920 3922
f 3848 3922 3846
f 3913 3906 3970
f 3970 3906 3901
f 3970 3901 3971
f 3971 3901 3903
f 3971 3903 3972
f 3972 3903 3894
f 3972 3894 3897
f 3897 3894 3895
f 3897 3895 3898
f 3847 3918 3848
f 3848 3918 3973
f 3848 3973 3969
f 3969 3973 3974
f 3969 3974 3968
f 3968 3974 3975
f 3968 3975 3967
f 3967 3975 3976
f 3967 3976 3966
f 3966 3976 3977
f 3966 3977 3965
f 3965 3977 3978
f 3965 3978 3867
f 3867 3978 3872
f 3867 3872 3856
f 3856 3872 3871
f 3856 3871 3857
f 3898 3887 3896
f 3896 3887 3889
f 3896 3889 3979
f 3979 3889 3885
f 3979 3885 3980
f 3980 3885 3881
f 3980 3881 3981
f 3981 3881 3851
f 3981 3851 3876
f 3876 3851 3850
f 3876 3850 3877
f 3868 3870 3876
f 3876 3870 3872
f 3876 3872 3981
f 3981 3872 3978
f 3981 3978 3980
f 3980 3978 3977
f 3980 3977 3979
f 3979 3977 3976
f 3979 3976 3896
f 3896 3976 3975
f 3896 3975 3897
f 3897 3975 3974
f 3897 3974 3972
f 3972 3974 3973
f 3972 3973 3971
f 3971 3973 3918
f 3971 3918 3970
f 3970 3918 3919
f 3970 3919 3913
f 3982 3983 3984
f 3984 3983 3985
f 3984 3985 3986
f 3985 3987 3986
f 3986 3987 3988
f 3986 3988 3989
f 3989 3988 3990
f 3989 3990 3991
f 3991 3990 3992
f 3991 3992 3993
f 3993 3992 3994
f 3993 3994 3995
f 3995 3994 3996
f 3997 3998 3999
f 3999 3998 4000
f 3999 4000 4001
f 4001 4000 3996
f 4001 3996 4002
f 4002 3996 3994
f 4002 3994 4003
f 4003 3994 3992
f 4004 4005 4006
f 4007 4008 4004
f 4004 4006 4007
f 4007 4006 4009
f 4007 4009 4010
f 4011 4012 4013
f 4006 4005 4014
f 4009 4006 4015
f 4015 4006 4014
f 4015 4014 4016
f 4016 4014 4017
f 4016 4017 4018
f 4019 4020 4021
f 4019 4021 4022
f 4018 4023 4016
f 4016 4023 4021
f 4016 4021 4024
f 4024 4021 4020
f 4021 4025 4022
f 4022 4025 4026
f 4022 4026 4027
f 4027 4026 4028
f 4028 4026 4029
f 4028 4029 4013
f 4013 4029 4030
f 4013 4030 4011
f 4031 3951 3862
f 3998 3997 4031
f 4031 3862 3998
f 3998 3862 3864
f 3998 3864 4000
f 4008 4032 4033
f 4032 4008 4007
f 4034 4035 4036
f 4037 4038 4039
f 4038 4040 4041
f 4042 4043 4044
f 4044 4043 4045
f 4046 4047 4048
f 4048 4047 4049
f 4048 4049 4050
f 4050 4049 4051
f 4050 4051 4045
f 4045 4051 4052
f 4045 4052 4044
f 4053 4054 4055
f 4055 4054 4056
f 4055 4056 4048
f 4048 4056 4057
f 4048 4057 4046
f 4058 4059 4060
f 4060 4059 4061
f 4060 4061 4053
f 4062 4063 4058
f 4058 4063 4064
f 4058 4064 4059
f 4065 4066 4058
f 4066 4067 4058
f 4058 4067 4068
f 4058 4068 4062
f 4069 4070 4071
f 4072 4073 4070
f 4074 4075 4076
f 4076 4075 4077
f 4076 4077 4078
f 4078 4079 4076
f 4076 4079 4080
f 4076 4080 4081
f 4082 4083 4084
f 4084 4085 4082
f 4082 4085 4086
f 4082 4086 4076
f 4076 4086 4087
f 4076 4087 4074
f 4083 4082 4088
f 4088 4082 4089
f 4088 4089 4090
f 4091 4092 4093
f 4093 4092 4094
f 4093 4094 4089
f 4089 4094 4095
f 4089 4095 4090
f 4096 4097 4093
f 4093 4097 4098
f 4093 4098 4091
f 4099 4100 4101
f 4101 4100 4102
f 4101 4102 4103
f 4103 4102 4104
f 4039 4038 4105
f 4105 4038 4041
f 4105 4041 4102
f 4102 4041 4106
f 4102 4106 4104
f 4036 4035 4107
f 4107 4035 4108
f 4107 4108 4109
f 4036 4110 4111
f 4034 4036 4112
f 4112 4036 4111
f 4112 4111 4113
f 4007 4010 4114
f 4114 4010 4115
f 4114 4115 4116
f 4116 4117 4118
f 4117 4119 4118
f 4118 4119 4120
f 4118 4120 4121
f 4007 4114 4032
f 4032 4114 4122
f 4032 4122 4033
f 4123 4124 4125
f 4125 4124 4126
f 4125 4126 4127
f 4127 4126 4128
f 4127 4128 4129
f 4129 4128 4130
f 4129 4130 4131
f 4132 4133 4134
f 4110 4036 4123
f 4123 4036 4107
f 4123 4107 4124
f 4124 4107 4135
f 4124 4135 4126
f 4126 4135 4136
f 4126 4136 4128
f 4128 4136 4137
f 4128 4137 4130
f 4132 4134 4138
f 4138 4134 4139
f 4138 4139 4140
f 4140 4139 4141
f 4140 4141 4142
f 4142 4141 4069
f 4142 4069 4143
f 4143 4069 4071
f 4143 4071 4065
f 4070 4069 4072
f 4072 4069 4141
f 4072 4141 4144
f 4144 4141 4139
f 4144 4139 4145
f 4145 4139 4134
f 4145 4134 4146
f 4146 4134 4133
f 4146 4133 4147
f 4132 4131 4133
f 4133 4131 4130
f 4133 4130 4147
f 4147 4130 4137
f 4147 4137 4100
f 4100 4137 4136
f 4100 4136 4102
f 4102 4136 4135
f 4102 4135 4105
f 4105 4135 4107
f 4105 4107 4039
f 4039 4107 4109
f 4039 4109 4037
f 4099 4148 4100
f 4100 4148 4096
f 4100 4096 4147
f 4147 4096 4093
f 4147 4093 4146
f 4146 4093 4089
f 4146 4089 4145
f 4145 4089 4082
f 4145 4082 4144
f 4144 4082 4076
f 4144 4076 4072
f 4072 4076 4081
f 4072 4081 4073
f 4149 4055 4150
f 4150 4055 4048
f 4150 4048 4151
f 4151 4048 4050
f 4151 4050 4152
f 4152 4050 4045
f 4152 4045 4153
f 4153 4045 4043
f 4153 4043 4114
f 4114 4043 4042
f 4114 4042 4122
f 4116 4118 4114
f 4114 4118 4154
f 4114 4154 4153
f 4153 4154 4155
f 4153 4155 4152
f 4152 4155 4156
f 4152 4156 4151
f 4151 4156 4157
f 4151 4157 4150
f 4150 4157 4158
f 4150 4158 4149
f 4149 4158 4159
f 4149 4159 4160
f 4053 4055 4060
f 4060 4055 4149
f 4060 4149 4058
f 4058 4149 4160
f 4058 4160 4065
f 4065 4160 4159
f 4065 4159 4143
f 4143 4159 4158
f 4143 4158 4142
f 4142 4158 4157
f 4142 4157 4140
f 4140 4157 4156
f 4140 4156 4138
f 4138 4156 4155
f 4138 4155 4132
f 4132 4155 4154
f 4132 4154 4131
f 4131 4154 4118
f 4131 4118 4129
f 4129 4118 4121
f 4129 4121 4127
f 4127 4121 4161
f 4127 4161 4125
f 4112 4113 4162
f 4163 4040 4164
f 4164 4040 4038
f 4164 4038 4165
f 4038 4037 4165
f 4165 4037 4109
f 4165 4109 4166
f 4166 4109 4108
f 4166 4108 4167
f 4167 4108 4168
f 4108 4035 4168
f 4168 4035 4034
f 4168 4034 4169
f 4169 4034 4112
f 4169 4112 4170
f 4170 4112 4162
f 4113 4171 4162
f 4162 4171 4172
f 4162 4172 4173
f 4173 4172 4174
f 4173 4174 4175
f 4176 4177 4178
f 4176 4178 4179
f 4179 4178 4180
f 4179 4180 4181
f 4182 4183 4184
f 4184 4183 4185
f 4184 4185 4186
f 4180 4187 4181
f 4181 4187 4188
f 4181 4188 4189
f 4189 4188 4190
f 4189 4190 4191
f 4191 4190 4192
f 4191 4192 4182
f 4182 4192 4193
f 4182 4193 4183
f 3853 4194 4195
f 3853 4195 4196
f 4196 4195 4186
f 4196 4186 4185
f 4197 4198 4199
f 4199 4200 4197
f 4197 4200 4201
f 4197 4201 4202
f 4202 4201 4203
f 4202 4203 4204
f 4204 4203 4205
f 4204 4205 4206
f 4207 4208 4209
f 4207 4209 4210
f 4210 4209 4206
f 4210 4206 4205
f 4208 4207 4211
f 4212 4213 4214
f 4214 4213 4215
f 4214 4215 4216
f 4216 4215 4217
f 4216 4217 4218
f 4218 4217 4219
f 4218 4219 4220
f 4220 4219 4221
f 4220 4221 4222
f 4222 4221 4223
f 4222 4223 4224
f 4224 4223 4225
f 4224 4225 4226
f 4226 4225 4227
f 4226 4227 4228
f 4228 4227 4229
f 4228 4229 4230
f 4230 4229 4231
f 4230 4231 4232
f 4232 4231 4233
f 4232 4233 4234
f 4234 4233 4235
f 4234 4235 4236
f 4236 4235 4237
f 4236 4237 4238
f 4238 4237 4239
f 4238 4239 4240
f 4240 4239 4241
f 4240 4241 4242
f 4242 4241 4243
f 4242 4243 4244
f 4244 4243 4245
f 4244 4245 4246
f 4246 4245 4247
f 4246 4247 4248
f 4248 4247 4249
f 4248 4249 4250
f 4250 4249 4251
f 4250 4251 4252
f 4252 4251 4253
f 4252 4253 4254
f 4254 4253 4255
f 4254 4255 4256
f 4256 4255 4257
f 4256 4257 4258
f 4258 4257 4259
f 4258 4259 4211
f 4211 4259 4260
f 4211 4260 4208
f 4261 4262 4263
f 4261 4263 4264
f 4264 4263 4213
f 4264 4213 4212
f 4265 4266 4267
f 4268 4269 4270
f 4270 4269 4271
f 4270 4271 4272
f 4272 4271 4265
f 4272 4265 4273
f 4273 4265 4267
f 4274 4051 4049
f 4274 4049 4275
f 4047 4276 4049
f 4049 4276 4277
f 4049 4277 4275
f 4275 4278 4274
f 4274 4278 4279
f 4274 4279 4280
f 4280 4279 4267
f 4280 4267 4266
f 4276 4047 4046
f 4281 4282 4057
f 4057 4282 4283
f 4057 4283 4046
f 4046 4283 4284
f 4046 4284 4276
f 4057 4056 4281
f 4281 4056 4054
f 4281 4054 4285
f 4285 4054 4053
f 4285 4053 4286
f 4286 4053 4061
f 4064 4063 4287
f 4287 4288 4064
f 4064 4288 4289
f 4064 4289 4059
f 4059 4289 4286
f 4059 4286 4061
f 4287 4063 4290
f 4290 4063 4062
f 4290 4062 4291
f 4067 4066 4292
f 4062 4068 4291
f 4291 4068 4067
f 4291 4067 4293
f 4293 4067 4292
f 4073 4294 4070
f 4070 4294 4295
f 4070 4295 4071
f 4295 4296 4071
f 4071 4296 4297
f 4071 4297 4065
f 4065 4297 4292
f 4065 4292 4066
f 4080 4298 4081
f 4081 4298 4294
f 4081 4294 4073
f 4299 4300 4077
f 4077 4300 4301
f 4077 4301 4078
f 4078 4301 4298
f 4078 4298 4079
f 4079 4298 4080
f 4302 4303 4087
f 4087 4303 4304
f 4087 4304 4074
f 4074 4304 4299
f 4074 4299 4075
f 4075 4299 4077
f 4083 4305 4306
f 4083 4306 4084
f 4084 4306 4307
f 4084 4307 4085
f 4085 4307 4308
f 4085 4308 4086
f 4086 4308 4302
f 4086 4302 4087
f 4095 4309 4090
f 4090 4309 4310
f 4090 4310 4088
f 4088 4310 4305
f 4088 4305 4083
f 4095 4094 4309
f 4309 4094 4092
f 4309 4092 4311
f 4311 4092 4091
f 4311 4091 4312
f 4312 4091 4313
f 4091 4098 4313
f 4313 4098 4097
f 4313 4097 4314
f 4314 4097 4096
f 4314 4096 4315
f 4315 4096 4316
f 4099 4317 4318
f 4099 4318 4148
f 4148 4318 4316
f 4148 4316 4096
f 4103 4319 4101
f 4101 4319 4320
f 4101 4320 4099
f 4099 4320 4317
f 3880 4321 3882
f 3882 4321 4322
f 3882 4322 3883
f 3883 4322 4323
f 3883 4323 3849
f 3849 4323 4324
f 3849 4324 3850
f 3850 4324 4325
f 3850 4325 3877
f 3877 4325 4326
f 3877 4326 3878
f 3878 4326 4327
f 3878 4327 3852
f 3852 4327 4194
f 3852 4194 3853
f 4262 4261 4328
f 4328 4261 4329
f 4328 4329 4330
f 4329 4331 4330
f 4330 4331 4332
f 4330 4332 4333
f 4333 4332 4269
f 4333 4269 4268
f 4319 4103 4104
f 4319 4104 4334
f 4334 4104 4106
f 4334 4106 4335
f 4335 4106 4041
f 4335 4041 4336
f 4336 4041 4040
f 4336 4040 4163
f 4175 4174 4337
f 4337 4174 4338
f 4337 4338 4339
f 4339 4338 4340
f 4339 4340 4341
f 4341 4340 4342
f 4341 4342 4343
f 4343 4342 4344
f 4343 4344 4345
f 4345 4344 4346
f 4345 4346 4347
f 4347 4346 4348
f 4347 4348 4349
f 4349 4348 4350
f 4349 4350 4176
f 4176 4350 4177
f 4321 3880 4351
f 4351 3880 3879
f 4351 3879 4352
f 4352 3879 3884
f 4352 3884 4353
f 4353 3884 3886
f 4353 3886 4354
f 4354 3886 3891
f 3887 4355 3888
f 3888 4355 4356
f 3888 4356 3890
f 4356 4357 3890
f 3890 4357 4354
f 3890 4354 3891
f 4358 4355 3887
f 3887 3898 4358
f 4358 3898 3895
f 4358 3895 4359
f 4359 3895 3893
f 4359 3893 4360
f 4361 3905 4362
f 4362 3905 3904
f 4362 3904 3902
f 3893 3892 4360
f 4360 3892 3905
f 4360 3905 4363
f 4363 3905 4361
f 4362 3902 3900
f 4362 3900 4364
f 4364 3900 3899
f 4364 3899 4365
f 4365 3899 3909
f 4365 3909 4366
f 4366 3909 3908
f 4366 3908 4367
f 3912 4368 4369
f 3912 4369 3907
f 3907 4369 4367
f 3907 4367 3908
f 4368 3912 3911
f 4368 3911 4370
f 4370 3911 3910
f 4370 3910 4371
f 4371 3910 3917
f 4371 3917 4372
f 4372 3917 3916
f 4372 3916 4373
f 4373 3916 3915
f 4373 3915 4374
f 4374 3915 3914
f 4374 3914 4375
f 4375 3914 3913
f 4375 3913 4376
f 4377 3846 3922
f 4377 3922 4378
f 4378 3922 3923
f 4378 3923 4379
f 4380 3919 4381
f 4381 3919 3847
f 3846 4377 3847
f 3847 4377 4382
f 3847 4382 4381
f 4380 4383 3919
f 3919 4383 4376
f 3919 4376 3913
f 4379 3923 3928
f 4379 3928 4384
f 4384 3928 3927
f 4384 3927 4385
f 3924 4386 3925
f 3925 4386 4385
f 3925 4385 3927
f 3924 3933 4386
f 4386 3933 3932
f 4386 3932 4387
f 4387 3932 3931
f 4387 3931 4388
f 4388 3931 3930
f 4388 3930 4389
f 4389 3930 3929
f 4389 3929 4390
f 4390 3929 3940
f 4390 3940 4391
f 4391 3940 3939
f 4391 3939 4392
f 4392 3939 3937
f 4392 3937 4393
f 4393 3937 3935
f 4393 3935 4394
f 3935 3934 4394
f 4394 3934 3941
f 4394 3941 4395
f 4395 3941 3943
f 4395 3943 4396
f 4396 3943 4397
f 3945 3947 4398
f 3943 3945 4397
f 4397 3945 4398
f 4397 4398 4399
f 4399 4398 4400
f 4400 4398 4401
f 4401 4398 4402
f 4401 4402 4403
f 4403 4402 4404
f 4404 4402 4405
f 4404 4405 4406
f 4405 4407 4406
f 4406 4407 4408
f 4406 4408 4409
f 4409 4408 4199
f 4409 4199 4198
f 4111 4110 4410
f 4410 4110 4411
f 4410 4411 4412
f 4412 4411 4413
f 4205 4203 4414
f 4414 4203 4201
f 4414 4201 4200
f 4200 4199 4414
f 4414 4199 4408
f 4414 4408 4407
f 4234 4236 4415
f 4415 4236 4238
f 4415 4238 4416
f 4238 4240 4416
f 4416 4240 4242
f 4416 4242 4417
f 4417 4242 4244
f 4417 4244 4418
f 4418 4244 4246
f 4418 4246 4419
f 4250 4252 4420
f 4246 4248 4419
f 4419 4248 4250
f 4419 4250 4421
f 4421 4250 4420
f 4252 4254 4420
f 4420 4254 4256
f 4420 4256 4422
f 4422 4256 4258
f 4422 4258 4423
f 4423 4258 4211
f 4423 4211 4424
f 4424 4211 4207
f 4424 4207 4425
f 4426 4427 4428
f 4411 4110 4123
f 4411 4123 4413
f 4413 4123 4429
f 4429 4123 4125
f 4429 4125 4426
f 4426 4428 4430
f 4430 4428 4431
f 4430 4431 4432
f 4426 4125 4427
f 4427 4125 4161
f 4427 4161 4428
f 4428 4161 4121
f 4428 4121 4431
f 4433 4434 4435
f 4435 4434 4436
f 4435 4436 4437
f 4437 4436 4432
f 4437 4432 4431
f 4438 4117 4439
f 4439 4117 4116
f 4439 4116 4440
f 4440 4116 4009
f 4009 4116 4115
f 4009 4115 4010
f 4438 4433 4117
f 4117 4433 4435
f 4117 4435 4119
f 4119 4435 4437
f 4119 4437 4120
f 4120 4437 4431
f 4120 4431 4121
f 4441 4442 4443
f 4264 4212 4444
f 4264 4444 4261
f 4261 4444 4443
f 4443 4444 4441
f 4445 4446 4447
f 4012 4448 4449
f 4449 4448 4450
f 4449 4450 4445
f 4012 4449 4013
f 4013 4449 4451
f 4013 4451 4028
f 4016 4024 4452
f 4452 4024 4020
f 4452 4020 4453
f 4453 4020 4019
f 4453 4019 4454
f 4454 4019 4022
f 4454 4022 4451
f 4451 4022 4027
f 4451 4027 4028
f 4016 4438 4439
f 4439 4440 4016
f 4016 4440 4009
f 4016 4009 4015
f 4455 4432 4453
f 4453 4432 4436
f 4453 4436 4452
f 4452 4436 4434
f 4452 4434 4016
f 4016 4434 4433
f 4016 4433 4438
f 4455 4453 4456
f 4456 4453 4454
f 4456 4454 4457
f 4458 4459 4449
f 4449 4459 4460
f 4449 4460 4451
f 4451 4460 4461
f 4451 4461 4454
f 4454 4461 4462
f 4454 4462 4457
f 4445 4447 4449
f 4449 4447 4463
f 4449 4463 4458
f 4444 4212 4464
f 4464 4212 4214
f 4464 4214 4465
f 4465 4214 4216
f 4465 4216 4466
f 4466 4216 4218
f 4466 4218 4467
f 4467 4218 4468
f 4234 4415 4232
f 4232 4415 4469
f 4232 4469 4230
f 4230 4469 4470
f 4230 4470 4228
f 4228 4470 4471
f 4228 4471 4226
f 4226 4471 4472
f 4226 4472 4224
f 4224 4472 4473
f 4224 4473 4222
f 4222 4473 4468
f 4222 4468 4220
f 4220 4468 4218
f 3860 3858 4474
f 4474 3858 3855
f 4474 3855 4475
f 4475 4476 4477
f 4000 3864 4478
f 4478 3864 3866
f 4478 3866 4479
f 4479 3866 3861
f 4479 3861 4480
f 4480 3861 3860
f 4480 3860 4481
f 4481 3860 4474
f 4481 4474 4477
f 4477 4474 4475
f 4196 4185 4482
f 4483 3868 3875
f 4484 4485 4486
f 4483 3875 4482
f 4482 3875 3853
f 4482 3853 4196
f 4485 4476 4486
f 4486 4476 4475
f 3868 4483 3869
f 3869 4483 4487
f 3869 4487 3874
f 3874 4487 4488
f 3874 4488 3873
f 3873 4488 4484
f 3873 4484 3871
f 3871 4484 4486
f 3871 4486 3857
f 3857 4486 4475
f 3857 4475 3855
f 4489 4490 4491
f 4492 4493 4494
f 4177 4495 4496
f 4492 4494 4497
f 4190 4188 4494
f 4494 4188 4187
f 4494 4187 4180
f 4496 4497 4177
f 4177 4497 4494
f 4177 4494 4178
f 4178 4494 4180
f 4185 4183 4498
f 4498 4183 4193
f 4498 4193 4494
f 4494 4193 4192
f 4494 4192 4190
f 4488 4487 4498
f 4487 4483 4498
f 4498 4483 4482
f 4498 4482 4185
f 4488 4491 4484
f 4484 4491 4490
f 4484 4490 4485
f 4485 4490 4499
f 4485 4499 4476
f 4488 4498 4491
f 4491 4498 4500
f 4491 4500 4489
f 4493 4501 4494
f 4494 4501 4502
f 4494 4502 4498
f 4498 4502 4503
f 4498 4503 4500
f 4495 4504 4496
f 4496 4504 4505
f 4496 4505 4506
f 4507 4493 4492
f 4507 4492 4506
f 4506 4492 4497
f 4506 4497 4496
f 4503 4502 4507
f 4507 4502 4501
f 4507 4501 4493
f 4508 4499 4509
f 4509 4499 4490
f 4509 4490 4510
f 4510 4490 4489
f 4510 4489 4511
f 4511 4489 4500
f 4511 4500 4503
f 4481 4477 4508
f 4508 4477 4476
f 4508 4476 4499
f 4000 4478 3996
f 3996 4478 4479
f 3996 4479 4480
f 4510 3995 4509
f 4509 3995 3996
f 4509 3996 4508
f 4508 3996 4480
f 4508 4480 4481
f 3986 3989 4511
f 4511 3989 3991
f 4511 3991 4510
f 4510 3991 3993
f 4510 3993 3995
f 4503 4507 4511
f 4511 4507 3984
f 4511 3984 3986
f 4506 4512 4507
f 4507 4512 4513
f 4507 4513 4514
f 4514 4515 4507
f 4507 4515 3982
f 4507 3982 3984
f 4414 4516 4205
f 4205 4516 4517
f 4205 4517 4210
f 4210 4517 4425
f 4210 4425 4207
f 4447 4446 4518
f 4504 4495 4518
f 4518 4495 4463
f 4518 4463 4447
f 4344 4342 4519
f 4429 4520 4413
f 4413 4520 4412
f 4519 4342 4520
f 4174 4412 4338
f 4338 4412 4520
f 4338 4520 4340
f 4340 4520 4342
f 4519 4177 4350
f 4350 4348 4519
f 4519 4348 4346
f 4519 4346 4344
f 4460 4459 4519
f 4519 4459 4458
f 4519 4458 4177
f 4177 4458 4463
f 4177 4463 4495
f 4460 4519 4461
f 4461 4519 4520
f 4461 4520 4462
f 4462 4520 4429
f 4462 4429 4457
f 4457 4429 4456
f 4456 4429 4426
f 4456 4426 4455
f 4455 4426 4430
f 4455 4430 4432
f 4329 4261 4443
f 4271 4269 4332
f 4271 4332 4443
f 4443 4332 4331
f 4443 4331 4329
f 4174 4172 4412
f 4412 4172 4171
f 4412 4171 4410
f 4410 4171 4113
f 4410 4113 4111
f 4521 4522 4523
f 4521 4523 4524
f 4524 4523 4525
f 4524 4525 4526
f 4527 4528 4529
f 4530 4194 4531
f 4532 4356 4355
f 4404 4533 4403
f 4403 4533 4401
f 4401 4533 4400
f 4400 4533 4534
f 4400 4534 4399
f 4394 4395 4535
f 4535 4395 4396
f 4535 4396 4536
f 4537 4392 4535
f 4535 4392 4393
f 4535 4393 4394
f 4389 4390 4537
f 4537 4390 4391
f 4537 4391 4392
f 4387 4388 4538
f 4384 4385 4538
f 4538 4385 4386
f 4538 4386 4387
f 4539 4377 4378
f 4540 4381 4382
f 4541 4380 4381
f 4380 4541 4383
f 4375 4376 4542
f 4368 4370 4542
f 4542 4370 4371
f 4542 4371 4372
f 4372 4373 4542
f 4542 4373 4374
f 4542 4374 4375
f 4364 4365 4543
f 4365 4366 4543
f 4543 4366 4367
f 4543 4367 4542
f 4542 4367 4369
f 4542 4369 4368
f 4360 4363 4544
f 4544 4363 4361
f 4544 4361 4543
f 4543 4361 4362
f 4543 4362 4364
f 4360 4544 4359
f 4359 4544 4545
f 4359 4545 4358
f 4546 4351 4547
f 4547 4351 4352
f 4352 4353 4547
f 4547 4353 4354
f 4547 4354 4532
f 4532 4354 4357
f 4532 4357 4356
f 4321 4351 4322
f 4322 4351 4546
f 4322 4546 4323
f 4323 4546 4548
f 4323 4548 4324
f 4194 4327 4531
f 4531 4327 4326
f 4531 4326 4549
f 4549 4326 4325
f 4549 4325 4324
f 4550 4551 4552
f 4552 4551 4553
f 4550 4552 4554
f 4554 4552 4555
f 4554 4555 4556
f 4528 4527 4557
f 4557 4527 4558
f 4557 4558 4559
f 4559 4560 4561
f 4560 4562 4561
f 4561 4562 4563
f 4561 4563 4564
f 4565 4404 4406
f 4566 4567 4568
f 4568 4567 4569
f 4568 4569 4565
f 4202 4204 4568
f 4568 4204 4206
f 4568 4206 4566
f 4406 4409 4565
f 4565 4409 4198
f 4565 4198 4568
f 4568 4198 4197
f 4568 4197 4202
f 4556 4555 4570
f 4570 4555 4571
f 4570 4571 4572
f 4572 4571 4573
f 4572 4573 4574
f 4574 4573 4575
f 4574 4575 4576
f 4576 4575 4577
f 4576 4577 4578
f 4578 4577 4579
f 4578 4579 4580
f 4580 4579 4581
f 4580 4581 4582
f 4582 4581 4540
f 4582 4540 4583
f 4583 4540 4382
f 4583 4382 4377
f 4381 4540 4541
f 4541 4540 4581
f 4541 4581 4584
f 4584 4581 4579
f 4584 4579 4585
f 4585 4579 4577
f 4585 4577 4586
f 4586 4577 4575
f 4586 4575 4587
f 4587 4575 4573
f 4587 4573 4588
f 4588 4573 4571
f 4588 4571 4589
f 4589 4571 4555
f 4589 4555 4590
f 4590 4555 4552
f 4590 4552 4549
f 4549 4552 4553
f 4549 4553 4531
f 4531 4553 4591
f 4531 4591 4530
f 4324 4548 4549
f 4549 4548 4546
f 4549 4546 4590
f 4590 4546 4547
f 4590 4547 4589
f 4589 4547 4532
f 4589 4532 4588
f 4588 4532 4355
f 4588 4355 4587
f 4355 4358 4587
f 4587 4358 4545
f 4587 4545 4586
f 4586 4545 4544
f 4586 4544 4585
f 4585 4544 4543
f 4585 4543 4584
f 4584 4543 4542
f 4584 4542 4541
f 4541 4542 4376
f 4541 4376 4383
f 4396 4397 4536
f 4536 4397 4399
f 4536 4399 4592
f 4592 4399 4534
f 4592 4534 4593
f 4593 4534 4533
f 4593 4533 4557
f 4557 4533 4404
f 4557 4404 4528
f 4528 4404 4565
f 4528 4565 4529
f 4594 4595 4538
f 4388 4389 4538
f 4538 4389 4537
f 4538 4537 4594
f 4594 4537 4535
f 4594 4535 4596
f 4596 4535 4536
f 4596 4536 4597
f 4597 4536 4592
f 4597 4592 4598
f 4598 4592 4593
f 4559 4561 4557
f 4557 4561 4599
f 4557 4599 4593
f 4593 4599 4600
f 4593 4600 4598
f 4598 4600 4601
f 4598 4601 4597
f 4597 4601 4602
f 4597 4602 4596
f 4596 4602 4603
f 4596 4603 4594
f 4594 4603 4539
f 4594 4539 4595
f 4595 4539 4378
f 4595 4378 4538
f 4538 4378 4379
f 4538 4379 4384
f 4377 4539 4583
f 4583 4539 4603
f 4583 4603 4582
f 4582 4603 4602
f 4582 4602 4580
f 4580 4602 4601
f 4580 4601 4578
f 4578 4601 4600
f 4578 4600 4576
f 4576 4600 4599
f 4576 4599 4574
f 4574 4599 4561
f 4574 4561 4572
f 4572 4561 4564
f 4572 4564 4570
f 4570 4564 4604
f 4570 4604 4556
f 4605 4606 4607
f 4608 4609 4610
f 4610 4609 4611
f 4610 4611 4612
f 4612 4611 4613
f 4612 4613 4614
f 4612 4260 4259
f 4259 4257 4612
f 4612 4257 4255
f 4612 4255 4253
f 4247 4610 4249
f 4249 4610 4612
f 4249 4612 4251
f 4251 4612 4253
f 4247 4245 4610
f 4610 4245 4243
f 4610 4243 4241
f 4241 4239 4610
f 4610 4239 4237
f 4610 4237 4235
f 4607 4615 4616
f 4616 4615 4617
f 4208 4260 4618
f 4618 4260 4612
f 4618 4612 4619
f 4619 4612 4616
f 4619 4616 4620
f 4620 4616 4617
f 4605 4607 4621
f 4621 4607 4616
f 4621 4616 4622
f 4614 4623 4612
f 4612 4623 4624
f 4612 4624 4616
f 4616 4624 4625
f 4616 4625 4622
f 4524 4526 4626
f 4627 4628 4629
f 4629 4628 4630
f 4521 4524 4631
f 4631 4524 4626
f 4631 4626 4632
f 4632 4626 4629
f 4632 4629 4633
f 4633 4629 4630
f 4627 4634 4628
f 4628 4634 4635
f 4628 4635 4630
f 4630 4635 4636
f 4637 4638 4639
f 4639 4638 4640
f 4639 4640 4641
f 4641 4640 4642
f 4642 4640 4643
f 4642 4643 4644
f 4644 4643 4645
f 4644 4645 4646
f 4646 4647 4648
f 4648 4647 4635
f 4648 4635 4634
f 4645 4649 4646
f 4646 4649 4650
f 4646 4650 4647
f 4647 4650 4636
f 4647 4636 4635
f 4651 4652 4653
f 4262 4653 4263
f 4263 4653 4652
f 4263 4652 4213
f 4653 4654 4651
f 4651 4654 4655
f 4651 4655 4656
f 4656 4655 4657
f 4656 4657 4658
f 4658 4657 4659
f 4658 4659 4660
f 4660 4659 4661
f 4660 4661 4662
f 4662 4661 4638
f 4662 4638 4637
f 4642 4644 4663
f 4664 4665 4666
f 4667 4668 4669
f 4670 4671 4672
f 4667 4669 4672
f 4666 4665 4670
f 4670 4665 4673
f 4670 4673 4671
f 4674 4675 4664
f 4648 4634 4676
f 4644 4646 4677
f 4677 4646 4648
f 4677 4648 4678
f 4678 4648 4676
f 4678 4676 4674
f 4674 4676 4679
f 4674 4679 4675
f 4663 4644 4680
f 4663 4681 4637
f 4642 4663 4641
f 4641 4663 4637
f 4641 4637 4639
f 4644 4677 4680
f 4680 4677 4678
f 4680 4678 4682
f 4682 4678 4674
f 4682 4674 4683
f 4664 4666 4674
f 4674 4666 4684
f 4674 4684 4683
f 4685 4686 4670
f 4670 4686 4687
f 4670 4687 4666
f 4666 4687 4688
f 4666 4688 4684
f 4672 4669 4670
f 4670 4669 4689
f 4670 4689 4685
f 4689 4608 4610
f 4213 4652 4690
f 4652 4651 4690
f 4690 4651 4656
f 4690 4656 4658
f 4235 4233 4610
f 4610 4233 4231
f 4610 4231 4691
f 4691 4231 4229
f 4691 4229 4227
f 4227 4225 4691
f 4691 4225 4223
f 4691 4223 4221
f 4221 4219 4691
f 4691 4219 4217
f 4691 4217 4690
f 4690 4217 4215
f 4690 4215 4213
f 4687 4686 4691
f 4691 4686 4610
f 4610 4686 4685
f 4610 4685 4689
f 4692 4681 4663
f 4658 4660 4690
f 4690 4660 4662
f 4690 4662 4681
f 4681 4662 4637
f 4663 4680 4692
f 4692 4680 4682
f 4692 4682 4681
f 4681 4682 4683
f 4681 4683 4690
f 4690 4683 4684
f 4690 4684 4691
f 4691 4684 4688
f 4691 4688 4687
f 4693 4694 4695
f 4558 4606 4559
f 4559 4606 4696
f 4559 4696 4560
f 4560 4696 4697
f 4697 4698 4560
f 4560 4698 4699
f 4560 4699 4562
f 4562 4699 4700
f 4562 4700 4563
f 4563 4700 4695
f 4563 4695 4564
f 4693 4695 4701
f 4698 4702 4699
f 4699 4702 4701
f 4699 4701 4700
f 4700 4701 4695
f 4703 4704 4553
f 4705 4186 4195
f 4705 4195 4706
f 4553 4704 4591
f 4591 4704 4706
f 4591 4706 4530
f 4530 4706 4195
f 4530 4195 4194
f 4707 4708 4703
f 4708 4707 4709
f 4709 4707 4710
f 4709 4710 4711
f 4694 4711 4695
f 4695 4711 4710
f 4695 4710 4604
f 4695 4604 4564
f 4553 4551 4703
f 4703 4551 4550
f 4703 4550 4707
f 4707 4550 4554
f 4707 4554 4710
f 4710 4554 4556
f 4710 4556 4604
f 4712 4713 4176
f 4706 4714 4705
f 4705 4714 4184
f 4705 4184 4186
f 4176 4179 4715
f 4715 4179 4181
f 4181 4189 4715
f 4715 4189 4191
f 4715 4191 4714
f 4714 4191 4182
f 4714 4182 4184
f 4714 4716 4715
f 4715 4716 4717
f 4715 4717 4176
f 4176 4717 4718
f 4176 4718 4712
f 4719 4720 4714
f 4714 4720 4721
f 4714 4721 4716
f 4711 4694 4722
f 4711 4722 4709
f 4709 4722 4723
f 4709 4723 4719
f 4719 4723 4724
f 4719 4724 4720
f 4706 4704 4714
f 4714 4704 4703
f 4714 4703 4719
f 4719 4703 4708
f 4719 4708 4709
f 4609 4608 4725
f 4609 4725 4726
f 4726 4725 4713
f 4726 4713 4712
f 4720 4724 4727
f 4723 4722 4728
f 4609 4726 4611
f 4611 4726 4729
f 4611 4729 4613
f 4613 4729 4730
f 4727 4623 4730
f 4730 4623 4614
f 4730 4614 4613
f 4622 4625 4727
f 4727 4625 4624
f 4727 4624 4623
f 4621 4698 4697
f 4697 4696 4621
f 4621 4696 4606
f 4621 4606 4605
f 4722 4694 4728
f 4728 4694 4693
f 4728 4693 4731
f 4731 4693 4701
f 4731 4701 4702
f 4724 4723 4727
f 4727 4723 4728
f 4727 4728 4622
f 4622 4728 4731
f 4622 4731 4621
f 4621 4731 4702
f 4621 4702 4698
f 4720 4727 4721
f 4721 4727 4730
f 4721 4730 4716
f 4716 4730 4729
f 4716 4729 4717
f 4717 4729 4718
f 4718 4729 4726
f 4718 4726 4712
f 4209 4208 4618
f 4620 4567 4619
f 4619 4567 4566
f 4619 4566 4618
f 4618 4566 4206
f 4618 4206 4209
f 4606 4558 4607
f 4607 4558 4527
f 4607 4527 4615
f 4615 4527 4529
f 4615 4529 4617
f 4617 4529 4565
f 4617 4565 4620
f 4620 4565 4569
f 4620 4569 4567
f 4608 4689 4725
f 4725 4689 4669
f 4725 4669 4713
f 4713 4669 4668
f 4713 4668 4176
f 4176 4668 4667
f 4176 4667 4732
f 4732 4343 4345
f 4345 4347 4732
f 4732 4347 4349
f 4732 4349 4176
f 4733 4525 4175
f 4175 4337 4733
f 4733 4337 4339
f 4733 4339 4732
f 4732 4339 4341
f 4732 4341 4343
f 4665 4626 4733
f 4733 4626 4526
f 4733 4526 4525
f 4665 4664 4626
f 4626 4664 4675
f 4626 4675 4629
f 4629 4675 4679
f 4629 4679 4627
f 4627 4679 4676
f 4627 4676 4634
f 4667 4672 4732
f 4732 4672 4671
f 4732 4671 4733
f 4733 4671 4673
f 4733 4673 4665
f 4636 4734 4630
f 4636 4650 4735
f 4328 4653 4262
f 4315 4316 4736
f 4168 4169 4737
f 4737 4169 4170
f 4737 4170 4162
f 4168 4737 4167
f 4167 4737 4738
f 4167 4738 4166
f 4165 4739 4164
f 4164 4739 4740
f 4164 4740 4163
f 4319 4334 4741
f 4741 4334 4335
f 4741 4335 4740
f 4740 4335 4336
f 4740 4336 4163
f 4742 4318 4317
f 4742 4317 4741
f 4741 4317 4320
f 4741 4320 4319
f 4316 4743 4744
f 4312 4736 4311
f 4311 4736 4745
f 4312 4313 4736
f 4736 4313 4314
f 4736 4314 4315
f 4746 4310 4745
f 4745 4310 4309
f 4745 4309 4311
f 4307 4746 4308
f 4308 4746 4747
f 4307 4306 4746
f 4746 4306 4305
f 4746 4305 4310
f 4301 4300 4747
f 4747 4300 4299
f 4747 4299 4304
f 4304 4303 4747
f 4747 4303 4302
f 4747 4302 4308
f 4748 4295 4294
f 4749 4297 4750
f 4750 4297 4296
f 4292 4751 4293
f 4293 4751 4291
f 4286 4289 4751
f 4751 4289 4288
f 4288 4287 4751
f 4751 4287 4290
f 4751 4290 4291
f 4285 4752 4281
f 4281 4752 4753
f 4754 4283 4753
f 4753 4283 4282
f 4753 4282 4281
f 4755 4277 4756
f 4756 4277 4276
f 4756 4276 4754
f 4754 4276 4284
f 4754 4284 4283
f 4267 4279 4757
f 4757 4279 4278
f 4757 4278 4755
f 4755 4278 4275
f 4755 4275 4277
f 4272 4273 4659
f 4659 4273 4758
f 4333 4268 4659
f 4659 4268 4270
f 4659 4270 4272
f 4659 4657 4333
f 4333 4657 4655
f 4333 4655 4654
f 4653 4328 4654
f 4654 4328 4330
f 4654 4330 4333
f 4650 4649 4735
f 4735 4649 4645
f 4735 4645 4643
f 4643 4640 4759
f 4759 4640 4638
f 4759 4638 4758
f 4758 4638 4661
f 4758 4661 4659
f 4734 4636 4760
f 4162 4522 4737
f 4737 4522 4521
f 4737 4521 4738
f 4738 4521 4631
f 4633 4761 4632
f 4632 4761 4762
f 4632 4762 4631
f 4285 4286 4752
f 4752 4286 4751
f 4752 4751 4749
f 4749 4751 4292
f 4749 4292 4297
f 4643 4759 4735
f 4735 4759 4763
f 4735 4763 4764
f 4764 4763 4765
f 4764 4765 4766
f 4766 4765 4767
f 4766 4767 4768
f 4768 4767 4769
f 4768 4769 4770
f 4770 4769 4771
f 4770 4771 4772
f 4273 4267 4758
f 4758 4267 4757
f 4758 4757 4759
f 4759 4757 4755
f 4759 4755 4763
f 4763 4755 4756
f 4763 4756 4765
f 4765 4756 4754
f 4765 4754 4767
f 4767 4754 4753
f 4767 4753 4769
f 4769 4753 4752
f 4769 4752 4771
f 4771 4752 4749
f 4771 4749 4772
f 4772 4749 4750
f 4636 4735 4760
f 4760 4735 4764
f 4760 4764 4773
f 4773 4764 4766
f 4773 4766 4774
f 4774 4766 4768
f 4774 4768 4775
f 4775 4768 4770
f 4775 4770 4776
f 4776 4770 4772
f 4776 4772 4777
f 4777 4772 4750
f 4777 4750 4778
f 4778 4750 4296
f 4778 4296 4295
f 4316 4744 4736
f 4736 4744 4779
f 4736 4779 4745
f 4745 4779 4780
f 4745 4780 4746
f 4746 4780 4781
f 4746 4781 4747
f 4295 4748 4778
f 4778 4748 4782
f 4778 4782 4777
f 4777 4782 4783
f 4777 4783 4776
f 4776 4783 4784
f 4776 4784 4775
f 4775 4784 4785
f 4775 4785 4774
f 4774 4785 4786
f 4774 4786 4773
f 4773 4786 4787
f 4773 4787 4760
f 4760 4787 4761
f 4760 4761 4734
f 4734 4761 4633
f 4734 4633 4630
f 4316 4318 4743
f 4743 4318 4742
f 4743 4742 4788
f 4788 4742 4741
f 4788 4741 4789
f 4789 4741 4740
f 4789 4740 4790
f 4790 4740 4739
f 4790 4739 4738
f 4738 4739 4165
f 4738 4165 4166
f 4631 4762 4738
f 4738 4762 4761
f 4738 4761 4790
f 4790 4761 4787
f 4790 4787 4789
f 4789 4787 4786
f 4789 4786 4788
f 4788 4786 4785
f 4788 4785 4743
f 4743 4785 4784
f 4743 4784 4744
f 4744 4784 4783
f 4744 4783 4779
f 4779 4783 4782
f 4779 4782 4780
f 4780 4782 4748
f 4780 4748 4781
f 4781 4748 4294
f 4781 4294 4747
f 4747 4294 4298
f 4747 4298 4301
f 4523 4522 4162
f 4523 4162 4525
f 4525 4162 4173
f 4525 4173 4175
f 4443 4442 4791
f 4792 4793 4517
f 4791 4442 4794
f 4794 4442 4441
f 4794 4441 4444
f 4407 4405 4414
f 4414 4405 4402
f 4795 4424 4793
f 4793 4424 4425
f 4793 4425 4517
f 4271 4443 4265
f 4265 4443 4791
f 4265 4791 4266
f 4266 4791 4796
f 4266 4796 4280
f 4280 4796 4797
f 4280 4797 4274
f 4798 4799 4800
f 4800 4799 4801
f 4800 4801 4802
f 4802 4801 4803
f 4802 4803 4795
f 4795 4803 4804
f 4795 4804 4424
f 4794 4444 4464
f 4794 4464 4805
f 4805 4464 4806
f 4805 4806 4798
f 4798 4806 4807
f 4798 4807 4799
f 4517 4516 4792
f 4792 4516 4414
f 4792 4414 4808
f 4808 4414 4402
f 4808 4402 4809
f 4809 4402 4398
f 3982 4515 4802
f 3988 3987 4795
f 4795 3987 3985
f 4795 3985 4802
f 4802 3985 3983
f 4802 3983 3982
f 4793 4003 3992
f 4793 3992 4795
f 4795 3992 3990
f 4795 3990 3988
f 4792 4001 4793
f 4793 4001 4002
f 4793 4002 4003
f 3951 4031 4792
f 3951 4792 3952
f 3952 4792 4808
f 3952 4808 3953
f 4031 3997 4792
f 4792 3997 3999
f 4792 3999 4001
f 3950 3949 4808
f 4808 3949 3954
f 4808 3954 3953
f 4808 4809 3950
f 3950 4809 4398
f 3950 4398 3947
f 4797 4052 4274
f 4274 4052 4051
f 4796 4122 4042
f 4796 4042 4797
f 4797 4042 4044
f 4797 4044 4052
f 4017 4014 4791
f 4791 4014 4005
f 4005 4004 4791
f 4791 4004 4008
f 4791 4008 4796
f 4796 4008 4033
f 4796 4033 4122
f 4025 4021 4794
f 4794 4021 4023
f 4794 4023 4791
f 4791 4023 4018
f 4791 4018 4017
f 4025 4794 4026
f 4026 4794 4805
f 4026 4805 4029
f 4448 4012 4798
f 4798 4012 4011
f 4798 4011 4805
f 4805 4011 4030
f 4805 4030 4029
f 4518 4446 4800
f 4800 4446 4445
f 4800 4445 4798
f 4798 4445 4450
f 4798 4450 4448
f 4506 4505 4800
f 4800 4505 4504
f 4800 4504 4518
f 4515 4514 4802
f 4802 4514 4513
f 4802 4513 4800
f 4800 4513 4512
f 4800 4512 4506
f 4424 4804 4423
f 4423 4804 4422
f 4422 4804 4420
f 4420 4804 4803
f 4420 4803 4421
f 4416 4417 4801
f 4801 4417 4418
f 4801 4418 4803
f 4803 4418 4419
f 4803 4419 4421
f 4807 4472 4471
f 4807 4471 4799
f 4471 4470 4799
f 4799 4470 4469
f 4799 4469 4801
f 4801 4469 4415
f 4801 4415 4416
f 4806 4468 4807
f 4807 4468 4473
f 4807 4473 4472
f 4806 4464 4465
f 4465 4466 4806
f 4806 4466 4467
f 4806 4467 4468
f 4810 4811 4812
f 4813 4814 4815
f 4815 4814 4810
f 4816 4817 4813
f 4813 4817 4818
f 4813 4818 4814
f 4819 4820 4816
f 4816 4820 4821
f 4816 4821 4817
f 4822 4823 4824
f 4824 4823 4825
f 4824 4825 4819
f 4819 4825 4826
f 4819 4826 4820
f 4827 4828 4829
f 4827 4829 4830
f 4829 4831 4830
f 4830 4831 4832
f 4830 4832 4822
f 4822 4832 4833
f 4822 4833 4823
f 4834 4835 4836
f 4834 4836 4827
f 4827 4836 4837
f 4827 4837 4828
f 4838 4839 4840
f 4835 4834 4841
f 4841 4834 4842
f 4841 4842 4840
f 4840 4842 4838
f 4838 4842 4843
f 4838 4843 4844
f 4845 4844 4846
f 4846 4844 4843
f 4846 4843 4847
f 4847 4843 4848
f 4847 4848 4849
f 4849 4848 4850
f 4849 4850 4851
f 4851 4850 4852
f 4852 4850 4853
f 4853 4850 4854
f 4853 4854 4855
f 4855 4854 4856
f 4856 4854 4857
f 4856 4857 4858
f 4858 4857 4859
f 4859 4857 4860
f 4859 4860 4861
f 4862 4863 4864
f 4864 4863 4865
f 4864 4865 4860
f 4860 4865 4866
f 4860 4866 4861
f 4862 4864 4867
f 4867 4864 4868
f 4867 4868 4869
f 4870 4871 4872
f 4810 4812 4815
f 4815 4812 4870
f 4815 4870 4873
f 4873 4870 4872
f 4873 4872 4868
f 4868 4872 4874
f 4868 4874 4869
f 4875 4876 4877
f 4877 4876 4878
f 4877 4878 4879
f 4879 4878 4880
f 4879 4880 4881
f 4882 4883 4884
f 4884 4883 4885
f 4884 4885 4886
f 4886 4885 4887
f 4886 4887 4875
f 4875 4887 4888
f 4875 4888 4876
f 4889 4890 4891
f 4891 4890 4892
f 4891 4892 4893
f 4893 4892 4894
f 4893 4894 4882
f 4882 4894 4895
f 4882 4895 4883
f 4880 4896 4881
f 4881 4896 4897
f 4881 4897 4898
f 4898 4897 4899
f 4898 4899 4900
f 4900 4899 4901
f 4900 4901 4889
f 4889 4901 4902
f 4889 4902 4890
f 4887 4903 4888
f 4888 4903 4904
f 4888 4904 4876
f 4876 4904 4905
f 4876 4905 4878
f 4878 4905 4906
f 4878 4906 4880
f 4880 4906 4907
f 4880 4907 4896
f 4896 4907 4908
f 4896 4908 4897
f 4897 4908 4909
f 4897 4909 4899
f 4899 4909 4910
f 4899 4910 4901
f 4901 4910 4911
f 4901 4911 4902
f 4902 4911 4912
f 4902 4912 4890
f 4890 4912 4913
f 4890 4913 4892
f 4892 4913 4914
f 4892 4914 4894
f 4894 4914 4915
f 4894 4915 4895
f 4895 4915 4916
f 4895 4916 4883
f 4883 4916 4917
f 4883 4917 4885
f 4885 4917 4918
f 4885 4918 4887
f 4887 4918 4903
f 4919 4920 4921
f 4921 4920 4922
f 4921 4922 4923
f 4923 4922 4924
f 4923 4924 4925
f 4925 4924 4926
f 4925 4926 4927
f 4927 4926 4928
f 4927 4928 4929
f 4929 4928 4930
f 4929 4930 4931
f 4931 4930 4932
f 4931 4932 4933
f 4933 4932 4934
f 4933 4934 4935
f 4935 4934 4936
f 4935 4936 4937
f 4937 4936 4938
f 4937 4938 4939
f 4939 4938 4940
f 4939 4940 4941
f 4941 4940 4942
f 4941 4942 4943
f 4943 4942 4944
f 4943 4944 4945
f 4945 4944 4946
f 4945 4946 4947
f 4947 4946 4948
f 4947 4948 4949
f 4949 4948 4950
f 4949 4950 4919
f 4919 4950 4920
f 4951 4923 4952
f 4952 4923 4925
f 4952 4925 4953
f 4953 4925 4927
f 4953 4927 4954
f 4955 4947 4956
f 4956 4947 4949
f 4956 4949 4957
f 4957 4949 4919
f 4957 4919 4951
f 4951 4919 4921
f 4951 4921 4923
f 4927 4929 4954
f 4954 4929 4931
f 4954 4931 4958
f 4958 4931 4933
f 4958 4933 4959
f 4959 4933 4935
f 4959 4935 4960
f 4935 4937 4960
f 4960 4937 4939
f 4960 4939 4961
f 4961 4939 4941
f 4961 4941 4962
f 4962 4941 4943
f 4962 4943 4955
f 4955 4943 4945
f 4955 4945 4947
f 4963 4964 4965
f 4966 4967 4968
f 4968 4967 4969
f 4968 4969 4964
f 4964 4969 4970
f 4964 4970 4965
f 4966 4968 4971
f 4971 4968 4972
f 4971 4972 4973
f 4973 4972 4974
f 4974 4972 4975
f 4974 4975 4976
f 4977 4978 4975
f 4975 4978 4979
f 4975 4979 4976
f 4980 4981 4982
f 4982 4981 4983
f 4982 4983 4977
f 4977 4983 4984
f 4977 4984 4978
f 4980 4982 4985
f 4985 4982 4986
f 4985 4986 4987
f 4988 4989 4990
f 4990 4989 4991
f 4990 4991 4986
f 4986 4991 4992
f 4986 4992 4987
f 4988 4990 4993
f 4993 4990 4994
f 4993 4994 4995
f 4995 4994 4996
f 4995 4996 4997
f 4965 4998 4963
f 4963 4998 4999
f 4963 4999 5000
f 5000 4999 5001
f 5000 5001 4996
f 4996 5001 5002
f 4996 5002 4997
f 5003 5004 5005
f 5005 5004 5006
f 5005 5006 5007
f 5007 5006 5008
f 5008 5006 5009
f 5008 5009 5010
f 5011 5012 5013
f 5011 5013 5009
f 5009 5013 5014
f 5009 5014 5010
f 5012 5011 5015
f 5015 5011 5016
f 5015 5016 5017
f 5017 5016 5018
f 5018 5016 5019
f 5018 5019 5020
f 5021 5022 5023
f 5023 5022 5024
f 5023 5024 5019
f 5019 5024 5025
f 5019 5025 5020
f 5021 5023 5026
f 5026 5023 5027
f 5026 5027 5028
f 5028 5027 5029
f 5029 5027 5030
f 5029 5030 5031
f 5031 5030 5032
f 5032 5030 5033
f 5032 5033 5034
f 5035 5036 5037
f 5035 5037 5033
f 5033 5037 5038
f 5033 5038 5034
f 5003 5039 5004
f 5004 5039 5040
f 5004 5040 5041
f 5041 5040 5042
f 5041 5042 5035
f 5035 5042 5043
f 5035 5043 5036
f 5044 5045 5046
f 5046 5045 5047
f 5046 5047 5048
f 5049 5050 5051
f 5051 5050 5052
f 5049 5053 5050
f 5050 5053 5054
f 5050 5054 5046
f 5046 5054 5055
f 5046 5055 5044
f 5056 5046 5057
f 5057 5046 5058
f 5048 5059 5046
f 5046 5059 5060
f 5046 5060 5058
f 5061 5062 5063
f 5061 5063 5064
f 5064 5063 5065
f 5064 5065 5066
f 5067 5068 5069
f 5069 5068 5070
f 5066 5071 5064
f 5064 5071 5072
f 5064 5072 5068
f 5068 5072 5073
f 5068 5073 5070
f 5052 5050 5067
f 5067 5050 5068
f 5064 5074 5075
f 5075 5076 5064
f 5064 5076 5077
f 5064 5077 5061
f 5078 5079 5080
f 5081 5082 5083
f 5083 5082 5084
f 5085 5086 5087
f 5088 5089 5090
f 5090 5089 5091
f 5090 5091 5087
f 5092 5093 5094
f 5080 5079 5092
f 5092 5079 5095
f 5092 5095 5093
f 5088 5096 5097
f 5097 5096 5098
f 5097 5098 5099
f 5087 5086 5090
f 5090 5086 5100
f 5090 5100 5088
f 5088 5100 5101
f 5088 5101 5096
f 5096 5084 5098
f 5098 5084 5082
f 5098 5082 5102
f 5102 5082 5081
f 5102 5081 5103
f 5103 5078 5102
f 5102 5078 5080
f 5102 5080 5098
f 5098 5080 5092
f 5098 5092 5099
f 5099 5092 5094
f 5099 5094 5097
f 5097 5094 5104
f 5097 5104 5088
f 5088 5104 5105
f 5088 5105 5089
f 5106 5107 5108
f 5108 5107 5109
f 5108 5109 5110
f 5110 5109 5111
f 5111 5109 5112
f 5111 5112 5113
f 5114 5115 5116
f 5115 5114 5113
f 5113 5114 5117
f 5113 5117 5111
f 5116 5118 5114
f 5114 5118 5119
f 5114 5119 5117
f 5117 5119 5120
f 5117 5120 5121
f 5083 5107 5106
f 5122 5103 5081
f 5083 5106 5081
f 5081 5106 5108
f 5081 5108 5122
f 5123 5124 5125
f 5125 5124 5126
f 5125 5126 5127
f 5128 5129 5130
f 5130 5129 5131
f 5130 5131 5132
f 5132 5131 5133
f 5132 5133 5123
f 5123 5133 5134
f 5123 5134 5124
f 5127 5135 5125
f 5125 5135 5136
f 5125 5136 5123
f 5123 5136 5137
f 5123 5137 5132
f 5138 5139 5140
f 5141 5142 5143
f 5141 5143 5144
f 5144 5143 5145
f 5144 5145 5146
f 5146 5145 5147
f 5146 5147 5140
f 5140 5147 5148
f 5140 5148 5138
f 5149 5148 5150
f 5150 5148 5147
f 5150 5147 5151
f 5151 5147 5152
f 5152 5147 5145
f 5152 5145 5153
f 5153 5145 5143
f 5153 5143 5154
f 5154 5143 5142
f 5154 5142 5155
f 5156 5157 5153
f 5153 5154 5156
f 5156 5154 5155
f 5156 5155 5158
f 5159 5149 5160
f 5160 5149 5150
f 5160 5150 5161
f 5161 5150 5151
f 5161 5151 5157
f 5157 5151 5152
f 5157 5152 5153
f 5162 5163 5140
f 5140 5163 5146
f 5139 5164 5140
f 5140 5164 5165
f 5140 5165 5162
f 5163 5166 5146
f 5146 5166 5167
f 5146 5167 5144
f 5144 5167 5168
f 5144 5168 5141
f 5169 5170 5171
f 5171 5170 5172
f 5172 5170 5173
f 5173 5170 5174
f 5173 5174 5175
f 5176 5177 5178
f 5178 5177 5163
f 5178 5163 5162
f 5176 5179 5177
f 5177 5179 5180
f 5177 5180 5163
f 5163 5180 5166
f 5179 5175 5180
f 5180 5175 5174
f 5180 5174 5166
f 5166 5174 5170
f 5166 5170 5167
f 5167 5170 5169
f 5167 5169 5168
f 5162 5181 5178
f 5178 5181 5182
f 5178 5182 5176
f 5162 5165 5181
f 5181 5165 5164
f 5181 5164 5183
f 5183 5164 5184
f 5184 5164 5139
f 5184 5139 5185
f 5139 5138 5185
f 5185 5138 5148
f 5185 5148 5186
f 5149 5159 5187
f 5188 5189 5190
f 5190 5189 5191
f 5190 5191 5192
f 5192 5191 5186
f 5192 5186 5187
f 5187 5186 5148
f 5187 5148 5149
f 5193 5182 5194
f 5194 5182 5181
f 5194 5181 5195
f 5196 5141 5197
f 5197 5141 5168
f 5197 5168 5198
f 5198 5168 5169
f 5198 5169 5171
f 5199 5200 5201
f 5202 5203 5204
f 5201 5200 5205
f 5205 5200 5206
f 5205 5206 5207
f 5207 5206 5208
f 5207 5208 5209
f 5209 5208 5210
f 5209 5210 5211
f 5212 5199 5213
f 5213 5199 5201
f 5213 5201 5214
f 5214 5201 5215
f 5215 5201 5205
f 5215 5205 5216
f 5216 5205 5207
f 5216 5207 5217
f 5217 5207 5218
f 5218 5207 5209
f 5218 5209 5204
f 5204 5209 5211
f 5204 5211 5202
f 5219 5220 5221
f 5221 5220 5222
f 5222 5223 5221
f 5221 5223 5224
f 5221 5224 5225
f 5226 5227 5228
f 5228 5227 5229
f 5227 5230 5229
f 5229 5230 5231
f 5229 5231 5232
f 5232 5233 5229
f 5229 5233 5234
f 5229 5234 5235
f 5236 5237 5238
f 5226 5228 5239
f 5239 5228 5236
f 5239 5236 5240
f 5240 5236 5238
f 5240 5238 5241
f 5242 5243 5244
f 5244 5243 5245
f 5244 5245 5238
f 5238 5245 5246
f 5238 5246 5241
f 5247 5248 5249
f 5250 5251 5252
f 5253 5247 5254
f 5254 5247 5249
f 5254 5249 5255
f 5255 5249 5256
f 5255 5256 5252
f 5252 5256 5257
f 5258 5259 5260
f 5261 5262 5263
f 5263 5262 5253
f 5263 5253 5264
f 5264 5253 5254
f 5257 5265 5252
f 5252 5265 5258
f 5252 5258 5250
f 5250 5258 5260
f 5250 5260 5266
f 5267 5268 5269
f 5267 5269 5270
f 5270 5269 5271
f 5270 5271 5272
f 5272 5271 5273
f 5272 5273 5274
f 5274 5273 5275
f 5275 5273 5276
f 5275 5276 5277
f 5278 5279 5280
f 5280 5279 5281
f 5280 5281 5276
f 5276 5281 5282
f 5276 5282 5277
f 5283 5284 5285
f 5285 5284 5286
f 5285 5286 5278
f 5278 5286 5287
f 5278 5287 5279
f 5283 5285 5288
f 5288 5285 5289
f 5288 5289 5290
f 5290 5289 5291
f 5291 5289 5292
f 5293 5294 5295
f 5295 5294 5296
f 5295 5296 5292
f 5292 5296 5297
f 5292 5297 5291
f 5293 5295 5298
f 5298 5295 5299
f 5298 5299 5300
f 5300 5299 5301
f 5300 5301 5302
f 5303 5304 5305
f 5305 5304 5306
f 5305 5306 5307
f 5307 5306 5308
f 5307 5308 5309
f 5310 5311 5312
f 5312 5311 5309
f 5312 5309 5308
f 5313 5314 5315
f 5314 5313 5316
f 5317 5318 5319
f 5319 5320 5317
f 5317 5320 5321
f 5317 5321 5322
f 5323 5324 5321
f 5323 5321 5325
f 5325 5321 5326
f 5325 5326 5327
f 5324 5328 5321
f 5321 5328 5329
f 5321 5329 5322
f 5313 5330 5326
f 5326 5330 5331
f 5326 5331 5327
f 5332 5333 5334
f 5335 5332 5336
f 5336 5332 5334
f 5336 5334 5315
f 5315 5334 5337
f 5315 5337 5313
f 5316 5313 5338
f 5338 5313 5326
f 5338 5326 5339
f 5339 5326 5321
f 5339 5321 5340
f 5340 5321 5320
f 5340 5320 5341
f 5341 5320 5319
f 5341 5319 5342
f 5343 5344 5345
f 5345 5346 5343
f 5343 5346 5347
f 5343 5347 5348
f 5348 5349 5343
f 5343 5349 5350
f 5343 5350 5351
f 5351 5352 5343
f 5343 5352 5353
f 5343 5353 5354
f 5354 5353 5355
f 5354 5355 5356
f 5356 5357 5354
f 5354 5357 5358
f 5354 5358 5359
f 5359 5360 5354
f 5354 5360 5361
f 5354 5361 5362
f 5362 5363 5354
f 5354 5363 5364
f 5354 5364 5365
f 5340 5343 5339
f 5339 5343 5354
f 5339 5354 5338
f 5338 5354 5366
f 5338 5366 5316
f 5335 5336 5367
f 5367 5336 5315
f 5367 5315 5366
f 5366 5315 5314
f 5366 5314 5316
f 5367 5368 5369
f 5367 5369 5335
f 5335 5369 5370
f 5335 5370 5371
f 5371 5372 5335
f 5335 5372 5373
f 5335 5373 5374
f 5374 5375 5335
f 5335 5375 5376
f 5335 5376 5377
f 5368 5367 5378
f 5378 5367 5366
f 5378 5366 5379
f 5365 5380 5354
f 5354 5380 5381
f 5354 5381 5382
f 5382 5383 5354
f 5354 5383 5384
f 5354 5384 5366
f 5366 5384 5385
f 5366 5385 5386
f 5386 5387 5366
f 5366 5387 5388
f 5366 5388 5379
f 5389 5390 5391
f 5392 5393 5394
f 5395 5391 5396
f 5396 5391 5397
f 5395 5398 5391
f 5391 5398 5399
f 5391 5399 5400
f 5401 5402 5390
f 5390 5402 5403
f 5390 5403 5391
f 5391 5403 5404
f 5391 5404 5397
f 5389 5392 5390
f 5390 5392 5394
f 5390 5394 5401
f 5401 5394 5405
f 5401 5405 5406
f 5406 5405 5407
f 5400 5408 5391
f 5391 5408 5409
f 5391 5409 5389
f 5410 5411 5412
f 5412 5411 5413
f 5412 5413 5400
f 5400 5413 5414
f 5400 5414 5408
f 5415 5410 5416
f 5416 5410 5412
f 5416 5412 5417
f 5417 5412 5418
f 5399 5419 5400
f 5400 5419 5420
f 5400 5420 5412
f 5412 5420 5421
f 5412 5421 5418
f 5413 5411 5422
f 5423 5424 5425
f 5424 5426 5425
f 5425 5426 5427
f 5425 5427 5428
f 5428 5429 5425
f 5425 5429 5430
f 5425 5430 5431
f 5431 5432 5425
f 5425 5432 5433
f 5425 5433 5434
f 5434 5433 5435
f 5434 5435 5436
f 5436 5437 5434
f 5434 5437 5438
f 5434 5438 5439
f 5439 5440 5434
f 5434 5440 5441
f 5434 5441 5442
f 5442 5443 5434
f 5434 5443 5444
f 5434 5444 5445
f 5446 5447 5448
f 5446 5448 5425
f 5425 5448 5449
f 5425 5449 5450
f 5450 5451 5425
f 5425 5451 5452
f 5425 5452 5423
f 5453 5454 5446
f 5446 5454 5455
f 5446 5455 5447
f 5456 5415 5457
f 5457 5415 5458
f 5459 5460 5422
f 5459 5422 5461
f 5456 5462 5415
f 5415 5462 5463
f 5415 5463 5464
f 5464 5461 5415
f 5415 5461 5422
f 5415 5422 5410
f 5410 5422 5411
f 5460 5453 5422
f 5422 5453 5446
f 5422 5446 5413
f 5413 5446 5414
f 5414 5446 5408
f 5408 5446 5425
f 5408 5425 5409
f 5409 5425 5434
f 5409 5434 5389
f 5465 5466 5467
f 5465 5468 5466
f 5466 5468 5469
f 5470 5471 5472
f 5472 5471 5473
f 5472 5473 5474
f 5474 5473 5475
f 5476 5477 5478
f 5478 5477 5479
f 5478 5479 5480
f 5476 5481 5477
f 5477 5481 5482
f 5477 5482 5483
f 5484 5485 5486
f 5487 5488 5489
f 5489 5488 5490
f 5489 5490 5491
f 5491 5490 5492
f 5493 5494 5495
f 5495 5496 5493
f 5493 5496 5497
f 5493 5497 5498
f 5499 5500 5501
f 5501 5500 5498
f 5501 5498 5502
f 5502 5498 5497
f 5488 5494 5503
f 5503 5494 5493
f 5503 5493 5504
f 5504 5493 5498
f 5487 5505 5488
f 5488 5505 5506
f 5488 5506 5494
f 5494 5506 5507
f 5494 5507 5495
f 5508 5509 5500
f 5500 5509 5510
f 5500 5510 5498
f 5498 5510 5511
f 5498 5511 5504
f 5404 5492 5397
f 5397 5492 5490
f 5397 5490 5396
f 5396 5490 5395
f 5500 5499 5482
f 5478 5508 5476
f 5476 5508 5500
f 5476 5500 5481
f 5481 5500 5482
f 5512 5513 5514
f 5508 5515 5509
f 5509 5515 5516
f 5509 5516 5510
f 5515 5517 5516
f 5516 5517 5518
f 5516 5518 5519
f 5519 5518 5520
f 5504 5511 5512
f 5512 5511 5521
f 5512 5521 5513
f 5513 5521 5522
f 5510 5516 5511
f 5511 5516 5523
f 5511 5523 5521
f 5521 5523 5522
f 5398 5395 5490
f 5514 5399 5398
f 5398 5490 5514
f 5514 5490 5488
f 5514 5488 5512
f 5512 5488 5503
f 5512 5503 5504
f 5524 5525 5526
f 5527 5528 5529
f 5530 5531 5532
f 5507 5506 5533
f 5533 5506 5505
f 5534 5404 5403
f 5535 5536 5537
f 5537 5536 5538
f 5537 5538 5539
f 5539 5538 5540
f 5539 5540 5541
f 5541 5540 5542
f 5543 5544 5535
f 5188 5190 5545
f 5544 5543 5545
f 5545 5543 5546
f 5545 5546 5188
f 5535 5537 5543
f 5543 5537 5547
f 5543 5547 5546
f 5546 5547 5189
f 5546 5189 5188
f 5548 5549 5550
f 5550 5549 5551
f 5550 5551 5552
f 5552 5551 5553
f 5552 5553 5554
f 5554 5553 5555
f 5554 5555 5556
f 5556 5555 5526
f 5556 5526 5557
f 5557 5526 5558
f 5558 5526 5525
f 5558 5525 5559
f 5560 5561 5562
f 5404 5534 5492
f 5492 5534 5563
f 5492 5563 5491
f 5497 5529 5502
f 5502 5529 5564
f 5502 5564 5501
f 5565 5566 5567
f 5567 5566 5568
f 5567 5568 5532
f 5541 5530 5539
f 5539 5530 5532
f 5539 5532 5537
f 5537 5532 5568
f 5537 5568 5547
f 5547 5568 5566
f 5547 5566 5189
f 5189 5566 5565
f 5189 5565 5569
f 5570 5571 5572
f 5572 5571 5573
f 5572 5573 5574
f 5574 5573 5575
f 5574 5575 5576
f 5576 5575 5577
f 5495 5507 5578
f 5578 5507 5533
f 5578 5533 5579
f 5527 5580 5581
f 5581 5580 5582
f 5581 5582 5583
f 5583 5582 5584
f 5583 5584 5585
f 5585 5584 5586
f 5585 5586 5587
f 5579 5588 5578
f 5578 5588 5589
f 5578 5589 5495
f 5495 5589 5496
f 5491 5563 5489
f 5489 5563 5570
f 5489 5570 5487
f 5487 5570 5572
f 5487 5572 5505
f 5505 5572 5574
f 5505 5574 5533
f 5533 5574 5576
f 5533 5576 5579
f 5579 5576 5577
f 5579 5577 5588
f 5587 5531 5585
f 5585 5531 5530
f 5585 5530 5583
f 5583 5530 5541
f 5583 5541 5581
f 5581 5541 5542
f 5581 5542 5527
f 5527 5542 5590
f 5527 5590 5528
f 5528 5590 5591
f 5528 5591 5529
f 5529 5591 5592
f 5529 5592 5564
f 5564 5592 5499
f 5564 5499 5501
f 5561 5559 5562
f 5562 5559 5525
f 5562 5525 5593
f 5593 5525 5524
f 5593 5524 5594
f 5403 5560 5534
f 5534 5560 5562
f 5534 5562 5563
f 5563 5562 5593
f 5563 5593 5570
f 5570 5593 5594
f 5570 5594 5571
f 5549 5569 5551
f 5551 5569 5565
f 5551 5565 5553
f 5553 5565 5567
f 5553 5567 5555
f 5555 5567 5532
f 5555 5532 5526
f 5526 5532 5531
f 5526 5531 5524
f 5524 5531 5587
f 5524 5587 5594
f 5594 5587 5586
f 5594 5586 5571
f 5571 5586 5584
f 5571 5584 5573
f 5573 5584 5582
f 5573 5582 5575
f 5575 5582 5580
f 5575 5580 5577
f 5577 5580 5527
f 5577 5527 5588
f 5588 5527 5529
f 5588 5529 5589
f 5589 5529 5497
f 5589 5497 5496
f 5595 5483 5482
f 5595 5482 5596
f 5545 5190 5192
f 5596 5482 5597
f 5597 5482 5499
f 5597 5499 5598
f 5598 5499 5592
f 5598 5592 5599
f 5599 5592 5591
f 5599 5591 5600
f 5600 5591 5590
f 5600 5590 5601
f 5601 5590 5542
f 5601 5542 5602
f 5602 5542 5540
f 5602 5540 5603
f 5603 5540 5538
f 5603 5538 5158
f 5158 5538 5536
f 5158 5536 5156
f 5156 5536 5535
f 5156 5535 5157
f 5157 5535 5544
f 5157 5544 5161
f 5161 5544 5545
f 5161 5545 5604
f 5604 5545 5192
f 5604 5192 5187
f 5323 5325 5605
f 5606 5475 5473
f 5473 5471 5607
f 5607 5471 5608
f 5606 5473 5609
f 5473 5607 5609
f 5609 5607 5610
f 5609 5610 5611
f 5611 5610 5612
f 5611 5612 5613
f 5614 5615 5613
f 5615 5614 5605
f 5616 5617 5614
f 5614 5617 5618
f 5614 5618 5605
f 5605 5618 5324
f 5605 5324 5323
f 5613 5612 5614
f 5614 5612 5619
f 5614 5619 5616
f 5608 5620 5607
f 5607 5620 5621
f 5607 5621 5610
f 5610 5621 5622
f 5610 5622 5612
f 5612 5622 5623
f 5612 5623 5619
f 5624 5625 5470
f 5470 5625 5626
f 5470 5626 5627
f 5470 5472 5624
f 5624 5472 5474
f 5624 5474 5628
f 5629 5630 5631
f 5632 5633 5634
f 5635 5636 5632
f 5619 5637 5638
f 5639 5640 5641
f 5640 5642 5643
f 5644 5645 5646
f 5646 5645 5647
f 5646 5647 5648
f 5648 5647 5649
f 5648 5649 5629
f 5629 5649 5650
f 5629 5650 5630
f 5651 5652 5653
f 5654 5655 5656
f 5656 5655 5657
f 5656 5657 5658
f 5658 5657 5659
f 5658 5659 5660
f 5661 5662 5663
f 5664 5665 5666
f 5664 5620 5665
f 5665 5620 5608
f 5665 5608 5471
f 5667 5668 5621
f 5621 5668 5622
f 5637 5619 5668
f 5668 5619 5623
f 5668 5623 5622
f 5669 5328 5670
f 5670 5328 5324
f 5670 5324 5671
f 5671 5324 5618
f 5671 5618 5672
f 5672 5618 5617
f 5672 5617 5638
f 5638 5617 5616
f 5638 5616 5619
f 5673 5674 5675
f 5675 5674 5676
f 5675 5676 5677
f 5677 5676 5678
f 5677 5678 5679
f 5635 5632 5673
f 5673 5632 5674
f 5674 5632 5634
f 5674 5634 5676
f 5676 5634 5680
f 5676 5680 5678
f 5681 5682 5683
f 5683 5682 5684
f 5683 5684 5685
f 5686 5631 5687
f 5681 5663 5682
f 5682 5663 5686
f 5682 5686 5684
f 5684 5686 5687
f 5684 5687 5685
f 5640 5688 5641
f 5641 5688 5689
f 5641 5689 5690
f 5691 5657 5690
f 5690 5657 5655
f 5690 5655 5641
f 5641 5655 5654
f 5641 5654 5639
f 5692 5651 5693
f 5693 5651 5653
f 5693 5653 5694
f 5640 5643 5688
f 5688 5643 5652
f 5688 5652 5689
f 5689 5652 5651
f 5689 5651 5690
f 5690 5651 5692
f 5690 5692 5691
f 5662 5660 5663
f 5663 5660 5659
f 5663 5659 5686
f 5686 5659 5657
f 5686 5657 5631
f 5631 5657 5691
f 5631 5691 5629
f 5629 5691 5692
f 5629 5692 5648
f 5648 5692 5693
f 5648 5693 5646
f 5646 5693 5694
f 5646 5694 5644
f 5644 5694 5695
f 5696 5697 5698
f 5698 5697 5699
f 5698 5699 5700
f 5700 5699 5701
f 5697 5669 5699
f 5699 5669 5670
f 5699 5670 5701
f 5701 5670 5671
f 5701 5671 5679
f 5679 5671 5672
f 5679 5672 5677
f 5677 5672 5638
f 5677 5638 5675
f 5675 5638 5637
f 5675 5637 5673
f 5673 5637 5668
f 5673 5668 5635
f 5635 5668 5667
f 5635 5667 5636
f 5650 5696 5630
f 5630 5696 5698
f 5630 5698 5631
f 5631 5698 5700
f 5631 5700 5687
f 5687 5700 5701
f 5687 5701 5685
f 5685 5701 5679
f 5685 5679 5683
f 5683 5679 5678
f 5683 5678 5681
f 5681 5678 5680
f 5681 5680 5663
f 5663 5680 5634
f 5663 5634 5661
f 5661 5634 5633
f 5661 5633 5702
f 5702 5633 5632
f 5702 5632 5666
f 5666 5632 5636
f 5666 5636 5664
f 5664 5636 5667
f 5664 5667 5620
f 5620 5667 5621
f 5703 5704 5665
f 5665 5704 5666
f 5485 5484 5705
f 5706 5485 5639
f 5639 5485 5705
f 5639 5705 5640
f 5640 5705 5642
f 5706 5639 5707
f 5707 5639 5654
f 5707 5654 5708
f 5708 5654 5656
f 5708 5656 5709
f 5709 5656 5658
f 5709 5658 5710
f 5710 5658 5660
f 5710 5660 5711
f 5711 5660 5662
f 5711 5662 5712
f 5712 5662 5713
f 5713 5662 5661
f 5713 5661 5702
f 5666 5704 5702
f 5702 5704 5714
f 5702 5714 5713
f 5665 5471 5470
f 5703 5665 5715
f 5715 5665 5470
f 5715 5470 5627
f 5716 5420 5717
f 5717 5420 5419
f 5717 5419 5399
f 5718 5417 5719
f 5719 5417 5418
f 5719 5418 5421
f 5720 5721 5722
f 5722 5721 5723
f 5722 5723 5719
f 5719 5723 5724
f 5719 5724 5718
f 5725 5726 5727
f 5722 5728 5720
f 5720 5728 5725
f 5720 5725 5729
f 5729 5725 5727
f 5523 5516 5730
f 5730 5516 5519
f 5519 5520 5730
f 5730 5520 5731
f 5730 5731 5726
f 5726 5731 5732
f 5726 5732 5727
f 5727 5732 5733
f 5399 5514 5717
f 5717 5514 5513
f 5717 5513 5734
f 5734 5513 5522
f 5734 5522 5735
f 5735 5522 5736
f 5736 5522 5523
f 5736 5737 5735
f 5735 5737 5738
f 5735 5738 5734
f 5734 5738 5739
f 5734 5739 5717
f 5717 5739 5740
f 5717 5740 5716
f 5523 5730 5736
f 5736 5730 5726
f 5736 5726 5737
f 5737 5726 5725
f 5737 5725 5738
f 5738 5725 5728
f 5738 5728 5739
f 5739 5728 5722
f 5739 5722 5740
f 5740 5722 5719
f 5740 5719 5716
f 5716 5719 5421
f 5716 5421 5420
f 5741 5742 5743
f 5743 5742 5744
f 5743 5744 5745
f 5745 5744 5746
f 5745 5746 5747
f 5748 5749 5750
f 5750 5749 5747
f 5750 5747 5746
f 5751 5749 5748
f 5752 5753 5754
f 5754 5753 5755
f 5754 5755 5756
f 5756 5755 5751
f 5756 5751 5757
f 5757 5751 5748
f 5758 5751 5755
f 5759 5760 5761
f 5762 5763 5764
f 5764 5763 5765
f 5764 5765 5766
f 5765 5767 5766
f 5766 5767 5768
f 5766 5768 5302
f 5761 5760 5769
f 5769 5760 5770
f 5769 5770 5753
f 5759 5771 5772
f 5759 5772 5760
f 5760 5772 5758
f 5760 5758 5770
f 5770 5758 5755
f 5770 5755 5753
f 5763 5773 5765
f 5765 5773 5771
f 5765 5771 5767
f 5767 5771 5759
f 5767 5759 5768
f 5768 5759 5761
f 5749 5751 5774
f 5774 5751 5758
f 5774 5758 5775
f 5775 5758 5772
f 5775 5772 5776
f 5776 5772 5771
f 5776 5771 5777
f 5777 5771 5773
f 5711 5712 5778
f 5778 5712 5713
f 5778 5713 5714
f 5778 5779 5780
f 5711 5778 5710
f 5710 5778 5780
f 5710 5780 5709
f 5599 5600 5781
f 5781 5600 5601
f 5158 5155 5603
f 5603 5155 5781
f 5603 5781 5602
f 5602 5781 5601
f 5782 5783 5784
f 5785 5786 5787
f 5785 5787 5788
f 5788 5787 5789
f 5788 5789 5790
f 5791 5792 5793
f 5794 5795 5796
f 5796 5795 5797
f 5791 5793 5795
f 5795 5793 5798
f 5795 5798 5797
f 5452 5799 5423
f 5448 5447 5800
f 5801 5802 5803
f 5804 5805 5806
f 5807 5808 5809
f 5808 5810 5809
f 5809 5810 5811
f 5809 5811 5812
f 5804 5806 5813
f 5813 5806 5814
f 5814 5806 5815
f 5814 5815 5816
f 5817 5818 5819
f 5819 5818 5820
f 5819 5820 5815
f 5815 5820 5821
f 5815 5821 5816
f 5822 5823 5824
f 5824 5823 5825
f 5826 5827 5828
f 5825 5829 5824
f 5824 5829 5830
f 5824 5830 5828
f 5828 5830 5831
f 5828 5831 5826
f 5827 5832 5828
f 5828 5832 5833
f 5828 5833 5819
f 5819 5833 5834
f 5819 5834 5817
f 5803 5802 5824
f 5824 5802 5835
f 5824 5835 5822
f 5836 5837 5838
f 5839 5840 5841
f 5842 5839 5843
f 5843 5839 5841
f 5843 5841 5844
f 5844 5841 5845
f 5844 5845 5846
f 5461 5464 5839
f 5839 5464 5463
f 5839 5463 5840
f 5840 5463 5462
f 5840 5462 5841
f 5841 5462 5456
f 5841 5456 5845
f 5845 5456 5457
f 5845 5457 5846
f 5846 5457 5458
f 5800 5447 5455
f 5800 5455 5847
f 5847 5455 5454
f 5847 5454 5848
f 5848 5454 5453
f 5799 5452 5849
f 5809 5850 5851
f 5851 5850 5852
f 5851 5852 5853
f 5853 5852 5854
f 5853 5854 5450
f 5450 5854 5451
f 5850 5855 5852
f 5852 5855 5849
f 5852 5849 5854
f 5854 5849 5452
f 5854 5452 5451
f 5459 5461 5856
f 5856 5461 5839
f 5856 5839 5857
f 5857 5839 5842
f 5842 5837 5857
f 5857 5837 5836
f 5857 5836 5856
f 5856 5836 5858
f 5856 5858 5459
f 5459 5858 5859
f 5459 5859 5460
f 5860 5861 5838
f 5838 5861 5862
f 5838 5862 5836
f 5836 5862 5863
f 5836 5863 5858
f 5858 5863 5864
f 5858 5864 5859
f 5859 5864 5865
f 5450 5449 5853
f 5853 5449 5448
f 5853 5448 5851
f 5851 5448 5800
f 5851 5800 5866
f 5866 5800 5847
f 5866 5847 5865
f 5865 5847 5848
f 5865 5848 5859
f 5859 5848 5453
f 5859 5453 5460
f 5807 5809 5805
f 5805 5809 5851
f 5805 5851 5806
f 5806 5851 5866
f 5806 5866 5815
f 5815 5866 5865
f 5815 5865 5819
f 5819 5865 5864
f 5819 5864 5828
f 5828 5864 5863
f 5828 5863 5824
f 5824 5863 5862
f 5824 5862 5803
f 5803 5862 5861
f 5803 5861 5801
f 5867 5868 5869
f 5869 5868 5870
f 5869 5870 5871
f 5871 5872 5869
f 5869 5872 5873
f 5869 5873 5874
f 5874 5873 5875
f 5874 5875 5876
f 5877 5878 5879
f 5879 5880 5877
f 5877 5880 5881
f 5877 5881 5882
f 5882 5881 5883
f 5882 5883 5884
f 5883 5876 5884
f 5884 5876 5875
f 5884 5875 5885
f 5885 5875 5886
f 5885 5886 5887
f 5887 5886 5888
f 5888 5886 5889
f 5889 5886 5890
f 5889 5890 5377
f 5891 5890 5892
f 5892 5890 5886
f 5892 5886 5893
f 5893 5886 5875
f 5893 5875 5894
f 5894 5875 5895
f 5895 5875 5873
f 5895 5873 5896
f 5897 5898 5896
f 5872 5899 5873
f 5873 5899 5900
f 5873 5900 5896
f 5896 5900 5901
f 5896 5901 5897
f 5902 5903 5904
f 5904 5903 5905
f 5904 5905 5906
f 5906 5905 5907
f 5906 5907 5908
f 5908 5907 5896
f 5908 5896 5909
f 5909 5896 5898
f 5910 5911 5912
f 5912 5911 5913
f 5375 5914 5376
f 5915 5384 5383
f 5916 5388 5917
f 5917 5388 5387
f 5917 5387 5386
f 5375 5918 5914
f 5914 5918 5889
f 5914 5889 5376
f 5376 5889 5377
f 5884 5885 5919
f 5919 5885 5887
f 5919 5887 5918
f 5918 5887 5888
f 5918 5888 5889
f 5920 5877 5882
f 5921 5922 5923
f 5923 5922 5924
f 5923 5924 5925
f 5925 5924 5878
f 5925 5878 5877
f 5926 5927 5923
f 5923 5927 5928
f 5923 5928 5921
f 5929 5930 5931
f 5929 5932 5933
f 5933 5932 5934
f 5929 5931 5932
f 5932 5931 5935
f 5932 5935 5936
f 5934 5932 5937
f 5937 5932 5938
f 5937 5938 5939
f 5940 5941 5942
f 5941 5940 5943
f 5943 5940 5944
f 5943 5944 5945
f 5946 5915 5947
f 5947 5915 5383
f 5947 5383 5948
f 5948 5383 5382
f 5948 5382 5381
f 5942 5949 5940
f 5940 5949 5946
f 5940 5946 5944
f 5944 5946 5947
f 5944 5947 5950
f 5950 5947 5948
f 5950 5948 5951
f 5951 5948 5381
f 5951 5381 5952
f 5952 5381 5380
f 5953 5916 5949
f 5949 5916 5917
f 5949 5917 5946
f 5946 5917 5386
f 5946 5386 5915
f 5915 5386 5385
f 5915 5385 5384
f 5877 5920 5925
f 5925 5920 5936
f 5925 5936 5923
f 5923 5936 5935
f 5923 5935 5926
f 5882 5954 5920
f 5920 5954 5955
f 5920 5955 5936
f 5936 5955 5953
f 5936 5953 5932
f 5932 5953 5949
f 5932 5949 5938
f 5938 5949 5942
f 5938 5942 5939
f 5882 5884 5954
f 5954 5884 5919
f 5954 5919 5956
f 5956 5919 5918
f 5956 5918 5957
f 5957 5918 5375
f 5957 5375 5374
f 5374 5373 5957
f 5957 5373 5372
f 5957 5372 5956
f 5956 5372 5913
f 5956 5913 5954
f 5954 5913 5911
f 5954 5911 5955
f 5955 5911 5910
f 5955 5910 5953
f 5953 5910 5958
f 5953 5958 5916
f 5372 5371 5913
f 5913 5371 5370
f 5913 5370 5912
f 5912 5370 5369
f 5912 5369 5910
f 5910 5369 5368
f 5910 5368 5958
f 5958 5368 5378
f 5958 5378 5916
f 5916 5378 5379
f 5916 5379 5388
f 5959 5960 5961
f 5962 5963 5964
f 5965 5945 5966
f 5380 5967 5952
f 5364 5968 5365
f 5362 5361 5969
f 5359 5970 5360
f 5352 5351 5971
f 5972 5973 5974
f 5975 5976 5977
f 5972 5974 5978
f 5959 5979 5960
f 5960 5979 5980
f 5960 5980 5981
f 5982 5983 5984
f 5984 5983 5985
f 5984 5985 5986
f 5987 5988 5982
f 5982 5988 5989
f 5982 5989 5983
f 5344 5990 5345
f 5345 5990 5991
f 5346 5992 5347
f 5347 5992 5993
f 5347 5993 5994
f 5994 5993 5959
f 5351 5350 5971
f 5971 5350 5349
f 5971 5349 5995
f 5970 5359 5962
f 5962 5359 5358
f 5962 5358 5963
f 5968 5364 5996
f 5945 5944 5966
f 5966 5944 5950
f 5966 5950 5967
f 5967 5950 5951
f 5967 5951 5952
f 5974 5997 5998
f 5998 5997 5999
f 5998 5999 5996
f 5973 6000 5974
f 5974 6000 6001
f 5974 6001 5997
f 5999 5965 5996
f 5996 5965 5966
f 5996 5966 5968
f 5968 5966 5967
f 5968 5967 5365
f 5365 5967 5380
f 6002 5976 6003
f 6003 5976 5975
f 6003 5975 6004
f 6004 5975 6005
f 6004 6005 5969
f 5969 6005 6006
f 5969 6006 5362
f 5362 6006 6007
f 5362 6007 5363
f 5977 5978 5975
f 5975 5978 5974
f 5975 5974 6005
f 6005 5974 5998
f 6005 5998 6006
f 6006 5998 5996
f 6006 5996 6007
f 6007 5996 5364
f 6007 5364 5363
f 6008 6009 6010
f 5358 5357 5963
f 5963 5357 5356
f 5963 5356 5964
f 5964 5356 6008
f 5964 6008 6011
f 6011 6008 6010
f 6011 6010 5961
f 5981 6012 5960
f 5960 6012 6013
f 5960 6013 5961
f 5961 6013 6014
f 5961 6014 6011
f 6011 6014 6002
f 6011 6002 5964
f 5964 6002 6003
f 5964 6003 5962
f 5962 6003 6004
f 5962 6004 5970
f 5970 6004 5969
f 5970 5969 5360
f 5360 5969 5361
f 5356 5355 6008
f 6008 5355 5353
f 6008 5353 6009
f 6009 5353 5352
f 6009 5352 6010
f 6010 5352 5971
f 6010 5971 5961
f 5961 5971 5995
f 5961 5995 5959
f 5959 5995 5349
f 5959 5349 5994
f 5994 5349 5348
f 5994 5348 5347
f 5986 6015 5984
f 5984 6015 6016
f 5984 6016 5982
f 5982 6016 5991
f 5982 5991 5987
f 5987 5991 5990
f 5986 5979 6015
f 6015 5979 5959
f 6015 5959 6016
f 6016 5959 5993
f 6016 5993 5991
f 5991 5993 5992
f 5991 5992 5345
f 5345 5992 5346
f 6017 6018 6019
f 6019 6018 6020
f 6020 6018 6021
f 6021 6018 6022
f 6021 6022 6023
f 6023 6024 6021
f 6021 6024 6025
f 6021 6025 6026
f 6026 6027 6021
f 6021 6027 6028
f 6021 6028 6029
f 6029 6028 6030
f 6031 6032 6033
f 6033 6032 6034
f 6033 6034 6035
f 6035 6034 6036
f 6034 5843 5844
f 5844 5846 6034
f 6034 5846 5458
f 6034 5458 6036
f 6037 6038 6032
f 6032 6038 6039
f 6032 6039 6040
f 5843 6034 5842
f 5842 6034 6032
f 5842 6032 5837
f 5837 6032 6040
f 5837 6040 5838
f 5838 6040 6041
f 5838 6041 6042
f 6043 6044 6042
f 6042 6044 5860
f 6042 5860 5838
f 6027 6045 6028
f 6028 6045 6046
f 6028 6046 6047
f 6031 6030 6032
f 6032 6030 6028
f 6032 6028 6037
f 6037 6028 6047
f 6037 6047 6048
f 6049 6050 6051
f 6052 6053 6054
f 6054 6053 6055
f 6055 6053 6056
f 6056 6053 6057
f 6056 6057 6058
f 6058 6057 6059
f 6058 6059 6060
f 6060 6059 6061
f 6060 6061 6062
f 6061 6063 6062
f 6062 6063 6064
f 6062 6064 6065
f 6065 6064 6066
f 6065 6066 6067
f 6067 6066 6068
f 6067 6068 6069
f 6069 6068 6070
f 6070 6068 6071
f 6070 6071 6072
f 6072 6071 6073
f 6072 6073 6074
f 6073 6075 6074
f 6074 6075 6076
f 6074 6076 6077
f 6077 6076 6078
f 6077 6078 6079
f 6079 6078 6080
f 6079 6080 6081
f 6081 6080 6082
f 6081 6082 6083
f 6082 6084 6083
f 6083 6084 6085
f 6083 6085 6086
f 6019 6087 6088
f 6085 6089 6086
f 6086 6089 6090
f 6086 6090 6091
f 6091 6090 6092
f 6091 6092 6093
f 6093 6092 6094
f 6093 6094 6087
f 6087 6094 6095
f 6087 6095 6088
f 6088 6096 6019
f 6019 6096 6097
f 6019 6097 6098
f 6098 6099 6019
f 6019 6099 6100
f 6019 6100 6017
f 6017 6100 6101
f 6017 6101 6102
f 6101 6103 6104
f 6105 5902 6106
f 6101 6104 6102
f 6102 6104 6107
f 6102 6107 6106
f 6106 6107 6108
f 6106 6108 6105
f 5902 6105 5903
f 5903 6105 6109
f 5903 6109 6110
f 6110 6111 5903
f 5903 6111 6112
f 5903 6112 6113
f 6114 6115 6116
f 6116 6115 5903
f 6116 5903 6117
f 6117 5903 6113
f 6114 6118 6115
f 6115 6118 6119
f 6115 6119 6120
f 6120 6119 6121
f 6120 6121 6122
f 6123 6124 6125
f 6122 6121 6124
f 6124 6121 6126
f 6124 6126 6125
f 6127 6128 6129
f 6129 6128 6123
f 6129 6123 6130
f 6130 6123 6125
f 6131 6132 6133
f 6127 6134 6128
f 6128 6134 6135
f 6128 6135 6136
f 6136 6135 6137
f 6136 6137 6132
f 6132 6137 6138
f 6132 6138 6133
f 6133 6139 6131
f 6131 6139 6140
f 6131 6140 6141
f 6141 6140 6142
f 6142 6140 6143
f 6142 6143 6144
f 6144 6143 6145
f 6145 6143 6146
f 6145 6146 6147
f 6147 6146 6148
f 6147 6148 6149
f 6049 6051 6150
f 6151 6150 6152
f 6152 6150 6051
f 6152 6051 6153
f 6153 6051 6154
f 6153 6154 6155
f 6155 6154 6156
f 6155 6156 6157
f 6157 6156 6149
f 6157 6149 6158
f 6158 6149 6148
f 6159 6160 5832
f 5812 5811 6161
f 5812 6161 6162
f 6162 6161 6163
f 6162 6163 6164
f 6165 5870 5868
f 6166 6167 5860
f 5860 6044 6166
f 6166 6044 6043
f 6166 6043 6168
f 6169 6170 6168
f 6168 6170 6171
f 6168 6171 6166
f 6172 6173 6174
f 6174 6173 6175
f 6048 6047 6173
f 6173 6047 6176
f 6173 6176 6175
f 6177 6178 6179
f 6180 6181 6182
f 6183 6184 6185
f 6185 6184 6186
f 6181 6187 6182
f 6182 6187 6188
f 6182 6188 6186
f 6186 6188 6189
f 6186 6189 6185
f 6190 6191 6192
f 6192 6191 6193
f 6193 6191 6179
f 6179 6191 6194
f 6179 6194 6177
f 6192 6180 6190
f 6190 6180 6182
f 6190 6182 6195
f 6195 6182 6196
f 6184 6197 6186
f 6186 6197 6198
f 6186 6198 6182
f 6182 6198 6199
f 6182 6199 6196
f 6200 6201 6202
f 6203 6204 6205
f 6206 6207 6208
f 5443 6209 5444
f 5430 5429 6210
f 5427 6211 5428
f 6211 5427 6212
f 6212 5427 5426
f 6212 5426 6213
f 6213 5426 5424
f 6213 5424 5423
f 5431 5430 6214
f 6214 5430 6210
f 6214 6210 5431
f 5431 6210 6208
f 5431 6208 5432
f 5432 6208 6207
f 5432 6207 5433
f 5433 6207 6206
f 5433 6206 5435
f 5439 5438 6215
f 6215 5438 5437
f 6216 6217 6218
f 6209 5443 6217
f 6217 5443 5442
f 6217 5442 6218
f 6218 5442 5441
f 6218 5441 6216
f 6216 5441 5440
f 6216 5440 6219
f 6220 6221 6222
f 6223 6224 6225
f 6225 6224 6220
f 6225 6220 6226
f 6226 6220 6222
f 6227 6228 6229
f 6229 6228 6230
f 6228 6231 6230
f 6230 6231 6232
f 6230 6232 6233
f 6233 6232 6234
f 6233 6234 6235
f 6236 6237 6238
f 6238 6237 6239
f 6239 6240 6238
f 6238 6240 6241
f 6238 6241 6242
f 6242 6241 6243
f 6242 6243 6244
f 6162 6164 6202
f 6202 6164 6245
f 6162 6202 5812
f 5812 6202 6201
f 5812 6201 6246
f 5799 5849 6247
f 5849 5855 6247
f 6247 5855 5850
f 6247 5850 6246
f 6246 5850 5809
f 6246 5809 5812
f 6216 6248 6217
f 6217 6248 6249
f 6217 6249 6209
f 6209 6249 6250
f 6209 6250 5444
f 5444 6250 6251
f 5444 6251 5445
f 5440 5439 6219
f 6219 5439 6215
f 6219 6215 6203
f 6203 6215 5437
f 6203 5437 6204
f 6222 6251 6226
f 6226 6251 6250
f 6226 6250 6225
f 6225 6250 6249
f 6225 6249 6223
f 6223 6249 6248
f 6223 6248 6235
f 6235 6248 6216
f 6235 6216 6233
f 6233 6216 6219
f 6233 6219 6230
f 6230 6219 6203
f 6230 6203 6229
f 6229 6203 6205
f 6229 6205 6227
f 6245 6236 6202
f 6202 6236 6238
f 6202 6238 6252
f 6252 6238 6242
f 6252 6242 6205
f 6205 6242 6244
f 6205 6244 6227
f 5429 6200 6210
f 6210 6200 6202
f 6210 6202 6208
f 6208 6202 6252
f 6208 6252 6206
f 6206 6252 6205
f 6206 6205 5435
f 5435 6205 6204
f 5435 6204 5436
f 5436 6204 5437
f 5429 5428 6200
f 6200 5428 6211
f 6200 6211 6201
f 6201 6211 6212
f 6201 6212 6246
f 6246 6212 6213
f 6246 6213 6247
f 6247 6213 5423
f 6247 5423 5799
f 6253 6254 6255
f 6256 6257 6258
f 6253 6255 6259
f 6259 6255 6260
f 6259 6260 6261
f 6261 6260 6262
f 6261 6262 6263
f 6263 6262 6264
f 6263 6264 6265
f 6265 6264 6266
f 6265 6266 6258
f 6258 6266 6267
f 6258 6267 6256
f 6268 6269 6270
f 6270 6269 6271
f 6270 6271 6272
f 6256 6273 6257
f 6257 6273 6274
f 6257 6274 6275
f 6275 6276 6257
f 6257 6276 6269
f 6257 6269 6277
f 6277 6269 6268
f 6278 6279 6280
f 6281 6282 6283
f 6283 6282 6284
f 6283 6284 6285
f 6286 6287 6288
f 6279 6278 6284
f 6289 6290 6278
f 6278 6290 6286
f 6278 6286 6284
f 6284 6286 6288
f 6284 6288 6285
f 6291 6292 6293
f 6294 6193 6179
f 6282 6295 6284
f 6284 6295 6296
f 6284 6296 6279
f 6279 6296 6294
f 6279 6294 6280
f 6280 6294 6179
f 6280 6179 6297
f 6298 6289 6292
f 6292 6289 6278
f 6292 6278 6293
f 6293 6278 6280
f 6293 6280 6291
f 6291 6280 6297
f 6291 6297 6178
f 6178 6297 6179
f 6299 6300 6301
f 5990 5344 6302
f 5990 6302 5987
f 6300 5989 6301
f 6301 5989 5988
f 6301 5988 6303
f 6303 5988 5987
f 6303 5987 6304
f 6304 5987 6302
f 6302 6287 6304
f 6304 6287 6286
f 6304 6286 6303
f 6303 6286 6290
f 6303 6290 6301
f 6301 6290 6289
f 6301 6289 6299
f 6299 6289 6298
f 6305 6306 6307
f 6308 6309 6310
f 6311 6312 6313
f 6269 6314 6315
f 6314 6269 6276
f 6316 6317 6318
f 6319 6274 6273
f 6256 6320 6273
f 6273 6320 6321
f 6273 6321 6319
f 6319 6321 6322
f 6319 6322 6323
f 6323 6322 6324
f 6323 6324 6318
f 6318 6324 6325
f 6318 6325 6316
f 6274 6319 6275
f 6275 6319 6323
f 6275 6323 6276
f 6326 6327 6328
f 6328 6327 6272
f 6328 6272 6271
f 6311 6329 6308
f 6308 6329 6330
f 6308 6330 6309
f 6312 6311 6331
f 6331 6311 6308
f 6331 6308 6332
f 6332 6308 6333
f 6333 6308 6310
f 6333 6310 6334
f 6334 6310 6335
f 6334 6335 6336
f 6336 6335 6337
f 6336 6337 6338
f 6338 6337 6339
f 6339 6337 6340
f 6339 6340 6341
f 6342 6343 6305
f 6316 6344 6317
f 6317 6344 6345
f 6317 6345 6346
f 6346 6345 6347
f 6346 6347 6348
f 6348 6347 6349
f 6348 6349 6350
f 6271 6269 6328
f 6328 6269 6315
f 6328 6315 6326
f 6326 6315 6351
f 6326 6351 6307
f 6307 6351 6352
f 6307 6352 6305
f 6305 6352 6353
f 6305 6353 6342
f 6276 6323 6314
f 6314 6323 6318
f 6314 6318 6315
f 6315 6318 6317
f 6315 6317 6351
f 6351 6317 6346
f 6351 6346 6352
f 6352 6346 6348
f 6352 6348 6353
f 6353 6348 6350
f 6353 6350 6342
f 6330 6327 6309
f 6309 6327 6326
f 6309 6326 6310
f 6310 6326 6307
f 6310 6307 6335
f 6335 6307 6306
f 6335 6306 6337
f 6337 6306 6305
f 6337 6305 6340
f 6340 6305 6343
f 6340 6343 6341
f 6336 6354 6355
f 6332 6333 6355
f 6355 6333 6334
f 6355 6334 6336
f 6332 6355 6331
f 6331 6355 6356
f 6331 6356 6312
f 6312 6356 6357
f 6312 6357 6313
f 6358 6359 6221
f 6221 6359 6360
f 6221 6360 6222
f 6222 6360 6361
f 6222 6361 6251
f 5445 6251 6354
f 6354 6251 6361
f 6354 6361 6355
f 6355 6361 6360
f 6355 6360 6356
f 6356 6360 6359
f 6356 6359 6357
f 6357 6359 6358
f 6362 6363 6364
f 5900 6362 5901
f 5901 6362 6364
f 5901 6364 5897
f 5870 6165 5871
f 5871 6165 6365
f 5871 6365 5872
f 6366 6027 6026
f 6026 6025 6367
f 6366 6026 6368
f 6368 6026 6367
f 6368 6367 6369
f 6370 6176 6046
f 6046 6176 6047
f 5999 5997 6371
f 6371 5997 6372
f 5233 6194 5234
f 5234 6194 5235
f 6373 6268 6374
f 6374 6268 6375
f 6376 6377 6378
f 6379 6380 6381
f 6382 6383 6384
f 6384 6383 6385
f 6384 6385 6386
f 6387 6388 6389
f 6389 6388 6390
f 6389 6390 6386
f 6386 6390 6391
f 6386 6391 6384
f 6376 6378 6392
f 6393 6394 6395
f 6381 6396 6379
f 6379 6396 6397
f 6379 6397 6398
f 6398 6397 6393
f 6398 6393 6399
f 6399 6393 6395
f 6400 6380 6401
f 6401 6380 6379
f 6401 6379 6402
f 6402 6379 6398
f 6402 6398 6378
f 6378 6398 6399
f 6378 6399 6392
f 6392 6399 6395
f 6377 6387 6378
f 6378 6387 6389
f 6378 6389 6402
f 6402 6389 6386
f 6402 6386 6401
f 6401 6386 6385
f 6401 6385 6400
f 6400 6385 6383
f 6400 6383 6403
f 6404 6405 6406
f 6404 6406 6407
f 6406 6408 6407
f 6407 6408 6409
f 6407 6409 6410
f 6410 6409 6411
f 6410 6411 6412
f 6412 6411 6413
f 6412 6413 6414
f 6414 6413 6415
f 6414 6415 6416
f 6416 6415 6417
f 6416 6417 6418
f 6418 6417 6419
f 6418 6419 6420
f 6420 6419 6383
f 6420 6383 6382
f 6403 6383 6421
f 6421 6383 6419
f 6421 6419 6422
f 6422 6419 6417
f 6422 6417 6423
f 6423 6417 6415
f 6423 6415 6424
f 6424 6415 6413
f 6424 6413 6425
f 6425 6413 6411
f 6425 6411 6426
f 6426 6411 6409
f 6426 6409 6427
f 6427 6409 6408
f 6427 6408 6428
f 6428 6408 6406
f 6429 6430 6431
f 6431 6430 6432
f 6431 6432 6433
f 6433 6432 6434
f 6433 6434 6435
f 6435 6434 6436
f 6405 6437 6406
f 6406 6437 6436
f 6406 6436 6428
f 6428 6436 6434
f 6429 6438 6430
f 6430 6438 6439
f 6430 6439 6432
f 6432 6439 6440
f 6441 6442 6443
f 6444 6445 6446
f 6446 6445 6447
f 6444 6446 6448
f 6448 6446 6442
f 6448 6442 6449
f 6449 6442 6441
f 6449 6441 6450
f 6451 6452 6453
f 6453 6452 6450
f 6453 6450 6454
f 6454 6450 6441
f 6447 6455 6446
f 6446 6455 6456
f 6446 6456 6442
f 6442 6456 6457
f 6442 6457 6443
f 6458 6459 6460
f 6461 6462 5752
f 5752 6462 6463
f 5752 6463 5753
f 6461 6464 6462
f 6462 6464 6465
f 6462 6465 6466
f 6466 6465 6467
f 6466 6467 6468
f 6468 6467 6469
f 6468 6469 6470
f 6470 6469 6471
f 6470 6471 6472
f 6472 6471 6473
f 6472 6473 6474
f 6474 6473 6475
f 6474 6475 6476
f 6475 6477 6476
f 6476 6477 6478
f 6476 6478 6479
f 6479 6478 6480
f 6479 6480 6481
f 6481 6480 6482
f 6481 6482 6483
f 6482 6484 6483
f 6483 6484 6485
f 6483 6485 6486
f 6486 6485 6487
f 6485 6488 6487
f 6487 6488 6489
f 6487 6489 6490
f 6489 6491 6490
f 6490 6491 6492
f 6490 6492 6493
f 6493 6492 6494
f 6493 6494 6495
f 6495 6494 6496
f 6496 6494 6497
f 6496 6497 6498
f 6497 6499 6498
f 6498 6499 6500
f 6498 6500 6501
f 6501 6500 6502
f 6501 6502 6503
f 6503 6502 6504
f 6503 6504 6505
f 6505 6504 6506
f 6505 6506 6507
f 6507 6506 6508
f 6507 6508 6509
f 6508 6510 6509
f 6509 6510 6511
f 6509 6511 6512
f 6511 6513 6512
f 6512 6513 6514
f 6512 6514 6515
f 6516 6517 6515
f 6515 6517 6518
f 6515 6518 6512
f 6519 6458 6520
f 6520 6458 6460
f 6520 6460 6521
f 6521 6460 6517
f 6521 6517 6522
f 6522 6517 6516
f 6523 6524 6525
f 6526 6527 6528
f 6529 6530 6531
f 6532 6533 6534
f 6535 6536 6537
f 6537 6536 6538
f 6537 6538 6539
f 6539 6538 6540
f 5752 6529 6461
f 6461 6529 6531
f 6461 6531 6464
f 6464 6531 6465
f 6465 6531 6467
f 6467 6531 6541
f 6467 6541 6469
f 6469 6541 6542
f 6469 6542 6471
f 6480 6478 6543
f 6543 6478 6477
f 6543 6477 6544
f 6544 6477 6475
f 6544 6475 6542
f 6542 6475 6473
f 6542 6473 6471
f 6545 6484 6543
f 6543 6484 6482
f 6543 6482 6480
f 6491 6489 6546
f 6546 6489 6488
f 6546 6488 6545
f 6545 6488 6485
f 6545 6485 6484
f 6500 6499 6547
f 6547 6499 6497
f 6547 6497 6548
f 6548 6497 6494
f 6548 6494 6546
f 6546 6494 6492
f 6546 6492 6491
f 6500 6547 6502
f 6502 6547 6549
f 6502 6549 6504
f 6550 6508 6549
f 6549 6508 6506
f 6549 6506 6504
f 6513 6511 6550
f 6550 6511 6510
f 6550 6510 6508
f 6514 6513 6551
f 6551 6513 6550
f 6551 6550 6552
f 6552 6550 6553
f 6554 6555 6556
f 6556 6555 6557
f 6556 6557 6558
f 6558 6557 6559
f 6558 6559 6560
f 6528 6527 6559
f 6559 6527 6561
f 6559 6561 6560
f 6526 6528 6562
f 6562 6528 6563
f 6562 6563 6564
f 6564 6563 6565
f 6565 6563 6566
f 6565 6566 6567
f 6567 6566 6568
f 6568 6566 6569
f 6568 6569 6570
f 6524 6523 6569
f 6569 6523 6571
f 6569 6571 6570
f 6572 6573 6525
f 6525 6573 6574
f 6525 6574 6523
f 6575 6576 6572
f 6572 6576 6577
f 6572 6577 6573
f 6536 6578 6538
f 6538 6578 6575
f 6538 6575 6579
f 6579 6575 6572
f 6555 6580 6557
f 6557 6580 6581
f 6557 6581 6559
f 6559 6581 6582
f 6559 6582 6528
f 6528 6582 6583
f 6528 6583 6563
f 6563 6583 6584
f 6563 6584 6566
f 6566 6584 6585
f 6566 6585 6569
f 6569 6585 6586
f 6569 6586 6524
f 6524 6586 6587
f 6524 6587 6525
f 6525 6587 6588
f 6525 6588 6572
f 6572 6588 6589
f 6572 6589 6579
f 6579 6589 6590
f 6579 6590 6538
f 6538 6590 6534
f 6538 6534 6540
f 6540 6534 6533
f 6580 6553 6581
f 6581 6553 6550
f 6581 6550 6582
f 6582 6550 6549
f 6582 6549 6583
f 6583 6549 6547
f 6583 6547 6584
f 6584 6547 6548
f 6584 6548 6585
f 6585 6548 6546
f 6585 6546 6586
f 6586 6546 6545
f 6586 6545 6587
f 6587 6545 6543
f 6587 6543 6588
f 6588 6543 6544
f 6588 6544 6589
f 6589 6544 6542
f 6589 6542 6590
f 6590 6542 6541
f 6590 6541 6534
f 6534 6541 6531
f 6534 6531 6532
f 6532 6531 6530
f 6591 6592 6593
f 6594 6595 6596
f 6597 6598 6599
f 6600 6601 6602
f 6603 6604 6605
f 6605 6604 6606
f 6603 6605 6607
f 6607 6605 6608
f 6607 6608 6609
f 6610 6611 6612
f 6612 6611 6613
f 6612 6613 6614
f 6614 6613 6615
f 6614 6615 6616
f 6616 6615 6617
f 6602 6601 6618
f 6599 6598 6619
f 6596 6595 6620
f 6621 6622 6623
f 6624 6625 6626
f 6626 6591 6624
f 6624 6591 6593
f 6624 6593 6627
f 6627 6593 6628
f 6627 6628 6629
f 6629 6628 6630
f 6630 6628 6631
f 6631 6628 6632
f 6631 6632 6633
f 6633 6632 6634
f 6633 6634 6635
f 6636 6637 6638
f 6638 6637 6639
f 6638 6639 6640
f 6640 6639 6641
f 6640 6641 6634
f 6634 6641 6642
f 6634 6642 6635
f 6643 6644 6621
f 6621 6644 6645
f 6621 6645 6622
f 6623 6594 6621
f 6621 6594 6596
f 6621 6596 6643
f 6643 6596 6620
f 6643 6620 6646
f 6595 6597 6620
f 6620 6597 6599
f 6620 6599 6646
f 6646 6599 6619
f 6646 6619 6647
f 6598 6600 6619
f 6619 6600 6602
f 6619 6602 6647
f 6647 6602 6618
f 6647 6618 6648
f 6601 6610 6618
f 6618 6610 6612
f 6618 6612 6648
f 6648 6612 6614
f 6648 6614 6606
f 6606 6614 6616
f 6606 6616 6605
f 6605 6616 6617
f 6605 6617 6608
f 6649 6644 6650
f 6650 6644 6643
f 6650 6643 6651
f 6651 6643 6646
f 6651 6646 6652
f 6652 6646 6647
f 6652 6647 6653
f 6653 6647 6648
f 6653 6648 6654
f 6654 6648 6606
f 6654 6606 6655
f 6655 6606 6604
f 6592 6649 6593
f 6593 6649 6650
f 6593 6650 6628
f 6628 6650 6651
f 6628 6651 6632
f 6632 6651 6652
f 6632 6652 6634
f 6634 6652 6653
f 6634 6653 6640
f 6640 6653 6654
f 6640 6654 6638
f 6638 6654 6655
f 6656 6657 6658
f 6658 6657 6659
f 6658 6659 6660
f 6661 6662 6663
f 6663 6662 6660
f 6663 6660 6664
f 6660 6659 6664
f 6664 6659 6665
f 6664 6665 6666
f 6667 6668 6669
f 6657 6670 6659
f 6659 6670 6667
f 6659 6667 6665
f 6665 6667 6669
f 6665 6669 6666
f 6666 6669 6671
f 6672 6673 5290
f 5290 6673 5288
f 5288 6673 6674
f 5288 6674 5283
f 5283 6674 5284
f 5284 6674 6675
f 5284 6675 5286
f 5286 6675 5287
f 5287 6675 6676
f 5287 6676 5279
f 5279 6676 6677
f 5279 6677 5281
f 5281 6677 6678
f 5281 6678 5282
f 5282 6678 5277
f 5277 6678 6679
f 5277 6679 5275
f 5275 6679 5274
f 5274 6679 6680
f 5274 6680 5272
f 5272 6680 6681
f 5272 6681 5270
f 5270 6681 6682
f 5270 6682 5267
f 6683 6684 6685
f 6459 6684 6460
f 6460 6684 6683
f 6460 6683 6517
f 6517 6683 6686
f 6517 6686 6518
f 6518 6686 6687
f 6518 6687 6512
f 6688 6507 6687
f 6687 6507 6509
f 6687 6509 6512
f 6496 6498 6689
f 6689 6498 6501
f 6689 6501 6690
f 6690 6501 6503
f 6690 6503 6688
f 6688 6503 6505
f 6688 6505 6507
f 6496 6689 6495
f 6495 6689 6691
f 6495 6691 6493
f 6493 6691 6490
f 6490 6691 6692
f 6490 6692 6487
f 6487 6692 6486
f 6486 6692 6693
f 6486 6693 6483
f 6483 6693 6481
f 6481 6693 6694
f 6481 6694 6479
f 6479 6694 6476
f 6476 6694 6695
f 6476 6695 6474
f 6474 6695 6472
f 6472 6695 6696
f 6472 6696 6470
f 6470 6696 6697
f 6470 6697 6468
f 6468 6697 6466
f 6466 6697 6698
f 6466 6698 6462
f 6462 6698 6699
f 6462 6699 6463
f 5753 6463 5769
f 5769 6463 6699
f 5769 6699 5761
f 5300 5302 5768
f 5768 6700 5300
f 5300 6700 6701
f 5300 6701 5298
f 5298 6701 6702
f 6703 5294 6702
f 6702 5294 5293
f 6702 5293 5298
f 5290 5291 6672
f 6672 5291 5297
f 6672 5297 6703
f 6703 5297 5296
f 6703 5296 5294
f 5268 5267 6704
f 6704 5267 6682
f 6704 6682 6705
f 6705 6682 6681
f 6705 6681 6706
f 6706 6681 6680
f 6706 6680 6707
f 6707 6680 6679
f 6707 6679 6708
f 6708 6679 6678
f 6708 6678 6709
f 6709 6678 6677
f 6709 6677 6710
f 6710 6677 6676
f 6710 6676 6711
f 6711 6676 6675
f 6711 6675 6712
f 6712 6675 6674
f 6712 6674 6713
f 6713 6674 6673
f 6713 6673 6714
f 6714 6673 6672
f 6714 6672 6715
f 6715 6672 6703
f 6715 6703 6716
f 6716 6703 6702
f 6716 6702 6717
f 6717 6702 6701
f 6717 6701 6718
f 6718 6701 6700
f 6718 6700 6719
f 6719 6700 5768
f 6719 5768 5761
f 5761 6699 6719
f 6719 6699 6698
f 6719 6698 6718
f 6718 6698 6697
f 6718 6697 6717
f 6717 6697 6696
f 6717 6696 6716
f 6716 6696 6695
f 6716 6695 6715
f 6715 6695 6694
f 6715 6694 6714
f 6714 6694 6693
f 6714 6693 6713
f 6713 6693 6692
f 6713 6692 6712
f 6712 6692 6691
f 6712 6691 6711
f 6711 6691 6689
f 6711 6689 6710
f 6710 6689 6690
f 6710 6690 6709
f 6709 6690 6688
f 6709 6688 6708
f 6708 6688 6687
f 6708 6687 6707
f 6707 6687 6686
f 6707 6686 6706
f 6706 6686 6683
f 6706 6683 6705
f 6705 6683 6685
f 6705 6685 6704
f 5103 5122 6720
f 5103 6720 6721
f 6721 6720 6722
f 6721 6722 6723
f 6723 6722 6724
f 6723 6724 6725
f 6725 6724 5130
f 6725 5130 5132
f 5214 6726 5213
f 5213 6726 6727
f 5213 6727 5212
f 5212 6727 6728
f 6729 6730 6731
f 6731 6730 6732
f 6733 6734 6735
f 6735 6734 6736
f 6735 6736 6729
f 6729 6736 6737
f 6729 6737 6730
f 6738 6739 6740
f 6451 6741 6452
f 6452 6741 6742
f 6741 6743 6742
f 6742 6743 6744
f 6742 6744 5121
f 5121 6744 6745
f 5121 6745 6746
f 6745 6735 6746
f 6746 6735 6729
f 6746 6729 6747
f 6729 6731 6747
f 6747 6731 6732
f 6747 6732 6748
f 6732 6749 6748
f 6748 6749 6750
f 6748 6750 6751
f 6751 6750 6752
f 6750 6753 6752
f 6752 6753 6754
f 6752 6754 6755
f 6754 6756 6755
f 6755 6756 6757
f 6755 6757 6738
f 6738 6757 6758
f 6738 6758 6739
f 6759 6760 6740
f 6639 6637 6761
f 6760 6761 6762
f 6762 6761 6763
f 6762 6763 6764
f 6740 6760 6738
f 6738 6760 6762
f 6738 6762 6755
f 6755 6762 6764
f 6755 6764 6765
f 6639 6761 6641
f 6641 6761 6760
f 6641 6760 6642
f 6642 6760 6759
f 6642 6759 6635
f 6635 6759 6766
f 6635 6766 6633
f 6633 6766 6767
f 6633 6767 6631
f 6631 6767 6768
f 6631 6768 6630
f 6630 6768 6769
f 6630 6769 6629
f 6769 6770 6629
f 6629 6770 6771
f 6629 6771 6627
f 6771 6772 6627
f 6627 6772 6773
f 6627 6773 6624
f 6624 6773 6774
f 6624 6774 6625
f 6183 6185 6775
f 6775 6185 6625
f 6776 6393 6397
f 6777 6778 6779
f 6776 6780 6393
f 6393 6780 6781
f 6393 6781 6394
f 6782 6783 6784
f 6784 6783 6785
f 6777 6786 6787
f 6788 6789 6790
f 6253 6789 6254
f 6254 6789 6788
f 6254 6788 6791
f 6792 6791 6779
f 6779 6791 6788
f 6779 6788 6777
f 6777 6788 6790
f 6777 6790 6786
f 6784 6780 6782
f 6782 6780 6776
f 6782 6776 6793
f 6793 6776 6397
f 6793 6397 6794
f 6794 6397 6396
f 6794 6396 6795
f 6795 6396 6381
f 6795 6792 6794
f 6794 6792 6779
f 6794 6779 6793
f 6793 6779 6778
f 6793 6778 6782
f 6782 6778 6777
f 6782 6777 6783
f 6783 6777 6787
f 6783 6787 6785
f 6796 6797 6798
f 6796 6798 6799
f 6798 6800 6799
f 6799 6800 6801
f 6799 6801 6802
f 6802 6801 6803
f 6802 6803 6804
f 6804 6803 6805
f 6804 6805 6806
f 6806 6805 6807
f 6806 6807 6808
f 6809 3769 6810
f 6810 3769 6811
f 6810 6812 6809
f 6809 6812 6813
f 6809 6813 6796
f 6796 6813 6814
f 6796 6814 6797
f 6807 6815 6808
f 6808 6815 6816
f 6808 6816 6817
f 6817 6816 6818
f 6817 6818 6819
f 6820 6565 6821
f 6822 6823 6824
f 6824 6823 6554
f 6824 6554 6825
f 6825 6554 6556
f 6825 6556 6558
f 6826 6827 6828
f 6828 6827 6829
f 6828 6829 3769
f 3769 6829 6830
f 3769 6830 6811
f 6819 6831 6817
f 6817 6831 6832
f 6817 6832 6833
f 6833 6832 6834
f 6833 6834 6835
f 6835 6834 6836
f 6835 6836 6837
f 6837 6836 6838
f 6837 6838 6822
f 6822 6838 6839
f 6822 6839 6823
f 6840 6841 6578
f 6821 6565 6842
f 6842 6565 6567
f 6842 6567 6568
f 6558 6560 6825
f 6825 6560 6561
f 6825 6561 3810
f 6826 6828 6843
f 6843 6828 6844
f 6843 6844 6845
f 6578 6536 6840
f 6840 6536 6535
f 6840 6535 6844
f 6844 6535 6846
f 6844 6846 6845
f 6568 6570 6842
f 6842 6570 6571
f 6842 6571 6847
f 6847 6571 6523
f 6847 6523 6848
f 6848 6523 6574
f 6848 6574 6573
f 6561 6527 3810
f 3810 6527 6526
f 3810 6526 6821
f 6821 6526 6849
f 6821 6849 6820
f 6573 6577 6848
f 6848 6577 6576
f 6848 6576 6841
f 6841 6576 6575
f 6841 6575 6578
f 6722 6850 6724
f 6724 6850 5128
f 6724 5128 5130
f 6851 6852 6720
f 6720 6852 6853
f 6720 6853 6722
f 6722 6853 6854
f 6722 6854 6850
f 6855 6856 6857
f 6851 6720 6857
f 6857 6720 5122
f 6857 5122 6855
f 6609 5128 6607
f 6607 5128 6850
f 6852 6638 6853
f 6853 6638 6655
f 6853 6655 6854
f 6854 6655 6604
f 6854 6604 6850
f 6850 6604 6603
f 6850 6603 6607
f 6852 6851 6858
f 6858 6851 6857
f 6858 6857 6856
f 6852 6858 6638
f 6638 6858 6859
f 6638 6859 6636
f 6860 6861 6862
f 6862 6861 6863
f 6862 6863 6864
f 6864 6863 6865
f 6662 6661 6866
f 6866 6661 6867
f 6866 6867 6861
f 6861 6867 6868
f 6861 6868 6863
f 6869 6870 6871
f 6871 6870 6872
f 6871 6872 6873
f 6873 6872 6874
f 6874 6872 6875
f 6874 6875 6876
f 6876 6875 6877
f 6876 6877 6878
f 6878 6879 6876
f 6876 6879 6880
f 6876 6880 6881
f 6726 5214 6882
f 6882 5214 6883
f 6882 6883 5778
f 5778 6883 5779
f 5781 5155 6884
f 6884 5155 5142
f 6884 5142 5196
f 5196 5142 5141
f 6181 6180 6885
f 6192 6193 6294
f 6282 6281 6886
f 6887 6888 6889
f 6889 6888 6890
f 6282 6886 6295
f 6886 6891 6295
f 6295 6891 6892
f 6295 6892 6296
f 6296 6892 6885
f 6296 6885 6294
f 6294 6885 6180
f 6294 6180 6192
f 6189 6188 6893
f 6893 6188 6187
f 6894 6185 6189
f 6187 6181 6893
f 6893 6181 6885
f 6893 6885 6895
f 6895 6885 6892
f 6895 6892 6889
f 6889 6892 6891
f 6889 6891 6887
f 6887 6891 6886
f 6189 6893 6894
f 6894 6893 6895
f 6894 6895 6896
f 6896 6895 6889
f 6896 6889 6897
f 6897 6889 6890
f 6897 6890 6898
f 5341 6899 5340
f 6285 6900 6283
f 6283 6900 6281
f 6888 6901 6890
f 6890 6901 6902
f 6890 6902 6898
f 6903 6904 6905
f 6906 6902 6907
f 6907 6902 6901
f 6907 6901 6905
f 6905 6901 6908
f 6905 6908 6903
f 6903 6908 6909
f 6903 6909 6910
f 5341 6911 6899
f 6899 6911 6287
f 6899 6287 6302
f 5341 5342 6911
f 6911 5342 6912
f 6911 6912 6910
f 6910 6912 6913
f 6910 6913 6903
f 6903 6913 6914
f 6903 6914 6904
f 6302 5344 6899
f 6899 5344 5343
f 6899 5343 5340
f 6888 6887 6901
f 6901 6887 6886
f 6901 6886 6908
f 6908 6886 6281
f 6908 6281 6909
f 6909 6281 6900
f 6909 6900 6910
f 6910 6900 6285
f 6910 6285 6911
f 6911 6285 6288
f 6911 6288 6287
f 6915 6916 6917
f 6915 6918 6916
f 6916 6918 6260
f 6916 6260 6255
f 6919 6920 6921
f 6921 6920 6922
f 6921 6922 6917
f 6917 6922 6923
f 6917 6923 6915
f 6255 6924 6916
f 6916 6924 6925
f 6916 6925 6917
f 6917 6925 6926
f 6917 6926 6921
f 6921 6926 6927
f 6921 6927 6919
f 6928 6929 6930
f 6815 6931 6932
f 6933 6934 6935
f 6935 6934 6936
f 6935 6936 6937
f 6936 6938 6939
f 6939 6940 6936
f 6936 6940 6941
f 6936 6941 6937
f 6942 6943 6936
f 6936 6943 6944
f 6936 6944 6938
f 6945 6946 6932
f 6932 6946 6816
f 6932 6816 6815
f 6947 6948 6945
f 6945 6948 6949
f 6945 6949 6946
f 6928 6930 6950
f 6951 6950 6952
f 6952 6950 6930
f 6952 6930 6953
f 6953 6930 6954
f 6953 6954 6955
f 6929 6956 6930
f 6930 6956 6957
f 6930 6957 6954
f 6954 6957 6958
f 6959 6955 6933
f 6933 6955 6954
f 6933 6954 6934
f 6934 6954 6958
f 6934 6958 6936
f 6936 6958 6960
f 6936 6960 6942
f 6942 6960 6961
f 6815 6961 6931
f 6931 6961 6960
f 6931 6960 6932
f 6932 6960 6958
f 6932 6958 6945
f 6945 6958 6957
f 6945 6957 6947
f 6947 6957 6956
f 5733 6962 5727
f 5727 6962 5729
f 5729 6963 5720
f 5720 6963 6964
f 5720 6964 5721
f 6965 6966 6967
f 5721 6964 5723
f 5723 6964 6968
f 5723 6968 5724
f 5724 6968 6965
f 5724 6965 5718
f 5718 6965 6967
f 5718 6967 5417
f 6969 6970 6971
f 6972 6973 6974
f 6974 6973 6969
f 6974 6969 6975
f 6975 6969 6971
f 6975 6971 6976
f 6974 6977 6972
f 6972 6977 6978
f 6972 6978 6979
f 5729 6962 6963
f 6963 6962 6668
f 6963 6668 6667
f 6657 6979 6670
f 6670 6979 6978
f 6670 6978 6980
f 6980 6978 6977
f 6980 6977 6981
f 6981 6977 6974
f 6981 6974 6982
f 6982 6974 6975
f 6982 6975 6983
f 6983 6975 6976
f 6983 6976 6966
f 6966 6965 6983
f 6983 6965 6968
f 6983 6968 6982
f 6982 6968 6964
f 6982 6964 6981
f 6981 6964 6963
f 6981 6963 6980
f 6980 6963 6667
f 6980 6667 6670
f 6984 6985 6986
f 6987 6988 6989
f 6671 6990 6991
f 6671 6991 6666
f 6661 6663 6992
f 6992 6663 6993
f 6992 6993 6994
f 6994 6993 6995
f 6994 6995 6996
f 6996 6995 6997
f 6989 6998 6987
f 6987 6998 6999
f 6987 6999 6997
f 6997 6999 7000
f 6997 7000 6996
f 7001 5333 6984
f 6984 6986 7001
f 7001 6986 7002
f 7001 7002 7003
f 7003 7002 7004
f 7004 7002 7005
f 7004 7005 7006
f 7006 7005 7007
f 7007 7005 6991
f 7007 6991 7008
f 7008 6991 7009
f 7009 6991 6990
f 7009 6990 7010
f 7011 6988 7012
f 7012 6988 6987
f 7012 6987 7013
f 7013 6987 6997
f 7013 6997 7014
f 7014 6997 6995
f 7014 6995 7015
f 7015 6995 6993
f 6985 7011 6986
f 6986 7011 7012
f 6986 7012 7002
f 7002 7012 7013
f 7002 7013 7005
f 7005 7013 7014
f 7005 7014 6991
f 6991 7014 7015
f 6991 7015 6666
f 6666 7015 6993
f 6666 6993 6664
f 6664 6993 6663
f 6906 7016 6617
f 6617 7016 5129
f 5128 6609 5129
f 5129 6609 6608
f 5129 6608 6617
f 6613 6611 6902
f 6906 6617 6902
f 6902 6617 6615
f 6902 6615 6613
f 6611 6610 6902
f 6902 6610 6601
f 6902 6601 6600
f 6600 6598 6902
f 6902 6598 6597
f 6902 6597 6595
f 6595 6594 6902
f 6902 6594 6623
f 6902 6623 6898
f 6941 6940 7017
f 7018 7019 6919
f 7019 7018 7020
f 7021 7017 7018
f 7018 7017 7022
f 7018 7022 7020
f 7023 6933 6935
f 7024 7025 7023
f 7023 7025 6959
f 7023 6959 6933
f 6919 7024 7018
f 7018 7024 7023
f 7018 7023 7021
f 7021 7023 6935
f 7021 6935 7017
f 7017 6935 6937
f 7017 6937 6941
f 7024 6919 6927
f 6924 7026 7027
f 7028 6955 6959
f 6953 6955 7029
f 7029 6955 7028
f 7029 7028 7030
f 7030 7028 7031
f 7030 7031 7032
f 7033 7034 7035
f 7035 7034 7036
f 7032 7031 7037
f 7037 7031 7035
f 7037 7035 7038
f 7038 7035 7036
f 7038 7036 7039
f 7040 7026 7041
f 7041 7026 6924
f 7041 6924 6255
f 7042 6926 7027
f 7027 6926 6925
f 7027 6925 6924
f 7025 7024 7042
f 7042 7024 6927
f 7042 6927 6926
f 7040 7033 7026
f 7026 7033 7035
f 7026 7035 7027
f 7027 7035 7031
f 7027 7031 7042
f 7042 7031 7028
f 7042 7028 7025
f 7025 7028 6959
f 6625 6185 6626
f 6626 6185 6894
f 6626 6894 6591
f 6591 6894 6592
f 6592 6894 6896
f 6592 6896 6649
f 6649 6896 6644
f 6644 6896 6897
f 6644 6897 6645
f 6645 6897 6622
f 6622 6897 6898
f 6622 6898 6623
f 6320 6256 6267
f 7043 7044 7045
f 7045 7044 7046
f 6922 6920 7043
f 7043 7045 6922
f 6922 7045 7047
f 6922 7047 6923
f 6923 7047 6915
f 6915 7047 7048
f 6915 7048 6918
f 6266 6264 7048
f 7048 6264 6262
f 7048 6262 6918
f 6918 6262 6260
f 6321 6320 7049
f 7049 6320 6267
f 7049 6267 6266
f 6321 7049 6322
f 6322 7049 7050
f 6322 7050 6324
f 6345 6344 7051
f 7051 6344 6316
f 7051 6316 7050
f 7050 6316 6325
f 7050 6325 6324
f 6266 7048 7049
f 7049 7048 7047
f 7049 7047 7050
f 7050 7047 7045
f 7050 7045 7051
f 7051 7045 7046
f 7051 7046 6345
f 7046 7052 7053
f 7052 7046 7044
f 6920 6919 7019
f 7022 7054 7053
f 7053 7054 7055
f 7056 7057 7058
f 7058 7057 7059
f 7058 7059 7055
f 7055 7059 7060
f 7055 7060 7053
f 6920 7019 7043
f 7022 7053 7020
f 7020 7053 7052
f 7020 7052 7019
f 7019 7052 7044
f 7019 7044 7043
f 7061 7062 6350
f 6350 6349 7061
f 7061 6349 6347
f 7061 6347 6345
f 6338 6339 7062
f 7062 6339 6341
f 6341 6343 7062
f 7062 6343 6342
f 7062 6342 6350
f 5393 5392 7063
f 7063 5392 5389
f 7063 5389 5434
f 7056 5393 7057
f 7057 5393 7063
f 7057 7063 6354
f 6354 7063 5434
f 6354 5434 5445
f 6354 6336 7057
f 7057 6336 6338
f 7057 6338 7059
f 7059 6338 7062
f 7059 7062 7060
f 7060 7062 7061
f 7060 7061 7053
f 7053 7061 6345
f 7053 6345 7046
f 7064 7065 7066
f 7066 7065 7067
f 7066 7067 7068
f 7068 7067 6447
f 7068 6447 7069
f 7070 7071 7072
f 7072 7071 7073
f 7072 7073 7074
f 7074 7073 7064
f 7074 7064 7075
f 7064 7066 7075
f 7075 7066 7068
f 7075 7068 7076
f 7076 7068 7069
f 7076 7069 7077
f 6428 6434 6432
f 6432 6440 6428
f 6428 6440 7078
f 6428 7078 6427
f 6427 7078 7079
f 6427 7079 7080
f 7039 6426 7081
f 7081 6426 6427
f 7081 6427 7082
f 7082 6427 7080
f 7082 7080 7083
f 6403 6421 7033
f 7033 6421 6422
f 7033 6422 7034
f 7034 6422 6423
f 7034 6423 7036
f 7036 6423 6424
f 7036 6424 7039
f 7039 6424 6425
f 7039 6425 6426
f 6255 6254 7041
f 7041 6254 6791
f 7041 6791 7040
f 7040 6791 6792
f 7040 6792 7033
f 7033 6792 6795
f 7033 6795 6403
f 6403 6795 6381
f 6403 6381 6400
f 6400 6381 6380
f 7084 7079 7078
f 7085 7086 7087
f 7087 7086 7088
f 7087 7088 7084
f 6429 7087 6438
f 6438 7087 7084
f 6438 7084 6439
f 6439 7084 7078
f 6439 7078 6440
f 7089 7090 7091
f 6459 7092 6684
f 6684 7092 7093
f 6684 7093 6685
f 6685 7093 7094
f 6685 7094 6704
f 6704 7094 7095
f 6704 7095 5268
f 7096 7097 7098
f 6459 7089 7092
f 7092 7089 7091
f 7092 7091 7093
f 7093 7091 7099
f 7093 7099 7094
f 7094 7099 7100
f 7094 7100 7095
f 7095 7100 7098
f 7098 7100 7096
f 7096 7100 7099
f 7096 7099 7101
f 7101 7099 7091
f 7101 7091 7102
f 7102 7091 7090
f 7102 7090 7103
f 7102 7103 7081
f 7104 7097 7105
f 7105 7097 7096
f 7106 7107 7096
f 7107 7108 7096
f 7096 7108 7109
f 7096 7109 7105
f 7081 7110 7102
f 7102 7110 7106
f 7102 7106 7101
f 7101 7106 7096
f 7081 7082 7111
f 7081 7111 7110
f 7111 7112 7110
f 7110 7112 7113
f 7110 7113 7106
f 7106 7113 7114
f 7106 7114 7107
f 7107 7114 7108
f 7108 7114 7115
f 7108 7115 7109
f 7077 7116 7117
f 7117 7116 7115
f 7109 7115 7105
f 7105 7115 7116
f 7105 7116 7104
f 7118 7119 7120
f 7120 7119 6951
f 7120 6951 7121
f 7121 6951 6952
f 7121 6952 7122
f 7122 6952 6953
f 7122 6953 7029
f 7123 7124 7125
f 7126 6519 7127
f 7127 6519 7128
f 7128 7123 7127
f 7127 7123 7125
f 7127 7125 7126
f 7126 7125 7129
f 7030 7032 7130
f 7130 7032 7037
f 7130 7037 7038
f 7129 7125 7131
f 7131 7125 7132
f 7131 7132 7133
f 7133 7132 7130
f 7133 7130 7134
f 7134 7130 7038
f 7134 7038 7039
f 7029 7030 7122
f 7122 7030 7130
f 7122 7130 7121
f 7121 7130 7132
f 7121 7132 7120
f 7120 7132 7125
f 7120 7125 7118
f 7118 7125 7124
f 7118 7124 7119
f 7134 7039 7081
f 7133 7134 7135
f 7135 7134 7081
f 7135 7081 7136
f 7136 7081 7103
f 6459 6458 7137
f 7137 6458 6519
f 6459 7137 7089
f 7089 7137 7138
f 7089 7138 7090
f 7139 7135 7136
f 7133 7135 7131
f 7131 7135 7139
f 7131 7139 7129
f 7129 7139 7140
f 7129 7140 7126
f 7103 7090 7136
f 7136 7090 7138
f 7136 7138 7139
f 7139 7138 7137
f 7139 7137 7140
f 7140 7137 6519
f 7140 6519 7126
f 7141 6553 6580
f 7142 7128 7143
f 7144 7145 7142
f 7142 7145 7146
f 6839 6838 7147
f 6555 6554 6823
f 7142 7143 7144
f 7144 7143 7148
f 7144 7148 6551
f 6823 7149 6555
f 6555 7149 7150
f 6555 7150 6580
f 6580 7150 7151
f 6580 7151 7141
f 6823 6839 7149
f 7149 6839 7147
f 7149 7147 7150
f 7150 7147 7152
f 7150 7152 7151
f 7151 7152 7146
f 7151 7146 7141
f 7141 7146 7145
f 7141 7145 6553
f 6553 7145 7144
f 6553 7144 6552
f 6552 7144 6551
f 7123 7128 7142
f 6956 6929 7153
f 7153 6929 6928
f 7153 6928 7119
f 7119 6928 6950
f 7119 6950 6951
f 6956 7154 6947
f 6947 7154 7155
f 6947 7155 6948
f 6948 7155 7156
f 7157 6819 6818
f 6948 7157 6949
f 6949 7157 6818
f 6949 6818 6946
f 6946 6818 6816
f 7147 6838 6836
f 7154 7147 7155
f 7155 7147 6836
f 7155 6836 7156
f 7156 6836 6834
f 7156 6834 6948
f 6948 6834 6832
f 6948 6832 7157
f 7157 6832 6831
f 7157 6831 6819
f 7152 7158 7146
f 7146 7158 7159
f 7146 7159 7142
f 7142 7159 7124
f 7142 7124 7123
f 7119 7124 7153
f 7153 7124 7159
f 7153 7159 6956
f 6956 7159 7158
f 6956 7158 7154
f 7154 7158 7152
f 7154 7152 7147
f 6514 6551 7148
f 7128 6519 7143
f 7143 6519 6520
f 7143 6520 7148
f 7148 6520 6521
f 6515 6514 6516
f 6516 6514 7148
f 6516 7148 6522
f 6522 7148 6521
f 7111 7082 7083
f 7112 7160 7113
f 7113 7160 7161
f 7113 7161 7114
f 7114 7161 7115
f 7115 7161 7162
f 7115 7162 7117
f 7163 7074 7075
f 7163 7085 7164
f 7074 7163 7072
f 7072 7163 7164
f 7072 7164 7070
f 7085 7163 7086
f 7086 7163 7165
f 7086 7165 7088
f 7112 7111 7160
f 7160 7111 7083
f 7160 7083 7084
f 7084 7083 7080
f 7084 7080 7079
f 7084 7088 7160
f 7160 7088 7165
f 7160 7165 7161
f 7161 7165 7163
f 7161 7163 7162
f 7162 7163 7075
f 7162 7075 7117
f 7117 7075 7076
f 7117 7076 7077
f 7166 7167 5263
f 7168 5259 7169
f 7169 5259 5258
f 7169 5258 7170
f 7171 7172 5265
f 5265 7172 7173
f 5265 7173 5258
f 5258 7173 7174
f 5258 7174 7170
f 7171 5265 7175
f 7175 5265 5257
f 7175 5257 7176
f 5248 7177 7178
f 5248 7178 5249
f 7178 7179 5249
f 5249 7179 7180
f 5249 7180 5256
f 5256 7180 7181
f 5256 7181 5257
f 5257 7181 7182
f 5257 7182 7176
f 7183 7184 5247
f 5247 7184 7185
f 5247 7185 5248
f 5248 7185 7186
f 5248 7186 7177
f 7183 5247 7187
f 7187 5247 5253
f 7187 5253 7188
f 5262 7189 5253
f 5253 7189 7190
f 5253 7190 7188
f 5263 7167 5261
f 7167 7191 5261
f 5261 7191 7192
f 5261 7192 5262
f 5262 7192 7193
f 5262 7193 7189
f 7166 5263 7194
f 7194 5263 5264
f 7194 5264 7195
f 7195 5264 5254
f 7195 5254 7196
f 7196 5254 7197
f 7197 5254 5255
f 7197 5255 7198
f 7198 5255 5252
f 7198 5252 7199
f 7199 5252 5251
f 7199 5251 7200
f 7200 5251 7201
f 7201 5251 5250
f 7201 5250 7202
f 7202 5250 7203
f 7203 5250 5266
f 7203 5266 7204
f 7168 7205 5259
f 5259 7205 7206
f 5259 7206 5260
f 5260 7206 7207
f 7207 7208 5260
f 5260 7208 7209
f 5260 7209 5266
f 5266 7209 7210
f 5266 7210 7204
f 7211 7212 7213
f 7214 7215 7216
f 7217 7218 7219
f 7219 7218 7220
f 7221 7222 7223
f 7223 7222 7224
f 7223 7224 7225
f 7226 7227 7228
f 7228 7227 7229
f 7228 7229 7230
f 7230 7229 7231
f 6149 6156 7232
f 7232 6156 6154
f 7232 6154 7233
f 7233 6154 6051
f 7233 6051 7234
f 7234 6051 6050
f 6147 7235 6145
f 6145 7235 7236
f 6145 7236 6144
f 6144 7236 7237
f 7212 6131 7213
f 7213 6131 6141
f 7213 6141 7237
f 7237 6141 6142
f 7237 6142 6144
f 7238 7239 7240
f 7240 7239 7222
f 7240 7222 7217
f 7217 7222 7221
f 7217 7221 7218
f 7233 7214 7232
f 7232 7214 7216
f 7232 7216 7241
f 7241 7216 7242
f 7241 7242 7243
f 7244 7226 7245
f 7245 7226 7228
f 7245 7228 7246
f 7246 7228 7230
f 7246 7230 7224
f 7224 7230 7231
f 7224 7231 7225
f 7239 7247 7222
f 7222 7247 7243
f 7222 7243 7224
f 7224 7243 7242
f 7224 7242 7246
f 7246 7242 7216
f 7246 7216 7245
f 7245 7216 7215
f 7245 7215 7244
f 7238 7211 7239
f 7239 7211 7213
f 7239 7213 7247
f 7247 7213 7237
f 7247 7237 7243
f 7243 7237 7236
f 7243 7236 7241
f 7241 7236 7235
f 7241 7235 7232
f 7232 7235 6147
f 7232 6147 6149
f 7248 7249 7250
f 7250 7249 7251
f 7252 7253 7254
f 6067 6069 7252
f 7252 6069 6070
f 7252 6070 6072
f 6072 6074 7252
f 7252 6074 7255
f 7252 7255 7253
f 6067 7252 6065
f 6065 7252 7256
f 6065 7256 6062
f 7257 7258 6058
f 6058 7258 6056
f 7259 7260 7261
f 7262 7263 7264
f 7263 7262 7265
f 7266 7267 7268
f 7269 7267 7270
f 7270 7267 7266
f 7270 7266 7271
f 7271 7266 7272
f 7272 7266 7273
f 7272 7273 7274
f 7275 7276 7257
f 7257 7276 7259
f 7257 7259 7258
f 7258 7259 7261
f 7258 7261 6056
f 6058 6060 7257
f 7257 6060 7277
f 7257 7277 7275
f 7275 7277 7278
f 7275 7278 7279
f 7279 7278 7280
f 6060 6062 7277
f 7277 6062 7256
f 7277 7256 7278
f 7278 7256 7252
f 7278 7252 7280
f 7280 7252 7254
f 7280 7254 7281
f 7282 7251 7283
f 7283 7251 7249
f 7283 7249 7284
f 7248 7274 7249
f 7249 7274 7273
f 7249 7273 7284
f 7284 7273 7266
f 7284 7266 7265
f 7265 7266 7268
f 7265 7268 7263
f 7281 7282 7280
f 7280 7282 7283
f 7280 7283 7279
f 7279 7283 7284
f 7279 7284 7275
f 7275 7284 7265
f 7275 7265 7276
f 7276 7265 7262
f 7276 7262 7259
f 7259 7262 7264
f 7259 7264 7260
f 7285 6970 6969
f 7286 7287 7288
f 7288 7287 7289
f 7288 7289 7290
f 7290 7289 7291
f 7290 7291 7292
f 7293 7294 7290
f 7294 7295 7290
f 7290 7295 7296
f 7290 7296 7288
f 7297 7298 7292
f 7292 7298 7299
f 7300 7293 7301
f 6657 7302 6979
f 6979 7302 7303
f 6979 7303 6972
f 6972 7303 7304
f 6972 7304 6973
f 6973 7304 6969
f 7293 7290 7301
f 7301 7290 7292
f 7301 7292 7300
f 7300 7292 7299
f 7300 7299 7305
f 6657 7297 7302
f 7302 7297 7292
f 7302 7292 7303
f 7303 7292 7291
f 7303 7291 7304
f 7304 7291 7289
f 7304 7289 6969
f 6969 7289 7287
f 6969 7287 7285
f 6998 6989 7306
f 6994 6996 7307
f 7307 6996 7308
f 7307 7308 7309
f 6661 6992 6867
f 6867 6992 7310
f 6867 7310 6868
f 6868 7310 7311
f 6868 7311 6863
f 6863 7311 7312
f 6863 7312 6865
f 7313 7314 7312
f 7312 7314 7315
f 7312 7315 6865
f 7316 7317 7318
f 7318 7317 7319
f 6996 7000 7308
f 7308 7000 6999
f 7308 6999 7309
f 7309 6999 7318
f 7309 7318 7320
f 7320 7318 7319
f 6999 6998 7318
f 7318 6998 7306
f 7318 7306 7316
f 7316 7306 7321
f 7316 7321 7322
f 6992 6994 7310
f 7310 6994 7307
f 7310 7307 7311
f 7311 7307 7309
f 7311 7309 7312
f 7312 7309 7320
f 7312 7320 7313
f 7313 7320 7319
f 7323 6865 7324
f 7324 6865 7315
f 7234 6050 7325
f 7326 7327 7325
f 7325 7327 7233
f 7325 7233 7234
f 7328 7215 7327
f 7327 7215 7214
f 7327 7214 7233
f 7244 7329 7226
f 7226 7329 7330
f 7226 7330 7227
f 7322 7331 7316
f 7316 7331 7332
f 7316 7332 7317
f 7315 7314 7324
f 7324 7314 7313
f 7324 7313 7333
f 7333 7313 7319
f 7331 7330 7332
f 7332 7330 7329
f 7332 7329 7328
f 7328 7329 7244
f 7328 7244 7215
f 7326 7323 7327
f 7327 7323 7324
f 7327 7324 7328
f 7328 7324 7333
f 7328 7333 7332
f 7332 7333 7319
f 7332 7319 7317
f 7334 7250 7251
f 7281 7254 7335
f 7335 7254 7253
f 7335 7253 7255
f 7334 7251 7336
f 7337 7338 7339
f 7339 7338 7340
f 7339 7340 7341
f 7341 7340 7342
f 7341 7342 7343
f 7343 7342 7336
f 7343 7336 7344
f 7344 7336 7251
f 7345 7346 7337
f 6036 7346 6035
f 6035 7346 7345
f 6035 7345 6033
f 6033 7345 6031
f 6031 7345 6030
f 6030 7345 7347
f 6030 7347 6029
f 7348 6093 6087
f 6029 7347 6021
f 6021 7347 7348
f 6021 7348 6020
f 6020 7348 6087
f 6020 6087 6019
f 6086 7349 6083
f 6083 7349 7350
f 6083 7350 6081
f 6081 7350 7351
f 6081 7351 6079
f 6079 7351 7335
f 6079 7335 6077
f 6077 7335 7255
f 6077 7255 6074
f 7282 7281 7352
f 7352 7281 7335
f 7352 7335 7353
f 7353 7335 7351
f 7353 7351 7354
f 7354 7351 7350
f 7354 7350 7355
f 7355 7350 7349
f 7337 7339 7345
f 7345 7339 7356
f 7345 7356 7347
f 7347 7356 7357
f 7347 7357 7348
f 7251 7282 7344
f 7344 7282 7352
f 7344 7352 7343
f 7343 7352 7353
f 7343 7353 7341
f 7341 7353 7354
f 7341 7354 7339
f 7339 7354 7355
f 7339 7355 7356
f 7356 7355 7349
f 7356 7349 7357
f 7357 7349 6086
f 7357 6086 7348
f 7348 6086 6091
f 7348 6091 6093
f 7212 7211 7358
f 7359 7360 7361
f 7362 7363 7364
f 7364 7363 5891
f 7359 7361 7365
f 7240 7217 7366
f 7366 7217 7219
f 7361 7367 7365
f 7365 7367 7368
f 7365 7368 7369
f 7369 7368 7366
f 7369 7366 7370
f 7370 7366 7219
f 7370 7219 7220
f 6131 7212 6132
f 6132 7212 7358
f 6132 7358 6136
f 6136 7358 7371
f 6136 7371 6128
f 6128 7371 7372
f 6128 7372 6123
f 6123 7372 7373
f 6123 7373 6124
f 5896 5907 7374
f 7374 5907 5905
f 6124 7373 6122
f 6122 7373 7375
f 6122 7375 6120
f 6120 7375 7374
f 6120 7374 6115
f 6115 7374 5905
f 6115 5905 5903
f 5891 5892 7364
f 7364 5892 5893
f 7364 5893 5894
f 7360 7362 7361
f 7361 7362 7364
f 7361 7364 7376
f 7376 7364 5894
f 7376 5894 5895
f 7238 7240 7377
f 7377 7240 7366
f 7377 7366 7378
f 7378 7366 7368
f 7378 7368 7379
f 7379 7368 7367
f 7379 7367 7380
f 7380 7367 7361
f 7380 7361 7381
f 7381 7361 7376
f 7211 7238 7358
f 7358 7238 7377
f 7358 7377 7371
f 7371 7377 7378
f 7371 7378 7372
f 7372 7378 7379
f 7372 7379 7373
f 7373 7379 7380
f 7373 7380 7375
f 7375 7380 7381
f 7375 7381 7374
f 7374 7381 7376
f 7374 7376 5896
f 5896 7376 5895
f 6049 7325 6050
f 6864 6865 7382
f 7382 6865 7383
f 7382 7383 7384
f 7384 7383 7385
f 7385 7383 7386
f 7385 7386 7387
f 7387 7386 6150
f 7387 6150 6151
f 6049 6150 7325
f 7325 6150 7386
f 7325 7386 7326
f 7326 7386 7383
f 7326 7383 7323
f 7323 7383 6865
f 6056 7388 6055
f 6055 7388 7389
f 6052 6054 7390
f 7390 6054 7391
f 7390 7391 7392
f 7392 7391 7393
f 7392 7393 7394
f 7394 7393 7395
f 7388 7396 7389
f 7389 7396 7397
f 7389 7397 7398
f 7398 7397 7305
f 7398 7305 7399
f 7399 7395 7398
f 7398 7395 7393
f 7398 7393 7389
f 7389 7393 7391
f 7389 7391 6055
f 6055 7391 6054
f 7399 7305 7299
f 6657 6656 7297
f 7297 6656 7400
f 7297 7400 7298
f 7298 7400 7401
f 7298 7401 7299
f 7401 5795 5794
f 7401 5794 7299
f 7299 5794 7395
f 7299 7395 7399
f 7402 7403 7404
f 7405 7406 7407
f 7408 7286 7288
f 7267 7269 7409
f 7409 7410 7404
f 7404 7410 7411
f 7404 7411 7402
f 7267 7409 7268
f 7268 7409 7404
f 7268 7404 7263
f 7263 7404 7412
f 7263 7412 7264
f 7261 7260 7413
f 7413 7260 7264
f 6056 7261 7388
f 7388 7261 7413
f 7388 7413 7396
f 7396 7413 7397
f 7414 7293 7300
f 7415 7295 7294
f 7406 7408 7407
f 7407 7408 7288
f 7407 7288 7415
f 7415 7288 7296
f 7415 7296 7295
f 7264 7412 7413
f 7413 7412 7414
f 7413 7414 7397
f 7397 7414 7300
f 7397 7300 7305
f 7403 7405 7404
f 7404 7405 7407
f 7404 7407 7412
f 7412 7407 7415
f 7412 7415 7414
f 7414 7415 7294
f 7414 7294 7293
f 7416 7417 7418
f 7418 7417 7419
f 7418 7419 7420
f 7420 7421 7418
f 7418 7421 7422
f 7418 7422 7423
f 7423 7422 7424
f 7425 5798 7426
f 7426 5798 5793
f 7426 5793 7427
f 7427 7428 7426
f 7426 7428 7429
f 7426 7429 7430
f 7430 7429 7431
f 6104 6103 7432
f 7432 6103 7433
f 7432 7433 6881
f 6881 7433 7434
f 6881 7434 6876
f 6876 7434 6874
f 7435 6871 7436
f 7436 6871 6873
f 7436 6873 7437
f 7437 6873 6874
f 7437 6874 7438
f 7438 6874 7434
f 6872 7439 7440
f 6872 7440 6875
f 6875 7440 7441
f 6875 7441 6877
f 6877 7441 6878
f 6878 7441 7442
f 6878 7442 6879
f 6879 7442 7443
f 6879 7443 6880
f 6880 7443 7444
f 6880 7444 7445
f 7445 7444 6108
f 7445 6108 6107
f 7446 6860 7447
f 7447 6860 6862
f 7446 7417 6860
f 6860 7417 7416
f 6860 7416 7448
f 7448 7416 7449
f 7450 6660 6662
f 6861 7451 7452
f 7450 6662 7452
f 7452 6662 6866
f 7452 6866 6861
f 6861 6860 7451
f 7451 6860 7448
f 7451 7448 7453
f 7453 7448 7449
f 6658 7454 6656
f 6656 7454 7455
f 6656 7455 7400
f 5791 5795 7401
f 7400 7455 7401
f 7401 7455 7456
f 7401 7456 5791
f 5791 7456 7457
f 5791 7457 5792
f 6107 6104 7445
f 7445 6104 7432
f 7445 7432 6880
f 6880 7432 6881
f 7458 7459 6118
f 6151 6152 7460
f 7460 6152 6153
f 7460 6153 7461
f 7461 6153 6155
f 6155 6157 7461
f 7461 6157 6158
f 7461 6158 7462
f 7462 6158 6148
f 7462 6148 7463
f 6148 6146 7463
f 7463 6146 6143
f 7463 6143 7464
f 7464 6143 6140
f 7464 6140 7465
f 7465 6140 6139
f 7465 6139 7466
f 7467 7468 6135
f 6135 7468 7469
f 6139 6133 7466
f 7466 6133 6138
f 7466 6138 7469
f 7469 6138 6137
f 7469 6137 6135
f 7470 7471 6125
f 6135 6134 7467
f 7467 6134 6127
f 7467 6127 7472
f 7472 6127 6129
f 7472 6129 7471
f 7471 6129 6130
f 7471 6130 6125
f 6125 6126 7470
f 7470 6126 6121
f 7470 6121 7459
f 7459 6121 6119
f 7459 6119 6118
f 6112 7473 6113
f 6113 7473 7474
f 6118 6114 7458
f 7458 6114 6116
f 7458 6116 7474
f 7474 6116 6117
f 7474 6117 6113
f 6112 6111 7473
f 7473 6111 6110
f 7473 6110 7475
f 7475 6110 6109
f 7475 6109 6105
f 7476 7477 6864
f 6151 7460 7387
f 7387 7460 7478
f 7387 7478 7479
f 6864 7382 7476
f 7476 7382 7384
f 7476 7384 7479
f 7479 7384 7385
f 7479 7385 7387
f 7477 7446 6864
f 6864 7446 7447
f 6864 7447 6862
f 6096 6088 7480
f 6085 6084 7481
f 6053 6052 7482
f 6053 7482 6057
f 6057 7482 7483
f 6057 7483 6059
f 6059 7483 7484
f 6059 7484 6061
f 6061 7484 7485
f 6061 7485 6063
f 6071 6068 7486
f 7486 6068 6066
f 7486 6066 7485
f 7485 6066 6064
f 7485 6064 6063
f 6071 7486 6073
f 6073 7486 7487
f 6073 7487 6075
f 6075 7487 7488
f 6075 7488 6076
f 7481 6084 7489
f 6084 6082 7489
f 7489 6082 6080
f 7489 6080 7488
f 7488 6080 6078
f 7488 6078 6076
f 6085 7481 6089
f 6089 7481 7490
f 6089 7490 6090
f 6088 6095 7480
f 7480 6095 6094
f 7480 6094 7490
f 7490 6094 6092
f 7490 6092 6090
f 7491 6101 6100
f 6100 6099 7491
f 7491 6099 6098
f 7491 6098 7480
f 7480 6098 6097
f 7480 6097 6096
f 7394 7492 7392
f 7395 7493 7394
f 7394 7493 7494
f 7394 7494 7492
f 7392 7492 7390
f 7390 7492 7482
f 7390 7482 6052
f 5797 7493 5796
f 5796 7493 7395
f 5796 7395 5794
f 6658 6660 7450
f 6870 6869 7450
f 7450 6869 7454
f 7450 7454 6658
f 7495 7496 5122
f 5122 7496 7497
f 5122 7497 6855
f 5110 5111 7498
f 6859 6858 7497
f 7497 6858 6856
f 7497 6856 6855
f 5110 7498 5108
f 5108 7498 7499
f 5108 7499 5122
f 5122 7499 7500
f 5122 7500 7495
f 6451 6453 7501
f 6733 6735 7502
f 7502 6735 6745
f 7502 6745 7503
f 7503 6745 6744
f 7503 6744 7504
f 7504 6744 6743
f 7504 6743 7501
f 7501 6743 6741
f 7501 6741 6451
f 7505 5117 5121
f 5111 5117 7498
f 7498 5117 7505
f 7498 7505 7499
f 7499 7505 7506
f 7499 7506 7500
f 6748 7496 6747
f 6747 7496 7495
f 6752 6755 6765
f 6748 6751 7496
f 7496 6751 6752
f 7496 6752 7497
f 7497 6752 6765
f 7497 6765 6764
f 6764 6763 7497
f 7497 6763 6761
f 7497 6761 6859
f 6859 6761 6637
f 6859 6637 6636
f 5121 6746 7505
f 7505 6746 6747
f 7505 6747 7506
f 7506 6747 7495
f 7506 7495 7500
f 5872 6365 5899
f 5899 6365 7507
f 5899 7507 5900
f 5900 7507 6362
f 6027 6366 6045
f 6045 6366 7508
f 6045 7508 6046
f 6046 7508 6370
f 5945 7509 5943
f 5943 7509 7510
f 5943 7510 5941
f 5941 7510 7511
f 7512 5933 7513
f 7513 5933 5934
f 7513 5934 7514
f 7514 5934 5937
f 7514 5937 7515
f 7515 5937 5939
f 7515 5939 7511
f 7511 5939 5942
f 7511 5942 5941
f 5999 6371 5965
f 5965 6371 7509
f 5965 7509 5945
f 5813 7516 5804
f 5804 7516 7517
f 5804 7517 5805
f 5805 7517 7518
f 5805 7518 5807
f 5807 7518 7519
f 5807 7519 5808
f 5808 7519 7520
f 5813 5814 7516
f 7516 5814 5816
f 7516 5816 7521
f 5816 5821 7521
f 7521 5821 5820
f 7521 5820 7522
f 7522 5820 5818
f 7522 5818 7523
f 5818 5817 7523
f 7523 5817 5834
f 7523 5834 6160
f 6160 5834 5833
f 6160 5833 5832
f 5808 7520 5810
f 5810 7520 6161
f 5810 6161 5811
f 5235 6194 7524
f 7524 6194 6191
f 7525 7526 6195
f 6195 7526 7527
f 6195 7527 6190
f 6190 7527 7528
f 6190 7528 6191
f 6191 7528 7529
f 6191 7529 7524
f 6195 6196 7525
f 7525 6196 6199
f 7525 6199 7530
f 7530 6199 6198
f 6183 7531 6184
f 6184 7531 7532
f 6184 7532 6197
f 6197 7532 7533
f 6197 7533 6198
f 6198 7533 7534
f 6198 7534 7530
f 7531 6183 7535
f 7535 6183 6775
f 7535 6775 6625
f 7536 7535 6625
f 7537 6769 7538
f 7538 6769 6768
f 6625 6774 7536
f 7536 6774 6773
f 7536 6773 7539
f 7539 6773 6772
f 7539 6772 7540
f 7540 6772 6771
f 7540 6771 7537
f 7537 6771 6770
f 7537 6770 6769
f 6766 7541 6767
f 6767 7541 7542
f 7542 7543 6767
f 6767 7543 7544
f 6767 7544 6768
f 6768 7544 7545
f 6768 7545 7538
f 7546 6759 7547
f 7547 6759 6740
f 7547 6740 6739
f 7546 7548 6759
f 6759 7548 7541
f 6759 7541 6766
f 7549 6758 6757
f 7549 7550 6758
f 6758 7550 7551
f 6758 7551 6739
f 7552 7546 7551
f 7551 7546 7547
f 7551 7547 6739
f 7553 7554 7548
f 7541 7548 7542
f 7542 7548 7554
f 7542 7554 7543
f 6757 7555 7549
f 7549 7555 7556
f 7549 7556 7550
f 7550 7556 7557
f 7550 7557 7551
f 7551 7557 7553
f 7551 7553 7552
f 7552 7553 7548
f 7552 7548 7546
f 6258 7558 6265
f 6265 7558 7559
f 6265 7559 6263
f 6263 7559 7560
f 6263 7560 6261
f 7561 7562 6257
f 6257 7562 7563
f 6257 7563 6258
f 6258 7563 7564
f 6258 7564 7558
f 7561 6257 6373
f 6373 6257 6277
f 6373 6277 6268
f 7565 6786 6790
f 6261 7560 6259
f 6259 7560 7566
f 6259 7566 6253
f 6253 7566 7565
f 6253 7565 6789
f 6789 7565 6790
f 7201 6821 7200
f 7200 6821 6842
f 3769 7190 7189
f 7192 6844 6828
f 3769 7189 6828
f 6828 7189 7193
f 6828 7193 7192
f 7192 7191 6844
f 6844 7191 7167
f 6844 7167 6840
f 6840 7167 7166
f 6840 7166 6841
f 7166 7194 6841
f 6841 7194 7195
f 6841 7195 6848
f 6848 7195 7196
f 6848 7196 6847
f 7196 7197 6847
f 6847 7197 7198
f 6847 7198 6842
f 6842 7198 7199
f 6842 7199 7200
f 3810 7203 7204
f 3810 7204 6825
f 7204 7210 6825
f 6825 7210 7209
f 6825 7209 6824
f 7209 7208 6824
f 6824 7208 7207
f 6824 7207 6822
f 6822 7207 7206
f 6822 7206 6837
f 7206 7205 6837
f 6837 7205 7168
f 6837 7168 6835
f 6835 7168 7169
f 6835 7169 6833
f 7169 7170 6833
f 6833 7170 7174
f 6833 7174 6817
f 6817 7174 7173
f 6817 7173 6808
f 7173 7172 6808
f 6808 7172 7171
f 6808 7171 6806
f 6806 7171 7175
f 6806 7175 6804
f 7175 7176 6804
f 6804 7176 7182
f 6804 7182 6802
f 6802 7182 7181
f 6802 7181 6799
f 6799 7181 7180
f 6799 7180 7179
f 7179 7178 6799
f 6799 7178 7177
f 6799 7177 6796
f 7177 7186 6796
f 6796 7186 7185
f 6796 7185 6809
f 6809 7185 7184
f 6809 7184 7183
f 7183 7187 6809
f 6809 7187 7188
f 6809 7188 3769
f 3769 7188 7190
f 7567 7568 7569
f 7570 7571 7572
f 7572 7571 7573
f 7572 7573 7574
f 7575 7576 7577
f 7578 7579 7580
f 7580 7579 7575
f 7580 7575 7581
f 7581 7575 7577
f 7581 7577 7582
f 7582 7577 7583
f 7584 7585 7586
f 7586 7585 7587
f 7586 7587 7588
f 7588 7587 7589
f 7588 7589 7590
f 7590 7589 7591
f 7590 7591 7592
f 7592 7591 7593
f 7592 7593 7594
f 7594 7593 7595
f 7596 7597 7598
f 7598 7597 7567
f 7579 7599 7575
f 7575 7599 7600
f 7575 7600 7576
f 7576 7600 7569
f 7601 7602 7603
f 7596 7601 7597
f 7597 7601 7603
f 7597 7603 7567
f 7567 7603 7604
f 7567 7604 7568
f 7600 7605 7569
f 7569 7605 7606
f 7569 7606 7567
f 7567 7606 7607
f 7567 7607 7598
f 7598 7607 7608
f 7598 7608 7596
f 7578 7570 7579
f 7579 7570 7572
f 7579 7572 7599
f 7599 7572 7574
f 7599 7574 7609
f 7609 7584 7599
f 7599 7584 7586
f 7599 7586 7600
f 7600 7586 7588
f 7600 7588 7605
f 7605 7588 7590
f 7605 7590 7606
f 7606 7590 7592
f 7606 7592 7607
f 7607 7592 7594
f 7607 7594 7608
f 7608 7594 7595
f 7203 3810 7202
f 7202 3810 6821
f 7202 6821 7201
f 6526 6562 6849
f 6849 6562 6564
f 6849 6564 6820
f 6820 6564 6565
f 7610 6443 6456
f 6456 6443 6457
f 6455 6447 7611
f 6456 7612 7610
f 7610 7612 7613
f 7610 7613 6443
f 6443 7613 7614
f 6456 6455 7612
f 7612 6455 7611
f 7612 7611 7613
f 7613 7611 7615
f 7613 7615 7614
f 7064 7073 7071
f 6447 7067 7611
f 7611 7067 7065
f 7611 7065 7615
f 7615 7065 7064
f 7615 7064 7616
f 7616 7064 7071
f 7617 5878 5924
f 7617 5924 7618
f 7618 5924 5922
f 7618 5922 5921
f 7619 5880 7620
f 7620 5880 5879
f 7620 5879 7617
f 7617 5879 5878
f 7621 5802 7622
f 7622 5802 5801
f 7622 5801 6167
f 6167 5801 5861
f 6167 5861 5860
f 7623 7624 7625
f 7625 7624 7626
f 7625 7626 7627
f 7627 7626 7628
f 7629 7630 7631
f 7631 7630 7632
f 7631 7632 7633
f 7633 7632 7634
f 7633 7634 7628
f 7628 7634 7635
f 7628 7635 7627
f 5784 5783 7636
f 7636 5783 7637
f 7636 7637 7629
f 7629 7637 7638
f 7629 7638 7630
f 7639 7640 6000
f 6000 7640 6001
f 7640 7641 6001
f 6001 7641 6372
f 6001 6372 5997
f 5972 7642 5973
f 5973 7642 7643
f 5973 7643 6000
f 6000 7643 7639
f 5978 5977 7644
f 7644 7645 5978
f 5978 7645 7642
f 5978 7642 5972
f 6002 7646 7647
f 6002 7647 5976
f 5976 7647 7644
f 5976 7644 5977
f 6014 6013 7648
f 7648 7649 6014
f 6014 7649 7646
f 6014 7646 6002
f 7650 7648 6013
f 6013 6012 7650
f 7650 6012 5981
f 7650 5981 5243
f 5245 5985 5246
f 5246 5985 5983
f 5246 5983 5989
f 5981 5980 5243
f 5243 5980 5979
f 5243 5979 5245
f 5245 5979 5986
f 5245 5986 5985
f 5230 6178 5231
f 5231 6178 6177
f 5231 6177 5232
f 5232 6177 6194
f 5232 6194 5233
f 5246 5989 5241
f 5241 5989 6300
f 5241 6300 5240
f 5240 6300 6299
f 5240 6299 5239
f 5239 6299 6298
f 5226 5239 6298
f 5226 6298 5227
f 5227 6298 6292
f 5227 6292 5230
f 5230 6292 6291
f 5230 6291 6178
f 6272 7651 6270
f 6270 7651 6375
f 6270 6375 6268
f 7652 7651 6327
f 6327 7651 6272
f 6327 6330 7652
f 7652 6330 6329
f 7652 6329 7653
f 7653 6329 6311
f 7653 6311 6313
f 6221 7654 6358
f 6358 7654 7655
f 6358 7655 6357
f 6357 7655 7653
f 6357 7653 6313
f 6224 6223 7656
f 7656 6223 7657
f 7657 6223 6235
f 7657 6235 6234
f 6224 7656 6220
f 6220 7656 7654
f 6220 7654 6221
f 7657 6234 6232
f 7657 6232 7658
f 7658 6232 6231
f 7658 6231 7659
f 6243 7660 7661
f 6243 7661 6244
f 6244 7661 7662
f 6244 7662 6227
f 6227 7662 7663
f 6227 7663 6228
f 6228 7663 7659
f 6228 7659 6231
f 7664 7660 6243
f 6243 6241 7664
f 7664 6241 6240
f 7664 6240 7665
f 6237 7666 6239
f 6239 7666 7667
f 6239 7667 6240
f 6240 7667 7665
f 6237 6236 7666
f 7666 6236 6245
f 7666 6245 7668
f 7668 6245 6164
f 7668 6164 6163
f 5826 7669 5827
f 5827 7669 6159
f 5827 6159 5832
f 5830 7670 5831
f 5831 7670 7671
f 5831 7671 5826
f 5826 7671 7669
f 5825 7672 7673
f 5825 7673 5829
f 5829 7673 7670
f 5829 7670 5830
f 7672 5825 5823
f 7672 5823 7674
f 7674 5823 5822
f 7674 5822 7675
f 5802 7621 5835
f 5835 7621 7676
f 5835 7676 5822
f 5822 7676 7675
f 7677 7678 6041
f 6041 7678 7679
f 7679 7678 7680
f 7679 7680 7681
f 7682 7683 7684
f 6041 6040 7677
f 7677 6040 6039
f 7677 6039 7684
f 7684 6039 6038
f 7684 6038 7682
f 5880 7619 5881
f 5881 7619 7685
f 5881 7685 5883
f 5883 7685 7686
f 5883 7686 7687
f 5883 7687 5876
f 5876 7687 7688
f 5876 7688 5874
f 5874 7688 7689
f 5874 7689 5869
f 5868 7690 6165
f 7691 7690 5868
f 5868 5867 7691
f 7691 5867 5869
f 7691 5869 7689
f 5933 7512 5929
f 5929 7512 7692
f 5929 7692 5930
f 5930 7692 7693
f 5930 7693 5931
f 5931 7693 7694
f 7695 5926 5935
f 7695 5935 7696
f 7696 5935 5931
f 7696 5931 7694
f 7618 5921 7697
f 7697 5921 5928
f 7697 5928 5927
f 7697 5927 7698
f 7698 5927 5926
f 7698 5926 7695
f 6017 7699 6018
f 6018 7699 7700
f 7701 7702 7703
f 7703 7702 6023
f 7703 6023 7700
f 7700 6023 6022
f 7700 6022 6018
f 7699 6017 7704
f 7704 6017 6102
f 7704 6102 7705
f 7705 6102 7637
f 7637 6102 6106
f 5902 7630 6106
f 6106 7630 7638
f 6106 7638 7637
f 7706 7625 7627
f 5909 7706 5908
f 5908 7706 7627
f 5908 7627 5906
f 5906 7627 7635
f 5906 7635 5904
f 5904 7635 7634
f 5904 7634 5902
f 5902 7634 7632
f 5902 7632 7630
f 7707 7623 5898
f 6363 7708 6364
f 6364 7708 7709
f 5898 5897 7707
f 7707 5897 6364
f 7707 6364 7710
f 7710 6364 7709
f 7623 7625 5898
f 5898 7625 7706
f 5898 7706 5909
f 7702 6369 6367
f 6367 6025 7702
f 7702 6025 6024
f 7702 6024 6023
f 7702 7701 6369
f 6369 7701 7711
f 6369 7711 7712
f 7712 7711 7713
f 6048 6173 6037
f 6037 6173 6038
f 6038 6173 7682
f 7682 6173 6172
f 7682 6172 7683
f 7681 6169 7679
f 7679 6169 6168
f 6043 6042 6168
f 6168 6042 6041
f 6168 6041 7679
f 5479 7714 5480
f 5480 7714 7715
f 5599 5781 5598
f 5598 5781 7716
f 5479 5477 7717
f 7717 5477 5483
f 7717 5483 5595
f 5479 7717 7714
f 7714 7717 5595
f 7714 5595 7718
f 7718 5595 5596
f 7718 5596 7716
f 7716 5596 5597
f 7716 5597 5598
f 6884 5196 7719
f 5781 6884 7720
f 5781 7720 7716
f 7716 7720 7721
f 7716 7721 7718
f 7718 7721 7722
f 7718 7722 7714
f 7714 7722 7723
f 7714 7723 7715
f 6884 7719 7720
f 7720 7719 7724
f 7720 7724 7721
f 7721 7724 7725
f 7721 7725 7722
f 7722 7725 7726
f 7722 7726 7723
f 7727 7728 7729
f 7727 7729 7730
f 7730 7729 7731
f 7730 7731 7732
f 7732 7731 7733
f 7732 7733 7734
f 7719 5196 5197
f 5198 7734 5197
f 5197 7734 7733
f 5197 7733 7719
f 7719 7733 7731
f 7719 7731 7724
f 7724 7731 7729
f 7724 7729 7725
f 7725 7729 7728
f 7725 7728 7726
f 7735 5778 5714
f 5626 7736 5627
f 5627 7736 7737
f 5628 7738 5624
f 5624 7738 7736
f 5624 7736 5625
f 5625 7736 5626
f 5714 5704 7735
f 7735 5704 5703
f 7735 5703 7737
f 7737 5703 5715
f 7737 5715 5627
f 6882 5778 7735
f 6726 6882 7739
f 6882 7735 7739
f 7739 7735 7737
f 7739 7737 7740
f 7740 7737 7736
f 7740 7736 7741
f 7741 7736 7738
f 7741 7738 7742
f 6726 7739 7743
f 7743 7739 7740
f 7743 7740 7744
f 7744 7740 7741
f 7744 7741 7745
f 7745 7741 7742
f 7745 7742 7746
f 7746 7747 7748
f 7746 7748 7745
f 7745 7748 7749
f 7745 7749 7744
f 7744 7749 7750
f 7744 7750 7743
f 7751 6728 6727
f 6726 7743 6727
f 6727 7743 7750
f 6727 7750 7751
f 7751 7750 7749
f 7751 7749 7752
f 7752 7749 7748
f 7752 7748 7753
f 7753 7748 7747
f 7753 7747 7754
f 7456 7435 7457
f 7457 7435 7427
f 7457 7427 5792
f 5792 7427 5793
f 6103 7426 7430
f 6103 7430 7433
f 7433 7430 7431
f 7433 7431 7434
f 7434 7431 7429
f 7434 7429 7438
f 7438 7429 7437
f 7437 7429 7428
f 7437 7428 7436
f 7436 7428 7427
f 7436 7427 7435
f 7425 7426 7491
f 7491 7426 6103
f 7491 6103 6101
f 7420 7419 6108
f 6108 7419 7475
f 6108 7475 6105
f 7439 7418 7423
f 7439 7423 7440
f 7440 7423 7424
f 7440 7424 7441
f 7443 7442 7421
f 7421 7442 7441
f 7421 7441 7422
f 7422 7441 7424
f 7443 7421 7444
f 7444 7421 7420
f 7444 7420 6108
f 7449 7416 7453
f 7453 7416 7418
f 7453 7418 7451
f 7451 7418 7439
f 7755 7756 7757
f 7757 7756 7758
f 7759 7760 7761
f 7761 7760 7762
f 7763 7764 7765
f 7765 7764 7766
f 7767 7765 7768
f 7768 7765 7766
f 7768 7766 7756
f 7756 7766 7758
f 7769 7770 7771
f 7771 7770 7772
f 7771 7772 7763
f 7763 7772 7773
f 7763 7773 7764
f 7774 7775 7776
f 7777 7778 7779
f 7779 7778 7780
f 7780 7778 7781
f 7780 7781 7782
f 7782 7781 6811
f 7782 6811 6830
f 7774 7776 7779
f 7779 7776 7783
f 7779 7783 7777
f 7784 7785 7786
f 7571 5785 5788
f 7609 7787 7584
f 7584 7787 7788
f 7584 7788 7585
f 7585 7788 7587
f 7591 7784 7593
f 7593 7784 7786
f 7593 7786 7595
f 7595 7786 7789
f 7595 7789 7608
f 5309 5311 7790
f 7790 5311 5310
f 5310 7789 7790
f 7790 7789 7786
f 7790 7786 7791
f 7791 7786 7785
f 7791 7785 7792
f 7792 7785 7793
f 7792 7793 7794
f 7794 7793 7795
f 7794 7795 7796
f 7796 7795 7797
f 7798 7799 7800
f 7800 7799 7801
f 7800 7801 7802
f 7802 7801 7803
f 5790 7803 5788
f 5788 7803 7801
f 5788 7801 7571
f 7571 7801 7799
f 7571 7799 7573
f 7573 7799 7787
f 7573 7787 7574
f 7574 7787 7609
f 7591 7589 7784
f 7784 7589 7804
f 7784 7804 7785
f 7785 7804 7805
f 7785 7805 7793
f 7793 7805 7806
f 7793 7806 7795
f 7589 7587 7804
f 7804 7587 7788
f 7804 7788 7805
f 7805 7788 7787
f 7805 7787 7806
f 7806 7787 7799
f 7806 7799 7795
f 7795 7799 7798
f 7795 7798 7797
f 7807 7808 7792
f 7809 7810 7811
f 7792 7808 7791
f 7812 7810 7813
f 7813 7810 7809
f 7813 7809 7814
f 7815 7800 7802
f 7812 7816 7817
f 7815 7802 7818
f 5309 7819 5307
f 5307 7819 5305
f 5305 7819 5303
f 5303 7819 7820
f 5303 7820 7821
f 7822 5773 5763
f 5763 5762 7821
f 7790 7823 7824
f 7824 7823 7825
f 7824 7825 7826
f 7826 7825 7822
f 5763 7821 7822
f 7822 7821 7820
f 7822 7820 7826
f 7826 7820 7819
f 7826 7819 7824
f 7824 7819 5309
f 7824 5309 7790
f 7797 7827 7828
f 7802 7829 7830
f 7830 7829 7831
f 7802 7812 7829
f 7829 7812 7817
f 7829 7817 7831
f 7831 7817 7816
f 7831 7816 7832
f 7832 7816 7812
f 7832 7812 7831
f 7831 7812 7813
f 7831 7813 7807
f 7807 7813 7814
f 7807 7814 7808
f 7823 7833 7825
f 7825 7833 7834
f 7825 7834 7822
f 7822 7834 7835
f 7822 7835 5773
f 5773 7835 5777
f 7792 7794 7807
f 7807 7794 7796
f 7807 7796 7831
f 7831 7796 7797
f 7831 7797 7830
f 7830 7797 7828
f 7830 7828 7802
f 7802 7828 7827
f 7802 7827 7818
f 7818 7827 7797
f 7818 7797 7815
f 7815 7797 7798
f 7815 7798 7800
f 7790 7791 7823
f 7823 7791 7808
f 7823 7808 7833
f 7833 7808 7814
f 7833 7814 7834
f 7834 7814 7809
f 7834 7809 7835
f 7835 7809 7811
f 7835 7811 5777
f 5777 7811 7836
f 5777 7836 5776
f 5742 5741 7837
f 7837 5741 5790
f 7837 5790 5789
f 6827 6826 7838
f 7838 6826 7839
f 6826 7840 7839
f 7839 7840 7841
f 7839 7841 7842
f 7842 7841 7843
f 7842 7843 7844
f 7845 5756 5757
f 7846 7847 7848
f 7848 7847 7845
f 7848 7845 7849
f 7849 7845 5757
f 7849 5757 5748
f 5752 5754 6529
f 6529 5754 5756
f 6529 5756 6530
f 6530 5756 7845
f 6530 7845 6532
f 6532 7845 7847
f 6532 7847 6533
f 7846 7844 7847
f 7847 7844 7843
f 7847 7843 6533
f 6533 7843 7841
f 6533 7841 6540
f 6826 6843 7840
f 7840 6843 6845
f 7840 6845 6846
f 6540 7841 6539
f 6539 7841 7840
f 6539 7840 6537
f 6537 7840 6846
f 6537 6846 6535
f 7782 6830 6829
f 6827 7838 6829
f 6829 7838 7850
f 6829 7850 7782
f 7851 7852 7853
f 5787 5786 7854
f 5750 5746 7855
f 7855 5746 5744
f 7856 7839 7857
f 7857 7839 7842
f 7857 7842 7858
f 7852 7859 7853
f 7853 7859 7855
f 7853 7855 7860
f 7860 7855 5744
f 7861 7856 7862
f 7862 7856 7857
f 7862 7857 7863
f 7863 7857 7858
f 7863 7858 7864
f 7864 7858 7865
f 7866 5742 7837
f 5789 5787 7867
f 7867 5787 7854
f 7867 7854 7868
f 7868 7854 7869
f 7868 7869 7870
f 7870 7869 7871
f 7870 7871 7872
f 7872 7871 7873
f 7872 7873 7874
f 7874 7875 7872
f 7872 7875 7876
f 7872 7876 7870
f 7870 7876 7877
f 7870 7877 7868
f 7868 7877 7866
f 7868 7866 7867
f 7867 7866 7837
f 7867 7837 5789
f 7878 7879 7851
f 7874 7878 7875
f 7875 7878 7851
f 7875 7851 7876
f 7876 7851 7853
f 7876 7853 7877
f 7877 7853 7860
f 7877 7860 7866
f 7866 7860 5744
f 7866 5744 5742
f 7862 7880 7861
f 7861 7880 7881
f 7861 7881 7774
f 7774 7779 7861
f 7861 7779 7780
f 7861 7780 7856
f 7856 7780 7782
f 7856 7782 7839
f 7839 7782 7850
f 7839 7850 7838
f 7842 7844 7858
f 7858 7844 7846
f 7858 7846 7865
f 7865 7846 7848
f 7873 7882 7874
f 7874 7882 7880
f 7874 7880 7878
f 7878 7880 7862
f 7878 7862 7879
f 7879 7862 7863
f 7879 7863 7851
f 7851 7863 7864
f 7851 7864 7852
f 7852 7864 7865
f 7852 7865 7859
f 7859 7865 7848
f 7859 7848 7855
f 7855 7848 7849
f 7855 7849 5750
f 5750 7849 5748
f 5747 5749 7883
f 7883 5749 5774
f 7883 5774 7884
f 7884 5774 5775
f 7810 7812 7885
f 5745 5747 7886
f 7886 5747 7883
f 7886 7883 7887
f 7887 7883 7884
f 5743 5745 7885
f 7885 5745 7886
f 7885 7886 7810
f 7810 7886 7887
f 7810 7887 7811
f 7811 7887 7884
f 7811 7884 7836
f 7836 7884 5775
f 7836 5775 5776
f 5741 5743 7885
f 7803 5790 5741
f 5741 7885 7803
f 7803 7885 7812
f 7803 7812 7802
f 5518 5517 5467
f 5518 5467 5520
f 5520 5467 5466
f 5520 5466 7888
f 5468 5475 5606
f 7889 5469 5468
f 5468 5606 7889
f 7889 5606 5609
f 7889 5609 7890
f 7890 5609 5611
f 7890 5611 7891
f 7891 5611 5613
f 7891 5613 7892
f 7892 5613 5615
f 7892 5615 7893
f 7893 5615 5605
f 7893 5605 7894
f 7894 5605 5325
f 7894 5325 5327
f 7895 7896 7897
f 7898 5330 5313
f 7899 7900 7901
f 7901 7900 7902
f 7901 7902 7903
f 7903 7902 7009
f 7903 7009 7010
f 7007 7904 7006
f 7006 7904 7905
f 7006 7905 7004
f 7004 7905 7003
f 7003 7905 7906
f 7003 7906 7001
f 7001 7906 5334
f 7001 5334 5333
f 7907 7908 5337
f 5337 7908 7909
f 5337 7909 5313
f 7896 7910 7911
f 7910 7896 7912
f 7912 7896 7895
f 7912 7895 7913
f 7914 7915 7916
f 7008 7009 7917
f 7917 7009 7902
f 7917 7902 7918
f 7918 7902 7900
f 7898 5313 7911
f 7911 5313 7909
f 7911 7909 7896
f 7896 7909 7908
f 7896 7908 7897
f 7899 7914 7900
f 7900 7914 7916
f 7900 7916 7918
f 7918 7916 7919
f 7918 7919 7917
f 7917 7919 7904
f 7917 7904 7008
f 7008 7904 7007
f 7915 7913 7916
f 7916 7913 7895
f 7916 7895 7919
f 7919 7895 7897
f 7919 7897 7904
f 7904 7897 7908
f 7904 7908 7905
f 7905 7908 7907
f 7905 7907 7906
f 7906 7907 5337
f 7906 5337 5334
f 7920 7921 7890
f 5327 5331 7894
f 7894 5331 7922
f 7894 7922 7893
f 7893 7922 7923
f 7893 7923 7892
f 7892 7923 7924
f 7892 7924 7891
f 7925 5469 7921
f 7921 5469 7889
f 7921 7889 7890
f 5331 5330 7922
f 7922 5330 7898
f 7922 7898 7923
f 7923 7898 7911
f 7923 7911 7924
f 7924 7911 7910
f 7910 7912 7924
f 7924 7912 7920
f 7924 7920 7891
f 7891 7920 7890
f 7899 7925 7914
f 7914 7925 7921
f 7914 7921 7915
f 7915 7921 7920
f 7915 7920 7913
f 7913 7920 7912
f 7901 7888 7899
f 7899 7888 5466
f 7899 5466 7925
f 7925 5466 5469
f 5520 7888 5731
f 5731 7888 7901
f 5731 7901 5732
f 5732 7901 7903
f 5732 7903 5733
f 5733 7903 7010
f 6671 6669 6990
f 6990 6669 6668
f 6990 6668 7010
f 7010 6668 6962
f 7010 6962 5733
f 7762 7760 7926
f 7926 7760 7927
f 7928 7929 7767
f 7760 7928 7927
f 7927 7928 7767
f 7927 7767 7755
f 7755 7767 7768
f 7755 7768 7756
f 7930 7931 7932
f 7933 7934 7770
f 7770 7934 7772
f 7930 7932 7935
f 7934 7936 7772
f 7772 7936 7935
f 7772 7935 7773
f 7773 7935 7932
f 7773 7932 7764
f 7603 7602 7931
f 7931 7930 7603
f 7603 7930 7935
f 7603 7935 7604
f 7604 7935 7936
f 7604 7936 7568
f 7937 7583 7933
f 7933 7583 7577
f 7933 7577 7934
f 7934 7577 7576
f 7934 7576 7936
f 7936 7576 7569
f 7936 7569 7568
f 7938 7937 7939
f 7939 7937 7933
f 7939 7933 7940
f 7940 7933 7770
f 7767 7929 7765
f 7765 7929 7941
f 7765 7941 7763
f 7763 7941 7942
f 7763 7942 7771
f 7771 7942 7769
f 7759 7943 7760
f 7760 7943 7944
f 7760 7944 7928
f 7945 7946 7947
f 7948 5645 7949
f 7949 5645 5644
f 7949 5644 5695
f 7950 5650 7951
f 7951 5650 5649
f 7951 5649 5647
f 5696 7952 5697
f 5697 7952 5329
f 5697 5329 5669
f 5669 5329 5328
f 5696 5650 7952
f 7952 5650 7950
f 7952 7950 5329
f 5329 7950 5322
f 5318 5317 7953
f 7953 5317 7954
f 7953 7954 7955
f 7955 7954 7956
f 7947 7957 7945
f 7945 7957 5222
f 7945 5222 7958
f 7958 5222 5220
f 7958 5220 7959
f 5695 7946 7949
f 7949 7946 7945
f 7949 7945 7948
f 7948 7945 7958
f 7948 7958 7956
f 7956 7958 7959
f 7956 7959 7955
f 5317 5322 7954
f 7954 5322 7950
f 7954 7950 7956
f 7956 7950 7951
f 7956 7951 7948
f 7948 7951 5647
f 7948 5647 5645
f 5319 7960 7961
f 7962 7963 7960
f 5318 7964 5319
f 5319 7964 7965
f 5319 7965 7966
f 7966 7967 5319
f 5319 7967 7968
f 5319 7968 7960
f 7960 7968 7969
f 7960 7969 7962
f 7961 6913 5319
f 5319 6913 6912
f 5319 6912 5342
f 6905 6904 7961
f 7961 6904 6914
f 7961 6914 6913
f 5131 5129 7016
f 7970 5133 6907
f 6907 5133 5131
f 6907 5131 6906
f 6906 5131 7016
f 7971 7972 7970
f 7970 7972 7973
f 7970 7973 5133
f 5133 7973 7974
f 5133 7974 5134
f 5134 7974 5124
f 6907 6905 7970
f 7970 6905 7961
f 7970 7961 7971
f 7971 7961 7960
f 7971 7960 7975
f 7975 7960 7963
f 5220 7976 7959
f 7959 7976 7977
f 7959 7977 7955
f 7978 7964 5318
f 7955 7977 7953
f 7953 7977 7979
f 7953 7979 5318
f 5318 7979 7980
f 5318 7980 7978
f 7981 7982 5407
f 5407 7982 7983
f 5407 7983 7984
f 7984 7983 7985
f 7984 7985 7986
f 6805 6803 7987
f 7988 7989 7990
f 7990 7989 7991
f 7990 7991 7992
f 7776 7993 7783
f 7783 7993 7777
f 7776 7775 7993
f 7993 7775 7994
f 7993 7994 7995
f 7993 6814 7777
f 7777 6814 6813
f 7777 6813 7778
f 6813 6812 7778
f 7778 6812 6810
f 7778 6810 7781
f 7781 6810 6811
f 6801 6800 7996
f 7996 6800 6798
f 7996 6798 7993
f 7993 6798 6797
f 7993 6797 6814
f 6815 6807 6961
f 6961 6807 6805
f 6961 6805 6942
f 6942 6805 7987
f 6938 6944 7987
f 7987 6944 6943
f 7987 6943 6942
f 6938 7987 6939
f 6939 7987 7997
f 6939 7997 6940
f 6803 6801 7987
f 7987 6801 7996
f 7987 7996 7997
f 7997 7996 7998
f 7998 7996 7999
f 7999 7996 7993
f 7999 7993 7989
f 7989 7993 7995
f 7989 7995 7991
f 7055 7054 8000
f 8001 8002 8003
f 8004 8005 8006
f 7981 5407 8007
f 8007 5407 5405
f 8007 5405 8008
f 8008 5405 8004
f 8008 8004 8009
f 8009 8004 8006
f 8003 8002 8004
f 8004 8002 8010
f 8004 8010 8005
f 7989 7988 8011
f 7989 8011 7999
f 7999 8011 8000
f 7999 8000 7998
f 7017 6940 7997
f 7017 7997 7022
f 7998 8000 7997
f 7997 8000 7054
f 7997 7054 7022
f 7055 8000 7058
f 7058 8000 8012
f 7058 8012 7056
f 7056 8012 5394
f 7056 5394 5393
f 8011 8001 8000
f 8000 8001 8003
f 8000 8003 8012
f 8012 8003 8004
f 8012 8004 5394
f 5394 8004 5405
f 5554 8013 8014
f 5560 5403 5402
f 5195 8015 5194
f 5194 8015 8016
f 5194 8016 8017
f 8017 8016 8018
f 8017 8018 8019
f 8019 8018 8020
f 7986 8021 7984
f 7984 8021 5406
f 7984 5406 5407
f 8022 8023 5401
f 5401 8023 5402
f 5560 5402 5561
f 5561 5402 5559
f 5559 5402 8023
f 5559 8023 5558
f 5558 8023 5557
f 5557 8023 8022
f 5557 8022 5556
f 5554 8014 5552
f 5552 8014 8024
f 5552 8024 5550
f 5550 8024 8025
f 5550 8025 5548
f 5195 8026 8015
f 8015 8026 8027
f 8015 8027 8028
f 5401 5406 8022
f 8022 5406 8021
f 8022 8021 8018
f 8018 8021 7986
f 8018 7986 8020
f 8028 8025 8015
f 8015 8025 8024
f 8015 8024 8016
f 8016 8024 8014
f 8016 8014 8018
f 8018 8014 8013
f 8018 8013 8022
f 8022 8013 5554
f 8022 5554 5556
f 5195 5181 8026
f 8026 5181 5183
f 8026 5183 8027
f 8027 5183 5184
f 8027 5184 8028
f 8028 5184 5185
f 8028 5185 8025
f 5569 5549 5189
f 5189 5549 5548
f 5189 5548 5191
f 5191 5548 8025
f 5191 8025 5186
f 5186 8025 5185
f 8029 8030 8031
f 8032 8033 8034
f 8035 8034 8036
f 8036 8034 8037
f 8038 5786 5785
f 8035 8039 8034
f 8034 8039 8040
f 8034 8040 8032
f 8032 8040 8038
f 8032 8038 8041
f 8041 8038 5785
f 8033 8029 8034
f 8034 8029 8031
f 8034 8031 8037
f 8037 8031 8042
f 8037 8042 8043
f 8043 8042 8044
f 8045 8032 8046
f 8046 8032 8047
f 8041 5785 7571
f 7580 8048 7578
f 7581 7582 8049
f 7937 7938 8050
f 7581 8049 7580
f 7580 8049 8048
f 8048 8049 8045
f 8048 8045 7578
f 7578 8045 8046
f 7578 8046 7570
f 7570 8046 8047
f 7570 8047 7571
f 7571 8047 8032
f 7571 8032 8041
f 8051 8029 8033
f 8030 8029 8052
f 8052 8029 8051
f 8052 8051 8050
f 7583 7937 7582
f 7582 7937 8050
f 7582 8050 8049
f 8049 8050 8051
f 8049 8051 8045
f 8045 8051 8033
f 8045 8033 8032
f 7769 7942 8053
f 7943 7759 8054
f 8054 7759 8055
f 7759 7761 8055
f 8055 7761 8056
f 8055 8056 8057
f 8057 8056 8058
f 7940 7770 8053
f 8053 7770 7769
f 8059 8060 8061
f 8040 8039 8062
f 8035 8036 8063
f 8063 8036 8037
f 8063 8037 8043
f 8062 8039 8061
f 8064 7873 8065
f 8065 7873 7871
f 8065 7871 7869
f 7880 7882 8066
f 7994 8067 8068
f 8069 7991 8068
f 8068 7991 7995
f 8068 7995 7994
f 8069 8070 7991
f 7991 8070 8071
f 7991 8071 7992
f 8072 8044 8073
f 8073 8044 8074
f 8073 8074 8075
f 8075 8074 8076
f 8075 8076 8077
f 8077 8076 8078
f 8079 8080 8059
f 8059 8080 8081
f 8059 8081 8060
f 7774 7881 8082
f 8082 7881 7880
f 8082 7880 8083
f 8083 7880 8066
f 8083 8066 8064
f 8064 8066 7882
f 8064 7882 7873
f 7869 8084 8065
f 8065 8084 8085
f 8065 8085 8064
f 8064 8085 8086
f 8064 8086 8083
f 8083 8086 8067
f 8083 8067 8082
f 8082 8067 7994
f 8082 7994 7774
f 7774 7994 7775
f 8039 8035 8061
f 8061 8035 8063
f 8061 8063 8059
f 8059 8063 8043
f 8059 8043 8079
f 8079 8043 8044
f 8079 8044 8080
f 8080 8044 8072
f 8080 8072 8081
f 8081 8072 8087
f 8081 8087 8060
f 8088 8089 8069
f 8069 8089 8090
f 8069 8090 8070
f 8070 8090 8091
f 8070 8091 8071
f 8071 8091 8092
f 8071 8092 7992
f 8093 8094 8095
f 8095 8094 8096
f 8095 8096 8097
f 8076 8091 8078
f 8078 8091 8090
f 8078 8090 8077
f 8077 8090 8089
f 8077 8089 8075
f 8075 8089 8088
f 8075 8088 8073
f 8073 8088 8098
f 8073 8098 8072
f 8072 8098 8099
f 8072 8099 8087
f 5786 8038 7854
f 7854 8038 8100
f 7854 8100 7869
f 7869 8100 8101
f 7869 8101 8084
f 8084 8101 8102
f 8084 8102 8085
f 8085 8102 8103
f 8085 8103 8086
f 8086 8103 8093
f 8086 8093 8067
f 8067 8093 8095
f 8067 8095 8068
f 8068 8095 8097
f 8068 8097 8069
f 8069 8097 8096
f 8069 8096 8088
f 8088 8096 8094
f 8088 8094 8098
f 8098 8094 8093
f 8098 8093 8099
f 8099 8093 8103
f 8099 8103 8087
f 8087 8103 8102
f 8087 8102 8060
f 8060 8102 8101
f 8060 8101 8061
f 8061 8101 8100
f 8061 8100 8062
f 8062 8100 8038
f 8062 8038 8040
f 5782 5784 8104
f 8104 5784 7636
f 7642 8105 7643
f 7643 8105 8106
f 7643 8106 7639
f 7666 8107 8108
f 7666 8108 7667
f 7667 8108 8109
f 7667 8109 7665
f 8110 6371 8111
f 8111 6371 6372
f 8111 6372 8112
f 7520 8113 6161
f 6161 8113 8114
f 6161 8114 6163
f 7621 7622 8115
f 8115 7622 6167
f 8115 6167 8116
f 8116 6167 6166
f 8117 7620 8118
f 8118 7620 7617
f 8118 7617 8119
f 8119 7617 7618
f 6371 8110 7509
f 7509 8110 8120
f 7509 8120 7510
f 8120 8121 7510
f 7510 8121 8122
f 7510 8122 7511
f 7511 8122 8123
f 7511 8123 7515
f 7515 8123 8124
f 7515 8124 7514
f 7514 8124 8125
f 7514 8125 7513
f 7513 8125 8126
f 7513 8126 7512
f 7512 8126 8127
f 7512 8127 7692
f 7692 8127 7693
f 6159 7669 8128
f 7519 7518 8129
f 8129 7518 7517
f 8129 7517 8130
f 8130 7517 7516
f 8130 7516 8131
f 8131 7516 7521
f 8131 7521 8132
f 8132 7521 7522
f 8132 7522 8133
f 8133 7522 7523
f 8133 7523 8128
f 8128 7523 6160
f 8128 6160 6159
f 7519 8129 7520
f 7520 8129 8134
f 7520 8134 8113
f 6365 8135 8136
f 6365 8136 7507
f 7507 8136 8137
f 7507 8137 6362
f 6366 8138 8139
f 6366 8139 7508
f 7508 8139 8140
f 7508 8140 6370
f 8141 7705 8104
f 8104 7705 7637
f 8104 7637 5782
f 5782 7637 5783
f 6363 6362 8137
f 8137 8142 6363
f 6363 8142 8143
f 6363 8143 7708
f 8144 8138 6366
f 7712 8145 6369
f 6369 8145 8144
f 6369 8144 6368
f 6368 8144 6366
f 7623 7707 7624
f 7624 7707 7710
f 7624 7710 8146
f 7704 7705 8141
f 7704 8141 7699
f 8141 8147 7699
f 7699 8147 8148
f 7699 8148 7700
f 7700 8148 7703
f 8149 7711 8150
f 8150 7711 7701
f 8150 7701 8151
f 8151 7701 7703
f 8151 7703 8152
f 8152 7703 8148
f 7673 7672 8153
f 8153 8154 7673
f 7673 8154 8155
f 7673 8155 7670
f 7696 7694 8156
f 8156 8157 7696
f 7696 8157 8158
f 7696 8158 7695
f 7677 7684 8159
f 8159 8160 7677
f 7677 8160 8161
f 7677 8161 7678
f 7678 8161 8162
f 7678 8162 7680
f 7687 7686 8163
f 7687 8163 7688
f 8163 8164 7688
f 7688 8164 8165
f 7688 8165 7689
f 7649 7648 8166
f 7649 8166 7646
f 7646 8166 8167
f 7646 8167 7647
f 7647 8167 8168
f 7647 8168 7644
f 8163 7686 8169
f 8169 7686 7685
f 8169 7685 8170
f 8170 7685 7619
f 8170 7619 8117
f 8117 7619 7620
f 7690 8171 6165
f 6165 8171 8135
f 6165 8135 6365
f 8171 7690 8172
f 8172 7690 7691
f 8172 7691 8165
f 8165 7691 7689
f 8173 6171 6170
f 7680 8162 7681
f 7681 8162 8174
f 8173 6170 8174
f 8174 6170 6169
f 8174 6169 7681
f 8116 6166 8173
f 8173 6166 6171
f 6370 8140 6176
f 6176 8140 8175
f 6176 8175 6175
f 6174 6175 8175
f 6174 8175 6172
f 6172 8175 8176
f 6172 8176 7683
f 7683 8176 8159
f 7683 8159 7684
f 8156 7694 8177
f 8177 7694 7693
f 8177 7693 8127
f 7695 8158 8178
f 7695 8178 7698
f 7698 8178 8179
f 7698 8179 7697
f 7697 8119 7618
f 8119 7697 8179
f 8128 7669 8180
f 8180 7669 7671
f 8180 7671 8155
f 8155 7671 7670
f 8153 7672 8181
f 8181 7672 7674
f 8181 7674 8182
f 8182 7674 7675
f 8182 7675 8183
f 8183 7675 7676
f 8183 7676 8115
f 8115 7676 7621
f 7660 8184 7661
f 7661 8184 8185
f 7661 8185 7662
f 8185 8186 7662
f 7662 8186 8187
f 7662 8187 7663
f 7663 8187 8188
f 7663 8188 7659
f 8166 7648 8189
f 8189 7648 7650
f 8189 7650 5242
f 5242 7650 5243
f 8105 7642 8190
f 8190 7642 7645
f 8190 7645 8168
f 8168 7645 7644
f 7639 8106 7640
f 7640 8106 8191
f 7640 8191 7641
f 7641 8191 8112
f 7641 8112 6372
f 8114 8192 6163
f 6163 8192 7668
f 8192 8193 7668
f 7668 8193 8107
f 7668 8107 7666
f 7665 8109 8194
f 7665 8194 7664
f 7664 8194 8184
f 7664 8184 7660
f 7659 8188 8195
f 7659 8195 7658
f 7658 8195 8196
f 7658 8196 7657
f 7708 8143 8197
f 7708 8197 7709
f 7709 8197 8146
f 7709 8146 7710
f 8149 8198 7711
f 7711 8198 7713
f 8198 8199 7713
f 7713 8199 8145
f 7713 8145 7712
f 8200 8201 8202
f 8202 8201 8203
f 8202 8203 8204
f 8204 8203 8205
f 8201 8200 8206
f 8201 8206 8207
f 8207 8206 8208
f 8207 8208 8209
f 8210 8211 8212
f 8212 8211 8213
f 8212 8213 8208
f 8208 8213 8214
f 8208 8214 8209
f 8210 8212 8215
f 8215 8212 8216
f 8215 8216 8217
f 8218 8219 8216
f 8216 8219 8220
f 8216 8220 8217
f 8219 8218 5237
f 5237 8218 5238
f 8204 8205 8221
f 8221 8205 8222
f 8105 8190 8216
f 8149 8150 8151
f 8146 8197 8199
f 8196 8195 8202
f 8197 8139 8138
f 8206 8200 8193
f 8199 8197 8145
f 8145 8197 8138
f 8145 8138 8144
f 8196 8202 8223
f 8223 8202 8204
f 8223 8204 8221
f 8190 8168 8216
f 8216 8168 8167
f 8216 8167 8166
f 8166 8189 8216
f 8216 8189 5242
f 8216 5242 8218
f 8218 5242 5244
f 8218 5244 5238
f 8195 8188 8202
f 8202 8188 8187
f 8202 8187 8186
f 8186 8185 8202
f 8202 8185 8184
f 8202 8184 8194
f 8140 8172 8165
f 8194 8109 8202
f 8202 8109 8108
f 8202 8108 8200
f 8200 8108 8107
f 8200 8107 8193
f 8137 8136 8140
f 8149 8151 8198
f 8198 8151 8152
f 8198 8152 8148
f 8137 8140 8142
f 8136 8135 8140
f 8140 8135 8171
f 8140 8171 8172
f 8208 8112 8212
f 8212 8112 8191
f 8212 8191 8216
f 8216 8191 8106
f 8216 8106 8105
f 8179 8178 8133
f 8133 8178 8158
f 8130 8131 8123
f 8146 8199 8104
f 8104 8199 8198
f 8104 8198 8141
f 8141 8198 8148
f 8141 8148 8147
f 8139 8197 8140
f 8140 8197 8143
f 8140 8143 8142
f 8133 8128 8179
f 8179 8128 8180
f 8179 8180 8155
f 8176 8175 8169
f 8169 8175 8140
f 8169 8140 8163
f 8163 8140 8165
f 8163 8165 8164
f 8158 8157 8133
f 8133 8157 8156
f 8133 8156 8177
f 8104 7636 8146
f 8146 7636 7629
f 8146 7629 7631
f 8155 8154 8179
f 8179 8154 8153
f 8179 8153 8181
f 8123 8122 8208
f 8208 8122 8121
f 8208 8121 8120
f 7631 7633 8146
f 8146 7633 7628
f 8146 7628 7624
f 7624 7628 7626
f 8181 8182 8179
f 8179 8182 8183
f 8179 8183 8115
f 8161 8160 8169
f 8169 8160 8159
f 8169 8159 8176
f 8120 8110 8208
f 8208 8110 8111
f 8208 8111 8112
f 8206 8193 8208
f 8208 8193 8192
f 8208 8192 8123
f 8123 8192 8114
f 8123 8114 8113
f 8177 8127 8133
f 8133 8127 8126
f 8133 8126 8132
f 8132 8126 8125
f 8132 8125 8131
f 8131 8125 8124
f 8131 8124 8123
f 8113 8134 8123
f 8123 8134 8129
f 8123 8129 8130
f 8116 8173 8170
f 8170 8173 8174
f 8170 8174 8169
f 8169 8174 8162
f 8169 8162 8161
f 8170 8117 8116
f 8116 8117 8118
f 8116 8118 8115
f 8115 8118 8119
f 8115 8119 8179
f 8224 8225 7104
f 7104 8225 7097
f 7097 8225 8226
f 7097 8226 7098
f 7098 8226 8227
f 7098 8227 7095
f 7095 8227 5269
f 7095 5269 5268
f 5302 5301 5766
f 5766 5301 8228
f 5766 8228 5764
f 5764 8228 8229
f 5764 8229 5762
f 5762 8229 8230
f 5762 8230 7821
f 7821 8230 5304
f 7821 5304 5303
f 8221 8222 8231
f 7656 7657 8196
f 8196 8223 7656
f 7656 8223 8221
f 7656 8221 7654
f 7654 8221 8231
f 7654 8231 7655
f 7655 8231 8232
f 7655 8232 7653
f 8233 6373 6374
f 7653 8232 7652
f 7652 8232 8233
f 7652 8233 7651
f 7651 8233 6374
f 7651 6374 6375
f 6394 8234 6395
f 6395 8234 8235
f 6395 8235 6392
f 6392 8235 6376
f 6376 8235 8236
f 6376 8236 6377
f 6377 8236 8237
f 6377 8237 6387
f 8238 5229 5235
f 7537 7538 8239
f 5235 7524 8238
f 8238 7524 7529
f 8238 7529 8239
f 7530 8239 7525
f 7525 8239 7529
f 7525 7529 7526
f 7526 7529 7528
f 7526 7528 7527
f 7530 7534 8239
f 8239 7534 7533
f 8239 7533 7532
f 7532 7531 8239
f 8239 7531 7535
f 8239 7535 7536
f 7536 7539 8239
f 8239 7539 7540
f 8239 7540 7537
f 6737 6736 8240
f 8241 8242 8243
f 8243 8242 8244
f 8243 8244 8240
f 8240 8244 6730
f 8240 6730 6737
f 6373 8233 7561
f 7561 8233 8245
f 7564 7563 8245
f 8245 7563 7562
f 8245 7562 7561
f 7560 7559 8245
f 8245 7559 7558
f 8245 7558 7564
f 7503 7504 8246
f 6453 6454 8247
f 8246 7504 8247
f 8247 7504 7501
f 8247 7501 6453
f 6454 6441 8247
f 8247 6441 6443
f 8247 6443 7614
f 6736 6734 8240
f 8240 6734 6733
f 8240 6733 8246
f 8246 6733 7502
f 8246 7502 7503
f 6785 8248 6784
f 6784 8248 8249
f 6784 8249 6780
f 6780 8249 6781
f 6781 8249 8234
f 6781 8234 6394
f 8250 8248 6785
f 6785 6787 8250
f 8250 6787 6786
f 8250 6786 7565
f 6391 6390 8251
f 8251 6390 6388
f 6388 6387 8251
f 8251 6387 8237
f 8251 8237 8252
f 6391 8251 6384
f 6384 8251 8252
f 6384 8252 6382
f 6382 8252 8253
f 6382 8253 6420
f 6420 8253 8254
f 6420 8254 6418
f 6418 8254 8255
f 6418 8255 6416
f 6416 8255 8256
f 6416 8256 6414
f 6414 8256 8257
f 6414 8257 6412
f 6412 8257 8258
f 6412 8258 6410
f 6410 8258 8259
f 6410 8259 6407
f 7560 8245 7566
f 7566 8245 8250
f 7566 8250 7565
f 8253 8252 8237
f 8260 8261 8205
f 8262 8209 8214
f 8215 8263 8210
f 8210 8263 8262
f 8260 8205 8264
f 8214 8213 8262
f 8262 8213 8211
f 8262 8211 8210
f 8231 8222 8205
f 8219 4864 4860
f 8254 8253 8259
f 8259 8253 8237
f 8259 8237 8265
f 8265 8237 8266
f 4822 8236 8235
f 8267 8268 4860
f 4860 8268 8269
f 4860 8269 8219
f 8219 8269 8270
f 8219 8270 8220
f 8220 8270 8263
f 8220 8263 8217
f 8217 8263 8215
f 8234 4827 8235
f 8235 4827 4830
f 8235 4830 4822
f 8205 8203 8264
f 8264 8203 8201
f 8264 8201 8262
f 8262 8201 8207
f 8262 8207 8209
f 8271 8272 4850
f 4850 8272 8273
f 4850 8273 4854
f 4854 8273 8267
f 4854 8267 4857
f 4857 8267 4860
f 8261 8271 8205
f 8205 8271 4850
f 8205 4850 8231
f 8231 4850 4848
f 8231 4848 8232
f 8232 4848 8233
f 4834 8245 4842
f 4842 8245 8233
f 4842 8233 4843
f 4843 8233 4848
f 8234 8249 4827
f 4827 8249 8248
f 4827 8248 4834
f 4834 8248 8250
f 4834 8250 8245
f 8256 8255 8257
f 8257 8255 8254
f 8257 8254 8258
f 8258 8254 8259
f 8237 8236 8266
f 8266 8236 4822
f 8266 4822 8247
f 8247 4822 4824
f 8247 4824 8246
f 8246 4824 4819
f 8246 4819 8240
f 8240 4819 4816
f 8240 4816 8243
f 4873 4868 8238
f 8238 4868 4864
f 8238 4864 5229
f 5229 4864 8219
f 4873 8238 4815
f 4815 8238 8274
f 4815 8274 8275
f 5237 5236 8219
f 8219 5236 5228
f 8219 5228 5229
f 4816 4813 8243
f 8243 4813 4815
f 8243 4815 8276
f 8276 4815 8275
f 6433 6435 8265
f 8265 6435 6436
f 8265 6436 6437
f 6407 8259 6404
f 6404 8259 8265
f 6404 8265 6405
f 6405 8265 6437
f 6433 8265 6431
f 6431 8265 8266
f 6431 8266 6429
f 8266 8247 7614
f 7614 7615 8266
f 8266 7615 7616
f 8266 7616 6429
f 6429 7616 7087
f 7164 7085 7070
f 7070 7085 7087
f 7070 7087 7071
f 7071 7087 7616
f 8241 8243 8277
f 8277 8243 8276
f 8277 8276 8278
f 8278 8276 8275
f 8278 8275 7555
f 7554 7553 8274
f 8274 7553 7557
f 8274 7557 8275
f 8275 7557 7556
f 8275 7556 7555
f 8274 8238 8239
f 7538 7545 8239
f 8239 7545 7544
f 8239 7544 8274
f 8274 7544 7543
f 8274 7543 7554
f 8242 6750 6749
f 8242 6749 8244
f 8244 6749 6732
f 8244 6732 6730
f 8241 6753 8242
f 8242 6753 6750
f 6753 8241 8277
f 6753 8277 6754
f 6754 8277 8278
f 6754 8278 6756
f 6757 6756 7555
f 7555 6756 8278
f 8279 8280 8281
f 8281 8280 8282
f 5216 5217 8281
f 8281 5217 5218
f 8281 5218 8279
f 8279 5218 5204
f 8279 5204 5203
f 5779 6883 8283
f 5779 8283 8284
f 8284 8283 8285
f 8284 8285 8286
f 8282 8286 8281
f 8281 8286 8285
f 8281 8285 5216
f 5216 8285 8283
f 5216 8283 5215
f 5215 8283 6883
f 5215 6883 5214
f 5780 5779 8287
f 8287 5779 8284
f 8287 8284 8288
f 8289 8290 8286
f 8286 8290 8284
f 8284 8290 8291
f 8284 8291 8288
f 8292 8293 8280
f 8280 8293 8289
f 8280 8289 8282
f 8282 8289 8286
f 8280 8279 8294
f 8294 8279 5203
f 8294 5203 8295
f 8294 5652 5643
f 5643 5642 8294
f 8294 5642 5705
f 8294 5705 5484
f 8280 8294 8292
f 8292 8294 5484
f 8292 5484 5486
f 5203 5202 8295
f 8295 5202 5211
f 8295 5211 8296
f 8296 5211 5210
f 8296 5210 8297
f 8297 5210 5225
f 5225 5210 5208
f 5225 5208 5221
f 5221 5208 5206
f 5221 5206 5219
f 8293 8292 5485
f 5485 8292 5486
f 8293 5485 8289
f 8289 5485 5706
f 8289 5706 8290
f 8290 5706 5707
f 8290 5707 8291
f 8291 5707 8288
f 8288 5707 5708
f 8288 5708 8287
f 8287 5708 5709
f 8287 5709 5780
f 5224 5223 8298
f 5694 5653 8299
f 8297 8300 8296
f 8296 8300 8301
f 8296 8301 8295
f 8295 8301 8299
f 8295 8299 8294
f 8294 8299 5653
f 8294 5653 5652
f 5695 5694 8302
f 8302 5694 8299
f 8302 8299 8303
f 8303 8299 8301
f 8303 8301 8298
f 8298 8301 8300
f 8298 8300 5224
f 5224 8300 8297
f 5224 8297 5225
f 5695 8302 7946
f 7946 8302 8303
f 7946 8303 7947
f 7947 8303 8298
f 7947 8298 7957
f 7957 8298 5223
f 7957 5223 5222
f 5206 5200 8304
f 8304 5200 5199
f 8304 5199 8305
f 8305 5199 5212
f 8305 5212 8306
f 8307 7966 7965
f 7980 7979 8308
f 8308 7979 8306
f 7980 8308 7978
f 7978 8308 8309
f 7978 8309 7964
f 7964 8309 5048
f 7964 5048 7965
f 7965 5048 5047
f 7965 5047 8307
f 5220 5206 8304
f 8306 7979 8305
f 8305 7979 7977
f 8305 7977 8304
f 8304 7977 7976
f 8304 7976 5220
f 5220 5219 5206
f 8310 5175 8311
f 8311 5175 5179
f 8311 5179 5176
f 8312 5171 8313
f 8313 5171 5172
f 8313 5172 8310
f 8310 5172 5173
f 8310 5173 5175
f 5187 5159 5604
f 5604 5159 5160
f 5604 5160 5161
f 8019 8314 8315
f 5193 5194 8315
f 8315 5194 8017
f 8315 8017 8019
f 8314 8019 7985
f 7985 8019 8020
f 7985 8020 7986
f 5176 5182 8315
f 8315 5182 5193
f 8314 8311 8315
f 8315 8311 5176
f 5467 7738 5465
f 5465 7738 5628
f 5465 5628 5468
f 5468 5628 5474
f 5468 5474 5475
f 5467 5517 5515
f 5056 4913 4912
f 4922 4920 4913
f 4913 4920 4914
f 4905 4904 5050
f 5050 4904 4903
f 5050 4903 5068
f 5068 4903 4918
f 5068 4918 4917
f 4920 4950 4914
f 4914 4950 4948
f 4914 4948 4915
f 4915 4948 5068
f 4915 5068 4916
f 4916 5068 4917
f 4922 4913 4924
f 4924 4913 5056
f 4924 5056 4926
f 4909 5046 4910
f 4910 5046 5056
f 4910 5056 4911
f 4911 5056 4912
f 4909 4908 5046
f 5046 4908 4907
f 5046 4907 5050
f 5050 4907 4906
f 5050 4906 4905
f 4940 4938 5480
f 5508 5478 5515
f 5515 5478 5480
f 5515 5480 5467
f 5467 5480 4938
f 4942 7728 4944
f 4944 7728 7727
f 4944 7727 4946
f 4946 7727 5074
f 4946 5074 4948
f 4948 5074 5064
f 4948 5064 5068
f 5480 7715 4940
f 4940 7715 7723
f 4940 7723 4942
f 4942 7723 7726
f 4942 7726 7728
f 4932 4930 7746
f 4938 4936 5467
f 5467 4936 4934
f 5467 4934 7738
f 7738 4934 4932
f 7738 4932 7742
f 7742 4932 7746
f 4926 5056 4928
f 4928 5056 7754
f 4928 7754 4930
f 4930 7754 7747
f 4930 7747 7746
f 7435 7456 6871
f 6871 7456 7455
f 6871 7455 6869
f 6869 7455 7454
f 7417 7446 7477
f 5004 5041 7470
f 5035 7472 5041
f 5041 7472 7471
f 5041 7471 7470
f 7469 7468 5035
f 5035 7468 7467
f 5035 7467 7472
f 5009 7419 5011
f 5011 7419 7417
f 5011 7417 5016
f 7476 5023 5019
f 5016 7417 5019
f 5019 7417 7477
f 5019 7477 7476
f 7475 7419 7473
f 7473 7419 5009
f 7473 5009 7474
f 7474 5009 5006
f 7474 5006 7458
f 7458 5006 5004
f 7458 5004 7459
f 7459 5004 7470
f 7461 5030 7460
f 7460 5030 5027
f 7460 5027 7478
f 7478 5027 5023
f 7478 5023 7479
f 7479 5023 7476
f 7469 5035 7466
f 7466 5035 5033
f 7466 5033 7465
f 7461 7462 5030
f 5030 7462 7463
f 5030 7463 5033
f 5033 7463 7464
f 5033 7464 7465
f 7452 7451 7439
f 7450 7452 6870
f 6870 7452 7439
f 6870 7439 6872
f 7425 7491 7480
f 7493 5797 5798
f 4963 5000 7490
f 7484 4975 4972
f 4964 7487 4968
f 4968 7487 7486
f 4968 7486 4972
f 4972 7486 7485
f 4972 7485 7484
f 7490 5000 7480
f 7480 5000 4996
f 7480 4996 7425
f 7484 7483 4975
f 4975 7483 7482
f 4975 7482 4977
f 4977 7482 7492
f 4977 7492 4982
f 4982 7492 7494
f 4982 7494 4986
f 4996 4994 7425
f 7425 4994 4990
f 7425 4990 5798
f 5798 4990 4986
f 5798 4986 7493
f 7493 4986 7494
f 7490 7481 4963
f 4963 7481 7489
f 4963 7489 4964
f 4964 7489 7488
f 4964 7488 7487
f 8316 5095 8317
f 8318 8316 8319
f 8319 8316 8320
f 8316 8317 8320
f 8320 8317 8321
f 8320 8321 8322
f 8322 8321 8323
f 8322 8323 8324
f 8324 8323 5135
f 8324 5135 5127
f 8325 5094 5093
f 8318 8326 8316
f 8316 8326 5095
f 8058 8056 8326
f 8326 8056 7761
f 8326 7761 5095
f 5095 7761 7762
f 5095 7762 5093
f 5093 7762 7926
f 5093 7926 8325
f 5079 5078 8327
f 5137 5136 8328
f 5095 8329 8317
f 8317 8329 8330
f 8317 8330 8321
f 8321 8330 8328
f 8321 8328 8323
f 8323 8328 5136
f 8323 5136 5135
f 5095 5079 8329
f 8329 5079 8327
f 8329 8327 8330
f 8330 8327 8331
f 8330 8331 8328
f 8328 8331 8332
f 8328 8332 5137
f 5137 8332 5132
f 5132 8332 6725
f 6725 8332 8331
f 6725 8331 6723
f 6723 8331 8327
f 6723 8327 6721
f 6721 8327 5078
f 6721 5078 5103
f 7601 7596 8333
f 7789 5310 8334
f 7789 8334 7608
f 7608 8334 8335
f 7608 8335 7596
f 8336 7932 7931
f 8336 7931 8333
f 8333 7931 7602
f 8333 7602 7601
f 7764 7932 7766
f 7766 7932 8336
f 7766 8336 7758
f 7758 8336 8337
f 7758 8337 7757
f 7757 8337 7755
f 7755 8325 7927
f 7927 8325 7926
f 8337 5105 5104
f 7755 8337 8325
f 8325 8337 5104
f 8325 5104 5094
f 7596 8335 8333
f 8333 8335 8338
f 8333 8338 8339
f 5105 8337 5089
f 5089 8337 8336
f 5089 8336 5091
f 5091 8336 8333
f 5091 8333 5087
f 5087 8333 8339
f 5087 8339 5085
f 8340 5289 5285
f 8340 5285 8341
f 8341 5285 5278
f 8341 5278 8342
f 8342 5278 5280
f 8342 5280 8343
f 5289 8340 5292
f 5292 8340 8344
f 5292 8344 5295
f 5295 8344 8345
f 5295 8345 5299
f 5299 8345 8346
f 5299 8346 5301
f 5301 8346 8347
f 5301 8347 8228
f 8228 8347 8348
f 8228 8348 8229
f 8229 8348 8349
f 8229 8349 8230
f 5116 5115 8350
f 8350 5115 5113
f 8350 5113 8351
f 8226 8225 8352
f 8230 8349 5304
f 5304 8349 8353
f 5304 8353 5306
f 8334 5310 5312
f 5113 5112 8351
f 8351 5112 5109
f 8351 5109 8354
f 8354 5109 5107
f 5107 5083 8354
f 8354 5083 5084
f 8354 5084 8355
f 8355 5084 5096
f 8355 5096 5101
f 8352 8225 8350
f 8350 8225 8224
f 8350 8224 5116
f 5101 5100 8355
f 8355 5100 5086
f 8355 5086 5085
f 5280 5276 8343
f 8343 5276 5273
f 8343 5273 8356
f 8356 5273 5271
f 8356 5271 8357
f 8357 5271 5269
f 8357 5269 8352
f 8352 5269 8227
f 8352 8227 8226
f 5085 8339 8355
f 8355 8339 8338
f 8355 8338 8335
f 8335 8334 8355
f 8355 8334 5312
f 8355 5312 8353
f 8353 5312 5308
f 8353 5308 5306
f 8224 7104 8358
f 8358 7104 7116
f 8358 7116 7077
f 7069 6447 8359
f 7077 7069 8358
f 8358 7069 8359
f 8358 8359 8224
f 8224 8359 8360
f 8360 8361 8224
f 8224 8361 8362
f 8224 8362 5116
f 6450 6452 6742
f 8362 8361 8363
f 8364 8360 8359
f 8362 8363 5116
f 8361 8360 8363
f 8363 8360 8364
f 8363 8364 8365
f 8365 8364 8366
f 8365 8366 8367
f 5119 8368 5120
f 5120 8368 6742
f 5120 6742 5121
f 8367 6449 6450
f 6450 6742 8367
f 8367 6742 8368
f 8367 8368 8365
f 8365 8368 5119
f 8365 5119 8363
f 8363 5119 5118
f 8363 5118 5116
f 6449 8367 6448
f 6448 8367 8366
f 6448 8366 6444
f 6444 8366 8364
f 6444 8364 6445
f 6445 8364 8359
f 6445 8359 6447
f 6728 5059 5048
f 8306 5212 8308
f 8308 5212 6728
f 8308 6728 8309
f 8309 6728 5048
f 5059 6728 7751
f 5059 7751 5060
f 5060 7751 7752
f 5060 7752 5058
f 5058 7752 7753
f 5058 7753 5057
f 5057 7753 7754
f 5057 7754 5056
f 5198 5171 8312
f 5062 8369 8370
f 8370 8369 5198
f 8370 5198 8371
f 8371 5198 8312
f 5074 7727 7730
f 5074 7730 5075
f 5075 7730 7732
f 5075 7732 5076
f 5076 7732 7734
f 5076 7734 5077
f 5198 8369 7734
f 7734 8369 5061
f 7734 5061 5077
f 5061 8369 5062
f 8307 5047 5045
f 5065 5063 8009
f 8009 5063 8372
f 8009 8372 8008
f 8008 8372 8007
f 5065 8009 5066
f 5066 8009 8006
f 5066 8006 5071
f 8006 8005 5071
f 5071 8005 8010
f 5071 8010 5072
f 5072 8010 8002
f 5072 8002 5073
f 5073 8002 8001
f 5073 8001 5070
f 5070 8001 8011
f 5070 8011 5069
f 7941 7929 7939
f 7939 7929 7938
f 8373 8044 8042
f 8044 8373 8074
f 8076 8074 8091
f 8091 8074 8373
f 8091 8373 8092
f 8092 8373 8042
f 8042 8031 8092
f 8092 8031 8030
f 8092 8030 8052
f 7940 8053 7939
f 7939 8053 7942
f 7939 7942 7941
f 8052 8050 8092
f 8092 8050 7938
f 8092 7938 7992
f 7992 7938 5067
f 7992 5067 7990
f 7990 5067 5069
f 7990 5069 7988
f 7988 5069 8011
f 7938 7929 5067
f 5067 7929 7928
f 5067 7928 5052
f 7928 7944 5127
f 8055 8057 8054
f 8054 8057 5127
f 8054 5127 7943
f 7943 5127 7944
f 8057 8058 8326
f 8322 8324 5127
f 8326 8318 8374
f 8374 8318 8319
f 8057 8326 5127
f 5127 8326 8374
f 5127 8374 8322
f 8322 8374 8319
f 8322 8319 8320
f 7928 5127 5052
f 5052 5127 5126
f 5052 5126 5051
f 5051 5126 5124
f 5051 5124 5049
f 5049 5124 7974
f 5049 7974 5053
f 7974 7973 5053
f 5053 7973 7972
f 5053 7972 5054
f 5054 7972 7971
f 5054 7971 5055
f 7971 7975 5055
f 5055 7975 7963
f 5055 7963 5044
f 7963 7962 5044
f 5044 7962 7969
f 5044 7969 5045
f 5045 7969 7968
f 5045 7968 8307
f 8307 7968 7967
f 8307 7967 7966
f 8372 5063 5062
f 5062 7982 8372
f 8372 7982 7981
f 8372 7981 8007
f 5062 8370 7982
f 7982 8370 8371
f 7982 8371 7983
f 7983 8371 7985
f 8371 8312 7985
f 7985 8312 8313
f 7985 8313 8314
f 8314 8313 8310
f 8314 8310 8311
f 6036 5458 4993
f 4993 4995 6036
f 6036 4995 4997
f 6036 4997 7346
f 7346 4997 5002
f 7346 5002 7337
f 7337 5002 7338
f 7338 5002 5001
f 7338 5001 7340
f 5001 4999 7340
f 7340 4999 4998
f 7340 4998 7342
f 7342 4998 4965
f 7342 4965 7336
f 7336 4965 4970
f 7336 4970 7334
f 7334 4970 4969
f 7334 4969 7250
f 7250 4969 4967
f 7250 4967 7248
f 7248 4967 4966
f 7248 4966 7274
f 4966 4971 7274
f 7274 4971 4973
f 7274 4973 7272
f 7272 4973 4974
f 7272 4974 7271
f 7271 4974 4976
f 7271 4976 7270
f 7270 4976 4979
f 7270 4979 7269
f 7269 4979 4978
f 7269 4978 7409
f 7402 7411 4978
f 4978 7411 7410
f 4978 7410 7409
f 7402 4978 7403
f 7403 4978 4984
f 7403 4984 7405
f 7405 4984 7406
f 7406 4984 4983
f 7406 4983 7408
f 7408 4983 4981
f 7408 4981 7286
f 6970 7285 4991
f 4991 7285 7287
f 4991 7287 4992
f 5416 5417 6967
f 6967 6966 5416
f 5416 6966 6976
f 5416 6976 6971
f 6971 6970 5416
f 5416 6970 4991
f 5416 4991 5415
f 5415 4991 4989
f 5415 4989 5458
f 5458 4989 4988
f 5458 4988 4993
f 4981 4980 7286
f 7286 4980 4985
f 7286 4985 7287
f 7287 4985 4987
f 7287 4987 4992
f 7362 7360 5040
f 5040 7360 7359
f 5040 7359 5042
f 5042 7359 7365
f 5042 7365 5043
f 5043 7365 7369
f 5043 7369 5036
f 5036 7369 7370
f 5036 7370 5037
f 5040 5039 7362
f 7362 5039 5003
f 7362 5003 7363
f 5003 5005 7363
f 7363 5005 5007
f 7363 5007 5891
f 5891 5007 5008
f 5891 5008 5890
f 5890 5008 5010
f 5890 5010 5014
f 5014 5013 5890
f 5890 5013 5012
f 5890 5012 5377
f 5377 5012 5335
f 5335 5012 5015
f 5335 5015 5332
f 7322 7321 5018
f 5018 7321 7306
f 5018 7306 5017
f 7011 6985 5332
f 5332 6985 6984
f 5332 6984 5333
f 5017 7306 5015
f 5015 7306 6989
f 5015 6989 5332
f 5332 6989 6988
f 5332 6988 7011
f 5018 5020 7322
f 7322 5020 5025
f 7322 5025 7331
f 7331 5025 5024
f 7331 5024 7330
f 5024 5022 7330
f 7330 5022 5021
f 7330 5021 7227
f 7227 5021 5026
f 7227 5026 7229
f 5026 5028 7229
f 7229 5028 5029
f 7229 5029 7231
f 7231 5029 5031
f 5032 7223 5031
f 5031 7223 7225
f 5031 7225 7231
f 5037 7370 5038
f 5038 7370 7220
f 5038 7220 5034
f 5034 7220 7218
f 5034 7218 5032
f 5032 7218 7221
f 5032 7221 7223
f 4951 8273 4957
f 4957 8273 8272
f 4957 8272 4956
f 4956 8272 4955
f 4955 8272 8271
f 4955 8271 4962
f 4962 8271 8261
f 4962 8261 4961
f 4961 8261 8260
f 4961 8260 4960
f 4960 8260 8264
f 4960 8264 4959
f 4959 8264 8262
f 4959 8262 4958
f 4958 8262 8263
f 4958 8263 4954
f 4954 8263 8270
f 4954 8270 4953
f 4953 8270 8269
f 4953 8269 4952
f 4952 8269 8268
f 4952 8268 4951
f 4951 8268 8267
f 4951 8267 8273
f 4882 4884 8375
f 8376 8377 4884
f 4884 8377 8378
f 4884 8378 8375
f 4884 4886 8376
f 8376 4886 4875
f 8376 4875 8379
f 8379 4875 4877
f 8379 4877 8380
f 8380 4877 4879
f 8380 4879 8381
f 4881 8382 4879
f 4879 8382 8383
f 4879 8383 8381
f 4893 8384 4891
f 4891 8384 8385
f 4891 8385 4889
f 4889 8385 8386
f 4889 8386 4900
f 4900 8386 8387
f 4900 8387 4898
f 4898 8387 8388
f 4898 8388 4881
f 4881 8388 8389
f 4881 8389 8382
f 8375 8390 4882
f 4882 8390 8391
f 4882 8391 4893
f 4893 8391 8392
f 4893 8392 8384
f 8393 8394 8395
f 8395 8394 8396
f 8393 8395 8397
f 8397 8395 8398
f 8397 8398 8399
f 8399 8398 8400
f 8400 8398 8401
f 8400 8401 8402
f 8403 8404 8405
f 8405 8404 8406
f 8405 8406 8407
f 8407 8406 8408
f 8408 8406 8409
f 8408 8409 8410
f 8410 8409 8411
f 8411 8409 8396
f 8411 8396 8394
f 8404 8403 4871
f 4871 8403 8412
f 4871 8412 4872
f 4874 4872 8412
f 4874 8412 4869
f 8412 8403 4869
f 4869 8403 8405
f 4869 8405 4867
f 4867 8405 8407
f 4867 8407 4862
f 4862 8407 8408
f 8411 8394 4859
f 4859 4861 8411
f 8411 4861 4866
f 8411 4866 8410
f 8410 4866 4865
f 8410 4865 8408
f 8408 4865 4863
f 8408 4863 4862
f 4859 8394 4858
f 4858 8394 8393
f 4846 4847 8413
f 8413 4847 4849
f 8413 4849 8402
f 8402 4849 4851
f 8402 4851 8400
f 8400 4851 4852
f 8400 4852 8399
f 8399 4852 4853
f 8399 4853 8397
f 8397 4853 4855
f 8397 4855 8393
f 8393 4855 4856
f 8393 4856 4858
f 8402 8401 8414
f 8402 8414 8413
f 8413 8414 4845
f 8413 4845 4846
f 8415 8416 8417
f 8415 8417 8418
f 8418 8417 8419
f 8418 8419 8420
f 8420 8419 8421
f 8420 8421 8422
f 8422 8421 8423
f 8422 8423 8424
f 8425 8414 8426
f 8426 8414 8401
f 8426 8401 8427
f 8427 8401 8428
f 8429 4838 8430
f 8430 4838 4844
f 8430 4844 8425
f 8425 4844 4845
f 8425 4845 8414
f 8431 8432 8429
f 8429 8432 4839
f 8429 4839 4838
f 8433 4871 8434
f 8434 4871 4870
f 8434 4870 8435
f 8435 4870 4812
f 8435 4812 8415
f 8415 4812 4811
f 8415 4811 8416
f 8401 8398 8428
f 8428 8398 8395
f 8428 8395 8436
f 8436 8395 8396
f 8436 8396 8437
f 8437 8396 8409
f 8437 8409 8438
f 8438 8409 8406
f 8438 8406 8433
f 8433 8406 8404
f 8433 8404 4871
f 8423 8439 8424
f 8424 8439 8440
f 8424 8440 8431
f 8431 8440 8441
f 8431 8441 8432
f 8442 8417 8416
f 8442 8416 8443
f 8443 8416 4811
f 8443 4811 4810
f 8444 4840 4839
f 4839 8432 8444
f 8444 8432 8441
f 8444 8441 8445
f 4833 8446 4823
f 4823 8446 8447
f 8448 4826 8447
f 8447 4826 4825
f 8447 4825 4823
f 4810 4814 8443
f 8443 4814 4818
f 8443 4818 8442
f 8442 4818 4817
f 8442 4817 8449
f 8449 4817 4821
f 8449 4821 8448
f 8448 4821 4820
f 8448 4820 4826
f 8445 8441 8450
f 8450 8441 8440
f 8450 8440 8451
f 8451 8440 8439
f 8451 8439 8452
f 8452 8439 8423
f 8452 8423 8446
f 8446 8423 8421
f 8446 8421 8447
f 8447 8421 8419
f 8447 8419 8448
f 8448 8419 8449
f 8449 8419 8417
f 8449 8417 8442
f 4841 4840 8444
f 4841 8444 4835
f 4828 4837 8451
f 8451 4837 4836
f 8451 4836 8450
f 8450 4836 4835
f 8450 4835 8445
f 8445 4835 8444
f 4828 8451 4829
f 4829 8451 8452
f 4829 8452 4831
f 8446 4833 8452
f 8452 4833 4832
f 8452 4832 4831
f 8389 8388 8378
f 8378 8388 8375
f 8385 8384 8386
f 8386 8384 8392
f 8386 8392 8387
f 8387 8392 8391
f 8387 8391 8388
f 8388 8391 8390
f 8388 8390 8375
f 8379 8380 8376
f 8376 8380 8381
f 8376 8381 8377
f 8377 8381 8383
f 8377 8383 8378
f 8378 8383 8382
f 8378 8382 8389
f 8453 8454 8455
f 8455 8454 8456
f 8457 8453 8458
f 8458 8453 8455
f 8458 8455 8459
f 8459 8455 8460
f 8461 8462 8456
f 8456 8462 8463
f 8456 8463 8464
f 8465 8466 8455
f 8455 8466 8467
f 8455 8467 8460
f 8468 8455 8469
f 8469 8455 8456
f 8469 8456 8470
f 8470 8456 8464
f 8454 8453 8471
f 8471 8453 8457
f 8471 8457 8472
f 8472 8457 8458
f 8472 8458 8473
f 8473 8458 8459
f 8473 8459 8474
f 8474 8459 8460
f 8474 8460 8475
f 8475 8460 8467
f 8475 8467 8476
f 8476 8467 8466
f 8476 8466 8477
f 8477 8466 8465
f 8477 8465 8478
f 8478 8465 8455
f 8478 8455 8479
f 8479 8455 8468
f 8479 8468 8480
f 8480 8468 8469
f 8480 8469 8481
f 8481 8469 8470
f 8481 8470 8482
f 8482 8470 8464
f 8482 8464 8483
f 8483 8464 8463
f 8483 8463 8484
f 8484 8463 8462
f 8484 8462 8485
f 8485 8462 8461
f 8485 8461 8486
f 8486 8461 8456
f 8486 8456 8487
f 8487 8456 8454
f 8487 8454 8471
f 8481 8488 8480
f 8480 8488 8489
f 8480 8489 8479
f 8479 8489 8490
f 8479 8490 8478
f 8478 8490 8491
f 8478 8491 8477
f 8477 8491 8492
f 8477 8492 8476
f 8476 8492 8493
f 8476 8493 8475
f 8475 8493 8494
f 8475 8494 8474
f 8474 8494 8495
f 8474 8495 8473
f 8473 8495 8496
f 8473 8496 8472
f 8472 8496 8497
f 8472 8497 8471
f 8471 8497 8498
f 8471 8498 8487
f 8487 8498 8499
f 8487 8499 8486
f 8486 8499 8500
f 8486 8500 8485
f 8485 8500 8501
f 8485 8501 8484
f 8484 8501 8502
f 8484 8502 8483
f 8483 8502 8503
f 8483 8503 8482
f 8482 8503 8504
f 8482 8504 8481
f 8481 8504 8488
f 8505 8506 8499
f 8506 8507 8499
f 8499 8507 8508
f 8499 8508 8500
f 8500 8508 8509
f 8500 8509 8501
f 8501 8509 8510
f 8501 8510 8502
f 8502 8510 8511
f 8502 8511 8503
f 8503 8511 8512
f 8503 8512 8504
f 8504 8512 8513
f 8504 8513 8488
f 8488 8513 8514
f 8488 8514 8489
f 8489 8514 8515
f 8489 8515 8490
f 8490 8515 8516
f 8490 8516 8491
f 8491 8516 8517
f 8491 8517 8492
f 8492 8517 8518
f 8492 8518 8493
f 8493 8518 8519
f 8493 8519 8494
f 8494 8519 8520
f 8494 8520 8495
f 8495 8520 8521
f 8495 8521 8496
f 8496 8521 8522
f 8496 8522 8497
f 8497 8522 8505
f 8497 8505 8498
f 8498 8505 8499
f 8517 8516 8523
f 8523 8516 8524
f 8524 8516 8515
f 8524 8515 8525
f 8525 8515 8514
f 8525 8514 8526
f 8526 8514 8513
f 8526 8513 8527
f 8527 8513 8512
f 8527 8512 8528
f 8528 8512 8511
f 8528 8511 8529
f 8529 8511 8510
f 8529 8510 8530
f 8530 8510 8509
f 8530 8509 8531
f 8531 8509 8508
f 8531 8508 8532
f 8532 8508 8507
f 8532 8507 8533
f 8523 8534 8517
f 8517 8534 8535
f 8517 8535 8518
f 8518 8535 8536
f 8518 8536 8519
f 8519 8536 8537
f 8519 8537 8520
f 8520 8537 8538
f 8520 8538 8521
f 8521 8538 8539
f 8521 8539 8522
f 8522 8539 8540
f 8522 8540 8505
f 8505 8540 8533
f 8505 8533 8506
f 8506 8533 8507
f 8352 8532 8357
f 8357 8532 8533
f 8357 8533 8356
f 8356 8533 8540
f 8356 8540 8343
f 8343 8540 8539
f 8343 8539 8342
f 8342 8539 8538
f 8342 8538 8341
f 8341 8538 8537
f 8341 8537 8340
f 8340 8537 8536
f 8340 8536 8344
f 8344 8536 8535
f 8344 8535 8345
f 8345 8535 8534
f 8345 8534 8346
f 8346 8534 8523
f 8346 8523 8347
f 8347 8523 8524
f 8347 8524 8348
f 8348 8524 8525
f 8348 8525 8349
f 8349 8525 8526
f 8349 8526 8353
f 8353 8526 8527
f 8353 8527 8355
f 8355 8527 8528
f 8355 8528 8354
f 8354 8528 8529
f 8354 8529 8351
f 8351 8529 8530
f 8351 8530 8350
f 8350 8530 8531
f 8350 8531 8352
f 8352 8531 8532
f 8427 8428 8541
f 8541 8428 8436
f 8541 8436 8542
f 8542 8436 8437
f 8542 8437 8543
f 8543 8437 8438
f 8543 8438 8544
f 8544 8438 8433
f 8544 8433 8545
f 8545 8433 8434
f 8545 8434 8546
f 8546 8434 8435
f 8546 8435 8547
f 8547 8435 8415
f 8547 8415 8548
f 8548 8415 8418
f 8548 8418 8549
f 8549 8418 8420
f 8549 8420 8550
f 8550 8420 8422
f 8550 8422 8551
f 8551 8422 8424
f 8551 8424 8552
f 8552 8424 8431
f 8552 8431 8553
f 8553 8431 8429
f 8553 8429 8554
f 8554 8429 8430
f 8554 8430 8555
f 8555 8430 8425
f 8555 8425 8556
f 8556 8425 8426
f 8556 8426 8557
f 8557 8426 8427
f 8557 8427 8541
f 8557 8541 8558
f 8557 8558 8556
f 8553 8554 8558
f 8558 8554 8555
f 8558 8555 8556
f 8550 8551 8558
f 8558 8551 8552
f 8558 8552 8553
f 8547 8548 8558
f 8558 8548 8549
f 8558 8549 8550
f 8544 8545 8558
f 8558 8545 8546
f 8558 8546 8547
f 8541 8542 8558
f 8558 8542 8543
f 8558 8543 8544

