# https://github.com/mikedh/trimesh

o right_shoulder_roll_link.STL
v 0.02231923 -0.05162587 0.01477717
v 0.02232070 -0.05150229 0.01477695
v 0.02280030 -0.05151782 0.01379379
v 0.02352624 -0.05162587 0.01202833
v 0.02366473 -0.05154682 0.01164354
v 0.02386736 -0.05162587 0.01104840
v 0.02468315 -0.05155592 0.00819677
v 0.02492593 -0.05162587 0.00715971
v 0.02492146 -0.05155406 0.00717796
v 0.02497760 -0.05162587 0.00692287
v 0.02497721 -0.05155339 0.00692261
v 0.02554250 -0.05154097 0.00372154
v 0.02583420 -0.05152694 -0.00132853
v 0.02583425 -0.05162587 -0.00132858
v 0.02585407 -0.05152676 -0.00054162
v 0.02584841 -0.05162587 0.00008948
v 0.02583671 -0.05152849 0.00047650
v 0.02563818 -0.05162587 0.00297260
v 0.02558577 -0.05162587 0.00339898
v 0.02548851 -0.05153758 -0.00447186
v 0.02551106 -0.05162587 -0.00433501
v 0.02543895 -0.05162587 -0.00477704
v 0.02484533 -0.05154971 -0.00764763
v 0.02471714 -0.05162587 -0.00816721
v 0.02396459 -0.05154974 -0.01076597
v 0.02381827 -0.05162587 -0.01120669
v 0.02280021 -0.05151765 -0.01378840
v 0.02279955 -0.05162587 -0.01378865
v -0.03893463 -0.05162587 0.00049257
v -0.03893689 -0.05162587 0.00017550
v -0.03893548 -0.05038143 0.00049300
v -0.03893657 -0.04738456 0.00049277
v -0.03860367 -0.02662512 -0.00050143
v -0.03860357 -0.02662530 0.00050682
v -0.03886677 -0.03596424 -0.00049821
v -0.03887115 -0.03605278 0.00048606
v -0.03888454 -0.03707417 -0.00049799
v -0.03890792 -0.03912351 0.00048871
v -0.03892644 -0.04156937 -0.00049876
v -0.03892507 -0.04160248 0.00049161
v -0.03892802 -0.04192777 -0.00049826
v -0.03892643 -0.04189180 0.00049184
v -0.03893599 -0.04478772 -0.00049538
v -0.03893431 -0.05040199 -0.00049575
v -0.03893786 -0.05162587 -0.00049539
v -0.03870127 -0.06762587 -0.00049348
v -0.03723283 -0.06962586 -0.00048437
v -0.03723253 -0.06962579 -0.00049538
v 0.01896881 -0.02639004 0.03222460
v 0.01972132 -0.02583252 0.03227036
v 0.02028862 -0.02648114 0.03248069
v 0.01637621 -0.02945023 0.03258482
v 0.01587148 -0.02870782 0.03214442
v 0.01861678 -0.02663954 0.03220364
v 0.02454344 -0.02130424 0.03241867
v 0.02509740 -0.02064874 0.03242641
v 0.02502921 -0.02155383 0.03244382
v 0.02632350 -0.01906105 0.03243788
v 0.02883896 -0.01587563 0.03244366
v 0.02744931 -0.01740073 0.03244288
v 0.02847056 -0.01567408 0.03244362
v 0.02257650 -0.02337845 0.03237856
v 0.02340844 -0.02343946 0.03244913
v 0.02006018 -0.02557029 0.03228859
v -0.03469135 0.00239376 0.03366758
v -0.03480136 0.00241030 0.03346665
v -0.03347078 0.00681586 0.03346715
v -0.01879648 0.02651305 0.03366175
v -0.02040704 0.02529431 0.03378116
v -0.02045954 0.02534128 0.03368134
v -0.02115704 0.02467040 0.03382946
v -0.02395312 0.02236519 0.03367557
v -0.01253430 0.03006239 0.03304343
v -0.01253534 0.02998523 0.03326230
v -0.01341148 0.02960376 0.03329476
v -0.01670852 0.02807833 0.03304047
v -0.01577691 0.02841369 0.03343540
v -0.01589964 0.02834521 0.03344410
v -0.01625524 0.02814279 0.03346967
v -0.02386236 0.02230198 0.03382360
v -0.02514855 0.02097772 0.03381992
v -0.02700960 0.01894126 0.03366910
v -0.01666301 0.02791757 0.03347399
v -0.02053483 0.02542807 0.03347332
v -0.02059905 0.02558399 0.03304183
v -0.02403649 0.02244107 0.03346919
v -0.02411605 0.02258683 0.03304189
v -0.02709890 0.01900459 0.03346415
v -0.02719117 0.01913680 0.03304086
v -0.02691408 0.01889128 0.03381646
v -0.02947923 0.01510177 0.03381978
v -0.02958088 0.01514001 0.03367221
v -0.03157296 0.01103068 0.03382498
v -0.03168090 0.01105771 0.03367694
v -0.03325115 0.00677125 0.03382168
v -0.03336132 0.00678633 0.03367367
v -0.03458221 0.00239051 0.03381126
v -0.03178665 0.01109968 0.03347052
v -0.02967814 0.01519249 0.03346687
v -0.01665758 0.02790652 0.03349909
v -0.02847127 0.01738010 0.03304133
v -0.02978743 0.01531390 0.03304266
v -0.03191455 0.01120986 0.03304319
v -0.03360905 0.00690875 0.03303915
v -0.03494596 0.00248275 0.03304917
v -0.01133374 0.03045974 0.03322714
v -0.00944385 0.03113569 0.03304352
v -0.00629885 0.03188382 0.03304360
v -0.00809945 0.03147457 0.03311791
v -0.00879885 0.03128625 0.03314349
v 0.01613935 -0.02820944 0.03271687
v 0.01588334 -0.02837892 0.03271092
v 0.01588975 -0.02835076 0.03275393
v 0.00753294 0.03161494 0.03244376
v 0.00504181 0.03296803 0.03244376
v 0.01056530 0.03156007 0.03244375
v 0.00617823 0.03190736 0.03244376
v 0.00557016 0.03201909 0.03244376
v 0.00373931 0.03316019 0.03244377
v 0.00358619 0.03230153 0.03244377
v -0.00041547 0.03342659 0.03244377
v 0.00158858 0.03246115 0.03244377
v -0.00041506 0.03249736 0.03244377
v 0.01337004 0.02962247 0.03244375
v 0.01449292 0.02908961 0.03244375
v 0.01503848 0.02881134 0.03244375
v 0.01137243 0.03044532 0.03244375
v 0.01079674 0.03065420 0.03244375
v 0.01114081 0.03135483 0.03244375
v 0.01598118 0.02912162 0.03244374
v 0.01678558 0.02782975 0.03244374
v 0.01794182 0.02791757 0.03244374
v 0.01960296 0.02592246 0.03244374
v 0.02046773 0.02606119 0.03244374
v 0.01984106 0.02574066 0.03244374
v 0.02377005 0.02300967 0.03244373
v 0.02162433 0.02426187 0.03244373
v 0.02008793 0.02554847 0.03244374
v 0.02571845 0.01986984 0.03244372
v 0.02446194 0.02225924 0.03244373
v 0.02779056 0.01786567 0.03244372
v 0.02524245 0.02047116 0.03244372
v 0.02444495 0.02141715 0.03244373
v 0.02307852 0.02288301 0.03244373
v 0.03027211 0.01310934 0.03244371
v 0.02937707 0.01390098 0.03244371
v 0.02928302 0.01409803 0.03244371
v 0.02836071 0.01693059 0.03244372
v 0.02846448 0.01568509 0.03244372
v 0.02796762 0.01655481 0.03244372
v 0.02689417 0.01824702 0.03244372
v 0.03192227 0.00814481 0.03244370
v 0.03279255 0.00297503 0.03244369
v 0.03188221 0.00630666 0.03244370
v 0.03221029 0.00432972 0.03244370
v 0.03174491 0.00696490 0.03244370
v 0.03143291 0.00825960 0.03244371
v 0.03141971 0.00995133 0.03244371
v 0.03086412 0.01018117 0.03244371
v 0.03017797 0.01206402 0.03244371
v 0.03283550 -0.00227686 0.03244369
v 0.03249545 -0.00054373 0.03244369
v 0.03249957 -0.00016575 0.03244369
v 0.03283402 0.00246457 0.03244369
v 0.03248924 0.00083582 0.03244369
v 0.03247251 0.00133632 0.03244369
v 0.03241591 0.00233633 0.03244369
v 0.03250380 -0.00514947 0.03244368
v 0.03196315 -0.00782519 0.03244368
v 0.03149414 -0.00802304 0.03244368
v 0.03191446 -0.00614147 0.03244368
v 0.03223228 -0.00416287 0.03244368
v 0.03242758 -0.00216844 0.03244369
v 0.02879498 -0.01506983 0.03244364
v 0.02880848 -0.01504399 0.03244364
v 0.03014299 -0.01321181 0.03244367
v 0.03022336 -0.01194983 0.03244367
v 0.03044808 -0.01248833 0.03244367
v 0.03045637 -0.01134284 0.03244367
v 0.03147528 -0.00809671 0.03244368
v -0.00134664 0.03247209 0.03244377
v -0.01253407 0.03006265 0.03244377
v -0.01290987 0.03098921 0.03244377
v -0.00629136 0.03188525 0.03244377
v -0.00681788 0.03280280 0.03244377
v 0.01712255 -0.02762370 0.03255156
v 0.01176545 -0.03029563 0.03344433
v 0.01013567 -0.03150247 0.03324759
v 0.00990544 -0.03095373 0.03374396
v 0.01237005 -0.03005381 0.03333499
v 0.01077126 -0.03175204 0.03258904
v 0.00484495 -0.03573116 0.03248338
v 0.00460974 -0.03536909 0.03288724
v 0.00482124 -0.03420611 0.03355159
v 0.00414828 -0.03466104 0.03351808
v 0.00809419 -0.03352540 0.03254341
v -0.03623462 -0.03444790 0.01747446
v -0.03721706 -0.03179233 0.01538378
v -0.03707041 -0.02814325 0.02016938
v -0.02167298 -0.05264052 0.02957418
v -0.02489263 -0.05712106 0.02790019
v -0.02739809 -0.05462976 0.02634821
v -0.02445532 -0.05020798 0.02836959
v -0.02153815 -0.04573815 0.03018704
v -0.01845671 -0.04807702 0.03099038
v -0.03075159 -0.04044165 0.02513597
v -0.02991774 -0.03839641 0.02672143
v -0.02865597 -0.03965763 0.02741511
v -0.02905378 -0.03635139 0.02829052
v -0.01929401 -0.02747115 0.03546007
v -0.01574530 -0.02950325 0.03544750
v -0.01903876 -0.03431540 0.03343266
v -0.03796341 -0.02583786 0.01725676
v -0.03791095 -0.02569835 0.01802926
v -0.03790517 -0.02916574 0.01326094
v -0.03714944 -0.02042853 0.02767884
v -0.03705902 -0.01865940 0.02897009
v -0.03620018 -0.02082436 0.02921000
v -0.03698009 -0.01723280 0.02982784
v -0.03695045 -0.01679983 0.03006648
v -0.03554606 -0.01880260 0.03103592
v -0.03676225 -0.01400038 0.03129942
v -0.03657542 -0.01426773 0.03143507
v -0.03677575 -0.01419609 0.03122738
v -0.03328615 0.00456969 0.03426385
v -0.01643945 -0.02803563 0.03579258
v -0.01601223 -0.02828180 0.03578212
v -0.00980271 -0.03098642 0.03557256
v -0.00649597 -0.03184422 0.03542681
v -0.00866664 -0.03351640 0.03483340
v 0.00663355 -0.03181582 0.03422035
v 0.00464106 -0.03411632 0.03363409
v -0.00758222 -0.05482045 0.03251981
v -0.00910789 -0.05490782 0.03245880
v -0.00741549 -0.05111303 0.03256652
v -0.02714755 -0.05862469 0.02649352
v -0.02426673 -0.05862654 0.02823216
v -0.03680694 -0.05860894 0.01461040
v -0.03592388 -0.05814727 0.01659149
v -0.03554347 -0.05861076 0.01732822
v -0.03857423 -0.05716703 0.00754714
v -0.03834651 -0.05861324 0.00909095
v -0.03852640 -0.05861482 0.00795933
v -0.03776386 -0.05278987 0.01121255
v -0.03701104 -0.05549619 0.01395161
v -0.03783163 -0.05861010 0.01146011
v -0.03651205 -0.05683029 0.01528899
v -0.03181949 -0.05861923 0.02250732
v -0.03129233 -0.05773351 0.02304494
v -0.03057387 -0.05862108 0.02375615
v -0.03001051 -0.05862180 0.02426968
v -0.02972652 -0.05862216 0.02451785
v -0.01408728 -0.05862694 0.03179344
v -0.01768806 -0.05862779 0.03091148
v -0.01582505 -0.05739473 0.03141608
v -0.02110130 -0.05862761 0.02971413
v -0.01220678 -0.05266542 0.03216058
v -0.00867433 -0.04777448 0.03261178
v -0.00703820 -0.04833982 0.03263019
v -0.00525269 -0.04269223 0.03292700
v -0.00545212 -0.04382387 0.03283139
v -0.00640886 -0.04597670 0.03271911
v -0.00188453 -0.03746634 0.03356382
v 0.00010540 -0.03764497 0.03326512
v -0.00238435 -0.03986338 0.03308630
v -0.00301111 -0.04051347 0.03304096
v -0.00417895 -0.04188992 0.03295015
v -0.00492378 -0.04294058 0.03288419
v 0.00094374 -0.03248631 0.03492711
v 0.00163645 -0.03245880 0.03485883
v 0.00428467 -0.03221633 0.03454974
v 0.00510782 -0.03209611 0.03443865
v -0.00574967 -0.03198739 0.03538993
v -0.00521898 -0.03550737 0.03428337
v -0.00240321 -0.03241103 0.03519551
v -0.00243224 -0.03240888 0.03519746
v -0.00984069 -0.03097438 0.03557410
v -0.02430481 -0.02157610 0.03589585
v -0.02269523 -0.02326324 0.03588254
v -0.02279175 -0.02540847 0.03526098
v -0.02191976 -0.02399533 0.03587508
v -0.01929574 -0.02615198 0.03584578
v -0.01671859 -0.02787005 0.03579907
v -0.02685040 -0.01831140 0.03589928
v -0.02477757 -0.02103149 0.03589873
v -0.02772390 -0.01881992 0.03550575
v -0.02617515 -0.02331432 0.03487092
v -0.02744836 -0.01740225 0.03589358
v -0.03074029 -0.01664879 0.03481376
v -0.02861224 -0.01541399 0.03587054
v -0.03339221 -0.01439317 0.03392858
v -0.03193853 -0.01200627 0.03506548
v -0.03006304 -0.01234766 0.03581037
v -0.03033742 -0.01165726 0.03579352
v -0.03139170 -0.00841500 0.03570001
v -0.03083499 -0.01026910 0.03575653
v -0.03072174 -0.01060312 0.03576582
v -0.03248461 -0.00100025 0.03536670
v -0.03245187 -0.00176828 0.03541382
v -0.03400861 -0.00255682 0.03461582
v -0.03233890 -0.00323211 0.03549265
v -0.03209524 -0.00511335 0.03557708
v -0.03198459 0.00576509 0.03482343
v -0.03121422 0.00905112 0.03457785
v -0.03101399 0.00971506 0.03453460
v -0.03034988 0.01162473 0.03442059
v -0.02685080 0.01831076 0.03410348
v -0.02831384 0.01595546 0.03420528
v -0.02982299 0.01291663 0.03435102
v -0.02190427 0.02400945 0.03385968
v -0.02385829 0.02206878 0.03394566
v -0.02604469 0.01944027 0.03405626
v -0.02649426 0.01882298 0.03408201
v -0.03611200 -0.00616496 0.03320810
v -0.03568554 -0.00300260 0.03358629
v -0.03542004 -0.00497474 0.03374945
v -0.03538530 -0.00124269 0.03370795
v -0.03301173 -0.00728553 0.03502332
v -0.03442767 -0.00970470 0.03400833
v -0.03631518 -0.00817116 0.03286253
v -0.03563149 -0.01204108 0.03282067
v -0.03666661 -0.01264064 0.03175501
v -0.03654063 -0.01090827 0.03224595
v -0.03687939 -0.01575302 0.03058646
v -0.03461678 -0.01666765 0.03259845
v -0.03704373 -0.01830619 0.02919040
v -0.03702501 -0.01795097 0.02940745
v -0.03719505 -0.02109980 0.02707754
v -0.03662600 -0.02274441 0.02715666
v -0.03733872 -0.02267503 0.02530538
v -0.03687533 -0.02458282 0.02492718
v -0.03739763 -0.02316659 0.02460530
v -0.03757880 -0.02435054 0.02243420
v -0.03700452 -0.02637028 0.02257860
v -0.03761485 -0.02454146 0.02198928
v -0.03781990 -0.02541374 0.01931339
v -0.03820468 -0.02631091 0.01329993
v -0.03831823 -0.02653112 0.01106802
v -0.03846425 -0.02656587 0.00789000
v -0.03849824 -0.03039881 0.00619062
v -0.03860864 -0.02768882 0.00377307
v -0.03880337 -0.03460317 0.00177615
v -0.03864429 -0.03735832 0.00431866
v -0.03883759 -0.04452978 0.00299396
v -0.03860227 -0.04729548 0.00569951
v -0.03884039 -0.05861943 0.00478223
v -0.03894199 -0.05862648 0.00103357
v -0.03881323 -0.05445925 0.00468157
v -0.03892899 -0.05338052 0.00138527
v -0.03891469 -0.05171617 0.00183206
v -0.03892066 -0.05172688 0.00156948
v -0.03892010 -0.05162587 0.00158123
v -0.02190558 -0.03891610 0.03136894
v -0.01553289 -0.03642638 0.03349258
v -0.01218889 -0.03151490 0.03522889
v -0.01297734 -0.02979665 0.03569135
v -0.02441548 -0.02774780 0.03405181
v -0.02249279 -0.03217774 0.03318351
v -0.02385913 -0.03443014 0.03196086
v -0.02509834 -0.03662560 0.03069423
v -0.02624333 -0.03877838 0.02939280
v -0.02946569 -0.04514569 0.02535375
v -0.03056527 -0.04383341 0.02447249
v -0.03159395 -0.04250612 0.02354686
v -0.01860596 -0.04116451 0.03186424
v -0.02451703 -0.04335222 0.02921988
v -0.02707124 -0.04771448 0.02696571
v -0.02967831 -0.05207697 0.02457608
v -0.01526470 -0.04338593 0.03222099
v -0.01203347 -0.03852581 0.03340997
v -0.03194236 -0.05861903 0.02237459
v -0.03381252 -0.05861539 0.02008608
v -0.03226066 -0.05644620 0.02198515
v -0.03315035 -0.05514133 0.02087148
v -0.03168736 -0.04944623 0.02258154
v -0.02829929 -0.04643980 0.02618566
v -0.02594836 -0.04213681 0.02866674
v -0.02323008 -0.04114935 0.03030640
v -0.00859228 -0.04061938 0.03322382
v -0.01193905 -0.04559097 0.03247301
v -0.01533080 -0.05038444 0.03165102
v -0.01878034 -0.05503197 0.03059120
v -0.01038503 -0.05862487 0.03233240
v -0.00759810 -0.05862239 0.03249846
v -0.03425556 -0.02320760 0.03033050
v -0.03181952 -0.02552419 0.03128888
v -0.03489036 -0.02516978 0.02841268
v -0.03266550 -0.02754559 0.02952196
v -0.03532663 -0.02705350 0.02634121
v -0.03330862 -0.02949264 0.02762843
v -0.03562160 -0.02888896 0.02416391
v -0.03380378 -0.03139379 0.02564729
v -0.03583446 -0.03071060 0.02192989
v -0.03420940 -0.03328036 0.02361721
v -0.03497303 -0.03713000 0.01955177
v -0.03761913 -0.03576137 0.01090498
v -0.03395841 -0.05381774 0.01970561
v -0.03468349 -0.05247583 0.01849161
v -0.03339642 -0.04674124 0.02038703
v -0.03532601 -0.05111806 0.01723678
v -0.03480259 -0.04399112 0.01805397
v -0.03637759 -0.04837142 0.01464760
v -0.03594278 -0.04122836 0.01565988
v -0.03717499 -0.04560562 0.01201755
v -0.03687065 -0.03847887 0.01326629
v -0.03779889 -0.04284105 0.00940619
v -0.03829808 -0.04009138 0.00684412
v -0.03826229 -0.05005147 0.00844579
v -0.03489394 -0.05861269 0.01845988
v -0.03342959 -0.03982376 0.02159224
v -0.03221263 0.00431241 0.03494683
v -0.03241016 0.00241495 0.03510995
v -0.03219617 -0.01896526 0.03354263
v -0.02934816 -0.02117445 0.03429759
v -0.02769998 -0.02560057 0.03356075
v -0.02583164 -0.03000044 0.03272891
v -0.02705435 -0.03217440 0.03131359
v -0.02811463 -0.03428476 0.02982737
v -0.02733049 -0.04090512 0.02806485
v -0.03337133 -0.02114462 0.03205151
v -0.03072440 -0.02340593 0.03289167
v -0.02897487 -0.02778428 0.03209168
v -0.03002140 -0.02987873 0.03049314
v -0.03087836 -0.03190367 0.02879600
v -0.03159488 -0.03388404 0.02703036
v -0.03222482 -0.03584697 0.02522459
v -0.03282100 -0.03781912 0.02340445
v 0.02544116 -0.02022361 -0.03242497
v 0.02502911 -0.02155369 -0.03243843
v 0.02664039 -0.01861550 -0.03243437
v 0.02883886 -0.01587545 -0.03243827
v 0.02847061 -0.01567399 -0.03243823
v 0.02504787 -0.02070870 -0.03242040
v 0.02454359 -0.02130394 -0.03241329
v 0.02340836 -0.02343931 -0.03244374
v 0.02275147 -0.02320807 -0.03237767
v 0.02028851 -0.02648099 -0.03247530
v 0.02127664 -0.02456721 -0.03233401
v 0.01972127 -0.02583241 -0.03226499
v 0.01984121 0.02574093 -0.03243835
v 0.02024819 0.02542202 -0.03243835
v 0.02046766 0.02606134 -0.03243835
v 0.02963597 0.01334069 -0.03243832
v 0.02988209 0.01277990 -0.03243832
v 0.03027202 0.01310949 -0.03243832
v 0.03149427 -0.00802277 -0.03243829
v 0.03143816 -0.00823994 -0.03243829
v 0.03196305 -0.00782501 -0.03243829
v 0.03087053 -0.01016187 -0.03243828
v 0.03044798 -0.01248818 -0.03243828
v 0.03067357 -0.01074176 -0.03243828
v 0.03014291 -0.01321163 -0.03243827
v 0.02938251 -0.01388954 -0.03243827
v 0.02879511 -0.01506956 -0.03243825
v 0.03188625 -0.00628673 -0.03243829
v 0.03250369 -0.00514932 -0.03243829
v 0.03236878 -0.00291886 -0.03243829
v 0.03283539 -0.00227668 -0.03243829
v 0.03241803 -0.00230842 -0.03243829
v 0.03279245 0.00297521 -0.03243830
v 0.03245580 0.00169743 -0.03243830
v 0.03283392 0.00246475 -0.03243830
v 0.03249869 -0.00030609 -0.03243830
v 0.03249559 -0.00054347 -0.03243830
v 0.03192218 0.00814498 -0.03243831
v 0.03199910 0.00568507 -0.03243831
v 0.03210053 0.00508110 -0.03243831
v 0.03141961 0.00995151 -0.03243832
v 0.03105435 0.00958599 -0.03243832
v 0.03122945 0.00899912 -0.03243831
v 0.03174506 0.00696517 -0.03243831
v 0.02524260 0.02047143 -0.03243833
v 0.02547650 0.02017958 -0.03243833
v 0.02446185 0.02225939 -0.03243833
v 0.02585222 0.01969595 -0.03243833
v 0.02779047 0.01786585 -0.03243833
v 0.02776958 0.01688541 -0.03243833
v 0.02836061 0.01693074 -0.03243833
v 0.02875744 0.01514185 -0.03243832
v 0.02928315 0.01409830 -0.03243832
v 0.02376995 0.02300982 -0.03243834
v 0.02279487 0.02316598 -0.03243834
v 0.02322734 0.02273233 -0.03243834
v 0.02403371 0.02187804 -0.03243833
v 0.01467554 0.02899824 -0.03243835
v 0.01562789 0.02849627 -0.03243835
v 0.01598111 0.02912177 -0.03243835
v 0.01643482 0.02803866 -0.03243835
v 0.01794173 0.02791775 -0.03243835
v 0.01696024 0.02772401 -0.03243835
v 0.01976557 0.02579905 -0.03243835
v 0.01114071 0.03135500 -0.03243836
v 0.01056519 0.03156025 -0.03243836
v 0.01337019 0.02962274 -0.03243836
v 0.01156363 0.03037352 -0.03243836
v 0.00504170 0.03296820 -0.03243837
v 0.00490260 0.03212838 -0.03243837
v 0.00617838 0.03190763 -0.03243837
v 0.00713538 0.03170733 -0.03243837
v 0.00773156 0.03156726 -0.03243836
v 0.01098927 0.03058604 -0.03243836
v 0.00340928 0.03232096 -0.03243837
v 0.00373921 0.03316037 -0.03243837
v 0.00150299 0.03246550 -0.03243838
v -0.00041558 0.03342677 -0.03243838
v -0.00041516 0.03249760 -0.03243838
v 0.00447031 -0.03444212 -0.03352902
v 0.01013556 -0.03150233 -0.03324220
v 0.00990544 -0.03095349 -0.03373857
v 0.01234621 -0.03006341 -0.03333393
v 0.01312970 -0.03019064 -0.03264049
v 0.01588325 -0.02837878 -0.03270553
v 0.01527797 -0.02868487 -0.03283568
v 0.01588965 -0.02835064 -0.03274848
v 0.00464980 -0.03543030 -0.03281397
v 0.00484485 -0.03573098 -0.03247799
v 0.01035491 -0.03202813 -0.03257423
v 0.00414817 -0.03466089 -0.03351269
v 0.01037280 -0.03201636 -0.03257452
v 0.01237162 -0.03005295 -0.03332930
v -0.01577791 0.02841333 -0.03343013
v -0.01253544 0.02998541 -0.03325690
v -0.01253439 0.03006254 -0.03303804
v -0.01831548 0.02684776 -0.03361941
v -0.02045964 0.02534143 -0.03367594
v -0.02115576 0.02467165 -0.03382407
v -0.02395321 0.02236537 -0.03367018
v -0.02386246 0.02230216 -0.03381821
v -0.03360914 0.00690893 -0.03303376
v -0.03347088 0.00681601 -0.03346175
v -0.03191465 0.01121003 -0.03303780
v -0.03178675 0.01109986 -0.03346513
v -0.02978752 0.01531408 -0.03303727
v -0.02967824 0.01519267 -0.03346148
v -0.02847137 0.01738028 -0.03303593
v -0.01666311 0.02791775 -0.03346860
v -0.01670862 0.02807851 -0.03303508
v -0.02053493 0.02542824 -0.03346793
v -0.02059915 0.02558414 -0.03303644
v -0.02403658 0.02244125 -0.03346379
v -0.02411615 0.02258701 -0.03303650
v -0.02709900 0.01900477 -0.03345876
v -0.02719126 0.01913697 -0.03303546
v -0.03469145 0.00239394 -0.03366219
v -0.03480146 0.00241045 -0.03346125
v -0.03494607 0.00248290 -0.03304378
v -0.03336141 0.00678651 -0.03366828
v -0.03168101 0.01105789 -0.03367155
v -0.02958099 0.01514016 -0.03366682
v -0.02700970 0.01894141 -0.03366371
v -0.02514756 0.02097906 -0.03381453
v -0.03458231 0.00239066 -0.03380587
v -0.03325126 0.00677143 -0.03381629
v -0.03157306 0.01103086 -0.03381959
v -0.02947933 0.01510195 -0.03381439
v -0.02691418 0.01889146 -0.03381107
v 0.01613885 -0.02820953 -0.03271147
v -0.03554591 -0.01880183 -0.03103105
v -0.03620012 -0.02082365 -0.02920517
v -0.03425545 -0.02320685 -0.03032564
v -0.02624316 -0.03877773 -0.02938772
v -0.02509813 -0.03662488 -0.03068917
v -0.02811447 -0.03428404 -0.02982236
v -0.03002123 -0.02987801 -0.03048820
v -0.02897462 -0.02778350 -0.03208674
v -0.03181934 -0.02552341 -0.03128397
v -0.03437344 -0.02827605 -0.02699462
v -0.03532664 -0.02705287 -0.02633636
v -0.03583451 -0.03071006 -0.02192499
v -0.03616189 -0.02582189 -0.02564700
v -0.03687538 -0.02458220 -0.02492238
v -0.03707049 -0.02814271 -0.02016451
v -0.03838737 -0.05861314 -0.00886363
v -0.03774295 -0.05860944 -0.01179920
v -0.03701109 -0.05549588 -0.01394635
v -0.00737739 -0.05070779 -0.03256830
v -0.00692683 -0.04780399 -0.03264185
v -0.00867399 -0.04777368 -0.03260643
v -0.02772340 -0.01881894 -0.03550074
v -0.02934775 -0.02117356 -0.03429262
v -0.02617470 -0.02331339 -0.03486593
v -0.03246127 -0.00158288 -0.03539757
v -0.03245106 0.00178064 -0.03515729
v -0.03400811 -0.00255569 -0.03461074
v -0.03195473 0.00592784 -0.03480478
v -0.03328555 0.00457091 -0.03425869
v -0.03208811 0.00515724 -0.03486913
v -0.02185707 0.02405254 -0.03385238
v -0.03611209 -0.00616478 -0.03320271
v -0.03631528 -0.00817098 -0.03285713
v -0.03442729 -0.00970369 -0.03400334
v -0.03880345 -0.03460278 -0.00177100
v -0.03892007 -0.05162587 -0.00158174
v -0.03893998 -0.05692132 -0.00109542
v -0.03881332 -0.05445901 -0.00467626
v -0.03883768 -0.04452947 -0.00298872
v -0.03860234 -0.04729517 -0.00569426
v -0.03864437 -0.03735792 -0.00431350
v -0.03757890 -0.02435040 -0.02242881
v -0.03764415 -0.02468761 -0.02161694
v -0.03781822 -0.02540742 -0.01933243
v -0.03782000 -0.02541356 -0.01930800
v -0.03791105 -0.02569821 -0.01802387
v -0.03732817 -0.02257838 -0.02542741
v -0.03733882 -0.02267488 -0.02529999
v -0.03740166 -0.02319529 -0.02455592
v -0.03757514 -0.02432974 -0.02247490
v -0.03714897 -0.02041932 -0.02768105
v -0.03714953 -0.02042835 -0.02767345
v -0.03687949 -0.01575287 -0.03058107
v -0.03695049 -0.01679884 -0.03006153
v -0.03698018 -0.01723262 -0.02982246
v -0.03702512 -0.01795079 -0.02940206
v -0.03704382 -0.01830601 -0.02918501
v -0.03705913 -0.01865922 -0.02896470
v -0.03705960 -0.01866897 -0.02895842
v -0.03676228 -0.01399924 -0.03129438
v -0.03677585 -0.01419594 -0.03122199
v -0.03657526 -0.01426687 -0.03143017
v -0.03461652 -0.01666679 -0.03259353
v -0.03563121 -0.01204016 -0.03281572
v -0.03666671 -0.01264050 -0.03174962
v -0.03654065 -0.01090701 -0.03224083
v -0.03116777 0.00920955 -0.03456210
v -0.03034971 0.01162509 -0.03441531
v -0.03004228 0.01239796 -0.03437304
v -0.02857690 0.01547937 -0.03422152
v -0.02822535 0.01611150 -0.03419303
v -0.02685065 0.01831103 -0.03409818
v -0.02639007 0.01896883 -0.03407062
v -0.02426644 0.02161930 -0.03395959
v -0.02190410 0.02400971 -0.03385434
v -0.03233875 -0.00323178 -0.03548738
v -0.03212305 -0.00493433 -0.03556440
v -0.03541964 -0.00497367 -0.03374442
v -0.03199977 -0.00567912 -0.03559465
v -0.03301126 -0.00728442 -0.03501828
v -0.03122634 -0.00900843 -0.03571386
v -0.03193806 -0.01200523 -0.03506047
v -0.03072158 -0.01060282 -0.03576054
v -0.02651569 -0.01879229 -0.03589576
v -0.02744820 -0.01740195 -0.03588830
v -0.03073985 -0.01664781 -0.03480877
v -0.02834394 -0.01590138 -0.03587221
v -0.02868058 -0.01528587 -0.03586330
v -0.03011757 -0.01221337 -0.03580191
v -0.02150390 -0.02436828 -0.03586562
v -0.02203720 -0.02388706 -0.03587094
v -0.02279128 -0.02540754 -0.03525596
v -0.02269507 -0.02326294 -0.03587725
v -0.01882418 -0.02649300 -0.03583365
v -0.01929353 -0.02747019 -0.03545503
v -0.01671841 -0.02786978 -0.03579376
v -0.01574482 -0.02950226 -0.03544243
v -0.00902315 -0.03122201 -0.03553503
v -0.00984045 -0.03097411 -0.03556876
v -0.00866618 -0.03351541 -0.03482827
v -0.01218843 -0.03151392 -0.03522380
v -0.01224534 -0.03010451 -0.03566048
v -0.01292450 -0.02981924 -0.03568422
v -0.01596150 -0.02831008 -0.03577552
v -0.00163027 -0.03245880 -0.03513614
v -0.00239441 -0.03241139 -0.03518957
v -0.00188409 -0.03746532 -0.03355859
v -0.00243208 -0.03240858 -0.03519210
v -0.00521853 -0.03550636 -0.03427820
v -0.00573478 -0.03198974 -0.03538384
v -0.00736390 -0.03165444 -0.03546225
v 0.00464156 -0.03411524 -0.03362896
v 0.00174102 -0.03245308 -0.03484273
v 0.00038725 -0.03741445 -0.03328064
v 0.00909020 -0.03120263 -0.03385371
v 0.00838660 -0.03139906 -0.03395617
v 0.00510749 -0.03209590 -0.03443332
v 0.00506897 -0.03210201 -0.03443865
v -0.00197993 -0.03946771 -0.03310947
v -0.00395303 -0.04159731 -0.03296349
v -0.00623680 -0.04551460 -0.03273556
v -0.00525546 -0.04347498 -0.03284665
v -0.00525230 -0.04269132 -0.03292166
v -0.00910759 -0.05490712 -0.03245344
v -0.00757660 -0.05511696 -0.03251319
v -0.00758232 -0.05482029 -0.03251442
v -0.00759821 -0.05862223 -0.03249307
v -0.01162869 -0.05862375 -0.03218532
v -0.01338737 -0.05862484 -0.03191845
v -0.01220649 -0.05266473 -0.03215525
v -0.01424296 -0.05862561 -0.03175860
v -0.01540029 -0.05862628 -0.03150987
v -0.01582482 -0.05739415 -0.03141078
v -0.01899372 -0.05862368 -0.03049299
v -0.01878013 -0.05503139 -0.03058592
v -0.02233983 -0.05862157 -0.02917914
v -0.02167279 -0.05263994 -0.02956893
v -0.02407428 -0.05862174 -0.02833315
v -0.02489250 -0.05712057 -0.02789493
v -0.02796079 -0.05862189 -0.02591488
v -0.02527555 -0.05862199 -0.02766988
v -0.03416410 -0.05861476 -0.01958215
v -0.03346769 -0.05793870 -0.02053762
v -0.03489391 -0.05861234 -0.01845441
v -0.03501372 -0.05599751 -0.01818631
v -0.03687513 -0.05860848 -0.01443170
v -0.03673714 -0.05860854 -0.01477975
v -0.03592391 -0.05814696 -0.01658622
v -0.03553937 -0.05861052 -0.01732889
v -0.03719018 -0.02103140 -0.02713698
v -0.03662601 -0.02274372 -0.02715185
v -0.03489032 -0.02516912 -0.02840784
v -0.03266539 -0.02754488 -0.02951707
v -0.03650262 -0.02942600 -0.02105476
v -0.03721713 -0.03179182 -0.01537881
v -0.03623468 -0.03444739 -0.01746947
v -0.03506897 -0.03199481 -0.02277750
v -0.03380377 -0.03139319 -0.02564238
v -0.03330857 -0.02949198 -0.02762353
v -0.03159482 -0.03388341 -0.02702539
v -0.02991765 -0.03839581 -0.02671639
v -0.03222478 -0.03584640 -0.02521959
v -0.03420942 -0.03327980 -0.02361226
v -0.02583135 -0.02999963 -0.03272391
v -0.02705413 -0.03217365 -0.03130859
v -0.03497304 -0.03712948 -0.01954674
v -0.03282097 -0.03781855 -0.02339943
v -0.03075152 -0.04044108 -0.02513089
v -0.03839966 -0.02652474 -0.00943219
v -0.03831833 -0.02653064 -0.01106309
v -0.03817512 -0.02626758 -0.01381520
v -0.03790525 -0.02916523 -0.01325599
v -0.03087825 -0.03190302 -0.02879105
v -0.02905366 -0.03635075 -0.02828550
v -0.03891478 -0.05171593 -0.00182674
v -0.03826235 -0.05005116 -0.00844054
v -0.03829814 -0.04009100 -0.00683895
v -0.03779893 -0.04284065 -0.00940100
v -0.03717502 -0.04560522 -0.01201235
v -0.03637760 -0.04837102 -0.01464240
v -0.03857432 -0.05716679 -0.00754182
v -0.03776392 -0.05278956 -0.01120729
v -0.02385887 -0.03442936 -0.03195580
v -0.01553253 -0.03642552 -0.03348742
v -0.01903841 -0.03431453 -0.03342756
v -0.02190534 -0.03891537 -0.03136382
v -0.02249247 -0.03217693 -0.03317846
v -0.01860568 -0.04116376 -0.03185906
v -0.02322987 -0.04114867 -0.03030126
v -0.02153794 -0.04573751 -0.03018184
v -0.03339637 -0.04674076 -0.02038188
v -0.03168730 -0.04944575 -0.02257635
v -0.02946558 -0.04514514 -0.02534861
v -0.02594819 -0.04213618 -0.02866161
v -0.02829917 -0.04643925 -0.02618050
v -0.02451685 -0.04335158 -0.02921473
v -0.02707110 -0.04771391 -0.02696053
v -0.02445515 -0.05020742 -0.02836437
v -0.02739797 -0.05462927 -0.02634297
v -0.02850825 -0.05862166 -0.02550319
v -0.02967822 -0.05207649 -0.02457087
v -0.03037363 -0.05862037 -0.02393196
v -0.01193872 -0.04559020 -0.03246771
v -0.00859189 -0.04061848 -0.03321855
v -0.01526439 -0.04338517 -0.03221574
v -0.01203309 -0.03852493 -0.03340476
v -0.00757859 -0.05452913 -0.03251809
v -0.01533053 -0.05038377 -0.03164573
v -0.01845646 -0.04807637 -0.03098513
v -0.02733035 -0.04090451 -0.02805975
v -0.03056519 -0.04383287 -0.02446737
v -0.03159389 -0.04250558 -0.02354176
v -0.03480257 -0.04399065 -0.01804883
v -0.03342956 -0.03982322 -0.02158718
v -0.03594279 -0.04122790 -0.01565477
v -0.03623710 -0.05331980 -0.01562218
v -0.03532600 -0.05111766 -0.01723157
v -0.03395839 -0.05381735 -0.01970038
v -0.03226062 -0.05644580 -0.02197991
v -0.03894220 -0.05862636 -0.00102720
v -0.03878868 -0.05861804 -0.00550609
v -0.02441510 -0.02774694 -0.03404680
v -0.03337111 -0.02114381 -0.03204661
v -0.02865585 -0.03965702 -0.02741004
v -0.02441054 -0.02145590 -0.03589126
v -0.02769964 -0.02559974 -0.03355579
v -0.03072411 -0.02340510 -0.03288674
v -0.03219583 -0.01896437 -0.03353769
v -0.03339185 -0.01439222 -0.03392361
v -0.03568564 -0.00300243 -0.03358090
v -0.03221246 0.00431282 -0.03494155
v -0.03255018 -0.05861767 -0.02167941
v -0.03687069 -0.03847841 -0.01326120
v -0.03761919 -0.03576093 -0.01089990
v -0.03816829 -0.03308072 -0.00855683
v -0.03849832 -0.03039836 -0.00618557
v -0.03860873 -0.02768837 -0.00376803
v 0.01587139 -0.02870767 -0.03213903
v 0.01637612 -0.02945005 -0.03257943
v 0.01861614 -0.02663981 -0.03219824
v 0.01896894 -0.02638977 -0.03221923
v -0.01290998 0.03098936 -0.03243838
v -0.01253416 0.03006283 -0.03243838
v -0.00681799 0.03280298 -0.03243838
v -0.00629552 0.03188465 -0.03243838
v -0.00134650 0.03247235 -0.03243838
v 0.01795469 -0.02709003 -0.03237496
v -0.00944628 0.03113518 -0.03303812
v -0.00630367 0.03188310 -0.03303821
v -0.00629599 0.03188453 -0.03303821
v -0.00041542 0.01860211 0.04018136
v -0.00041544 0.01859854 0.04015109
v -0.00243986 0.01849071 0.04018138
v -0.00277610 0.01844687 0.04015119
v -0.00495301 0.01803643 0.04018141
v -0.00475010 0.01808287 0.04015137
v -0.00716565 0.01732318 0.04015126
v -0.00716695 0.01732648 0.04018131
v -0.00735463 0.01725174 0.04018131
v -0.00735330 0.01724846 0.04015120
v -0.00735760 0.01725055 0.04018131
v -0.00735625 0.01724724 0.04015120
v -0.00736944 0.01724569 0.04018131
v -0.00736811 0.01724238 0.04015119
v -0.00741682 0.01722629 0.04018133
v -0.00741549 0.01722298 0.04015118
v -0.00760601 0.01714785 0.04018131
v -0.00760466 0.01714454 0.04015111
v -0.00835380 0.01681275 0.04018131
v -0.00835244 0.01680941 0.04015085
v -0.01058971 0.01555360 0.04018131
v -0.01055878 0.01556964 0.04015103
v -0.01058882 0.01554991 0.04015105
v -0.01118763 0.01514281 0.04018132
v -0.01118627 0.01513947 0.04015148
v -0.01317483 0.01349817 0.04018135
v -0.01317280 0.01349554 0.04015334
v -0.01490340 0.01160682 0.04018135
v -0.01490070 0.01160495 0.04015365
v -0.01556107 0.01072610 0.04018136
v -0.01555797 0.01072473 0.04015315
v -0.01615904 0.00981800 0.04018136
v -0.01615615 0.00981621 0.04015252
v -0.01689169 0.00851605 0.04018137
v -0.01688859 0.00851447 0.04015179
v -0.01789643 0.00615839 0.04018138
v -0.01789350 0.00615628 0.04015196
v -0.01822447 0.00511251 0.04018138
v -0.01822025 0.00511501 0.04015261
v -0.01874848 0.00258667 0.04018137
v -0.01874485 0.00259007 0.04015468
v -0.01891332 0.00003381 0.04015609
v -0.01891628 0.00002948 0.04018135
v -0.01887963 -0.00106602 0.04018134
v -0.01887671 -0.00106501 0.04015622
v -0.01853809 -0.00362172 0.04018134
v -0.01853531 -0.00362008 0.04015538
v -0.01849962 -0.00378968 0.04015528
v -0.01784964 -0.00608944 0.04018138
v -0.01784689 -0.00608747 0.04015367
v -0.01745149 -0.00711309 0.04018139
v -0.01744937 -0.00710954 0.04015301
v -0.01628239 -0.00941264 0.04018139
v -0.01628044 -0.00940924 0.04015231
v -0.01511784 -0.01112937 0.04018135
v -0.01511516 -0.01112731 0.04015273
v -0.01481604 -0.01151391 0.04018135
v -0.01481440 -0.01151063 0.04015291
v -0.01410477 -0.01234450 0.04018133
v -0.01410473 -0.01233964 0.04015333
v -0.01224124 -0.01412727 0.04018132
v -0.01224212 -0.01412233 0.04015389
v -0.01016263 -0.01562451 0.04018129
v -0.01016442 -0.01561951 0.04015326
v -0.00921169 -0.01617559 0.04018129
v -0.00921143 -0.01617186 0.04015259
v -0.00686291 -0.01724037 0.04018132
v -0.00686321 -0.01723634 0.04015022
v -0.00514851 -0.01778423 0.04018135
v -0.00514750 -0.01778041 0.04014801
v -0.00440420 -0.01796471 0.04018136
v -0.00440495 -0.01796039 0.04014700
v -0.00333039 -0.01816868 0.04018136
v -0.00333343 -0.01816394 0.04014555
v -0.00077192 -0.01839670 0.04018132
v -0.00077484 -0.01839205 0.04014255
v -0.00041481 -0.01839559 0.04014222
v -0.00041481 -0.01840012 0.04018063
v 0.00545330 -0.01744523 0.04018126
v 0.00295660 -0.01809104 0.04018123
v 0.00352548 -0.01797002 0.04014139
v 0.00214549 -0.01822268 0.04018124
v 0.00097980 -0.01834290 0.04014120
v 0.00883222 -0.01591220 0.04015011
v 0.00884605 -0.01590427 0.04015014
v 0.00890711 -0.01587992 0.04018129
v 0.00882767 -0.01591479 0.04015011
v 0.00598464 -0.01724996 0.04014441
v 0.00666252 -0.01698439 0.04014580
v 0.00782253 -0.01646485 0.04018132
v 0.00890131 -0.01587241 0.04015022
v 0.00912132 -0.01574310 0.04015054
v 0.01000032 -0.01519476 0.04018082
v 0.00998338 -0.01519584 0.04015147
v 0.01198046 -0.01363861 0.04015185
v 0.01200167 -0.01362996 0.04017995
v 0.01310988 -0.01252948 0.04015151
v 0.01385555 -0.01168846 0.04018017
v 0.01472479 -0.01052927 0.04015133
v 0.01534707 -0.00958844 0.04018116
v 0.01604922 -0.00831958 0.04015150
v 0.01656369 -0.00723841 0.04018175
v 0.01650061 -0.00736918 0.04015150
v 0.01696707 -0.00622498 0.04018172
v 0.01737902 -0.00494184 0.04015131
v 0.01742293 -0.00480457 0.04018139
v 0.01780969 -0.00311186 0.04018073
v 0.01791258 -0.00244268 0.04015121
v 0.01793692 -0.00230249 0.04018039
v 0.01803562 -0.00133957 0.04015124
v 0.01805455 -0.00115480 0.04017997
v 0.01809918 0.00010170 0.04017974
v 0.01805987 0.00120942 0.04015130
v 0.01805267 0.00139509 0.04017988
v 0.01804348 0.00144834 0.04015130
v 0.01772469 0.00373597 0.04015121
v 0.01769176 0.00392000 0.04018081
v 0.01744622 0.00490717 0.04015115
v 0.01740217 0.00508613 0.04018125
v 0.01659346 0.00736035 0.04015106
v 0.01696770 0.00642870 0.04018158
v 0.01652546 0.00753025 0.04018166
v 0.01542218 0.00965653 0.04015095
v 0.01533216 0.00981392 0.04018122
v 0.01490957 0.01046346 0.04015088
v 0.01480755 0.01062168 0.04018091
v 0.01376286 0.01199887 0.04018040
v 0.01333645 0.01248417 0.04015066
v 0.01321408 0.01262538 0.04018028
v 0.01316655 0.01267059 0.04015064
v 0.01151426 0.01424495 0.04015057
v 0.01137211 0.01436840 0.04018066
v 0.01052441 0.01502059 0.04015056
v 0.01037644 0.01513229 0.04018098
v 0.00833687 0.01639579 0.04015047
v 0.00817456 0.01648585 0.04018147
v 0.00599565 0.01744870 0.04015039
v 0.00582276 0.01751531 0.04018172
v 0.00505380 0.01776768 0.04015043
v 0.00487726 0.01782505 0.04018177
v 0.00254931 0.01835642 0.04015076
v 0.00236814 0.01838870 0.04018167
v 0.00000468 0.01859353 0.04015106
v -0.00613308 -0.00628074 0.04091366
v -0.00503572 -0.00711503 0.04091366
v -0.00041544 0.00010107 0.04103577
v -0.00708629 -0.00527652 0.04091366
v -0.00786084 -0.00413977 0.04091366
v -0.00736265 0.00511656 0.04091366
v -0.00809029 0.00391100 0.04091366
v -0.00643400 0.00619991 0.04091366
v -0.00537103 0.00709114 0.04091366
v -0.00419499 0.00779093 0.04091366
v -0.00295608 0.00828422 0.04091366
v -0.00590155 -0.01230027 0.04064639
v -0.00400280 -0.01297643 0.04064639
v -0.00206453 -0.01335891 0.04064639
v -0.00041488 -0.01621093 0.04041535
v -0.00946427 -0.00999888 0.04064639
v -0.00772757 -0.01131921 0.04064639
v -0.01097284 -0.00840961 0.04064639
v -0.01219866 -0.00661056 0.04064639
v -0.01380101 0.00227291 0.04064639
v -0.01395999 0.00076110 0.04064639
v -0.01395143 -0.00071593 0.04064639
v -0.01368650 -0.00268628 0.04064639
v -0.01310464 -0.00468167 0.04064639
v -0.01256178 0.00613073 0.04064639
v -0.01333757 0.00421310 0.04064639
v -0.01141020 0.00803868 0.04064639
v -0.00825823 0.01116366 0.04064639
v -0.00994052 0.00975318 0.04064639
v -0.00639702 0.01227118 0.04064639
v -0.00443630 0.01305188 0.04064639
v -0.00245548 0.01350738 0.04064639
v -0.00170447 0.00857205 0.04091366
v -0.00041543 0.00867606 0.04091342
v -0.00041543 0.01641310 0.04041535
v -0.00268217 -0.00816216 0.04091366
v -0.00145744 -0.00840383 0.04091366
v -0.00041514 -0.00847392 0.04091342
v -0.00041514 -0.00846743 0.04091366
v -0.00388192 -0.00773488 0.04091366
v -0.00887331 0.00147338 0.04091366
v -0.00897377 0.00051812 0.04091366
v -0.00858048 0.00269933 0.04091366
v -0.00896835 -0.00041517 0.04091366
v -0.00880096 -0.00166016 0.04091366
v -0.00843330 -0.00292098 0.04091366
v 0.00251712 0.00815905 0.04091342
v 0.00107332 0.00854586 0.04091342
v 0.00387181 0.00752739 0.04091342
v 0.00509624 0.00667010 0.04091342
v 0.00615321 0.00561319 0.04091342
v 0.00701058 0.00438882 0.04091342
v 0.00764233 0.00303415 0.04091342
v 0.00802924 0.00159038 0.04091342
v 0.00815956 0.00010137 0.04091342
v 0.00802934 -0.00138768 0.04091342
v 0.00764252 -0.00283148 0.04091342
v 0.00701088 -0.00418617 0.04091342
v 0.00615358 -0.00541060 0.04091342
v 0.00509669 -0.00646757 0.04091342
v 0.00387232 -0.00732495 0.04091342
v 0.00251766 -0.00795670 0.04091342
v 0.00107388 -0.00834360 0.04091342
v 0.00241657 0.01616536 0.04041535
v 0.00516309 0.01542954 0.04041535
v 0.00774010 0.01422797 0.04041535
v 0.01006930 0.01259715 0.04041535
v 0.01207994 0.01058666 0.04041535
v 0.01371090 0.00825755 0.04041535
v 0.01491265 0.00568063 0.04041535
v 0.01564866 0.00293417 0.04041535
v 0.01589658 0.00010164 0.04041535
v 0.01564886 -0.00273093 0.04041535
v 0.01491304 -0.00547745 0.04041535
v 0.01007015 -0.01239430 0.04041535
v 0.01208064 -0.01038366 0.04041535
v 0.01371145 -0.00805445 0.04041535
v 0.00774105 -0.01402526 0.04041535
v 0.00241766 -0.01596304 0.04041535
v 0.00516412 -0.01522701 0.04041535
v 0.02685458 -0.05152551 0.00050451
v 0.02684847 -0.05152600 -0.00049726
v 0.02683057 -0.05152901 -0.00135874
v 0.02370706 -0.05152239 0.01421538
v 0.02503473 -0.05154512 0.01093212
v 0.02600846 -0.05153442 0.00752701
v 0.02633296 -0.05153494 0.00593934
v 0.02661714 -0.05153552 0.00403816
v 0.02392394 -0.06962586 0.00178778
v 0.02552179 -0.06762587 0.00190613
v 0.02397223 -0.06962579 -0.00049539
v 0.02555661 -0.06762587 -0.00108361
v 0.02388208 -0.06962570 -0.00239650
v 0.02537331 -0.06762587 -0.00365014
v 0.02378431 -0.06962579 -0.00342229
v 0.00565575 -0.06112558 -0.03002740
v 0.00635177 -0.06112568 -0.02973212
v 0.00564534 -0.05863773 -0.03000090
v 0.01057705 -0.06727029 -0.02758260
v 0.01091288 -0.06727011 -0.02737030
v 0.01089490 -0.06298398 -0.02732847
v 0.01420516 -0.06727261 -0.02495548
v 0.01592773 -0.06727459 -0.02341065
v 0.01517807 -0.06298172 -0.02406214
v 0.01826963 -0.06727216 -0.02090735
v 0.01885425 -0.06297880 -0.02015434
v 0.01856849 -0.06727164 -0.02054702
v 0.01995653 -0.06726990 -0.01872006
v 0.01336026 -0.06727133 -0.02563736
v 0.00635946 -0.06298452 -0.02975178
v 0.00908061 -0.06727136 -0.02846163
v 0.01001027 -0.06727070 -0.02792813
v 0.00567913 -0.06727075 -0.03009198
v 0.00699876 -0.06727224 -0.02951620
v 0.00891356 -0.05863795 -0.02844295
v 0.01088682 -0.06112516 -0.02730978
v 0.01087569 -0.05863752 -0.02728421
v 0.01517125 -0.06112287 -0.02404695
v 0.01485248 -0.05863570 -0.02430059
v 0.01198165 -0.05863709 -0.02654685
v 0.01984352 -0.05863084 -0.01881023
v 0.01884453 -0.05863187 -0.02012763
v 0.01884979 -0.06111981 -0.02014341
v 0.01780391 -0.05863288 -0.02136440
v 0.01569264 -0.05863473 -0.02353868
v 0.02176005 -0.05862895 -0.01580169
v 0.02176005 -0.06297617 -0.01582631
v 0.02176005 -0.06727111 -0.01585307
v 0.02323909 -0.06962570 -0.00668401
v 0.02482018 -0.06762587 -0.00699371
v 0.02262825 -0.06962570 -0.00899088
v 0.02412637 -0.06762587 -0.00961404
v 0.02235019 -0.06962570 -0.00985018
v 0.02392556 -0.06762587 -0.01023796
v 0.02174202 -0.06962570 -0.01148396
v 0.02294569 -0.06762587 -0.01280440
v 0.02045332 -0.06962570 -0.01426138
v 0.02176005 -0.06762587 -0.01525478
v 0.02033143 -0.06962570 -0.01449073
v 0.01861991 -0.06962570 -0.01730235
v 0.01004926 -0.06962570 -0.02566490
v 0.01274069 -0.06962570 -0.02370336
v 0.01306135 -0.06962570 -0.02343865
v 0.01517372 -0.06962570 -0.02148810
v 0.01686740 -0.06962570 -0.01961629
v 0.01727134 -0.06962570 -0.01912181
v 0.00803919 -0.06962570 -0.02686867
v 0.00754917 -0.06962570 -0.02713192
v 0.00488798 -0.06962570 -0.02836640
v 0.00265841 -0.06962570 -0.02916967
v 0.00340907 -0.06726629 -0.03092711
v 0.00174527 -0.06962570 -0.02944492
v 0.00229013 -0.06726440 -0.03126986
v -0.00146843 -0.06962570 -0.03017602
v -0.00122735 -0.06725920 -0.03206764
v -0.00293705 -0.06962570 -0.03039064
v -0.00261014 -0.06725628 -0.03227044
v -0.00434022 -0.06962570 -0.03052850
v -0.00473664 -0.06725546 -0.03246355
v -0.00768133 -0.06962570 -0.03059978
v -0.00762030 -0.06727565 -0.03249526
v -0.00860216 -0.06962570 -0.03055627
v -0.00880043 -0.06727298 -0.03244938
v -0.01098473 -0.06962570 -0.03031499
v -0.01143803 -0.06726628 -0.03221127
v -0.01338726 -0.06726000 -0.03191784
v -0.01378989 -0.06962570 -0.02978857
v -0.01526525 -0.06725316 -0.03153989
v -0.01703305 -0.06962570 -0.02884276
v -0.01864470 -0.06723843 -0.03060837
v -0.01827159 -0.06962570 -0.02838107
v -0.02503913 -0.06719125 -0.02780143
v -0.02408678 -0.06962570 -0.02526884
v -0.02407257 -0.06719915 -0.02832984
v -0.02122795 -0.06962570 -0.02700328
v -0.01969323 -0.06962570 -0.02777013
v -0.02096963 -0.06722436 -0.02976250
v -0.02225496 -0.06721414 -0.02921468
v -0.02654869 -0.06717949 -0.02688551
v -0.02797516 -0.06716985 -0.02590390
v -0.02642111 -0.06962570 -0.02351723
v -0.02999455 -0.06716210 -0.02427527
v -0.03214950 -0.06714965 -0.02214583
v -0.02865016 -0.06962570 -0.02146857
v -0.03413232 -0.06714762 -0.01962869
v -0.03081680 -0.06962570 -0.01899271
v -0.03489412 -0.06715111 -0.01845453
v -0.03268792 -0.06962570 -0.01632359
v -0.03563061 -0.06715889 -0.01715986
v -0.03691538 -0.06718329 -0.01432891
v -0.03789650 -0.06720998 -0.01119546
v -0.03509942 -0.06962570 -0.01154618
v -0.03413156 -0.06962570 -0.01373005
v -0.03885846 -0.06726948 -0.00447271
v -0.03894172 -0.06729371 -0.00103402
v -0.03868807 -0.06750327 -0.00419665
v -0.03873422 -0.06725628 -0.00619155
v -0.03848379 -0.06762587 -0.00555218
v -0.03676761 -0.06962570 -0.00559936
v -0.03853986 -0.06724196 -0.00786053
v -0.03614242 -0.06962570 -0.00841471
v -0.03529871 -0.06962570 -0.01102802
v -0.03869259 -0.06762587 -0.00140680
v -0.03715996 -0.06962570 -0.00228805
v -0.03683452 -0.06962570 -0.00519574
v 0.01878299 -0.06962562 0.01706787
v 0.01806213 -0.06962558 0.01809514
v 0.01941146 -0.06727084 0.01947549
v 0.01833205 -0.06727207 0.02083847
v 0.01693082 -0.06962561 0.01954585
v 0.01611565 -0.06727404 0.02323379
v 0.01517376 -0.06962586 0.02149355
v 0.01515368 -0.06962588 0.02151403
v 0.01513796 -0.06727395 0.02415174
v 0.01397531 -0.06962594 0.02264708
v 0.01372422 -0.06727288 0.02535480
v 0.01275845 -0.06962597 0.02369427
v 0.01126383 -0.06727091 0.02714768
v 0.01027666 -0.06962586 0.02552100
v 0.01080157 -0.06727055 0.02744676
v 0.00896298 -0.06962580 0.02634626
v 0.00999409 -0.06727100 0.02794321
v 0.00771718 -0.06962577 0.02704848
v 0.00691906 -0.06727248 0.02955835
v 0.00488801 -0.06962586 0.02837182
v 0.00431180 -0.06726908 0.03062366
v 0.00567924 -0.06727093 0.03009737
v 0.00570265 -0.06727131 0.03008692
v 0.00488074 -0.06962586 0.02837475
v 0.00350391 -0.06962586 0.02889275
v 0.00259392 -0.06726635 0.03118569
v 0.00160384 -0.06962586 0.02949025
v -0.00052751 -0.06726041 0.03194724
v -0.00137359 -0.06962589 0.03016502
v -0.00180335 -0.06725851 0.03216433
v -0.00219053 -0.06962595 0.03029599
v -0.00414390 -0.06725357 0.03243073
v -0.00470159 -0.06962612 0.03055876
v -0.00762020 -0.06727581 0.03250065
v -0.00780400 -0.06962589 0.03060094
v -0.01088986 -0.06726863 0.03228013
v -0.01117914 -0.06962594 0.03029235
v -0.01451880 -0.06725601 0.03170686
v -0.01372780 -0.06962588 0.02980846
v -0.01438705 -0.06962588 0.02964742
v -0.01810559 -0.06724151 0.03078490
v -0.01782738 -0.06962568 0.02855885
v -0.01827146 -0.06962586 0.02838647
v -0.01827909 -0.06962586 0.02838345
v -0.02058768 -0.06722661 0.02991896
v -0.01934036 -0.06962594 0.02793600
v -0.02139830 -0.06722016 0.02959143
v -0.02130867 -0.06962591 0.02696515
v -0.02407235 -0.06719900 0.02833498
v -0.02424724 -0.06962585 0.02516422
v -0.02452481 -0.06719542 0.02809304
v -0.02708401 -0.06962576 0.02295839
v -0.02865002 -0.06962586 0.02147400
v -0.02850850 -0.06716736 0.02550902
v -0.02762431 -0.06717255 0.02616210
v -0.03088232 -0.06962591 0.01891405
v -0.03235008 -0.06715334 0.02192033
v -0.02865957 -0.06962586 0.02146421
v -0.03130649 -0.06715629 0.02304208
v -0.03034303 -0.06715918 0.02397010
v -0.03449492 -0.06962604 0.01297005
v -0.03566305 -0.06715903 0.01710385
v -0.03288048 -0.06962588 0.01601574
v -0.03489394 -0.06715149 0.01845988
v -0.03418130 -0.06714959 0.01956218
v -0.03509931 -0.06962586 0.01155161
v -0.03790036 -0.06721338 0.01119076
v -0.03687187 -0.06718092 0.01444448
v -0.03510920 -0.06962588 0.01152656
v -0.03534412 -0.06962585 0.01091100
v -0.03850290 -0.06724151 0.00812235
v -0.03611037 -0.06962565 0.00853699
v -0.03875779 -0.06725999 0.00591443
v -0.03719231 -0.06962582 0.00173806
v -0.03861529 -0.06762587 0.00377534
v -0.03680783 -0.06962591 0.00536542
v -0.03848504 -0.06762587 0.00554493
v -0.03884347 -0.06726935 0.00473062
v -0.03887080 -0.06736202 0.00239160
v -0.03894070 -0.06729587 0.00108470
v 0.02015224 -0.06727072 0.01844487
v 0.02176005 -0.06727142 0.01585858
v 0.02040322 -0.06962585 0.01436183
v 0.02176005 -0.06762587 0.01526064
v 0.02107340 -0.06962592 0.01302011
v 0.02244131 -0.06762587 0.01391864
v 0.02172920 -0.06962588 0.01152116
v 0.02320335 -0.06762587 0.01219664
v 0.02174209 -0.06962586 0.01148940
v 0.02544144 -0.06762587 0.00298595
v 0.02352318 -0.06962585 0.00525707
v 0.02273479 -0.06962579 0.00864238
v 0.02430776 -0.06762587 0.00901520
v 0.02303498 -0.06962582 0.00754590
v 0.02456705 -0.06762587 0.00806366
v 0.02495741 -0.06762587 0.00634416
v -0.03619310 -0.00613182 -0.03307113
v -0.03702806 -0.01830014 -0.02917448
v -0.03636102 -0.00591712 -0.03254712
v -0.03652655 -0.00838574 -0.03218408
v -0.03627037 -0.00607370 -0.03289482
v -0.03659701 -0.00988926 -0.03191528
v -0.03670455 -0.01257428 -0.03155722
v -0.03699842 -0.01793574 -0.02937500
v -0.03669859 -0.01246925 -0.03135648
v -0.03679104 -0.01458429 -0.03076746
v -0.03684708 -0.01565846 -0.03039605
v -0.03692603 -0.01694318 -0.02986516
v -0.03694317 -0.01719259 -0.02974917
v -0.03670445 -0.01257442 0.03156261
v -0.03627028 -0.00607388 0.03290022
v -0.03619301 -0.00613197 0.03307653
v -0.03684698 -0.01565864 0.03040144
v -0.03692593 -0.01694336 0.02987055
v -0.03694307 -0.01719277 0.02975456
v -0.03699832 -0.01793592 0.02938039
v -0.03702796 -0.01830029 0.02917987
v -0.03679094 -0.01458444 0.03077285
v -0.03669848 -0.01246943 0.03136187
v -0.03659692 -0.00988941 0.03192068
v -0.03652646 -0.00838592 0.03218947
v -0.03636092 -0.00591730 0.03255251
v -0.03796814 -0.02658360 -0.00049545
v -0.03787541 -0.02656536 0.00773889
v -0.03784224 -0.02653565 0.00903242
v -0.03769562 -0.02630099 0.01341429
v -0.03748959 -0.02569889 0.01800853
v -0.03752475 -0.02582850 0.01729408
v -0.03748968 -0.02569874 -0.01800314
v -0.03789230 -0.02657645 -0.00699644
v -0.03773022 -0.02636992 -0.01250354
v -0.03761873 -0.02611729 -0.01525943
v -0.03749774 -0.02471673 -0.01781270
v -0.03769307 -0.02529102 -0.01348708
v -0.03784048 -0.02553221 -0.00912735
v -0.03796864 -0.02558353 -0.00049543
v 0.01820435 -0.06962579 -0.00049539
v -0.02741013 -0.06962570 -0.01251773
v -0.02352534 -0.06962570 -0.01758049
v -0.01846258 -0.06962570 -0.02146528
v 0.01104534 -0.06962570 -0.01758049
v 0.01737222 -0.06962570 -0.00662202
v -0.02985222 -0.06962570 -0.00662202
v -0.03068435 -0.06962579 -0.00049538
v 0.01493013 -0.06962570 -0.01251773
v -0.00624000 -0.06962570 -0.02474031
v -0.01256688 -0.06962570 -0.02390736
v 0.00598258 -0.06962570 -0.02146528
v 0.00008688 -0.06962570 -0.02390736
v -0.03809761 -0.02471631 -0.01784227
v -0.03829299 -0.02529134 -0.01351015
v -0.03844011 -0.02553271 -0.00914391
v -0.03856768 -0.02558388 -0.00049730
v -0.00997114 -0.07062586 -0.03091812
v -0.01277632 -0.07062586 -0.03048396
v -0.01351975 -0.06776669 -0.03278835
v 0.01455678 -0.06775083 -0.02583102
v 0.01121564 -0.07062586 -0.02545395
v 0.00869328 -0.07062586 -0.02705076
v 0.02674395 -0.06776280 -0.00049731
v 0.02445294 -0.07062586 -0.00049539
v 0.02650596 -0.06776128 -0.00406922
v 0.02438036 -0.07062586 -0.00216435
v 0.02613642 -0.06776030 -0.00643312
v 0.02397050 -0.07062586 -0.00547243
v 0.02389683 -0.07062586 -0.00587004
v 0.02587921 -0.06775979 -0.00764296
v 0.02320580 -0.07062586 -0.00872818
v 0.02487296 -0.06775831 -0.01111127
v 0.02306879 -0.07062586 -0.00918313
v 0.02220971 -0.07062586 -0.01159937
v 0.02348639 -0.06775681 -0.01446534
v 0.02191881 -0.07062586 -0.01229753
v 0.02044296 -0.07062586 -0.01527745
v 0.02173388 -0.06775532 -0.01765648
v 0.01864322 -0.07062586 -0.01810072
v 0.02114803 -0.06775487 -0.01856428
v 0.01964837 -0.06775383 -0.02063224
v 0.01833634 -0.07062586 -0.01852163
v 0.01725362 -0.06775234 -0.02336266
v 0.01620680 -0.07062586 -0.02109423
v 0.01549839 -0.07062586 -0.02183982
v 0.01385033 -0.07062586 -0.02339303
v -0.00032899 -0.06774402 -0.03281454
v 0.00167470 -0.06774487 -0.03236598
v 0.00261483 -0.07062586 -0.02968467
v 0.00513128 -0.06774636 -0.03127479
v 0.00490147 -0.07062586 -0.02887650
v 0.00599387 -0.06774674 -0.03093635
v 0.00574623 -0.07062586 -0.02852624
v 0.00846173 -0.06774785 -0.02980820
v 0.01160939 -0.06774934 -0.02798968
v -0.00023611 -0.07062586 -0.03042778
v -0.00091863 -0.07062586 -0.03056362
v -0.00194642 -0.06774335 -0.03308237
v -0.00351699 -0.07062586 -0.03093699
v -0.00564816 -0.06774182 -0.03339708
v -0.00686402 -0.07062586 -0.03109434
v -0.01159335 -0.06776594 -0.03308233
v -0.00764014 -0.06776474 -0.03338511
v -0.00689537 -0.06776389 -0.03339621
v -0.01324688 -0.07062586 -0.03038500
v -0.01377567 -0.07062586 -0.03026476
v -0.01545230 -0.06776754 -0.03239676
v -0.01700627 -0.07062586 -0.02931903
v -0.01908710 -0.06776946 -0.03137863
v -0.02003283 -0.07062586 -0.02807421
v -0.02295413 -0.07062586 -0.02647138
v -0.02564023 -0.06777412 -0.02842645
v -0.02249434 -0.06777167 -0.03004701
v -0.02339837 -0.07062586 -0.02619142
v -0.02615958 -0.07062586 -0.02421113
v -0.02848700 -0.06777679 -0.02655335
v -0.02860406 -0.07062586 -0.02203005
v -0.03101541 -0.06777967 -0.02445687
v -0.03328204 -0.06778037 -0.02207308
v -0.03082993 -0.07062586 -0.01954680
v -0.03354532 -0.06778001 -0.02175501
v -0.03206374 -0.07062586 -0.01791057
v -0.03383306 -0.07062586 -0.01509167
v -0.03514269 -0.06777524 -0.01958309
v -0.03654343 -0.06777514 -0.01718868
v -0.03528877 -0.07062586 -0.01210482
v -0.03790007 -0.06777953 -0.01407814
v -0.03873940 -0.06777506 -0.01133761
v -0.03642866 -0.07062586 -0.00894093
v -0.03937349 -0.06776901 -0.00818368
v -0.03692698 -0.07062586 -0.00707328
v -0.03953835 -0.06776675 -0.00694703
v -0.03750709 -0.07062586 -0.00381161
v -0.03975628 -0.06776210 -0.00428166
v -0.03773902 -0.07062586 -0.00049537
v -0.03984506 -0.06775763 -0.00049731
v 0.00844281 -0.06742977 -0.02993088
v 0.00723416 -0.06303798 -0.03045694
v 0.01179026 -0.06303798 -0.02794054
v 0.00605965 -0.06742825 -0.03102154
v 0.02603433 -0.05862576 -0.00743847
v 0.02632988 -0.05862579 -0.00597734
v 0.02636883 -0.06091997 -0.00575267
v 0.02663690 -0.05862582 -0.00388124
v 0.02685714 -0.05862587 -0.00050029
v 0.02505073 -0.05862572 -0.01090111
v 0.02499499 -0.06091997 -0.01106574
v 0.02369072 -0.05862566 -0.01424108
v 0.02278301 -0.06091997 -0.01603166
v 0.02278125 -0.05862570 -0.01602248
v 0.01978921 -0.06091997 -0.02056604
v 0.02050658 -0.05862576 -0.01959952
v 0.02197516 -0.05862572 -0.01740951
v 0.01609095 -0.06091997 -0.02455989
v 0.01755481 -0.05862582 -0.02310635
v 0.01993409 -0.05862579 -0.02036017
v 0.01248290 -0.05862557 -0.02741613
v 0.01538935 -0.05862551 -0.02515921
v 0.01637659 -0.05862548 -0.02426814
v 0.00602576 -0.05862572 -0.03092561
v 0.00935142 -0.05862564 -0.02934309
v 0.00722543 -0.06091997 -0.03043440
v 0.01178064 -0.06091997 -0.02791976
v 0.01609928 -0.06303798 -0.02457628
v 0.01455638 -0.06743393 -0.02596398
v 0.01160602 -0.06743184 -0.02811520
v 0.01979473 -0.06303798 -0.02057753
v 0.01725765 -0.06743600 -0.02350359
v 0.01611702 -0.06743509 -0.02460826
v 0.02278549 -0.06303798 -0.01603903
v 0.02176303 -0.06744011 -0.01781099
v 0.01966728 -0.06743806 -0.02077777
v 0.02499533 -0.06303798 -0.01107017
v 0.02351825 -0.06744217 -0.01464334
v 0.02279334 -0.06744128 -0.01605124
v 0.02685340 -0.06092015 -0.00050232
v 0.02685338 -0.06303798 -0.00050312
v 0.02636853 -0.06303798 -0.00575492
v 0.02685526 -0.06745047 -0.00050206
v 0.02660264 -0.06744839 -0.00417431
v 0.02637008 -0.06744749 -0.00575593
v 0.02595677 -0.06744631 -0.00778749
v 0.02492322 -0.06744423 -0.01129156
v -0.03591340 0.00273360 -0.03244092
v -0.03494690 0.00247986 -0.03244078
v -0.03489017 0.00622762 -0.03243831
v -0.03368635 0.00668869 -0.03243244
v -0.03453691 0.00727967 -0.03243768
v -0.03359478 0.00695581 -0.03243228
v -0.03187966 0.01128025 -0.03243368
v -0.03278333 0.01168982 -0.03243578
v -0.02975090 0.01538093 -0.03243762
v -0.03060201 0.01588784 -0.03243501
v -0.02980599 0.01717297 -0.03243496
v -0.02847595 0.01738290 -0.03243822
v -0.02794231 0.01979742 -0.03243514
v -0.02715786 0.01918561 -0.03243671
v -0.02637724 0.02166737 -0.03243564
v -0.02533322 0.02133269 -0.03243515
v -0.02478375 0.02332936 -0.03243628
v -0.02408656 0.02261550 -0.03243552
v -0.02290533 0.02503459 -0.03243671
v -0.02058650 0.02559514 -0.03243623
v -0.02117918 0.02639780 -0.03243648
v -0.01669704 0.02808408 -0.03243516
v -0.01717880 0.02895565 -0.03243533
v -0.03601308 -0.00287299 -0.03232129
v -0.03652767 0.00000871 -0.03240945
v -0.03700445 -0.00274252 -0.03230149
v -0.03716640 -0.02275141 -0.02515076
v -0.03736569 -0.02353092 -0.02175133
v -0.03730195 -0.02445190 -0.02214569
v -0.03709267 -0.02153873 -0.02658324
v -0.03739182 -0.01958801 -0.02709424
v -0.03734398 -0.02194928 -0.02456972
v -0.03701906 -0.02018367 -0.02781329
v -0.03686520 -0.01714995 -0.02971091
v -0.03746839 -0.01678165 -0.02899804
v -0.03683451 -0.01654022 -0.02998597
v -0.03748097 -0.01621174 -0.02929355
v -0.03665321 -0.01277860 -0.03117791
v -0.03751136 -0.01262846 -0.03068831
v -0.03738781 -0.00723203 -0.03184156
v -0.03640554 -0.00730478 -0.03201615
v -0.03652605 -0.00984936 -0.03170959
v -0.03733242 -0.00623097 -0.03197622
v 0.01637659 -0.05003587 -0.02424546
v 0.01570790 -0.05001803 -0.02350225
v 0.01830810 -0.05098440 -0.02229402
v 0.01757170 -0.05097016 -0.02161979
v 0.01989293 -0.05139171 -0.01874883
v 0.02141063 -0.05148273 -0.01641864
v 0.02339342 -0.05151122 -0.01486331
v 0.02070220 -0.05140102 -0.01932809
v 0.02249743 -0.05150667 -0.01442025
v 0.02370696 -0.05152223 -0.01420999
v 0.01540639 -0.04977441 -0.02377655
v 0.01600982 -0.02969684 -0.03258343
v 0.01550862 -0.02896144 -0.03212777
v 0.01391213 -0.03030180 -0.03179622
v 0.01439686 -0.03098842 -0.03233820
v 0.01286586 -0.03170358 -0.03110117
v 0.01334642 -0.03231539 -0.03172990
v 0.01284018 -0.03388779 -0.03078611
v 0.01230864 -0.03362446 -0.02993477
v 0.01280131 -0.03411384 -0.03065532
v 0.01213689 -0.03697664 -0.02830145
v 0.01266477 -0.03728392 -0.02909508
v 0.01255188 -0.04133283 -0.02678871
v 0.01311252 -0.04149105 -0.02760143
v 0.01349886 -0.04386692 -0.02695560
v 0.01291950 -0.04376519 -0.02614684
v 0.01397172 -0.04612720 -0.02639138
v 0.01337053 -0.04607249 -0.02559367
v 0.01417452 -0.04821456 -0.02485766
v 0.01480468 -0.04823687 -0.02563393
v 0.01606682 -0.04979352 -0.02452716
v 0.00486498 -0.05514741 -0.03026306
v 0.00173757 -0.05510778 -0.03130332
v -0.00033154 -0.05676537 -0.03180943
v 0.00486849 -0.05689329 -0.03028573
v 0.00184001 -0.05863639 -0.03130310
v 0.00487100 -0.05863774 -0.03030820
v -0.00485620 -0.05862876 -0.03243898
v -0.00282097 -0.05863487 -0.03223730
v -0.00134425 -0.05863591 -0.03201662
v -0.00570144 -0.05674287 -0.03247185
v -0.00567957 -0.05506835 -0.03249970
v -0.00193480 -0.05507784 -0.03209280
v -0.00032826 -0.05508751 -0.03180050
v -0.00549924 -0.05091575 -0.03252177
v -0.00531042 -0.04934271 -0.03252630
v -0.00503645 -0.04791041 -0.03253255
v -0.00463750 -0.04652818 -0.03253964
v -0.00437148 -0.04582869 -0.03254281
v 0.00257197 -0.03751240 -0.03246847
v 0.00025191 -0.03963805 -0.03248363
v -0.00203647 -0.04206461 -0.03252460
v -0.00338048 -0.04390568 -0.03254374
v 0.00324968 -0.03694100 -0.03247001
v 0.00222691 -0.06298020 -0.03125583
v -0.00280828 -0.06297836 -0.03230712
v -0.00761346 -0.06616464 -0.03249490
v -0.00762000 -0.06725178 -0.03249516
v 0.02176005 -0.05615364 -0.01579101
v 0.02176005 -0.05162587 -0.01581277
v -0.03601762 -0.00286960 -0.03257128
v -0.03602285 -0.00286647 -0.03285263
v -0.03494650 0.00248129 -0.03274230
v -0.03554640 -0.00018384 -0.03269857
v -0.03554682 -0.00018149 -0.03300057
v -0.03579275 -0.00148024 -0.03265036
v -0.03579572 -0.00147562 -0.03294609
v 0.01323088 -0.05118028 -0.02553336
v 0.01059520 -0.05179632 -0.02734014
v 0.00485924 -0.05288180 -0.03023765
v 0.01056844 -0.04485193 -0.02757419
v 0.00486946 -0.04646793 -0.03025458
v 0.01056133 -0.04136049 -0.02804578
v 0.00488371 -0.04488971 -0.03030504
v 0.01053943 -0.03791643 -0.02892608
v 0.00492725 -0.04102992 -0.03062238
v 0.01048480 -0.03465625 -0.03040607
v 0.00493857 -0.03857749 -0.03111148
v 0.01043691 -0.03317579 -0.03144488
v 0.00491157 -0.03694147 -0.03171642
v 0.01322212 -0.04741903 -0.02562358
v -0.03211075 -0.06297681 -0.02218433
v -0.03489404 -0.06297684 -0.01845449
v -0.03879467 -0.06297689 -0.00545376
v -0.03815022 -0.06297687 -0.01010021
v -0.03687486 -0.06297686 -0.01443161
v -0.02407244 -0.06297676 -0.02832959
v -0.02850861 -0.06297679 -0.02550363
v -0.01893415 -0.06297673 -0.03051248
v -0.01338726 -0.06297671 -0.03191781
v -0.00302638 -0.04530278 -0.03232836
v -0.00030748 -0.05022149 -0.03176915
v -0.00033311 -0.04531479 -0.03181264
v -0.00032768 -0.04286506 -0.03197004
v -0.00026155 -0.04042842 -0.03239484
v 0.00397115 -0.03690574 -0.03212908
v 0.00252868 -0.03808189 -0.03219286
v 0.00239021 -0.04054763 -0.03152594
v 0.00232199 -0.04543789 -0.03114678
v 0.00233823 -0.04299705 -0.03125456
v -0.00548655 -0.05673081 -0.03346287
v -0.00764365 -0.05862558 -0.03349186
v -0.00761241 -0.05482252 -0.03351125
v 0.00236733 -0.05862493 -0.03219384
v -0.00112006 -0.05862277 -0.03299249
v -0.00004423 -0.05674966 -0.03277110
v -0.00272932 -0.05862278 -0.03323365
v -0.00496857 -0.05862418 -0.03344930
v -0.00562835 -0.05507668 -0.03350034
v -0.00010271 -0.05508516 -0.03277501
v 0.00522824 -0.05513503 -0.03119263
v 0.00522795 -0.05862576 -0.03124225
v 0.00481759 -0.03570886 -0.03386661
v 0.00522791 -0.03629853 -0.03320643
v 0.00330837 -0.03770282 -0.03324779
v -0.00417719 -0.04213925 -0.03392436
v -0.00230810 -0.04013920 -0.03404429
v 0.00007877 -0.04040149 -0.03338713
v -0.00122198 -0.03915611 -0.03411012
v 0.00234507 -0.03846242 -0.03328986
v 0.00035291 -0.03786870 -0.03420843
v 0.00435828 -0.03503724 -0.03441503
v -0.00204103 -0.04255981 -0.03346656
v -0.00244466 -0.04303918 -0.03348028
v -0.00542093 -0.04393390 -0.03381992
v -0.00342145 -0.04440742 -0.03350281
v -0.00597109 -0.04501118 -0.03376142
v -0.00443897 -0.04647188 -0.03350557
v -0.00638051 -0.04601536 -0.03371273
v -0.00502619 -0.04839729 -0.03350031
v -0.00541504 -0.05088924 -0.03349191
v -0.00740922 -0.05099713 -0.03356322
v -0.00703734 -0.04837419 -0.03362420
v -0.00556199 -0.05293686 -0.03348666
v 0.00264077 -0.06742761 -0.03220880
v 0.00239343 -0.06303545 -0.03224975
v -0.00564524 -0.06743679 -0.03349858
v -0.00764356 -0.06745093 -0.03349540
v -0.00764362 -0.06304053 -0.03349458
v -0.00449238 -0.06743509 -0.03344587
v -0.00272169 -0.06303298 -0.03330475
v -0.00271620 -0.06743259 -0.03328470
v -0.00089076 -0.06743024 -0.03302030
v -0.01911251 -0.00073131 -0.04015042
v -0.01903250 0.00199545 -0.04014929
v -0.00321863 -0.00057467 -0.04014820
v -0.01856096 0.00469250 -0.04014695
v -0.01770743 0.00728742 -0.04014541
v -0.01648986 0.00971843 -0.04014613
v -0.01493461 0.01193235 -0.04014766
v -0.01304939 0.01392217 -0.04014723
v -0.01088703 0.01563893 -0.04014541
v -0.00853537 0.01699845 -0.04014540
v -0.00744654 0.01748157 -0.04014626
v -0.00436689 -0.01824107 -0.04014129
v -0.00169865 -0.01863678 -0.04013795
v 0.00100947 -0.01863428 -0.04013572
v -0.00696228 -0.01746055 -0.04014465
v -0.00943498 -0.01630982 -0.04014705
v -0.01175810 -0.01479002 -0.04014808
v -0.01701130 -0.00858532 -0.04014627
v -0.01807998 -0.00610047 -0.04014773
v -0.01878974 -0.00345196 -0.04014967
v -0.01384543 -0.01295279 -0.04014756
v -0.01559338 -0.01088126 -0.04014642
v -0.00515869 0.01824034 -0.04014616
v -0.00280220 0.01870168 -0.04014588
v 0.00135653 -0.01860448 -0.04013573
v 0.01018660 0.00314898 -0.04015252
v -0.00041552 0.01885576 -0.04014564
v 0.00219341 0.01867075 -0.04014566
v 0.00486393 0.01809330 -0.04014567
v 0.00598522 0.01772619 -0.04014568
v 0.01834707 -0.00032421 -0.04014585
v 0.01822846 -0.00201001 -0.04014580
v 0.01820946 0.00238089 -0.04014591
v 0.01807586 -0.00305816 -0.04014578
v 0.01740423 -0.00573503 -0.04014575
v 0.01636063 -0.00827487 -0.04014580
v 0.00742750 0.01713468 -0.04014570
v 0.00981887 0.01581846 -0.04014573
v 0.01196838 0.01419456 -0.04014574
v 0.01387850 0.01225487 -0.04014569
v 0.01454853 0.01141561 -0.04014569
v 0.01549640 0.01002965 -0.04014572
v 0.01677543 0.00758962 -0.04014580
v 0.01768460 0.00501452 -0.04014588
v 0.01129742 -0.01455652 -0.04014624
v 0.00903404 -0.01609757 -0.04014600
v 0.01498644 -0.01060687 -0.04014592
v 0.01438744 -0.01142644 -0.04014599
v 0.01330531 -0.01270150 -0.04014613
v 0.00651525 -0.01733579 -0.04013932
v 0.00387958 -0.01818245 -0.04013555
v 0.01161790 -0.02052658 -0.03907833
v 0.01028767 -0.01824658 -0.03975470
v 0.01357976 -0.01589202 -0.03975547
v 0.00965501 -0.01716216 -0.03997762
v 0.01050742 0.01831646 -0.03975502
v 0.01378362 0.01590649 -0.03975504
v 0.01667369 -0.02757301 -0.03463640
v 0.01597196 -0.02799045 -0.03463639
v 0.01444264 -0.02536856 -0.03660514
v 0.01819399 -0.02114918 -0.03728872
v 0.02103113 -0.02438029 -0.03463493
v 0.01962342 -0.02553703 -0.03463519
v 0.02187742 -0.01724090 -0.03728847
v 0.02401124 -0.02141260 -0.03463400
v 0.02150288 -0.02396115 -0.03463480
v 0.02471368 -0.01276018 -0.03728829
v 0.02623788 -0.01856812 -0.03463320
v 0.02527622 -0.01987808 -0.03463356
v 0.02650556 -0.00839700 -0.03728820
v 0.02991067 -0.01167451 -0.03463066
v 0.02813775 -0.01549007 -0.03463240
v 0.02765432 -0.00306719 -0.03728822
v 0.03117980 -0.00766318 -0.03463481
v 0.03060998 -0.00968792 -0.03463223
v 0.02774769 0.00233180 -0.03728830
v 0.03212288 0.00068043 -0.03464445
v 0.03192338 -0.00352209 -0.03464122
v 0.02684199 0.00746853 -0.03728826
v 0.03177242 0.00487299 -0.03464011
v 0.03202499 0.00267361 -0.03464291
v 0.02494994 0.01249526 -0.03728817
v 0.02947322 0.01294939 -0.03463261
v 0.03088297 0.00898511 -0.03463461
v 0.02519271 0.02017347 -0.03464050
v 0.02553475 0.01972870 -0.03464004
v 0.02211069 0.01713748 -0.03728817
v 0.02756618 0.01669962 -0.03463598
v 0.02881405 0.01438577 -0.03463339
v 0.02238719 0.02330882 -0.03464028
v 0.01845555 0.02110989 -0.03728838
v 0.02132432 0.02430476 -0.03463858
v 0.01919893 0.02605400 -0.03463608
v 0.01410176 0.02431420 -0.03728834
v 0.01631135 0.02800117 -0.03463489
v 0.00922057 0.02663563 -0.03728824
v 0.01190137 0.03020800 -0.03463576
v 0.01568456 0.02836723 -0.03463500
v 0.00378294 0.03235267 -0.03463617
v 0.00467733 0.03222407 -0.03463587
v 0.00400452 0.02798040 -0.03728836
v 0.00791177 0.03154386 -0.03463505
v 0.01068746 0.03067605 -0.03463554
v -0.00041552 0.02128244 -0.03976648
v 0.00290945 0.02107505 -0.03975501
v 0.00683351 0.02006195 -0.03975494
v 0.01653135 0.01291580 -0.03975488
v 0.02077195 0.00177513 -0.03975506
v 0.02009076 0.00564004 -0.03975504
v 0.01866698 0.00942222 -0.03975493
v 0.02070026 -0.00228744 -0.03975494
v 0.01983491 -0.00629770 -0.03975489
v 0.01848617 -0.00958051 -0.03975496
v 0.01635172 -0.01295163 -0.03975517
v 0.01568705 -0.01829325 -0.03889966
v 0.01189503 -0.02100160 -0.03889950
v 0.01300770 -0.02290877 -0.03804403
v -0.00041557 0.03262408 -0.03463667
v -0.00041554 0.02829925 -0.03730404
v -0.00041552 0.02448387 -0.03891553
v 0.00340963 0.02422885 -0.03889919
v 0.00792380 0.02306424 -0.03889908
v 0.01214904 0.02105577 -0.03889919
v 0.01591736 0.01828305 -0.03889923
v 0.01907955 0.01484386 -0.03889900
v 0.02153655 0.01082561 -0.03889902
v 0.02317418 0.00647504 -0.03889914
v 0.02395790 0.00202925 -0.03889918
v 0.02387627 -0.00264369 -0.03889906
v 0.02288147 -0.00725665 -0.03889903
v 0.02133031 -0.01103290 -0.03889912
v 0.01887530 -0.01491081 -0.03889935
v -0.03878339 -0.02547010 -0.01147338
v -0.03899483 -0.02563434 -0.00049543
v -0.03890852 -0.02561345 -0.00049542
v -0.03920183 -0.02572315 -0.00049546
v -0.03910400 -0.02567725 -0.01150368
v -0.03932707 -0.02582200 -0.00049548
v -0.03921748 -0.02583384 -0.01151912
v -0.03937817 -0.02588015 -0.00049549
v -0.03928705 -0.02601187 -0.01153338
v -0.03950202 -0.02611621 -0.00049552
v -0.03944555 -0.02652772 -0.00840220
v -0.03959250 -0.02658298 -0.00049758
v -0.03901177 -0.02591269 -0.01675218
v -0.03923578 -0.02634289 -0.01283804
v -0.03930195 -0.02642303 -0.01155837
v -0.03900529 -0.02547218 -0.01705300
v -0.03883762 -0.02490743 -0.01976216
v -0.03880040 -0.02526035 -0.01992483
v -0.03865493 -0.02403053 -0.02238020
v -0.03860935 -0.02443724 -0.02239482
v -0.03846916 -0.02274882 -0.02482032
v -0.03843054 -0.02337428 -0.02451293
v -0.03823798 -0.02186408 -0.02662164
v -0.03829420 -0.02104118 -0.02698740
v -0.03815398 -0.02109974 -0.02746578
v -0.03804135 -0.01999476 -0.02850903
v -0.03813384 -0.01898502 -0.02883560
v -0.03790678 -0.01858359 -0.02961023
v -0.03797694 -0.01666330 -0.03034849
v -0.03783175 -0.01776516 -0.03015421
v -0.03780595 -0.01415118 -0.03153447
v -0.03763487 -0.01545652 -0.03138252
v -0.03737023 -0.01244377 -0.03252558
v -0.03761005 -0.01152410 -0.03244749
v -0.03700995 -0.00887003 -0.03349796
v -0.03706507 -0.00611602 -0.03372316
v -0.03670353 -0.00621991 -0.03400713
v -0.03894743 -0.02530163 -0.01700312
v -0.03884365 -0.02514797 -0.01695321
v -0.03868835 -0.02459445 -0.01962350
v -0.03855462 -0.02447267 -0.01955912
v -0.03839941 -0.02361070 -0.02211642
v -0.03852510 -0.02373039 -0.02219896
v -0.03824944 -0.02235596 -0.02449638
v -0.03836466 -0.02247079 -0.02459724
v -0.03811919 -0.02068191 -0.02660550
v -0.03822145 -0.02079018 -0.02672543
v -0.03802817 -0.01865014 -0.02838715
v -0.03810997 -0.01875459 -0.02853080
v -0.03796471 -0.01635741 -0.02984252
v -0.03801733 -0.01645585 -0.03000920
v -0.03789017 -0.01388462 -0.03100046
v -0.03791045 -0.01397224 -0.03118214
v -0.03777774 -0.01130055 -0.03191014
v -0.03776807 -0.01137467 -0.03209819
v -0.03738602 -0.00595569 -0.03313074
v -0.03732952 -0.00600763 -0.03335300
v -0.03774325 -0.01122518 -0.03171295
v -0.03754371 -0.00979014 -0.03160830
v -0.03739581 -0.00590791 -0.03290019
v -0.03741976 -0.00678637 -0.03227022
v -0.03735044 -0.00582023 -0.03243912
v -0.03798316 -0.02059772 -0.02650700
v -0.03761656 -0.02050160 -0.02637524
v -0.03757737 -0.01957067 -0.02721471
v -0.03790617 -0.01856112 -0.02826330
v -0.03754553 -0.01815491 -0.02825062
v -0.03753969 -0.01743021 -0.02869694
v -0.03786623 -0.01626607 -0.02968839
v -0.03754199 -0.01609393 -0.02940762
v -0.03782292 -0.01379823 -0.03082016
v -0.03756511 -0.01331883 -0.03055250
v -0.03756313 -0.01105796 -0.03126769
v -0.03854167 -0.02494105 -0.01686314
v -0.03839666 -0.02439170 -0.01950362
v -0.03824748 -0.02352925 -0.02204808
v -0.03810478 -0.02227359 -0.02441472
v -0.03721860 -0.00606202 -0.03355286
v -0.03771225 -0.01144876 -0.03227720
v -0.03878639 -0.02474379 -0.01969256
v -0.03861379 -0.02387481 -0.02228908
v -0.03844097 -0.02260580 -0.02470824
v -0.03828222 -0.02091311 -0.02685624
v -0.03814660 -0.01886832 -0.02868380
v -0.03802176 -0.01655873 -0.03018056
v -0.03788230 -0.01406114 -0.03136143
v -0.03790446 -0.02372538 -0.02136756
v -0.03784113 -0.02325880 -0.02245646
v -0.03773259 -0.02221032 -0.02430975
v -0.03765642 -0.02119680 -0.02563463
v 0.00383735 0.03277130 -0.03430303
v 0.00808409 0.03219606 -0.03397479
v 0.00811209 0.03230224 -0.03357562
v 0.01219763 0.03093372 -0.03357577
v 0.01114422 0.03136284 -0.03303836
v 0.01220431 0.03095062 -0.03303836
v 0.01794462 0.02792198 -0.03303834
v 0.01968181 0.02669481 -0.03303834
v 0.01967104 0.02668015 -0.03357587
v 0.02836058 0.01693074 -0.03303830
v 0.03021088 0.01326714 -0.03303829
v 0.03019411 0.01325969 -0.03357491
v 0.03143130 0.00995539 -0.03303828
v 0.03165396 0.00920496 -0.03303828
v 0.03163652 0.00919981 -0.03357535
v 0.03065708 -0.01196672 -0.03303823
v 0.02884029 -0.01587613 -0.03303821
v 0.02882987 -0.01586979 -0.03351408
v 0.03195532 -0.00785585 -0.03303824
v 0.03064020 -0.01195963 -0.03357414
v 0.03291520 0.00069417 -0.03303825
v 0.03271228 -0.00361203 -0.03303824
v 0.03269513 -0.00360998 -0.03357656
v 0.03256029 0.00499035 -0.03303827
v 0.03254294 0.00498776 -0.03357648
v 0.03283678 0.00246478 -0.03303826
v 0.03289820 0.00069393 -0.03357737
v 0.02824003 0.01709963 -0.03357578
v 0.02825545 0.01710916 -0.03303830
v 0.02582056 0.02066634 -0.03303831
v 0.02293424 0.02386693 -0.03357682
v 0.02294657 0.02387975 -0.03303833
v 0.02378522 0.02302588 -0.03303832
v 0.01607230 0.02904917 -0.03357560
v 0.01608114 0.02906514 -0.03303835
v 0.00811663 0.03231991 -0.03303837
v 0.00388642 0.03314976 -0.03303837
v 0.03153121 0.00916974 -0.03397449
v 0.03243700 0.00497196 -0.03397756
v 0.03279302 0.00069211 -0.03397998
v -0.00041558 0.03342677 -0.03303835
v 0.00388412 0.03313161 -0.03357605
v 0.00386997 0.03302241 -0.03397544
v 0.02986039 0.01311595 -0.03430017
v 0.03128842 0.00910057 -0.03430189
v 0.03218944 0.00493510 -0.03430672
v 0.03254448 0.00068779 -0.03431053
v 0.02814606 0.01704366 -0.03397533
v 0.02572224 0.02058868 -0.03397787
v 0.02552483 0.02043382 -0.03430699
v 0.02268273 0.02361021 -0.03430669
v 0.01960513 0.02659256 -0.03397534
v 0.01601811 0.02895359 -0.03397474
v 0.01589313 0.02873383 -0.03430213
v 0.01206087 0.03059850 -0.03430283
v 0.02872834 -0.01581370 -0.03397284
v 0.03053791 -0.01191940 -0.03397214
v 0.02846781 -0.01567083 -0.03434093
v 0.03030269 -0.01182749 -0.03429858
v 0.03250331 -0.00514927 -0.03303824
v 0.03193797 -0.00785132 -0.03357514
v 0.03183261 -0.00782504 -0.03397451
v 0.03158855 -0.00776448 -0.03430217
v 0.03234205 -0.00356971 -0.03430777
v 0.03258972 -0.00359791 -0.03397813
v 0.03009287 0.01321600 -0.03397339
v 0.02792901 0.01691482 -0.03430307
v 0.02580685 0.02065522 -0.03357678
v 0.02285867 0.02378971 -0.03397772
v 0.01945301 0.02639080 -0.03430301
v 0.01215632 0.03083230 -0.03397520
v 0.00801954 0.03195165 -0.03430220
v -0.00041558 0.03340856 -0.03357607
v -0.00041557 0.03329886 -0.03397565
v -0.00041557 0.03304611 -0.03430344
v -0.03051793 0.01579363 -0.03397411
v -0.03030796 0.01565314 -0.03430201
v -0.03246851 0.01148603 -0.03430077
v -0.03379542 0.00697569 -0.03463193
v -0.03513216 0.00252507 -0.03463025
v -0.03550183 0.00262303 -0.03434623
v -0.03209019 0.01129822 -0.03463284
v -0.03419187 0.00712360 -0.03430038
v -0.02995345 0.01542367 -0.03463484
v -0.02850919 0.01767651 -0.03463454
v -0.02425012 0.02273170 -0.03463428
v -0.02734196 0.01926530 -0.03463433
v -0.02766619 0.01953564 -0.03430107
v -0.01680599 0.02825345 -0.03463623
v -0.01700882 0.02862282 -0.03430194
v -0.01479206 0.02928845 -0.03463711
v -0.01276801 0.03063805 -0.03430435
v -0.01260993 0.03024701 -0.03463786
v -0.03442744 0.00721411 -0.03397208
v -0.03269371 0.01160191 -0.03397353
v -0.02785797 0.01969979 -0.03397296
v -0.02793696 0.01977603 -0.03357318
v -0.02453830 0.02304027 -0.03430112
v -0.02470942 0.02322678 -0.03397344
v -0.02110872 0.02629174 -0.03397328
v -0.01286240 0.03087161 -0.03397604
v -0.01712964 0.02884344 -0.03397330
v -0.02096192 0.02608646 -0.03430113
v -0.02071516 0.02574457 -0.03463446
v -0.03566452 0.00266636 -0.03417793
v -0.03579053 0.00270025 -0.03397952
v -0.03586759 0.00272144 -0.03375575
v -0.03060499 0.01586104 -0.03357450
v -0.03278868 0.01165898 -0.03357463
v -0.03452766 0.00725786 -0.03357181
v -0.03590202 0.00273154 -0.03352026
v -0.01718134 0.02893902 -0.03357321
v -0.02117064 0.02638207 -0.03357385
v -0.02478058 0.02331103 -0.03357406
v -0.01290317 0.03097249 -0.03357597
v -0.03591333 0.00273673 -0.03304379
v -0.03454129 0.00727350 -0.03303404
v -0.03279898 0.01168064 -0.03303766
v -0.03061228 0.01588417 -0.03303695
v -0.02980913 0.01717568 -0.03303621
v -0.02794265 0.01979808 -0.03303540
v -0.02637873 0.02166859 -0.03303580
v -0.01290985 0.03098921 -0.03303804
v -0.01718897 0.02895526 -0.03303513
v -0.02117768 0.02639941 -0.03303637
v -0.02290622 0.02503584 -0.03303674
v -0.02478650 0.02333079 -0.03303642
v -0.00662713 0.03202279 -0.03463523
v -0.00670765 0.03243665 -0.03430219
v -0.00675588 0.03268461 -0.03397469
v -0.00677679 0.03279225 -0.03357549
v -0.00678020 0.03281013 -0.03303822
v 0.01637602 -0.02914371 -0.03312025
v 0.01907128 -0.02727376 -0.03307384
v 0.01919665 -0.02717735 -0.03307242
v 0.02009338 -0.02646225 -0.03306209
v 0.02264875 -0.02414008 -0.03304386
v 0.02496891 -0.02158528 -0.03303845
v 0.02498669 -0.02156641 -0.03299732
v 0.02703855 -0.01882150 -0.03303796
v -0.00642197 0.02041171 -0.03976649
v -0.00442875 0.02089737 -0.03976649
v -0.01145737 0.02739457 -0.03662889
v -0.00841093 0.02713824 -0.03730415
v -0.00732944 0.02348072 -0.03891562
v -0.00575792 0.02778519 -0.03730413
v -0.01025367 0.02440895 -0.03822254
v -0.00918255 0.02175737 -0.03923215
v -0.00800801 0.01886685 -0.03993254
v -0.00503519 0.02403996 -0.03891561
v -0.03720488 -0.00427397 -0.03266407
v -0.03701268 -0.00272565 -0.03283256
v -0.03652772 0.00001646 -0.03299101
v -0.03649069 -0.00460427 -0.03423570
v -0.03624880 -0.00298565 -0.03440707
v -0.03686158 -0.00451012 -0.03395446
v -0.03702161 -0.00446268 -0.03378576
v -0.03714061 -0.00441675 -0.03358674
v -0.03720648 -0.00437506 -0.03336388
v -0.03722677 -0.00433852 -0.03313134
v -0.03662316 -0.00290143 -0.03412745
v -0.03678675 -0.00286066 -0.03396023
v -0.03691182 -0.00282340 -0.03376263
v -0.03698581 -0.00279208 -0.03353984
v -0.03701520 -0.00276684 -0.03330566
v -0.03600992 -0.00156741 -0.03451065
v 0.01624152 -0.02855166 -0.03402190
v 0.01983595 -0.02582716 -0.03431578
v 0.01998553 -0.02608134 -0.03393581
v 0.02007032 -0.02629363 -0.03351230
v 0.02670707 -0.01852336 -0.03433507
v 0.02237281 -0.02363031 -0.03431998
v 0.02466981 -0.02118601 -0.03432579
v 0.02703110 -0.01878067 -0.03350944
v 0.02495790 -0.02150514 -0.03350447
v 0.02263290 -0.02401870 -0.03350400
v 0.02693759 -0.01869019 -0.03396225
v 0.02486949 -0.02137749 -0.03394851
v 0.02254680 -0.02385085 -0.03393949
v 0.00785460 -0.03376218 -0.03391394
v 0.00752825 -0.03303098 -0.03451907
v 0.01054833 -0.03209548 -0.03393488
v 0.00819908 -0.03435670 -0.03319448
v 0.01080626 -0.03268744 -0.03317611
v 0.01359537 -0.03091397 -0.03315024
v 0.01092118 -0.03511061 -0.03118267
v 0.01086347 -0.03374054 -0.03215136
v 0.00522575 -0.03761289 -0.03245568
v 0.00522839 -0.03932749 -0.03190587
v 0.01100914 -0.03819459 -0.02976393
v 0.00523745 -0.04198464 -0.03146075
v 0.01105829 -0.04151771 -0.02889920
v 0.00523566 -0.04424119 -0.03127591
v 0.01108259 -0.04492823 -0.02842848
v 0.00522946 -0.04638726 -0.03119001
v 0.01112296 -0.05178868 -0.02818951
v 0.00522886 -0.05179593 -0.03115700
v 0.01383282 -0.05118165 -0.02633190
v 0.01381718 -0.04745716 -0.02642636
v 0.02124651 -0.06760732 -0.01855325
v 0.01935208 -0.06760684 -0.02112489
v 0.00676324 -0.06760146 -0.03069329
v -0.00564554 -0.06751991 -0.03348780
v -0.00245451 -0.06760088 -0.03322382
v 0.00376886 -0.06760158 -0.03183257
v 0.00068289 -0.06760242 -0.03267929
v 0.00961916 -0.06760076 -0.02928101
v 0.01233031 -0.06760036 -0.02760185
v 0.01488081 -0.06760349 -0.02566259
v 0.01722788 -0.06760631 -0.02349809
v 0.02613287 -0.06760698 -0.00684083
v 0.02534078 -0.06760690 -0.00994176
v 0.02425881 -0.06760726 -0.01293909
v 0.02288930 -0.06760751 -0.01581432
v 0.02679567 -0.06768367 -0.00049922
v 0.02663027 -0.06760723 -0.00367904
v -0.00764248 -0.06761872 -0.03346614
v -0.01410805 -0.06761972 -0.03277193
v -0.01160344 -0.06742815 -0.03319551
v -0.01088618 -0.06762180 -0.03325057
v -0.03269052 -0.06739918 -0.02302913
v -0.03160639 -0.06739492 -0.02414472
v -0.03140893 -0.06760801 -0.02426885
v -0.02901546 -0.06738793 -0.02637477
v -0.02892933 -0.06760634 -0.02638269
v -0.02609446 -0.06738595 -0.02834657
v -0.02622628 -0.06760655 -0.02821781
v -0.02446127 -0.06738687 -0.02925807
v -0.02336346 -0.06760957 -0.02976337
v -0.02283265 -0.06738897 -0.03005373
v -0.02037642 -0.06761225 -0.03102903
v -0.01927557 -0.06739707 -0.03145529
v -0.01728098 -0.06761550 -0.03203137
v -0.01549793 -0.06741019 -0.03251233
v -0.01356332 -0.06741857 -0.03290093
v -0.03709438 -0.06760763 -0.01635668
v -0.03555128 -0.06741197 -0.01928904
v -0.03554279 -0.06760117 -0.01921262
v -0.03370353 -0.06740340 -0.02185859
v -0.03362981 -0.06760482 -0.02186934
v -0.03912442 -0.06761128 -0.01015611
v -0.03822113 -0.06742845 -0.01365437
v -0.03828857 -0.06761193 -0.01331719
v -0.03767151 -0.06742435 -0.01513950
v -0.03705250 -0.06742030 -0.01655350
v -0.03990997 -0.06745484 -0.00318156
v -0.03966050 -0.06744564 -0.00695889
v -0.03962882 -0.06761409 -0.00695622
v -0.03961805 -0.06744473 -0.00732880
v -0.03907105 -0.06743655 -0.01058539
v -0.03991727 -0.06761726 -0.00049899
v -0.03994139 -0.06746190 -0.00049725
v -0.03994247 -0.05862613 -0.00049734
v -0.03982224 -0.05862609 -0.00509283
v -0.03944127 -0.05862606 -0.00861175
v -0.03903253 -0.05862604 -0.01075797
v -0.03876176 -0.05862603 -0.01185919
v -0.03778574 -0.05862600 -0.01485172
v -0.03651182 -0.05862596 -0.01763137
v -0.03558930 -0.05862594 -0.01922852
v -0.03476714 -0.05862593 -0.02046120
v -0.03268838 -0.05862588 -0.02303146
v -0.01953354 -0.05862569 -0.03136772
v -0.02109441 -0.05862570 -0.03079238
v -0.02447069 -0.05862575 -0.02925315
v -0.02753770 -0.05862579 -0.02743282
v -0.02898583 -0.05862582 -0.02639735
v -0.03027872 -0.05862584 -0.02535477
v -0.01923347 -0.05862569 -0.03146939
v -0.01744317 -0.05862567 -0.03201930
v -0.01357505 -0.05862563 -0.03289887
v -0.00957653 -0.05862560 -0.03339786
v -0.03941368 -0.05237279 -0.00805332
v -0.03893662 -0.04995102 -0.01012356
v -0.03827642 -0.05276868 -0.01303159
v -0.03662268 -0.03356772 -0.02034388
v -0.03501020 -0.03628455 -0.02241073
v -0.03612437 -0.04051696 -0.01811500
v -0.03639002 -0.01726772 -0.03221304
v -0.03526966 -0.01850747 -0.03283199
v -0.03629117 -0.02083405 -0.03084769
v -0.02394856 -0.05165063 -0.02966954
v -0.02221298 -0.04922332 -0.03062502
v -0.01907546 -0.05163345 -0.03163232
v -0.03250098 -0.05490494 -0.02317600
v -0.03144023 -0.05624307 -0.02428489
v -0.03291214 -0.05827921 -0.02278099
v -0.02679419 -0.04913149 -0.02822194
v -0.02835018 -0.05149442 -0.02697788
v -0.02959383 -0.05018098 -0.02605105
v -0.02048354 -0.04677275 -0.03151620
v -0.01875451 -0.04428848 -0.03235432
v -0.01533790 -0.04656715 -0.03289099
v -0.02704524 -0.05278786 -0.02784047
v -0.03179443 -0.04386114 -0.02459420
v -0.03073023 -0.04164124 -0.02629099
v -0.02945531 -0.04295116 -0.02715907
v -0.02701931 -0.03842126 -0.03024079
v -0.02854856 -0.03720321 -0.02965368
v -0.02733752 -0.03492706 -0.03128519
v -0.01588791 -0.05402019 -0.03245133
v -0.03993347 -0.04348533 -0.00049750
v -0.03993080 -0.04264182 -0.00049744
v -0.03990150 -0.04145342 -0.00161572
v -0.03981645 -0.03325545 -0.00048023
v -0.03977129 -0.03130184 -0.00048322
v -0.03975867 -0.03096150 -0.00079576
v -0.03973383 -0.02994814 -0.00048779
v -0.03740243 -0.02503740 -0.02610779
v -0.03763834 -0.02698912 -0.02351391
v -0.03738187 -0.01600086 -0.03151968
v -0.00390322 -0.02300315 -0.03929088
v -0.00743517 -0.02089947 -0.03959326
v 0.00328863 -0.01958044 -0.03996195
v -0.00858906 -0.05108674 -0.03352845
v -0.01194180 -0.04883382 -0.03329508
v -0.01267908 -0.05639081 -0.03306003
v -0.00434676 -0.03797770 -0.03464605
v -0.00809891 -0.04346954 -0.03389389
v 0.01339865 -0.02543207 -0.03686227
v 0.00975390 -0.03077846 -0.03506520
v 0.01009432 -0.02360915 -0.03835426
v 0.00671293 -0.02163904 -0.03936311
v -0.00040234 -0.02507581 -0.03875932
v -0.01815167 -0.01449235 -0.03948141
v -0.01457073 -0.01663872 -0.03966946
v -0.01868906 -0.02219953 -0.03803387
v -0.02170062 -0.01232742 -0.03913125
v -0.02515848 -0.01012759 -0.03860779
v -0.02108415 -0.00447695 -0.03979985
v -0.02444196 -0.00224563 -0.03922360
v -0.02044099 0.00336773 -0.03993564
v -0.01571276 0.01656259 -0.03946099
v -0.01970057 0.01115094 -0.03953952
v -0.01168176 0.02177481 -0.03888863
v -0.00854748 0.01954524 -0.03978052
v -0.01470565 0.02394057 -0.03751246
v -0.02175125 0.02092535 -0.03657617
v -0.01760973 0.02602092 -0.03567384
v -0.02577366 0.01557718 -0.03678565
v -0.03336761 0.00461171 -0.03538864
v -0.02966068 0.01009570 -0.03635606
v -0.03427126 -0.00320052 -0.03561927
v -0.03587893 -0.00589909 -0.03459984
v -0.03630318 -0.01356568 -0.03327437
v -0.03697956 -0.02300023 -0.02857909
v -0.03726543 -0.01956551 -0.03016541
v -0.03787176 -0.03083678 -0.01824843
v -0.03975254 -0.03059792 -0.00048541
v -0.03935500 -0.02936762 -0.00842421
v -0.03969852 -0.03382202 -0.00345359
v -0.03984994 -0.03497680 -0.00048196
v -0.03993073 -0.04262297 -0.00049744
v -0.03992573 -0.04143189 -0.00049724
v -0.03991899 -0.04024049 -0.00049645
v -0.03993598 -0.05363302 -0.00049739
v -0.03993455 -0.05160799 -0.00049739
v -0.03987980 -0.05198180 -0.00295295
v -0.03993440 -0.05003387 -0.00049738
v -0.03994223 -0.05842978 -0.00049759
v -0.03972291 -0.05479260 -0.00593454
v -0.03994101 -0.05762594 -0.00049735
v -0.03938115 -0.05757934 -0.00894994
v -0.03594742 -0.05830762 -0.01864102
v -0.02284114 -0.05657651 -0.03005946
v -0.02428302 -0.05532560 -0.02937908
v -0.01136885 -0.02640556 -0.03793178
v 0.00645448 -0.02901488 -0.03672553
v 0.00279285 -0.03442531 -0.03498328
v -0.00063452 -0.03251215 -0.03612229
v 0.00305753 -0.02709397 -0.03793413
v -0.01529243 -0.03181269 -0.03585018
v -0.01524745 -0.03918428 -0.03394033
v -0.01888448 -0.03701985 -0.03377791
v -0.02054512 -0.03952876 -0.03273294
v -0.02401323 -0.03725525 -0.03212127
v -0.02966290 -0.03943143 -0.02798233
v -0.02670485 -0.04551466 -0.02872166
v -0.02380573 -0.04080972 -0.03124442
v -0.02370257 -0.04438897 -0.03055795
v -0.02214289 -0.04198109 -0.03166253
v -0.01502833 -0.02431305 -0.03809128
v -0.01157972 -0.03388779 -0.03560476
v -0.00415149 -0.03051629 -0.03695685
v -0.00792002 -0.03594400 -0.03519864
v -0.01163798 -0.04133149 -0.03397043
v -0.02524728 -0.04676736 -0.02941297
v -0.02568689 -0.05406385 -0.02864015
v -0.03288639 -0.04611473 -0.02289906
v -0.03186807 -0.04748990 -0.02400769
v -0.03436947 -0.05216790 -0.02077481
v -0.03347886 -0.05354648 -0.02200484
v -0.03478064 -0.05593010 -0.02037810
v -0.03667393 -0.05694470 -0.01729397
v -0.03076870 -0.04884607 -0.02506017
v -0.03030231 -0.05756224 -0.02533067
v -0.02543472 -0.03962352 -0.03077135
v -0.02811057 -0.04424276 -0.02797033
v -0.03265526 -0.02090146 -0.03387474
v -0.02961126 -0.02319266 -0.03469131
v -0.03393526 -0.02328705 -0.03202897
v -0.03110006 -0.02563732 -0.03299710
v -0.03488242 -0.02551552 -0.02992604
v -0.03228193 -0.02793672 -0.03108624
v -0.03555023 -0.02761455 -0.02763771
v -0.03319812 -0.03011327 -0.02901659
v -0.03600980 -0.02962439 -0.02523493
v -0.03448935 -0.03424405 -0.02462799
v -0.03634086 -0.03159245 -0.02278420
v -0.03390990 -0.03220170 -0.02684578
v -0.03943206 -0.03664515 -0.00608317
v -0.03892437 -0.03214606 -0.01084897
v -0.03895807 -0.03945159 -0.00870430
v -0.03971598 -0.04430086 -0.00441805
v -0.03938977 -0.04712849 -0.00724479
v -0.03993494 -0.04866572 -0.00049744
v -0.03993452 -0.04956979 -0.00049739
v -0.03988271 -0.03694731 -0.00048784
v -0.03874391 -0.02809610 -0.01611183
v -0.03823341 -0.03492014 -0.01324739
v -0.03729936 -0.03771074 -0.01566538
v -0.03832223 -0.04226822 -0.01136494
v -0.03752761 -0.04510196 -0.01408233
v -0.03466821 -0.04332640 -0.02055297
v -0.03650504 -0.04794428 -0.01681817
v -0.03517026 -0.05077148 -0.01949269
v -0.03744288 -0.05034809 -0.01495439
v -0.03629566 -0.05316471 -0.01774004
v -0.03730239 -0.05556478 -0.01590255
v -0.03811330 -0.05794895 -0.01396072
v -0.03892146 -0.05517517 -0.01102055
v -0.01879711 0.01877792 -0.03827104
v -0.02281079 0.01338462 -0.03841602
v -0.02675871 0.00786154 -0.03801299
v -0.03062718 0.00231055 -0.03710032
v -0.02367375 0.00561289 -0.03918936
v -0.02763925 0.00001867 -0.03835630
v -0.03149701 -0.00556683 -0.03691328
v -0.03328948 -0.00831368 -0.03592358
v -0.02845051 -0.00787749 -0.03788866
v -0.02918431 -0.01568492 -0.03669144
v -0.03223281 -0.01338388 -0.03583564
v -0.03039527 -0.01066025 -0.03696086
v -0.03491437 -0.01099141 -0.03472352
v -0.02584553 -0.01790505 -0.03733360
v -0.02231589 -0.02006801 -0.03777957
v -0.02435552 -0.02278327 -0.03663731
v -0.02074054 -0.02492364 -0.03694427
v -0.02268816 -0.02757656 -0.03570508
v -0.01901362 -0.02971136 -0.03589303
v -0.02443978 -0.03012942 -0.03433483
v -0.02082788 -0.03230845 -0.03468683
v -0.02598131 -0.03257604 -0.03285369
v -0.02248787 -0.03482141 -0.03342846
v -0.03388898 -0.01601293 -0.03447803
v -0.03103746 -0.01835530 -0.03541559
v -0.02782357 -0.02060326 -0.03612912
v -0.02625029 -0.02540817 -0.03530050
v -0.02789578 -0.02790948 -0.03376640
v -0.02927810 -0.03028344 -0.03206569
v -0.03042896 -0.03254654 -0.03023991
v -0.03139888 -0.03472676 -0.02833077
v -0.03224880 -0.03685891 -0.02637749
v -0.03304167 -0.03898037 -0.02441422
v -0.03383416 -0.04112654 -0.02246736
v -0.00285023 -0.04536437 -0.03331112
v -0.00012691 -0.04534650 -0.03279072
v -0.00010748 -0.05021483 -0.03274892
v 0.00434800 -0.03736064 -0.03293597
v 0.00289969 -0.03846507 -0.03303861
v -0.00009723 -0.04296692 -0.03293767
v 0.00003199 -0.04069123 -0.03331389
v 0.00269534 -0.04071330 -0.03246372
v 0.02685262 -0.05496097 -0.00049808
v 0.02654241 -0.05153534 -0.00461222
v 0.02633256 -0.05153478 -0.00593396
v 0.02633071 -0.05497870 -0.00595473
v 0.02591838 -0.05153470 -0.00790184
v 0.02492611 -0.05502910 -0.01123873
v 0.02497049 -0.05154527 -0.01111080
v -0.03578675 -0.00299342 -0.03344090
v -0.03588847 -0.00296613 -0.03324767
v -0.00757792 0.03160442 -0.03309232
v -0.00879875 0.03128652 -0.03313798
v -0.00933619 0.03113035 -0.03315684
v -0.01717870 0.02895547 0.03244072
v -0.01669694 0.02808390 0.03244055
v -0.02117909 0.02639762 0.03244187
v -0.02058639 0.02559499 0.03244162
v -0.02290523 0.02503441 0.03244211
v -0.02478365 0.02332921 0.03244167
v -0.02408646 0.02261532 0.03244091
v -0.02637715 0.02166719 0.03244103
v -0.02533313 0.02133251 0.03244055
v -0.02794221 0.01979725 0.03244053
v -0.02715776 0.01918546 0.03244210
v -0.02980590 0.01717282 0.03244035
v -0.02847585 0.01738275 0.03244361
v -0.03060191 0.01588766 0.03244040
v -0.02975080 0.01538075 0.03244301
v -0.03278323 0.01168967 0.03244117
v -0.03187957 0.01128007 0.03243908
v -0.03453682 0.00727950 0.03244307
v -0.03368625 0.00668854 0.03243783
v -0.03494679 0.00247971 0.03244617
v -0.03591330 0.00273345 0.03244631
v -0.03359468 0.00695563 0.03243767
v -0.03489008 0.00622744 0.03244370
v -0.03652757 0.00000853 0.03241484
v -0.03601298 -0.00287317 0.03232668
v -0.03700435 -0.00274270 0.03230688
v -0.03733233 -0.00623115 0.03198161
v -0.03640544 -0.00730496 0.03202154
v -0.03738771 -0.00723221 0.03184695
v -0.03652595 -0.00984954 0.03171498
v -0.03751126 -0.01262863 0.03069370
v -0.03665311 -0.01277878 0.03118329
v -0.03748086 -0.01621189 0.02929894
v -0.03683441 -0.01654040 0.02999136
v -0.03746829 -0.01678183 0.02900343
v -0.03686511 -0.01715012 0.02971630
v -0.03739172 -0.01958819 0.02709962
v -0.03749764 -0.02471690 0.01781808
v -0.03730185 -0.02445208 0.02215108
v -0.03736559 -0.02353110 0.02175672
v -0.03716630 -0.02275159 0.02515615
v -0.03734388 -0.02194946 0.02457511
v -0.03709257 -0.02153890 0.02658863
v -0.03701896 -0.02018385 0.02781868
v -0.03785250 -0.02554472 0.00868706
v -0.03770173 -0.02530979 0.01327035
v 0.01570800 -0.05001820 0.02350764
v 0.01637669 -0.05003605 0.02425085
v 0.01667787 -0.05061692 0.02256591
v 0.01738541 -0.05063172 0.02327647
v 0.01770097 -0.05100924 0.02148295
v 0.01844123 -0.05102347 0.02215167
v 0.01964426 -0.05136392 0.01910009
v 0.02044451 -0.05137460 0.01968843
v 0.02135147 -0.05148125 0.01652353
v 0.02220975 -0.05148617 0.01703632
v 0.01230873 -0.03362461 0.02994016
v 0.01280140 -0.03411402 0.03066071
v 0.01213698 -0.03697680 0.02830684
v 0.01266487 -0.03728409 0.02910047
v 0.01255198 -0.04133301 0.02679410
v 0.01311261 -0.04149123 0.02760682
v 0.01291959 -0.04376535 0.02615223
v 0.01349896 -0.04386710 0.02696098
v 0.01337063 -0.04607265 0.02559906
v 0.01397182 -0.04612737 0.02639677
v 0.01417463 -0.04821472 0.02486305
v 0.01480477 -0.04823704 0.02563932
v 0.01540649 -0.04977458 0.02378194
v 0.01606693 -0.04979368 0.02453255
v 0.01550873 -0.02896159 0.03213316
v 0.01600993 -0.02969702 0.03258883
v 0.01391222 -0.03030198 0.03180161
v 0.01439697 -0.03098859 0.03234359
v 0.01286596 -0.03170376 0.03110655
v 0.01334651 -0.03231554 0.03173530
v 0.01284029 -0.03388794 0.03079150
v -0.00483658 -0.05862713 0.03244289
v -0.00570134 -0.05674303 0.03247724
v -0.00281839 -0.05863051 0.03224238
v -0.00033145 -0.05676553 0.03181482
v -0.00157624 -0.05863214 0.03206134
v 0.00487110 -0.05863791 0.03031359
v 0.00150784 -0.05863640 0.03139831
v -0.00033549 -0.05863607 0.03183087
v -0.00030470 -0.05509115 0.03180104
v 0.00202197 -0.05511208 0.03122885
v 0.00486507 -0.05514758 0.03026845
v -0.00567992 -0.05506903 0.03250062
v -0.00472513 -0.05506599 0.03242919
v -0.00139417 -0.05508225 0.03200892
v 0.00386243 -0.03645139 0.03247669
v 0.00333205 -0.03687401 0.03247293
v 0.00256141 -0.03752081 0.03247037
v 0.00197248 -0.03803586 0.03247133
v 0.00066292 -0.03923804 0.03247899
v -0.00177858 -0.04177161 0.03250993
v -0.00334536 -0.04384309 0.03253372
v -0.00429331 -0.04566236 0.03252823
v -0.00462729 -0.04653159 0.03252309
v -0.00500695 -0.04780580 0.03251532
v -0.00531316 -0.04934229 0.03250725
v -0.00546182 -0.05058448 0.03250124
v -0.00280571 -0.06297975 0.03231223
v 0.00564543 -0.05863789 0.03000629
v 0.00565638 -0.06112646 0.03003264
v 0.00222927 -0.06298158 0.03126058
v -0.00760141 -0.05876534 0.03250069
v -0.00761711 -0.06316102 0.03250032
v 0.01820517 -0.06962586 -0.00029514
v 0.01493013 -0.06962586 0.01192744
v 0.01737222 -0.06962586 0.00603173
v -0.03068517 -0.06962586 -0.00029514
v 0.00008688 -0.06962586 0.02331708
v -0.02741013 -0.06962586 0.01192744
v -0.02352534 -0.06962586 0.01699020
v -0.02985222 -0.06962586 0.00603173
v 0.01104534 -0.06962586 0.01699020
v 0.00598258 -0.06962586 0.02087499
v -0.01256688 -0.06962586 0.02331708
v -0.00624000 -0.06962586 0.02415003
v -0.01846258 -0.06962586 0.02087499
v -0.00629116 0.03188522 0.03304360
v -0.03601757 -0.00287010 0.03257668
v -0.03602275 -0.00286665 0.03285802
v -0.03494640 0.00248114 0.03274769
v -0.03579562 -0.00147577 0.03295148
v -0.03579265 -0.00148039 0.03265575
v -0.03554630 -0.00018402 0.03270396
v -0.03554671 -0.00018167 0.03300596
v 0.01043701 -0.03317596 0.03145028
v 0.00485729 -0.05248443 0.03023991
v 0.01059531 -0.05179648 0.02734553
v 0.00486364 -0.04709895 0.03024807
v 0.01056853 -0.04485211 0.02757957
v 0.00488003 -0.04524470 0.03029637
v 0.01056144 -0.04136067 0.02805117
v 0.00492607 -0.04113715 0.03061347
v 0.01053952 -0.03791660 0.02893147
v 0.00493878 -0.03871666 0.03107880
v 0.01048491 -0.03465639 0.03041146
v 0.00491357 -0.03704535 0.03167306
v 0.00892103 -0.05863808 0.02844433
v 0.01087560 -0.05863762 0.02728968
v 0.01200119 -0.05863718 0.02653864
v 0.01323097 -0.05118044 0.02553875
v 0.01485525 -0.05863552 0.02430370
v 0.01569273 -0.05863490 0.02354407
v 0.01322220 -0.04741921 0.02562897
v -0.01338716 -0.05876537 0.03192320
v -0.01338716 -0.06316105 0.03192320
v -0.01893405 -0.06316108 0.03051787
v -0.01050964 -0.05876536 0.03232012
v -0.03894153 -0.06729627 0.00103698
v -0.03894189 -0.06316123 0.00103698
v -0.03879458 -0.06316123 0.00545915
v -0.03815012 -0.06316122 0.01010561
v -0.03687476 -0.06316120 0.01443700
v -0.03489394 -0.06316119 0.01845988
v -0.03211065 -0.06316117 0.02218972
v -0.02850851 -0.06316114 0.02550902
v -0.02407235 -0.06316111 0.02833498
v -0.02407235 -0.05876542 0.02833498
v -0.02158075 -0.05876540 0.02951447
v -0.01893405 -0.05876539 0.03051787
v -0.03041183 -0.05876546 0.02390685
v -0.02850851 -0.05876544 0.02550902
v -0.03211065 -0.05876547 0.02218972
v -0.03489394 -0.05876550 0.01845988
v -0.03687476 -0.05876552 0.01443700
v -0.03815012 -0.05876553 0.01010561
v -0.03879458 -0.05876553 0.00545915
v -0.02638546 -0.05876543 0.02699561
v -0.00302628 -0.04530295 0.03233375
v 0.00252879 -0.03808207 0.03219825
v 0.00397125 -0.03690592 0.03213447
v -0.00030738 -0.05022166 0.03177454
v -0.00032758 -0.04286522 0.03197543
v -0.00033301 -0.04531496 0.03181803
v -0.00026145 -0.04042858 0.03240023
v 0.00239031 -0.04054779 0.03153133
v -0.03830163 -0.02531012 0.01329310
v -0.03809751 -0.02471649 0.01784766
v -0.03856788 -0.02558400 0.00000461
v -0.03856763 -0.02558397 0.00050461
v -0.03845207 -0.02554526 0.00870292
v -0.03836888 -0.02543589 0.01145226
v -0.03891049 -0.02561330 0.00000481
v -0.03891193 -0.02561333 0.00050468
v -0.03899526 -0.02563324 0.00050470
v -0.03920493 -0.02572285 0.00000493
v -0.03938147 -0.02587919 0.00000495
v -0.03933028 -0.02581846 0.00050480
v -0.03920738 -0.02572297 0.00050476
v -0.03959313 -0.02658277 0.00000470
v -0.03959915 -0.02658295 0.00050499
v -0.03950372 -0.02611329 0.00000490
v -0.03950439 -0.02611097 0.00050489
v -0.03938398 -0.02587878 0.00050482
v 0.02685900 -0.05862596 0.00050447
v -0.00004414 -0.05674982 0.03277649
v -0.00548644 -0.05673097 0.03346826
v -0.00493102 -0.05862384 0.03345215
v -0.00272922 -0.05862265 0.03323901
v -0.00106536 -0.05862207 0.03298827
v 0.00522833 -0.05513519 0.03119802
v 0.00265090 -0.05862302 0.03211731
v 0.00522804 -0.05862593 0.03124764
v -0.00562825 -0.05507684 0.03350573
v -0.00761230 -0.05482270 0.03351665
v -0.00763810 -0.05672393 0.03350719
v -0.00010261 -0.05508533 0.03278041
v -0.00764355 -0.05862575 0.03349726
v 0.00399603 -0.03718192 0.03323105
v 0.00522801 -0.03629868 0.03321182
v 0.00435838 -0.03503739 0.03442043
v -0.00543030 -0.05103973 0.03352371
v -0.00742534 -0.05099886 0.03356840
v -0.00501432 -0.04835832 0.03352891
v -0.00697280 -0.04801289 0.03364093
v -0.00628906 -0.04575161 0.03373056
v -0.00431523 -0.04614385 0.03353269
v -0.00597205 -0.04501057 0.03376710
v -0.00520084 -0.04356628 0.03384640
v -0.00323297 -0.04411877 0.03352094
v -0.00384775 -0.04170443 0.03395812
v -0.00244447 -0.04303913 0.03350005
v -0.00187697 -0.04236579 0.03348083
v -0.00201022 -0.03979965 0.03407918
v 0.00034915 -0.04016070 0.03338898
v -0.00125302 -0.03912726 0.03412604
v 0.00051509 -0.03770936 0.03423357
v 0.00236260 -0.03845652 0.03329536
v 0.00296104 -0.03797841 0.03326870
v 0.00373081 -0.03738186 0.03323926
v -0.00764210 -0.06521081 0.03350007
v 0.00605974 -0.06742843 0.03102693
v 0.00239353 -0.06303561 0.03225514
v 0.00276223 -0.06742657 0.03217483
v 0.00602587 -0.05862590 0.03093100
v 0.00603508 -0.06092015 0.03095568
v -0.00069336 -0.06742627 0.03298662
v -0.00272158 -0.06303314 0.03331015
v -0.00271668 -0.06742585 0.03328589
v -0.00764345 -0.06745110 0.03350080
v -0.00564515 -0.06743696 0.03350397
v -0.00405740 -0.06742754 0.03341515
v -0.03984519 -0.06775746 0.00050461
v -0.03991647 -0.06761768 0.00050456
v -0.03994051 -0.06746241 0.00050451
v -0.03993946 -0.05862624 0.00050470
v 0.02682544 -0.06761599 0.00050461
v 0.02674402 -0.06776286 0.00050461
v 0.02685364 -0.06745046 0.00050461
v -0.00002834 -0.07062586 -0.02318222
v -0.01245165 -0.07062586 -0.02318222
v -0.00624000 -0.07062586 -0.02400000
v -0.01824000 -0.07062586 -0.02078461
v -0.02321056 -0.07062586 -0.01697056
v -0.02942222 -0.07062586 0.00621166
v -0.03657291 -0.07062586 0.00845169
v -0.03724354 -0.07062586 0.00555094
v 0.01454461 -0.07062586 -0.01200000
v -0.02942222 -0.07062586 -0.00621166
v -0.02702461 -0.07062586 -0.01200000
v -0.03024000 -0.07062586 -0.00000000
v -0.03118437 -0.07062586 0.01910451
v -0.02702461 -0.07062586 0.01200000
v -0.02321056 -0.07062586 0.01697056
v 0.00576000 -0.07062586 0.02078461
v 0.01073057 -0.07062586 0.01697056
v 0.01380694 -0.07062586 0.02343649
v 0.01787900 -0.07062586 0.01912844
v 0.01454461 -0.07062586 0.01200000
v 0.02096424 -0.07062586 0.01431919
v 0.02231409 -0.07062586 0.01134280
v 0.01694222 -0.07062586 0.00621166
v 0.02317138 -0.07062586 0.00885108
v 0.01694222 -0.07062586 -0.00621166
v 0.01073057 -0.07062586 -0.01697056
v 0.00576000 -0.07062586 -0.02078461
v -0.01414005 -0.07062586 0.03018185
v -0.01866527 -0.07062586 0.02869188
v -0.01245165 -0.07062586 0.02318222
v -0.01824000 -0.07062586 0.02078461
v 0.02395715 -0.07062586 0.00555344
v 0.01776000 -0.07062586 -0.00000000
v 0.02432138 -0.07062586 0.00289454
v -0.03286204 -0.07062586 0.01672605
v -0.03441335 -0.07062586 0.01400195
v -0.03561468 -0.07062586 0.01130771
v -0.01965175 -0.07062586 0.02825916
v -0.02488370 -0.07062586 0.02518591
v -0.02917941 -0.07062586 0.02144288
v -0.00234010 -0.07062586 0.03080121
v -0.00624000 -0.07062586 0.02400000
v -0.00002834 -0.07062586 0.02318222
v 0.00877030 -0.07062586 0.02701237
v 0.00364624 -0.07062586 0.02934978
v 0.00209312 -0.07062586 0.02984773
v -0.00686393 -0.07062586 0.03109987
v -0.00843984 -0.07062586 0.03104983
v -0.01281626 -0.07062586 0.03048137
v -0.03610599 -0.06777432 0.01800831
v -0.03753781 -0.06777976 0.01502560
v -0.03855648 -0.06777491 0.01203696
v -0.03927713 -0.06777013 0.00879470
v -0.03969801 -0.06776298 0.00524151
v -0.02724458 -0.06777411 0.02743300
v -0.02991009 -0.06777781 0.02544002
v -0.03142916 -0.06777998 0.02406974
v -0.03227821 -0.06778003 0.02320788
v -0.03434195 -0.06777515 0.02073888
v -0.02610435 -0.06777328 0.02815738
v -0.02427013 -0.06777250 0.02919035
v -0.02101645 -0.06777073 0.03067944
v -0.02003893 -0.06776988 0.03105214
v -0.01748702 -0.06776909 0.03188243
v -0.01371769 -0.06776982 0.03276274
v -0.01356444 -0.06776983 0.03279032
v -0.00981791 -0.06776843 0.03327407
v -0.00764004 -0.06776492 0.03339050
v -0.00714985 -0.06776451 0.03339937
v -0.00714216 -0.06776450 0.03339947
v -0.00663583 -0.06776261 0.03340281
v -0.00664409 -0.06776270 0.03340277
v -0.00665176 -0.06776275 0.03340275
v -0.00712659 -0.06776448 0.03339964
v -0.00564806 -0.06774200 0.03340247
v -0.00202239 -0.06774189 0.03309913
v 0.00153779 -0.06774501 0.03240561
v 0.00502549 -0.06774577 0.03131990
v 0.00835449 -0.06774696 0.02986877
v 0.01149869 -0.06774721 0.02806900
v 0.01445733 -0.06775080 0.02591693
v 0.01714745 -0.06775523 0.02347272
v 0.01955822 -0.06775703 0.02074512
v 0.02165786 -0.06775851 0.01777395
v 0.02297490 -0.06775927 0.01548381
v 0.02343127 -0.06775946 0.01457883
v 0.02483061 -0.06775979 0.01123038
v 0.02584282 -0.06776052 0.00777616
v 0.02648641 -0.06776161 0.00419414
v -0.00436761 -0.01824119 0.04014840
v -0.00169706 -0.01863714 0.04014570
v 0.00100957 -0.01863446 0.04014112
v -0.00695836 -0.01746215 0.04015208
v -0.00943336 -0.01631056 0.04015439
v -0.01559972 -0.01087301 0.04015429
v -0.01383769 -0.01296096 0.04015467
v -0.01176318 -0.01478644 0.04015482
v -0.01701520 -0.00857850 0.04015301
v -0.01808064 -0.00609901 0.04015357
v -0.01879178 -0.00344264 0.04015636
v -0.01911337 -0.00071885 0.04015804
v -0.01903435 0.00197817 0.04015670
v -0.01855995 0.00469471 0.04015385
v -0.01770758 0.00728632 0.04015233
v -0.01649204 0.00971458 0.04015315
v -0.01493464 0.01193206 0.04015533
v -0.01304697 0.01392467 0.04015619
v -0.01087991 0.01564429 0.04015372
v -0.00853765 0.01699744 0.04015244
v -0.00744644 0.01748140 0.04015166
v -0.00280210 0.01870153 0.04015127
v -0.00515859 0.01824019 0.04015156
v -0.00041542 0.01885561 0.04015103
v 0.00219819 0.01867453 0.04015079
v 0.00486227 0.01809985 0.04015039
v 0.00598768 0.01773248 0.04015029
v 0.00741214 0.01714982 0.04015028
v 0.00979863 0.01583416 0.04015034
v 0.01198006 0.01418291 0.04015031
v 0.01821087 0.00238488 0.04015092
v 0.01768415 0.00502361 0.04015072
v 0.01388344 0.01225058 0.04015037
v 0.01455024 0.01141665 0.04015044
v 0.01549891 0.01003052 0.04015055
v 0.01677607 0.00759883 0.04015061
v 0.01834667 -0.00033363 0.04015094
v 0.01822780 -0.00201010 0.04015084
v 0.01807644 -0.00305622 0.04015080
v 0.01741219 -0.00571220 0.04015094
v 0.01637347 -0.00825049 0.04015114
v 0.01499066 -0.01059326 0.04015105
v 0.01438120 -0.01142149 0.04015107
v 0.01327655 -0.01271500 0.04015134
v 0.01128097 -0.01456176 0.04015188
v 0.00903414 -0.01609774 0.04015139
v 0.00649981 -0.01734444 0.04014996
v 0.00387691 -0.01818537 0.04014820
v 0.00135031 -0.01860552 0.04014608
v 0.01848628 -0.00958069 0.03976035
v 0.01983501 -0.00629788 0.03976028
v 0.00991889 -0.01761650 0.03989452
v 0.01137398 -0.02011644 0.03922777
v 0.01357986 -0.01589220 0.03976086
v 0.00400461 0.02798022 0.03729375
v 0.00467751 0.03222389 0.03464126
v 0.00378305 0.03235249 0.03464157
v 0.00791188 0.03154368 0.03464045
v 0.00922068 0.02663545 0.03729364
v 0.01068752 0.03067590 0.03464093
v 0.01190146 0.03020785 0.03464115
v 0.01410185 0.02431403 0.03729374
v 0.01568465 0.02836705 0.03464039
v 0.01845566 0.02110974 0.03729378
v 0.01919903 0.02605383 0.03464147
v 0.01631142 0.02800099 0.03464029
v 0.02553487 0.01972852 0.03464543
v 0.02519281 0.02017329 0.03464590
v 0.02211079 0.01713730 0.03729356
v 0.02238730 0.02330864 0.03464567
v 0.02132446 0.02430458 0.03464397
v 0.02756629 0.01669947 0.03464137
v 0.02495004 0.01249508 0.03729356
v 0.02881415 0.01438559 0.03463878
v 0.02947331 0.01294924 0.03463800
v 0.02684209 0.00746838 0.03729366
v 0.03088306 0.00898496 0.03464000
v 0.03177251 0.00487284 0.03464551
v 0.02774780 0.00233162 0.03729370
v 0.03202510 0.00267343 0.03464830
v 0.03212298 0.00068028 0.03464984
v 0.02765443 -0.00306736 0.03729361
v 0.03192349 -0.00352224 0.03464662
v 0.03117991 -0.00766333 0.03464020
v 0.02650567 -0.00839715 0.03729360
v 0.03061007 -0.00968807 0.03463762
v 0.02991077 -0.01167466 0.03463605
v 0.02471379 -0.01276036 0.03729368
v 0.02813785 -0.01549022 0.03463779
v 0.02622800 -0.01858144 0.03463900
v 0.02187751 -0.01724105 0.03729387
v 0.02527617 -0.01987814 0.03463898
v 0.02399166 -0.02143507 0.03463932
v 0.01819410 -0.02114936 0.03729411
v 0.02148761 -0.02397480 0.03464027
v 0.01597206 -0.02799060 0.03464178
v 0.01703879 -0.02734648 0.03464168
v 0.01441823 -0.02533116 0.03663545
v 0.01962352 -0.02553721 0.03464058
v 0.02103116 -0.02438038 0.03464024
v 0.01635182 -0.01295181 0.03976056
v 0.02070035 -0.00228759 0.03976033
v 0.01866707 0.00942204 0.03976032
v 0.02009085 0.00563986 0.03976043
v 0.02077204 0.00177495 0.03976046
v 0.01653145 0.01291565 0.03976028
v 0.01378372 0.01590634 0.03976043
v 0.01050751 0.01831631 0.03976041
v 0.00683361 0.02006177 0.03976034
v 0.00290954 0.02107490 0.03976040
v -0.00041542 0.02133928 0.03976047
v -0.00041543 0.02453188 0.03890472
v 0.01287946 -0.02269824 0.03815712
v 0.01568714 -0.01829340 0.03890505
v 0.01887541 -0.01491096 0.03890475
v 0.02133042 -0.01103308 0.03890451
v 0.02288155 -0.00725683 0.03890442
v 0.02387637 -0.00264387 0.03890445
v 0.02395798 0.00202907 0.03890457
v 0.02317427 0.00647486 0.03890453
v 0.02153665 0.01082547 0.03890441
v 0.01907964 0.01484368 0.03890439
v 0.01591745 0.01828287 0.03890462
v 0.01214913 0.02105559 0.03890458
v 0.00792389 0.02306406 0.03890448
v 0.00340973 0.02422870 0.03890459
v -0.00041544 0.02832944 0.03729389
v -0.00041547 0.03262393 0.03464206
v 0.02196962 -0.05862578 0.01742409
v 0.02369082 -0.05862584 0.01424647
v 0.01991201 -0.05862572 0.02039420
v 0.02041151 -0.05862573 0.01973454
v 0.01753554 -0.05862567 0.02313189
v 0.01637669 -0.05862564 0.02427353
v -0.03854159 -0.02494123 0.01686853
v -0.03878330 -0.02547028 0.01147877
v -0.03910392 -0.02567746 0.01150907
v -0.03928696 -0.02601208 0.01153878
v -0.03947825 -0.02655109 0.00754347
v -0.03952974 -0.02657177 0.00594703
v -0.03921741 -0.02583401 0.01152452
v -0.03670343 -0.00622009 0.03401252
v -0.03706496 -0.00611620 0.03372855
v -0.03709292 -0.00974046 0.03330637
v -0.03760992 -0.01152428 0.03245293
v -0.03728032 -0.01168655 0.03278456
v -0.03743488 -0.01335402 0.03224556
v -0.03780583 -0.01415138 0.03153991
v -0.03766821 -0.01591747 0.03118058
v -0.03797682 -0.01666348 0.03035392
v -0.03787923 -0.01824938 0.02983908
v -0.03791007 -0.01858388 0.02960834
v -0.03813373 -0.01898520 0.02884102
v -0.03807354 -0.02030327 0.02823202
v -0.03815401 -0.02109694 0.02746683
v -0.03829411 -0.02104138 0.02699282
v -0.03825463 -0.02201783 0.02644089
v -0.03846906 -0.02274903 0.02482574
v -0.03844278 -0.02346682 0.02436740
v -0.03865483 -0.02403074 0.02238561
v -0.03862298 -0.02450218 0.02222451
v -0.03883752 -0.02490764 0.01976757
v -0.03881717 -0.02532311 0.01967978
v -0.03902370 -0.02594536 0.01655912
v -0.03900521 -0.02547239 0.01705840
v -0.03923871 -0.02634504 0.01279182
v -0.03930210 -0.02641957 0.01156365
v -0.03753959 -0.01743039 0.02870233
v -0.03790608 -0.01856126 0.02826870
v -0.03786615 -0.01626625 0.02969379
v -0.03754543 -0.01815509 0.02825601
v -0.03757726 -0.01957085 0.02722010
v -0.03798307 -0.02059790 0.02651240
v -0.03735033 -0.00582041 0.03244451
v -0.03741966 -0.00678655 0.03227561
v -0.03739571 -0.00590809 0.03290558
v -0.03754362 -0.00979032 0.03161369
v -0.03774315 -0.01122536 0.03171836
v -0.03756303 -0.01105814 0.03127308
v -0.03782283 -0.01379841 0.03082557
v -0.03756502 -0.01331901 0.03055789
v -0.03754188 -0.01609408 0.02941301
v -0.03884357 -0.02514817 0.01695861
v -0.03855454 -0.02447285 0.01956451
v -0.03839658 -0.02439188 0.01950901
v -0.03839932 -0.02361091 0.02212182
v -0.03824739 -0.02352943 0.02205347
v -0.03824936 -0.02235614 0.02450178
v -0.03810469 -0.02227377 0.02442012
v -0.03811911 -0.02068209 0.02661090
v -0.03802808 -0.01865034 0.02839256
v -0.03796462 -0.01635759 0.02984793
v -0.03789008 -0.01388480 0.03100587
v -0.03777764 -0.01130073 0.03191556
v -0.03738592 -0.00595587 0.03313613
v -0.03790437 -0.02372556 0.02137295
v -0.03894734 -0.02530183 0.01700852
v -0.03868827 -0.02459463 0.01962890
v -0.03852502 -0.02373060 0.02220437
v -0.03836457 -0.02247097 0.02460265
v -0.03822137 -0.02079039 0.02673084
v -0.03810988 -0.01875480 0.02853622
v -0.03801724 -0.01645603 0.03001462
v -0.03791034 -0.01397245 0.03118756
v -0.03776797 -0.01137485 0.03210361
v -0.03732941 -0.00600781 0.03335840
v -0.03878631 -0.02474396 0.01969797
v -0.03861371 -0.02387502 0.02229449
v -0.03844088 -0.02260601 0.02471365
v -0.03828213 -0.02091332 0.02686165
v -0.03814650 -0.01886850 0.02868922
v -0.03802165 -0.01655894 0.03018598
v -0.03788219 -0.01406132 0.03136685
v -0.03771213 -0.01144897 0.03228263
v -0.03721850 -0.00606220 0.03355825
v -0.03761646 -0.02050178 0.02638063
v -0.03765632 -0.02119695 0.02564002
v -0.03773250 -0.02221047 0.02431514
v -0.03784104 -0.02325894 0.02246185
v 0.03283688 0.00246460 0.03304365
v 0.03256038 0.00499020 0.03304366
v 0.03254305 0.00498761 0.03358188
v 0.03254458 0.00068764 0.03431593
v 0.03143141 0.00995524 0.03304367
v 0.03021099 0.01326699 0.03304368
v 0.03019419 0.01325951 0.03358030
v 0.02986050 0.01311577 0.03430557
v 0.02792910 0.01691468 0.03430846
v 0.02268283 0.02361003 0.03431209
v 0.01794471 0.02792183 0.03304373
v 0.01608125 0.02906496 0.03304374
v 0.01607241 0.02904899 0.03358099
v 0.01945311 0.02639062 0.03430841
v 0.01114433 0.03136266 0.03304375
v 0.00811674 0.03231974 0.03304376
v 0.00811218 0.03230206 0.03358101
v 0.01206097 0.03059832 0.03430823
v 0.00383745 0.03277115 0.03430842
v -0.00041547 0.03304593 0.03430883
v 0.00388652 0.03314961 0.03304376
v -0.00041547 0.03342659 0.03304374
v 0.00388423 0.03313143 0.03358144
v -0.00041547 0.03340838 0.03358146
v 0.00387007 0.03302224 0.03398084
v -0.00041547 0.03329868 0.03398104
v 0.01220441 0.03095047 0.03304375
v 0.01219772 0.03093357 0.03358116
v 0.00808419 0.03219588 0.03398018
v 0.01215643 0.03083212 0.03398059
v 0.00801963 0.03195147 0.03430759
v 0.01968192 0.02669466 0.03304373
v 0.01967114 0.02668000 0.03358126
v 0.01601821 0.02895344 0.03398013
v 0.01589324 0.02873365 0.03430752
v 0.01960524 0.02659238 0.03398073
v 0.02293435 0.02386675 0.03358221
v 0.02824013 0.01709948 0.03358117
v 0.02580694 0.02065505 0.03358218
v 0.02572234 0.02058850 0.03398326
v 0.02285876 0.02378953 0.03398312
v 0.02582064 0.02066616 0.03304370
v 0.02378532 0.02302570 0.03304372
v 0.02294666 0.02387957 0.03304372
v 0.02825555 0.01710899 0.03304369
v 0.02836068 0.01693056 0.03304369
v 0.02814616 0.01704351 0.03398072
v 0.02552493 0.02043364 0.03431238
v 0.03165404 0.00920482 0.03304367
v 0.03163663 0.00919966 0.03358074
v 0.03009297 0.01321582 0.03397878
v 0.03153132 0.00916956 0.03397989
v 0.03291531 0.00069399 0.03304365
v 0.03289829 0.00069375 0.03358277
v 0.03243710 0.00497181 0.03398295
v 0.03128852 0.00910042 0.03430728
v 0.03218953 0.00493492 0.03431211
v 0.03279310 0.00069196 0.03398537
v 0.03269523 -0.00361012 0.03358195
v 0.03064031 -0.01195978 0.03357953
v 0.03193806 -0.00785147 0.03358053
v 0.03183270 -0.00782522 0.03397991
v 0.03258982 -0.00359808 0.03398352
v 0.03234214 -0.00356986 0.03431316
v 0.03195542 -0.00785603 0.03304363
v 0.03250341 -0.00514941 0.03304363
v 0.03271237 -0.00361221 0.03304364
v 0.03030278 -0.01182764 0.03430397
v 0.02850722 -0.01569255 0.03430539
v 0.03158866 -0.00776466 0.03430757
v 0.03053801 -0.01191958 0.03397753
v 0.02872859 -0.01581397 0.03397852
v 0.02882467 -0.01586699 0.03358003
v 0.03065719 -0.01196687 0.03304362
v 0.02884039 -0.01587628 0.03304360
v -0.03579026 0.00270004 0.03398589
v -0.03554456 0.00263424 0.03431213
v -0.03419177 0.00712345 0.03430577
v -0.01290303 0.03097222 0.03358121
v -0.01290975 0.03098903 0.03304343
v -0.01718887 0.02895511 0.03304052
v -0.01286214 0.03087101 0.03398082
v -0.01718124 0.02893884 0.03357860
v -0.02117758 0.02639923 0.03304176
v -0.02117053 0.02638189 0.03357925
v -0.02290612 0.02503569 0.03304213
v -0.02478049 0.02331088 0.03357946
v -0.01479194 0.02928827 0.03464250
v -0.01700872 0.02862267 0.03430734
v -0.01680589 0.02825327 0.03464163
v -0.02096183 0.02608631 0.03430652
v -0.02071506 0.02574439 0.03463986
v -0.02453819 0.02304010 0.03430652
v -0.02425001 0.02273152 0.03463967
v -0.02766610 0.01953546 0.03430646
v -0.02734186 0.01926515 0.03463973
v -0.02478640 0.02333064 0.03304182
v -0.02637864 0.02166841 0.03304119
v -0.02793686 0.01977588 0.03357857
v -0.02794255 0.01979790 0.03304080
v -0.03060489 0.01586086 0.03357989
v -0.02980903 0.01717550 0.03304161
v -0.03061218 0.01588399 0.03304234
v -0.03279888 0.01168046 0.03304306
v -0.03278858 0.01165880 0.03358002
v -0.03454120 0.00727333 0.03303943
v -0.03452756 0.00725768 0.03357720
v -0.03591322 0.00273655 0.03304918
v -0.03589620 0.00272960 0.03358545
v -0.03442734 0.00721396 0.03397747
v -0.03269360 0.01160176 0.03397892
v -0.03051784 0.01579345 0.03397950
v -0.02785788 0.01969961 0.03397835
v -0.02470933 0.02322663 0.03397883
v -0.02110863 0.02629156 0.03397867
v -0.01712954 0.02884326 0.03397869
v -0.01276772 0.03063739 0.03430902
v -0.03246842 0.01148588 0.03430617
v -0.03030786 0.01565299 0.03430740
v -0.01260982 0.03024686 0.03464325
v -0.02850909 0.01767633 0.03463993
v -0.02995335 0.01542349 0.03464023
v -0.03209009 0.01129804 0.03463823
v -0.03379531 0.00697554 0.03463732
v -0.03513207 0.00252489 0.03463564
v -0.00662702 0.03202261 0.03464063
v -0.00670755 0.03243647 0.03430758
v -0.00675578 0.03268443 0.03398008
v -0.00677669 0.03279207 0.03358088
v -0.00678010 0.03280998 0.03304361
v 0.01637612 -0.02914386 0.03312565
v 0.01958399 -0.02687465 0.03307284
v 0.02009349 -0.02646243 0.03306748
v 0.02498678 -0.02156659 0.03300271
v 0.02703865 -0.01882168 0.03304335
v 0.02264886 -0.02414023 0.03304926
v 0.02496901 -0.02158543 0.03304384
v -0.00838087 0.01979170 0.03975979
v -0.00642188 0.02041153 0.03977188
v -0.00937033 0.02223803 0.03908346
v -0.00732934 0.02348057 0.03892101
v -0.00955819 0.02270249 0.03892104
v -0.01040412 0.02479390 0.03804918
v -0.00841083 0.02713809 0.03730955
v -0.01147158 0.02743293 0.03661030
v -0.00442865 0.02089722 0.03977189
v -0.00503509 0.02403981 0.03892100
v -0.00575782 0.02778501 0.03730952
v -0.03720478 -0.00427415 0.03266946
v -0.03701258 -0.00272583 0.03283795
v -0.03652783 0.00001631 0.03299658
v -0.03649060 -0.00460445 0.03424109
v -0.03624871 -0.00298580 0.03441246
v -0.03686149 -0.00451030 0.03395985
v -0.03662306 -0.00290157 0.03413284
v -0.03702150 -0.00446283 0.03379115
v -0.03678665 -0.00286083 0.03396562
v -0.03714050 -0.00441693 0.03359214
v -0.03691172 -0.00282358 0.03376802
v -0.03720638 -0.00437524 0.03336927
v -0.03698571 -0.00279223 0.03354523
v -0.03722667 -0.00433867 0.03313673
v -0.03701510 -0.00276699 0.03331105
v -0.03600982 -0.00156759 0.03451604
v 0.01624285 -0.02855515 0.03402241
v 0.02007038 -0.02629378 0.03351767
v 0.01998189 -0.02607410 0.03395400
v 0.02466990 -0.02118619 0.03433118
v 0.02670716 -0.01852353 0.03434046
v 0.02703120 -0.01878082 0.03351484
v 0.02495800 -0.02150529 0.03350987
v 0.02693770 -0.01869037 0.03396764
v 0.02486959 -0.02137767 0.03395390
v 0.02254689 -0.02385100 0.03394488
v 0.02263300 -0.02401884 0.03350939
v 0.02237292 -0.02363049 0.03432537
v 0.01015400 -0.03143551 0.03458471
v 0.00785469 -0.03376235 0.03391933
v 0.00819956 -0.03435751 0.03319895
v 0.01054844 -0.03209566 0.03394027
v 0.01080723 -0.03268899 0.03317913
v 0.01359639 -0.03091558 0.03315296
v 0.00523523 -0.03935571 0.03190250
v 0.01092129 -0.03511079 0.03118806
v 0.01086357 -0.03374069 0.03215676
v 0.01538685 -0.05862613 0.02516684
v 0.01383291 -0.05118181 0.02633728
v 0.01246302 -0.05862601 0.02743538
v 0.01112305 -0.05178884 0.02819490
v 0.00934428 -0.05862597 0.02935240
v 0.00522958 -0.05377104 0.03118204
v 0.00522994 -0.05287215 0.03117178
v 0.01108270 -0.04492839 0.02843387
v 0.00523183 -0.04629937 0.03119692
v 0.01105838 -0.04151787 0.02890459
v 0.00523237 -0.04424194 0.03128251
v 0.01100925 -0.03819475 0.02976932
v 0.00523429 -0.04137354 0.03154156
v 0.00523372 -0.04203093 0.03146228
v 0.00523237 -0.03748568 0.03251432
v 0.01381728 -0.04745734 0.02643174
v 0.02613297 -0.06760714 0.00684622
v 0.02534087 -0.06760708 0.00994715
v 0.02663037 -0.06760740 0.00368444
v 0.02425891 -0.06760743 0.01294448
v 0.02288939 -0.06760769 0.01581970
v 0.02124661 -0.06760748 0.01855864
v -0.00564549 -0.06752411 0.03350340
v -0.00245441 -0.06760105 0.03322921
v 0.01935218 -0.06760702 0.02113028
v 0.01722796 -0.06760647 0.02350348
v 0.01488091 -0.06760366 0.02566798
v 0.01233040 -0.06760054 0.02760724
v 0.00961927 -0.06760093 0.02928640
v 0.00676333 -0.06760163 0.03069868
v 0.00376897 -0.06760175 0.03183796
v 0.00068298 -0.06760258 0.03268468
v 0.00845662 -0.06742928 0.02992975
v 0.01160225 -0.06742936 0.02812308
v 0.01267436 -0.06743021 0.02739790
v 0.01456627 -0.06743368 0.02596056
v 0.01725841 -0.06743845 0.02350824
v 0.01967395 -0.06744022 0.02076882
v 0.02042930 -0.06744087 0.01977407
v 0.02177549 -0.06744213 0.01778726
v 0.02352089 -0.06744377 0.01464075
v 0.02492088 -0.06744500 0.01129981
v 0.02532463 -0.06744552 0.01008644
v 0.02595547 -0.06744667 0.00777132
v 0.02660164 -0.06744864 0.00415037
v -0.00764239 -0.06761888 0.03347153
v -0.03993637 -0.06746029 0.00158122
v -0.03962871 -0.06761425 0.00696161
v -0.03709429 -0.06760781 0.01636207
v -0.03767133 -0.06740593 0.01514487
v -0.03828847 -0.06761209 0.01332258
v -0.03850053 -0.06741355 0.01278497
v -0.03912432 -0.06761146 0.01016150
v -0.03927375 -0.06742633 0.00959207
v -0.03973823 -0.06744296 0.00618212
v -0.03362972 -0.06760500 0.02187473
v -0.03558918 -0.06738853 0.01923389
v -0.03554269 -0.06760135 0.01921801
v -0.03593963 -0.06738979 0.01865776
v -0.03738584 -0.06740259 0.01582495
v -0.02622618 -0.06760671 0.02822320
v -0.02926750 -0.06739790 0.02618521
v -0.02892923 -0.06760650 0.02638808
v -0.03187997 -0.06739504 0.02388015
v -0.03140882 -0.06760817 0.02427424
v -0.03268963 -0.06739334 0.02303382
v -0.03410607 -0.06738941 0.02135465
v -0.01410795 -0.06761988 0.03277732
v -0.01557267 -0.06744363 0.03250280
v -0.01728088 -0.06761567 0.03203676
v -0.01940170 -0.06743076 0.03141832
v -0.02037632 -0.06761242 0.03103442
v -0.02303870 -0.06741781 0.02996479
v -0.02336336 -0.06760973 0.02976876
v -0.02446139 -0.06741197 0.02926386
v -0.02624756 -0.06740510 0.02826005
v -0.01088609 -0.06762198 0.03325596
v -0.01162903 -0.06745302 0.03319941
v -0.01356363 -0.06744928 0.03290858
v -0.01020250 -0.05862546 0.03335218
v -0.01396986 -0.05862612 0.03283484
v -0.01763835 -0.05862590 0.03196817
v -0.01923276 -0.05862572 0.03147296
v -0.01953244 -0.05862572 0.03137140
v -0.02115030 -0.05862579 0.03077412
v -0.02461397 -0.05862666 0.02918457
v -0.02743200 -0.05862829 0.02751026
v -0.02898569 -0.05862835 0.02640269
v -0.02999651 -0.05862795 0.02559691
v -0.03232466 -0.05862645 0.02342311
v -0.03446080 -0.05862645 0.02089194
v -0.03559051 -0.05862679 0.01923476
v -0.03612291 -0.05862649 0.01834336
v -0.03747867 -0.05862594 0.01560682
v -0.03767043 -0.05862581 0.01514454
v -0.03853630 -0.05862537 0.01266731
v -0.03927203 -0.05862661 0.00960597
v -0.03976984 -0.05862570 0.00579058
v -0.03993427 -0.05048971 0.00050010
v -0.03993572 -0.05086358 0.00030623
v -0.03993436 -0.05127682 0.00049994
v -0.03983016 -0.03395747 0.00051287
v -0.03983953 -0.03409438 0.00047429
v -0.03983523 -0.03421782 0.00051287
v -0.03974999 -0.03051656 0.00051072
v -0.03988465 -0.03710457 0.00051193
v -0.03988035 -0.03682010 0.00051200
v -0.03977221 -0.03135173 0.00051142
v -0.03993126 -0.04280442 0.00050407
v -0.03993478 -0.04882276 0.00050048
v -0.03993449 -0.04942938 0.00050033
v -0.03993058 -0.04261275 0.00050432
v -0.03992952 -0.04233095 0.00050473
v -0.03991865 -0.04021334 0.00050875
v -0.03039518 -0.01066040 0.03696625
v -0.03223271 -0.01338403 0.03584104
v -0.02918421 -0.01568507 0.03669683
v -0.03328938 -0.00831382 0.03592898
v -0.03149691 -0.00556697 0.03691867
v -0.03427117 -0.00320070 0.03562467
v -0.02048344 -0.04677293 0.03152159
v -0.02221288 -0.04922350 0.03063041
v -0.01907536 -0.05163362 0.03163771
v -0.02370246 -0.04438915 0.03056334
v -0.02214278 -0.04198127 0.03166792
v -0.02380562 -0.04080990 0.03124981
v -0.02054503 -0.03952894 0.03273834
v -0.03958302 -0.05618945 0.00744556
v -0.03938106 -0.05757952 0.00895533
v -0.03827632 -0.05276885 0.01303698
v -0.03863916 -0.05136124 0.01158252
v -0.03893653 -0.04995118 0.01012895
v -0.03972282 -0.05479277 0.00593993
v -0.03987969 -0.05198196 0.00295834
v -0.02733742 -0.03492724 0.03129058
v -0.02598121 -0.03257619 0.03285909
v -0.02765975 -0.03143575 0.03248999
v -0.03406981 -0.03763591 0.02342930
v -0.03304157 -0.03898053 0.02441961
v -0.03139879 -0.03472694 0.02833616
v -0.02284103 -0.05657667 0.03006485
v 0.00671302 -0.02163922 0.03936850
v 0.01009442 -0.02360930 0.03835965
v -0.02044090 0.00336758 0.03994104
v -0.03935491 -0.02936777 0.00842960
v -0.03990141 -0.04145359 0.00162112
v -0.03969841 -0.03382220 0.00345898
v -0.03975858 -0.03096168 0.00080115
v -0.03943196 -0.03664533 0.00608856
v -0.03740233 -0.02503758 0.02611318
v -0.03763824 -0.02698927 0.02351930
v -0.03697946 -0.02300038 0.02858448
v -0.03726533 -0.01956566 0.03017080
v -0.03526955 -0.01850765 0.03283738
v -0.03629107 -0.02083423 0.03085308
v -0.03587883 -0.00589927 0.03460523
v -0.02966058 0.01009555 0.03636146
v -0.02577356 0.01557703 0.03679105
v -0.01760962 0.02602074 0.03567923
v -0.02175115 0.02092520 0.03658156
v -0.01168166 0.02177463 0.03889402
v -0.00854738 0.01954509 0.03978591
v -0.01571266 0.01656241 0.03946638
v -0.02444186 -0.00224580 0.03922899
v -0.02108405 -0.00447713 0.03980524
v -0.02515837 -0.01012777 0.03861318
v -0.02170051 -0.01232760 0.03913664
v -0.01815156 -0.01449253 0.03948680
v -0.00743507 -0.02089961 0.03959865
v -0.01457064 -0.01663887 0.03967485
v -0.00390311 -0.02300333 0.03929628
v -0.00040223 -0.02507599 0.03876472
v 0.00328872 -0.01958062 0.03996734
v 0.01339875 -0.02543222 0.03686766
v 0.00279296 -0.03442549 0.03498868
v -0.00063442 -0.03251233 0.03612768
v -0.00434665 -0.03797786 0.03465145
v -0.00809881 -0.04346970 0.03389928
v -0.01588782 -0.05402035 0.03245672
v -0.01267897 -0.05639097 0.03306542
v -0.02741222 -0.05646882 0.02753179
v -0.02568679 -0.05406401 0.02864554
v -0.02394847 -0.05165080 0.02967492
v -0.03292403 -0.05796825 0.02277004
v -0.03144013 -0.05624324 0.02429028
v -0.02990756 -0.05386472 0.02567601
v -0.03594732 -0.05830779 0.01864642
v -0.03478055 -0.05593026 0.02038349
v -0.03783436 -0.05417136 0.01448274
v -0.03811320 -0.05794911 0.01396611
v -0.03892427 -0.03214620 0.01085436
v -0.03823331 -0.03492032 0.01325278
v -0.03729926 -0.03771091 0.01567077
v -0.03895797 -0.03945177 0.00870969
v -0.03600971 -0.02962457 0.02524032
v -0.03555012 -0.02761473 0.02764310
v -0.03488231 -0.02551570 0.02993143
v -0.03393516 -0.02328720 0.03203437
v -0.03265516 -0.02090161 0.03388013
v -0.02961116 -0.02319284 0.03469670
v -0.03109997 -0.02563750 0.03300249
v -0.03228182 -0.02793690 0.03109163
v -0.03319801 -0.03011345 0.02902198
v -0.03501533 -0.03092017 0.02605982
v -0.03662258 -0.03356786 0.02034927
v -0.03787165 -0.03083696 0.01825382
v -0.03874382 -0.02809625 0.01611722
v -0.02448786 -0.02649700 0.03553393
v -0.02625018 -0.02540835 0.03530589
v -0.02789568 -0.02790966 0.03377179
v -0.02927799 -0.03028359 0.03207108
v -0.03042886 -0.03254672 0.03024530
v -0.02443968 -0.03012960 0.03434023
v -0.02268805 -0.02757674 0.03571047
v -0.03390981 -0.03220188 0.02685117
v -0.03270131 -0.03347053 0.02761137
v -0.03001144 -0.03597133 0.02902049
v -0.03192732 -0.04031660 0.02537839
v -0.02854845 -0.03720338 0.02965907
v -0.03612427 -0.04051713 0.01812039
v -0.03466811 -0.04332656 0.02055836
v -0.03501009 -0.03628470 0.02241612
v -0.03586128 -0.03492837 0.02138755
v -0.03971588 -0.04430102 0.00442345
v -0.03832212 -0.04226840 0.01137033
v -0.03588084 -0.04936201 0.01817469
v -0.03938967 -0.04712865 0.00725018
v -0.03752750 -0.04510212 0.01408772
v -0.03650495 -0.04794445 0.01682356
v -0.03381978 -0.04472536 0.02174882
v -0.03073013 -0.04164142 0.02629638
v -0.02701922 -0.03842143 0.03024618
v -0.02401313 -0.03725541 0.03212667
v -0.02248777 -0.03482159 0.03343385
v -0.02082778 -0.03230860 0.03469223
v -0.01888438 -0.03702003 0.03378331
v -0.01529233 -0.03181287 0.03585557
v -0.01901351 -0.02971151 0.03589842
v -0.03288630 -0.04611490 0.02290445
v -0.02945521 -0.04295132 0.02716446
v -0.02543462 -0.03962368 0.03077674
v -0.03212492 -0.05118198 0.02356262
v -0.02959373 -0.05018114 0.02605644
v -0.03076860 -0.04884625 0.02506556
v -0.02670474 -0.04551483 0.02872705
v -0.01875441 -0.04428865 0.03235971
v -0.00791993 -0.03594418 0.03520403
v -0.01163788 -0.04133165 0.03397582
v -0.01533780 -0.04656732 0.03289639
v -0.01194171 -0.04883398 0.03330048
v -0.00858896 -0.05108691 0.03353385
v -0.03517015 -0.05077164 0.01949808
v -0.03186797 -0.04749006 0.02401308
v -0.02811047 -0.04424292 0.02797573
v -0.02524718 -0.04676752 0.02941836
v -0.03730229 -0.05556494 0.01590794
v -0.03629556 -0.05316487 0.01774544
v -0.03347875 -0.05354666 0.02201023
v -0.02835008 -0.05149460 0.02698327
v -0.02679409 -0.04913165 0.02822733
v -0.00415140 -0.03051647 0.03696224
v 0.00305762 -0.02709415 0.03793952
v 0.00645457 -0.02901505 0.03673092
v 0.00975400 -0.03077864 0.03507059
v -0.01524734 -0.03918444 0.03394572
v -0.01157962 -0.03388794 0.03561015
v -0.01136874 -0.02640574 0.03793717
v -0.01470555 0.02394039 0.03751785
v -0.01879701 0.01877777 0.03827643
v -0.02281069 0.01338447 0.03842142
v -0.02675860 0.00786139 0.03801838
v -0.03336751 0.00461153 0.03539403
v -0.03062708 0.00231041 0.03710571
v -0.01970047 0.01115079 0.03954492
v -0.02367365 0.00561271 0.03919476
v -0.02763916 0.00001849 0.03836169
v -0.03738177 -0.01600104 0.03152507
v -0.03630308 -0.01356586 0.03327977
v -0.03491428 -0.01099159 0.03472891
v -0.02845041 -0.00787764 0.03789406
v -0.02584543 -0.01790520 0.03733899
v -0.01502823 -0.02431323 0.03809667
v -0.01868895 -0.02219968 0.03803926
v -0.02074043 -0.02492382 0.03694966
v -0.02435542 -0.02278342 0.03664270
v -0.02231578 -0.02006819 0.03778496
v -0.02782347 -0.02060341 0.03613452
v -0.03103736 -0.01835548 0.03542098
v -0.03388888 -0.01601311 0.03448343
v -0.03638992 -0.01726787 0.03221843
v 0.00791982 -0.06092015 0.03011353
v 0.01264572 -0.06092015 0.02733783
v 0.01684593 -0.06092015 0.02385005
v 0.02041613 -0.06092015 0.01974714
v 0.02326672 -0.06092015 0.01512120
v 0.02532438 -0.06092015 0.01007893
v 0.02505028 -0.05862588 0.01090812
v 0.02653450 -0.06092015 0.00469219
v 0.02632997 -0.05862591 0.00598273
v 0.02602805 -0.05862591 0.00747211
v 0.02663376 -0.05862593 0.00391502
v 0.02653548 -0.05862593 0.00468874
v 0.02653423 -0.06303816 0.00469404
v 0.02532448 -0.06303816 0.01008291
v 0.02326869 -0.06303816 0.01512792
v 0.02042106 -0.06303816 0.01975776
v 0.01685380 -0.06303816 0.02386550
v 0.01265525 -0.06303816 0.02735791
v 0.00792882 -0.06303816 0.03013604
v 0.00434809 -0.03736082 0.03294136
v 0.00003208 -0.04069139 0.03331928
v -0.00009712 -0.04296710 0.03294306
v -0.00010739 -0.05021499 0.03275431
v -0.00012681 -0.04534668 0.03279611
v 0.00289980 -0.03846525 0.03304400
v 0.00269544 -0.04071346 0.03246912
v 0.00262235 -0.04306567 0.03221633
v 0.00260411 -0.04546109 0.03211130
v 0.02492622 -0.05502926 0.01124412
v 0.02633082 -0.05497887 0.00596012
v -0.03588837 -0.00296627 0.03325306
v -0.03578665 -0.00299360 0.03344629
v 0.02176005 -0.05162587 0.01581834
v 0.01984990 -0.05863122 0.01880695
v 0.02176005 -0.05862902 0.01580723
v 0.01938768 -0.05863181 0.01943438
v 0.01884446 -0.05863224 0.02013315
v 0.01761747 -0.05863345 0.02157882
v 0.00636415 -0.06112658 0.02973214
v 0.01884976 -0.06112071 0.02014896
v 0.02176005 -0.06111794 0.01582110
v 0.01517120 -0.06112375 0.02405248
v 0.01088676 -0.06112606 0.02731529
v 0.00637184 -0.06298446 0.02975179
v 0.01089482 -0.06298392 0.02733397
v 0.01517801 -0.06298166 0.02406766
v 0.01885422 -0.06297872 0.02015989
v 0.02176005 -0.06304387 0.01583228
v -0.03034963 0.01162530 -0.03065971
v -0.00873800 0.03130354 -0.03065970
v -0.00540410 0.03204779 -0.03067044
v 0.00481331 0.03214188 -0.03076720
v 0.00140409 0.03246991 -0.03072980
v -0.00203211 0.03243665 -0.03069426
v -0.00134650 0.03247235 -0.03070071
v 0.00617837 0.03190760 -0.03078138
v 0.00814244 0.03146378 -0.03080087
v 0.01138327 0.03044159 -0.03083154
v 0.01206820 0.03017662 -0.03083777
v 0.01337017 0.02962274 -0.03084911
v 0.01517667 0.02873913 -0.03086319
v 0.01984121 0.02574093 -0.03088738
v 0.01809369 0.02699790 -0.03088028
v 0.02081368 0.02496115 -0.03089048
v 0.02137692 0.02448050 -0.03089195
v 0.02383425 0.02209515 -0.03089491
v 0.02601035 0.01948665 -0.03089233
v 0.02524260 0.02047140 -0.03089389
v 0.02980142 0.01296688 -0.03085476
v 0.02928317 0.01409830 -0.03086536
v 0.02827412 0.01602624 -0.03087920
v 0.02790252 0.01666481 -0.03088268
v 0.03249708 0.00044561 -0.03048561
v 0.03227656 0.00380574 -0.03065944
v 0.03198443 0.00576697 -0.03072606
v 0.03184070 0.00651396 -0.03074655
v 0.03174506 0.00696511 -0.03075783
v 0.03098993 0.00979225 -0.03081366
v 0.03249557 -0.00054409 -0.03041750
v 0.03249535 -0.00055735 -0.03041654
v 0.03236905 -0.00291585 -0.03022672
v 0.03226751 -0.00388133 -0.03014513
v 0.03175089 -0.00693803 -0.02996112
v 0.03149413 -0.00802337 -0.02995360
v 0.03099263 -0.00978317 -0.03002012
v 0.03043816 -0.01139172 -0.03014342
v 0.02959226 -0.01343684 -0.03032761
v 0.02879553 -0.01506876 -0.03044494
v 0.02810911 -0.01631342 -0.03050763
v 0.02778693 -0.01685633 -0.03052977
v 0.02588763 -0.01964887 -0.03060894
v 0.02558617 -0.02003982 -0.03061644
v 0.02454362 -0.02130391 -0.03063606
v 0.02335079 -0.02260499 -0.03064972
v 0.02069178 -0.02506178 -0.03065981
v 0.01896894 -0.02638980 -0.03065982
v 0.01502095 -0.02882030 -0.03065983
v 0.01713488 -0.02761587 -0.03065982
v 0.01794656 -0.02709543 -0.03065982
v 0.00827979 -0.03142740 -0.03065985
v 0.00900448 -0.03122749 -0.03065985
v 0.01284945 -0.02985181 -0.03065984
v 0.01237168 -0.03005295 -0.03065984
v 0.01223774 -0.03010773 -0.03065984
v 0.00569533 -0.03199684 -0.03065986
v 0.00510745 -0.03209593 -0.03065986
v 0.00352699 -0.03230782 -0.03065986
v 0.00216806 -0.03242736 -0.03065987
v -0.00125672 -0.03247543 -0.03065987
v -0.00243211 -0.03240861 -0.03065987
v -0.00464026 -0.03216677 -0.03065987
v -0.00610579 -0.03192102 -0.03065987
v -0.00797373 -0.03150638 -0.03065987
v -0.00868787 -0.03131695 -0.03065987
v -0.00984055 -0.03097411 -0.03065987
v -0.01077269 -0.03066238 -0.03065987
v -0.01193551 -0.03022872 -0.03065987
v -0.01502614 -0.02881747 -0.03065987
v -0.01671847 -0.02786978 -0.03065987
v -0.01795310 -0.02709090 -0.03065987
v -0.01856430 -0.02667581 -0.03065987
v -0.01929365 -0.02615314 -0.03065987
v -0.02126863 -0.02457391 -0.03065986
v -0.02269509 -0.02326297 -0.03065986
v -0.02371792 -0.02221920 -0.03065986
v -0.02590839 -0.01962112 -0.03065985
v -0.02634772 -0.01902710 -0.03065985
v -0.02744820 -0.01740201 -0.03065984
v -0.02820387 -0.01614856 -0.03065983
v -0.02869696 -0.01525511 -0.03065983
v -0.02973566 -0.01311584 -0.03065982
v -0.03134957 0.00857032 -0.03065973
v -0.03204344 0.00542788 -0.03065974
v -0.03221247 0.00431279 -0.03065975
v -0.03072157 -0.01060291 -0.03065982
v -0.03094268 -0.00993918 -0.03065981
v -0.03116062 -0.00923323 -0.03065981
v -0.03195694 -0.00591542 -0.03065979
v -0.03233872 -0.00323220 -0.03065978
v -0.03240008 -0.00254463 -0.03065978
v -0.03247119 -0.00136467 -0.03065977
v -0.03243493 0.00205372 -0.03065976
v -0.03027502 0.01181827 -0.03065971
v -0.02956360 0.01349972 -0.03065970
v -0.02887589 0.01491420 -0.03065970
v -0.02713343 0.01788936 -0.03065968
v -0.02685064 0.01831106 -0.03065968
v -0.02510007 0.02064560 -0.03065967
v -0.02280757 0.02315320 -0.03065965
v -0.02190411 0.02400971 -0.03065964
v -0.02026529 0.02540819 -0.03065964
v -0.01968248 0.02586229 -0.03065963
v -0.01844678 0.02675770 -0.03065963
v -0.01001247 0.03091947 -0.03065960
v -0.00879878 0.03128649 -0.03065960
v -0.01685141 0.02779011 -0.03065962
v -0.01577671 0.02841399 -0.03065962
v -0.01385812 0.02939753 -0.03065961
v -0.01071273 0.03068388 -0.03065960
v 0.02610271 0.00607390 -0.03101232
v 0.02610271 0.00607390 -0.03041246
v 0.02679779 -0.00034939 -0.03041246
v 0.02679779 -0.00034939 -0.03101234
v 0.02593547 -0.00675236 -0.03041246
v 0.02593547 -0.00675236 -0.03101235
v 0.02356589 -0.01276292 -0.03041246
v 0.02356589 -0.01276292 -0.03101237
v 0.01982674 -0.01803174 -0.03041246
v 0.01982674 -0.01803174 -0.03101238
v 0.01493533 -0.02225261 -0.03041246
v 0.01493533 -0.02225261 -0.03101240
v 0.00917594 -0.02518027 -0.03041246
v 0.00917594 -0.02518027 -0.03101240
v 0.00288327 -0.02664452 -0.03041246
v 0.00288327 -0.02664452 -0.03101240
v -0.00357696 -0.02656030 -0.03041246
v -0.00357696 -0.02656030 -0.03101240
v -0.00982931 -0.02493246 -0.03041246
v -0.00982931 -0.02493246 -0.03101239
v -0.01551042 -0.02185567 -0.03041246
v -0.01551042 -0.02185567 -0.03101238
v -0.02029011 -0.01750871 -0.03041246
v -0.02029011 -0.01750871 -0.03101237
v -0.02389063 -0.01214417 -0.03041246
v -0.02389063 -0.01214417 -0.03101235
v -0.02610270 -0.00607388 -0.03041246
v -0.02610270 -0.00607388 -0.03101233
v -0.02679778 0.00034938 -0.03041246
v -0.02679778 0.00034938 -0.03101231
v -0.02593547 0.00675235 -0.03041246
v -0.02593547 0.00675235 -0.03101229
v -0.02356589 0.01276291 -0.03041246
v -0.02356589 0.01276291 -0.03101228
v -0.01982674 0.01803173 -0.03041246
v -0.01982674 0.01803173 -0.03101227
v -0.01493534 0.02225263 -0.03041246
v -0.01493534 0.02225263 -0.03101225
v -0.00917594 0.02518026 -0.03041246
v -0.00917594 0.02518026 -0.03101225
v -0.00288328 0.02664451 -0.03041246
v -0.00288328 0.02664451 -0.03101225
v 0.00357695 0.02656029 -0.03041246
v 0.00357695 0.02656029 -0.03101225
v 0.00982931 0.02493245 -0.03041246
v 0.00982931 0.02493245 -0.03101226
v 0.01551041 0.02185566 -0.03041246
v 0.01551041 0.02185566 -0.03101227
v 0.02029011 0.01750869 -0.03041246
v 0.02029011 0.01750869 -0.03101228
v 0.02389063 0.01214419 -0.03041246
v 0.02389063 0.01214419 -0.03101230
v 0.02904566 -0.01318835 -0.03101237
v 0.02943553 -0.01229366 -0.03101237
v 0.03056753 -0.00912197 -0.03101237
v 0.03136073 -0.00583841 -0.03101235
v 0.03175785 -0.00300383 -0.03101235
v 0.03189760 0.00035883 -0.03101234
v 0.03167969 0.00373719 -0.03101235
v 0.02701667 0.01696290 -0.03101229
v 0.02506170 0.01973532 -0.03101228
v 0.03110506 0.00707934 -0.03101232
v 0.03018493 0.01031671 -0.03101231
v 0.02997133 0.01092125 -0.03101231
v 0.02865061 0.01402668 -0.03101230
v 0.02465552 0.02024049 -0.03101228
v 0.02238792 0.02272529 -0.03101227
v 0.01987468 0.02495153 -0.03101226
v 0.01711102 0.02692247 -0.03101226
v 0.01651725 0.02729137 -0.03101225
v 0.01356851 0.02887146 -0.03101225
v 0.01046191 0.03013424 -0.03101224
v 0.00720897 0.03107447 -0.03101224
v 0.00655759 0.03121893 -0.03101224
v 0.00324707 0.03173543 -0.03101224
v -0.00010362 0.03189902 -0.03101224
v -0.00348367 0.03170816 -0.03101223
v -0.00857674 0.03072483 -0.03101223
v -0.00532387 0.03145279 -0.03101223
v 0.02558065 -0.01905238 -0.03101239
v 0.02342136 -0.02165334 -0.03101240
v 0.02311182 -0.02198388 -0.03101240
v 0.02067687 -0.02429079 -0.03101240
v 0.02030957 -0.02459883 -0.03101237
v 0.02749211 -0.01617571 -0.03101238
v 0.00145996 -0.03186603 -0.03101241
v 0.00347331 -0.03170978 -0.03101241
v 0.01147524 -0.02976399 -0.03101241
v 0.00812903 -0.03084632 -0.03101241
v 0.00483365 -0.03153111 -0.03101241
v -0.01774397 0.02650932 -0.03101224
v -0.01485380 0.02823044 -0.03101224
v -0.01179603 0.02963860 -0.03101224
v -0.02698113 0.01701785 -0.03101227
v -0.02806015 0.01517285 -0.03101227
v -0.00587303 -0.03135415 -0.03101241
v -0.00253656 -0.03179844 -0.03101241
v -0.00126820 -0.03187423 -0.03101241
v 0.00082939 -0.03188865 -0.03101241
v 0.01262269 -0.02929579 -0.03101241
v 0.01456927 -0.02837803 -0.03101241
v 0.01682815 -0.02709963 -0.03101241
v 0.01747823 -0.02668499 -0.03101241
v -0.00917022 -0.03055294 -0.03101241
v -0.00977275 -0.03036558 -0.03101241
v -0.01882971 0.02574945 -0.03101224
v -0.02145824 0.02360372 -0.03101225
v -0.01491032 -0.02820029 -0.03101240
v -0.01291908 -0.02916627 -0.03101240
v -0.01056282 -0.03009986 -0.03101240
v -0.01592041 -0.02764263 -0.03101240
v -0.01876652 -0.02579521 -0.03101239
v -0.02382587 0.02121128 -0.03101225
v -0.02592895 0.01858167 -0.03101226
v -0.02629141 0.01806516 -0.03101226
v -0.02562771 -0.01899468 -0.03101237
v -0.02417287 -0.02081462 -0.03101237
v -0.02252701 -0.02258562 -0.03101238
v -0.02184507 -0.02324583 -0.03101238
v -0.01927306 -0.02541899 -0.03101239
v -0.02902230 0.01323984 -0.03101227
v -0.02950262 0.01213185 -0.03101228
v -0.02660049 -0.01760658 -0.03101236
v -0.02624704 -0.01812925 -0.03101236
v -0.03131805 -0.00606306 -0.03101233
v -0.03087655 -0.00801369 -0.03101233
v -0.03076840 -0.00841935 -0.03101233
v -0.03065879 0.00881044 -0.03101228
v -0.03142067 0.00550688 -0.03101229
v -0.03007238 -0.01064100 -0.03101234
v -0.02970002 -0.01163991 -0.03101234
v -0.02830819 -0.01470457 -0.03101235
v -0.03182599 0.00216560 -0.03101230
v -0.03187095 -0.00135099 -0.03101231
v -0.03154960 -0.00471215 -0.03101232
v -0.02929459 0.01337055 -0.03083493
v -0.03179672 0.00509043 -0.03083493
v -0.03082494 0.00931490 -0.03083493
v -0.02723338 0.01718394 -0.03083493
v -0.01056633 0.03041873 -0.03083493
v -0.01455609 0.02872396 -0.03083493
v -0.01828208 0.02650870 -0.03083493
v -0.02467868 0.02068592 -0.03083493
v -0.02167678 0.02381308 -0.03083493
v -0.03217098 -0.00135781 -0.03083610
v -0.03219232 0.00077374 -0.03083493
v -0.02587234 -0.01916867 -0.03083610
v -0.03161377 -0.00611432 -0.03083610
v -0.03035726 -0.01073556 -0.03083610
v -0.02842923 -0.01511933 -0.03083610
v -0.02274315 -0.02279397 -0.03083610
v -0.01911086 -0.02591508 -0.03083610
v -0.01505584 -0.02846294 -0.03083610
v -0.01066778 -0.03038119 -0.03083610
v -0.00604375 -0.03162738 -0.03083610
v -0.00128601 -0.03217398 -0.03083610
v 0.00350016 -0.03200888 -0.03083610
v 0.00820892 -0.03113573 -0.03083610
v 0.01273608 -0.02957385 -0.03083610
v 0.01698153 -0.02735778 -0.03083610
v 0.02058619 0.02514873 0.03090809
v 0.01984108 0.02574066 0.03090567
v -0.00873797 0.03130333 0.03068320
v -0.00710934 0.03171290 0.03068665
v -0.01197804 0.03021220 0.03068309
v -0.00879892 0.03128625 0.03068309
v -0.01577685 0.02841375 0.03068308
v -0.01506590 0.02879704 0.03068308
v -0.02190424 0.02400948 0.03068307
v -0.02065584 0.02509157 0.03068308
v -0.01790333 0.02712418 0.03068308
v -0.03034977 0.01162503 0.03068306
v -0.02914969 0.01437167 0.03068307
v -0.02749003 0.01733632 0.03068307
v -0.02685077 0.01831082 0.03068307
v -0.02551286 0.02013315 0.03068307
v -0.02316235 0.02279816 0.03068307
v -0.03110892 0.00940667 0.03068306
v -0.03073886 0.01055331 0.03068306
v -0.03049101 0.01124934 0.03068306
v -0.03167880 0.00725971 0.03068306
v -0.03221261 0.00431253 0.03068306
v -0.03226360 0.00391282 0.03068306
v -0.03249580 0.00052250 0.03068306
v -0.03249928 -0.00021633 0.03068306
v -0.03247133 -0.00136479 0.03068306
v -0.03233885 -0.00323244 0.03068306
v -0.03214850 -0.00476696 0.03068306
v -0.03161098 -0.00754954 0.03068306
v -0.03147545 -0.00809606 0.03068306
v -0.03072170 -0.01060318 0.03068306
v -0.03053798 -0.01112120 0.03068306
v -0.03007601 -0.01231598 0.03068306
v -0.02782705 -0.01679002 0.03068306
v -0.02919949 -0.01427024 0.03068306
v -0.02755025 -0.01724046 0.03068307
v -0.02744833 -0.01740228 0.03068307
v -0.02550337 -0.02014517 0.03068307
v -0.02491749 -0.02086549 0.03068307
v -0.02324163 -0.02271732 0.03068307
v -0.02269522 -0.02326321 0.03068307
v -0.02141640 -0.02444561 0.03068307
v -0.02074298 -0.02501958 0.03068307
v -0.01801707 -0.02704876 0.03068308
v -0.01739755 -0.02745133 0.03068308
v -0.01671860 -0.02787002 0.03068308
v -0.01441192 -0.02912982 0.03068308
v -0.01298415 -0.02979364 0.03068308
v -0.01129206 -0.03047522 0.03068308
v -0.00984068 -0.03097435 0.03068308
v -0.00804815 -0.03148772 0.03068309
v -0.00733029 -0.03166254 0.03068309
v -0.00395736 -0.03225817 0.03068309
v -0.00332628 -0.03232934 0.03068309
v -0.00243225 -0.03240885 0.03068309
v -0.00056805 -0.03249504 0.03068309
v 0.00167959 -0.03245657 0.03068310
v 0.00282815 -0.03237673 0.03068310
v 0.00356341 -0.03230407 0.03068310
v 0.00510731 -0.03209620 0.03068310
v 0.00694335 -0.03174965 0.03068310
v 0.01022002 -0.03085127 0.03068311
v 0.01145379 -0.03041481 0.03068311
v 0.01237154 -0.03005319 0.03068311
v 0.01896881 -0.02639004 0.03068312
v 0.01705007 -0.02766847 0.03068311
v 0.01599011 -0.02829429 0.03068311
v 0.01405536 -0.02930354 0.03068311
v 0.01338560 -0.02961545 0.03068311
v 0.01984739 -0.02573579 0.03068312
v 0.02069186 -0.02506187 0.03068312
v 0.02319652 -0.02276336 0.03067430
v 0.02352476 -0.02242400 0.03067151
v 0.02454348 -0.02130415 0.03065940
v 0.02573532 -0.01984801 0.03063619
v 0.02602384 -0.01946818 0.03062856
v 0.02786419 -0.01672833 0.03054815
v 0.02879530 -0.01506918 0.03046834
v 0.03237991 -0.00279136 0.03026084
v 0.03249544 -0.00054439 0.03044099
v 0.03191283 -0.00614985 0.03001291
v 0.03154495 -0.00782086 0.02997558
v 0.03149407 -0.00802334 0.02997709
v 0.03071697 -0.01061686 0.03010242
v 0.02959238 -0.01343655 0.03035098
v 0.02938830 -0.01387726 0.03038767
v 0.03227620 0.00380750 0.03068293
v 0.03249526 0.00055460 0.03051610
v 0.03174493 0.00696487 0.03078186
v 0.03169981 0.00716747 0.03078675
v 0.03078054 0.01043112 0.03084786
v 0.02952354 0.01358716 0.03088417
v 0.02935378 0.01395009 0.03088729
v 0.02928302 0.01409803 0.03088851
v 0.02772322 0.01696093 0.03090589
v 0.02524246 0.02047116 0.03091380
v 0.02580130 0.01976217 0.03091311
v 0.02359668 0.02234832 0.03091385
v 0.02311835 0.02284277 0.03091341
v 0.01110459 0.03054405 0.03084960
v 0.01337004 0.02962250 0.03086890
v 0.01425730 0.02920581 0.03087578
v 0.01491526 0.02887533 0.03088054
v 0.01784851 0.02716027 0.03089756
v 0.00617823 0.03190736 0.03080299
v 0.00785522 0.03153641 0.03081944
v 0.00451936 0.03218425 0.03078601
v 0.00378832 0.03227846 0.03077832
v 0.00037122 0.03249789 0.03074179
v -0.00134663 0.03247209 0.03072448
v -0.00302226 0.03235916 0.03070962
v -0.00638324 0.03186698 0.03068920
v 0.02610271 0.00607390 0.03043597
v -0.02610270 -0.00607388 0.03043597
v 0.02389063 0.01214419 0.03043597
v -0.02679778 0.00034938 0.03043597
v 0.02029011 0.01750869 0.03043597
v -0.02356589 0.01276291 0.03043597
v -0.01982674 0.01803173 0.03043597
v -0.01493534 0.02225263 0.03043597
v 0.02679779 -0.00034939 0.03043597
v 0.02593547 -0.00675236 0.03043597
v 0.02356589 -0.01276292 0.03043597
v 0.00917594 -0.02518027 0.03043597
v 0.00288327 -0.02664452 0.03043597
v -0.00357696 -0.02656030 0.03043597
v -0.00982931 -0.02493246 0.03043597
v -0.00917594 0.02518026 0.03043597
v -0.00288328 0.02664451 0.03043597
v 0.00357695 0.02656029 0.03043597
v -0.01551042 -0.02185567 0.03043597
v -0.02029011 -0.01750871 0.03043597
v -0.02389063 -0.01214417 0.03043597
v -0.02593547 0.00675235 0.03043597
v 0.00982931 0.02493245 0.03043597
v 0.01551041 0.02185566 0.03043597
v 0.01982674 -0.01803174 0.03043597
v 0.01493533 -0.02225261 0.03043597
v 0.02610271 0.00607390 0.03103571
v 0.02389063 0.01214419 0.03103592
v 0.02029011 0.01750869 0.03103594
v 0.01551041 0.02185566 0.03103595
v 0.00982931 0.02493245 0.03103595
v 0.00357695 0.02656029 0.03103594
v -0.00288328 0.02664451 0.03103592
v -0.00917594 0.02518026 0.03103591
v -0.01493534 0.02225263 0.03103588
v -0.01982674 0.01803173 0.03103585
v -0.02356589 0.01276291 0.03103582
v -0.02593547 0.00675235 0.03103579
v -0.02679778 0.00034938 0.03103576
v -0.02610270 -0.00607388 0.03103571
v -0.02389063 -0.01214417 0.03103572
v -0.02029011 -0.01750871 0.03103570
v -0.01551042 -0.02185567 0.03103570
v -0.00982931 -0.02493246 0.03103570
v -0.00357696 -0.02656030 0.03103570
v 0.00288327 -0.02664452 0.03103572
v 0.00917594 -0.02518027 0.03103574
v 0.01493533 -0.02225261 0.03103576
v 0.01982674 -0.01803174 0.03103579
v 0.02356589 -0.01276292 0.03103582
v 0.02593547 -0.00675236 0.03103585
v 0.02679779 -0.00034939 0.03103588
v -0.01707557 -0.02694457 0.03103567
v -0.01938367 -0.02533492 0.03103567
v 0.00650980 0.03122790 0.03103597
v 0.00714919 0.03108741 0.03103597
v 0.02995184 0.01097242 0.03103593
v 0.03016725 0.01036642 0.03103593
v -0.00530778 0.03145466 0.03103594
v -0.00354371 0.03170116 0.03103594
v -0.00016162 0.03189833 0.03103595
v 0.00319292 0.03173972 0.03103596
v 0.03177953 0.00276227 0.03103590
v 0.03167970 0.00373716 0.03103578
v 0.03109336 0.00712786 0.03103592
v 0.02862369 0.01407881 0.03103594
v 0.02698420 0.01701210 0.03103595
v 0.02502325 0.01978175 0.03103596
v 0.01705180 0.02695824 0.03103597
v 0.01981947 0.02499382 0.03103597
v 0.02233914 0.02277071 0.03103597
v 0.02461225 0.02029092 0.03103596
v 0.01040614 0.03015281 0.03103597
v 0.01351841 0.02889324 0.03103597
v 0.01647471 0.02731518 0.03103597
v -0.00857673 0.03072483 0.03103567
v -0.01190681 0.02959372 0.03103592
v -0.01495870 0.02817441 0.03103591
v -0.01786437 0.02642776 0.03103589
v -0.00990507 -0.03032284 0.03103567
v -0.01304500 -0.02911036 0.03103567
v -0.01604078 -0.02757316 0.03103567
v -0.01658299 -0.02725049 0.03103567
v 0.00469883 -0.03155165 0.03103570
v 0.00407387 -0.03163840 0.03103570
v -0.02066507 0.02430058 0.03103588
v -0.02147761 0.02358551 0.03103587
v -0.02426334 -0.02070927 0.03103568
v -0.02194527 -0.02315145 0.03103568
v -0.02101207 -0.02400162 0.03103567
v -0.00325335 -0.03173329 0.03103568
v -0.00600975 -0.03132840 0.03103568
v -0.00662819 -0.03120341 0.03103568
v -0.00808956 -0.03085684 0.03103567
v -0.03069838 0.00867070 0.03103579
v -0.03144078 0.00538982 0.03103577
v -0.02531357 0.01941107 0.03103585
v -0.02445078 0.02048717 0.03103585
v -0.02311050 0.02198792 0.03103586
v -0.03031186 0.00993789 0.03103580
v -0.02908476 0.01310138 0.03103581
v -0.03102423 -0.00742130 0.03103572
v -0.03152845 -0.00485118 0.03103573
v -0.03187084 -0.00135099 0.03103575
v -0.03183373 0.00204642 0.03103576
v -0.02466819 -0.02022534 0.03103568
v -0.02667535 -0.01749309 0.03103569
v -0.02730698 -0.01648971 0.03103569
v -0.02837000 -0.01458507 0.03103570
v 0.00166008 -0.03185638 0.03103569
v 0.00069025 -0.03189214 0.03103569
v -0.00267403 -0.03178735 0.03103568
v 0.02030957 -0.02459883 0.03103575
v 0.01759573 -0.02660774 0.03103575
v 0.01570474 -0.02776586 0.03103574
v 0.02884430 -0.01362278 0.03103583
v 0.02725230 -0.01657574 0.03103581
v -0.02951596 -0.01209911 0.03103571
v -0.02980312 -0.01137339 0.03103571
v -0.03084183 -0.00814619 0.03103572
v 0.00799842 -0.03088056 0.03103571
v 0.00653410 -0.03122323 0.03103571
v 0.01469103 -0.02831530 0.03103574
v 0.01431664 -0.02850642 0.03103573
v 0.01120775 -0.02986585 0.03103572
v -0.02754234 0.01609308 0.03103583
v -0.02698089 0.01701761 0.03103583
v -0.02569254 0.01890660 0.03103584
v 0.03189379 -0.00060092 0.03103589
v 0.03165166 -0.00396877 0.03103587
v 0.02701409 -0.01696061 0.03103581
v 0.02506645 -0.01972388 0.03103579
v 0.02278789 -0.02231993 0.03103578
v 0.03116866 -0.00678914 0.03103586
v 0.03027997 -0.01003500 0.03103585
v 0.02904566 -0.01318835 0.03103575
v -0.02467718 0.02068455 0.03085950
v -0.03219029 0.00077350 0.03085950
v -0.03179473 0.00508995 0.03085950
v -0.02723171 0.01718275 0.03085950
v -0.02929278 0.01336960 0.03085950
v -0.03082303 0.00931416 0.03085950
v -0.02167547 0.02381153 0.03085950
v -0.01828097 0.02650700 0.03085950
v -0.01455520 0.02872215 0.03085950
v -0.01056568 0.03041680 0.03085950
v -0.03209574 -0.00258561 0.03085941
v 0.00166983 -0.03215646 0.03085941
v 0.01584743 -0.02803009 0.03085941
v 0.01996526 -0.02526294 0.03085941
v 0.01135339 -0.03013184 0.03085941
v 0.00658983 -0.03151824 0.03085941
v -0.00328981 -0.03203126 0.03085941
v -0.00817136 -0.03114568 0.03085941
v -0.01285891 -0.02952071 0.03085941
v -0.01724120 -0.02719494 0.03085941
v -0.02121419 -0.02422356 0.03085941
v -0.02468357 -0.02067714 0.03085941
v -0.02756697 -0.01663985 0.03085941
v -0.02979594 -0.01220753 0.03085941
v -0.03131757 -0.00748541 0.03085941
v 0.02931911 -0.01331248 0.03069344
v -0.03068517 -0.04562587 -0.00029514
v 0.01737222 -0.04562587 -0.00662202
v 0.01493013 -0.04562587 -0.01251773
v 0.01104534 -0.04562587 -0.01758049
v 0.00598258 -0.04562587 -0.02146528
v 0.00008688 -0.04562587 -0.02390736
v -0.00624000 -0.04562587 -0.02474031
v -0.01256688 -0.04562587 -0.02390736
v -0.01846258 -0.04562587 -0.02146528
v -0.02352534 -0.04562587 -0.01758049
v -0.02741013 -0.04562587 -0.01251773
v -0.02985222 -0.04562587 -0.00662202
v -0.02985222 -0.04562587 0.00603173
v -0.02741013 -0.04562587 0.01192744
v -0.02352534 -0.04562587 0.01699020
v -0.01846258 -0.04562587 0.02087499
v -0.01256688 -0.04562587 0.02331708
v -0.00624000 -0.04562587 0.02415003
v 0.00008688 -0.04562587 0.02331708
v 0.00598258 -0.04562587 0.02087499
v 0.01104534 -0.04562587 0.01699020
v 0.01493013 -0.04562587 0.01192744
v 0.01737222 -0.04562587 0.00603173
v 0.01820517 -0.04562587 -0.00029514
v -0.00624000 -0.04562587 -0.00029514
v 0.01776000 -0.10320000 -0.00000000
v 0.01694222 -0.10320000 0.00621166
v 0.01454461 -0.10320000 0.01200000
v 0.01073057 -0.10320000 0.01697056
v 0.00576000 -0.10320000 0.02078461
v -0.00002834 -0.10320000 0.02318222
v -0.00624000 -0.10320000 0.02400000
v -0.01245165 -0.10320000 0.02318222
v -0.01824000 -0.10320000 0.02078461
v -0.02321056 -0.10320000 0.01697056
v -0.02702461 -0.10320000 0.01200000
v -0.02942222 -0.10320000 0.00621166
v -0.03024000 -0.10320000 -0.00000000
v -0.02942222 -0.10320000 -0.00621166
v -0.02702461 -0.10320000 -0.01200000
v -0.02321056 -0.10320000 -0.01697056
v -0.01824000 -0.10320000 -0.02078461
v -0.01245165 -0.10320000 -0.02318222
v -0.00624000 -0.10320000 -0.02400000
v -0.00002834 -0.10320000 -0.02318222
v 0.00576000 -0.10320000 -0.02078461
v 0.01073057 -0.10320000 -0.01697056
v 0.01454461 -0.10320000 -0.01200000
v 0.01694222 -0.10320000 -0.00621166
v -0.00624000 -0.10320000 -0.00000000
v -0.03836051 -0.05162587 0.00622588
v -0.03836051 -0.06762587 0.00622588
v -0.03661855 -0.06762587 0.01215040
v -0.03661855 -0.05162587 0.01215040
v -0.03423995 -0.06762587 0.01692607
v -0.03423995 -0.05162587 0.01692607
v -0.03830623 -0.05162587 -0.00649967
v -0.03830623 -0.06762587 -0.00649967
v -0.03672219 -0.05162587 -0.01188802
v -0.03672219 -0.06762587 -0.01188802
v -0.03423995 -0.05162587 -0.01692607
v -0.03423995 -0.06762587 -0.01692607
vn -0.63048126 0.70624124 -0.32205077
vn -0.61579001 0.71760471 -0.32534003
vn -0.50376638 0.83292327 -0.22903767
vn -0.71269897 0.64190169 -0.28288231
vn -0.65223488 0.72045776 -0.23564862
vn -0.77731659 0.58534377 -0.23054629
vn -0.50004671 0.85548257 -0.13454688
vn -0.69314848 0.70364113 -0.15631491
vn -0.69582708 0.70093785 -0.15655927
vn -0.70013785 0.70050798 -0.13818669
vn -0.69724340 0.70374660 -0.13635386
vn -0.64821499 0.75393626 -0.10675882
vn -0.69520522 0.71740068 0.04501078
vn -0.71491902 0.69757101 0.04780669
vn -0.66358202 0.74807739 0.00625444
vn -0.72520331 0.68837951 -0.01462266
vn -0.64470782 0.76325431 -0.04236363
vn -0.80296433 0.59135170 -0.07450807
vn -0.71627653 0.69186897 -0.09091345
vn -0.69976770 0.70613448 0.10816311
vn -0.73307775 0.67466690 0.08614863
vn -0.73932750 0.65698422 0.14753499
vn -0.61566466 0.77673216 0.13283142
vn -0.75481795 0.62113134 0.21082154
vn -0.60898020 0.77118847 0.18550327
vn -0.74314531 0.60745719 0.28059013
vn -0.63508126 0.71755294 0.28598876
vn -0.65336447 0.70083375 0.28626373
vn 0.70752946 0.70664674 -0.00724180
vn 0.70800141 0.70620735 -0.00227669
vn 0.99966859 -0.00616299 -0.02499473
vn 0.99958412 0.00278410 -0.02870267
vn 0.72328737 -0.69050540 0.00759354
vn 0.72699975 -0.68662520 -0.00414636
vn 0.99951296 -0.01664189 0.02639880
vn 0.99969364 -0.01831817 -0.01664566
vn 0.99940055 -0.01269201 0.03220950
vn 0.99950725 -0.00801744 -0.03034772
vn 0.99926138 -0.00958522 0.03721321
vn 0.99921992 -0.00931943 -0.03837572
vn 0.99980391 -0.00378205 0.01943783
vn 0.99977742 -0.00384294 -0.02074448
vn 0.99973902 0.00226900 0.02273191
vn 0.99970186 -0.00723671 0.02332005
vn 0.71010132 0.70407955 0.00530066
vn 0.89374694 -0.44855113 -0.00427797
vn 0.45645542 0.88973212 0.00502015
vn 0.45184157 0.89194107 0.01674262
vn 0.48458771 -0.61857653 -0.61849642
vn 0.49563806 -0.60737880 -0.62083324
vn 0.56725470 -0.64551177 -0.51140655
vn 0.53835747 -0.77589919 -0.32886425
vn -0.18025457 0.28445755 -0.94159025
vn 0.46260529 -0.64597015 -0.60722229
vn 0.54236481 -0.47011964 -0.69629587
vn 0.56013719 -0.44847707 -0.69650172
vn 0.58660549 -0.46026404 -0.66637153
vn 0.57427244 -0.40992149 -0.70864344
vn 0.63238664 -0.34137407 -0.69537823
vn 0.58375539 -0.37271344 -0.72132817
vn 0.61279311 -0.34370524 -0.71158367
vn 0.51234684 -0.51811403 -0.68487850
vn 0.58446018 -0.53593895 -0.60924193
vn 0.50204565 -0.59478096 -0.62784216
vn 0.81909708 -0.19971717 -0.53776671
vn 0.87924507 -0.21789962 -0.42361288
vn 0.85941485 -0.29657927 -0.41646951
vn -0.22547441 -0.09037988 -0.97004782
vn -0.21176742 0.19204102 -0.95826656
vn 0.51522898 -0.68085114 -0.52055818
vn -0.12671104 0.12887783 -0.98353181
vn 0.59063259 -0.60966503 -0.52864136
vn 0.37313345 -0.91643246 -0.14464777
vn -0.08724518 0.12079071 -0.98883663
vn 0.00478097 0.07039978 -0.99750740
vn 0.48692487 -0.85711057 -0.16812390
vn -0.16496565 0.05378602 -0.98483166
vn -0.14309225 0.11225990 -0.98332208
vn -0.15286524 0.11136480 -0.98195219
vn 0.48408157 -0.51218548 -0.70945829
vn 0.60459800 -0.54569592 -0.58023893
vn 0.67511080 -0.51824046 -0.52502594
vn 0.46612985 -0.79352413 -0.39120636
vn 0.55058661 -0.72515324 -0.41353013
vn 0.58498575 -0.79080021 -0.18007418
vn 0.63854351 -0.64860814 -0.41420970
vn 0.68037069 -0.70946589 -0.18372227
vn 0.71583775 -0.56405380 -0.41160615
vn 0.76864281 -0.61374105 -0.18030572
vn 0.56643590 -0.43175756 -0.70195141
vn 0.59423318 -0.34291745 -0.72752633
vn 0.72963961 -0.43161641 -0.53040862
vn 0.63814704 -0.28906475 -0.71358946
vn 0.76789926 -0.34654857 -0.53873446
vn 0.65273821 -0.22807017 -0.72243812
vn 0.79714512 -0.27561683 -0.53721040
vn 0.65974625 -0.15477989 -0.73537615
vn 0.82817700 -0.37325513 -0.41809505
vn 0.78740700 -0.45827802 -0.41227595
vn -0.16927362 0.13677507 -0.97603228
vn 0.80309452 -0.54660957 -0.23718593
vn 0.85333353 -0.49096387 -0.17543193
vn 0.89597084 -0.40715739 -0.17736715
vn 0.92786483 -0.32490551 -0.18303896
vn 0.95120873 -0.25025669 -0.18048140
vn -0.08318503 0.01011199 -0.99648281
vn 0.28598541 -0.95434124 -0.08628526
vn 0.82480891 0.19207671 0.53178642
vn -0.06329182 0.11839661 0.99094722
vn -0.16902060 0.03480097 -0.98499793
vn -0.01987401 -0.25281426 -0.96731069
vn -0.47864997 0.75968267 -0.44020046
vn -0.02146915 -0.24817666 -0.96847686
vn 0.17125619 0.67692932 -0.71584776
vn 0.13839180 0.71985006 -0.68019379
vn 0.21912700 0.68167284 -0.69807270
vn 0.13863800 0.68932802 -0.71106005
vn 0.10928085 0.69059379 -0.71493910
vn 0.07050106 0.71032652 -0.70033266
vn 0.07698717 0.69535976 -0.71452626
vn -0.01171206 0.72422827 -0.68946083
vn 0.03726738 0.69539093 -0.71766469
vn -0.00502405 0.70236173 -0.71180247
vn 0.28357250 0.64154144 -0.71274906
vn 0.31139428 0.63172244 -0.70990166
vn 0.33530687 0.61439708 -0.71420272
vn 0.25389166 0.65409084 -0.71253364
vn 0.21498562 0.66384307 -0.71630550
vn 0.25267295 0.65888460 -0.70853896
vn 0.34151332 0.63283265 -0.69490395
vn 0.35380041 0.59131847 -0.72468457
vn 0.39805075 0.59186339 -0.70089466
vn 0.40583141 0.56833459 -0.71574902
vn 0.49514789 0.55933339 -0.66481180
vn 0.43164231 0.55785200 -0.70886251
vn 0.50034782 0.48680022 -0.71601508
vn 0.46464936 0.51750643 -0.71853188
vn 0.43914149 0.54879690 -0.71132041
vn 0.56119063 0.41847332 -0.71410445
vn 0.54101322 0.46663230 -0.69968492
vn 0.60790000 0.40960242 -0.68020838
vn 0.54492582 0.44487734 -0.71073202
vn 0.51211047 0.46400954 -0.72279874
vn 0.49848246 0.49091818 -0.71450303
vn 0.66137082 0.27770868 -0.69675428
vn 0.64000256 0.29350670 -0.71010601
vn 0.63023432 0.31286313 -0.71057819
vn 0.62658841 0.34563516 -0.69851507
vn 0.61182730 0.33340184 -0.71729392
vn 0.60239383 0.35926802 -0.71277497
vn 0.56179852 0.39389455 -0.72748162
vn 0.71302828 0.15847253 -0.68299131
vn 0.71071329 0.07607658 -0.69935612
vn 0.68778969 0.12599437 -0.71489213
vn 0.69179285 0.09701145 -0.71554974
vn 0.68693593 0.15387735 -0.71023996
vn 0.66795813 0.18620234 -0.72052802
vn 0.67202304 0.22042294 -0.70696446
vn 0.66447011 0.21300894 -0.71631464
vn 0.64605989 0.25798507 -0.71836642
vn 0.74089980 -0.03945324 -0.67045577
vn 0.70243509 -0.02021001 -0.71146082
vn 0.70390858 0.00068745 -0.71029025
vn 0.70845893 0.04120851 -0.70454795
vn 0.70371069 0.01507552 -0.71032668
vn 0.70099027 0.03354177 -0.71238163
vn 0.69589539 0.05217097 -0.71624563
vn 0.70480675 -0.11726664 -0.69963989
vn 0.69609319 -0.18145324 -0.69464307
vn 0.68446759 -0.16455710 -0.71022889
vn 0.68794283 -0.13149328 -0.71375358
vn 0.69213650 -0.09086042 -0.71602476
vn 0.69805768 -0.04524382 -0.71461072
vn 0.62376136 -0.33038488 -0.70835555
vn 0.63000996 -0.31291046 -0.71075628
vn 0.68122076 -0.32710782 -0.65493416
vn 0.64447930 -0.26100500 -0.71869522
vn 0.66545982 -0.26203134 -0.69892975
vn 0.65647313 -0.23719820 -0.71608662
vn 0.67572806 -0.19016299 -0.71220055
vn -0.04216324 0.69983974 -0.71305441
vn 0.26162977 -0.64301663 -0.71977738
vn -0.25907386 0.67596460 -0.68989318
vn -0.12055102 0.68582604 -0.71771170
vn -0.14253264 0.71358655 -0.68591449
vn -0.12317101 -0.24430667 -0.96184362
vn -0.03772541 -0.39470965 -0.91803109
vn -0.36898557 0.60296268 -0.70730874
vn -0.03435543 -0.45050774 -0.89211125
vn -0.04210713 -0.36677013 -0.92935820
vn -0.42378949 0.64134097 -0.63959693
vn -0.37226362 0.53228611 -0.76032315
vn -0.34312077 0.53796889 -0.76997248
vn -0.26091360 0.45762058 -0.85000441
vn -0.24859286 0.43180503 -0.86703288
vn -0.41807893 0.63554729 -0.64906830
vn 0.94481351 0.17839921 -0.27477474
vn 0.97047958 0.15289430 -0.18652806
vn 0.94833196 0.23144212 -0.21702774
vn 0.39302352 0.02241983 -0.91925506
vn 0.48838186 -0.00110800 -0.87262932
vn 0.57443556 0.00057373 -0.81854961
vn 0.47953704 0.06170598 -0.87534942
vn 0.36619565 0.12146086 -0.92257683
vn 0.29945055 0.08072823 -0.95069044
vn 0.72293258 0.22561607 -0.65304355
vn 0.69196457 0.25206090 -0.67649859
vn 0.61970692 0.23502084 -0.74881810
vn 0.60540723 0.28386272 -0.74357517
vn 0.19471938 0.28369719 -0.93893571
vn 0.13102186 0.28313044 -0.95008969
vn 0.21567814 0.28348544 -0.93440834
vn 0.76110508 -0.64719383 0.04311857
vn 0.78153707 -0.62192854 0.04903777
vn 0.98798324 0.11012702 -0.10844885
vn 0.96541236 -0.20947678 0.15523679
vn 0.99855678 -0.05125826 -0.01602933
vn 0.78124802 0.31274732 -0.54022277
vn 0.98969869 0.01906926 -0.14189033
vn 0.97447769 0.03207543 -0.22218101
vn 0.69759436 0.26881377 -0.66415455
vn 0.89093127 0.08051342 -0.44694414
vn 0.68921772 0.19045880 -0.69907395
vn 0.91123242 0.09634552 -0.40046601
vn 0.53422448 -0.15611408 -0.83080238
vn -0.30421479 -0.49002435 -0.81690238
vn -0.28835628 -0.49558714 -0.81929484
vn -0.19192324 -0.55030030 -0.81261002
vn -0.16150774 -0.55945616 -0.81297236
vn 0.03071648 0.26871433 -0.96273003
vn -0.02018931 -0.52173797 -0.85286686
vn -0.19791827 0.38451478 -0.90165223
vn 0.01670513 0.01192539 -0.99978934
vn 0.07477917 0.00950721 -0.99715480
vn 0.01691636 0.01729824 -0.99970726
vn 0.56672444 0.07796360 -0.82021039
vn 0.47322336 0.01217909 -0.88085829
vn 0.92574528 0.02192985 -0.37751126
vn 0.89609420 0.00908549 -0.44377093
vn 0.86401611 0.21451111 -0.45547904
vn 0.99191728 -0.01678515 -0.12577113
vn 0.98090001 0.09009860 -0.17238740
vn 0.96555821 0.22455733 -0.13142048
vn 0.96635722 -0.03648164 -0.25460324
vn 0.93918067 -0.03395781 -0.34174045
vn 0.94303684 0.20470765 -0.26225234
vn 0.91331334 -0.02715336 -0.40635138
vn 0.71837155 0.04544463 -0.69417368
vn 0.70175338 -0.01400516 -0.71228228
vn 0.69101970 0.00243078 -0.72283184
vn 0.66434165 0.00284302 -0.74742364
vn 0.64207899 0.06766799 -0.76364626
vn 0.20502940 0.13036021 -0.97003565
vn 0.27847816 0.19163435 -0.94113027
vn 0.24604442 0.00133946 -0.96925763
vn 0.36687670 0.04914619 -0.92897047
vn 0.14505513 0.02410107 -0.98912999
vn 0.04639987 0.04858291 -0.99774082
vn -0.01994060 0.02783740 -0.99941355
vn -0.04515642 0.12262217 -0.99142559
vn -0.08819505 0.10505207 -0.99054818
vn -0.04195017 0.05544521 -0.99758008
vn -0.10013148 0.25061247 -0.96289516
vn -0.21042456 0.33457747 -0.91857467
vn -0.18581526 0.23578691 -0.95387485
vn -0.19168320 0.23313926 -0.95336438
vn -0.14739904 0.17950788 -0.97265125
vn -0.09396221 0.12154496 -0.98812850
vn -0.09435086 -0.56147786 -0.82209521
vn -0.05686141 -0.52763285 -0.84756732
vn -0.04088003 -0.53462023 -0.84410310
vn -0.03263895 -0.53824679 -0.84215503
vn -0.13751670 -0.56594797 -0.81289117
vn -0.02975213 0.25099807 -0.96753025
vn -0.08969985 -0.57951528 -0.81000986
vn -0.10545345 -0.57545961 -0.81100296
vn -0.21258129 -0.53462605 -0.81791453
vn -0.41105517 -0.36817869 -0.83395329
vn -0.39175592 -0.39346524 -0.83169249
vn 0.24671599 0.28201805 -0.92714456
vn -0.37517934 -0.41412593 -0.82930102
vn -0.33573477 -0.44454619 -0.83045822
vn -0.30042651 -0.46711140 -0.83159536
vn -0.45003075 -0.31825472 -0.83437777
vn -0.42443841 -0.34657635 -0.83650276
vn 0.33282132 0.21460614 -0.91824516
vn 0.30966067 0.26616450 -0.91283445
vn -0.45553194 -0.29618371 -0.83950334
vn 0.40679160 0.17921300 -0.89576967
vn -0.45048435 -0.26855478 -0.85143536
vn 0.50662270 0.16384053 -0.84645716
vn 0.43929514 0.13280567 -0.88847197
vn -0.47761901 -0.22119691 -0.85026585
vn -0.49659546 -0.21035535 -0.84210663
vn -0.48673625 -0.14951079 -0.86065925
vn -0.49735835 -0.18674164 -0.84720850
vn -0.50071906 -0.20039330 -0.84209438
vn -0.48908061 -0.08117520 -0.86845308
vn -0.50584806 -0.08295717 -0.85862439
vn 0.49892748 -0.01857545 -0.86644464
vn -0.49829882 -0.09012050 -0.86230887
vn -0.48279411 -0.13318398 -0.86554715
vn -0.46773600 0.00989745 -0.88381280
vn -0.45034349 0.04497470 -0.89172194
vn -0.44623608 0.09534257 -0.88982198
vn -0.44131205 0.10990345 -0.89059806
vn -0.37511341 0.22604667 -0.89899546
vn -0.39238464 0.15791341 -0.90614439
vn -0.39734552 0.10604130 -0.91152168
vn -0.18441059 -0.07601006 -0.97990571
vn -0.34168609 0.26298267 -0.90226977
vn -0.35473606 0.24363051 -0.90266633
vn -0.38540721 0.23769726 -0.89160602
vn 0.71294277 0.02277737 -0.70085219
vn 0.65171148 -0.04150506 -0.75733049
vn 0.54255675 0.03015674 -0.83947766
vn 0.79061722 -0.13019375 -0.59830928
vn 0.46668411 0.06334380 -0.88215277
vn 0.51981046 0.10772295 -0.84746260
vn 0.83823100 0.03105683 -0.54443023
vn 0.59795196 0.15845267 -0.78571382
vn 0.86273086 0.09236124 -0.49715679
vn 0.90474486 0.03477279 -0.42453220
vn 0.94466544 0.09233022 -0.31477348
vn 0.60285590 0.21396322 -0.76862508
vn 0.99228322 -0.09557907 0.07898515
vn 0.99881585 -0.04756374 -0.01022721
vn 0.96012565 -0.22704974 0.16311699
vn 0.84640715 0.32352156 -0.42299968
vn 0.89703188 -0.38116552 0.22371108
vn 0.89282289 0.31443526 -0.32248683
vn 0.92592613 -0.35636410 0.12516164
vn 0.85914512 -0.48244227 0.17064323
vn 0.92550192 0.28478451 -0.24968778
vn 0.84672004 -0.52153184 0.10521269
vn 0.87708092 -0.47313759 0.08288474
vn 0.75331737 -0.65763271 0.00567030
vn 0.99810027 0.00940632 -0.06088826
vn 0.71555844 -0.69835528 -0.01661424
vn 0.99720039 0.01977040 -0.07211464
vn 0.99998502 0.00110143 -0.00536135
vn 0.99889027 -0.01731899 -0.04379829
vn 0.99439863 0.00650036 -0.10549459
vn 0.99713931 -0.01191663 -0.07464042
vn 0.99287314 -0.01754235 -0.11787785
vn 0.99905287 0.02569835 -0.03511345
vn -0.03305408 -0.78869363 -0.61389722
vn 0.99730738 -0.00611359 -0.07307949
vn 0.04238215 -0.01970952 0.99890705
vn 0.99913770 -0.01403489 -0.03907519
vn 0.03704873 -0.10780769 0.99348120
vn 0.72291815 0.69066927 0.01911297
vn 0.31929806 0.24014317 -0.91672242
vn 0.15533987 0.25513540 -0.95434556
vn 0.07414800 0.27445189 -0.95873783
vn -0.23928770 -0.50869100 -0.82702773
vn 0.29206942 0.30081296 -0.90785848
vn 0.28741602 0.30402406 -0.90827386
vn 0.35637579 0.28130050 -0.89099176
vn 0.43783513 0.27984195 -0.85439387
vn 0.49313903 0.23938800 -0.83636552
vn 0.68021057 0.13050718 -0.72130538
vn 0.74038145 0.12134507 -0.66114347
vn 0.77198311 0.13283134 -0.62160913
vn 0.24710428 0.18186372 -0.95176944
vn 0.43418441 0.17094991 -0.88445465
vn 0.55291198 0.10531067 -0.82655793
vn 0.66502598 0.02240642 -0.74648402
vn 0.19420508 0.11748389 -0.97390037
vn 0.09995972 0.20113960 -0.97444903
vn 0.74618752 -0.00583974 -0.66571021
vn 0.77485888 0.27747863 -0.56797827
vn 0.75273180 -0.02096066 -0.65799353
vn 0.79017457 -0.01814432 -0.61261320
vn 0.76148470 0.02719125 -0.64761230
vn 0.63943858 0.10907485 -0.76106568
vn 0.50035482 0.18822741 -0.84511271
vn 0.37187479 0.22772314 -0.89991739
vn 0.02730410 0.15613873 -0.98735768
vn 0.11223640 0.08365445 -0.99015399
vn 0.22413363 0.05942474 -0.97274499
vn 0.29723031 0.00843093 -0.95476859
vn 0.09548427 0.00257287 -0.99542761
vn 0.01987203 -0.00484096 -0.99979081
vn 0.67861767 0.33736379 -0.65242910
vn 0.57101544 0.35212395 -0.74158620
vn 0.75906945 0.35467460 -0.54591163
vn 0.64865618 0.37205254 -0.66394432
vn 0.82148605 0.34976601 -0.45036031
vn 0.72575083 0.36979857 -0.58011615
vn 0.86767667 0.32668063 -0.37472252
vn 0.78973055 0.34650840 -0.50621892
vn 0.90077333 0.27164562 -0.33884520
vn 0.83205504 0.30425920 -0.46380034
vn 0.89812056 0.18091530 -0.40081057
vn 0.98298187 0.05764555 -0.17442374
vn 0.82958935 -0.02494212 -0.55781664
vn 0.85631202 -0.02734144 -0.51573459
vn 0.83416763 0.03805979 -0.55019616
vn 0.89249280 -0.03029873 -0.45004287
vn 0.89991850 0.04591717 -0.43363384
vn 0.93151755 -0.02908759 -0.36253132
vn 0.93930269 0.05843400 -0.33807680
vn 0.95923253 -0.02037660 -0.28188252
vn 0.96364476 0.06792644 -0.25840817
vn 0.97619920 -0.00573214 -0.21680007
vn 0.98900637 -0.00318894 -0.14783854
vn 0.98297615 -0.03091427 -0.18111377
vn 0.85369196 -0.03700125 -0.51946216
vn 0.84454388 0.14693939 -0.51493149
vn -0.48418705 -0.01116060 -0.87489333
vn -0.47737508 -0.04085248 -0.87774945
vn 0.48544374 0.24043295 -0.84055718
vn 0.39385464 0.25000523 -0.88452016
vn 0.37604484 0.30769319 -0.87402241
vn 0.37544881 0.33364112 -0.86470908
vn 0.44638881 0.32981283 -0.83184165
vn 0.52561815 0.32173846 -0.78753408
vn 0.56715721 0.20263459 -0.79829313
vn 0.58334410 0.29641839 -0.75620487
vn 0.48093674 0.30053897 -0.82363595
vn 0.46509137 0.35456138 -0.81115735
vn 0.54393412 0.35957371 -0.75818364
vn 0.62615977 0.35623169 -0.69355817
vn 0.70067241 0.33300631 -0.63100315
vn 0.76682997 0.29386880 -0.57062503
vn 0.82545608 0.21121708 -0.52345927
vn 0.56802109 -0.43929299 0.69596962
vn 0.58364799 -0.46229175 0.66756375
vn 0.57848017 -0.39654398 0.71282085
vn 0.62750065 -0.34602750 0.69750118
vn 0.61019052 -0.34730931 0.71207007
vn 0.55765434 -0.45448692 0.69459577
vn 0.53836419 -0.47630196 0.69519813
vn 0.58010352 -0.53607154 0.61327580
vn 0.51423845 -0.52456286 0.67852239
vn 0.57741625 -0.64070818 0.50604695
vn 0.52813311 -0.57305716 0.62664257
vn 0.49839699 -0.60123276 0.62459555
vn 0.43282058 0.55780286 0.70818240
vn 0.44588200 0.54334210 0.71131471
vn 0.46865401 0.55612974 0.68635496
vn 0.64175820 0.29046093 0.70977380
vn 0.64888013 0.25928697 0.71534946
vn 0.66019806 0.27797030 0.69776144
vn 0.68421371 -0.16660101 0.70999698
vn 0.67697945 -0.18809260 0.71156166
vn 0.69605168 -0.17862018 0.69541850
vn 0.66912501 -0.21258868 0.71209393
vn 0.66481184 -0.26317687 0.69911598
vn 0.65777243 -0.24281338 0.71300567
vn 0.67288744 -0.30982088 0.67173917
vn 0.63509040 -0.29230169 0.71499644
vn 0.62498336 -0.32184085 0.71120620
vn 0.68694690 -0.12779822 0.71538211
vn 0.70777767 -0.11228515 0.69745452
vn 0.69813616 -0.07473536 0.71205373
vn 0.77565248 -0.01306385 0.63102501
vn 0.70077740 -0.04342364 0.71205717
vn 0.71071363 0.07607497 0.69935594
vn 0.69545195 0.04225838 0.71732894
vn 0.70870507 0.03877931 0.70443828
vn 0.70291414 0.00010112 0.71127470
vn 0.70264559 -0.01876801 0.71129244
vn 0.71303519 0.15847479 0.68298357
vn 0.69276500 0.12600753 0.71006955
vn 0.69452433 0.09924495 0.71259132
vn 0.67200247 0.21892320 0.70744986
vn 0.66457518 0.22048794 0.71395021
vn 0.67455297 0.18562755 0.71450731
vn 0.68423876 0.15530139 0.71252985
vn 0.54013109 0.44957101 0.71143820
vn 0.55363444 0.43621071 0.70937234
vn 0.54100494 0.46663072 0.69969238
vn 0.56513107 0.41454860 0.71328559
vn 0.60813605 0.40935902 0.68014391
vn 0.59162626 0.36942401 0.71659212
vn 0.62568450 0.34786764 0.69821703
vn 0.61735477 0.32386927 0.71692523
vn 0.63034964 0.30911962 0.71211263
vn 0.50208103 0.48469162 0.71623228
vn 0.48166955 0.50182691 0.71844569
vn 0.50104280 0.49055354 0.71296096
vn 0.52210030 0.46766273 0.71323407
vn 0.31447080 0.62774367 0.71207163
vn 0.33897584 0.61527467 0.71171094
vn 0.33607156 0.63896850 0.69193581
vn 0.35392698 0.59948892 0.71787793
vn 0.39245234 0.59315963 0.70295293
vn 0.36696866 0.59082036 0.71851604
vn 0.41638628 0.56613366 0.71141770
vn 0.25433558 0.65839314 0.70840094
vn 0.21912728 0.68167246 0.69807299
vn 0.28744122 0.64026381 0.71234809
vn 0.25586790 0.65556247 0.71047130
vn 0.13839117 0.71986351 0.68017969
vn 0.10530247 0.69424307 0.71199575
vn 0.13175218 0.69055091 0.71118268
vn 0.15478962 0.68358393 0.71326936
vn 0.17578224 0.67729296 0.71440524
vn 0.22251721 0.66266951 0.71509105
vn 0.06984879 0.69294662 0.71759747
vn 0.07060156 0.71029106 0.70035850
vn 0.03310386 0.69951041 0.71385525
vn -0.01180049 0.72420036 0.68948865
vn -0.00339707 0.70000990 0.71412506
vn -0.27438245 0.45719739 0.84598157
vn -0.36051915 0.61048093 0.70522264
vn -0.01220954 -0.44728965 0.89430582
vn -0.07901200 -0.38099494 0.92119486
vn -0.44698490 0.68182832 0.57906359
vn -0.49108153 0.75583846 0.43306714
vn -0.04528786 -0.29174624 0.95542302
vn -0.00172942 -0.24359311 0.96987597
vn -0.36193667 0.53103997 0.76615821
vn -0.36199029 0.52862497 0.76780119
vn -0.40248421 0.63023159 0.66393871
vn -0.25693096 0.43127965 0.86486088
vn -0.42119958 0.64073993 0.64190595
vn -0.01278372 -0.33365422 0.94260885
vn -0.21400608 0.00254548 0.97682901
vn -0.02850042 0.10958471 0.99356878
vn 0.37122894 -0.91552927 0.15490392
vn -0.30757619 -0.20768246 0.92858219
vn 0.46197381 -0.63536080 0.61878660
vn -0.09585210 0.14895409 0.98418751
vn 0.59063210 -0.60967569 0.52862962
vn 0.46804310 -0.49904369 0.72930862
vn 0.92786390 -0.32490368 0.18304696
vn 0.85941808 -0.29657825 0.41646357
vn 0.89592680 -0.40728894 0.17728760
vn 0.82818264 -0.37325728 0.41808196
vn 0.85344304 -0.49081067 0.17532790
vn 0.78740026 -0.45827633 0.41229071
vn 0.80307840 -0.54663011 0.23719320
vn 0.37684344 -0.67942262 0.62958234
vn 0.48611975 -0.85743674 0.16878931
vn 0.54921505 -0.72564871 0.41448374
vn 0.58488306 -0.79086194 0.18013659
vn 0.63854270 -0.64861028 0.41420758
vn 0.68044139 -0.70937956 0.18379376
vn 0.71582994 -0.56404961 0.41162548
vn 0.76864472 -0.61374190 0.18029471
vn 0.81829673 -0.19391263 0.54109921
vn 0.87924641 -0.21789853 0.42361064
vn 0.95124186 -0.25017940 0.18041394
vn 0.79716487 -0.27562367 0.53717758
vn 0.76790744 -0.34655282 0.53872006
vn 0.72964003 -0.43161166 0.53041192
vn 0.67511500 -0.51824393 0.52501710
vn 0.60955399 -0.54451180 0.57615174
vn 0.66325673 -0.15047089 0.73310915
vn 0.65194000 -0.23179131 0.72197439
vn 0.63806043 -0.28649597 0.71470199
vn 0.60747764 -0.35831024 0.70893207
vn 0.56526619 -0.43278504 0.70226152
vn -0.04687330 -0.25426583 0.96599782
vn 0.70792373 0.26469457 0.65481354
vn 0.79267655 0.29968953 0.53089554
vn 0.67705117 0.33656438 0.65446630
vn 0.50632050 0.26796152 0.81965613
vn 0.42256158 0.27770780 0.86273988
vn 0.52331574 0.32080668 0.78944519
vn 0.54168787 0.35792746 0.76056702
vn 0.45076395 0.33011486 0.82935881
vn 0.54942234 0.34967663 0.75885528
vn 0.77617427 0.36680085 0.51284562
vn 0.82810101 0.35701721 0.43218911
vn 0.89735718 0.28197707 0.33946873
vn 0.86885353 0.30615206 0.38905586
vn 0.89590402 0.30710298 0.32100428
vn 0.95014044 0.23445856 0.20557803
vn 0.98508715 -0.00589056 0.17195523
vn 0.96641674 -0.02805247 0.25544422
vn 0.94242661 -0.03210463 0.33286840
vn 0.01821129 0.02025694 0.99962893
vn -0.01343431 0.03397744 0.99933230
vn 0.06140182 0.03677906 0.99743527
vn 0.32183257 0.18705732 0.92813434
vn 0.38145228 0.26376333 0.88595884
vn 0.31399689 0.27356453 0.90915807
vn -0.49331342 -0.08111645 0.86606119
vn -0.47556505 -0.05206328 0.87813854
vn 0.50119480 -0.02668875 0.86492282
vn -0.46837027 0.01713743 0.88336606
vn 0.53452420 -0.15378346 0.83104424
vn -0.48628469 0.00300105 0.87379528
vn -0.10516926 -0.01035734 0.99440040
vn 0.71294228 0.02277142 0.70085289
vn 0.83764812 0.03448143 0.54512077
vn 0.52827681 0.10100288 0.84304332
vn 0.99866092 -0.01445567 0.04967302
vn 0.72456517 0.68891709 -0.01996379
vn 0.07762422 -0.05268461 -0.99558968
vn 0.99632896 -0.02259287 0.08257220
vn 0.99664697 -0.00274614 0.08177576
vn 0.99149559 -0.02008717 0.12858075
vn 0.99472402 0.00203393 0.10256702
vn 0.82445066 -0.53985368 -0.16982080
vn 0.85690486 -0.50759640 -0.08977724
vn 0.86418463 -0.49519098 -0.08927945
vn 0.81837703 -0.56842680 -0.08455772
vn 0.78491119 -0.61879767 -0.03168386
vn 0.90811420 -0.35784315 -0.21743245
vn 0.87505835 -0.42125591 -0.23836179
vn 0.92700459 -0.35517203 -0.12047950
vn 0.85948032 -0.47937296 -0.17746875
vn 0.95608593 -0.22267108 -0.19057093
vn 0.96018769 -0.22720328 -0.16253700
vn 0.94600893 0.07094395 0.31628162
vn 0.97670189 0.05323748 0.20789223
vn 0.98946018 0.02577849 0.14249217
vn 0.99869430 -0.04936147 0.01315792
vn 0.99287214 -0.08837777 -0.07996421
vn 0.99830259 -0.05557227 0.01742607
vn 0.99823213 -0.05591794 -0.02014427
vn 0.89931152 0.08721722 0.42852297
vn 0.90718433 0.10927874 0.40629391
vn 0.70803751 0.23184657 0.66703078
vn 0.60756452 0.21302640 0.76516998
vn 0.60958645 0.14218888 0.77986325
vn 0.86576458 0.08557373 0.49308095
vn 0.89828678 0.02977481 0.43839972
vn -0.42292049 0.07677319 0.90290871
vn -0.44367744 0.10191421 0.89037286
vn -0.42057859 0.13216669 0.89757764
vn -0.41663026 0.16705838 0.89359427
vn -0.38761457 0.17651724 0.90476329
vn -0.37947178 0.22416693 0.89763598
vn -0.36486729 0.24085651 0.89936644
vn -0.34176525 0.25806198 0.90365952
vn -0.20294523 0.10601393 0.97343427
vn -0.49911405 -0.08982260 0.86186836
vn -0.49055058 -0.10570233 0.86497812
vn 0.54244057 0.03201373 0.83948398
vn -0.48487929 -0.14919421 0.86176166
vn 0.46719210 0.05840118 0.88222494
vn -0.48972250 -0.16113541 0.85685895
vn 0.43021841 0.12693324 0.89375616
vn -0.49222930 -0.20048779 0.84706255
vn -0.43390515 -0.32552850 0.84009376
vn -0.44799872 -0.28424876 0.84764367
vn 0.39895126 0.18687821 0.89772737
vn -0.46634207 -0.27577729 0.84051886
vn -0.46932931 -0.25809920 0.84446125
vn -0.47873610 -0.21244960 0.85186672
vn -0.36782735 -0.41938471 0.82995151
vn -0.38704032 -0.41093799 0.82542702
vn 0.25380008 0.27846663 0.92630549
vn -0.39150520 -0.39121057 0.83287332
vn -0.33248828 -0.45175260 0.82787145
vn 0.19603099 0.29399026 0.93549002
vn -0.30548107 -0.47396446 0.82585653
vn 0.14187425 0.29868313 0.94374789
vn -0.19001445 -0.55296065 0.81125152
vn -0.20961967 -0.54038596 0.81488810
vn 0.03783776 0.28610132 0.95745200
vn 0.08906851 0.29611219 0.95099126
vn -0.23653314 -0.52980883 0.81446589
vn -0.25716666 -0.51081118 0.82032753
vn -0.28713427 -0.49371376 0.82085360
vn -0.08654759 -0.57282792 0.81509367
vn -0.09462107 -0.58429639 0.80600532
vn -0.09185947 0.25170161 0.96343559
vn -0.11012884 -0.57472833 0.81090010
vn -0.01666304 0.27125480 0.96236333
vn -0.13299899 -0.56417694 0.81487155
vn -0.16969681 -0.55697195 0.81300999
vn -0.19519947 0.38503416 0.90202320
vn -0.08513571 -0.55158754 0.82976087
vn -0.21362914 0.36483064 0.90623462
vn 0.01830139 -0.50172945 0.86483097
vn -0.01271226 -0.51154657 0.85916151
vn -0.02624201 -0.53595802 0.84383669
vn -0.03970647 -0.53940324 0.84111090
vn -0.20156791 0.25918776 0.94455920
vn -0.16398853 0.19855331 0.96627343
vn -0.04389455 0.06632332 0.99683223
vn -0.10475402 0.09958748 0.98949933
vn -0.02640210 0.10969911 0.99361413
vn 0.07106272 0.01620353 0.99734023
vn 0.02018167 0.01143298 0.99973096
vn 0.01666726 0.00868162 0.99982340
vn 0.02830623 0.00263433 0.99959583
vn 0.11889679 -0.00583790 0.99288946
vn 0.16360818 -0.00073128 0.98652513
vn 0.14681433 0.00846975 0.98912781
vn 0.19908500 0.00014759 0.97998222
vn 0.23744755 0.00637325 0.97137945
vn 0.24443262 -0.00525646 0.96965203
vn 0.32095885 0.00317382 0.94708782
vn 0.30232372 0.00267090 0.95320157
vn 0.40147710 0.00989451 0.91581561
vn 0.37621493 0.03741040 0.92577686
vn 0.46132871 0.00283944 0.88722475
vn 0.50225226 0.00705240 0.86469239
vn 0.58140613 -0.07341651 0.81029435
vn 0.51993578 0.00239869 0.85420198
vn 0.82188541 -0.02897262 0.56891560
vn 0.79341642 -0.00164559 0.60867699
vn 0.85080962 -0.01109299 0.52535696
vn 0.86007680 -0.02706190 0.50944632
vn 0.93954668 -0.00626009 0.34236363
vn 0.91867519 -0.00666522 0.39495756
vn 0.90063895 0.01036320 0.43444457
vn 0.88429158 0.00175996 0.46693179
vn 0.95835511 -0.22249530 -0.17902881
vn 0.85366580 0.32398780 0.40778256
vn 0.76720877 0.35271683 0.53570658
vn 0.65305705 0.37127812 0.66005231
vn 0.92757787 0.25507191 0.27301576
vn 0.96959075 0.15274326 0.19121526
vn 0.94302662 0.17492383 0.28302377
vn 0.87546127 0.28539027 0.39002558
vn 0.79673721 0.34406616 0.49681817
vn 0.72073604 0.36459473 0.58958481
vn 0.70081458 0.33208106 0.63133280
vn 0.65585918 0.26759459 0.70586250
vn 0.76492650 0.29091083 0.57468108
vn 0.83876043 0.29759874 0.45597800
vn 0.37024484 0.31059438 0.87547124
vn 0.44351595 0.32818066 0.83402102
vn 0.89886296 0.19504304 0.39243292
vn 0.82508183 0.23547111 0.51360815
vn 0.72566391 0.20277426 0.65749105
vn 0.73663421 -0.67624366 0.00803469
vn 0.99767409 0.02273927 0.06425994
vn 0.75805466 -0.65202735 -0.01461090
vn 0.98751671 0.10818517 0.11448458
vn 0.62511749 0.35501509 0.69512043
vn 0.59594781 0.31285935 0.73957098
vn 0.99911168 -0.00437647 0.04191304
vn 0.98236250 -0.03217208 0.18419791
vn 0.98736093 0.00533908 0.15839790
vn 0.97569471 -0.00530947 0.21906994
vn 0.95819376 -0.02155361 0.28530714
vn 0.92996209 -0.04316146 0.36511312
vn 0.99059105 -0.02211933 0.13505597
vn 0.96735410 -0.04145847 0.25001448
vn 0.36570030 0.28808034 0.88502713
vn 0.14723744 0.24217808 0.95899474
vn 0.19901005 0.26946550 0.94222256
vn 0.30453203 0.24264735 0.92107682
vn 0.27062087 0.28753909 0.91874132
vn 0.24135844 0.17903557 0.95377795
vn 0.39383071 0.20308031 0.89646849
vn 0.34597441 0.11494534 0.93117629
vn 0.83831097 0.03138544 0.54428823
vn 0.76079916 0.02478648 0.64851389
vn 0.68890059 0.11681526 0.71538114
vn 0.50960551 0.16750427 0.84394582
vn 0.63051306 0.12339379 0.76630755
vn 0.46943359 0.15882143 0.86856655
vn 0.59237921 0.08154261 0.80152210
vn 0.47886530 0.06599778 0.87540409
vn 0.58149020 0.02256350 0.81324046
vn 0.61735787 -0.01127215 0.78660168
vn 0.68586388 0.00899748 0.72767423
vn 0.68270944 -0.00071941 0.73068961
vn 0.11253383 0.08135776 0.99031159
vn 0.02756723 0.15888601 0.98691199
vn 0.17676717 0.12987249 0.97564671
vn 0.08726351 0.20266750 0.97535171
vn 0.01525624 0.01073065 0.99982603
vn 0.21286287 0.04060080 0.97623817
vn 0.26814773 0.07406802 0.96052627
vn 0.56025012 0.21826479 0.79904961
vn 0.72914074 0.16124310 0.66509732
vn 0.79294254 0.15357713 0.58962377
vn 0.89727871 0.04237463 0.43942612
vn 0.86233794 0.16697354 0.47800954
vn 0.93677227 0.07182803 0.34248860
vn 0.91503434 -0.04296626 0.40108110
vn 0.87596819 -0.05000696 0.47976977
vn 0.81462900 -0.04118378 0.57851836
vn 0.75058829 -0.01286036 0.66064501
vn 0.07479624 -0.01384066 -0.99710278
vn 0.99698642 0.00158186 0.07756008
vn 0.31099939 0.29403834 0.90378141
vn 0.57955485 0.29550825 0.75946761
vn 0.61572297 0.20781391 0.76006487
vn -0.41159080 -0.34907850 0.84186532
vn 0.37942996 0.31023147 0.87165896
vn 0.45723010 0.31843526 0.83038522
vn 0.48074362 0.23950478 0.84351825
vn 0.50243334 0.16312431 0.84908845
vn 0.68255395 -0.06018480 0.72835286
vn -0.48373642 -0.01588890 0.87506949
vn 0.74475264 -0.07744431 0.66283172
vn 0.96585467 0.08035203 0.24630939
vn 0.98072028 0.07497097 0.18046351
vn 0.99140245 0.05330887 0.11949622
vn 0.99793306 0.01869837 0.06148148
vn 0.99996650 -0.00443150 0.00688173
vn -0.17087206 0.28063569 0.94448205
vn 0.54899419 -0.76642194 0.33347084
vn 0.46421177 -0.66712661 0.58262296
vn 0.48457704 -0.61859015 0.61849117
vn -0.25923505 0.67582392 0.68997044
vn 0.26163672 -0.64300223 0.71978771
vn -0.14232009 0.71358062 0.68596478
vn -0.12681515 0.68281336 0.71950250
vn -0.04475129 0.69886733 0.71384997
vn -0.18915677 -0.23711320 0.95288879
vn 0.29511987 -0.95484907 0.03416898
vn 0.94034444 0.21743766 -0.26167382
vn -0.00000000 0.00000000 -0.00000000
vn -0.01329280 0.78658137 0.61734354
vn -0.01598130 0.74014740 0.67225474
vn -0.06971394 0.90977631 0.40920293
vn -0.08847346 0.50025229 0.86134783
vn -0.25538102 0.84549599 0.46895315
vn -0.11181730 0.58766164 0.80134305
vn -0.24985071 0.69605504 0.67311367
vn -0.26517182 0.73755758 0.62104164
vn -0.28885543 0.72202835 0.62867925
vn -0.28047022 0.69077222 0.66646095
vn -0.29286925 0.72098875 0.62801498
vn -0.28475748 0.69075317 0.66466024
vn -0.29467158 0.71964220 0.62871596
vn -0.28334477 0.69111727 0.66488545
vn -0.29629528 0.71937550 0.62825791
vn -0.28457684 0.69004978 0.66546775
vn -0.30888605 0.71646435 0.62551439
vn -0.29477741 0.68291447 0.66838170
vn -0.35352048 0.70169233 0.61858803
vn -0.33108742 0.65657369 0.67771093
vn -0.42356219 0.65501538 0.62573950
vn -0.35982764 0.61811806 0.69889494
vn -0.41345259 0.61553298 0.67095165
vn -0.47257198 0.62702918 0.61928196
vn -0.44126034 0.58489875 0.68057532
vn -0.54410363 0.57215751 0.61366687
vn -0.50101119 0.52667181 0.68673473
vn -0.60624750 0.50093188 0.61768213
vn -0.56586421 0.46794168 0.67884333
vn -0.64106120 0.44941342 0.62214799
vn -0.60508637 0.42426183 0.67370052
vn -0.66918885 0.40795971 0.62109190
vn -0.63095657 0.38404724 0.67409311
vn -0.70610769 0.34798291 0.61670075
vn -0.65817361 0.32388760 0.67963543
vn -0.73762020 0.27281658 0.61764679
vn -0.68948758 0.25409203 0.67826553
vn -0.76251189 0.19546942 0.61673927
vn -0.71101535 0.18807767 0.67755735
vn -0.78318019 0.10179149 0.61340630
vn -0.72165910 0.10353852 0.68446177
vn -0.73189848 0.01602473 0.68122523
vn -0.78530984 0.00865498 0.61904244
vn -0.78382033 -0.06578503 0.61749334
vn -0.73132159 -0.06014267 0.67937588
vn -0.77106023 -0.13753520 0.62173160
vn -0.72692774 -0.12447073 0.67533924
vn -0.57008214 -0.15751273 0.80634738
vn -0.74456564 -0.25055374 0.61874456
vn -0.69873658 -0.23433263 0.67591080
vn -0.71755824 -0.32292789 0.61711244
vn -0.67287279 -0.29906764 0.67660975
vn -0.67783516 -0.40243146 0.61529539
vn -0.63072781 -0.36947649 0.68239985
vn -0.63294466 -0.46218073 0.62110388
vn -0.59568655 -0.43439742 0.67561558
vn -0.60401921 -0.49589443 0.62389864
vn -0.57277523 -0.46867064 0.67251496
vn -0.57001183 -0.54305684 0.61658396
vn -0.53621635 -0.50322493 0.67767005
vn -0.50150567 -0.61024253 0.61326675
vn -0.47033077 -0.55842365 0.68333886
vn -0.42439082 -0.66115686 0.61867928
vn -0.40129827 -0.61337717 0.68024124
vn -0.35940422 -0.70011843 0.61697876
vn -0.33680096 -0.65269557 0.67864100
vn -0.28047098 -0.73606563 0.61607095
vn -0.26274489 -0.68270681 0.68181855
vn -0.21118279 -0.75480882 0.62101971
vn -0.19748662 -0.71065639 0.67525294
vn -0.16461820 -0.76468908 0.62301803
vn -0.15586807 -0.72356707 0.67242534
vn -0.10823961 -0.78002474 0.61631615
vn -0.10276194 -0.72701278 0.67889056
vn -0.03710250 -0.78671425 0.61620134
vn -0.03736245 -0.73411582 0.67799558
vn 0.01159604 -0.74037280 0.67209646
vn 0.01284906 -0.78565971 0.61852544
vn 0.27172856 -0.90343003 0.33162898
vn 0.15269362 -0.89830439 0.41198772
vn 0.11713641 -0.45608180 0.88219525
vn 0.13397683 -0.95006107 0.28184069
vn 0.02463044 -0.38266247 0.92355984
vn 0.39526277 -0.69415654 0.60159292
vn 0.39755551 -0.69457613 0.59959454
vn 0.41849044 -0.72117433 0.55206280
vn 0.37093242 -0.68522354 0.62679969
vn 0.21112889 -0.54258570 0.81303465
vn 0.13925634 -0.33990340 0.93009319
vn 0.42865470 -0.86841986 0.24920292
vn 0.40219138 -0.69264477 0.59873643
vn 0.38653137 -0.61957294 0.68317119
vn 0.49317118 -0.68239089 0.53955988
vn 0.44720614 -0.65344529 0.61075029
vn 0.49860503 -0.59572680 0.62968452
vn 0.56606285 -0.61589031 0.54795253
vn 0.21512831 -0.20499652 0.95482786
vn 0.76008554 -0.61793504 0.20106284
vn 0.26669648 -0.18943272 0.94498055
vn 0.83606998 -0.50448416 0.21559850
vn 0.28027668 -0.14532340 0.94885515
vn 0.77896229 -0.31816323 0.54036090
vn 0.64979476 -0.30493569 0.69626215
vn 0.91708373 -0.33133047 0.22176011
vn 0.67342285 -0.21198684 0.70821130
vn 0.83370269 -0.19891254 0.51514428
vn 0.94314312 -0.19696024 0.26774560
vn 0.72572414 -0.11252036 0.67872206
vn 0.82578394 -0.09505461 0.55591862
vn 0.70393648 -0.06978898 0.70682595
vn 0.86146895 -0.03652843 0.50649474
vn 0.97856283 -0.00722707 0.20582166
vn 0.70074796 0.02606335 0.71293267
vn 0.80092861 0.06298211 0.59543817
vn 0.72240647 0.09262752 0.68523648
vn 0.61961201 0.09157803 0.77954758
vn 0.82422044 0.18914275 0.53374683
vn 0.69024752 0.17486337 0.70212617
vn 0.84328840 0.28226524 0.45737404
vn 0.65767924 0.26725069 0.70429758
vn 0.93710934 0.31203279 0.15640209
vn 0.79164716 0.39466336 0.46640712
vn 0.55194274 0.29166342 0.78121166
vn 0.70047775 0.43835484 0.56318376
vn 0.59806155 0.39157302 0.69928031
vn 0.69864353 0.52181135 0.48949989
vn 0.75619276 0.59434186 0.27373391
vn 0.54092630 0.47401945 0.69476924
vn 0.58053355 0.54021767 0.60921725
vn 0.49308066 0.50771422 0.70646849
vn 0.41649229 0.44448085 0.79307688
vn 0.52103029 0.65360052 0.54893880
vn 0.41760573 0.54967052 0.72351073
vn 0.47576363 0.74057213 0.47455440
vn 0.31529861 0.52101454 0.79317756
vn 0.36880726 0.79511849 0.48142267
vn 0.24188672 0.55968887 0.79261541
vn 0.26848016 0.77170611 0.57653108
vn 0.21564927 0.66811075 0.71212598
vn 0.20760208 0.85021117 0.48377923
vn 0.12949550 0.59543354 0.79289962
vn 0.09126125 0.87069801 0.48327669
vn 0.03285578 0.43863078 0.89806655
vn -0.02327275 -0.02596622 0.99939188
vn -0.01884841 -0.02930372 0.99939283
vn 0.00001635 0.00000155 1.00000000
vn -0.02714002 -0.02189067 0.99939192
vn -0.03027064 -0.01727727 0.99939241
vn -0.02828082 0.02044161 0.99939098
vn -0.03116932 0.01559191 0.99939250
vn -0.02453512 0.02480241 0.99939125
vn -0.02018099 0.02843195 0.99939199
vn -0.01540380 0.03125709 0.99939267
vn -0.01037279 0.03323449 0.99939375
vn -0.02998719 -0.06806391 0.99723020
vn -0.01992551 -0.07169971 0.99722722
vn 0.00622798 -0.06911743 0.99758909
vn -0.00027471 -0.08824912 0.99609840
vn -0.04953018 -0.05560732 0.99722344
vn -0.04052132 -0.06252140 0.99722069
vn -0.05783707 -0.04655140 0.99724011
vn -0.06456008 -0.03687723 0.99723220
vn -0.07352980 0.01226186 0.99721764
vn -0.07462792 0.00395860 0.99720359
vn -0.07423367 -0.00516631 0.99722749
vn -0.07285403 -0.01537567 0.99722409
vn -0.06951634 -0.02621092 0.99723641
vn -0.06648293 0.03313009 0.99723739
vn -0.07073412 0.02263490 0.99723836
vn -0.06010022 0.04348085 0.99724489
vn -0.04308883 0.06060558 0.99723133
vn -0.05225478 0.05293977 0.99722957
vn -0.03287845 0.06657859 0.99723934
vn -0.02208143 0.07083371 0.99724370
vn 0.00081302 0.06979421 0.99756108
vn -0.00371949 0.03691517 0.99931148
vn 0.00023444 0.04060009 0.99917545
vn -0.00046164 0.08814739 0.99610734
vn -0.00922700 -0.03353512 0.99939495
vn -0.00291908 -0.03695994 0.99931248
vn 0.00063934 -0.05113900 0.99869134
vn 0.00037330 -0.02597634 0.99966249
vn -0.01411489 -0.03181269 0.99939418
vn -0.03417378 0.00586135 0.99939872
vn -0.03450986 0.00170982 0.99940289
vn -0.03314453 0.01059862 0.99939437
vn -0.03457665 -0.00242376 0.99939911
vn -0.03404319 -0.00721147 0.99939434
vn -0.03258088 -0.01231764 0.99939320
vn 0.01390325 0.03820279 0.99917328
vn 0.00705812 0.04003651 0.99917329
vn 0.02032588 0.03520794 0.99917329
vn 0.02613092 0.03114355 0.99917329
vn 0.03114191 0.02613276 0.99917329
vn 0.03520661 0.02032810 0.99917329
vn 0.03820172 0.01390578 0.99917329
vn 0.04003602 0.00706086 0.99917329
vn 0.04065392 0.00000144 0.99917329
vn 0.04003657 -0.00705819 0.99917329
vn 0.03820260 -0.01390316 0.99917329
vn 0.03520802 -0.02032577 0.99917329
vn 0.03114361 -0.02613078 0.99917329
vn 0.02613298 -0.03114172 0.99917329
vn 0.02032827 -0.03520662 0.99917329
vn 0.01390562 -0.03820193 0.99917328
vn 0.00708473 -0.04004748 0.99917266
vn 0.01464573 0.08473765 0.99629566
vn 0.02995197 0.08059843 0.99629653
vn 0.04269280 0.07459513 0.99629960
vn 0.05519564 0.06546972 0.99632683
vn 0.06540136 0.05497858 0.99634332
vn 0.07423432 0.04271377 0.99632565
vn 0.08017610 0.02919611 0.99635304
vn 0.08438849 0.01477497 0.99632338
vn 0.08535818 0.00000101 0.99635033
vn 0.08408198 -0.01482303 0.99634858
vn 0.08018252 -0.02920649 0.99635222
vn 0.05554466 -0.06562706 0.99629708
vn 0.06591979 -0.05580634 0.99626313
vn 0.07433690 -0.04299904 0.99630573
vn 0.04265243 -0.07390582 0.99635270
vn 0.01501456 -0.08439101 0.99631959
vn 0.02927110 -0.08070608 0.99630805
vn 0.71459264 0.69895036 0.02873582
vn 0.70791719 0.70621884 -0.01040214
vn 0.71688219 0.69572784 -0.04519630
vn 0.65622478 0.69255631 0.29955765
vn 0.68033021 0.69577111 0.23033317
vn 0.69227565 0.70065486 0.17273445
vn 0.69765830 0.70548228 0.12477034
vn 0.72181727 0.68863241 0.06903075
vn -0.44015646 0.89749657 -0.02760799
vn -0.90337407 -0.42687886 -0.04110619
vn -0.44101318 0.89748665 0.00500845
vn -0.90428150 -0.42607218 0.02715614
vn -0.43761503 0.89861044 0.03150189
vn -0.89921844 -0.42353569 0.10965271
vn -0.43658632 0.89784697 0.05712449
vn -0.37934463 -0.01128599 0.92518662
vn -0.42750558 -0.00928959 0.90396498
vn -0.40212833 -0.02482173 0.91524679
vn -0.49788302 0.32797851 0.80283410
vn -0.53083068 0.32144249 0.78415146
vn -0.54341504 -0.01506297 0.83932902
vn -0.61069413 0.32455730 0.72229858
vn -0.66378115 0.32226068 0.67493899
vn -0.66919361 -0.01460852 0.74294448
vn -0.70939764 0.32301453 0.62643164
vn -0.78105361 -0.01255907 0.62433767
vn -0.73892646 0.32930273 0.58783279
vn -0.77775550 0.32443747 0.53836485
vn -0.56870328 0.31106326 0.76145665
vn -0.42813858 -0.01507367 0.90358737
vn -0.45099487 0.31905469 0.83355128
vn -0.48101567 0.32578803 0.81393248
vn -0.35013192 0.32496775 0.87852353
vn -0.40361176 0.32467201 0.85538625
vn -0.46804456 -0.01030851 0.88364474
vn -0.54156231 -0.00059576 0.84066040
vn -0.53260035 -0.01382087 0.84625401
vn -0.66701156 -0.00034163 0.74504729
vn -0.63975867 -0.00312330 0.76856951
vn -0.58952465 0.00019107 0.80775036
vn -0.82497725 0.01662693 0.56492131
vn -0.78006401 -0.00613391 0.62566966
vn -0.78244130 0.00489485 0.62270511
vn -0.74092777 0.00486523 0.67156710
vn -0.69698253 -0.00069116 0.71708777
vn -0.95885588 0.00232967 0.28388375
vn -0.95753536 -0.00522246 0.28826856
vn -0.90607384 0.27475661 0.32177476
vn -0.43224398 0.89693940 0.09308515
vn -0.88674417 -0.42141230 0.18999066
vn -0.41981023 0.89925792 0.12285990
vn -0.86808315 -0.42552548 0.25565545
vn -0.41168016 0.89996325 0.14347681
vn -0.85435535 -0.42581938 0.29791742
vn -0.40565795 0.89862248 0.16709061
vn -0.83167494 -0.42148002 0.36148498
vn -0.38973431 0.90004171 0.19501816
vn -0.90572962 0.34427368 0.24724379
vn -0.37964617 0.89947844 0.21634999
vn -0.36532078 0.89795306 0.24539975
vn -0.24257149 0.89824610 0.36648739
vn -0.26871826 0.89965480 0.34411006
vn -0.28638179 0.89964265 0.32958850
vn -0.31408222 0.89763169 0.30920820
vn -0.33063301 0.89991890 0.28430226
vn -0.34352364 0.90013817 0.26784843
vn -0.21411139 0.90009863 0.37944535
vn -0.19685440 0.89937687 0.39034547
vn -0.16567584 0.89793938 0.40774550
vn -0.13742046 0.89919976 0.41539789
vn -0.30420693 0.32349771 0.89599519
vn -0.11215902 0.89832773 0.42476774
vn -0.24312561 0.32687006 0.91326114
vn -0.08094132 0.89775097 0.43300311
vn -0.17403286 0.32594869 0.92923087
vn -0.05272162 0.89935694 0.43402480
vn -0.11185340 0.33118659 0.93691209
vn -0.02730974 0.89809270 0.43895750
vn -0.04521012 0.32324196 0.94523578
vn 0.00645088 0.89862428 0.43867161
vn 0.01250962 0.33008185 0.94386942
vn 0.03185843 0.89939801 0.43596818
vn 0.06997958 0.31259613 0.94730487
vn 0.05787275 0.90045973 0.43107195
vn 0.10801685 0.32486660 0.93957121
vn 0.16586722 0.34110456 0.92527604
vn 0.09622660 0.90449017 0.41549725
vn 0.22374477 0.34433894 0.91179437
vn 0.12600972 0.91061040 0.39358639
vn 0.28966925 0.36139072 0.88627787
vn 0.15204224 0.91380232 0.37662778
vn 0.46158377 0.39830867 0.79264786
vn 0.20139329 0.92968105 0.30843783
vn 0.42995620 0.39447142 0.81211450
vn 0.17965304 0.92252205 0.34158139
vn 0.16314245 0.91707234 0.36381708
vn 0.35094192 0.36994904 0.86021943
vn 0.38357474 0.37589206 0.84354939
vn 0.50153137 0.39619100 0.76908971
vn 0.54695068 0.40897797 0.73046696
vn 0.22643553 0.93448015 0.27472495
vn 0.61111625 0.41872499 0.67171892
vn 0.67736388 0.42704211 0.59901019
vn 0.25140979 0.93509376 0.24978548
vn 0.73549680 0.42504772 0.52761623
vn 0.27373969 0.93644097 0.21941946
vn 0.77037879 0.42567160 0.47467905
vn 0.30048308 0.93648296 0.18085791
vn 0.81328078 0.41301247 0.40987201
vn 0.85108127 0.39939815 0.34079581
vn 0.89334616 0.37817742 0.24272303
vn 0.34582123 0.92871319 0.13378897
vn 0.32456256 0.93151511 0.16413026
vn 0.94312382 0.32856264 0.05063635
vn 0.04914108 0.55436250 -0.83082331
vn -0.29455506 0.94831094 -0.11808332
vn 0.93524897 0.34092424 0.09528921
vn 0.88577944 0.46214385 -0.04263618
vn 0.41307696 0.90787336 0.07164772
vn 0.92230119 0.35605730 0.15027881
vn 0.38787944 0.91672985 0.09568658
vn 0.35792856 0.92494256 0.12793908
vn 0.89495881 -0.44522316 0.02872412
vn 0.44994090 0.89265525 0.02682903
vn 0.42381399 0.90386135 0.05844962
vn -0.36699988 0.89879784 -0.23973637
vn -0.35117764 0.89960081 -0.25960094
vn -0.75475219 0.32912308 -0.56747435
vn -0.71658033 0.32628190 -0.61648419
vn -0.33614178 0.89814031 -0.28346551
vn -0.67246589 0.32346841 -0.66570100
vn -0.32035630 0.89875267 -0.29935845
vn -0.30628720 0.90042282 -0.30891244
vn -0.62973343 0.32808174 -0.70412937
vn -0.29480302 0.89891853 -0.32409359
vn -0.58431534 0.32221335 -0.74481819
vn -0.27443849 0.89801158 -0.34388765
vn -0.53626322 0.32538567 -0.77881058
vn -0.24764249 0.89842982 -0.36262523
vn -0.50402518 0.32739245 -0.79923263
vn -0.22271053 0.89982564 -0.37511842
vn -0.46902947 0.32025043 -0.82307413
vn -0.20290828 0.89789047 -0.39066729
vn -0.40879327 0.32307098 -0.85352985
vn -0.17175548 0.89944349 -0.40187245
vn -0.32120639 0.31820848 -0.89194721
vn -0.35688199 0.32146954 -0.87709326
vn -0.37825015 0.33037163 -0.86474355
vn -0.15952855 0.89999892 -0.40565082
vn -0.14278056 0.89951709 -0.41289553
vn -0.25632279 0.32264936 -0.91115093
vn -0.11464801 0.89804404 -0.42470311
vn -0.19723293 0.31562184 -0.92816056
vn -0.08217380 0.89907296 -0.43001777
vn -0.13416479 0.33028107 -0.93429879
vn -0.05783532 0.89916250 -0.43377629
vn -0.06287479 0.32663976 -0.94305526
vn -0.02566989 0.89718081 -0.44091683
vn 0.02724334 0.32539752 -0.94518477
vn 0.01565215 0.89738324 -0.44097429
vn 0.09913311 0.31923165 -0.94247747
vn 0.05915617 0.90007288 -0.43170517
vn 0.19966094 0.33700971 -0.92008693
vn 0.08918145 0.90540664 -0.41507287
vn 0.10835839 0.90712255 -0.40667817
vn 0.27352308 0.35421277 -0.89426978
vn 0.13678142 0.91257237 -0.38536024
vn 0.14783495 0.91441690 -0.37681105
vn 0.14728898 0.91606255 -0.37300852
vn 0.33606696 0.36516969 -0.86816478
vn 0.16132218 0.91894790 -0.35987487
vn 0.37501859 0.36969040 -0.85011180
vn 0.18068032 0.92245063 -0.34123225
vn 0.42200824 0.39458119 -0.81621978
vn 0.22223191 0.92343657 -0.31285440
vn 0.46681180 0.40182010 -0.78779906
vn 0.23129931 0.93257685 -0.27713002
vn 0.23962197 0.93856525 -0.24834773
vn 0.56496457 0.41838061 -0.71117698
vn 0.50758883 0.41503528 -0.75504921
vn 0.27227337 0.93895772 -0.21029886
vn 0.69416329 0.42048667 -0.58423307
vn 0.24910355 0.94014434 -0.23254254
vn 0.64653776 0.42046035 -0.63655480
vn 0.60996139 0.41603995 -0.67443152
vn 0.33569404 0.93065216 -0.14558871
vn 0.80891480 0.41275727 -0.41867443
vn 0.29882268 0.93735206 -0.17909808
vn 0.77105546 0.42565952 -0.47358996
vn 0.73925671 0.41930411 -0.52695691
vn 0.35287229 0.92415002 -0.14638271
vn 0.88884074 0.39290058 -0.23577801
vn 0.85214875 0.40403140 -0.33256750
vn 0.35177687 0.92596136 -0.13729015
vn 0.36677814 0.92247364 -0.12048312
vn 0.91536890 0.37425520 -0.14843456
vn 0.40228680 0.90928990 -0.10657022
vn 0.93118830 0.34964732 -0.10312657
vn 0.45466694 0.89043535 -0.02007141
vn 0.90178512 -0.42749181 -0.06351648
vn 0.42900815 0.90090741 -0.06571039
vn 0.87132948 0.48968940 0.03145205
vn 0.93545867 0.35029114 -0.04704460
vn -0.19328675 0.97145837 0.13750952
vn 0.03420190 0.52198948 0.85226593
vn -0.79107276 0.31518490 -0.52427318
vn -0.90703463 0.26610521 -0.32630690
vn -0.38453430 0.89910143 -0.20916498
vn -0.90928954 0.33810363 -0.24264885
vn -0.39544181 0.89968447 -0.18491517
vn -0.81779845 -0.42419222 -0.38893014
vn -0.39948242 0.90112379 -0.16849246
vn -0.84306264 -0.42183390 -0.33361886
vn -0.40859873 0.89972379 -0.15344111
vn -0.90046829 -0.42406901 -0.09655226
vn -0.43615883 0.89693788 -0.07258042
vn -0.41903460 0.89854334 -0.13049855
vn -0.86536853 -0.42404255 -0.26706783
vn -0.42566772 0.89898982 -0.10307424
vn -0.87834969 -0.42583499 -0.21717821
vn -0.88991273 -0.42251136 -0.17187055
vn 0.88509996 -0.02282448 0.46484094
vn 0.73984715 -0.37449730 -0.55890783
vn 0.99547107 -0.08492546 0.04272022
vn 0.99060769 -0.02386314 0.13463636
vn 0.93779783 -0.03700229 0.34520437
vn 0.99874358 -0.04426678 0.02348865
vn 0.99454920 -0.02905352 0.10013882
vn 0.78099453 -0.35459292 -0.51411224
vn 0.97091483 -0.08451398 -0.22401288
vn 0.96870790 -0.11839490 -0.21814595
vn 0.93757181 -0.16343779 -0.30699704
vn 0.80531508 -0.29207310 -0.51590786
vn 0.77148199 -0.32202580 -0.54873940
vn 0.99435860 -0.03043061 -0.10161177
vn 0.93766035 -0.03535132 -0.34575041
vn 0.88581126 -0.02144916 -0.46354973
vn 0.93838057 -0.15978354 0.30644922
vn 0.81662148 -0.28046851 0.50444699
vn 0.77386714 -0.32603933 0.54298066
vn 0.78205308 -0.35211909 0.51420339
vn 0.74190795 -0.37766665 0.55402211
vn 0.96870187 -0.11840232 0.21816869
vn 0.96696511 -0.09237194 0.23758344
vn 0.99867659 -0.04729586 -0.02020304
vn 0.99301201 -0.02154929 -0.11602919
vn 0.99508544 -0.07917672 -0.05946439
vn 0.72720022 -0.68642534 0.00030624
vn 0.70141357 -0.71274949 -0.00267490
vn 0.68720104 -0.72631110 0.01506413
vn 0.69857227 -0.71459228 0.03680565
vn 0.70853932 -0.69667019 0.11235068
vn 0.70392683 -0.70619602 0.07598811
vn 0.70253975 -0.70474905 -0.09882654
vn 0.68435595 -0.72914459 0.00226026
vn 0.68645262 -0.72681255 -0.02294162
vn 0.65397598 -0.75226437 -0.08008580
vn 0.71655793 0.67611254 0.17151259
vn 0.71129821 0.69668742 0.09317457
vn 0.70353272 0.70930248 0.04395115
vn 0.70465076 0.70955296 0.00138207
vn 0.69010143 0.72212341 -0.04793534
vn -0.58467838 0.73770018 -0.33756426
vn -0.47738793 0.73770024 -0.47738780
vn -0.33756432 0.73770021 -0.58467831
vn 0.47738792 0.73770025 -0.47738781
vn 0.65228858 0.73720439 -0.17620807
vn -0.65218275 0.73736100 -0.17594434
vn -0.68991675 0.72228520 -0.04815573
vn 0.58467833 0.73770005 -0.33756464
vn -0.00000000 0.73770023 -0.67512842
vn -0.17473615 0.73770027 -0.65212391
vn 0.33756431 0.73770021 -0.58467832
vn 0.17473615 0.73770027 -0.65212390
vn -0.05276218 0.97879349 0.19793802
vn 0.01226224 0.99535827 0.09545449
vn 0.03477256 0.99912502 0.02323914
vn -0.04362766 0.99904443 0.00261979
vn -0.04365885 -0.89852945 -0.43673646
vn -0.07625626 -0.90356814 -0.42160361
vn -0.13784754 -0.55161404 -0.82262993
vn 0.52876988 -0.52414989 -0.66758468
vn 0.25519663 -0.89014917 -0.37750381
vn 0.22255834 -0.89638669 -0.38335192
vn 0.81094105 -0.58462812 -0.02417808
vn 0.44274142 -0.89663440 -0.00517504
vn 0.84720729 -0.51884987 -0.11416930
vn 0.44513735 -0.89481807 -0.03396109
vn 0.84950842 -0.50726618 -0.14497056
vn 0.43561590 -0.89772201 -0.06583300
vn 0.42716645 -0.89971289 -0.08969694
vn 0.85246158 -0.47699774 -0.21396822
vn 0.42280116 -0.89864212 -0.11696803
vn 0.83178471 -0.46951178 -0.29612984
vn 0.41615985 -0.89934285 -0.13413951
vn 0.40789133 -0.89890543 -0.15998030
vn 0.79772172 -0.46691023 -0.38162142
vn 0.40036432 -0.89873909 -0.17881964
vn 0.38375186 -0.89773982 -0.21632782
vn 0.75485454 -0.47236677 -0.45504314
vn 0.35966196 -0.89943875 -0.24830064
vn 0.69203628 -0.54321881 -0.47539364
vn 0.68247970 -0.50452227 -0.52884661
vn 0.34608291 -0.89855268 -0.26986979
vn 0.60496948 -0.54411295 -0.58133727
vn 0.33265279 -0.89683406 -0.29160039
vn 0.30828995 -0.89850841 -0.31247391
vn 0.29170140 -0.89636501 -0.33382638
vn 0.16230979 -0.46542296 -0.87007873
vn 0.22693000 -0.47024030 -0.85286390
vn 0.12824401 -0.89733000 -0.42231784
vn 0.30853909 -0.45347975 -0.83615773
vn 0.15701281 -0.89961671 -0.40747607
vn 0.32675371 -0.50071388 -0.80157197
vn 0.18093361 -0.89876547 -0.39935404
vn 0.39831865 -0.46537743 -0.79042147
vn 0.47034145 -0.49981654 -0.72729798
vn 0.09981342 -0.89804930 -0.42842121
vn 0.07453478 -0.89962707 -0.43025075
vn 0.12311909 -0.51089363 -0.85078164
vn 0.04192583 -0.89723230 -0.43956391
vn 0.03647449 -0.50675110 -0.86132046
vn -0.00239020 -0.89774404 -0.44051098
vn -0.11295283 -0.52824684 -0.84154437
vn -0.03481451 -0.55873711 -0.82861378
vn 0.00383140 -0.51794192 -0.85540721
vn -0.09072958 -0.90576848 -0.41394638
vn -0.10272770 -0.90559704 -0.41151066
vn -0.19926564 -0.52875641 -0.82505143
vn -0.13185755 -0.90954299 -0.39413848
vn -0.26625371 -0.54981068 -0.79171787
vn -0.16370338 -0.91739892 -0.36274017
vn -0.18779940 -0.92742209 -0.32344960
vn -0.38852300 -0.63016703 -0.67226437
vn -0.32867140 -0.58646257 -0.74029505
vn -0.20513205 -0.92942595 -0.30673808
vn -0.22374984 -0.93156564 -0.28656843
vn -0.43936297 -0.66075509 -0.60857448
vn -0.24450810 -0.93630408 -0.25209215
vn -0.49570161 -0.67332918 -0.54855057
vn -0.55066958 -0.66842635 -0.49996923
vn -0.26449006 -0.93962942 -0.21712109
vn -0.56568948 -0.70005929 -0.43578940
vn -0.29232612 -0.93609699 -0.19562173
vn -0.30867418 -0.93577383 -0.17043350
vn -0.60661299 -0.67423740 -0.42121801
vn -0.68562500 -0.62948209 -0.36560998
vn -0.34531682 -0.92862469 -0.13569261
vn -0.73798514 -0.61232281 -0.28361718
vn -0.78975647 -0.57551195 -0.21229865
vn -0.38076795 -0.91832566 -0.10813763
vn -0.83119868 -0.53834425 -0.13890363
vn -0.40438383 -0.91053039 -0.08607044
vn -0.80550900 -0.58514086 -0.09362383
vn -0.43611767 -0.89877707 -0.04473429
vn -0.95055465 -0.30642190 -0.05051211
vn -0.46094876 -0.88741103 0.00528271
vn -0.85041492 -0.52602428 -0.00963962
vn 0.44778578 -0.14870830 -0.88168800
vn 0.43880161 0.01433277 -0.89846966
vn 0.55055431 0.01625847 -0.83464101
vn 0.36200322 -0.13841346 -0.92184347
vn 0.96938333 -0.01552815 -0.24506089
vn 0.98500087 0.00029299 -0.17254914
vn 0.98519632 -0.01017551 -0.17112763
vn 0.99527167 -0.01626075 -0.09575954
vn 0.99925291 -0.00422106 -0.03841620
vn 0.94796983 -0.00267657 -0.31834893
vn 0.94522033 -0.00429427 -0.32640478
vn 0.90942877 -0.01146849 -0.41570156
vn 0.87647738 -0.00956941 -0.48134793
vn 0.87737659 0.00326203 -0.47979129
vn 0.78639637 -0.00390873 -0.61770986
vn 0.82097164 -0.00509789 -0.57094621
vn 0.84256757 -0.00222658 -0.53858604
vn 0.67491368 -0.00304721 -0.73789040
vn 0.72837726 -0.00811824 -0.68512820
vn 0.77914378 0.00328469 -0.62683664
vn 0.56651380 0.00557661 -0.82403339
vn 0.63842031 -0.00186810 -0.76968566
vn 0.68763386 0.00516413 -0.72603926
vn 0.40055624 0.02231066 -0.91600051
vn 0.48742196 -0.01040672 -0.87310454
vn 0.43930984 0.01152880 -0.89826163
vn 0.54329839 0.01593482 -0.83938843
vn 0.67735471 0.01669253 -0.73546717
vn 0.61356854 -0.10448768 -0.78269788
vn 0.53154235 -0.13495180 -0.83621214
vn 0.78716911 0.01184280 -0.61662350
vn 0.72253250 -0.06630401 -0.68815011
vn 0.66756828 -0.16430193 -0.72619382
vn 0.87741328 0.01139198 -0.47960000
vn 0.83734900 -0.15556782 -0.52406613
vn 0.78530140 -0.11850385 -0.60766648
vn 0.94405955 0.00757815 -0.32968793
vn 0.89223597 -0.16720824 -0.41947154
vn 0.86787668 -0.10008362 -0.48659360
vn 0.99980328 -0.00561035 -0.01902456
vn 0.99985206 0.00497656 -0.01646458
vn 0.98576740 0.00467523 -0.16804991
vn 0.99212304 -0.12060361 -0.03386215
vn 0.98623687 -0.10201016 -0.13011828
vn 0.97166385 -0.17845688 -0.15499195
vn 0.95577303 -0.17004769 -0.23996188
vn 0.92711464 -0.17235115 -0.33279654
vn -0.69167824 0.18593398 0.69786085
vn 0.68081130 -0.16969649 0.71253006
vn -0.69521364 0.21255444 0.68665756
vn 0.66386481 -0.21093445 0.71748880
vn -0.67018463 0.24488531 0.70063097
vn 0.65492282 -0.24215102 0.71584843
vn 0.63186584 -0.29138243 0.71822131
vn -0.64781435 0.29708703 0.70148119
vn 0.60239812 -0.34987767 0.71742743
vn -0.61737678 0.35168947 0.70367636
vn -0.59188485 0.39343555 0.70347764
vn 0.57621230 -0.39357431 0.71629508
vn -0.56603531 0.43641996 0.69938663
vn 0.54607656 -0.43250910 0.71745123
vn -0.53148290 0.47590534 0.70074249
vn 0.49283393 -0.44196268 0.74952232
vn -0.49725908 0.51147151 0.70080689
vn 0.47454989 -0.50852875 0.71847124
vn -0.46145625 0.54489716 0.70010371
vn 0.41023861 -0.55525454 0.72346159
vn -0.41629069 0.58469833 0.69629729
vn 0.33565865 -0.60592130 0.72124382
vn -0.34821789 0.62785758 0.69608847
vn 0.71530810 -0.05398507 0.69672084
vn -0.71333938 0.15266815 0.68398784
vn -0.68935157 0.14123339 0.71052624
vn 0.80164893 -0.49369061 -0.33708839
vn 0.66759223 0.67854196 0.30643340
vn 0.74096566 -0.62864481 -0.23616859
vn 0.79565077 -0.46593251 -0.38710043
vn 0.38514994 0.57356659 0.72296673
vn 0.59172790 0.65744195 0.46650635
vn 0.88875738 -0.30214137 -0.34470409
vn 0.98187059 -0.09644006 -0.16318536
vn 0.19508010 0.47959256 0.85553184
vn 0.98322496 -0.11343011 -0.14283656
vn 0.06807984 0.40656444 0.91108205
vn 0.98074603 0.03149840 0.19273057
vn -0.24228317 0.28260799 0.92813339
vn -0.57403292 0.14169230 0.80647969
vn 0.81394854 0.00999781 0.58085094
vn 0.89899083 0.03845886 0.43627560
vn -0.60740655 0.12993280 0.78369302
vn 0.70769899 0.60536546 -0.36427297
vn -0.26024043 0.63501587 0.72734432
vn 0.65455397 0.64660391 -0.39174288
vn -0.42440500 0.67791478 0.60025990
vn -0.54013808 0.71006261 0.45173216
vn -0.60375477 0.69248330 0.39490132
vn 0.63833331 0.69492961 -0.33106407
vn 0.62734431 0.67729329 -0.38433440
vn -0.56934238 0.76474763 0.30167916
vn 0.65835312 0.69659328 -0.28518237
vn -0.15380304 0.56985508 0.80722352
vn 0.57966524 -0.76441215 0.28224507
vn -0.15679853 0.33449353 0.92926223
vn -0.00588314 0.36474038 0.93109068
vn 0.72751541 -0.67323786 0.13218210
vn 0.14670075 0.43281729 0.88946506
vn 0.86221093 -0.50641128 -0.01182888
vn 0.94080908 -0.31493678 -0.12527213
vn 0.22452372 0.44957737 0.86456306
vn 0.95941907 -0.20690575 -0.19158563
vn 0.20348357 0.38759401 0.89909138
vn 0.97544757 -0.07137593 -0.20834471
vn 0.18161099 0.30286964 0.93556797
vn 0.97237221 0.07333707 -0.22161671
vn 0.96894244 0.12582502 -0.21288169
vn 0.15591957 0.26582123 0.95132968
vn 0.94860955 0.21936767 -0.22807402
vn 0.04803243 0.29974713 0.95280877
vn -0.04420133 0.42001355 0.90644076
vn 0.88604595 0.38576139 -0.25712006
vn 0.79638248 0.52067992 -0.30768063
vn -0.36983657 -0.01121046 0.92902919
vn -0.28815542 0.02991296 0.95711633
vn -0.20425708 -0.00272292 0.97891349
vn -0.35409854 -0.02123258 0.93496706
vn -0.26595077 -0.02527105 0.96365531
vn -0.34119922 -0.01248660 0.93990807
vn -0.07470556 -0.00555515 0.99719016
vn -0.10961712 -0.04203562 0.99308464
vn -0.18139209 -0.00867144 0.98337262
vn -0.05615918 0.00741365 0.99839430
vn -0.06215543 0.00817477 0.99803300
vn -0.13558325 0.00585497 0.99074866
vn -0.20659247 -0.00511202 0.97841373
vn -0.08208976 0.01205153 0.99655207
vn -0.09226757 0.02284451 0.99547216
vn -0.10230577 0.03617640 0.99409496
vn -0.12485830 0.04008968 0.99136432
vn -0.14506250 0.07393033 0.98665656
vn -0.33852636 0.43611604 0.83378817
vn -0.26855478 0.27136845 0.92424969
vn -0.20506249 0.16109062 0.96540105
vn -0.17044113 0.09411722 0.98086277
vn -0.38902237 0.46059617 0.79781750
vn -0.26780138 -0.01121906 0.96340882
vn -0.11472205 -0.01266392 0.99331691
vn 0.02637098 -0.01068896 0.99959508
vn 0.01386878 -0.00249660 0.99990071
vn -0.96119411 0.00237250 0.27586274
vn -0.92778831 0.02051951 0.37254235
vn 0.99101339 -0.13174130 -0.02316673
vn 0.97850380 -0.12358552 0.16509672
vn 0.96721302 -0.25396615 0.00041917
vn 0.97444861 -0.20071091 -0.10082183
vn 0.94679064 -0.18456629 0.26367170
vn 0.98013555 -0.18171258 -0.07946601
vn 0.95925350 -0.16593249 0.22869003
vn -0.60401649 0.00918907 0.79691885
vn -0.51136942 0.00285606 0.85935624
vn -0.37493256 -0.00391642 0.92704382
vn -0.50174349 0.07698350 0.86158401
vn -0.37338931 0.02222207 0.92740854
vn -0.49215426 0.17593835 0.85254318
vn -0.35285548 0.05838349 0.93385458
vn -0.46025340 0.28784430 0.83982883
vn -0.32067127 0.13579867 0.93740528
vn -0.43566497 0.43965112 0.78543168
vn -0.30456635 0.26185397 0.91579028
vn -0.43757608 0.55759797 0.70541596
vn -0.32636417 0.39477264 0.85886029
vn -0.59161891 0.03629527 0.80540035
vn 0.74412204 -0.00117654 0.66804267
vn 0.85383509 0.00045808 0.52054340
vn 0.99654515 -0.00420060 0.08294648
vn 0.97774421 0.00080622 0.20979900
vn 0.93126540 0.00652968 0.36428301
vn 0.46587967 -0.00054760 0.88484792
vn 0.60960703 -0.00095456 0.79270319
vn 0.31843405 -0.00102600 0.94794446
vn 0.17364310 0.00174924 0.98480710
vn -0.18115113 0.06841574 0.98107265
vn -0.20997640 0.00707746 0.97768084
vn -0.21793670 0.03834938 0.97520917
vn -0.23479506 0.12140889 0.96443308
vn -0.31993791 0.26515127 0.90957932
vn -0.38979811 0.40349193 0.82779931
vn -0.34934712 0.36243173 0.86406008
vn -0.30865194 0.17874472 0.93422926
vn -0.28259947 0.03148409 0.95872117
vn -0.27749931 0.09038650 0.95646454
vn 0.06435181 0.00145159 -0.99792622
vn -0.01496245 -0.00710328 -0.99986282
vn -0.03827519 -0.00715162 -0.99924164
vn 0.27286433 0.01982452 -0.96184825
vn 0.18021513 0.01287562 -0.98354295
vn 0.20551582 0.01545683 -0.97853172
vn 0.12332344 0.03265140 -0.99182923
vn 0.05331917 -0.00018103 -0.99857750
vn 0.06739818 -0.01040523 -0.99767190
vn 0.20702699 0.00474869 -0.97832371
vn 0.36468321 0.02058910 -0.93090399
vn 0.34152527 0.01097427 -0.93980852
vn 0.32945734 -0.51790299 -0.78945193
vn 0.37359812 -0.52261393 -0.76635444
vn 0.32518166 -0.42351785 -0.84551140
vn 0.11572989 -0.16161874 -0.98004386
vn 0.16594556 -0.22501795 -0.96011926
vn 0.26980819 -0.26831581 -0.92477574
vn 0.17095256 -0.24966325 -0.95312302
vn 0.33612821 -0.37214658 -0.86517325
vn 0.20151475 -0.35595151 -0.91251867
vn 0.24098974 -0.41713292 -0.87631277
vn 0.20464443 -0.15236216 -0.96690559
vn 0.18666750 -0.12090273 -0.97495527
vn 0.07431215 -0.09417456 -0.99277835
vn 0.15454754 -0.08791421 -0.98406613
vn 0.06197401 -0.07162063 -0.99550475
vn 0.12356271 -0.04807643 -0.99117149
vn 0.02798732 -0.06229622 -0.99766522
vn 0.10041884 -0.03529994 -0.99431885
vn 0.08723836 -0.01253644 -0.99610858
vn -0.00246827 -0.02012250 -0.99979448
vn -0.00280371 -0.02663283 -0.99964135
vn 0.08835955 0.00024879 -0.99608861
vn 0.26650056 -0.15307092 -0.95160220
vn 0.26855623 0.00790232 -0.96323159
vn 0.02549816 -0.05735085 -0.99802842
vn -0.03635224 -0.08445380 -0.99576406
vn -0.02120704 0.00360362 -0.99976861
vn 0.06379987 -0.20499422 -0.97668160
vn 0.12171765 0.00519146 -0.99255119
vn 0.10817158 -0.10237707 -0.98884672
vn 0.18080603 -0.16367013 -0.96980476
vn -0.08754686 -0.00030267 -0.99616036
vn -0.08070280 0.00220656 -0.99673577
vn 0.00156059 -0.00000077 -0.99999878
vn -0.07384637 0.02250851 -0.99701559
vn -0.08744160 0.03548779 -0.99553733
vn -0.07726017 0.04626299 -0.99593705
vn -0.07373235 0.06117683 -0.99539989
vn -0.06273743 0.07895637 -0.99490196
vn -0.06716129 0.08843676 -0.99381502
vn -0.04003620 0.07142984 -0.99664180
vn -0.02576791 0.07026527 -0.99719547
vn -0.01558422 -0.08819349 -0.99598145
vn -0.00110751 -0.10330946 -0.99464865
vn -0.00100970 -0.10300827 -0.99467999
vn -0.02994889 -0.07900122 -0.99642454
vn -0.05164515 -0.08496934 -0.99504422
vn -0.04560653 -0.06915951 -0.99656260
vn -0.07959883 -0.04073469 -0.99599433
vn -0.08262689 -0.03437588 -0.99598750
vn -0.07299968 -0.01367413 -0.99723822
vn -0.05791243 -0.05461614 -0.99682658
vn -0.07010596 -0.04738490 -0.99641348
vn -0.02025056 0.07720293 -0.99680972
vn -0.00980074 0.08077261 -0.99668437
vn 0.00761535 -0.07564735 -0.99710555
vn -0.00035435 -0.00026284 -0.99999990
vn 0.00066514 0.08125354 -0.99669324
vn 0.01098628 0.08107053 -0.99664782
vn 0.02137187 0.07885942 -0.99665663
vn 0.02762522 0.07503804 -0.99679794
vn 0.08220082 -0.00119652 -0.99661507
vn 0.07959633 -0.00860347 -0.99679005
vn 0.08217588 0.01167102 -0.99654950
vn 0.08156210 -0.01750334 -0.99651455
vn 0.07853621 -0.02527082 -0.99659091
vn 0.07341393 -0.03606153 -0.99664937
vn 0.03892253 0.07656807 -0.99630435
vn 0.04459621 0.06985692 -0.99655968
vn 0.05371578 0.06182009 -0.99664080
vn 0.06116456 0.05438009 -0.99664522
vn 0.06439789 0.04761419 -0.99678774
vn 0.07549933 0.04274347 -0.99622931
vn 0.07571394 0.03381110 -0.99655617
vn 0.07952206 0.02127280 -0.99660610
vn 0.05231194 -0.06175686 -0.99671939
vn 0.03446952 -0.06177264 -0.99749486
vn 0.06819376 -0.04468807 -0.99667075
vn 0.06261039 -0.04934522 -0.99681743
vn 0.06089153 -0.06160508 -0.99624145
vn 0.02951521 -0.08868760 -0.99562210
vn 0.02734575 -0.08180413 -0.99627320
vn 0.14053710 -0.24430298 -0.95946098
vn 0.10072205 -0.18424305 -0.97770628
vn 0.13989445 -0.15522756 -0.97792328
vn 0.07456812 -0.14173206 -0.98709251
vn 0.10673109 0.18064131 -0.97774086
vn 0.14101099 0.15740708 -0.97741440
vn 0.35329541 -0.53619669 -0.76659993
vn 0.31679204 -0.53784394 -0.78125969
vn 0.26285434 -0.43214253 -0.86264734
vn 0.30497129 -0.34337879 -0.88830373
vn 0.40501958 -0.47114656 -0.78356879
vn 0.35974913 -0.48163022 -0.79913259
vn 0.36210660 -0.28059605 -0.88890082
vn 0.44579686 -0.40725304 -0.79712616
vn 0.41197205 -0.44424324 -0.79556708
vn 0.40829826 -0.21073499 -0.88819102
vn 0.48087030 -0.32884979 -0.81278630
vn 0.48289762 -0.37402930 -0.79177773
vn 0.43744822 -0.13630789 -0.88885275
vn 0.53179748 -0.21623719 -0.81879968
vn 0.50207015 -0.27170476 -0.82103721
vn 0.45588059 -0.05261663 -0.88848432
vn 0.55847279 -0.12929618 -0.81938431
vn 0.57591415 -0.18300082 -0.79676445
vn 0.45622487 0.03606387 -0.88913344
vn 0.57353803 0.00022602 -0.81917891
vn 0.57155328 -0.06546839 -0.81794911
vn 0.44289655 0.12158370 -0.88829052
vn 0.56589532 0.09435049 -0.81906073
vn 0.60335932 0.05059567 -0.79586281
vn 0.41180489 0.20058943 -0.88892104
vn 0.53099106 0.21514723 -0.81960976
vn 0.55240525 0.15871138 -0.81832704
vn 0.44127347 0.36662252 -0.81906389
vn 0.48180809 0.33825457 -0.80835933
vn 0.36582800 0.27669602 -0.88859957
vn 0.49080812 0.29670681 -0.81919013
vn 0.53803905 0.26964888 -0.79862598
vn 0.41004701 0.40036029 -0.81949563
vn 0.30611850 0.34086740 -0.88887619
vn 0.39427942 0.45352839 -0.79928452
vn 0.34134241 0.46131738 -0.81894544
vn 0.23499450 0.39411200 -0.88851185
vn 0.32131455 0.49915544 -0.80473648
vn 0.15699516 0.43062409 -0.88877186
vn 0.22936394 0.52498503 -0.81962364
vn 0.26964635 0.50601552 -0.81929185
vn 0.05937551 0.57077633 -0.81895600
vn 0.11201712 0.58914598 -0.80022446
vn 0.07422087 0.45294463 -0.88844382
vn 0.14284293 0.55593142 -0.81886272
vn 0.19456654 0.56686736 -0.80050313
vn -0.00104028 0.20923896 -0.97786399
vn 0.03425387 0.20814291 -0.97749844
vn 0.07273325 0.19871533 -0.97735464
vn 0.16933376 0.12683794 -0.97736289
vn 0.21043724 0.01696113 -0.97746022
vn 0.20332822 0.05528169 -0.97754875
vn 0.18768760 0.09307427 -0.97780905
vn 0.21017812 -0.02484491 -0.97734737
vn 0.20077194 -0.06203360 -0.97767196
vn 0.18738837 -0.09651505 -0.97753284
vn 0.16670652 -0.13009429 -0.97738652
vn 0.21898578 -0.24420522 -0.94467404
vn 0.16961002 -0.28567790 -0.94319700
vn 0.21369849 -0.34628626 -0.91346526
vn -0.00923577 0.57528836 -0.81789853
vn -0.00483379 0.46080033 -0.88749067
vn -0.00262512 0.32715886 -0.94496571
vn 0.05404747 0.32445306 -0.94435644
vn 0.11229656 0.30940102 -0.94427776
vn 0.16895564 0.28250852 -0.94426846
vn 0.21970564 0.24511105 -0.94427221
vn 0.26277250 0.19811798 -0.94429862
vn 0.29567854 0.14444589 -0.94430376
vn 0.31730755 0.08691522 -0.94433133
vn 0.32795650 0.02579766 -0.94434052
vn 0.32687127 -0.03776911 -0.94431386
vn 0.31409690 -0.09750459 -0.94437068
vn 0.29214930 -0.15100229 -0.94437656
vn 0.25997927 -0.20175323 -0.94430208
vn -0.34911609 0.93625085 0.03939924
vn -0.31636333 0.94862453 0.00507393
vn -0.16034650 0.98705535 0.00327573
vn -0.51569790 0.85676161 0.00390222
vn -0.69223281 0.72149786 0.01595522
vn -0.68559509 0.72797999 0.00212123
vn -0.87947891 0.47592517 -0.00347473
vn -0.82458025 0.56568289 -0.00838279
vn -0.97859461 0.20368875 -0.02938515
vn -0.94400969 0.32977577 -0.00967736
vn -0.99601219 0.08344122 -0.03157985
vn -0.99317625 0.11623625 -0.00949098
vn -0.99353465 -0.08698616 -0.07295410
vn -0.99743599 -0.02141221 -0.06828593
vn -0.99877078 0.00028764 -0.04956658
vn -0.98854759 0.14598822 -0.03822448
vn -0.99346639 0.10844154 -0.03556646
vn -0.98046773 -0.14852307 -0.12893379
vn -0.99708187 0.05820804 -0.04939199
vn -0.96791671 -0.19611090 -0.15709157
vn -0.99622489 -0.00297263 -0.08675903
vn -0.94907523 -0.21382385 -0.23137754
vn -0.92230080 -0.25908170 -0.28677154
vn -0.98993227 -0.04901903 -0.13278263
vn -0.90614268 -0.23554470 -0.35131771
vn -0.88324939 -0.26660935 -0.38573303
vn -0.96725548 -0.10377475 -0.23161958
vn -0.86349859 -0.22070624 -0.45349635
vn -0.91158474 -0.13769438 -0.38736742
vn -0.82034972 -0.25221249 -0.51323990
vn -0.85693765 -0.13300266 -0.49796402
vn -0.81192381 -0.18251266 -0.55449874
vn -0.72124146 -0.15278902 -0.67562288
vn -0.79716667 -0.09953933 -0.59549745
vn -0.67485734 -0.08522408 -0.73301053
vn -0.69323810 -0.04671546 -0.71919302
vn -0.59457975 -0.06435596 -0.80145694
vn -0.90031664 0.43504496 0.01287739
vn -0.72315521 0.68738495 0.06744227
vn -0.78733988 0.60463946 0.12044518
vn -0.60876084 0.77298929 0.17859955
vn -0.65725506 0.70640416 0.26269554
vn -0.82096780 0.54234648 0.17852778
vn -0.71256805 0.60695198 0.35193191
vn -0.86095585 0.45092372 0.23542052
vn -0.77391920 0.47949637 0.41368140
vn -0.90294325 0.33964410 0.26331609
vn -0.85329751 0.33139116 0.40257082
vn -0.95318076 0.20971493 0.21786713
vn -0.92890102 0.19857186 0.31258937
vn -0.98987490 0.09854925 0.10215546
vn -0.97807726 0.10916109 0.17733789
vn -0.99858536 0.03252697 -0.04206275
vn -0.99716709 0.06863568 0.03077221
vn -0.98261513 0.01433844 -0.18509973
vn -0.98485605 0.06502079 -0.16071979
vn -0.92630547 0.02451578 -0.37597492
vn -0.96594447 0.10400696 0.23692582
vn -0.95827824 0.09952992 0.26794888
vn -0.99586203 0.09049690 0.00831491
vn -0.99383981 0.06548179 0.08941236
vn -0.98909256 0.10422047 0.10408652
vn -0.54350120 0.61321106 0.57321780
vn -0.48841908 0.62510218 0.60884650
vn -0.38910494 0.59319323 0.70478304
vn -0.67439581 0.44400764 0.58995552
vn -0.68279743 0.39735715 0.61310273
vn -0.68177379 0.38844026 0.61991828
vn -0.79774465 0.28852364 0.52948803
vn -0.70874250 0.29427637 0.64115949
vn -0.90512830 0.17213522 0.38873157
vn -0.88027486 0.16995789 0.44297910
vn -0.91528651 0.11822060 0.38506428
vn -0.40172131 0.90895025 0.11148734
vn -0.40697603 0.88571398 0.22334114
vn -0.37704658 0.85927222 0.34566910
vn -0.45737039 0.75281158 0.47337835
vn -0.81558014 -0.01988432 -0.57830239
vn -0.91710852 -0.04328767 -0.39628038
vn -0.91257348 0.40503228 0.05620040
vn -0.93536144 0.34388494 0.08271721
vn -0.95878408 0.26493283 0.10268241
vn -0.98045589 0.17392025 0.09196731
vn -0.99738023 0.07073841 0.01512439
vn -0.99306031 -0.01022974 -0.11716044
vn -0.96364191 -0.04866212 -0.26272851
vn -0.11817657 0.94141260 0.31587436
vn -0.16666380 0.87746423 0.44975516
vn -0.24917954 0.82061650 0.51429381
vn -0.29758569 0.73673183 0.60718116
vn 0.08786579 0.71072609 -0.69795991
vn 0.22905107 0.86653891 -0.44344777
vn 0.25270070 0.95585817 -0.14992505
vn 0.38084349 0.91134109 -0.15625512
vn 0.32478375 0.94302440 -0.07225298
vn 0.41234675 0.90936754 0.05496211
vn 0.54894603 0.83318291 -0.06681681
vn 0.60862190 0.79343348 0.00653357
vn 0.60095963 0.78418677 -0.15459183
vn 0.87750460 0.47908702 -0.02147784
vn 0.91638550 0.40009326 -0.01276716
vn 0.90843395 0.38972918 -0.15119168
vn 0.94520087 0.32336551 -0.04505625
vn 0.96693078 0.25495710 -0.00646107
vn 0.95206390 0.26275498 -0.15663380
vn 0.93750791 -0.34795487 -0.00251735
vn 0.87867973 -0.47716434 -0.01536673
vn 0.87147053 -0.47123274 -0.13593683
vn 0.96786948 -0.25091788 -0.01639800
vn 0.92156982 -0.35782423 -0.15056855
vn 0.99440220 -0.01893002 0.10395155
vn 0.99433372 -0.10452860 0.01934511
vn 0.98334422 -0.10225935 -0.15025702
vn 0.98538363 0.16129057 0.05481292
vn 0.97712200 0.15097103 -0.14980102
vn 0.99478413 0.07525370 -0.06885798
vn 0.98888614 0.00975824 -0.14835421
vn 0.84803374 0.50719646 -0.15359208
vn 0.84941532 0.52757444 -0.01260250
vn 0.79212220 0.60681656 0.06569692
vn 0.68602323 0.71111919 -0.15388833
vn 0.68269174 0.72975226 0.03733140
vn 0.73429078 0.67738028 -0.04441855
vn 0.48273338 0.86196159 -0.15488931
vn 0.47960565 0.87735003 -0.01534082
vn 0.25077165 0.96547951 0.07044787
vn 0.12356444 0.99215357 -0.01905585
vn 0.86240194 0.24531744 -0.44281176
vn 0.88968554 0.13272086 -0.43685789
vn 0.90164195 0.01627924 -0.43217679
vn -0.01618077 0.99972533 -0.01695420
vn 0.12720037 0.98043610 -0.15021693
vn 0.11532681 0.88860019 -0.44394755
vn 0.65909434 0.27809840 -0.69875313
vn 0.68626386 0.19578849 -0.70050609
vn 0.70990120 0.11056468 -0.69556865
vn 0.72064247 0.00880369 -0.69325098
vn 0.77162313 0.45710612 -0.44232538
vn 0.70752561 0.55455886 -0.43803194
vn 0.56344733 0.44603851 -0.69539683
vn 0.50611811 0.50943241 -0.69593325
vn 0.54015133 0.71562720 -0.44284789
vn 0.44338266 0.77890351 -0.44353257
vn 0.35074895 0.62456441 -0.69777824
vn 0.27569315 0.66137773 -0.69754769
vn 0.78809592 -0.42672231 -0.44363600
vn 0.83466938 -0.32506958 -0.44458609
vn 0.61794008 -0.33308220 -0.71218418
vn 0.66505393 -0.26360382 -0.69872476
vn 0.98430392 -0.16504122 -0.06250744
vn 0.95850280 -0.24140055 -0.15165141
vn 0.87142239 -0.21524451 -0.44078659
vn 0.69648882 -0.16860325 -0.69747851
vn 0.71267926 -0.08113998 -0.69678159
vn 0.89496869 -0.10108619 -0.43452575
vn 0.82291921 0.35361693 -0.44470107
vn 0.61411521 0.36683809 -0.69877916
vn 0.78066198 0.60691270 -0.14907666
vn 0.62923515 0.64139487 -0.43894845
vn 0.42827003 0.57273775 -0.69896799
vn 0.33917377 0.83002764 -0.44273613
vn 0.18007410 0.69164196 -0.69943171
vn -0.01584216 0.98864284 -0.14944684
vn -0.01433750 0.89681175 -0.44217997
vn -0.01149791 0.71417782 -0.69986987
vn -0.77008111 0.45967118 -0.44235449
vn -0.61646966 0.36337030 -0.69851785
vn -0.64823969 0.29488669 -0.70201648
vn -0.53801933 0.19379045 -0.82035386
vn -0.53623599 0.11623358 -0.83602674
vn -0.63903872 0.14906096 -0.75459283
vn -0.52717507 0.23810808 -0.81571502
vn -0.67185401 0.23511224 -0.70237769
vn -0.49728436 0.28702124 -0.81873504
vn -0.50256693 0.34425583 -0.79304124
vn -0.40742919 0.41416600 -0.81392136
vn -0.44630051 0.36136423 -0.81867683
vn -0.56218002 0.44442581 -0.69745203
vn -0.28827825 0.51186885 -0.80925022
vn -0.35218382 0.62540467 -0.69630134
vn -0.26398736 0.54782605 -0.79384967
vn -0.25323663 0.67111979 -0.69675637
vn -0.20077253 0.54827992 -0.81183713
vn -0.84635720 0.29660580 -0.44238499
vn -0.81511192 0.37130771 -0.44466071
vn -0.70706420 0.55228756 -0.44163183
vn -0.77949625 0.60642286 -0.15696153
vn -0.49876556 0.51027125 -0.70061128
vn -0.62633594 0.64118588 -0.44337790
vn -0.53401495 0.72062136 -0.44219100
vn -0.32158612 0.83832338 -0.44022300
vn -0.43609137 0.78487490 -0.44022234
vn -0.42553600 0.57376928 -0.69979134
vn -0.35025966 0.46473712 -0.81322665
vn -0.75538166 0.17801614 -0.63064158
vn -0.86998813 0.21073756 -0.44576938
vn -0.94125492 0.23240960 -0.24499989
vn -0.85207530 0.49984520 -0.15531403
vn -0.89950316 0.41013124 -0.15062013
vn -0.93369571 0.32600347 -0.14810150
vn -0.96475277 0.24648996 -0.09216724
vn -0.48011633 0.86462459 -0.14802913
vn -0.58153678 0.79859988 -0.15509095
vn -0.68898905 0.70681146 -0.16034853
vn -0.35422917 0.92335103 -0.14813699
vn -0.96731103 0.25321752 -0.01379334
vn -0.94244563 0.33379356 -0.01944476
vn -0.90955518 0.41549235 -0.00868773
vn -0.86870718 0.49521337 -0.01056162
vn -0.82886692 0.55589512 -0.06293048
vn -0.79138833 0.61110479 -0.01598288
vn -0.74304803 0.66466158 -0.07813203
vn -0.35818786 0.93349533 -0.01696854
vn -0.48573197 0.87401233 -0.01291923
vn -0.57974243 0.81463500 -0.01638696
vn -0.64479617 0.76023709 -0.07923047
vn -0.69710410 0.71682090 -0.01461737
vn -0.10832621 0.56773929 -0.81604995
vn -0.13677609 0.70165300 -0.69926773
vn -0.17176576 0.88064938 -0.44153504
vn -0.18933373 0.97048973 -0.14933997
vn -0.18966148 0.98170125 -0.01706421
vn 0.50444932 -0.72340037 -0.47140512
vn 0.55008130 -0.78465140 -0.28588939
vn 0.58387621 -0.75476666 -0.29902485
vn 0.62876807 -0.73124713 -0.26443970
vn 0.68776070 -0.71706048 -0.11317899
vn 0.76076304 -0.64400768 -0.08058356
vn 0.77882520 -0.62503252 -0.05258947
vn 0.82507991 -0.56031024 0.07277067
vn -0.06257509 0.20137600 -0.97751320
vn -0.03520230 0.20594163 -0.97793090
vn -0.18397176 0.46135703 -0.86793092
vn -0.13822552 0.43125153 -0.89158052
vn -0.11284810 0.29632161 -0.94839802
vn -0.07677879 0.45488077 -0.88723644
vn -0.12283268 0.37949875 -0.91700209
vn -0.07669193 0.28130476 -0.95654899
vn -0.06670307 0.15532774 -0.98560844
vn -0.05435476 0.32221739 -0.94510397
vn -0.99168347 0.11145372 0.06435807
vn -0.98864459 0.15015163 0.00603031
vn -0.97791734 0.19394987 -0.07785316
vn -0.57202578 -0.01580458 -0.82008336
vn -0.55942811 0.01382833 -0.82876352
vn -0.66746208 -0.00230669 -0.74464022
vn -0.79278323 0.02895063 -0.60881575
vn -0.90860805 0.06578781 -0.41243591
vn -0.97461690 0.09691328 -0.20181602
vn -0.99281774 0.11404641 -0.03614337
vn -0.65677268 0.04993896 -0.75243321
vn -0.77205981 0.08740141 -0.62951143
vn -0.88919703 0.11994175 -0.44152306
vn -0.96068945 0.14538605 -0.23651357
vn -0.98523071 0.15269769 -0.07748462
vn -0.59095288 0.08274675 -0.80245104
vn 0.42677050 -0.65738478 -0.62105732
vn 0.44254996 -0.58476475 -0.67985272
vn 0.51967886 -0.66628879 -0.53478325
vn 0.58093185 -0.71458978 -0.38971738
vn 0.59591499 -0.40455607 -0.69370002
vn 0.51126521 -0.52419230 -0.68105089
vn 0.56441873 -0.47776527 -0.67318040
vn 0.81330985 -0.55737844 -0.16690223
vn 0.74745960 -0.62622016 -0.22170353
vn 0.66844792 -0.68306513 -0.29427776
vn 0.73637151 -0.50918091 -0.44552419
vn 0.67736886 -0.57396882 -0.46014261
vn 0.60456803 -0.62819357 -0.48976560
vn 0.35564432 -0.56411360 -0.74517982
vn 0.26549122 -0.47193040 -0.84071167
vn 0.36642117 -0.60525801 -0.70668117
vn 0.40105702 -0.61246718 -0.68120278
vn 0.40546625 -0.63512756 -0.65742688
vn 0.45211904 -0.68018836 -0.57700275
vn 0.41443267 -0.44473042 -0.79401538
vn 0.41419155 -0.57195111 -0.70803763
vn 0.35789459 -0.35889614 -0.86203539
vn 0.36803520 -0.22218080 -0.90287639
vn 0.44461830 -0.29665785 -0.84516785
vn 0.34723718 -0.13154924 -0.92850479
vn 0.47614291 -0.16822510 -0.86312702
vn 0.35238107 -0.06232852 -0.93377874
vn 0.49653037 -0.07393408 -0.86486493
vn 0.36161097 -0.02349134 -0.93203308
vn 0.51238602 -0.00662242 -0.85872971
vn 0.36904730 0.00216485 -0.92940809
vn 0.59883070 -0.00678567 -0.80084690
vn 0.58788093 -0.03390907 -0.80823646
vn 0.80325461 -0.22299602 -0.55231767
vn 0.71746513 -0.30853096 -0.62454178
vn 0.39244719 -0.30937493 -0.86618263
vn 0.02986693 -0.25794929 -0.96569671
vn 0.10772137 -0.35969476 -0.92683105
vn 0.30057855 -0.30371095 -0.90410851
vn 0.21543859 -0.22066794 -0.95125805
vn 0.47743001 -0.27845710 -0.83338000
vn 0.56184643 -0.28473137 -0.77669597
vn 0.62238406 -0.32584945 -0.71166018
vn 0.67313104 -0.31802193 -0.66765010
vn 0.93718927 -0.29051348 -0.19307562
vn 0.92078862 -0.28006717 -0.27149716
vn 0.88577349 -0.28111670 -0.36929490
vn 0.80493352 -0.40755889 -0.43125142
vn 0.91322748 -0.40647273 -0.02820441
vn 0.95140379 -0.29890168 -0.07408517
vn -0.03394735 -0.33066144 -0.94313869
vn -0.18256683 -0.34003923 -0.92251974
vn -0.12553487 -0.11711966 -0.98515176
vn -0.07700790 -0.32634031 -0.94211028
vn -0.71922419 -0.21119708 -0.66190057
vn -0.68933434 -0.11553899 -0.71517054
vn -0.62036239 -0.44126730 -0.64840857
vn -0.60632330 -0.10517149 -0.78823284
vn -0.54958978 -0.43222760 -0.71493383
vn -0.51269660 -0.09514914 -0.85328122
vn -0.49159011 -0.41739122 -0.76427988
vn -0.46405998 -0.15575054 -0.87200350
vn -0.40322718 -0.41495228 -0.81561170
vn -0.39718461 -0.12142893 -0.90966994
vn -0.34050825 -0.34569310 -0.87438574
vn -0.31169684 -0.13481778 -0.94056858
vn -0.25439900 -0.32612896 -0.91045101
vn -0.22760639 -0.13608445 -0.96419726
vn -0.16317959 -0.10470361 -0.98102476
vn -0.79775625 -0.48148725 -0.36298071
vn -0.83623850 -0.12768701 -0.53329278
vn -0.76124114 -0.45503976 -0.46200730
vn -0.78011173 -0.12539691 -0.61294478
vn -0.70197748 -0.43460641 -0.56422061
vn -0.89806398 -0.40549609 -0.17045238
vn -0.93896613 -0.13174263 -0.31778372
vn -0.87576293 -0.40843666 -0.25733010
vn -0.90582664 -0.21971378 -0.36222087
vn -0.88399472 -0.13946740 -0.44620867
vn -0.95552977 -0.29231940 -0.03888731
vn -0.99152665 -0.09228212 -0.09142709
vn -0.93081236 -0.35315127 -0.09419414
vn -0.98154342 -0.12788736 -0.14218766
vn -0.95944858 -0.16014345 -0.23197523
vn -0.95052189 -0.31054187 -0.00847839
vn -0.99701784 -0.07697451 -0.00550930
vn -0.99991038 0.00335314 -0.01296126
vn -0.99784143 0.00839010 -0.06513124
vn -0.98954826 0.00675584 -0.14404378
vn -0.97443254 0.03678293 -0.22164889
vn -0.96375708 0.01008110 -0.26659082
vn -0.92985572 0.00177649 -0.36792007
vn -0.88856404 0.00083901 -0.45875183
vn -0.84272756 0.03433002 -0.53724456
vn -0.80831049 0.00861666 -0.58869339
vn -0.73469468 -0.00061778 -0.67839763
vn -0.32816054 -0.00109265 -0.94462134
vn -0.37817180 -0.00552766 -0.92571893
vn -0.47491753 0.02205211 -0.87975397
vn -0.54602959 -0.00721887 -0.83773479
vn -0.60536985 -0.00014000 -0.79594430
vn -0.65887860 -0.00034968 -0.75224921
vn -0.31005723 0.01236993 -0.95063742
vn -0.26257790 0.00040530 -0.96491071
vn -0.17387466 -0.00419135 -0.98475887
vn -0.08260608 -0.00078309 -0.99658197
vn -0.98819058 0.05092563 -0.14451972
vn -0.97367634 0.03318377 -0.22550660
vn -0.95037800 0.04024243 -0.30848372
vn -0.91535233 -0.21958733 -0.33750779
vn -0.85594674 -0.24003435 -0.45797237
vn -0.91029980 -0.09880263 -0.40198547
vn -0.69126100 -0.22638816 -0.68622637
vn -0.60361423 -0.25862839 -0.75416259
vn -0.72423914 -0.31855067 -0.61155796
vn -0.43632533 -0.03212077 -0.89921547
vn -0.40037957 -0.07382980 -0.91337033
vn -0.31265754 -0.04029307 -0.94901092
vn -0.73713148 0.01084194 -0.67566236
vn -0.69458815 0.00328845 -0.71940009
vn -0.76063907 -0.00683520 -0.64913904
vn -0.53696387 -0.07399700 -0.84035364
vn -0.60206797 -0.03154764 -0.79782135
vn -0.64345946 -0.04752979 -0.76400317
vn -0.32814565 -0.08923145 -0.94040320
vn -0.26997830 -0.14751534 -0.95149931
vn -0.20059577 -0.08831352 -0.97568543
vn -0.55893799 -0.03544843 -0.82845141
vn -0.74744380 -0.14524071 -0.64825373
vn -0.70796459 -0.17955662 -0.68304140
vn -0.65714558 -0.15667224 -0.73730150
vn -0.52194979 -0.27290290 -0.80814134
vn -0.57844184 -0.28150406 -0.76561120
vn -0.47936638 -0.29253313 -0.82742507
vn -0.22841719 -0.01902833 -0.97337737
vn -0.99971171 -0.00166567 -0.02395262
vn -0.99993142 0.00329589 -0.01123779
vn -0.99848062 0.01329459 -0.05347621
vn -0.99955736 0.02144047 -0.02062480
vn -0.99968222 0.02425572 -0.00686425
vn -0.99912257 0.02789365 -0.03124152
vn -0.99932080 0.03401829 -0.01416632
vn -0.87117799 -0.31336357 -0.37795790
vn -0.91062079 -0.30282684 -0.28118619
vn -0.75197067 -0.21680253 -0.62252452
vn -0.01994205 -0.23635233 -0.97146276
vn -0.06832925 -0.19546697 -0.97832703
vn 0.03340513 -0.18848893 -0.98150702
vn -0.04952386 -0.03315692 -0.99822242
vn -0.11211798 -0.04551746 -0.99265186
vn -0.14054811 -0.00693292 -0.99004958
vn 0.06070948 -0.22831031 -0.97169376
vn -0.01298777 -0.11315971 -0.99349192
vn 0.22253422 -0.42403270 -0.87788085
vn 0.24097196 -0.44648050 -0.86173527
vn 0.14377488 -0.34834397 -0.92627494
vn 0.07072979 -0.25425326 -0.96454786
vn 0.02239772 -0.27490787 -0.96120966
vn -0.15252633 -0.12692540 -0.98011513
vn -0.11310094 -0.15371060 -0.98162173
vn -0.16388304 -0.21293365 -0.96322459
vn -0.19386846 -0.10739435 -0.97513152
vn -0.23585753 -0.09859814 -0.96677279
vn -0.16891775 -0.04621011 -0.98454630
vn -0.23014769 -0.01202609 -0.97308140
vn -0.17227039 0.02833511 -0.98464208
vn -0.15772704 0.18475457 -0.97004532
vn -0.19965541 0.11845089 -0.97268037
vn -0.15880919 0.26499359 -0.95108256
vn -0.05068770 0.20788291 -0.97683952
vn -0.22649110 0.37611281 -0.89846588
vn -0.33368665 0.34864322 -0.87584309
vn -0.27892983 0.44531860 -0.85081696
vn -0.38410684 0.26084981 -0.88567449
vn -0.48993585 0.14107146 -0.86026839
vn -0.43802041 0.19136824 -0.87836001
vn -0.46546450 0.01223812 -0.88498194
vn -0.52574356 -0.05586162 -0.84880692
vn -0.61988618 -0.16926520 -0.76621825
vn -0.81408798 -0.32445532 -0.48165289
vn -0.79880020 -0.28324522 -0.53074513
vn -0.95267985 -0.20022181 -0.22871888
vn -0.99958811 0.02794831 -0.00651948
vn -0.99658435 -0.03632245 -0.07416403
vn -0.99793103 0.00581168 -0.06403031
vn -0.99961130 0.01716907 -0.02196543
vn -0.99993157 0.00376637 -0.01107560
vn -0.99993284 0.00510698 -0.01040380
vn -0.99951988 0.01393586 -0.02767317
vn -0.99993915 0.00090922 -0.01099410
vn -0.99993595 0.00022300 -0.01131543
vn -0.99808255 0.01569195 -0.05987483
vn -0.99993786 0.00003382 -0.01114798
vn -0.99983318 0.00135449 -0.01821484
vn -0.99540478 0.01588232 -0.09443027
vn -0.99984413 0.00031997 -0.01765254
vn -0.98662569 0.01909899 -0.16187950
vn -0.85989831 0.00015067 -0.51046535
vn -0.42101609 -0.01569103 -0.90691744
vn -0.46807841 -0.03792916 -0.88287257
vn -0.08107087 -0.26285611 -0.96142300
vn 0.16811954 -0.38922277 -0.90567182
vn 0.16148952 -0.35591973 -0.92045765
vn 0.07649183 -0.33067119 -0.94064104
vn 0.08339584 -0.32764136 -0.94111438
vn -0.13188253 -0.27552657 -0.95220382
vn -0.15797160 -0.19958946 -0.96706206
vn -0.22177623 -0.25640466 -0.94078263
vn -0.26933638 -0.20038253 -0.94196856
vn -0.36240392 -0.24685254 -0.89873646
vn -0.61747748 -0.27642528 -0.73641742
vn -0.52800505 -0.13206366 -0.83890992
vn -0.40593613 -0.22091675 -0.88679854
vn -0.40869718 -0.16593714 -0.89745834
vn -0.33782335 -0.20331688 -0.91898728
vn -0.11732942 -0.23386358 -0.96516405
vn -0.06976603 -0.26305067 -0.96225623
vn -0.00149529 -0.30347445 -0.95283840
vn -0.01773635 -0.24283771 -0.96990477
vn -0.08579781 -0.15174774 -0.98468846
vn -0.46444045 -0.11621245 -0.87794632
vn -0.49957519 -0.02785122 -0.86582270
vn -0.78986316 -0.04232010 -0.61182121
vn -0.74873651 -0.04722302 -0.66118351
vn -0.82499902 0.00164663 -0.56513176
vn -0.78864225 0.01052955 -0.61476217
vn -0.83365941 0.06774460 -0.54810825
vn -0.88553036 0.03283789 -0.46341953
vn -0.70066452 -0.05526796 -0.71134709
vn -0.65026477 0.00511764 -0.75969043
vn -0.44653858 -0.24037303 -0.86187244
vn -0.59009567 -0.15152141 -0.79298699
vn -0.50504625 -0.27418601 -0.81838275
vn -0.40741462 -0.28735452 -0.86685680
vn -0.61051961 -0.32864325 -0.72059657
vn -0.49538970 -0.33687781 -0.80068870
vn -0.70664283 -0.35802546 -0.61030621
vn -0.59172107 -0.36633445 -0.71809836
vn -0.78443597 -0.35988012 -0.50512030
vn -0.68104140 -0.37025631 -0.63173798
vn -0.84499704 -0.33947507 -0.41320295
vn -0.81845103 -0.30545261 -0.48665861
vn -0.89699212 -0.27163511 -0.34873989
vn -0.75734806 -0.34896666 -0.55194763
vn -0.99298936 -0.01345635 -0.11743531
vn -0.98785394 -0.07403711 -0.13661296
vn -0.98259436 -0.01700943 -0.18498380
vn -0.99499152 0.00216603 -0.09993587
vn -0.98888567 0.01132092 -0.14824631
vn -0.99952942 0.00400064 -0.03041270
vn -0.99994046 -0.00037886 -0.01090594
vn -0.99961491 0.01321565 -0.02440034
vn -0.98124058 -0.14920632 -0.12208353
vn -0.97344343 -0.10119551 -0.20534693
vn -0.95242692 -0.10784787 -0.28504702
vn -0.96861813 -0.00744902 -0.24844201
vn -0.94652834 -0.00620877 -0.32256093
vn -0.85827517 -0.05992714 -0.50967879
vn -0.91511543 0.00578120 -0.40315050
vn -0.86219725 0.01555701 -0.50633376
vn -0.92923817 0.07169038 -0.36245953
vn -0.87320898 0.00488974 -0.48732143
vn -0.91494972 0.04281269 -0.40129053
vn -0.94721534 0.00672828 -0.32052742
vn -0.97130706 0.03246935 -0.23560207
vn -0.25227566 0.26940990 -0.92939512
vn -0.29141384 0.18711732 -0.93811784
vn -0.34342551 0.13028847 -0.93009883
vn -0.40397176 0.08020040 -0.91124899
vn -0.24583325 0.07046054 -0.96674781
vn -0.30935936 0.02298157 -0.95066747
vn -0.38433582 -0.02804479 -0.92276729
vn -0.45265646 -0.07676575 -0.88837444
vn -0.30397588 -0.06166383 -0.95068199
vn -0.32789758 -0.16244680 -0.93064183
vn -0.43380268 -0.14114438 -0.88988398
vn -0.35629867 -0.10025537 -0.92897800
vn -0.52307368 -0.11931773 -0.84389407
vn -0.26611014 -0.16897827 -0.94901619
vn -0.20888054 -0.19173342 -0.95896153
vn -0.25787394 -0.24326209 -0.93505325
vn -0.19969753 -0.25785221 -0.94532171
vn -0.25397310 -0.29494090 -0.92114469
vn -0.18509708 -0.29001981 -0.93895025
vn -0.31459638 -0.30988976 -0.89721650
vn -0.23914958 -0.27946185 -0.92989707
vn -0.39073507 -0.31808318 -0.86379928
vn -0.30964220 -0.28468967 -0.90723398
vn -0.51133299 -0.18846176 -0.83846332
vn -0.40986035 -0.21328322 -0.88686231
vn -0.33031746 -0.22505579 -0.91664621
vn -0.32322396 -0.29679803 -0.89857509
vn -0.39875636 -0.32729984 -0.85666107
vn -0.48696130 -0.34863894 -0.80082432
vn -0.57705676 -0.34910521 -0.73832990
vn -0.66142950 -0.32714400 -0.67489837
vn -0.73437273 -0.28388605 -0.61652689
vn -0.79444289 -0.22555122 -0.56390349
vn -0.84428378 -0.13073800 -0.51970422
vn 0.17580094 -0.06026249 -0.98257949
vn 0.24028964 -0.04023451 -0.96986704
vn 0.21611159 -0.00738106 -0.97634077
vn 0.37374339 -0.42158553 -0.82618492
vn 0.32786609 -0.34933744 -0.87776260
vn 0.25667814 -0.11576335 -0.95953905
vn 0.29432374 -0.23838241 -0.92549844
vn 0.27923269 -0.21160429 -0.93661771
vn 0.99909750 0.00015000 -0.04247548
vn 0.71377931 0.69523043 -0.08469793
vn 0.69797948 0.70418125 -0.13020530
vn 0.98432059 0.00046517 -0.17638808
vn 0.69342519 0.69852740 -0.17669460
vn 0.94484026 0.00059660 -0.32753095
vn 0.67862361 0.69575016 -0.23537568
vn 0.84103858 -0.09681997 0.53224054
vn 0.90294825 -0.10502920 0.41671732
vn -0.04150389 0.21421239 -0.97590495
vn -0.14425624 0.02420916 0.98924418
vn -0.11538079 0.09629904 0.98864239
vn -0.34788724 0.62791049 -0.69620606
vn 0.33565906 -0.60592599 -0.72123969
vn -0.41666041 0.58438047 -0.69634299
vn 0.41033061 -0.55511679 -0.72351513
vn -0.46119578 0.54509598 -0.70012058
vn -0.49745872 0.51127027 -0.70081205
vn 0.47440271 -0.50858472 -0.71852880
vn -0.53152189 0.47624544 -0.70048181
vn 0.49295152 -0.44191803 -0.74947132
vn -0.56582113 0.43686024 -0.69928505
vn 0.54620818 -0.43259963 -0.71729644
vn -0.59160955 0.39321349 -0.70383328
vn 0.57623451 -0.39400660 -0.71603951
vn -0.61727514 0.35131731 -0.70395139
vn 0.60233764 -0.35003657 -0.71740070
vn -0.64784220 0.29692883 -0.70152246
vn 0.63204448 -0.29121663 -0.71813135
vn -0.67018450 0.24488383 -0.70063160
vn 0.66394258 -0.21078691 -0.71746019
vn 0.67892746 -0.17278023 -0.71358566
vn -0.69172903 0.18533411 -0.69797007
vn 0.65491920 -0.24216680 -0.71584640
vn -0.70225610 0.20992206 -0.68027134
vn -0.70358643 0.15702945 -0.69304248
vn 0.72070882 -0.05499305 -0.69105322
vn -0.69086535 0.14724810 -0.70782983
vn -0.61758308 0.11868678 -0.77749893
vn 0.81426267 0.00791330 -0.58044266
vn -0.57414287 0.14329184 -0.80611873
vn 0.91706929 0.04639217 -0.39601981
vn -0.24823971 0.27244978 -0.92959570
vn 0.98157840 0.01835449 -0.19017611
vn 0.06808045 0.40655054 -0.91108820
vn 0.98322376 -0.11343628 0.14283995
vn 0.19509266 0.47958255 -0.85553459
vn 0.98187411 -0.09642683 0.16317197
vn 0.38486436 0.57560166 -0.72149994
vn 0.71714920 0.67557843 -0.17114558
vn 0.74114207 -0.63091141 0.22947598
vn 0.66768771 0.67821781 -0.30694254
vn 0.79719815 -0.50178211 0.33569306
vn 0.58660961 0.65417897 -0.47742962
vn 0.78196701 -0.47023603 0.40915239
vn 0.88730537 -0.30379644 0.34698257
vn 0.70999652 0.70321340 -0.03736110
vn 0.70951696 0.69825565 -0.09499856
vn -0.22931648 0.62831072 -0.74339733
vn 0.71661910 0.60748061 0.34267239
vn -0.34562516 0.66161620 -0.66543764
vn 0.67620242 0.64184891 0.36163554
vn -0.44571391 0.69275618 -0.56694619
vn 0.63525621 0.66337622 0.39545106
vn -0.53250233 0.71106963 -0.45915275
vn 0.61497060 0.68195525 0.39591439
vn -0.58748515 0.71288110 -0.38296441
vn 0.62934061 0.69095271 0.35568912
vn 0.23932345 0.43780328 -0.86663289
vn 0.95739026 -0.21685292 0.19073199
vn 0.21891624 0.37702762 -0.89995881
vn 0.97279107 -0.05457283 0.22516513
vn 0.19155586 0.30116960 -0.93413234
vn 0.97465802 0.07387896 0.21114839
vn 0.16622022 0.26666107 -0.94934857
vn 0.97077157 0.12865808 0.20260716
vn 0.10108186 0.29388568 -0.95048075
vn 0.95944203 0.21809437 0.17862204
vn -0.04418956 0.42001513 -0.90644061
vn 0.88604668 0.38575548 0.25712642
vn -0.15201822 0.56974056 -0.80764234
vn 0.79707554 0.52061588 0.30598969
vn -0.12543658 0.32779424 -0.93638486
vn 0.59035076 -0.74783066 -0.30370263
vn 0.01360386 0.34217057 -0.93953937
vn 0.72014697 -0.67927463 -0.14133053
vn 0.13892159 0.44084175 -0.88676905
vn 0.85794149 -0.51273188 0.03228661
vn 0.93458428 -0.32230309 0.15057536
vn -0.06001707 -0.00394279 -0.99818956
vn -0.05578931 0.00500996 -0.99842999
vn -0.12207341 -0.03370086 -0.99194876
vn -0.20577390 -0.00712323 -0.97857364
vn -0.16153162 -0.01798097 -0.98670371
vn -0.33211258 -0.01445397 -0.94312900
vn -0.27761452 -0.03884312 -0.95990697
vn -0.20531562 -0.00464886 -0.97868477
vn -0.21336623 -0.00503416 -0.97695932
vn -0.29750442 0.03058908 -0.95423028
vn -0.36820988 -0.01525160 -0.92961759
vn -0.04298583 0.01070583 -0.99901832
vn -0.10466494 0.01583514 -0.99438147
vn -0.15048939 0.00694968 -0.98858720
vn -0.35571002 0.50661670 -0.78537246
vn -0.34970467 0.42380830 -0.83551970
vn -0.33133341 0.39267505 -0.85791869
vn -0.34060925 0.37598630 -0.86175382
vn -0.28640083 0.30381423 -0.90866467
vn -0.21510744 0.18466033 -0.95897307
vn -0.17032710 0.11180491 -0.97902418
vn -0.12357856 0.05233033 -0.99095402
vn -0.10752313 0.04772139 -0.99305662
vn -0.09783099 0.03099048 -0.99472041
vn -0.10054939 0.02071952 -0.99471630
vn -0.08721457 0.00943026 -0.99614491
vn -0.12235454 -0.00495789 -0.99247407
vn -0.40741134 -0.01719969 -0.91308278
vn -0.37944443 -0.01128976 -0.92514565
vn -0.27974179 -0.01306899 -0.95998632
vn 0.01778651 -0.00509387 -0.99982883
vn 0.03107854 0.00040807 -0.99951686
vn 0.68982238 0.72264462 0.04392994
vn 0.58467676 0.73770638 0.33755351
vn 0.65212131 0.73770332 0.17473298
vn -0.68982285 0.72264406 0.04393176
vn 0.17472751 0.73769855 0.65212816
vn -0.58468034 0.73769761 0.33756649
vn -0.47738934 0.73770083 0.47738548
vn -0.65212253 0.73770216 0.17473329
vn 0.47737481 0.73770398 0.47739514
vn 0.33756995 0.73770135 0.58467363
vn -0.17472800 0.73770223 0.65212388
vn 0.00000884 0.73769232 0.67513705
vn -0.33756739 0.73770121 0.58467528
vn -0.00000000 0.00000000 0.00000000
vn 0.99039901 -0.13683609 0.01963882
vn 0.97850134 -0.12358943 -0.16510836
vn 0.96719145 -0.25404836 -0.00036140
vn 0.95926219 -0.16538902 -0.22904697
vn 0.98019081 -0.18125480 0.07982897
vn 0.97432140 -0.20112304 0.10122916
vn 0.94661258 -0.18491879 -0.26406376
vn -0.42640312 0.57247657 -0.70032204
vn -0.37006114 -0.00563446 -0.92899032
vn -0.50806004 -0.00112084 -0.86132093
vn -0.36199140 0.01684938 -0.93202914
vn -0.49909148 0.07569312 -0.86323707
vn -0.35345010 0.05416685 -0.93388382
vn -0.47536520 0.16471640 -0.86423170
vn -0.34970359 0.14551286 -0.92549090
vn -0.44497320 0.28904680 -0.84761477
vn -0.36404849 0.24611781 -0.89827319
vn -0.42695007 0.44592824 -0.78667760
vn -0.35683311 0.38154605 -0.85269733
vn -0.45721108 0.00952228 -0.88930724
vn -0.53279677 -0.01379986 -0.84613070
vn -0.58640955 -0.00273000 -0.81001012
vn -0.60069531 0.00464893 -0.79946453
vn -0.64293942 -0.00386984 -0.76590726
vn -0.69786345 0.00432824 -0.71621775
vn -0.58811725 0.03394176 -0.80806315
vn 0.16500647 -0.07537475 -0.98340811
vn 0.17229390 -0.00496687 -0.98503307
vn 0.31409901 -0.00316400 -0.94938496
vn 0.11492457 0.00854437 -0.99333747
vn 0.00000000 0.00000000 0.00000000
vn 0.02682640 -0.54030288 0.84104289
vn 0.99648240 -0.00455078 -0.08367860
vn 0.97754458 -0.00575388 -0.21065017
vn 0.93195053 -0.00570746 -0.36254053
vn 0.85202267 -0.00757193 -0.52345013
vn 0.74713369 -0.00248574 -0.66466915
vn 0.60826071 0.00079269 -0.79373691
vn 0.46763108 0.00195992 -0.88392157
vn 0.45299574 -0.02335914 -0.89120660
vn 0.40401614 -0.06372871 -0.91252924
vn 0.31176148 -0.12643962 -0.94171004
vn 0.67814232 0.00994841 -0.73486327
vn 0.60255840 -0.14238835 -0.78526998
vn 0.76173091 -0.02432579 -0.64743669
vn 0.85179856 0.01871853 -0.52353494
vn 0.93703509 -0.01064869 -0.34907283
vn 0.97611136 -0.05260373 -0.21080667
vn 0.99448672 -0.05439292 -0.08965256
vn 0.52561139 -0.10772909 -0.84387624
vn -0.17659787 0.05971335 -0.98247011
vn -0.34379129 0.34533217 -0.87324295
vn -0.35922827 0.43009595 -0.82823458
vn -0.21774989 0.00078303 -0.97600429
vn -0.25216485 0.11823961 -0.96043338
vn -0.23825833 0.03814186 -0.97045256
vn -0.31843205 0.26929075 -0.90889137
vn -0.29155460 0.22300208 -0.93019675
vn 0.01049962 0.99511125 -0.09820063
vn -0.05308583 0.97892231 -0.19721312
vn -0.04301270 0.99907453 0.00003246
vn -0.04584057 0.99894538 -0.00260351
vn 0.04493901 0.99876324 -0.02127145
vn -0.08242134 0.99556306 -0.04539731
vn -0.21267338 0.97712312 -0.00065854
vn -0.15818464 0.98740284 -0.00364030
vn -0.31386074 0.94945569 -0.00503210
vn -0.51736275 0.85573935 -0.00677786
vn -0.79001514 0.61303502 -0.00800861
vn -0.68389941 0.72957619 -0.00042830
vn -0.50636046 0.86232175 -0.00053610
vn -0.99341580 0.11438395 -0.00643083
vn -0.99317472 0.11662678 0.00147143
vn -0.94403264 0.32980804 -0.00538838
vn -0.94311945 0.33241907 0.00482311
vn -0.82416955 0.56633389 0.00323778
vn 0.99928972 -0.00976333 0.03639687
vn 0.22801066 -0.01204615 0.97358411
vn 0.06877712 -0.00317713 0.99762699
vn 0.07236741 0.00211739 0.99737579
vn 0.10788924 0.04718649 0.99304247
vn 0.19388955 0.01034385 0.98096883
vn 0.36289466 0.01992065 0.93161721
vn 0.26198164 0.03691445 0.96436660
vn 0.34422831 0.01182627 0.93881149
vn 0.06808238 -0.00800944 0.99764755
vn -0.03403405 -0.00839125 0.99938545
vn -0.02169046 -0.00636585 0.99974447
vn 0.20745659 0.00540392 0.97822930
vn -0.02003900 -0.00237087 0.99979639
vn 0.38001517 -0.49676997 0.78026154
vn 0.34217284 -0.49281139 0.80003418
vn 0.26605481 -0.45332475 0.85071236
vn 0.08071653 -0.01254416 0.99665816
vn -0.00120061 -0.01597860 0.99987161
vn 0.10396556 -0.03088393 0.99410128
vn 0.00129796 -0.04227143 0.99910532
vn 0.05163033 -0.05623825 0.99708153
vn 0.14121563 -0.06498267 0.98784381
vn 0.04777751 -0.07485586 0.99604915
vn 0.07288645 -0.11457440 0.99073724
vn 0.16834182 -0.10710540 0.97989258
vn 0.14647140 -0.16578966 0.97522301
vn 0.18709392 -0.12365679 0.97452802
vn 0.20783857 -0.15756105 0.96538989
vn 0.15883426 -0.20822005 0.96509900
vn 0.27345761 -0.29422915 0.91577844
vn 0.15942074 -0.28947178 0.94381731
vn 0.22581529 -0.33796386 0.91366727
vn 0.33741588 -0.32539855 0.88332684
vn 0.34115306 -0.43314928 0.83426392
vn 0.38486585 -0.43897249 0.81189989
vn -0.01608066 -0.00129789 0.99986986
vn 0.36252978 -0.13827876 0.92165674
vn 0.26406943 0.01226388 0.96442570
vn 0.27199267 -0.14091648 0.95192570
vn 0.40060440 0.02181731 0.91599133
vn 0.38858895 0.01153307 0.92133903
vn 0.17938083 -0.15331805 0.97175928
vn 0.11552406 0.01223371 0.99322934
vn 0.11306905 -0.08353628 0.99006923
vn -0.03055768 -0.07953392 0.99636368
vn 0.01842596 0.01113555 0.99976821
vn 0.07365248 -0.16309422 0.98385750
vn -0.84548851 -0.53355116 0.02173333
vn -0.95037702 -0.31096429 0.00920501
vn -0.99704621 -0.07676510 0.00244600
vn -0.99981829 0.00198964 0.01895858
vn 0.94375101 -0.32918580 0.03115673
vn 0.83041478 -0.55651376 0.02652764
vn 0.99605886 -0.08090124 0.03635562
vn 0.17473604 -0.73770027 -0.65212394
vn -0.17473597 -0.73770019 -0.65212405
vn -0.00000006 -0.73770021 -0.67512843
vn -0.33756418 -0.73770034 -0.58467823
vn -0.47738802 -0.73770016 -0.47738783
vn -0.65212389 -0.73770035 0.17473590
vn -0.40084858 -0.91026884 0.10359080
vn -0.43990631 -0.89559130 0.06632239
vn 0.58467857 -0.73770010 -0.33756411
vn -0.65212387 -0.73770035 -0.17473592
vn -0.58467831 -0.73770021 -0.33756433
vn -0.67512859 -0.73770006 -0.00000000
vn -0.27395690 -0.93842962 0.21046964
vn -0.58467823 -0.73770025 0.33756437
vn -0.47738798 -0.73770013 0.47738792
vn 0.33756417 -0.73770019 0.58467842
vn 0.47738787 -0.73770034 0.47738772
vn 0.29178452 -0.89530368 0.33659042
vn 0.35004722 -0.89582586 0.27379366
vn 0.58467850 -0.73770014 0.33756416
vn 0.38881290 -0.89753670 0.20797210
vn 0.40894103 -0.89796581 0.16255659
vn 0.65212389 -0.73770035 0.17473590
vn 0.42341207 -0.89751475 0.12324564
vn 0.65212387 -0.73770035 -0.17473592
vn 0.47738791 -0.73770037 -0.47738763
vn 0.33756417 -0.73770019 -0.58467842
vn -0.10586204 -0.90557836 0.41075669
vn -0.14165528 -0.91434834 0.37934273
vn -0.17473597 -0.73770019 0.65212405
vn -0.33756418 -0.73770034 0.58467823
vn 0.43470374 -0.89698072 0.08036314
vn 0.67512859 -0.73770006 -0.00000000
vn 0.44093927 -0.89670464 0.03864380
vn -0.29972276 -0.93555350 0.18683127
vn -0.32979476 -0.93023651 0.16092067
vn -0.36340371 -0.92204142 0.13333179
vn -0.16978639 -0.91929153 0.35507135
vn -0.20947836 -0.92962120 0.30318845
vn -0.24727618 -0.93697115 0.24685938
vn 0.06383510 -0.89478916 0.44190207
vn -0.00000006 -0.73770021 0.67512843
vn 0.17473604 -0.73770027 0.65212394
vn 0.22088972 -0.89516182 0.38716023
vn 0.15688826 -0.89576688 0.41591800
vn 0.11721497 -0.89602169 0.42825901
vn 0.00556964 -0.89798060 0.43999980
vn -0.03234919 -0.89846049 0.43786103
vn -0.07434167 -0.90173459 0.42584979
vn -0.67965150 -0.62943605 0.37667506
vn -0.73489540 -0.60907884 0.29824775
vn -0.77971068 -0.58720694 0.21734595
vn -0.82034270 -0.55425811 0.14083962
vn -0.92130412 -0.38417662 0.06005870
vn -0.44797269 -0.60979856 0.65380898
vn -0.50320235 -0.62993936 0.59157738
vn -0.49927911 -0.69476835 0.51770388
vn -0.57291727 -0.62978914 0.52452972
vn -0.62550891 -0.63522060 0.45302693
vn -0.38310083 -0.66370366 0.64244160
vn -0.37932628 -0.59445397 0.70903882
vn -0.31808039 -0.57751757 0.75186323
vn -0.26125749 -0.59387929 0.76095460
vn -0.23468731 -0.58538640 0.77604422
vn -0.15594235 -0.57606868 0.80238822
vn -0.12970902 -0.53824628 0.83274636
vn -0.07051749 -0.50138594 0.86234530
vn -0.02798315 -0.55871227 0.82888934
vn -0.01173732 -0.55311412 0.83302281
vn -0.00887215 -0.55047094 0.83480718
vn 0.00441073 -0.51361817 0.85800753
vn 0.00154515 -0.51332958 0.85819016
vn 0.00193552 -0.52109223 0.85349818
vn -0.00512045 -0.54421804 0.83892819
vn 0.04127353 -0.52725700 0.84870287
vn 0.13112794 -0.51231377 0.84872850
vn 0.21893723 -0.48188639 0.84844092
vn 0.31592225 -0.46428604 0.82742468
vn 0.38891219 -0.46984599 0.79245950
vn 0.47099108 -0.48630299 0.73598696
vn 0.52816280 -0.51659344 0.67392527
vn 0.59283183 -0.55407941 0.58441974
vn 0.67459596 -0.52319388 0.52075758
vn 0.73786693 -0.49654365 0.45716168
vn 0.74202596 -0.54492055 0.39046006
vn 0.79804479 -0.47136441 0.37541992
vn 0.82987841 -0.47224078 0.29713713
vn 0.84755880 -0.48826372 0.20794862
vn 0.84867937 -0.51576711 0.11716488
vn -0.01471006 -0.08681632 0.99611573
vn -0.00368227 -0.09515013 0.99545612
vn 0.00000192 -0.10689008 0.99427084
vn -0.02873776 -0.07591698 0.99669993
vn -0.03967720 -0.07492594 0.99639943
vn -0.06571788 -0.04563209 0.99679430
vn -0.05738758 -0.05849315 0.99663695
vn -0.04777522 -0.06169196 0.99695117
vn -0.07889098 -0.03918946 0.99611264
vn -0.08299611 -0.03455340 0.99595066
vn -0.07156755 -0.01365884 0.99734223
vn -0.08181528 -0.00237094 0.99664469
vn -0.07092216 0.00544593 0.99746699
vn -0.07261896 0.02232563 0.99710985
vn -0.08671337 0.03512802 0.99561379
vn -0.07682662 0.04993471 0.99579325
vn -0.08083188 0.06050585 0.99488957
vn -0.05917552 0.07476196 0.99544408
vn -0.06423779 0.08458205 0.99434369
vn -0.03707081 0.07083430 0.99679901
vn -0.02833031 0.07395566 0.99685904
vn -0.01023227 0.08100707 0.99666100
vn -0.01998924 0.07851120 0.99671281
vn 0.00027834 0.08130829 0.99668896
vn 0.01235067 0.08124589 0.99661756
vn 0.02052836 0.08119802 0.99648656
vn 0.02759350 0.07501325 0.99680069
vn 0.03511543 0.07415273 0.99662846
vn 0.04590995 0.06856217 0.99658994
vn 0.05479616 0.06216391 0.99656060
vn 0.08251939 0.00949836 0.99654419
vn 0.07947661 0.02259372 0.99658065
vn 0.06161830 0.05657402 0.99649514
vn 0.06443510 0.04778658 0.99677709
vn 0.07043385 0.04285016 0.99659567
vn 0.07701453 0.03208429 0.99651360
vn 0.08700445 0.00144099 0.99620688
vn 0.07980803 -0.00862441 0.99677294
vn 0.08050443 -0.01596922 0.99662632
vn 0.07799675 -0.02584093 0.99661866
vn 0.07396179 -0.03721876 0.99656631
vn 0.07002536 -0.04475247 0.99654085
vn 0.06267879 -0.04961888 0.99679955
vn 0.05928295 -0.05621528 0.99665710
vn 0.05024974 -0.06238061 0.99678665
vn 0.03395425 -0.07208773 0.99682018
vn 0.03602781 -0.08301395 0.99589692
vn 0.01740529 -0.06591662 0.99767332
vn -0.00244011 -0.09406078 0.99556347
vn 0.18649137 -0.09676909 0.97767925
vn 0.20123891 -0.06281571 0.97752600
vn 0.07883027 -0.17003835 0.98227936
vn 0.13287191 -0.24514224 0.96033866
vn 0.13993567 -0.16418981 0.97645262
vn 0.07438642 0.45293223 0.88843630
vn 0.10699094 0.58294673 0.80543532
vn 0.05944911 0.57082608 0.81891598
vn 0.14795195 0.55511107 0.81851202
vn 0.15699508 0.43062391 0.88877196
vn 0.19373155 0.58320918 0.78888221
vn 0.22936568 0.52499270 0.81961823
vn 0.23499376 0.39411218 0.88851197
vn 0.26964805 0.50601147 0.81929380
vn 0.30611800 0.34086734 0.88887638
vn 0.34214442 0.45960197 0.81957503
vn 0.31646976 0.49693614 0.80802312
vn 0.47828658 0.33841348 0.81038156
vn 0.44127289 0.36662606 0.81906262
vn 0.36582762 0.27669537 0.88859992
vn 0.41004993 0.40035750 0.81949553
vn 0.39428631 0.45353480 0.79927748
vn 0.49089114 0.29518440 0.81969022
vn 0.41180490 0.20058967 0.88892098
vn 0.53803991 0.26964828 0.79862560
vn 0.53099014 0.21514744 0.81961031
vn 0.44289664 0.12158378 0.88829046
vn 0.55239929 0.15871055 0.81833122
vn 0.56589957 0.09435244 0.81905756
vn 0.45622455 0.03606375 0.88913360
vn 0.60336296 0.05059789 0.79585991
vn 0.57353591 0.00022586 0.81918039
vn 0.45588065 -0.05261668 0.88848428
vn 0.57156235 -0.06546983 0.81794265
vn 0.55847035 -0.12929605 0.81938599
vn 0.43744839 -0.13630770 0.88885270
vn 0.57590979 -0.18300144 0.79676746
vn 0.53180699 -0.21623889 0.81879305
vn 0.40830118 -0.21074955 0.88818623
vn 0.50516555 -0.27335624 0.81858667
vn 0.48070054 -0.32917861 0.81275361
vn 0.36212509 -0.28058054 0.88889818
vn 0.48274128 -0.37406919 0.79185421
vn 0.44849457 -0.41843944 0.78978545
vn 0.29554882 -0.34479252 0.89093715
vn 0.41833869 -0.46435607 0.78061911
vn 0.31749899 -0.53957589 0.77977705
vn 0.36358876 -0.53988619 0.75916146
vn 0.26358946 -0.42302267 0.86693276
vn 0.38410478 -0.50630924 0.77208450
vn 0.42899990 -0.49352347 0.75656703
vn 0.16722847 -0.12919594 0.97741652
vn 0.21012175 -0.02372532 0.97738731
vn 0.18993067 0.09235632 0.97744394
vn 0.20314020 0.05602226 0.97754569
vn 0.20881032 0.01513696 0.97783901
vn 0.16866932 0.12775131 0.97735882
vn 0.14057507 0.15631393 0.97765260
vn 0.10871051 0.18113347 0.97743168
vn 0.07172936 0.19921371 0.97732737
vn 0.03523047 0.20709950 0.97768533
vn -0.00130238 0.21091335 0.97750389
vn -0.00263424 0.32899497 0.94432800
vn 0.22387778 -0.32828961 0.91766261
vn 0.20415693 -0.25314217 0.94564211
vn 0.25997936 -0.20175380 0.94430193
vn 0.29214911 -0.15100259 0.94437658
vn 0.31409679 -0.09750429 0.94437075
vn 0.32687037 -0.03776914 0.94431417
vn 0.32795588 0.02579794 0.94434073
vn 0.31730644 0.08691443 0.94433178
vn 0.29567814 0.14444590 0.94430388
vn 0.26277275 0.19811860 0.94429842
vn 0.21970549 0.24511097 0.94427227
vn 0.16895547 0.28250922 0.94426828
vn 0.11229780 0.30940063 0.94427774
vn 0.05432112 0.32435898 0.94437305
vn -0.00492078 0.46191538 0.88691035
vn -0.00929586 0.57546120 0.81777625
vn 0.85419030 -0.00999719 0.51986440
vn 0.90681938 -0.00505144 0.42148913
vn 0.77333626 -0.00282302 0.63398980
vn 0.81344017 0.00241315 0.58164360
vn 0.73231588 -0.00166418 0.68096306
vn 0.68534444 0.00441679 0.72820567
vn -0.40294330 0.90839992 -0.11156289
vn -0.32076599 0.94621946 -0.04216532
vn -0.69224867 0.72146223 -0.01685346
vn -0.97853409 0.20398292 0.02935979
vn -0.99836212 0.04579210 0.03429526
vn -0.99233149 0.12021013 0.02877038
vn -0.87945098 0.47596930 0.00438093
vn -0.59389503 -0.07010899 0.80148202
vn -0.69348321 -0.05031741 0.71871357
vn -0.67966719 -0.09135962 0.72780900
vn -0.81095100 -0.09851893 0.57676034
vn -0.68122467 -0.13451276 0.71961049
vn -0.74028876 -0.16849113 0.65083277
vn -0.86293936 -0.13476345 0.48700562
vn -0.81635430 -0.20079229 0.54152388
vn -0.92113832 -0.13799803 0.36395155
vn -0.85112067 -0.21575925 0.47858285
vn -0.87710603 -0.22718779 0.42316749
vn -0.96667462 -0.10611866 0.23297855
vn -0.89443449 -0.23944496 0.37769440
vn -0.91332214 -0.24103388 0.32824584
vn -0.98991377 -0.04952714 0.13273204
vn -0.93056258 -0.23181034 0.28340297
vn -0.99619835 -0.00405256 0.08701970
vn -0.95078373 -0.23010256 0.20751653
vn -0.99707108 0.05573442 0.05237304
vn -0.96673425 -0.19802548 0.16189748
vn -0.99352730 0.10661834 0.03919221
vn -0.98134366 -0.14565688 0.12549376
vn -0.99334476 -0.08803645 0.07426828
vn -0.98946639 0.13966606 0.03807427
vn -0.99738085 -0.02855460 0.06645358
vn -0.99880524 0.00100377 0.04885785
vn -0.68178071 0.38843767 -0.61991228
vn -0.67702869 0.44340926 -0.58738436
vn -0.80415903 0.27712695 -0.52586016
vn -0.68279025 0.39736223 -0.61310743
vn -0.38910352 0.59319158 -0.70478522
vn -0.54533393 0.61256875 -0.57216294
vn -0.98978969 0.10124957 -0.10032394
vn -0.99383938 0.06548184 -0.08941707
vn -0.99605252 0.08844574 -0.00753167
vn -0.95827645 0.09953054 -0.26795506
vn -0.96809372 0.10842203 -0.22591862
vn -0.91314648 0.12713877 -0.38729735
vn -0.91401881 0.17209170 -0.36736094
vn -0.87143381 0.16819063 -0.46077656
vn -0.70306109 0.28690140 -0.65068632
vn -0.72463944 0.68569905 -0.06866225
vn -0.61002220 0.77311802 -0.17367051
vn -0.40426806 0.88795026 -0.21934372
vn -0.65729036 0.70652597 -0.26227931
vn -0.37870893 0.85791933 -0.34720883
vn -0.71247079 0.60739521 -0.35136368
vn -0.45795570 0.75811663 -0.46425827
vn -0.77376086 0.48092862 -0.41231274
vn -0.85321768 0.33271807 -0.40164446
vn -0.92878489 0.19904819 -0.31263147
vn -0.97798886 0.10889847 -0.17798573
vn -0.99723035 0.06730107 -0.03165749
vn -0.98519936 0.06170103 0.15992248
vn -0.11817774 0.94141094 -0.31587888
vn -0.89971290 0.43610745 -0.01808255
vn -0.78506452 0.60845786 -0.11598593
vn -0.82094773 0.54249268 -0.17817552
vn -0.86095641 0.45120818 -0.23487281
vn -0.90286923 0.34094045 -0.26189073
vn -0.95313595 0.21082747 -0.21698764
vn -0.98986670 0.09864878 -0.10213877
vn -0.99861907 0.03199452 0.04166894
vn -0.98268683 0.01347537 0.18478370
vn -0.92663502 0.02123805 0.37536180
vn -0.91309622 0.40456655 -0.05080553
vn -0.93534615 0.34401876 -0.08233269
vn -0.95876396 0.26521550 -0.10213915
vn -0.98034447 0.17517718 -0.09076163
vn -0.99730669 0.07190532 -0.01445658
vn -0.99307398 -0.01001376 0.11706324
vn -0.96373225 -0.04914809 0.26230634
vn -0.91719876 -0.04375356 0.39602027
vn -0.81597468 -0.02329725 0.57761800
vn -0.48841968 0.62510627 -0.60884183
vn -0.32653160 0.72440651 -0.60713452
vn -0.25056500 0.82764812 -0.50221088
vn -0.15342975 0.87329288 -0.46240551
vn 0.99478376 0.07525276 0.06886426
vn 0.98538260 0.16129309 -0.05482404
vn 0.97712363 0.15097141 0.14979002
vn 0.72065114 0.00880547 0.69324195
vn 0.94665042 0.32027266 0.03575497
vn 0.91524583 0.40278268 0.00954921
vn 0.90711581 0.39208014 0.15301658
vn 0.65909355 0.27809763 0.69875418
vn 0.61522966 0.36612920 0.69817038
vn 0.50612487 0.50943681 0.69592511
vn 0.55242501 0.83111859 0.06378481
vn 0.48330868 0.87527259 0.01762449
vn 0.48273347 0.86196663 0.15486100
vn 0.42988661 0.57245571 0.69820625
vn 0.33151033 0.94187423 0.05453284
vn 0.24690470 0.96627686 -0.07312384
vn 0.24886348 0.95644622 0.15257001
vn 0.27518765 0.66151261 0.69761940
vn 0.08733429 0.71090105 0.69784842
vn -0.01149906 0.71418630 0.69986120
vn 0.12351218 0.99216055 0.01903093
vn -0.01611864 0.99972704 0.01691237
vn 0.12719876 0.98043249 0.15024186
vn -0.01584057 0.98864296 0.14944624
vn 0.11532858 0.88861167 0.44392411
vn -0.01433924 0.89681152 0.44218038
vn 0.40536752 0.91344925 -0.03588376
vn 0.38163238 0.91097965 0.15643784
vn 0.22905234 0.86653945 0.44344606
vn 0.33917088 0.83001842 0.44275562
vn 0.18426036 0.69009877 0.69986557
vn 0.60484831 0.79601010 -0.02294435
vn 0.60095874 0.78418241 0.15461742
vn 0.44338150 0.77890765 0.44352646
vn 0.35032382 0.62490885 0.69768341
vn 0.54014777 0.71561568 0.44287085
vn 0.68666215 0.71053374 0.15374299
vn 0.84803543 0.50719743 0.15357953
vn 0.77849510 0.61036712 0.14627840
vn 0.70752840 0.55456418 0.43802070
vn 0.62923465 0.64139474 0.43894937
vn 0.78973415 0.61021984 -0.06286271
vn 0.73833401 0.67139247 0.06399243
vn 0.67160059 0.73751450 -0.07088730
vn 0.84760022 0.53015081 0.02267135
vn 0.87912370 0.47603534 0.02306253
vn 0.77161915 0.45710231 0.44233626
vn 0.56321339 0.44654640 0.69526037
vn 0.96693309 0.25494874 0.00644529
vn 0.95227082 0.26187870 0.15684334
vn 0.82292513 0.35361989 0.44468776
vn 0.86240040 0.24531506 0.44281606
vn 0.99931781 0.00022338 -0.03693049
vn 0.98888427 0.00975732 0.14836673
vn 0.88967788 0.13271865 0.43687416
vn 0.68626143 0.19579003 0.70050804
vn 0.70989289 0.11056030 0.69557782
vn 0.90164775 0.01628224 0.43216457
vn 0.98328236 -0.10303251 0.15013359
vn 0.92152793 -0.35800200 0.15040226
vn 0.96027066 -0.23654167 0.14808209
vn 0.87143171 -0.21524691 0.44076699
vn 0.89496310 -0.10108937 0.43453652
vn 0.71267448 -0.08114026 0.69678644
vn 0.96863958 -0.24776476 0.01870814
vn 0.97915704 -0.17802611 0.09776603
vn 0.99502963 -0.09951680 0.00352790
vn 0.66502302 -0.26291153 0.69901495
vn 0.62773647 -0.33917426 0.70064809
vn 0.69649552 -0.16860384 0.69747168
vn 0.83502646 -0.32460005 0.44425851
vn 0.78788837 -0.42681801 0.44391249
vn 0.86987406 -0.46960685 0.15095870
vn 0.93811208 -0.34632789 -0.00164916
vn 0.88089205 -0.47303917 0.01622182
vn -0.86897032 0.21117528 0.44754394
vn -0.68593227 0.16283255 0.70921258
vn -0.67252262 0.23417015 0.70205246
vn -0.35421149 0.92325778 0.14875917
vn -0.35806234 0.93354306 0.01699137
vn -0.48552970 0.87412225 0.01308404
vn -0.32149040 0.83804554 0.44082149
vn -0.48008450 0.86463544 0.14806899
vn -0.58001463 0.81443976 0.01645960
vn -0.58153396 0.79860268 0.15508711
vn -0.64461613 0.76039061 0.07922233
vn -0.68898980 0.70681045 0.16034973
vn -0.26414889 0.54819134 0.79354371
vn -0.35214890 0.62545805 0.69627105
vn -0.28827014 0.51185731 0.80926042
vn -0.42554117 0.57377453 0.69978390
vn -0.34773287 0.45225767 0.82130679
vn -0.49875420 0.51026003 0.70062754
vn -0.40440063 0.41492432 0.81504475
vn -0.56218316 0.44442753 0.69744839
vn -0.44630813 0.36136944 0.81867037
vn -0.69725794 0.71667111 0.01462523
vn -0.74306730 0.66465967 0.07796478
vn -0.78278112 0.60302436 0.15367281
vn -0.79395640 0.60767295 0.01915254
vn -0.85171796 0.50048630 0.15520950
vn -0.82228781 0.56166791 0.09149813
vn -0.86881624 0.49501461 0.01090335
vn -0.90959867 0.41539545 0.00876839
vn -0.89950506 0.41013212 0.15060642
vn -0.94262289 0.33329903 0.01933488
vn -0.93390871 0.32514623 0.14864204
vn -0.96683107 0.25488987 0.01639649
vn -0.95749559 0.24341525 0.15476177
vn -0.84696454 0.29494500 0.44233303
vn -0.81511650 0.37131239 0.44464840
vn -0.77008953 0.45967423 0.44233665
vn -0.70705737 0.55228043 0.44165166
vn -0.62632682 0.64117939 0.44340017
vn -0.53402255 0.72062996 0.44216782
vn -0.43602638 0.78491794 0.44020998
vn -0.25337751 0.67153102 0.69630879
vn -0.64823775 0.29488651 0.70201835
vn -0.61647400 0.36337515 0.69851150
vn -0.20109960 0.54915827 0.81116222
vn -0.50256492 0.34425442 0.79304313
vn -0.49728044 0.28701909 0.81873818
vn -0.52734867 0.23958754 0.81516942
vn -0.54476775 0.19287965 0.81610387
vn -0.54027833 0.11731171 0.83326904
vn -0.10833210 0.56777915 0.81602144
vn -0.13683781 0.70163733 0.69927139
vn -0.17179844 0.88063531 0.44155040
vn -0.18933858 0.97048431 0.14936905
vn -0.18979154 0.98167750 0.01698408
vn 0.49543039 -0.72531797 0.47797758
vn 0.56980382 -0.76026715 0.31195748
vn 0.62580670 -0.73239954 0.26824781
vn 0.78251099 -0.62054652 0.05097615
vn 0.82508011 -0.56031150 -0.07275879
vn 0.69488131 -0.70456561 0.14396967
vn 0.76586949 -0.63641651 0.09174935
vn -0.08810394 0.18851918 0.97810951
vn -0.05662311 0.19672027 0.97882325
vn -0.10756221 0.25444483 0.96108699
vn -0.08558426 0.31251131 0.94605075
vn -0.12748940 0.30992810 0.94217357
vn -0.18990199 0.37144521 0.90882654
vn -0.12507215 0.44517086 0.88666784
vn -0.19084519 0.46161074 0.86631036
vn -0.03594566 0.20399960 0.97831083
vn -0.05461590 0.32213382 0.94511740
vn -0.07689534 0.45492571 0.88720330
vn -0.99199915 0.11277825 -0.05673399
vn -0.98878902 0.14922121 -0.00541432
vn -0.97795406 0.19450707 0.07597933
vn -0.57350516 -0.01620081 0.81904174
vn -0.55963968 0.01428569 0.82861290
vn -0.66747105 -0.00230500 0.74463218
vn -0.65672694 0.04971792 0.75248777
vn -0.79279204 0.02895567 0.60880404
vn -0.77215705 0.08725596 0.62941234
vn -0.90860190 0.06578239 0.41245031
vn -0.88934566 0.12127233 0.44085975
vn -0.97461585 0.09691077 0.20182234
vn -0.96025630 0.14658284 0.23753171
vn -0.99281799 0.11404820 0.03613096
vn -0.98526066 0.15254731 0.07739995
vn -0.59045193 0.08246840 0.80284836
vn 0.41917182 -0.65855666 0.62497849
vn 0.56547989 -0.72234227 0.39806300
vn 0.50145411 -0.65071192 0.57019100
vn 0.56326121 -0.47828625 0.67377969
vn 0.59565348 -0.40434726 0.69404627
vn 0.81297627 -0.55799875 0.16645415
vn 0.74746252 -0.62622343 0.22168443
vn 0.73574426 -0.50969575 0.44597154
vn 0.67737010 -0.57397287 0.46013572
vn 0.60508443 -0.62808378 0.48926844
vn 0.66829843 -0.68315337 0.29441243
vn 0.50787244 -0.51538579 0.69024856
vn 0.29829899 -0.50816876 0.80794939
vn 0.33415870 -0.58645128 0.73784338
vn 0.38177820 -0.58562570 0.71504401
vn 0.37398667 -0.59998934 0.70721055
vn 0.42488309 -0.63633463 0.64385759
vn 0.44607496 -0.68509872 0.57589658
vn 0.29716308 -0.23800480 0.92468796
vn 0.45802343 -0.43913724 0.77289910
vn 0.43879873 -0.55736640 0.70483925
vn 0.64096637 -0.00394158 0.76755884
vn 0.60442502 -0.00950953 0.79660528
vn 0.56842722 0.01020892 0.82267021
vn 0.51082086 -0.00310778 0.85968156
vn 0.47734546 0.01189521 0.87863520
vn 0.36934311 0.00980745 0.92924135
vn 0.36925926 -0.00073604 0.92932613
vn 0.50091704 -0.07644951 0.86211228
vn 0.37270318 -0.02427665 0.92763300
vn 0.46931243 -0.16702933 0.86709114
vn 0.35617077 -0.05327232 0.93290109
vn 0.45889342 -0.29002620 0.83982238
vn 0.34235788 -0.15623705 0.92648857
vn 0.35984499 -0.09529337 0.92813294
vn 0.32897587 -0.37179592 0.86806836
vn 0.59126351 -0.03652405 0.80565095
vn 0.94097909 -0.29139323 0.17218693
vn 0.87950148 -0.40064289 0.25683149
vn 0.95118765 -0.30026165 0.07130921
vn 0.88565586 -0.27977347 0.37059480
vn 0.85290472 -0.21552414 0.47550277
vn 0.77578527 -0.33887916 0.53227637
vn 0.03154353 -0.21770567 0.97550461
vn 0.10464347 -0.35160265 0.93028239
vn 0.71864001 -0.30401447 0.62540526
vn 0.67742823 -0.31137854 0.66643409
vn 0.63672040 -0.29929796 0.71063905
vn 0.53030971 -0.37895499 0.75839616
vn 0.47550576 -0.28429736 0.83250783
vn 0.37919187 -0.36368039 0.85085257
vn 0.29897460 -0.30841375 0.90304770
vn 0.20515806 -0.26911169 0.94100429
vn 0.44809137 -0.14936392 0.88142189
vn 0.52254595 -0.13445072 0.84194343
vn 0.58763285 -0.10594674 0.80216141
vn 0.62316951 -0.10183616 0.77542837
vn 0.71254295 -0.06799426 0.69832609
vn 0.77796842 -0.09311620 0.62136504
vn 0.79750036 -0.16935086 0.57906257
vn 0.84452990 -0.14586513 0.51525976
vn 0.88975017 -0.16401196 0.42596327
vn 0.92380079 -0.17112279 0.34250415
vn 0.95227976 -0.08086704 0.29431918
vn 0.96131584 -0.15250749 0.22937595
vn 0.98432142 -0.11824118 0.13088299
vn -0.03160314 -0.32821382 0.94407464
vn -0.97997333 -0.19657487 0.03178980
vn -0.92543481 -0.36110063 0.11478998
vn -0.81090980 -0.42804396 0.39900334
vn -0.91286628 -0.20133524 0.35516091
vn -0.85596218 -0.42681733 0.29181453
vn -0.95104794 -0.14832580 0.27112224
vn -0.89770327 -0.39014386 0.20473546
vn -0.97537927 -0.13722001 0.17264402
vn -0.97932348 -0.18963837 0.07044716
vn -0.68452603 -0.45556670 0.56910729
vn -0.83088798 -0.11211499 0.54502789
vn -0.73342727 -0.48344878 0.47787207
vn -0.86166653 -0.17065563 0.47791993
vn -0.90493617 -0.13114512 0.40483514
vn -0.48130397 -0.39681119 0.78159284
vn -0.62333617 -0.15017772 0.76739734
vn -0.52903213 -0.43263116 0.73003786
vn -0.69702018 -0.14274101 0.70270042
vn -0.62715596 -0.34710813 0.69727423
vn -0.72486991 -0.20242696 0.65847318
vn -0.78833718 -0.18741596 0.58600320
vn -0.19189820 -0.35444014 0.91517609
vn -0.22786936 -0.16799929 0.95908904
vn -0.25146392 -0.24760630 0.93565860
vn -0.31289922 -0.15627620 0.93684141
vn -0.34647696 -0.27373893 0.89722947
vn -0.40027512 -0.12533662 0.90778332
vn -0.38569323 -0.43779354 0.81214380
vn -0.46230308 -0.17792250 0.86868835
vn -0.52515366 -0.10475437 0.84453546
vn -0.09411802 -0.33262836 0.93834971
vn -0.12682526 -0.13994895 0.98200287
vn -0.16130865 -0.12938776 0.97838557
vn -0.09437420 0.00175785 0.99553524
vn -0.19061877 0.00851116 0.98162724
vn -0.26514062 0.00310632 0.96420475
vn -0.31122177 0.01256583 0.95025423
vn -0.33642769 0.02339784 0.94141858
vn -0.37317768 -0.00050266 0.92775976
vn -0.46672641 -0.00422933 0.88439164
vn -0.54705424 -0.00137280 0.83709604
vn -0.60178494 0.00045164 0.79865805
vn -0.65386365 -0.00059336 0.75661217
vn -0.71197711 0.03708910 0.70122250
vn -0.79770729 0.00631368 0.60301179
vn -0.84236849 0.00792667 0.53884367
vn -0.88250597 0.02589349 0.46958785
vn -0.91040414 0.00721615 0.41365714
vn -0.93238111 0.00462952 0.36144713
vn -0.96216492 0.01853544 0.27183654
vn -0.98143550 0.00902538 0.19158000
vn -0.99728313 0.01752800 0.07154815
vn -0.99992785 0.00065688 0.01199400
vn -0.99999632 0.00011807 0.00270899
vn -0.99992894 -0.00031372 0.01191684
vn -0.99871545 0.03301569 0.03843706
vn -0.99666152 0.01881025 0.07944804
vn -0.99915537 0.00517201 0.04076506
vn -0.99945114 0.03202429 0.00847712
vn -0.99916576 0.01577178 0.03767000
vn -0.99928804 0.01171820 0.03586208
vn -0.99965959 0.02058385 0.01603150
vn -0.99991577 0.00191851 0.01283611
vn -0.99953983 0.00376436 0.03009913
vn -0.99993977 -0.00038015 0.01096868
vn -0.99993250 0.00364046 0.01103407
vn -0.99993035 0.00418439 0.01103583
vn -0.99987488 0.00883436 0.01312178
vn -0.34677960 -0.10506557 0.93204353
vn -0.42373950 -0.13995362 0.89490660
vn -0.32227203 -0.15583802 0.93373189
vn -0.46047762 -0.07576310 0.88443220
vn -0.38008225 -0.02182179 0.92469524
vn -0.46605253 0.01758564 0.88458227
vn -0.34249947 -0.09844300 0.93434634
vn -0.38599877 -0.07292033 0.91961273
vn -0.28977587 -0.04510505 0.95603111
vn -0.39131991 -0.16145134 0.90598134
vn -0.34527267 -0.17475894 0.92208790
vn -0.39834855 -0.21274902 0.89221986
vn -0.30689982 -0.21275960 0.92765610
vn -0.99116808 0.02621484 0.12999467
vn -0.98510327 0.01838092 0.17097863
vn -0.95198789 0.04218739 0.30321491
vn -0.96534877 0.03296126 0.25887315
vn -0.97798969 0.03871961 0.20502916
vn -0.99526134 0.01742424 0.09566219
vn -0.99792089 0.01572916 0.06250199
vn -0.46051067 -0.31423875 0.83017102
vn -0.38438825 -0.30870046 0.87002856
vn -0.43530392 -0.33080712 0.83730350
vn -0.82840696 -0.24892963 0.50177280
vn -0.79765030 -0.21618244 0.56304454
vn -0.67175634 -0.33357918 0.66141390
vn -0.41567151 -0.01620969 0.90937035
vn 0.08027448 -0.25250067 0.96426107
vn 0.14318671 -0.33882542 0.92988972
vn -0.17309169 0.03075456 0.98442543
vn -0.99651315 -0.04074237 0.07281211
vn -0.99787976 0.01098238 0.06415118
vn -0.99758635 0.00243488 0.06939413
vn -0.99942323 0.02029789 0.02722502
vn -0.99215713 -0.01611190 0.12395418
vn -0.88121977 -0.31330050 0.35396966
vn -0.92156126 -0.27630186 0.27273085
vn -0.82074054 -0.31637272 0.47570292
vn -0.79119279 -0.28749225 0.53977975
vn -0.62421102 -0.24781529 0.74091038
vn -0.73724659 -0.29419936 0.60820572
vn -0.53147388 -0.05910506 0.84501012
vn -0.43695336 0.19181657 0.87879358
vn -0.38410744 0.26085019 0.88567413
vn -0.28076101 0.44441958 0.85068472
vn -0.33369921 0.35194090 0.87451841
vn -0.16187247 0.27279091 0.94835775
vn -0.10325238 0.16621270 0.98066930
vn -0.15828017 0.18416810 0.97006675
vn -0.23002760 -0.01741200 0.97302833
vn -0.17341533 -0.04749766 0.98370275
vn -0.23686452 -0.09355061 0.96702817
vn -0.19411025 -0.11080091 0.97470219
vn -0.15379182 -0.13079651 0.97940816
vn -0.06403698 -0.19508967 0.97869264
vn -0.11700588 -0.14768168 0.98208948
vn -0.02285697 -0.23730578 0.97116607
vn 0.02297467 -0.27638352 0.96077277
vn 0.02746516 -0.19302468 0.98080943
vn 0.22301328 -0.42266798 0.87841724
vn 0.15287973 -0.35907032 0.92070424
vn 0.07706962 -0.32813552 0.94148147
vn 0.03775351 -0.23268513 0.97181907
vn -0.03427861 -0.09726400 0.99466813
vn -0.22194124 -0.00608983 0.97504102
vn -0.15113551 0.00415510 0.98850432
vn -0.55582187 -0.00800932 0.83126284
vn -0.50324787 -0.02483996 0.86378502
vn -0.46076203 -0.04286742 0.88648787
vn -0.74867581 -0.00708785 0.66289840
vn -0.70115844 -0.00052204 0.71300531
vn -0.65019413 -0.00808621 0.75972509
vn -0.86736161 0.01673132 0.49739713
vn -0.81982776 0.02381824 0.57211462
vn -0.93623209 0.04532704 0.34844647
vn -0.94455385 0.00177996 0.32835172
vn -0.98819409 -0.08246573 0.12911948
vn -0.97426409 -0.11289302 0.19510166
vn -0.94955057 -0.12287214 0.28854142
vn -0.98240848 -0.01942444 0.18573171
vn -0.84920253 -0.34255227 0.40188681
vn -0.78485708 -0.36011627 0.50429717
vn -0.70630469 -0.35687826 0.61136862
vn -0.60744610 -0.32739086 0.72375718
vn -0.49999177 -0.27249911 0.82204165
vn -0.39274515 -0.28337870 0.87489871
vn -0.49172593 -0.33446407 0.80395236
vn -0.58974240 -0.36450153 0.72065424
vn -0.68103018 -0.38629994 0.62206933
vn -0.79896604 -0.36117130 0.48084151
vn -0.91500804 -0.24156356 0.32312123
vn -0.95624844 -0.19933391 0.21413762
vn -0.98119099 -0.14930599 0.12235994
vn -0.28691357 -0.29141148 0.91255682
vn -0.32169936 -0.28613460 0.90257217
vn -0.37506447 -0.33384502 0.86479717
vn -0.48563319 -0.35657521 0.79813190
vn -0.57529878 -0.35374869 0.73749114
vn -0.32655239 -0.29988253 0.89634480
vn -0.24437113 -0.28393855 0.92717940
vn -0.75101974 -0.35534021 0.55650938
vn -0.71142455 -0.31678348 0.62731438
vn -0.61228347 -0.32288336 0.72170305
vn -0.74594025 -0.20131148 0.63485970
vn -0.56762066 -0.30121201 0.76621023
vn -0.91818679 -0.08120506 0.38773543
vn -0.86487256 -0.07139282 0.49688884
vn -0.86794431 -0.23583268 0.43709909
vn -0.89018382 -0.25551263 0.37720826
vn -0.99342353 0.01291748 0.11376659
vn -0.96775100 -0.00769313 0.25179120
vn -0.88426177 0.03195838 0.46589676
vn -0.98662727 0.02299210 0.16136294
vn -0.95025559 0.01547955 0.31108633
vn -0.91187789 0.00878955 0.41036747
vn -0.83187365 -0.07138544 0.55035475
vn -0.69683801 -0.18489805 0.69298593
vn -0.50185464 -0.27847108 0.81889912
vn -0.37665260 -0.26923323 0.88636690
vn -0.29694839 -0.28088595 0.91264711
vn -0.24479971 -0.28431778 0.92695011
vn -0.20113801 -0.23631343 0.95063109
vn -0.12333688 -0.28483854 0.95060771
vn -0.17723765 -0.27713836 0.94434165
vn -0.79165268 -0.06410590 0.60759894
vn -0.64418654 -0.16759808 0.74628050
vn -0.46112079 -0.24551676 0.85269522
vn -0.74792072 -0.00681836 0.66375305
vn -0.65778062 -0.03631443 0.75233365
vn -0.68961979 -0.04694697 0.72264828
vn -0.54767186 -0.11996463 0.82804832
vn -0.24307604 -0.13036791 0.96120666
vn -0.02880029 -0.25898146 0.96545282
vn -0.08718405 -0.15418811 0.98418747
vn -0.17600016 -0.08049239 0.98109374
vn -0.12802374 -0.04623660 0.99069274
vn -0.07042840 -0.01738766 0.99736528
vn -0.83942051 0.02957565 0.54267716
vn -0.74852259 -0.05000905 0.66122086
vn -0.58978530 -0.14959169 0.79358404
vn -0.47992210 -0.11494169 0.86974892
vn -0.91015897 0.03005611 0.41316737
vn -0.88400896 0.03910859 0.46583117
vn -0.78001923 0.02717080 0.62516538
vn -0.59442416 -0.04238693 0.80303379
vn -0.51944490 -0.08709487 0.85005381
vn -0.00365785 -0.30409238 0.95263552
vn 0.08339609 -0.32764156 0.94111429
vn 0.16798927 -0.38610265 0.90703051
vn 0.24144894 -0.44312160 0.86333404
vn -0.13317108 -0.19866931 0.97097681
vn -0.07378645 -0.27845937 0.95760949
vn -0.08163888 -0.27110946 0.95908016
vn -0.21774553 0.37739949 0.90008694
vn -0.25227504 0.26941031 0.92939517
vn -0.29141396 0.18711742 0.93811778
vn -0.34342573 0.13028842 0.93009876
vn -0.49011728 0.14009388 0.86032480
vn -0.40397209 0.08020150 0.91124874
vn -0.19796664 0.11902730 0.97295514
vn -0.24588888 0.07044855 0.96673454
vn -0.30935910 0.02298085 0.95066757
vn -0.74791613 -0.21726025 0.62723158
vn -0.62680122 -0.16752702 0.76095658
vn -0.53817332 -0.10274379 0.83654838
vn -0.29465128 -0.06054775 0.95368474
vn -0.25835086 -0.17170957 0.95066853
vn -0.12663961 -0.24191831 0.96199685
vn -0.16597670 -0.21314102 0.96282015
vn -0.19877928 -0.25585562 0.94605745
vn -0.26156217 -0.23952363 0.93499394
vn -0.21029124 -0.19132085 0.95873559
vn -0.31751580 -0.23599924 0.91841607
vn -0.40503695 -0.21224794 0.88932327
vn -0.51826335 -0.18905778 0.83406250
vn -0.69072249 -0.23503556 0.68385725
vn 0.45287945 0.00990602 0.89151673
vn 0.57439452 0.00279349 0.81857384
vn 0.70024827 -0.00366103 0.71389002
vn 0.80444790 -0.00553187 0.59399746
vn 0.89199068 -0.00535438 0.45202208
vn 0.95389967 -0.00698945 0.30004426
vn 0.94388325 -0.00357789 0.33025992
vn 0.99025667 -0.01057556 0.13885200
vn 0.98234936 -0.01471737 0.18647557
vn 0.97355414 -0.02094211 0.22749452
vn 0.99537002 0.00213725 0.09609344
vn 0.99052088 0.00750135 0.13715724
vn 0.99022483 0.00551739 0.13937125
vn 0.95391727 0.00865006 0.29994503
vn 0.89224901 0.00862289 0.45146135
vn 0.80555272 0.01238235 0.59239471
vn 0.70030242 0.01385126 0.71371189
vn 0.57437187 0.01811741 0.81839399
vn 0.45592964 0.01405360 0.88990486
vn 0.34723537 -0.47082558 0.81101841
vn 0.31261607 -0.25882722 0.91393636
vn 0.25146478 -0.11049719 0.96153826
vn 0.20895888 -0.00938360 0.97787941
vn 0.21563384 -0.04878536 0.97525486
vn 0.35789370 -0.34288921 0.86852697
vn 0.31363539 -0.18824226 0.93069742
vn 0.29104383 -0.08411501 0.95300480
vn 0.28366305 -0.03077069 0.95843020
vn 0.94425589 0.00228463 0.32920450
vn 0.98408544 0.00192476 0.17768551
vn 0.90294933 -0.10503152 -0.41671439
vn 0.84537453 -0.08856617 -0.52678073
vn -0.92591487 0.02946647 -0.37658118
vn -0.82450621 0.00959103 -0.56577161
vn -0.96046035 0.00059273 -0.27841617
vn -0.79808805 0.00022824 -0.60254080
vn -0.77620005 -0.00315224 -0.63047883
vn -0.73406236 0.01676585 -0.67887507
vn -0.43525812 -0.01955686 -0.90009327
vn -0.78064664 0.00596358 -0.62494420
vn -0.95762722 0.00199281 -0.28800372
vn -0.66960862 -0.00013097 -0.74271413
vn -0.53785412 -0.00123948 -0.84303701
vn -0.42933450 -0.01390131 -0.90303856
vn -0.53992127 -0.01772326 -0.84152891
vn -0.67010679 -0.01670867 -0.74207662
vn -0.78286062 -0.01201422 -0.62208111
vn -0.95658538 -0.00186829 -0.29144626
vn -0.51304683 0.17672006 0.83997200
vn -0.12442320 0.49441387 0.86027542
vn -0.06883499 0.52317485 0.84944089
vn 0.08205514 0.56478550 0.82114815
vn 0.02200264 0.56232978 0.82662029
vn -0.05456765 0.53493798 0.84312735
vn -0.00706849 0.53606217 0.84414891
vn 0.11958129 0.56480526 0.81651414
vn 0.15674014 0.57427574 0.80351721
vn 0.20423130 0.56660477 0.79827853
vn 0.23329366 0.56337987 0.79257630
vn 0.26068311 0.55919201 0.78698705
vn 0.29743155 0.55338087 0.77801291
vn 0.38884901 0.50782048 0.76870983
vn 0.35648381 0.53477284 0.76611834
vn 0.41085846 0.49079605 0.76831931
vn 0.43463370 0.48468978 0.75905821
vn 0.47414984 0.44656162 0.75879157
vn 0.52408914 0.37924722 0.76256286
vn 0.49584106 0.40895290 0.76609344
vn 0.57756866 0.23932751 0.78047216
vn 0.56110353 0.28009074 0.77891720
vn 0.56279438 0.32440149 0.76028031
vn 0.54318127 0.34011419 0.76764344
vn 0.43294006 0.03894488 0.90058104
vn 0.51775959 0.07708805 0.85204603
vn 0.56879825 0.13028840 0.81209204
vn 0.54769893 0.13424418 0.82583557
vn 0.54417077 0.14780976 0.82585135
vn 0.57057653 0.19612487 0.79748195
vn 0.42010669 0.06425513 0.90519702
vn 0.43855274 0.06382588 0.89643614
vn 0.34340311 0.00415776 0.93917891
vn 0.31952031 -0.01328298 0.94748633
vn 0.28037107 -0.01959507 0.95969167
vn 0.26219665 -0.09260352 0.96056104
vn 0.25379498 -0.12027441 0.95975110
vn 0.28637469 -0.15855057 0.94490807
vn 0.31703138 -0.18344292 0.93050513
vn 0.34725009 -0.20925215 0.91412850
vn 0.36024919 -0.24255998 0.90076922
vn 0.38354783 -0.24659884 0.88998880
vn 0.37758667 -0.29645372 0.87723628
vn 0.37620298 -0.30523363 0.87481641
vn 0.37097322 -0.34261191 0.86313148
vn 0.37400950 -0.35162390 0.85818269
vn 0.32874983 -0.38978201 0.86022877
vn 0.31873935 -0.42700920 0.84620823
vn 0.25019159 -0.49166899 0.83406581
vn 0.27200341 -0.43292916 0.85941054
vn 0.28044105 -0.44581919 0.85005769
vn 0.12017013 -0.49416764 0.86102119
vn 0.14501562 -0.50936297 0.84824515
vn 0.21036694 -0.46250768 0.86129693
vn 0.19373911 -0.46270380 0.86508401
vn 0.19623383 -0.48885220 0.85000930
vn 0.11020548 -0.53891278 0.83512141
vn 0.07340122 -0.52543417 0.84766219
vn 0.05518109 -0.50474671 0.86150207
vn 0.03262114 -0.54434232 0.83822867
vn -0.01045841 -0.51264877 0.85853472
vn -0.03907318 -0.53559067 0.84357331
vn -0.07859312 -0.54094241 0.83737950
vn -0.09639580 -0.49761479 0.86202516
vn -0.12266278 -0.52855182 0.83999216
vn -0.15098253 -0.52456391 0.83787647
vn -0.16228867 -0.49432650 0.85399280
vn -0.16858616 -0.47546439 0.86343055
vn -0.19784834 -0.51329381 0.83509610
vn -0.24593555 -0.45622549 0.85520407
vn -0.27225606 -0.47350031 0.83765990
vn -0.30174757 -0.45005442 0.84047571
vn -0.29716854 -0.41895492 0.85800211
vn -0.30770131 -0.40461585 0.86116544
vn -0.35713576 -0.41954017 0.83452987
vn -0.36374965 -0.36187824 0.85832996
vn -0.39821732 -0.37715231 0.83616930
vn -0.41519726 -0.31911556 0.85192517
vn -0.41439633 -0.30023315 0.85914826
vn -0.46186696 -0.29709319 0.83571200
vn -0.45709092 -0.25672962 0.85156197
vn -0.45307726 -0.23166071 0.86084511
vn -0.50652441 -0.22473717 0.83242191
vn -0.51926359 0.15441311 0.84054858
vn -0.51204534 0.08648310 0.85459361
vn -0.52167926 0.07460664 0.84987329
vn -0.47518911 -0.17772688 0.86174733
vn -0.48873042 -0.16075463 0.85749666
vn -0.52781982 -0.14450652 0.83697318
vn -0.50675491 -0.10861942 0.85522002
vn -0.54267181 -0.06100468 0.83772653
vn -0.51901016 -0.03372721 0.85410241
vn -0.50951288 -0.00874956 0.86041854
vn -0.54064939 0.01792199 0.84105710
vn -0.49148079 0.20338475 0.84680652
vn -0.46239253 0.21318059 0.86066671
vn -0.48127365 0.25007958 0.84014039
vn -0.43663458 0.26588789 0.85944975
vn -0.44503848 0.31060057 0.83992145
vn -0.40426868 0.33896460 0.84951153
vn -0.38006281 0.38231756 0.84225029
vn -0.33933673 0.37591882 0.86228512
vn -0.34207498 0.42399014 0.83858039
vn -0.32184317 0.42951615 0.84376113
vn -0.28441459 0.42300257 0.86033550
vn -0.16338437 0.48831812 0.85723448
vn -0.14820083 0.50941221 0.84766486
vn -0.29536815 0.46053457 0.83705768
vn -0.24130407 0.47486152 0.84633261
vn -0.24051095 0.48757102 0.83930268
vn -0.19184120 0.48737394 0.85185891
vn 0.66013825 0.15360548 0.73527060
vn 0.71326845 0.16597200 0.68095625
vn 0.73226184 -0.00954775 0.68095626
vn 0.67771627 -0.00883760 0.73527040
vn 0.70869858 -0.18451159 0.68095653
vn 0.65590825 -0.17076965 0.73527009
vn 0.64394894 -0.34875265 0.68095621
vn 0.59598070 -0.32277598 0.73527047
vn 0.54177445 -0.49272609 0.68095627
vn 0.50141753 -0.45602459 0.73527004
vn 0.40811533 -0.60806224 0.68095682
vn 0.37771477 -0.56276975 0.73526986
vn 0.25073777 -0.68806227 0.68095587
vn 0.23206015 -0.63680888 0.73527039
vn 0.07878677 -0.72807335 0.68095656
vn 0.07291814 -0.67384100 0.73526951
vn -0.09774255 -0.72577225 0.68095597
vn -0.09046122 -0.67170992 0.73527039
vn -0.26859082 -0.68129066 0.68095668
vn -0.24858303 -0.63054334 0.73526973
vn -0.42382899 -0.59721649 0.68095628
vn -0.39225712 -0.55273137 0.73527028
vn -0.55443723 -0.47843295 0.68095614
vn -0.51313610 -0.44279620 0.73527061
vn -0.65282267 -0.33184465 0.68095645
vn -0.60419360 -0.30712790 0.73527039
vn -0.71326815 -0.16597216 0.68095652
vn -0.66013702 -0.15361126 0.73527049
vn -0.73226201 0.00954716 0.68095609
vn -0.67771545 0.00883373 0.73527120
vn -0.70869858 0.18451157 0.68095653
vn -0.65590852 0.17076535 0.73527085
vn -0.64394894 0.34875270 0.68095618
vn -0.59598142 0.32277228 0.73527152
vn -0.54177514 0.49272470 0.68095673
vn -0.50141928 0.45602069 0.73527126
vn -0.40811569 0.60806303 0.68095590
vn -0.37771495 0.56276668 0.73527211
vn -0.25073611 0.68806236 0.68095638
vn -0.23205905 0.63680757 0.73527187
vn -0.07878688 0.72807337 0.68095653
vn -0.07291781 0.67383885 0.73527151
vn 0.09774242 0.72577223 0.68095601
vn 0.09046198 0.67170795 0.73527210
vn 0.26859093 0.68129071 0.68095659
vn 0.24858474 0.63054082 0.73527131
vn 0.42382912 0.59721633 0.68095634
vn 0.39225902 0.55272844 0.73527147
vn 0.55443608 0.47843374 0.68095652
vn 0.51313751 0.44279373 0.73527111
vn 0.65282212 0.33184630 0.68095617
vn 0.60419390 0.30712480 0.73527144
vn -0.37700382 0.16530556 0.91134088
vn -0.41938961 0.15340784 0.89475046
vn -0.48231888 0.13388400 0.86570409
vn -0.49269047 0.10118261 0.86430213
vn -0.45495614 0.04677391 0.88928460
vn -0.36803156 0.00706999 0.92978642
vn -0.27648528 -0.02218027 0.96076216
vn -0.09345020 -0.05863989 0.99389558
vn -0.07990896 -0.06254066 0.99483829
vn -0.19820553 -0.03729278 0.97945077
vn -0.15499605 -0.05238492 0.98652524
vn -0.14821384 -0.05077263 0.98765115
vn -0.11129361 -0.05577768 0.99222104
vn -0.07616762 -0.06537556 0.99494951
vn -0.07338394 -0.07536745 0.99445188
vn -0.06319703 -0.08108917 0.99470130
vn -0.05986644 -0.09394432 0.99377587
vn -0.06094589 -0.10653907 0.99243893
vn -0.05461999 -0.12105450 0.99114200
vn -0.04641171 -0.15121024 0.98741147
vn -0.03973506 -0.16908460 0.98480024
vn -0.03407786 -0.17984061 0.98310531
vn -0.01389868 -0.23264030 0.97246353
vn 0.00359733 -0.23848882 0.97113858
vn 0.03147929 -0.26162802 0.96465529
vn 0.07023572 -0.25895486 0.96333241
vn 0.04699183 -0.25811266 0.96497131
vn -0.24996238 0.17152676 0.95294144
vn -0.20595893 0.18349690 0.96120227
vn -0.19349021 0.19061348 0.96240742
vn -0.18545924 0.20288320 0.96147973
vn -0.16561923 0.20778499 0.96405169
vn -0.29835366 0.17013364 0.93916965
vn -0.01264358 0.33554676 0.94193870
vn -0.02772839 0.26504649 0.96383686
vn -0.10537299 0.30198347 0.94747164
vn -0.06922417 0.26176265 0.96264652
vn -0.05828832 0.31938140 0.94583190
vn 0.14850512 -0.24131631 0.95901651
vn 0.14122530 -0.24828717 0.95833653
vn 0.12218226 -0.29085464 0.94893365
vn 0.22649595 -0.14055338 0.96381758
vn 0.28468999 -0.15388309 0.94618793
vn 0.04702500 0.26764198 0.96237021
vn 0.03554576 0.31896509 0.94709966
vn 0.00876535 0.26638785 0.96382606
vn -0.01114971 0.33955156 0.94052136
vn -0.10732430 0.24399559 0.96381930
vn -0.15727880 0.30166547 0.94035170
vn -0.13733199 0.22834070 0.96384669
vn -0.17915121 0.24715338 0.95227100
vn 0.08572144 0.31603386 0.94486742
vn 0.08292782 0.26413483 0.96091403
vn 0.19499476 -0.24260323 0.95032664
vn 0.18097105 -0.20280098 0.96235193
vn 0.12252204 0.23669953 0.96382658
vn 0.13653064 0.31202051 0.94021412
vn 0.09155484 0.25022800 0.96384836
vn 0.16742599 0.26888326 0.94850953
vn 0.15315123 0.22588420 0.96204003
vn 0.22001134 -0.20765248 0.95313979
vn 0.26037761 -0.19026286 0.94657464
vn 0.23840881 -0.16648181 0.95678892
vn 0.21252073 0.16095077 0.96381004
vn 0.25815888 0.22279314 0.94006234
vn 0.19031619 0.18650984 0.96384326
vn 0.20279070 0.23341475 0.95099605
vn 0.17952577 0.21805713 0.95928181
vn 0.24162186 -0.11236031 0.96384337
vn 0.29010926 -0.11042972 0.95060081
vn 0.28155838 0.17806854 0.94287670
vn 0.23462433 0.15951446 0.95890905
vn 0.26139419 0.05204102 0.96382821
vn 0.31718653 0.08398385 0.94463719
vn 0.32893463 0.08987518 0.94006620
vn 0.27488803 -0.06963720 0.95895111
vn 0.27908891 -0.05849731 0.95848184
vn 0.25208329 0.08644017 0.96383718
vn 0.28789551 0.12505502 0.94946165
vn 0.24960626 0.12163685 0.96067746
vn 0.31387749 -0.02742823 0.94906723
vn 0.26877847 0.01393524 0.96310121
vn 0.32196471 0.03866095 0.94596197
vn 0.46019078 -0.21096357 0.86239134
vn 0.49066038 -0.07602067 0.86802837
vn 0.49000628 -0.15656303 0.85754409
vn 0.44510629 -0.27260752 0.85297452
vn 0.16222723 -0.45733454 0.87437260
vn 0.22462852 -0.45134974 0.86361186
vn 0.28634457 -0.41622996 0.86299444
vn 0.38033993 -0.31953091 0.86789489
vn 0.33602837 -0.37299983 0.86484453
vn 0.50349134 0.02292817 0.86369600
vn 0.50993528 -0.00864854 0.86016930
vn 0.40402974 0.30376673 0.86283587
vn 0.50241458 0.10257583 0.85852069
vn 0.47966711 0.17237359 0.86035272
vn 0.43994654 0.23590610 0.86648448
vn 0.36014024 0.35715668 0.86182255
vn 0.30182711 0.40704413 0.86209946
vn 0.23530105 0.45092317 0.86098880
vn 0.17012828 0.47550551 0.86310537
vn 0.09649691 0.49269934 0.86483276
vn 0.01628416 0.50693168 0.86183241
vn -0.05436717 0.50283860 0.86266885
vn -0.12663889 0.48648151 0.86446419
vn -0.20256730 0.46375799 0.86249349
vn -0.26353963 0.43199881 0.86251023
vn 0.40959614 0.49103932 -0.76883769
vn 0.38379825 0.51072179 -0.76932578
vn -0.12463737 0.48734772 -0.86426716
vn -0.12508622 0.50686739 -0.85290028
vn -0.19079335 0.50551227 -0.84146019
vn -0.15006752 0.48224892 -0.86308500
vn -0.26403574 0.47190776 -0.84118262
vn -0.22336869 0.45857978 -0.86012267
vn -0.34573870 0.37296511 -0.86102368
vn -0.33969405 0.42195834 -0.84057070
vn -0.30491991 0.43901720 -0.84515545
vn -0.49846984 0.20900024 -0.84133627
vn -0.49321574 0.22708893 -0.83974332
vn -0.43321054 0.27140093 -0.85945923
vn -0.44382230 0.29710890 -0.84542774
vn -0.40573575 0.35480834 -0.84231202
vn -0.39498111 0.37943497 -0.83667139
vn -0.49020641 0.13798802 -0.86061431
vn -0.49573455 0.16344682 -0.85295509
vn -0.50512773 0.18099680 -0.84385196
vn -0.53521463 0.12568152 -0.83531398
vn -0.50516626 0.08483268 -0.85884252
vn -0.54361924 0.06501483 -0.83681013
vn -0.50952588 0.01782199 -0.86027075
vn -0.50896553 -0.00519076 -0.86077125
vn -0.50445273 -0.02579777 -0.86305383
vn -0.51481717 -0.04304608 -0.85621861
vn -0.54697215 -0.08856055 -0.83245330
vn -0.49882980 -0.10691150 -0.86008067
vn -0.50290015 -0.12943748 -0.85459779
vn -0.51995873 -0.17238629 -0.83661574
vn -0.48697013 -0.18558606 -0.85347402
vn -0.46811190 -0.19998048 -0.86074332
vn -0.44198743 -0.25326825 -0.86052444
vn -0.50103875 -0.24388007 -0.83035094
vn -0.42720146 -0.26361780 -0.86487257
vn -0.44456130 -0.28476737 -0.84927781
vn -0.42056661 -0.33388644 -0.84358969
vn -0.38555921 -0.32902781 -0.86202366
vn -0.40122733 -0.37722426 -0.83469664
vn -0.36795956 -0.39167681 -0.84332380
vn -0.33425019 -0.37913130 -0.86286515
vn -0.34512078 -0.41127898 -0.84364759
vn -0.29234983 -0.44449382 -0.84673303
vn -0.26986499 -0.42394369 -0.86454880
vn -0.27302909 -0.45070632 -0.84989348
vn -0.23999298 -0.49253895 -0.83654573
vn -0.19834349 -0.46944114 -0.86039809
vn -0.20478042 -0.51336085 -0.83338204
vn -0.15560102 -0.52279496 -0.83813707
vn -0.13167790 -0.48936977 -0.86207782
vn -0.12434136 -0.52415973 -0.84249380
vn -0.06102980 -0.52627026 -0.84812439
vn -0.05186190 -0.50012355 -0.86439966
vn -0.04245026 -0.52235386 -0.85167154
vn -0.00477272 -0.55315659 -0.83306363
vn 0.02219797 -0.50700513 -0.86165715
vn 0.03965942 -0.51966508 -0.85344908
vn 0.05807414 -0.54474187 -0.83659052
vn 0.09468424 -0.53442925 -0.83989301
vn 0.10828405 -0.50737279 -0.85489615
vn 0.17132968 -0.51723563 -0.83851860
vn 0.17584140 -0.47309775 -0.86328345
vn 0.19291216 -0.48221070 -0.85455119
vn 0.32048575 -0.43888858 -0.83944368
vn 0.27732504 -0.46142693 -0.84271942
vn 0.24636720 -0.44304969 -0.86198038
vn 0.24965851 -0.49667999 -0.83125184
vn 0.22343353 -0.50154871 -0.83577888
vn 0.31250822 -0.39857150 -0.86225250
vn 0.33047032 -0.39206266 -0.85853144
vn 0.35754239 -0.35762753 -0.86270852
vn 0.36160909 -0.35538441 -0.86194013
vn 0.38148044 -0.33157025 -0.86286374
vn 0.37324172 -0.30942049 -0.87461396
vn 0.38919195 -0.31827191 -0.86442618
vn 0.37308279 -0.25754666 -0.89133549
vn 0.36563465 -0.20338552 -0.90826518
vn 0.33464229 0.01794907 -0.94217428
vn 0.39276839 0.03532397 -0.91895877
vn 0.28067600 -0.03823638 -0.95904065
vn 0.27335038 -0.03004385 -0.96144523
vn 0.27809863 -0.10073498 -0.95525578
vn 0.40079071 -0.20788928 -0.89227174
vn 0.30728619 -0.22706251 -0.92413084
vn 0.32144696 -0.20112690 -0.92532147
vn 0.50767830 0.06216825 -0.85930079
vn 0.42663096 0.03897361 -0.90358568
vn 0.55112006 0.13755596 -0.82300975
vn 0.54391607 0.15149386 -0.82535139
vn 0.57193611 0.19655861 -0.79640053
vn 0.57048166 0.25442968 -0.78090730
vn 0.55816239 0.27106429 -0.78420591
vn 0.55481552 0.28520609 -0.78156077
vn 0.54193965 0.33885600 -0.76907609
vn 0.49091593 0.40926726 -0.76909158
vn 0.51917004 0.38163453 -0.76473365
vn 0.48166187 0.43586983 -0.76027583
vn 0.44812959 0.45610756 -0.76886004
vn 0.20011418 0.57421574 -0.79387064
vn 0.25570929 0.56145429 -0.78700816
vn 0.27083055 0.54927487 -0.79053648
vn 0.29970557 0.54879518 -0.78038479
vn 0.36076251 0.53795223 -0.76187782
vn 0.11833250 0.56681561 -0.81530208
vn 0.15399998 0.57282183 -0.80508332
vn 0.09050792 0.56866018 -0.81757808
vn 0.06287821 0.55318837 -0.83067982
vn 0.00994479 0.54449922 -0.83870239
vn -0.01015595 0.54519285 -0.83824913
vn -0.06909302 0.53874753 -0.83962923
vn -0.08121791 0.51218499 -0.85502643
vn 0.71326845 0.16597200 -0.68095625
vn -0.71326815 -0.16597215 -0.68095652
vn 0.65282212 0.33184630 -0.68095617
vn -0.73226201 0.00954716 -0.68095609
vn 0.55443608 0.47843374 -0.68095652
vn -0.64394894 0.34875270 -0.68095618
vn -0.54177514 0.49272470 -0.68095673
vn -0.40811569 0.60806303 -0.68095590
vn 0.73226184 -0.00954775 -0.68095626
vn 0.70869858 -0.18451159 -0.68095653
vn 0.64394894 -0.34875265 -0.68095621
vn 0.25073777 -0.68806227 -0.68095587
vn 0.07878677 -0.72807335 -0.68095656
vn -0.09774255 -0.72577225 -0.68095597
vn -0.26859082 -0.68129066 -0.68095668
vn -0.25073611 0.68806236 -0.68095638
vn -0.07878688 0.72807337 -0.68095653
vn 0.09774242 0.72577223 -0.68095601
vn -0.42382899 -0.59721649 -0.68095628
vn -0.55443723 -0.47843295 -0.68095614
vn -0.65282267 -0.33184465 -0.68095645
vn -0.70869858 0.18451157 -0.68095653
vn 0.26859093 0.68129071 -0.68095659
vn 0.42382912 0.59721633 -0.68095634
vn 0.54177445 -0.49272609 -0.68095627
vn 0.40811533 -0.60806224 -0.68095682
vn 0.66014980 0.15361718 -0.73525778
vn 0.60418580 0.30713819 -0.73527250
vn 0.51313687 0.44279771 -0.73526916
vn 0.39225884 0.55273152 -0.73526925
vn 0.24858493 0.63054348 -0.73526897
vn 0.09046308 0.67171041 -0.73526972
vn -0.07290709 0.67383923 -0.73527222
vn -0.23206531 0.63679901 -0.73527731
vn -0.37771248 0.56277044 -0.73527050
vn -0.50141701 0.45602530 -0.73526995
vn -0.59597935 0.32277728 -0.73527100
vn -0.65590692 0.17077082 -0.73527100
vn -0.67771432 0.00884058 -0.73527215
vn -0.66013914 -0.15360672 -0.73526954
vn -0.60419347 -0.30712417 -0.73527206
vn -0.51313663 -0.44279229 -0.73527259
vn -0.39225737 -0.55272817 -0.73527255
vn -0.24858282 -0.63054064 -0.73527212
vn -0.09046012 -0.67170757 -0.73527267
vn 0.07291986 -0.67383821 -0.73527190
vn 0.23206226 -0.63680579 -0.73527240
vn 0.37771682 -0.56276623 -0.73527150
vn 0.50142003 -0.45601935 -0.73527159
vn 0.59598167 -0.32277123 -0.73527177
vn 0.65590956 -0.17076409 -0.73527021
vn 0.67771414 -0.00884393 -0.73527228
vn 0.14655812 0.22256167 -0.96383973
vn 0.20753827 0.27705630 -0.93817252
vn -0.03313948 -0.18125813 -0.98287703
vn -0.04054647 -0.17096279 -0.98444284
vn -0.14298877 -0.05185964 -0.98836470
vn -0.14595020 -0.04740482 -0.98815552
vn 0.04214661 -0.27214003 -0.96133421
vn 0.03325446 -0.25688005 -0.96587100
vn 0.00431923 -0.23402184 -0.97222175
vn -0.01390457 -0.21369273 -0.97680196
vn -0.28898569 -0.01338250 -0.95723988
vn -0.26535018 -0.03662137 -0.96345636
vn -0.19773734 -0.03605096 -0.97959189
vn -0.11013436 -0.05360716 -0.99247000
vn -0.09271023 -0.05925232 -0.99392856
vn -0.08030727 -0.06166983 -0.99486058
vn -0.06227873 -0.09703774 -0.99333028
vn -0.06603850 -0.08457056 -0.99422670
vn -0.07233615 -0.07802198 -0.99432392
vn -0.07762828 -0.06628189 -0.99477664
vn -0.04746283 -0.15314098 -0.98706389
vn -0.05395580 -0.12349878 -0.99087679
vn -0.06208355 -0.11001783 -0.99198877
vn 0.07195218 -0.25637544 -0.96389549
vn 0.12343352 -0.29329912 -0.94801888
vn 0.14689846 -0.25340212 -0.95614236
vn 0.14944449 -0.23510082 -0.96041343
vn 0.11181821 0.32378801 -0.93949881
vn 0.12080166 0.25116631 -0.96037620
vn 0.15212935 0.28442017 -0.94655260
vn 0.13913841 0.23214942 -0.96267707
vn -0.04519679 0.32113570 -0.94595408
vn -0.04443806 0.34544479 -0.93738634
vn 0.19163898 -0.23950443 -0.95179416
vn 0.18139686 -0.19529438 -0.96382326
vn 0.20353745 0.18691152 -0.96106014
vn 0.23083282 0.22749271 -0.94602499
vn 0.17416095 0.20176925 -0.96382422
vn 0.03174714 0.26457217 -0.96384319
vn 0.06176798 0.34094041 -0.93805349
vn 0.06066730 0.29694555 -0.95296528
vn 0.06831254 0.25760563 -0.96383232
vn 0.28301614 -0.06746000 -0.95673978
vn 0.27491133 -0.05583079 -0.95984722
vn 0.23708992 -0.17892108 -0.95486942
vn 0.20345597 -0.17212252 -0.96383583
vn 0.23360284 -0.22407042 -0.94616180
vn 0.28221924 -0.10654599 -0.95341505
vn 0.25228439 -0.10726293 -0.96168979
vn 0.26002719 0.05820310 -0.96384556
vn 0.34361366 0.05420995 -0.93754516
vn 0.26523328 0.01111297 -0.96412023
vn 0.31141880 -0.02697196 -0.94988991
vn 0.22174840 0.16815806 -0.96049493
vn 0.26243512 0.18583394 -0.94688624
vn 0.22914624 0.13599845 -0.96384460
vn 0.30979860 0.15604018 -0.93791060
vn -0.01702670 0.26603787 -0.96381219
vn 0.00610544 0.31201728 -0.95005681
vn 0.01184848 0.29113343 -0.95660908
vn -0.17401839 0.20363064 -0.96345844
vn -0.19365716 0.28829249 -0.93775495
vn -0.13325169 0.23085079 -0.96382151
vn -0.36099967 0.16758243 -0.91738507
vn -0.29581633 0.16840762 -0.94028271
vn 0.24520028 0.10509214 -0.96375955
vn 0.28832763 0.09524612 -0.95278295
vn 0.28854960 0.09048381 -0.95317984
vn -0.09222045 0.31983384 -0.94297492
vn -0.05391438 0.26098740 -0.96383547
vn -0.12960653 0.25255797 -0.95886215
vn -0.14212558 0.30291303 -0.94236087
vn -0.09408215 0.25387066 -0.96265167
vn 0.26961955 -0.14701979 -0.95167772
vn 0.22405679 -0.14424553 -0.96384220
vn 0.26167577 -0.19063489 -0.94614171
vn -0.38265360 0.02140007 -0.92364401
vn -0.47324016 0.07910053 -0.87737498
vn -0.29054105 0.19793227 -0.93616703
vn -0.23322156 0.17530544 -0.95649135
vn -0.19404645 0.19227517 -0.96196478
vn -0.49474333 0.11151914 -0.86185412
vn -0.51036529 0.17100579 -0.84278366
vn -0.38359041 0.15874791 -0.90975683
vn 0.40173246 -0.34438188 -0.84853530
vn 0.49572411 -0.02166825 -0.86820971
vn 0.50720044 -0.08092260 -0.85802054
vn 0.43195669 -0.26812119 -0.86111814
vn 0.47195288 -0.21431433 -0.85517825
vn 0.48388031 -0.14463106 -0.86310005
vn 0.34177944 -0.37350595 -0.86236890
vn 0.29938843 -0.41864063 -0.85738357
vn 0.21873194 -0.45381555 -0.86383320
vn 0.16531952 -0.48144619 -0.86074330
vn 0.48761224 0.04301144 -0.87200018
vn -0.02620635 0.50547712 -0.86244195
vn -0.24934450 0.44063773 -0.86236054
vn -0.29914512 0.39107436 -0.87038672
vn -0.17698199 0.46921516 -0.86516733
vn -0.10347173 0.49799248 -0.86098611
vn 0.05417391 0.50135463 -0.86354428
vn 0.13071518 0.49001375 -0.86185849
vn 0.19544726 0.45888190 -0.86673397
vn 0.27275629 0.42432170 -0.86345533
vn 0.33269379 0.38065619 -0.86279529
vn 0.38743149 0.32708056 -0.86192526
vn 0.43537764 0.25862462 -0.86229903
vn 0.46702994 0.19478143 -0.86252143
vn 0.49331980 0.11356838 -0.86240234
vn -0.71130719 0.26148837 -0.65243078
vn -0.73422266 0.67890875 0.00000575
vn 0.70902907 0.67903522 -0.19023391
vn 0.63588263 0.67887456 -0.36712750
vn 0.51919634 0.67887440 -0.51919622
vn 0.36712730 0.67887443 -0.63588290
vn 0.19003911 0.67887438 -0.70923531
vn -0.00000000 0.67887442 -0.73425440
vn -0.19003911 0.67887438 -0.70923530
vn -0.36712731 0.67887442 -0.63588289
vn -0.51919635 0.67887440 -0.51919621
vn -0.63588292 0.67887445 -0.36712721
vn -0.70923519 0.67887444 -0.19003931
vn -0.70923519 0.67887444 0.19003931
vn -0.63588290 0.67887443 0.36712728
vn -0.51919629 0.67887442 0.51919624
vn -0.36712731 0.67887442 0.63588289
vn -0.19003911 0.67887438 0.70923530
vn -0.00000000 0.67887442 0.73425440
vn 0.19003911 0.67887438 0.70923531
vn 0.36712730 0.67887443 0.63588290
vn 0.51919628 0.67887441 0.51919626
vn 0.63588262 0.67887454 0.36712757
vn 0.70923540 0.67887421 0.19003934
vn 0.73407543 0.67906790 0.00024657
vn 0.00000000 1.00000000 0.00000000
vn 0.73425428 -0.67887455 -0.00000000
vn 0.70923543 -0.67887431 0.19003888
vn 0.63588297 -0.67887449 0.36712706
vn 0.51919641 -0.67887432 0.51919625
vn 0.36712712 -0.67887444 0.63588298
vn 0.19003899 -0.67887438 0.70923533
vn -0.00000006 -0.67887443 0.73425439
vn -0.19003887 -0.67887444 0.70923530
vn -0.36712728 -0.67887432 0.63588303
vn -0.51919625 -0.67887450 0.51919618
vn -0.63588287 -0.67887439 0.36712740
vn -0.70923543 -0.67887431 0.19003888
vn -0.73425428 -0.67887455 -0.00000000
vn -0.70923543 -0.67887431 -0.19003890
vn -0.63588289 -0.67887443 -0.36712732
vn -0.51919634 -0.67887447 -0.51919613
vn -0.36712728 -0.67887432 -0.63588303
vn -0.19003887 -0.67887444 -0.70923530
vn -0.00000006 -0.67887443 -0.73425439
vn 0.19003899 -0.67887438 -0.70923533
vn 0.36712712 -0.67887444 -0.63588298
vn 0.51919650 -0.67887429 -0.51919620
vn 0.63588298 -0.67887452 -0.36712697
vn 0.70923543 -0.67887431 -0.19003890
vn 0.00000000 -1.00000000 0.00000000
vn -0.70941966 0.68937193 0.14659501
vn -0.69906444 -0.69547428 0.16620599
vn -0.67568062 -0.68783596 0.26521195
vn -0.67568062 0.68783596 0.26521195
vn 0.19267700 -0.54043746 0.81902559
vn 0.19267700 0.54043746 0.81902559
vn -0.70988599 0.68896050 -0.14627137
vn -0.69824899 -0.69595615 -0.16761079
vn -0.67585647 0.68828922 -0.26358298
vn -0.67585647 -0.68828922 -0.26358298
vn 0.19092039 0.54037402 -0.81947869
vn 0.19092039 -0.54037402 -0.81947869
f 1//1 2//2 3//3
f 1//1 3//3 4//4
f 4//4 3//3 5//5
f 4//4 5//5 6//6
f 6//6 5//5 7//7
f 6//6 7//7 8//8
f 8//8 7//7 9//9
f 8//8 9//9 10//10
f 10//10 9//9 11//11
f 10//10 11//11 12//12
f 13//13 14//14 15//15
f 15//15 14//14 16//16
f 15//15 16//16 17//17
f 17//17 16//16 18//18
f 17//17 18//18 12//12
f 12//12 18//18 19//19
f 12//12 19//19 10//10
f 13//13 20//20 14//14
f 14//14 20//20 21//21
f 21//21 20//20 22//22
f 22//22 20//20 23//23
f 22//22 23//23 24//24
f 24//24 23//23 25//25
f 24//24 25//25 26//26
f 26//26 25//25 27//27
f 26//26 27//27 28//28
f 29//29 30//30 31//31
f 31//31 30//30 32//32
f 33//33 34//34 35//35
f 35//35 34//34 36//36
f 35//35 36//36 37//37
f 37//37 36//36 38//38
f 37//37 38//38 39//39
f 39//39 38//38 40//40
f 39//39 40//40 41//41
f 41//41 40//40 42//42
f 41//41 42//42 43//43
f 43//43 42//42 32//32
f 43//43 32//32 44//44
f 44//44 32//32 30//30
f 44//44 30//30 45//45
f 46//46 47//47 48//48
f 49//49 50//50 51//51
f 52//52 53//53 51//51
f 51//51 53//53 54//54
f 51//51 54//54 49//49
f 55//55 56//56 57//57
f 57//57 56//56 58//58
f 57//57 58//58 59//59
f 59//59 58//58 60//60
f 59//59 60//60 61//61
f 55//55 57//57 62//62
f 62//62 57//57 63//63
f 62//62 63//63 64//64
f 64//64 63//63 51//51
f 64//64 51//51 50//50
f 65//65 66//66 67//67
f 68//68 69//69 70//70
f 70//70 69//69 71//71
f 70//70 71//71 72//72
f 73//73 74//74 75//75
f 73//73 75//75 76//76
f 75//75 77//77 76//76
f 76//76 77//77 78//78
f 76//76 78//78 79//79
f 71//71 80//80 72//72
f 72//72 80//80 81//81
f 72//72 81//81 82//82
f 79//79 83//83 76//76
f 76//76 83//83 84//84
f 76//76 84//84 85//85
f 85//85 84//84 86//86
f 85//85 86//86 87//87
f 87//87 86//86 88//88
f 87//87 88//88 89//89
f 81//81 90//90 82//82
f 82//82 90//90 91//91
f 82//82 91//91 92//92
f 92//92 91//91 93//93
f 92//92 93//93 94//94
f 94//94 93//93 95//95
f 94//94 95//95 96//96
f 96//96 95//95 97//97
f 97//97 65//65 96//96
f 96//96 65//65 67//67
f 96//96 67//67 94//94
f 94//94 67//67 98//98
f 94//94 98//98 92//92
f 92//92 98//98 99//99
f 92//92 99//99 82//82
f 82//82 99//99 88//88
f 82//82 88//88 72//72
f 72//72 88//88 86//86
f 72//72 86//86 70//70
f 70//70 86//86 84//84
f 70//70 84//84 68//68
f 68//68 84//84 83//83
f 68//68 83//83 100//100
f 100//100 83//83 79//79
f 89//89 88//88 101//101
f 101//101 88//88 99//99
f 101//101 99//99 102//102
f 102//102 99//99 98//98
f 102//102 98//98 103//103
f 103//103 98//98 67//67
f 103//103 67//67 104//104
f 104//104 67//67 66//66
f 104//104 66//66 105//105
f 74//74 73//73 106//106
f 106//106 73//73 107//107
f 108//108 109//109 107//107
f 107//107 109//109 110//110
f 107//107 110//110 106//106
f 111//111 112//112 113//113
f 114//114 115//115 116//116
f 114//114 117//117 115//115
f 115//115 117//117 118//118
f 115//115 118//118 119//119
f 119//119 118//118 120//120
f 119//119 120//120 121//121
f 121//121 120//120 122//122
f 121//121 122//122 123//123
f 124//124 116//116 125//125
f 125//125 116//116 126//126
f 124//124 127//127 116//116
f 116//116 127//127 128//128
f 116//116 128//128 114//114
f 116//116 129//129 126//126
f 126//126 129//129 130//130
f 126//126 130//130 131//131
f 131//131 130//130 132//132
f 131//131 132//132 133//133
f 133//133 132//132 134//134
f 133//133 134//134 135//135
f 136//136 137//137 134//134
f 134//134 137//137 138//138
f 134//134 138//138 135//135
f 139//139 140//140 141//141
f 139//139 142//142 140//140
f 140//140 142//142 143//143
f 140//140 143//143 136//136
f 136//136 143//143 144//144
f 136//136 144//144 137//137
f 145//145 146//146 147//147
f 145//145 147//147 148//148
f 147//147 149//149 148//148
f 148//148 149//149 150//150
f 148//148 150//150 141//141
f 141//141 150//150 151//151
f 141//141 151//151 139//139
f 152//152 153//153 154//154
f 154//154 153//153 155//155
f 154//154 156//156 152//152
f 152//152 156//156 157//157
f 152//152 157//157 158//158
f 158//158 157//157 159//159
f 158//158 159//159 145//145
f 145//145 159//159 160//160
f 145//145 160//160 146//146
f 161//161 162//162 163//163
f 161//161 163//163 164//164
f 163//163 165//165 164//164
f 164//164 165//165 166//166
f 164//164 166//166 153//153
f 153//153 166//166 167//167
f 153//153 167//167 155//155
f 168//168 169//169 170//170
f 170//170 171//171 168//168
f 168//168 171//171 172//172
f 168//168 172//172 161//161
f 161//161 172//172 173//173
f 161//161 173//173 162//162
f 61//61 174//174 59//59
f 59//59 174//174 175//175
f 59//59 175//175 176//176
f 176//176 175//175 177//177
f 176//176 177//177 178//178
f 178//178 177//177 179//179
f 178//178 179//179 169//169
f 169//169 179//179 180//180
f 169//169 180//180 170//170
f 121//121 123//123 181//181
f 182//182 183//183 184//184
f 184//184 183//183 185//185
f 121//121 181//181 185//185
f 185//185 181//181 184//184
f 112//112 111//111 53//53
f 53//53 111//111 186//186
f 53//53 186//186 54//54
f 187//187 188//188 189//189
f 113//113 112//112 190//190
f 190//190 112//112 191//191
f 190//190 191//191 187//187
f 188//188 192//192 193//193
f 189//189 188//188 194//194
f 194//194 188//188 193//193
f 194//194 193//193 195//195
f 187//187 191//191 188//188
f 188//188 191//191 196//196
f 188//188 196//196 192//192
f 197//197 198//198 199//199
f 200//200 201//201 202//202
f 203//203 204//204 205//205
f 206//206 207//207 208//208
f 208//208 207//207 209//209
f 210//210 211//211 212//212
f 213//213 214//214 215//215
f 216//216 217//217 218//218
f 219//219 220//220 221//221
f 222//222 223//223 224//224
f 95//95 225//225 97//97
f 226//226 227//227 211//211
f 228//228 229//229 230//230
f 231//231 189//189 194//194
f 195//195 232//232 194//194
f 233//233 234//234 235//235
f 236//236 201//201 237//237
f 238//238 239//239 240//240
f 241//241 242//242 243//243
f 244//244 245//245 246//246
f 246//246 245//245 238//238
f 238//238 245//245 247//247
f 238//238 247//247 239//239
f 248//248 249//249 250//250
f 250//250 249//249 202//202
f 250//250 202//202 251//251
f 201//201 236//236 202//202
f 202//202 236//236 252//252
f 202//202 252//252 251//251
f 253//253 254//254 255//255
f 255//255 254//254 256//256
f 234//234 257//257 235//235
f 235//235 257//257 258//258
f 235//235 258//258 259//259
f 260//260 261//261 258//258
f 258//258 261//261 262//262
f 258//258 262//262 259//259
f 263//263 264//264 265//265
f 265//265 266//266 263//263
f 263//263 266//266 267//267
f 263//263 267//267 260//260
f 260//260 267//267 268//268
f 260//260 268//268 261//261
f 269//269 270//270 195//195
f 195//195 270//270 232//232
f 232//232 270//270 271//271
f 232//232 271//271 194//194
f 194//194 271//271 272//272
f 194//194 272//272 231//231
f 229//229 273//273 274//274
f 195//195 264//264 269//269
f 269//269 264//264 263//263
f 269//269 263//263 275//275
f 275//275 263//263 276//276
f 228//228 230//230 277//277
f 278//278 279//279 280//280
f 280//280 279//279 281//281
f 280//280 281//281 210//210
f 210//210 281//281 282//282
f 210//210 282//282 211//211
f 211//211 282//282 283//283
f 211//211 283//283 226//226
f 284//284 285//285 286//286
f 286//286 285//285 287//287
f 284//284 286//286 288//288
f 288//288 286//286 289//289
f 288//288 289//289 290//290
f 289//289 291//291 290//290
f 290//290 291//291 292//292
f 290//290 292//292 293//293
f 293//293 292//292 294//294
f 295//295 296//296 292//292
f 292//292 296//296 297//297
f 292//292 297//297 294//294
f 298//298 299//299 300//300
f 300//300 299//299 301//301
f 300//300 301//301 302//302
f 303//303 225//225 304//304
f 304//304 225//225 95//95
f 304//304 95//95 305//305
f 305//305 95//95 93//93
f 305//305 93//93 306//306
f 90//90 307//307 91//91
f 91//91 307//307 308//308
f 91//91 308//308 93//93
f 93//93 308//308 309//309
f 93//93 309//309 306//306
f 71//71 310//310 80//80
f 80//80 310//310 311//311
f 80//80 311//311 81//81
f 81//81 311//311 312//312
f 81//81 312//312 90//90
f 90//90 312//312 313//313
f 90//90 313//313 307//307
f 314//314 315//315 316//316
f 316//316 315//315 317//317
f 316//316 318//318 314//314
f 314//314 318//318 319//319
f 314//314 319//319 320//320
f 320//320 319//319 321//321
f 222//222 322//322 321//321
f 321//321 322//322 323//323
f 321//321 323//323 320//320
f 224//224 223//223 324//324
f 324//324 223//223 325//325
f 324//324 325//325 220//220
f 217//217 326//326 221//221
f 221//221 326//326 327//327
f 221//221 327//327 219//219
f 216//216 218//218 328//328
f 328//328 218//218 329//329
f 328//328 329//329 330//330
f 330//330 329//329 331//331
f 330//330 331//331 332//332
f 332//332 331//331 333//333
f 333//333 331//331 334//334
f 333//333 334//334 335//335
f 335//335 334//334 336//336
f 336//336 334//334 199//199
f 336//336 199//199 214//214
f 214//214 199//199 198//198
f 214//214 198//198 215//215
f 213//213 215//215 337//337
f 337//337 215//215 338//338
f 337//337 338//338 339//339
f 340//340 34//34 341//341
f 341//341 34//34 339//339
f 341//341 339//339 340//340
f 36//36 342//342 38//38
f 38//38 342//342 343//343
f 42//42 344//344 32//32
f 32//32 344//344 345//345
f 32//32 345//345 31//31
f 243//243 346//346 241//241
f 241//241 346//346 347//347
f 241//241 347//347 348//348
f 348//348 347//347 349//349
f 348//348 349//349 350//350
f 350//350 349//349 351//351
f 350//350 351//351 352//352
f 353//353 212//212 354//354
f 354//354 212//212 211//211
f 354//354 211//211 355//355
f 355//355 211//211 227//227
f 355//355 227//227 356//356
f 285//285 278//278 287//287
f 287//287 278//278 280//280
f 287//287 280//280 357//357
f 357//357 280//280 210//210
f 357//357 210//210 358//358
f 358//358 210//210 212//212
f 358//358 212//212 359//359
f 359//359 212//212 353//353
f 359//359 353//353 360//360
f 360//360 353//353 361//361
f 362//362 363//363 208//208
f 208//208 363//363 364//364
f 208//208 364//364 206//206
f 365//365 204//204 366//366
f 366//366 204//204 367//367
f 367//367 204//204 203//203
f 367//367 203//203 368//368
f 205//205 204//204 369//369
f 369//369 204//204 365//365
f 369//369 365//365 370//370
f 371//371 372//372 373//373
f 373//373 372//372 374//374
f 373//373 374//374 368//368
f 374//374 375//375 368//368
f 368//368 375//375 376//376
f 368//368 376//376 367//367
f 367//367 376//376 377//377
f 367//367 377//377 366//366
f 366//366 377//377 378//378
f 366//366 378//378 365//365
f 229//229 274//274 230//230
f 230//230 274//274 379//379
f 230//230 379//379 370//370
f 370//370 379//379 380//380
f 370//370 380//380 369//369
f 369//369 380//380 381//381
f 369//369 381//381 205//205
f 205//205 381//381 200//200
f 205//205 200//200 203//203
f 203//203 200//200 202//202
f 203//203 202//202 368//368
f 368//368 202//202 249//249
f 368//368 249//249 373//373
f 373//373 249//249 248//248
f 373//373 248//248 371//371
f 256//256 382//382 255//255
f 255//255 382//382 257//257
f 255//255 257//257 253//253
f 253//253 257//257 234//234
f 253//253 234//234 383//383
f 383//383 234//234 233//233
f 383//383 233//233 384//384
f 237//237 201//201 256//256
f 256//256 201//201 200//200
f 256//256 200//200 382//382
f 382//382 200//200 381//381
f 382//382 381//381 257//257
f 257//257 381//381 380//380
f 257//257 380//380 258//258
f 258//258 380//380 379//379
f 258//258 379//379 260//260
f 260//260 379//379 274//274
f 260//260 274//274 263//263
f 263//263 274//274 273//273
f 263//263 273//273 276//276
f 385//385 386//386 387//387
f 387//387 386//386 388//388
f 387//387 388//388 389//389
f 389//389 388//388 390//390
f 389//389 390//390 391//391
f 391//391 390//390 392//392
f 391//391 392//392 393//393
f 393//393 392//392 394//394
f 393//393 394//394 395//395
f 218//218 385//385 329//329
f 329//329 385//385 387//387
f 329//329 387//387 331//331
f 331//331 387//387 389//389
f 331//331 389//389 334//334
f 334//334 389//389 391//391
f 334//334 391//391 199//199
f 199//199 391//391 393//393
f 199//199 393//393 197//197
f 197//197 393//393 395//395
f 36//36 34//34 342//342
f 342//342 34//34 340//340
f 342//342 340//340 343//343
f 343//343 340//340 396//396
f 374//374 397//397 375//375
f 375//375 397//397 398//398
f 375//375 398//398 399//399
f 399//399 398//398 400//400
f 399//399 400//400 401//401
f 401//401 400//400 402//402
f 401//401 402//402 403//403
f 403//403 402//402 404//404
f 403//403 404//404 405//405
f 405//405 404//404 406//406
f 405//405 406//406 396//396
f 396//396 406//406 407//407
f 396//396 407//407 343//343
f 343//343 407//407 40//40
f 343//343 40//40 38//38
f 246//246 242//242 244//244
f 244//244 242//242 241//241
f 244//244 241//241 408//408
f 408//408 241//241 348//348
f 408//408 348//348 345//345
f 345//345 348//348 350//350
f 345//345 350//350 31//31
f 31//31 350//350 352//352
f 31//31 352//352 29//29
f 372//372 409//409 374//374
f 374//374 409//409 240//240
f 374//374 240//240 397//397
f 397//397 240//240 239//239
f 397//397 239//239 398//398
f 398//398 239//239 247//247
f 398//398 247//247 400//400
f 400//400 247//247 245//245
f 400//400 245//245 402//402
f 402//402 245//245 244//244
f 402//402 244//244 404//404
f 404//404 244//244 408//408
f 404//404 408//408 406//406
f 406//406 408//408 345//345
f 406//406 345//345 407//407
f 407//407 345//345 344//344
f 407//407 344//344 40//40
f 40//40 344//344 42//42
f 339//339 338//338 340//340
f 340//340 338//338 215//215
f 340//340 215//215 396//396
f 396//396 215//215 198//198
f 396//396 198//198 405//405
f 405//405 198//198 197//197
f 405//405 197//197 403//403
f 403//403 197//197 395//395
f 403//403 395//395 401//401
f 401//401 395//395 410//410
f 401//401 410//410 399//399
f 303//303 411//411 225//225
f 225//225 411//411 412//412
f 225//225 412//412 97//97
f 97//97 412//412 298//298
f 97//97 298//298 317//317
f 317//317 298//298 300//300
f 317//317 300//300 316//316
f 316//316 300//300 302//302
f 316//316 302//302 318//318
f 318//318 302//302 295//295
f 318//318 295//295 319//319
f 319//319 295//295 292//292
f 319//319 292//292 321//321
f 321//321 292//292 291//291
f 222//222 321//321 223//223
f 223//223 321//321 291//291
f 223//223 291//291 325//325
f 325//325 291//291 289//289
f 325//325 289//289 413//413
f 413//413 289//289 286//286
f 413//413 286//286 414//414
f 414//414 286//286 287//287
f 414//414 287//287 415//415
f 415//415 287//287 357//357
f 415//415 357//357 416//416
f 416//416 357//357 358//358
f 416//416 358//358 417//417
f 417//417 358//358 359//359
f 417//417 359//359 418//418
f 418//418 359//359 360//360
f 418//418 360//360 209//209
f 209//209 360//360 361//361
f 209//209 361//361 208//208
f 208//208 361//361 419//419
f 208//208 419//419 362//362
f 217//217 221//221 218//218
f 218//218 221//221 420//420
f 218//218 420//420 385//385
f 385//385 420//420 421//421
f 385//385 421//421 386//386
f 386//386 421//421 422//422
f 386//386 422//422 388//388
f 388//388 422//422 423//423
f 388//388 423//423 390//390
f 390//390 423//423 424//424
f 390//390 424//424 392//392
f 392//392 424//424 425//425
f 392//392 425//425 394//394
f 394//394 425//425 426//426
f 394//394 426//426 395//395
f 395//395 426//426 427//427
f 395//395 427//427 410//410
f 220//220 325//325 221//221
f 221//221 325//325 413//413
f 221//221 413//413 420//420
f 420//420 413//413 414//414
f 420//420 414//414 421//421
f 421//421 414//414 415//415
f 421//421 415//415 422//422
f 422//422 415//415 416//416
f 422//422 416//416 423//423
f 423//423 416//416 417//417
f 423//423 417//417 424//424
f 424//424 417//417 418//418
f 424//424 418//418 425//425
f 425//425 418//418 209//209
f 425//425 209//209 426//426
f 426//426 209//209 207//207
f 426//426 207//207 427//427
f 427//427 207//207 206//206
f 427//427 206//206 410//410
f 410//410 206//206 364//364
f 410//410 364//364 399//399
f 399//399 364//364 363//363
f 399//399 363//363 375//375
f 375//375 363//363 362//362
f 375//375 362//362 376//376
f 376//376 362//362 419//419
f 376//376 419//419 377//377
f 377//377 419//419 361//361
f 377//377 361//361 378//378
f 378//378 361//361 353//353
f 378//378 353//353 365//365
f 365//365 353//353 354//354
f 365//365 354//354 370//370
f 370//370 354//354 355//355
f 370//370 355//355 230//230
f 230//230 355//355 356//356
f 230//230 356//356 277//277
f 428//428 429//429 430//430
f 430//430 429//429 431//431
f 430//430 431//431 432//432
f 428//428 433//433 429//429
f 429//429 433//433 434//434
f 429//429 434//434 435//435
f 435//435 434//434 436//436
f 435//435 436//436 437//437
f 437//437 436//436 438//438
f 437//437 438//438 439//439
f 440//440 441//441 442//442
f 443//443 444//444 445//445
f 446//446 447//447 448//448
f 448//448 447//447 449//449
f 448//448 449//449 450//450
f 450//450 449//449 451//451
f 450//450 451//451 452//452
f 452//452 451//451 453//453
f 452//452 453//453 431//431
f 431//431 453//453 454//454
f 431//431 454//454 432//432
f 446//446 448//448 455//455
f 455//455 448//448 456//456
f 455//455 456//456 457//457
f 457//457 456//456 458//458
f 457//457 458//458 459//459
f 460//460 461//461 462//462
f 462//462 461//461 463//463
f 462//462 463//463 458//458
f 458//458 463//463 464//464
f 458//458 464//464 459//459
f 465//465 466//466 460//460
f 460//460 466//466 467//467
f 460//460 467//467 461//461
f 445//445 444//444 468//468
f 444//444 469//469 468//468
f 468//468 469//469 470//470
f 468//468 470//470 465//465
f 465//465 470//470 471//471
f 465//465 471//471 466//466
f 472//472 473//473 474//474
f 474//474 473//473 475//475
f 474//474 475//475 476//476
f 476//476 475//475 477//477
f 476//476 477//477 478//478
f 478//478 477//477 479//479
f 478//478 479//479 445//445
f 445//445 479//479 480//480
f 445//445 480//480 443//443
f 442//442 441//441 481//481
f 441//441 482//482 481//481
f 481//481 482//482 483//483
f 481//481 483//483 474//474
f 474//474 483//483 484//484
f 474//474 484//484 472//472
f 485//485 486//486 487//487
f 487//487 486//486 488//488
f 487//487 488//488 489//489
f 489//489 488//488 490//490
f 489//489 490//490 442//442
f 442//442 490//490 491//491
f 442//442 491//491 440//440
f 487//487 492//492 485//485
f 485//485 492//492 493//493
f 485//485 493//493 494//494
f 494//494 493//493 495//495
f 496//496 497//497 498//498
f 498//498 499//499 496//496
f 496//496 499//499 500//500
f 496//496 500//500 493//493
f 493//493 500//500 501//501
f 493//493 501//501 495//495
f 497//497 496//496 502//502
f 502//502 496//496 503//503
f 502//502 503//503 504//504
f 504//504 503//503 505//505
f 504//504 505//505 506//506
f 507//507 508//508 509//509
f 509//509 508//508 510//510
f 511//511 512//512 513//513
f 513//513 512//512 514//514
f 515//515 516//516 517//517
f 518//518 515//515 507//507
f 507//507 515//515 517//517
f 507//507 517//517 508//508
f 508//508 517//517 519//519
f 508//508 519//519 510//510
f 510//510 519//519 511//511
f 510//510 511//511 520//520
f 520//520 511//511 513//513
f 521//521 522//522 523//523
f 524//524 525//525 526//526
f 526//526 525//525 527//527
f 526//526 527//527 528//528
f 529//529 530//530 531//531
f 531//531 530//530 532//532
f 531//531 532//532 533//533
f 533//533 532//532 534//534
f 533//533 534//534 535//535
f 536//536 537//537 538//538
f 538//538 537//537 539//539
f 538//538 539//539 540//540
f 540//540 539//539 541//541
f 540//540 541//541 542//542
f 542//542 541//541 543//543
f 542//542 543//543 535//535
f 544//544 530//530 545//545
f 545//545 530//530 529//529
f 545//545 529//529 546//546
f 544//544 547//547 530//530
f 530//530 547//547 548//548
f 530//530 548//548 532//532
f 532//532 548//548 549//549
f 532//532 549//549 534//534
f 534//534 549//549 550//550
f 542//542 527//527 540//540
f 540//540 527//527 525//525
f 540//540 525//525 538//538
f 538//538 525//525 524//524
f 538//538 524//524 536//536
f 536//536 524//524 521//521
f 536//536 521//521 537//537
f 537//537 521//521 523//523
f 535//535 534//534 542//542
f 542//542 534//534 550//550
f 542//542 550//550 527//527
f 527//527 550//550 551//551
f 527//527 551//551 528//528
f 544//544 552//552 547//547
f 547//547 552//552 553//553
f 547//547 553//553 548//548
f 548//548 553//553 554//554
f 548//548 554//554 549//549
f 549//549 554//554 555//555
f 549//549 555//555 550//550
f 550//550 555//555 556//556
f 550//550 556//556 551//551
f 514//514 512//512 557//557
f 558//558 559//559 560//560
f 561//561 562//562 563//563
f 564//564 565//565 566//566
f 567//567 568//568 569//569
f 570//570 571//571 572//572
f 573//573 574//574 575//575
f 576//576 577//577 578//578
f 579//579 580//580 581//581
f 582//582 583//583 584//584
f 585//585 586//586 587//587
f 588//588 526//526 528//528
f 589//589 590//590 591//591
f 35//35 592//592 33//33
f 44//44 45//45 593//593
f 593//593 594//594 595//595
f 39//39 41//41 596//596
f 596//596 41//41 43//43
f 596//596 43//43 597//597
f 592//592 35//35 598//598
f 599//599 600//600 572//572
f 600//600 601//601 572//572
f 572//572 601//601 602//602
f 572//572 602//602 603//603
f 604//604 605//605 571//571
f 571//571 605//605 606//606
f 571//571 606//606 572//572
f 572//572 606//606 607//607
f 572//572 607//607 599//599
f 559//559 608//608 609//609
f 610//610 611//611 558//558
f 558//558 611//611 612//612
f 558//558 612//612 613//613
f 613//613 614//614 558//558
f 558//558 614//614 615//615
f 558//558 615//615 559//559
f 559//559 615//615 616//616
f 559//559 616//616 608//608
f 617//617 618//618 619//619
f 619//619 618//618 620//620
f 619//619 620//620 621//621
f 617//617 619//619 622//622
f 622//622 619//619 621//621
f 622//622 621//621 623//623
f 624//624 554//554 585//585
f 585//585 554//554 553//553
f 585//585 553//553 586//586
f 586//586 553//553 552//552
f 624//624 625//625 554//554
f 554//554 625//625 626//626
f 554//554 626//626 555//555
f 626//626 627//627 555//555
f 555//555 627//627 628//628
f 555//555 628//628 556//556
f 628//628 629//629 556//556
f 556//556 629//629 630//630
f 556//556 630//630 551//551
f 551//551 630//630 631//631
f 551//551 631//631 528//528
f 528//528 631//631 632//632
f 528//528 632//632 588//588
f 582//582 584//584 633//633
f 633//633 584//584 634//634
f 634//634 584//584 635//635
f 634//634 635//635 636//636
f 636//636 635//635 637//637
f 636//636 637//637 638//638
f 638//638 637//637 639//639
f 638//638 639//639 640//640
f 641//641 642//642 643//643
f 642//642 644//644 643//643
f 643//643 644//644 645//645
f 643//643 645//645 639//639
f 639//639 645//645 646//646
f 639//639 646//646 640//640
f 647//647 648//648 649//649
f 649//649 648//648 650//650
f 649//649 650//650 581//581
f 651//651 652//652 653//653
f 653//653 652//652 654//654
f 655//655 656//656 657//657
f 657//657 656//656 658//658
f 656//656 659//659 658//658
f 658//658 659//659 660//660
f 658//658 660//660 654//654
f 654//654 660//660 661//661
f 654//654 661//661 653//653
f 662//662 663//663 664//664
f 664//664 663//663 665//665
f 664//664 665//665 666//666
f 666//666 665//665 667//667
f 666//666 667//667 657//657
f 657//657 667//667 668//668
f 657//657 668//668 655//655
f 507//507 669//669 518//518
f 518//518 669//669 670//670
f 518//518 670//670 671//671
f 507//507 509//509 669//669
f 669//669 509//509 672//672
f 669//669 672//672 673//673
f 673//673 674//674 669//669
f 669//669 674//674 675//675
f 669//669 675//675 670//670
f 670//670 662//662 671//671
f 671//671 662//662 664//664
f 671//671 664//664 676//676
f 676//676 664//664 677//677
f 678//678 679//679 680//680
f 681//681 682//682 683//683
f 684//684 682//682 685//685
f 685//685 682//682 681//681
f 685//685 681//681 686//686
f 686//686 681//681 687//687
f 686//686 687//687 688//688
f 689//689 690//690 691//691
f 691//691 690//690 692//692
f 691//691 692//692 693//693
f 693//693 692//692 694//694
f 693//693 694//694 695//695
f 696//696 697//697 698//698
f 699//699 700//700 701//701
f 701//701 700//700 702//702
f 574//574 703//703 575//575
f 575//575 703//703 704//704
f 575//575 704//704 705//705
f 705//705 704//704 706//706
f 707//707 604//604 708//708
f 708//708 604//604 571//571
f 708//708 571//571 709//709
f 709//709 571//571 570//570
f 710//710 560//560 709//709
f 709//709 560//560 559//559
f 709//709 559//559 708//708
f 708//708 559//559 609//609
f 708//708 609//609 707//707
f 711//711 712//712 713//713
f 569//569 714//714 567//567
f 567//567 714//714 715//715
f 567//567 715//715 716//716
f 716//716 715//715 717//717
f 718//718 717//717 719//719
f 719//719 717//717 715//715
f 719//719 715//715 720//720
f 720//720 715//715 714//714
f 721//721 565//565 722//722
f 722//722 565//565 564//564
f 722//722 564//564 563//563
f 568//568 711//711 569//569
f 569//569 711//711 713//713
f 569//569 713//713 714//714
f 714//714 713//713 723//723
f 714//714 723//723 720//720
f 720//720 723//723 724//724
f 720//720 724//724 719//719
f 719//719 724//724 725//725
f 719//719 725//725 718//718
f 726//726 727//727 728//728
f 728//728 727//727 729//729
f 728//728 729//729 603//603
f 603//603 729//729 712//712
f 603//603 712//712 572//572
f 572//572 712//712 711//711
f 572//572 711//711 570//570
f 570//570 711//711 568//568
f 570//570 568//568 709//709
f 709//709 568//568 567//567
f 709//709 567//567 710//710
f 710//710 567//567 716//716
f 710//710 716//716 730//730
f 730//730 716//716 717//717
f 730//730 717//717 731//731
f 731//731 717//717 718//718
f 43//43 44//44 597//597
f 597//597 44//44 732//732
f 597//597 732//732 733//733
f 35//35 37//37 598//598
f 598//598 37//37 39//39
f 598//598 39//39 734//734
f 734//734 39//39 596//596
f 734//734 596//596 735//735
f 735//735 596//596 597//597
f 735//735 597//597 736//736
f 736//736 597//597 733//733
f 736//736 733//733 737//737
f 595//595 738//738 739//739
f 563//563 562//562 722//722
f 722//722 562//562 740//740
f 722//722 740//740 721//721
f 741//741 742//742 743//743
f 743//743 742//742 744//744
f 741//741 743//743 745//745
f 745//745 743//743 746//746
f 745//745 746//746 747//747
f 748//748 749//749 750//750
f 751//751 752//752 753//753
f 753//753 752//752 754//754
f 753//753 754//754 755//755
f 755//755 754//754 756//756
f 755//755 756//756 696//696
f 696//696 756//756 757//757
f 696//696 757//757 697//697
f 751//751 750//750 752//752
f 752//752 750//750 749//749
f 752//752 749//749 754//754
f 754//754 749//749 758//758
f 754//754 758//758 756//756
f 756//756 758//758 759//759
f 756//756 759//759 757//757
f 577//577 678//678 578//578
f 578//578 678//678 680//680
f 578//578 680//680 760//760
f 760//760 680//680 761//761
f 760//760 761//761 762//762
f 762//762 761//761 763//763
f 683//683 764//764 681//681
f 681//681 764//764 576//576
f 681//681 576//576 687//687
f 687//687 576//576 578//578
f 687//687 578//578 765//765
f 765//765 578//578 760//760
f 765//765 760//760 766//766
f 766//766 760//760 762//762
f 689//689 688//688 690//690
f 690//690 688//688 687//687
f 690//690 687//687 692//692
f 692//692 687//687 765//765
f 692//692 765//765 694//694
f 694//694 765//765 766//766
f 694//694 766//766 747//747
f 747//747 766//766 762//762
f 747//747 762//762 745//745
f 745//745 762//762 763//763
f 745//745 763//763 741//741
f 698//698 695//695 696//696
f 696//696 695//695 694//694
f 696//696 694//694 755//755
f 755//755 694//694 747//747
f 755//755 747//747 753//753
f 753//753 747//747 746//746
f 753//753 746//746 751//751
f 751//751 746//746 767//767
f 751//751 767//767 750//750
f 750//750 767//767 768//768
f 750//750 768//768 748//748
f 748//748 768//768 769//769
f 748//748 769//769 770//770
f 770//770 769//769 771//771
f 770//770 771//771 772//772
f 44//44 593//593 732//732
f 732//732 593//593 595//595
f 732//732 595//595 733//733
f 733//733 595//595 739//739
f 733//733 739//739 737//737
f 737//737 739//739 773//773
f 737//737 773//773 774//774
f 774//774 773//773 702//702
f 774//774 702//702 775//775
f 775//775 702//702 700//700
f 775//775 700//700 776//776
f 594//594 777//777 595//595
f 595//595 777//777 778//778
f 595//595 778//778 738//738
f 738//738 778//778 573//573
f 738//738 573//573 739//739
f 739//739 573//573 575//575
f 739//739 575//575 773//773
f 773//773 575//575 705//705
f 773//773 705//705 702//702
f 702//702 705//705 706//706
f 702//702 706//706 701//701
f 649//649 779//779 744//744
f 679//679 677//677 680//680
f 680//680 677//677 664//664
f 680//680 664//664 761//761
f 761//761 664//664 666//666
f 761//761 666//666 763//763
f 763//763 666//666 657//657
f 763//763 657//657 741//741
f 741//741 657//657 658//658
f 741//741 658//658 742//742
f 742//742 658//658 654//654
f 742//742 654//654 744//744
f 744//744 654//654 652//652
f 744//744 652//652 649//649
f 649//649 652//652 651//651
f 649//649 651//651 647//647
f 618//618 610//610 620//620
f 620//620 610//610 558//558
f 620//620 558//558 780//780
f 780//780 558//558 560//560
f 780//780 560//560 566//566
f 566//566 560//560 710//710
f 566//566 710//710 564//564
f 564//564 710//710 730//730
f 564//564 730//730 563//563
f 563//563 730//730 731//731
f 563//563 731//731 561//561
f 561//561 731//731 718//718
f 561//561 718//718 781//781
f 781//781 718//718 725//725
f 650//650 782//782 581//581
f 581//581 782//782 641//641
f 581//581 641//641 579//579
f 579//579 641//641 643//643
f 579//579 643//643 580//580
f 779//779 649//649 783//783
f 783//783 649//649 581//581
f 783//783 581//581 784//784
f 784//784 581//581 580//580
f 784//784 580//580 785//785
f 785//785 580//580 643//643
f 785//785 643//643 786//786
f 786//786 643//643 639//639
f 786//786 639//639 591//591
f 591//591 639//639 637//637
f 591//591 637//637 589//589
f 589//589 637//637 635//635
f 589//589 635//635 787//787
f 787//787 635//635 584//584
f 787//787 584//584 552//552
f 552//552 584//584 583//583
f 552//552 583//583 586//586
f 586//586 583//583 788//788
f 586//586 788//788 587//587
f 699//699 789//789 700//700
f 700//700 789//789 759//759
f 700//700 759//759 776//776
f 776//776 759//759 758//758
f 776//776 758//758 775//775
f 775//775 758//758 749//749
f 775//775 749//749 774//774
f 774//774 749//749 748//748
f 774//774 748//748 737//737
f 737//737 748//748 770//770
f 737//737 770//770 736//736
f 736//736 770//770 772//772
f 736//736 772//772 735//735
f 735//735 772//772 790//790
f 735//735 790//790 734//734
f 734//734 790//790 791//791
f 734//734 791//791 598//598
f 598//598 791//791 792//792
f 598//598 792//792 592//592
f 592//592 792//792 793//793
f 592//592 793//793 33//33
f 33//33 793//793 794//794
f 33//33 794//794 726//726
f 726//726 794//794 793//793
f 726//726 793//793 727//727
f 727//727 793//793 792//792
f 727//727 792//792 729//729
f 729//729 792//792 791//791
f 729//729 791//791 712//712
f 712//712 791//791 790//790
f 712//712 790//790 713//713
f 713//713 790//790 772//772
f 713//713 772//772 723//723
f 723//723 772//772 771//771
f 723//723 771//771 724//724
f 724//724 771//771 769//769
f 724//724 769//769 725//725
f 725//725 769//769 768//768
f 725//725 768//768 781//781
f 781//781 768//768 767//767
f 781//781 767//767 561//561
f 561//561 767//767 746//746
f 561//561 746//746 562//562
f 562//562 746//746 743//743
f 562//562 743//743 740//740
f 740//740 743//743 744//744
f 740//740 744//744 721//721
f 721//721 744//744 779//779
f 721//721 779//779 565//565
f 565//565 779//779 783//783
f 565//565 783//783 566//566
f 566//566 783//783 784//784
f 566//566 784//784 780//780
f 780//780 784//784 785//785
f 780//780 785//785 620//620
f 620//620 785//785 786//786
f 620//620 786//786 621//621
f 621//621 786//786 591//591
f 621//621 591//591 623//623
f 623//623 591//591 590//590
f 795//795 796//796 797//797
f 797//797 796//796 437//437
f 797//797 437//437 798//798
f 798//798 437//437 439//439
f 799//799 800//800 801//801
f 801//801 800//800 802//802
f 801//801 802//802 505//505
f 505//505 802//802 803//803
f 505//505 803//803 506//506
f 797//797 804//804 795//795
f 795//795 804//804 557//557
f 795//795 557//557 512//512
f 800//800 523//523 805//805
f 800//800 805//805 802//802
f 802//802 805//805 806//806
f 802//802 806//806 807//807
f 808//808 809//809 810//810
f 810//810 809//809 811//811
f 810//810 811//811 812//812
f 811//811 813//813 812//812
f 812//812 813//813 814//814
f 812//812 814//814 815//815
f 815//815 814//814 816//816
f 816//816 814//814 817//817
f 816//816 817//817 818//818
f 818//818 817//817 819//819
f 818//818 819//819 820//820
f 820//820 819//819 821//821
f 820//820 821//821 822//822
f 822//822 821//821 823//823
f 822//822 823//823 824//824
f 824//824 823//823 825//825
f 824//824 825//825 826//826
f 826//826 825//825 827//827
f 826//826 827//827 828//828
f 827//827 829//829 828//828
f 828//828 829//829 830//830
f 828//828 830//830 831//831
f 831//831 830//830 832//832
f 831//831 832//832 833//833
f 833//833 832//832 834//834
f 833//833 834//834 835//835
f 835//835 834//834 836//836
f 835//835 836//836 837//837
f 837//837 836//836 838//838
f 837//837 838//838 839//839
f 839//839 838//838 840//840
f 839//839 840//840 841//841
f 841//841 840//840 842//842
f 841//841 842//842 843//843
f 843//843 842//842 844//844
f 843//843 844//844 845//845
f 845//845 844//844 846//846
f 845//845 846//846 847//847
f 846//846 848//848 847//847
f 847//847 848//848 849//849
f 847//847 849//849 850//850
f 850//850 849//849 851//851
f 851//851 849//849 852//852
f 851//851 852//852 853//853
f 852//852 854//854 853//853
f 853//853 854//854 855//855
f 853//853 855//855 856//856
f 856//856 855//855 857//857
f 856//856 857//857 858//858
f 858//858 857//857 859//859
f 858//858 859//859 860//860
f 860//860 859//859 861//861
f 860//860 861//861 862//862
f 862//862 861//861 863//863
f 862//862 863//863 864//864
f 864//864 863//863 865//865
f 864//864 865//865 866//866
f 866//866 865//865 867//867
f 866//866 867//867 868//868
f 868//868 867//867 869//869
f 868//868 869//869 870//870
f 870//870 869//869 871//871
f 870//870 871//871 872//872
f 872//872 871//871 873//873
f 872//872 873//873 874//874
f 874//874 873//873 875//875
f 874//874 875//875 876//876
f 876//876 875//875 877//877
f 876//876 877//877 878//878
f 878//878 877//877 879//879
f 878//878 879//879 880//880
f 880//880 879//879 881//881
f 880//880 881//881 882//882
f 881//881 883//883 882//882
f 882//882 883//883 884//884
f 882//882 884//884 885//885
f 886//886 887//887 888//888
f 888//888 887//887 889//889
f 888//888 889//889 890//890
f 890//890 889//889 885//885
f 890//890 885//885 884//884
f 891//891 892//892 893//893
f 891//891 893//893 894//894
f 888//888 895//895 886//886
f 886//886 895//895 896//896
f 886//886 896//896 897//897
f 897//897 896//896 894//894
f 897//897 894//894 893//893
f 892//892 898//898 893//893
f 893//893 898//898 899//899
f 893//893 899//899 900//900
f 899//899 901//901 900//900
f 900//900 901//901 902//902
f 900//900 902//902 903//903
f 903//903 902//902 904//904
f 903//903 904//904 905//905
f 905//905 904//904 906//906
f 905//905 906//906 907//907
f 907//907 906//906 908//908
f 907//907 908//908 909//909
f 909//909 908//908 910//910
f 909//909 910//910 911//911
f 911//911 910//910 912//912
f 911//911 912//912 913//913
f 913//913 912//912 914//914
f 914//914 912//912 915//915
f 914//914 915//915 916//916
f 916//916 915//915 917//917
f 916//916 917//917 918//918
f 918//918 917//917 919//919
f 919//919 917//917 920//920
f 919//919 920//920 921//921
f 920//920 922//922 921//921
f 921//921 922//922 923//923
f 921//921 923//923 924//924
f 924//924 923//923 925//925
f 924//924 925//925 926//926
f 926//926 925//925 927//927
f 926//926 927//927 928//928
f 928//928 927//927 929//929
f 929//929 927//927 930//930
f 929//929 930//930 931//931
f 931//931 930//930 932//932
f 931//931 932//932 933//933
f 933//933 932//932 934//934
f 934//934 932//932 935//935
f 934//934 935//935 936//936
f 935//935 937//937 936//936
f 936//936 937//937 938//938
f 936//936 938//938 939//939
f 939//939 938//938 940//940
f 939//939 940//940 941//941
f 941//941 940//940 942//942
f 941//941 942//942 943//943
f 943//943 942//942 944//944
f 943//943 944//944 945//945
f 945//945 944//944 946//946
f 945//945 946//946 947//947
f 947//947 946//946 948//948
f 947//947 948//948 949//949
f 949//949 948//948 950//950
f 949//949 950//950 808//808
f 808//808 950//950 809//809
f 951//951 952//952 953//953
f 954//954 951//951 953//953
f 955//955 954//954 953//953
f 956//956 957//957 953//953
f 958//958 956//956 953//953
f 959//959 958//958 953//953
f 960//960 959//959 953//953
f 961//961 960//960 953//953
f 962//962 876//876 963//963
f 963//963 876//876 878//878
f 963//963 878//878 964//964
f 964//964 878//878 880//880
f 964//964 880//880 965//965
f 965//965 880//880 882//882
f 965//965 882//882 885//885
f 966//966 870//870 967//967
f 967//967 870//870 872//872
f 967//967 872//872 962//962
f 962//962 872//872 874//874
f 962//962 874//874 876//876
f 968//968 866//866 966//966
f 966//966 866//866 868//868
f 966//966 868//868 870//870
f 969//969 862//862 968//968
f 968//968 862//862 864//864
f 968//968 864//864 866//866
f 970//970 850//850 971//971
f 971//971 850//850 851//851
f 971//971 851//851 972//972
f 972//972 851//851 853//853
f 972//972 853//853 973//973
f 973//973 853//853 856//856
f 973//973 856//856 974//974
f 974//974 856//856 858//858
f 974//974 858//858 969//969
f 969//969 858//858 860//860
f 969//969 860//860 862//862
f 975//975 843//843 976//976
f 976//976 843//843 845//845
f 976//976 845//845 970//970
f 970//970 845//845 847//847
f 970//970 847//847 850//850
f 977//977 839//839 975//975
f 975//975 839//839 841//841
f 975//975 841//841 843//843
f 978//978 833//833 979//979
f 979//979 833//833 835//835
f 979//979 835//835 977//977
f 977//977 835//835 837//837
f 977//977 837//837 839//839
f 980//980 828//828 978//978
f 978//978 828//828 831//831
f 978//978 831//831 833//833
f 816//816 818//818 980//980
f 980//980 818//818 820//820
f 980//980 820//820 822//822
f 822//822 824//824 980//980
f 980//980 824//824 826//826
f 980//980 826//826 828//828
f 816//816 980//980 815//815
f 815//815 980//980 981//981
f 815//815 981//981 812//812
f 812//812 981//981 982//982
f 812//812 982//982 810//810
f 983//983 984//984 985//985
f 953//953 986//986 987//987
f 988//988 989//989 987//987
f 987//987 989//989 953//953
f 990//990 986//986 953//953
f 983//983 961//961 953//953
f 984//984 983//983 953//953
f 953//953 991//991 992//992
f 993//993 991//991 953//953
f 957//957 993//993 953//953
f 953//953 994//994 995//995
f 996//996 953//953 995//995
f 992//992 994//994 953//953
f 996//996 955//955 953//953
f 952//952 990//990 953//953
f 808//808 810//810 985//985
f 985//985 810//810 982//982
f 985//985 982//982 983//983
f 983//983 982//982 981//981
f 983//983 981//981 961//961
f 961//961 981//981 980//980
f 961//961 980//980 960//960
f 960//960 980//980 978//978
f 960//960 978//978 959//959
f 959//959 978//978 979//979
f 959//959 979//979 958//958
f 958//958 979//979 977//977
f 958//958 977//977 956//956
f 956//956 977//977 975//975
f 956//956 975//975 957//957
f 957//957 975//975 976//976
f 957//957 976//976 993//993
f 993//993 976//976 970//970
f 993//993 970//970 991//991
f 991//991 970//970 971//971
f 991//991 971//971 992//992
f 992//992 971//971 972//972
f 992//992 972//972 994//994
f 994//994 972//972 973//973
f 994//994 973//973 995//995
f 995//995 973//973 974//974
f 995//995 974//974 996//996
f 996//996 974//974 969//969
f 996//996 969//969 955//955
f 955//955 969//969 968//968
f 955//955 968//968 954//954
f 954//954 968//968 966//966
f 954//954 966//966 951//951
f 951//951 966//966 967//967
f 951//951 967//967 952//952
f 952//952 967//967 962//962
f 952//952 962//962 990//990
f 990//990 962//962 963//963
f 990//990 963//963 986//986
f 986//986 963//963 964//964
f 986//986 964//964 987//987
f 987//987 964//964 965//965
f 987//987 965//965 988//988
f 997//997 998//998 953//953
f 997//997 953//953 999//999
f 1000//1000 999//999 953//953
f 1001//1001 1000//1000 953//953
f 1002//1002 1001//1001 953//953
f 1003//1003 1002//1002 953//953
f 1004//1004 1003//1003 953//953
f 1005//1005 1004//1004 953//953
f 1006//1006 1005//1005 953//953
f 1007//1007 1006//1006 953//953
f 1008//1008 1007//1007 953//953
f 1009//1009 1008//1008 953//953
f 1010//1010 1009//1009 953//953
f 1011//1011 1010//1010 953//953
f 1012//1012 1011//1011 953//953
f 1013//1013 1012//1012 953//953
f 949//949 1014//1014 947//947
f 947//947 1014//1014 1015//1015
f 947//947 1015//1015 945//945
f 945//945 1015//1015 1016//1016
f 945//945 1016//1016 943//943
f 943//943 1016//1016 941//941
f 941//941 1016//1016 1017//1017
f 941//941 1017//1017 939//939
f 939//939 1017//1017 936//936
f 936//936 1017//1017 1018//1018
f 936//936 1018//1018 934//934
f 934//934 1018//1018 933//933
f 933//933 1018//1018 1019//1019
f 933//933 1019//1019 931//931
f 931//931 1019//1019 929//929
f 929//929 1019//1019 1020//1020
f 929//929 1020//1020 928//928
f 928//928 1020//1020 926//926
f 926//926 1020//1020 1021//1021
f 926//926 1021//1021 924//924
f 924//924 1021//1021 921//921
f 921//921 1021//1021 1022//1022
f 921//921 1022//1022 919//919
f 919//919 1022//1022 918//918
f 918//918 1022//1022 1023//1023
f 918//918 1023//1023 916//916
f 1024//1024 913//913 1023//1023
f 1023//1023 913//913 914//914
f 1023//1023 914//914 916//916
f 1025//1025 905//905 1026//1026
f 1026//1026 905//905 907//907
f 1026//1026 907//907 1027//1027
f 1027//1027 907//907 909//909
f 1027//1027 909//909 1024//1024
f 1024//1024 909//909 911//911
f 1024//1024 911//911 913//913
f 1028//1028 900//900 1025//1025
f 1025//1025 900//900 903//903
f 1025//1025 903//903 905//905
f 889//889 887//887 1029//1029
f 1029//1029 887//887 886//886
f 1029//1029 886//886 1030//1030
f 1030//1030 886//886 897//897
f 1030//1030 897//897 1028//1028
f 1028//1028 897//897 893//893
f 1028//1028 893//893 900//900
f 949//949 808//808 1014//1014
f 1014//1014 808//808 985//985
f 1014//1014 985//985 984//984
f 953//953 989//989 1013//1013
f 1013//1013 989//989 988//988
f 1013//1013 988//988 965//965
f 885//885 889//889 965//965
f 965//965 889//889 1029//1029
f 965//965 1029//1029 1013//1013
f 1013//1013 1029//1029 1030//1030
f 1013//1013 1030//1030 1012//1012
f 1012//1012 1030//1030 1028//1028
f 1012//1012 1028//1028 1011//1011
f 1011//1011 1028//1028 1025//1025
f 1011//1011 1025//1025 1010//1010
f 1010//1010 1025//1025 1026//1026
f 1010//1010 1026//1026 1009//1009
f 1009//1009 1026//1026 1027//1027
f 1009//1009 1027//1027 1008//1008
f 1008//1008 1027//1027 1024//1024
f 1008//1008 1024//1024 1007//1007
f 1007//1007 1024//1024 1023//1023
f 1007//1007 1023//1023 1006//1006
f 1006//1006 1023//1023 1022//1022
f 1006//1006 1022//1022 1005//1005
f 1005//1005 1022//1022 1021//1021
f 1005//1005 1021//1021 1004//1004
f 1004//1004 1021//1021 1020//1020
f 1004//1004 1020//1020 1003//1003
f 1003//1003 1020//1020 1019//1019
f 1003//1003 1019//1019 1002//1002
f 1002//1002 1019//1019 1018//1018
f 1002//1002 1018//1018 1001//1001
f 1001//1001 1018//1018 1017//1017
f 1001//1001 1017//1017 1000//1000
f 1000//1000 1017//1017 1016//1016
f 1000//1000 1016//1016 999//999
f 999//999 1016//1016 1015//1015
f 999//999 1015//1015 997//997
f 997//997 1015//1015 1014//1014
f 997//997 1014//1014 998//998
f 998//998 1014//1014 984//984
f 998//998 984//984 953//953
f 17//17 1031//1031 15//15
f 15//15 1031//1031 1032//1032
f 15//15 1032//1032 13//13
f 13//13 1032//1032 1033//1033
f 1034//1034 1035//1035 3//3
f 3//3 1035//1035 5//5
f 5//5 1035//1035 7//7
f 7//7 1035//1035 1036//1036
f 7//7 1036//1036 9//9
f 9//9 1036//1036 11//11
f 11//11 1036//1036 1037//1037
f 11//11 1037//1037 12//12
f 1037//1037 1038//1038 12//12
f 12//12 1038//1038 1031//1031
f 12//12 1031//1031 17//17
f 1039//1039 1040//1040 1041//1041
f 1041//1041 1040//1040 1042//1042
f 1041//1041 1042//1042 1043//1043
f 1043//1043 1042//1042 1044//1044
f 1043//1043 1044//1044 1045//1045
f 1046//1046 1047//1047 1048//1048
f 1049//1049 1050//1050 1051//1051
f 1052//1052 1053//1053 1054//1054
f 1054//1054 1053//1053 1055//1055
f 1054//1054 1055//1055 1056//1056
f 1056//1056 1055//1055 1057//1057
f 1056//1056 1057//1057 1058//1058
f 1051//1051 1050//1050 1054//1054
f 1054//1054 1050//1050 1059//1059
f 1054//1054 1059//1059 1052//1052
f 1060//1060 1061//1061 1051//1051
f 1051//1051 1061//1061 1062//1062
f 1051//1051 1062//1062 1049//1049
f 1046//1046 1063//1063 1060//1060
f 1060//1060 1063//1063 1064//1064
f 1060//1060 1064//1064 1061//1061
f 1048//1048 1047//1047 1065//1065
f 1065//1065 1047//1047 1066//1066
f 1065//1065 1066//1066 1067//1067
f 1068//1068 1069//1069 1066//1066
f 1066//1066 1069//1069 1070//1070
f 1066//1066 1070//1070 1067//1067
f 1071//1071 1072//1072 1073//1073
f 1073//1073 1072//1072 1074//1074
f 1073//1073 1074//1074 1068//1068
f 1068//1068 1074//1074 1075//1075
f 1068//1068 1075//1075 1069//1069
f 1076//1076 1056//1056 1077//1077
f 1077//1077 1056//1056 1058//1058
f 1077//1077 1058//1058 1078//1078
f 1046//1046 1060//1060 1047//1047
f 1047//1047 1060//1060 1051//1051
f 1047//1047 1051//1051 1066//1066
f 1066//1066 1051//1051 1054//1054
f 1066//1066 1054//1054 1068//1068
f 1068//1068 1054//1054 1056//1056
f 1068//1068 1056//1056 1073//1073
f 1073//1073 1056//1056 1076//1076
f 1073//1073 1076//1076 1071//1071
f 1045//1045 1044//1044 1079//1079
f 1079//1079 1044//1044 1080//1080
f 1079//1079 1080//1080 1081//1081
f 1081//1081 1080//1080 1082//1082
f 1081//1081 1082//1082 1083//1083
f 1083//1083 1082//1082 1084//1084
f 1083//1083 1084//1084 1085//1085
f 1085//1085 1084//1084 1086//1086
f 1085//1085 1086//1086 1087//1087
f 1087//1087 1086//1086 1088//1088
f 1087//1087 1088//1088 1089//1089
f 1089//1089 1088//1088 1090//1090
f 1050//1050 1091//1091 1059//1059
f 1059//1059 1091//1091 1092//1092
f 1059//1059 1092//1092 1052//1052
f 1052//1052 1092//1092 1093//1093
f 1052//1052 1093//1093 1053//1053
f 1053//1053 1093//1093 1094//1094
f 1053//1053 1094//1094 1055//1055
f 1055//1055 1094//1094 1095//1095
f 1055//1055 1095//1095 1057//1057
f 1057//1057 1095//1095 1096//1096
f 1057//1057 1096//1096 1058//1058
f 1058//1058 1096//1096 1090//1090
f 1058//1058 1090//1090 1078//1078
f 1078//1078 1090//1090 1088//1088
f 1050//1050 1049//1049 1091//1091
f 1091//1091 1049//1049 1062//1062
f 1091//1091 1062//1062 1097//1097
f 1097//1097 1062//1062 1061//1061
f 1097//1097 1061//1061 1098//1098
f 1098//1098 1061//1061 1064//1064
f 1098//1098 1064//1064 1099//1099
f 1099//1099 1064//1064 1063//1063
f 1099//1099 1063//1063 1100//1100
f 1100//1100 1063//1063 1101//1101
f 1100//1100 1101//1101 1102//1102
f 1102//1102 1101//1101 1103//1103
f 1102//1102 1103//1103 1104//1104
f 1104//1104 1103//1103 1105//1105
f 1104//1104 1105//1105 1106//1106
f 1106//1106 1105//1105 1107//1107
f 1106//1106 1107//1107 1108//1108
f 1108//1108 1107//1107 1109//1109
f 1108//1108 1109//1109 1110//1110
f 1110//1110 1109//1109 1111//1111
f 1110//1110 1111//1111 1112//1112
f 1112//1112 1111//1111 1113//1113
f 1112//1112 1113//1113 1114//1114
f 1113//1113 1115//1115 1114//1114
f 1114//1114 1115//1115 1116//1116
f 1114//1114 1116//1116 1117//1117
f 1117//1117 1116//1116 1118//1118
f 1117//1117 1118//1118 1119//1119
f 1119//1119 1118//1118 1120//1120
f 1119//1119 1120//1120 1121//1121
f 1122//1122 1123//1123 1124//1124
f 1124//1124 1123//1123 1125//1125
f 1121//1121 1120//1120 1126//1126
f 1126//1126 1120//1120 1127//1127
f 1126//1126 1127//1127 1125//1125
f 1125//1125 1127//1127 1128//1128
f 1125//1125 1128//1128 1124//1124
f 1122//1122 1129//1129 1123//1123
f 1123//1123 1129//1129 1130//1130
f 1123//1123 1130//1130 1131//1131
f 1130//1130 1132//1132 1131//1131
f 1131//1131 1132//1132 1133//1133
f 1131//1131 1133//1133 1134//1134
f 1134//1134 1133//1133 1135//1135
f 1134//1134 1135//1135 1136//1136
f 1136//1136 1135//1135 1137//1137
f 1136//1136 1137//1137 1138//1138
f 1138//1138 1137//1137 1139//1139
f 1138//1138 1139//1139 1140//1140
f 1141//1141 1142//1142 1140//1140
f 1140//1140 1142//1142 1143//1143
f 1140//1140 1143//1143 1138//1138
f 1144//1144 1145//1145 1146//1146
f 1144//1144 1146//1146 1147//1147
f 1146//1146 1148//1148 1147//1147
f 1147//1147 1148//1148 1149//1149
f 1147//1147 1149//1149 1150//1150
f 1150//1150 1149//1149 1151//1151
f 1150//1150 1151//1151 1141//1141
f 1141//1141 1151//1151 1152//1152
f 1141//1141 1152//1152 1142//1142
f 46//46 48//48 1153//1153
f 1153//1153 48//48 1154//1154
f 1153//1153 1154//1154 1148//1148
f 1148//1148 1154//1154 1155//1155
f 1148//1148 1155//1155 1149//1149
f 1156//1156 1157//1157 1158//1158
f 1158//1158 1157//1157 1159//1159
f 1159//1159 1157//1157 1160//1160
f 1159//1159 1160//1160 1161//1161
f 1160//1160 1162//1162 1161//1161
f 1161//1161 1162//1162 1163//1163
f 1161//1161 1163//1163 1164//1164
f 1164//1164 1163//1163 1165//1165
f 1164//1164 1165//1165 1166//1166
f 1166//1166 1165//1165 1167//1167
f 1166//1166 1167//1167 1168//1168
f 1168//1168 1167//1167 1169//1169
f 1168//1168 1169//1169 1170//1170
f 1170//1170 1169//1169 1171//1171
f 1170//1170 1171//1171 1172//1172
f 1172//1172 1171//1171 1173//1173
f 1172//1172 1173//1173 1174//1174
f 1174//1174 1173//1173 1175//1175
f 1176//1176 1177//1177 1175//1175
f 1175//1175 1177//1177 1178//1178
f 1175//1175 1178//1178 1174//1174
f 1175//1175 1179//1179 1176//1176
f 1176//1176 1179//1179 1180//1180
f 1176//1176 1180//1180 1181//1181
f 1181//1181 1180//1180 1182//1182
f 1181//1181 1182//1182 1183//1183
f 1183//1183 1182//1182 1184//1184
f 1183//1183 1184//1184 1185//1185
f 1185//1185 1184//1184 1186//1186
f 1185//1185 1186//1186 1187//1187
f 1187//1187 1186//1186 1188//1188
f 1187//1187 1188//1188 1189//1189
f 1189//1189 1188//1188 1190//1190
f 1189//1189 1190//1190 1191//1191
f 1191//1191 1190//1190 1192//1192
f 1191//1191 1192//1192 1193//1193
f 1192//1192 1194//1194 1193//1193
f 1193//1193 1194//1194 1195//1195
f 1193//1193 1195//1195 1196//1196
f 1196//1196 1195//1195 1197//1197
f 1197//1197 1198//1198 1196//1196
f 1196//1196 1198//1198 1199//1199
f 1196//1196 1199//1199 1200//1200
f 1200//1200 1199//1199 1201//1201
f 1200//1200 1201//1201 1202//1202
f 1202//1202 1201//1201 1203//1203
f 1202//1202 1203//1203 1204//1204
f 1204//1204 1203//1203 1205//1205
f 1204//1204 1205//1205 1206//1206
f 1206//1206 1205//1205 1207//1207
f 1208//1208 1209//1209 1207//1207
f 1207//1207 1209//1209 1210//1210
f 1207//1207 1210//1210 1206//1206
f 1211//1211 1212//1212 1213//1213
f 1213//1213 1212//1212 1214//1214
f 1213//1213 1214//1214 1208//1208
f 1208//1208 1214//1214 1215//1215
f 1208//1208 1215//1215 1209//1209
f 1216//1216 1217//1217 1218//1218
f 1218//1218 1217//1217 1219//1219
f 1218//1218 1219//1219 1211//1211
f 1211//1211 1219//1219 1220//1220
f 1211//1211 1220//1220 1212//1212
f 1221//1221 1222//1222 1216//1216
f 1216//1216 1222//1222 1223//1223
f 1216//1216 1223//1223 1217//1217
f 1221//1221 1224//1224 1222//1222
f 1222//1222 1224//1224 1225//1225
f 1222//1222 1225//1225 1226//1226
f 1226//1226 1225//1225 1227//1227
f 1226//1226 1227//1227 1228//1228
f 47//47 46//46 1229//1229
f 1229//1229 46//46 1230//1230
f 1229//1229 1230//1230 1231//1231
f 1231//1231 1230//1230 1232//1232
f 1227//1227 1231//1231 1228//1228
f 1228//1228 1231//1231 1232//1232
f 1228//1228 1232//1232 1233//1233
f 1233//1233 1232//1232 1234//1234
f 1233//1233 1234//1234 1235//1235
f 1158//1158 1236//1236 1156//1156
f 1156//1156 1236//1236 1237//1237
f 1156//1156 1237//1237 1238//1238
f 1238//1238 1237//1237 1239//1239
f 1238//1238 1239//1239 1240//1240
f 1240//1240 1239//1239 1241//1241
f 1240//1240 1241//1241 1242//1242
f 1242//1242 1241//1241 1243//1243
f 1242//1242 1243//1243 1244//1244
f 1040//1040 1039//1039 1245//1245
f 1245//1245 1039//1039 1246//1246
f 1244//1244 1243//1243 1247//1247
f 1247//1247 1243//1243 1248//1248
f 1247//1247 1248//1248 1249//1249
f 1249//1249 1248//1248 1250//1250
f 1249//1249 1250//1250 1246//1246
f 1246//1246 1250//1250 1251//1251
f 1246//1246 1251//1251 1245//1245
f 590//590 589//589 1252//1252
f 1253//1253 615//615 614//614
f 1254//1254 1255//1255 1256//1256
f 1256//1256 1255//1255 1257//1257
f 610//610 618//618 1258//1258
f 1258//1258 618//618 617//617
f 1258//1258 617//617 622//622
f 1253//1253 614//614 1259//1259
f 1259//1259 614//614 613//613
f 1259//1259 613//613 612//612
f 1257//1257 1260//1260 1258//1258
f 1258//1258 1260//1260 1261//1261
f 1258//1258 1261//1261 610//610
f 610//610 1261//1261 1262//1262
f 610//610 1262//1262 611//611
f 611//611 1262//1262 1263//1263
f 611//611 1263//1263 612//612
f 612//612 1263//1263 1264//1264
f 612//612 1264//1264 1259//1259
f 1257//1257 1258//1258 1256//1256
f 1256//1256 1258//1258 622//622
f 1256//1256 622//622 1252//1252
f 1252//1252 622//622 623//623
f 1252//1252 623//623 590//590
f 1265//1265 1266//1266 1267//1267
f 1267//1267 314//314 320//320
f 222//222 1265//1265 322//322
f 322//322 1265//1265 1267//1267
f 322//322 1267//1267 323//323
f 323//323 1267//1267 320//320
f 1268//1268 324//324 1269//1269
f 1269//1269 324//324 220//220
f 1269//1269 220//220 1270//1270
f 1270//1270 220//220 219//219
f 1270//1270 219//219 1271//1271
f 1271//1271 219//219 327//327
f 1271//1271 327//327 1272//1272
f 1272//1272 327//327 326//326
f 1272//1272 326//326 217//217
f 1268//1268 1273//1273 324//324
f 324//324 1273//1273 1265//1265
f 324//324 1265//1265 224//224
f 224//224 1265//1265 222//222
f 1273//1273 1274//1274 1265//1265
f 1265//1265 1274//1274 1275//1275
f 1265//1265 1275//1275 1266//1266
f 1266//1266 1275//1275 1276//1276
f 1266//1266 1276//1276 1277//1277
f 1278//1278 1279//1279 339//339
f 339//339 1279//1279 1280//1280
f 339//339 1280//1280 1281//1281
f 1282//1282 214//214 1283//1283
f 1283//1283 214//214 213//213
f 1283//1283 213//213 1281//1281
f 1281//1281 213//213 337//337
f 1281//1281 337//337 339//339
f 728//728 603//603 1284//1284
f 339//339 34//34 1278//1278
f 1278//1278 34//34 33//33
f 1278//1278 33//33 1285//1285
f 1285//1285 33//33 726//726
f 1285//1285 726//726 1286//1286
f 1286//1286 726//726 728//728
f 1286//1286 728//728 1287//1287
f 1287//1287 728//728 1284//1284
f 1284//1284 1288//1288 1289//1289
f 1285//1285 1286//1286 1289//1289
f 1289//1289 1286//1286 1287//1287
f 1289//1289 1287//1287 1284//1284
f 1289//1289 1290//1290 1285//1285
f 1285//1285 1290//1290 1291//1291
f 1285//1285 1291//1291 1278//1278
f 1292//1292 1041//1041 1043//1043
f 1136//1136 1293//1293 1294//1294
f 1126//1126 1125//1125 1295//1295
f 1095//1095 1094//1094 1296//1296
f 1296//1296 1094//1094 1093//1093
f 1081//1081 1297//1297 1079//1079
f 1079//1079 1297//1297 1292//1292
f 1079//1079 1292//1292 1045//1045
f 1045//1045 1292//1292 1043//1043
f 1152//1152 1151//1151 1298//1298
f 1298//1298 1151//1151 1149//1149
f 48//48 1299//1299 1154//1154
f 1154//1154 1299//1299 1298//1298
f 1154//1154 1298//1298 1155//1155
f 1155//1155 1298//1298 1149//1149
f 1087//1087 1300//1300 1085//1085
f 1085//1085 1300//1300 1297//1297
f 1085//1085 1297//1297 1083//1083
f 1083//1083 1297//1297 1081//1081
f 1136//1136 1138//1138 1293//1293
f 1293//1293 1138//1138 1143//1143
f 1293//1293 1143//1143 1298//1298
f 1298//1298 1143//1143 1142//1142
f 1298//1298 1142//1142 1152//1152
f 1112//1112 1114//1114 1301//1301
f 1301//1301 1114//1114 1302//1302
f 1106//1106 1108//1108 1301//1301
f 1301//1301 1108//1108 1110//1110
f 1301//1301 1110//1110 1112//1112
f 1097//1097 1303//1303 1091//1091
f 1091//1091 1303//1303 1296//1296
f 1091//1091 1296//1296 1092//1092
f 1092//1092 1296//1296 1093//1093
f 1087//1087 1089//1089 1300//1300
f 1300//1300 1089//1089 1090//1090
f 1300//1300 1090//1090 1296//1296
f 1296//1296 1090//1090 1096//1096
f 1296//1296 1096//1096 1095//1095
f 1125//1125 1123//1123 1295//1295
f 1295//1295 1123//1123 1131//1131
f 1295//1295 1131//1131 1294//1294
f 1294//1294 1131//1131 1134//1134
f 1294//1294 1134//1134 1136//1136
f 1106//1106 1301//1301 1104//1104
f 1104//1104 1301//1301 1304//1304
f 1104//1104 1304//1304 1102//1102
f 1097//1097 1098//1098 1303//1303
f 1303//1303 1098//1098 1099//1099
f 1303//1303 1099//1099 1304//1304
f 1304//1304 1099//1099 1100//1100
f 1304//1304 1100//1100 1102//1102
f 1114//1114 1117//1117 1302//1302
f 1302//1302 1117//1117 1119//1119
f 1302//1302 1119//1119 1295//1295
f 1295//1295 1119//1119 1121//1121
f 1295//1295 1121//1121 1126//1126
f 1288//1288 1305//1305 1289//1289
f 1289//1289 1305//1305 1306//1306
f 1289//1289 1306//1306 1290//1290
f 1290//1290 1306//1306 1307//1307
f 1290//1290 1307//1307 1291//1291
f 1291//1291 1307//1307 1308//1308
f 1309//1309 1310//1310 1311//1311
f 1312//1312 1313//1313 1314//1314
f 1315//1315 1316//1316 1317//1317
f 1317//1317 1316//1316 1318//1318
f 1317//1317 1318//1318 1319//1319
f 1318//1318 1320//1320 1319//1319
f 1319//1319 1320//1320 1321//1321
f 1319//1319 1321//1321 1322//1322
f 1322//1322 1321//1321 1323//1323
f 1322//1322 1323//1323 1324//1324
f 1323//1323 1325//1325 1324//1324
f 1324//1324 1325//1325 1326//1326
f 1324//1324 1326//1326 1327//1327
f 1326//1326 1328//1328 1327//1327
f 1327//1327 1328//1328 1329//1329
f 1327//1327 1329//1329 1330//1330
f 1330//1330 1329//1329 1331//1331
f 1330//1330 1331//1331 1332//1332
f 1332//1332 1331//1331 1333//1333
f 1333//1333 1331//1331 1334//1334
f 1333//1333 1334//1334 1335//1335
f 1334//1334 1336//1336 1335//1335
f 1335//1335 1336//1336 1337//1337
f 1335//1335 1337//1337 1312//1312
f 1312//1312 1337//1337 1338//1338
f 1312//1312 1338//1338 1313//1313
f 1339//1339 1340//1340 1341//1341
f 1341//1341 1340//1340 1342//1342
f 1341//1341 1342//1342 1343//1343
f 1343//1343 1342//1342 1344//1344
f 1343//1343 1344//1344 1345//1345
f 1345//1345 1344//1344 1346//1346
f 1345//1345 1346//1346 1314//1314
f 1314//1314 1346//1346 1347//1347
f 1314//1314 1347//1347 1312//1312
f 1341//1341 1348//1348 1339//1339
f 1339//1339 1348//1348 1349//1349
f 1339//1339 1349//1349 1350//1350
f 1350//1350 1349//1349 1351//1351
f 1350//1350 1351//1351 1352//1352
f 1352//1352 1351//1351 1353//1353
f 1311//1311 1354//1354 1309//1309
f 1309//1309 1354//1354 1355//1355
f 1309//1309 1355//1355 1353//1353
f 1353//1353 1355//1355 1356//1356
f 1353//1353 1356//1356 1352//1352
f 1310//1310 1357//1357 1311//1311
f 1311//1311 1357//1357 1358//1358
f 1311//1311 1358//1358 1359//1359
f 1359//1359 1358//1358 1360//1360
f 1359//1359 1360//1360 1361//1361
f 1361//1361 1360//1360 1362//1362
f 1363//1363 1364//1364 1362//1362
f 1362//1362 1364//1364 1365//1365
f 1362//1362 1365//1365 1361//1361
f 1363//1363 1366//1366 1364//1364
f 1364//1364 1366//1366 1367//1367
f 1364//1364 1367//1367 1368//1368
f 1368//1368 1367//1367 1369//1369
f 1368//1368 1369//1369 1370//1370
f 1370//1370 1369//1369 1371//1371
f 1371//1371 1369//1369 1372//1372
f 1371//1371 1372//1372 1373//1373
f 1372//1372 1374//1374 1373//1373
f 1373//1373 1374//1374 1375//1375
f 1373//1373 1375//1375 1376//1376
f 1376//1376 1375//1375 1377//1377
f 1377//1377 1375//1375 1378//1378
f 1377//1377 1378//1378 1379//1379
f 1379//1379 1378//1378 1380//1380
f 1380//1380 1378//1378 1381//1381
f 1380//1380 1381//1381 1382//1382
f 1382//1382 1381//1381 1383//1383
f 1382//1382 1383//1383 1384//1384
f 1384//1384 1383//1383 1385//1385
f 1384//1384 1385//1385 1386//1386
f 1386//1386 1385//1385 1387//1387
f 1386//1386 1387//1387 1388//1388
f 1389//1389 1390//1390 1391//1391
f 1390//1390 1389//1389 1392//1392
f 1393//1393 1394//1394 1395//1395
f 1395//1395 1394//1394 1396//1396
f 1395//1395 1396//1396 1397//1397
f 1393//1393 1395//1395 1398//1398
f 1398//1398 1395//1395 1399//1399
f 1398//1398 1399//1399 1400//1400
f 1400//1400 1399//1399 1401//1401
f 1400//1400 1401//1401 1402//1402
f 1403//1403 1404//1404 1401//1401
f 1401//1401 1404//1404 1405//1405
f 1401//1401 1405//1405 1402//1402
f 1406//1406 1407//1407 1403//1403
f 1403//1403 1407//1407 1408//1408
f 1403//1403 1408//1408 1404//1404
f 1409//1409 1410//1410 1406//1406
f 1406//1406 1410//1410 1411//1411
f 1406//1406 1411//1411 1407//1407
f 1412//1412 1413//1413 1414//1414
f 1414//1414 1413//1413 1409//1409
f 1414//1414 1409//1409 1415//1415
f 1415//1415 1409//1409 1406//1406
f 1416//1416 1417//1417 1391//1391
f 1391//1391 1417//1417 1418//1418
f 1391//1391 1418//1418 1389//1389
f 1419//1419 1420//1420 1416//1416
f 1416//1416 1420//1420 1421//1421
f 1416//1416 1421//1421 1417//1417
f 1422//1422 1423//1423 1419//1419
f 1419//1419 1423//1423 1424//1424
f 1419//1419 1424//1424 1420//1420
f 1425//1425 1426//1426 1422//1422
f 1422//1422 1426//1426 1427//1427
f 1422//1422 1427//1427 1423//1423
f 1428//1428 1429//1429 1430//1430
f 1431//1431 1432//1432 1429//1429
f 1429//1429 1432//1432 1433//1433
f 1429//1429 1433//1433 1430//1430
f 1430//1430 1433//1433 1434//1434
f 1430//1430 1434//1434 1425//1425
f 1425//1425 1434//1434 1435//1435
f 1425//1425 1435//1435 1426//1426
f 1392//1392 1412//1412 1390//1390
f 1390//1390 1412//1412 1414//1414
f 1390//1390 1414//1414 1391//1391
f 1391//1391 1414//1414 1415//1415
f 1391//1391 1415//1415 1416//1416
f 1416//1416 1415//1415 1406//1406
f 1416//1416 1406//1406 1419//1419
f 1419//1419 1406//1406 1403//1403
f 1419//1419 1403//1403 1422//1422
f 1422//1422 1403//1403 1401//1401
f 1422//1422 1401//1401 1425//1425
f 1425//1425 1401//1401 1399//1399
f 1425//1425 1399//1399 1430//1430
f 1430//1430 1399//1399 1395//1395
f 1430//1430 1395//1395 1428//1428
f 1428//1428 1395//1395 1397//1397
f 1436//1436 1437//1437 1438//1438
f 1438//1438 1437//1437 1439//1439
f 1438//1438 1439//1439 1440//1440
f 1439//1439 1441//1441 1440//1440
f 1440//1440 1441//1441 1442//1442
f 1440//1440 1442//1442 1443//1443
f 1443//1443 1442//1442 1444//1444
f 1443//1443 1444//1444 1445//1445
f 1445//1445 1444//1444 1446//1446
f 1446//1446 1444//1444 1447//1447
f 1446//1446 1447//1447 1448//1448
f 1448//1448 1447//1447 1449//1449
f 1448//1448 1449//1449 1450//1450
f 1450//1450 1449//1449 1451//1451
f 1450//1450 1451//1451 1452//1452
f 1452//1452 1451//1451 1453//1453
f 1452//1452 1453//1453 1454//1454
f 1454//1454 1453//1453 1455//1455
f 1454//1454 1455//1455 1456//1456
f 1456//1456 1455//1455 1457//1457
f 1456//1456 1457//1457 1458//1458
f 1458//1458 1457//1457 800//800
f 1458//1458 800//800 799//799
f 1437//1437 1436//1436 1459//1459
f 1459//1459 1436//1436 1460//1460
f 1459//1459 1460//1460 1461//1461
f 1462//1462 1463//1463 1464//1464
f 1464//1464 1463//1463 1288//1288
f 1464//1464 1288//1288 1284//1284
f 1465//1465 1466//1466 1462//1462
f 1462//1462 1466//1466 1467//1467
f 1462//1462 1467//1467 1463//1463
f 1465//1465 1468//1468 1466//1466
f 1466//1466 1468//1468 1469//1469
f 1466//1466 1469//1469 1470//1470
f 1470//1470 1469//1469 1471//1471
f 1470//1470 1471//1471 1472//1472
f 1472//1472 1471//1471 1473//1473
f 1472//1472 1473//1473 1474//1474
f 1474//1474 1473//1473 1475//1475
f 1476//1476 1459//1459 1461//1461
f 1473//1473 1477//1477 1475//1475
f 1475//1475 1477//1477 1476//1476
f 1475//1475 1476//1476 1478//1478
f 1478//1478 1476//1476 1461//1461
f 1479//1479 1480//1480 1481//1481
f 1481//1481 1480//1480 1482//1482
f 1481//1481 1482//1482 1483//1483
f 1484//1484 1485//1485 1483//1483
f 1483//1483 1485//1485 1486//1486
f 1483//1483 1486//1486 1481//1481
f 1484//1484 1487//1487 1485//1485
f 1485//1485 1487//1487 27//27
f 1485//1485 27//27 1488//1488
f 1489//1489 1480//1480 1479//1479
f 1490//1490 796//796 795//795
f 795//795 1491//1491 1490//1490
f 1490//1490 1491//1491 1492//1492
f 1490//1490 1492//1492 1493//1493
f 1493//1493 1492//1492 1494//1494
f 1493//1493 1494//1494 1495//1495
f 1495//1495 1494//1494 1496//1496
f 1496//1496 1494//1494 1497//1497
f 1496//1496 1497//1497 1498//1498
f 1498//1498 1497//1497 1499//1499
f 1498//1498 1499//1499 1500//1500
f 1500//1500 1499//1499 1501//1501
f 1500//1500 1501//1501 1502//1502
f 1502//1502 1501//1501 1503//1503
f 1503//1503 1501//1501 1504//1504
f 1503//1503 1504//1504 1505//1505
f 1504//1504 1506//1506 1505//1505
f 1505//1505 1506//1506 1507//1507
f 1505//1505 1507//1507 1508//1508
f 1508//1508 1507//1507 1489//1489
f 1508//1508 1489//1489 1509//1509
f 1509//1509 1489//1489 1479//1479
f 1510//1510 1511//1511 1512//1512
f 1510//1510 1512//1512 1513//1513
f 1513//1513 1512//1512 1514//1514
f 1513//1513 1514//1514 1515//1515
f 1516//1516 1517//1517 1512//1512
f 1512//1512 1517//1517 1518//1518
f 1512//1512 1518//1518 1514//1514
f 1512//1512 1519//1519 1516//1516
f 1516//1516 1519//1519 682//682
f 1516//1516 682//682 684//684
f 683//683 682//682 1520//1520
f 1520//1520 682//682 1519//1519
f 1520//1520 1519//1519 1521//1521
f 1521//1521 1519//1519 1512//1512
f 1521//1521 1512//1512 1522//1522
f 1522//1522 1512//1512 1511//1511
f 683//683 1520//1520 764//764
f 764//764 1520//1520 1523//1523
f 764//764 1523//1523 576//576
f 576//576 1523//1523 1524//1524
f 576//576 1524//1524 577//577
f 577//577 1524//1524 1525//1525
f 577//577 1525//1525 678//678
f 1525//1525 1526//1526 678//678
f 678//678 1526//1526 1527//1527
f 678//678 1527//1527 679//679
f 1528//1528 676//676 1529//1529
f 1529//1529 676//676 677//677
f 1529//1529 677//677 1530//1530
f 1530//1530 677//677 679//679
f 1530//1530 679//679 1531//1531
f 1531//1531 679//679 1527//1527
f 516//516 515//515 1532//1532
f 1532//1532 515//515 518//518
f 1532//1532 518//518 1528//1528
f 1528//1528 518//518 671//671
f 1528//1528 671//671 676//676
f 1101//1101 1063//1063 1533//1533
f 1518//1518 1517//1517 1534//1534
f 1534//1534 1535//1535 1109//1109
f 1109//1109 1535//1535 1536//1536
f 1109//1109 1536//1536 1111//1111
f 1534//1534 1517//1517 1535//1535
f 1535//1535 1517//1517 1516//1516
f 1535//1535 1516//1516 684//684
f 1046//1046 1048//1048 1515//1515
f 1518//1518 1534//1534 1514//1514
f 1514//1514 1534//1534 1533//1533
f 1514//1514 1533//1533 1515//1515
f 1515//1515 1533//1533 1063//1063
f 1515//1515 1063//1063 1046//1046
f 1109//1109 1107//1107 1534//1534
f 1534//1534 1107//1107 1105//1105
f 1534//1534 1105//1105 1533//1533
f 1533//1533 1105//1105 1103//1103
f 1533//1533 1103//1103 1101//1101
f 1071//1071 1076//1076 1537//1537
f 1484//1484 1538//1538 1487//1487
f 1487//1487 1538//1538 28//28
f 1487//1487 28//28 27//27
f 1074//1074 1072//1072 1483//1483
f 1483//1483 1072//1072 1071//1071
f 1483//1483 1071//1071 1484//1484
f 1484//1484 1071//1071 1537//1537
f 1484//1484 1537//1537 1538//1538
f 1483//1483 1482//1482 1074//1074
f 1074//1074 1482//1482 1480//1480
f 1074//1074 1480//1480 1075//1075
f 1539//1539 1459//1459 1476//1476
f 1471//1471 1469//1469 1263//1263
f 1462//1462 604//604 1465//1465
f 1465//1465 604//604 707//707
f 1465//1465 707//707 1468//1468
f 1468//1468 707//707 609//609
f 599//599 607//607 1464//1464
f 1464//1464 607//607 606//606
f 1464//1464 606//606 1462//1462
f 1462//1462 606//606 605//605
f 1462//1462 605//605 604//604
f 603//603 602//602 1284//1284
f 1284//1284 602//602 601//601
f 1284//1284 601//601 1464//1464
f 1464//1464 601//601 600//600
f 1464//1464 600//600 599//599
f 609//609 608//608 1468//1468
f 1468//1468 608//608 616//616
f 1468//1468 616//616 615//615
f 615//615 1253//1253 1468//1468
f 1468//1468 1253//1253 1259//1259
f 1468//1468 1259//1259 1469//1469
f 1469//1469 1259//1259 1264//1264
f 1469//1469 1264//1264 1263//1263
f 1263//1263 1262//1262 1471//1471
f 1471//1471 1262//1262 1261//1261
f 1471//1471 1261//1261 1473//1473
f 1473//1473 1261//1261 1260//1260
f 1473//1473 1260//1260 1477//1477
f 1477//1477 1260//1260 1257//1257
f 1477//1477 1257//1257 1476//1476
f 1540//1540 1539//1539 1254//1254
f 1254//1254 1539//1539 1476//1476
f 1254//1254 1476//1476 1255//1255
f 1255//1255 1476//1476 1257//1257
f 1541//1541 546//546 529//529
f 537//537 523//523 800//800
f 800//800 1457//1457 537//537
f 537//537 1457//1457 1455//1455
f 537//537 1455//1455 539//539
f 539//539 1455//1455 1453//1453
f 539//539 1453//1453 541//541
f 541//541 1453//1453 1451//1451
f 541//541 1451//1451 543//543
f 543//543 1451//1451 1449//1449
f 543//543 1449//1449 535//535
f 535//535 1449//1449 1447//1447
f 535//535 1447//1447 533//533
f 533//533 1447//1447 1444//1444
f 533//533 1444//1444 531//531
f 1437//1437 1541//1541 1439//1439
f 1439//1439 1541//1541 529//529
f 1439//1439 529//529 1441//1441
f 1441//1441 529//529 531//531
f 1441//1441 531//531 1442//1442
f 1442//1442 531//531 1444//1444
f 546//546 1541//1541 1542//1542
f 546//546 1542//1542 1543//1543
f 1543//1543 1542//1542 1544//1544
f 1543//1543 1544//1544 1545//1545
f 1540//1540 1545//1545 1539//1539
f 1539//1539 1545//1545 1544//1544
f 1539//1539 1544//1544 1459//1459
f 1459//1459 1544//1544 1542//1542
f 1459//1459 1542//1542 1437//1437
f 1437//1437 1542//1542 1541//1541
f 1069//1069 1075//1075 1480//1480
f 1480//1480 1489//1489 1546//1546
f 1546//1546 1489//1489 1507//1507
f 1069//1069 1480//1480 1070//1070
f 1070//1070 1480//1480 1546//1546
f 1070//1070 1546//1546 1067//1067
f 1067//1067 1546//1546 1547//1547
f 1067//1067 1547//1547 1065//1065
f 1547//1547 1510//1510 1065//1065
f 1065//1065 1510//1510 1513//1513
f 1065//1065 1513//1513 1048//1048
f 1048//1048 1513//1513 1515//1515
f 1548//1548 1549//1549 1550//1550
f 1550//1550 1549//1549 1551//1551
f 1550//1550 1551//1551 1552//1552
f 1552//1552 1551//1551 1553//1553
f 1552//1552 1553//1553 1554//1554
f 1554//1554 1553//1553 1555//1555
f 1554//1554 1555//1555 1556//1556
f 1556//1556 1555//1555 1557//1557
f 1556//1556 1557//1557 1558//1558
f 1558//1558 1557//1557 517//517
f 1558//1558 517//517 516//516
f 519//519 1494//1494 511//511
f 511//511 1494//1494 1492//1492
f 511//511 1492//1492 512//512
f 512//512 1492//1492 1491//1491
f 512//512 1491//1491 795//795
f 1507//1507 1559//1559 1546//1546
f 1546//1546 1559//1559 1549//1549
f 1546//1546 1549//1549 1547//1547
f 1547//1547 1549//1549 1548//1548
f 1547//1547 1548//1548 1510//1510
f 1507//1507 1506//1506 1559//1559
f 1559//1559 1506//1506 1504//1504
f 1559//1559 1504//1504 1549//1549
f 1549//1549 1504//1504 1501//1501
f 1549//1549 1501//1501 1551//1551
f 1551//1551 1501//1501 1499//1499
f 1551//1551 1499//1499 1553//1553
f 1553//1553 1499//1499 1497//1497
f 1553//1553 1497//1497 1555//1555
f 1555//1555 1497//1497 1494//1494
f 1555//1555 1494//1494 1557//1557
f 1557//1557 1494//1494 519//519
f 1557//1557 519//519 517//517
f 759//759 789//789 1560//1560
f 699//699 701//701 1561//1561
f 777//777 1562//1562 778//778
f 573//573 1563//1563 574//574
f 574//574 1563//1563 1564//1564
f 706//706 704//704 1564//1564
f 1564//1564 704//704 703//703
f 1564//1564 703//703 574//574
f 699//699 1561//1561 789//789
f 1565//1565 698//698 1566//1566
f 1566//1566 698//698 697//697
f 1566//1566 697//697 757//757
f 689//689 691//691 1567//1567
f 1567//1567 691//691 693//693
f 1567//1567 693//693 1565//1565
f 1565//1565 693//693 695//695
f 1565//1565 695//695 698//698
f 689//689 1568//1568 688//688
f 688//688 1568//1568 686//686
f 686//686 1568//1568 685//685
f 685//685 1568//1568 1535//1535
f 685//685 1535//1535 684//684
f 1111//1111 1536//1536 1113//1113
f 1113//1113 1536//1536 1535//1535
f 1113//1113 1535//1535 1115//1115
f 1115//1115 1535//1535 1568//1568
f 1115//1115 1568//1568 1116//1116
f 689//689 1567//1567 1568//1568
f 1568//1568 1567//1567 1118//1118
f 1568//1568 1118//1118 1116//1116
f 1124//1124 1128//1128 1565//1565
f 1565//1565 1128//1128 1127//1127
f 1565//1565 1127//1127 1567//1567
f 1567//1567 1127//1127 1120//1120
f 1567//1567 1120//1120 1118//1118
f 1132//1132 1130//1130 1566//1566
f 1566//1566 1130//1130 1129//1129
f 1566//1566 1129//1129 1565//1565
f 1565//1565 1129//1129 1122//1122
f 1565//1565 1122//1122 1124//1124
f 1133//1133 1132//1132 1560//1560
f 1560//1560 1132//1132 1566//1566
f 1560//1560 1566//1566 759//759
f 759//759 1566//1566 757//757
f 789//789 1561//1561 1560//1560
f 1560//1560 1561//1561 1135//1135
f 1560//1560 1135//1135 1133//1133
f 1140//1140 1139//1139 1561//1561
f 1561//1561 1139//1139 1137//1137
f 1561//1561 1137//1137 1135//1135
f 1150//1150 1141//1141 1563//1563
f 1563//1563 1141//1141 1140//1140
f 1563//1563 1140//1140 1564//1564
f 1564//1564 1140//1140 1561//1561
f 1564//1564 1561//1561 706//706
f 706//706 1561//1561 701//701
f 1147//1147 1150//1150 1562//1562
f 1562//1562 1150//1150 1563//1563
f 1562//1562 1563//1563 778//778
f 778//778 1563//1563 573//573
f 777//777 1145//1145 1562//1562
f 1562//1562 1145//1145 1144//1144
f 1562//1562 1144//1144 1147//1147
f 1511//1511 1510//1510 1548//1548
f 1527//1527 1569//1569 1531//1531
f 1523//1523 1520//1520 1570//1570
f 1570//1570 1520//1520 1521//1521
f 1570//1570 1521//1521 1522//1522
f 1526//1526 1525//1525 1570//1570
f 1570//1570 1525//1525 1524//1524
f 1570//1570 1524//1524 1523//1523
f 1569//1569 1571//1571 1531//1531
f 1531//1531 1571//1571 1572//1572
f 1531//1531 1572//1572 1530//1530
f 1530//1530 1572//1572 1573//1573
f 1530//1530 1573//1573 1529//1529
f 1556//1556 1558//1558 1574//1574
f 1558//1558 516//516 1574//1574
f 1574//1574 516//516 1532//1532
f 1574//1574 1532//1532 1556//1556
f 1556//1556 1532//1532 1575//1575
f 1556//1556 1575//1575 1576//1576
f 1522//1522 1511//1511 1570//1570
f 1570//1570 1511//1511 1548//1548
f 1570//1570 1548//1548 1577//1577
f 1577//1577 1548//1548 1550//1550
f 1577//1577 1550//1550 1578//1578
f 1578//1578 1550//1550 1552//1552
f 1578//1578 1552//1552 1576//1576
f 1576//1576 1552//1552 1554//1554
f 1576//1576 1554//1554 1556//1556
f 1532//1532 1528//1528 1575//1575
f 1575//1575 1528//1528 1529//1529
f 1575//1575 1529//1529 1576//1576
f 1576//1576 1529//1529 1573//1573
f 1576//1576 1573//1573 1578//1578
f 1578//1578 1573//1573 1572//1572
f 1578//1578 1572//1572 1577//1577
f 1577//1577 1572//1572 1571//1571
f 1577//1577 1571//1571 1570//1570
f 1570//1570 1571//1571 1569//1569
f 1570//1570 1569//1569 1526//1526
f 1526//1526 1569//1569 1527//1527
f 1579//1579 1580//1580 1581//1581
f 1582//1582 1583//1583 1584//1584
f 1584//1584 1583//1583 1585//1585
f 1584//1584 1585//1585 1579//1579
f 1579//1579 1585//1585 1586//1586
f 1579//1579 1586//1586 1580//1580
f 1581//1581 1587//1587 1579//1579
f 1579//1579 1587//1587 1588//1588
f 1579//1579 1588//1588 1584//1584
f 1584//1584 1588//1588 1589//1589
f 1584//1584 1589//1589 1582//1582
f 1582//1582 1589//1589 1590//1590
f 1591//1591 1592//1592 1593//1593
f 1594//1594 1595//1595 1596//1596
f 1596//1596 1595//1595 1597//1597
f 1596//1596 1597//1597 1598//1598
f 1598//1598 1597//1597 1599//1599
f 1598//1598 1599//1599 1593//1593
f 1593//1593 1599//1599 1600//1600
f 1593//1593 1600//1600 1591//1591
f 1596//1596 1601//1601 1594//1594
f 1594//1594 1601//1601 1602//1602
f 1594//1594 1602//1602 1603//1603
f 1603//1603 1602//1602 1604//1604
f 1603//1603 1604//1604 1605//1605
f 1605//1605 1604//1604 1606//1606
f 1605//1605 1606//1606 1607//1607
f 1607//1607 1606//1606 1608//1608
f 1609//1609 1610//1610 1608//1608
f 1608//1608 1610//1610 1611//1611
f 1608//1608 1611//1611 1607//1607
f 1609//1609 1612//1612 1610//1610
f 1610//1610 1612//1612 1587//1587
f 1610//1610 1587//1587 1581//1581
f 1613//1613 1614//1614 1392//1392
f 1615//1615 1616//1616 1617//1617
f 1615//1615 1617//1617 1618//1618
f 1619//1619 1620//1620 1618//1618
f 1614//1614 1613//1613 1619//1619
f 1619//1619 1613//1613 1621//1621
f 1619//1619 1621//1621 1620//1620
f 1586//1586 1585//1585 1619//1619
f 1619//1619 1585//1585 1583//1583
f 1619//1619 1583//1583 1614//1614
f 1614//1614 1583//1583 1582//1582
f 1614//1614 1582//1582 1392//1392
f 1392//1392 1582//1582 1590//1590
f 1392//1392 1590//1590 1412//1412
f 1618//1618 1617//1617 1619//1619
f 1619//1619 1617//1617 1580//1580
f 1619//1619 1580//1580 1586//1586
f 1622//1622 1623//1623 1624//1624
f 1624//1624 1623//1623 1625//1625
f 1624//1624 1625//1625 1626//1626
f 1626//1626 1627//1627 1624//1624
f 1624//1624 1627//1627 1628//1628
f 1624//1624 1628//1628 1629//1629
f 1629//1629 1630//1630 1624//1624
f 1624//1624 1630//1630 1631//1631
f 1624//1624 1631//1631 1632//1632
f 1633//1633 1624//1624 1634//1634
f 1634//1634 1624//1624 1635//1635
f 1633//1633 1636//1636 1624//1624
f 1624//1624 1636//1636 1637//1637
f 1624//1624 1637//1637 1638//1638
f 1639//1639 1640//1640 1624//1624
f 1624//1624 1640//1640 1641//1641
f 1624//1624 1641//1641 1622//1622
f 1638//1638 1642//1642 1624//1624
f 1624//1624 1642//1642 1643//1643
f 1624//1624 1643//1643 1639//1639
f 1632//1632 1644//1644 1624//1624
f 1624//1624 1644//1644 1645//1645
f 1624//1624 1645//1645 1635//1635
f 1646//1646 1635//1635 1645//1645
f 1647//1647 1645//1645 1648//1648
f 1648//1648 1649//1649 1647//1647
f 1647//1647 1649//1649 1650//1650
f 1647//1647 1650//1650 1651//1651
f 1652//1652 1653//1653 1647//1647
f 1652//1652 1647//1647 1654//1654
f 1653//1653 1655//1655 1647//1647
f 1647//1647 1655//1655 1656//1656
f 1647//1647 1656//1656 1657//1657
f 1651//1651 1658//1658 1647//1647
f 1647//1647 1658//1658 1659//1659
f 1647//1647 1659//1659 1660//1660
f 1660//1660 1661//1661 1647//1647
f 1647//1647 1661//1661 1662//1662
f 1647//1647 1662//1662 1663//1663
f 1663//1663 1664//1664 1647//1647
f 1647//1647 1664//1664 1665//1665
f 1647//1647 1665//1665 1654//1654
f 1666//1666 1667//1667 1645//1645
f 1657//1657 1668//1668 1647//1647
f 1647//1647 1668//1668 1669//1669
f 1647//1647 1669//1669 1645//1645
f 1645//1645 1669//1669 1670//1670
f 1645//1645 1670//1670 1666//1666
f 1667//1667 1671//1671 1645//1645
f 1645//1645 1671//1671 1672//1672
f 1645//1645 1672//1672 1646//1646
f 1673//1673 1674//1674 1675//1675
f 1676//1676 1667//1667 1666//1666
f 1659//1659 1677//1677 1678//1678
f 1679//1679 1680//1680 1681//1681
f 1682//1682 1683//1683 1684//1684
f 1685//1685 1686//1686 1682//1682
f 1682//1682 1686//1686 1687//1687
f 1682//1682 1687//1687 1683//1683
f 1688//1688 1689//1689 1685//1685
f 1685//1685 1689//1689 1690//1690
f 1685//1685 1690//1690 1686//1686
f 1691//1691 1692//1692 1688//1688
f 1688//1688 1692//1692 1693//1693
f 1688//1688 1693//1693 1689//1689
f 1694//1694 1695//1695 1691//1691
f 1691//1691 1695//1695 1696//1696
f 1691//1691 1696//1696 1692//1692
f 1697//1697 1698//1698 1694//1694
f 1694//1694 1698//1698 1699//1699
f 1694//1694 1699//1699 1695//1695
f 1700//1700 1701//1701 1697//1697
f 1697//1697 1701//1701 1702//1702
f 1697//1697 1702//1702 1698//1698
f 1703//1703 1704//1704 1700//1700
f 1700//1700 1704//1704 1705//1705
f 1700//1700 1705//1705 1701//1701
f 1706//1706 1707//1707 1708//1708
f 1708//1708 1707//1707 1709//1709
f 1708//1708 1709//1709 1703//1703
f 1703//1703 1709//1709 1710//1710
f 1703//1703 1710//1710 1704//1704
f 1706//1706 1708//1708 1711//1711
f 1711//1711 1708//1708 1712//1712
f 1711//1711 1712//1712 1713//1713
f 1713//1713 1712//1712 1714//1714
f 1714//1714 1712//1712 1715//1715
f 1714//1714 1715//1715 1716//1716
f 1717//1717 1718//1718 1715//1715
f 1715//1715 1718//1718 1719//1719
f 1715//1715 1719//1719 1716//1716
f 1720//1720 1721//1721 1722//1722
f 1722//1722 1721//1721 1723//1723
f 1722//1722 1723//1723 1717//1717
f 1717//1717 1723//1723 1724//1724
f 1717//1717 1724//1724 1718//1718
f 1725//1725 1726//1726 1648//1648
f 1648//1648 1726//1726 1649//1649
f 1649//1649 1726//1726 1650//1650
f 1650//1650 1726//1726 1727//1727
f 1650//1650 1727//1727 1651//1651
f 1677//1677 1659//1659 1727//1727
f 1727//1727 1659//1659 1658//1658
f 1727//1727 1658//1658 1651//1651
f 1728//1728 1661//1661 1678//1678
f 1678//1678 1661//1661 1660//1660
f 1678//1678 1660//1660 1659//1659
f 1664//1664 1663//1663 1728//1728
f 1728//1728 1663//1663 1662//1662
f 1728//1728 1662//1662 1661//1661
f 1729//1729 1665//1665 1730//1730
f 1730//1730 1665//1665 1664//1664
f 1730//1730 1664//1664 1731//1731
f 1731//1731 1664//1664 1728//1728
f 1732//1732 1652//1652 1729//1729
f 1729//1729 1652//1652 1654//1654
f 1729//1729 1654//1654 1665//1665
f 1656//1656 1655//1655 1732//1732
f 1732//1732 1655//1655 1653//1653
f 1732//1732 1653//1653 1652//1652
f 1732//1732 1733//1733 1656//1656
f 1656//1656 1733//1733 1734//1734
f 1656//1656 1734//1734 1657//1657
f 1657//1657 1734//1734 1668//1668
f 1668//1668 1734//1734 1735//1735
f 1668//1668 1735//1735 1669//1669
f 1674//1674 1676//1676 1675//1675
f 1675//1675 1676//1676 1666//1666
f 1675//1675 1666//1666 1735//1735
f 1735//1735 1666//1666 1670//1670
f 1735//1735 1670//1670 1669//1669
f 1736//1736 1737//1737 1673//1673
f 1738//1738 1682//1682 1681//1681
f 1681//1681 1682//1682 1684//1684
f 1681//1681 1684//1684 1679//1679
f 1739//1739 1720//1720 1740//1740
f 1740//1740 1720//1720 1722//1722
f 1740//1740 1722//1722 1741//1741
f 1741//1741 1722//1722 1742//1742
f 1742//1742 1722//1722 1717//1717
f 1742//1742 1717//1717 1743//1743
f 1743//1743 1717//1717 1715//1715
f 1743//1743 1715//1715 1744//1744
f 1744//1744 1715//1715 1712//1712
f 1744//1744 1712//1712 1745//1745
f 1745//1745 1712//1712 1708//1708
f 1745//1745 1708//1708 1746//1746
f 1746//1746 1708//1708 1703//1703
f 1746//1746 1703//1703 1747//1747
f 1747//1747 1703//1703 1700//1700
f 1747//1747 1700//1700 1748//1748
f 1748//1748 1700//1700 1697//1697
f 1748//1748 1697//1697 1749//1749
f 1749//1749 1697//1697 1694//1694
f 1749//1749 1694//1694 1750//1750
f 1750//1750 1694//1694 1691//1691
f 1750//1750 1691//1691 1751//1751
f 1751//1751 1691//1691 1688//1688
f 1751//1751 1688//1688 1752//1752
f 1752//1752 1688//1688 1685//1685
f 1752//1752 1685//1685 1753//1753
f 1753//1753 1685//1685 1682//1682
f 1753//1753 1682//1682 1736//1736
f 1736//1736 1682//1682 1738//1738
f 1736//1736 1738//1738 1737//1737
f 1673//1673 1675//1675 1736//1736
f 1736//1736 1675//1675 1735//1735
f 1736//1736 1735//1735 1753//1753
f 1753//1753 1735//1735 1734//1734
f 1753//1753 1734//1734 1752//1752
f 1752//1752 1734//1734 1733//1733
f 1752//1752 1733//1733 1751//1751
f 1751//1751 1733//1733 1732//1732
f 1751//1751 1732//1732 1750//1750
f 1750//1750 1732//1732 1729//1729
f 1750//1750 1729//1729 1749//1749
f 1749//1749 1729//1729 1730//1730
f 1749//1749 1730//1730 1748//1748
f 1748//1748 1730//1730 1731//1731
f 1748//1748 1731//1731 1747//1747
f 1747//1747 1731//1731 1728//1728
f 1747//1747 1728//1728 1746//1746
f 1746//1746 1728//1728 1678//1678
f 1746//1746 1678//1678 1745//1745
f 1745//1745 1678//1678 1677//1677
f 1745//1745 1677//1677 1744//1744
f 1744//1744 1677//1677 1727//1727
f 1744//1744 1727//1727 1743//1743
f 1743//1743 1727//1727 1726//1726
f 1743//1743 1726//1726 1742//1742
f 1742//1742 1726//1726 1725//1725
f 1742//1742 1725//1725 1741//1741
f 1479//1479 1481//1481 1411//1411
f 1411//1411 1481//1481 1407//1407
f 1407//1407 1481//1481 1408//1408
f 1408//1408 1481//1481 1486//1486
f 1408//1408 1486//1486 1404//1404
f 1404//1404 1486//1486 1485//1485
f 1404//1404 1485//1485 1405//1405
f 1405//1405 1485//1485 1402//1402
f 1402//1402 1485//1485 1488//1488
f 1402//1402 1488//1488 1400//1400
f 1754//1754 1755//1755 1756//1756
f 1756//1756 1308//1308 1307//1307
f 1757//1757 1758//1758 1759//1759
f 1759//1759 1758//1758 1760//1760
f 1761//1761 1762//1762 1763//1763
f 1763//1763 1762//1762 1764//1764
f 1763//1763 1764//1764 1765//1765
f 1766//1766 1767//1767 1762//1762
f 1762//1762 1767//1767 1768//1768
f 1762//1762 1768//1768 1764//1764
f 1762//1762 1769//1769 1766//1766
f 1766//1766 1769//1769 1770//1770
f 1766//1766 1770//1770 1771//1771
f 1771//1771 1770//1770 1772//1772
f 1771//1771 1772//1772 1773//1773
f 1773//1773 1772//1772 1774//1774
f 1773//1773 1774//1774 1775//1775
f 1775//1775 1774//1774 1776//1776
f 1776//1776 1774//1774 1777//1777
f 1776//1776 1777//1777 1778//1778
f 1778//1778 1777//1777 1779//1779
f 1779//1779 1777//1777 1780//1780
f 1779//1779 1780//1780 1781//1781
f 1781//1781 1780//1780 1782//1782
f 1781//1781 1782//1782 1783//1783
f 1783//1783 1782//1782 1784//1784
f 1783//1783 1784//1784 1785//1785
f 1785//1785 1784//1784 1786//1786
f 1786//1786 1784//1784 1787//1787
f 1786//1786 1787//1787 1788//1788
f 1788//1788 1787//1787 1789//1789
f 1788//1788 1789//1789 1790//1790
f 1791//1791 1792//1792 1793//1793
f 1791//1791 1760//1760 1792//1792
f 1792//1792 1760//1760 1758//1758
f 1792//1792 1758//1758 1754//1754
f 1754//1754 1758//1758 1757//1757
f 1754//1754 1757//1757 1755//1755
f 1792//1792 1794//1794 1793//1793
f 1793//1793 1794//1794 1795//1795
f 1793//1793 1795//1795 1796//1796
f 1796//1796 1795//1795 1797//1797
f 1796//1796 1797//1797 1798//1798
f 1798//1798 1797//1797 1799//1799
f 1798//1798 1799//1799 1800//1800
f 1800//1800 1799//1799 1801//1801
f 1800//1800 1801//1801 1802//1802
f 1802//1802 1801//1801 1803//1803
f 1802//1802 1803//1803 1804//1804
f 1804//1804 1803//1803 1805//1805
f 1804//1804 1805//1805 1806//1806
f 1806//1806 1805//1805 1807//1807
f 1806//1806 1807//1807 1808//1808
f 1808//1808 1807//1807 1809//1809
f 1808//1808 1809//1809 1810//1810
f 1811//1811 1812//1812 1813//1813
f 1813//1813 1812//1812 1814//1814
f 1813//1813 1814//1814 1815//1815
f 1816//1816 1817//1817 1818//1818
f 1816//1816 1818//1818 1819//1819
f 1818//1818 1820//1820 1819//1819
f 1819//1819 1820//1820 1821//1821
f 1819//1819 1821//1821 1822//1822
f 1822//1822 1821//1821 1823//1823
f 1822//1822 1823//1823 1824//1824
f 1824//1824 1823//1823 1825//1825
f 1824//1824 1825//1825 1811//1811
f 1811//1811 1825//1825 1826//1826
f 1811//1811 1826//1826 1812//1812
f 1754//1754 1827//1827 1792//1792
f 1792//1792 1827//1827 1828//1828
f 1792//1792 1828//1828 1794//1794
f 1794//1794 1828//1828 1829//1829
f 1794//1794 1829//1829 1795//1795
f 1795//1795 1829//1829 1830//1830
f 1795//1795 1830//1830 1797//1797
f 1797//1797 1830//1830 1816//1816
f 1797//1797 1816//1816 1799//1799
f 1799//1799 1816//1816 1819//1819
f 1799//1799 1819//1819 1801//1801
f 1801//1801 1819//1819 1822//1822
f 1801//1801 1822//1822 1803//1803
f 1803//1803 1822//1822 1824//1824
f 1803//1803 1824//1824 1805//1805
f 1805//1805 1824//1824 1811//1811
f 1805//1805 1811//1811 1807//1807
f 1807//1807 1811//1811 1813//1813
f 1807//1807 1813//1813 1809//1809
f 1810//1810 1831//1831 1832//1832
f 1769//1769 1833//1833 1770//1770
f 1770//1770 1833//1833 1834//1834
f 1770//1770 1834//1834 1772//1772
f 1772//1772 1834//1834 1835//1835
f 1772//1772 1835//1835 1774//1774
f 1774//1774 1835//1835 1836//1836
f 1774//1774 1836//1836 1777//1777
f 1777//1777 1836//1836 1837//1837
f 1777//1777 1837//1837 1780//1780
f 1780//1780 1837//1837 1838//1838
f 1780//1780 1838//1838 1782//1782
f 1782//1782 1838//1838 1839//1839
f 1782//1782 1839//1839 1784//1784
f 1784//1784 1839//1839 1832//1832
f 1784//1784 1832//1832 1787//1787
f 1787//1787 1832//1832 1831//1831
f 1787//1787 1831//1831 1789//1789
f 1756//1756 1307//1307 1754//1754
f 1754//1754 1307//1307 1306//1306
f 1754//1754 1306//1306 1827//1827
f 1827//1827 1306//1306 1305//1305
f 1827//1827 1305//1305 1828//1828
f 1828//1828 1305//1305 1840//1840
f 1828//1828 1840//1840 1829//1829
f 1829//1829 1840//1840 1841//1841
f 1829//1829 1841//1841 1830//1830
f 1830//1830 1841//1841 1842//1842
f 1830//1830 1842//1842 1816//1816
f 1816//1816 1842//1842 1843//1843
f 1816//1816 1843//1843 1817//1817
f 1810//1810 1832//1832 1808//1808
f 1808//1808 1832//1832 1839//1839
f 1808//1808 1839//1839 1806//1806
f 1806//1806 1839//1839 1838//1838
f 1806//1806 1838//1838 1804//1804
f 1804//1804 1838//1838 1837//1837
f 1804//1804 1837//1837 1802//1802
f 1802//1802 1837//1837 1836//1836
f 1802//1802 1836//1836 1800//1800
f 1800//1800 1836//1836 1835//1835
f 1800//1800 1835//1835 1798//1798
f 1798//1798 1835//1835 1834//1834
f 1798//1798 1834//1834 1796//1796
f 1796//1796 1834//1834 1833//1833
f 1796//1796 1833//1833 1793//1793
f 1793//1793 1833//1833 1769//1769
f 1793//1793 1769//1769 1791//1791
f 1791//1791 1769//1769 1762//1762
f 1791//1791 1762//1762 1760//1760
f 1760//1760 1762//1762 1761//1761
f 1760//1760 1761//1761 1759//1759
f 1721//1721 1720//1720 1844//1844
f 1845//1845 1846//1846 1847//1847
f 1848//1848 1849//1849 1847//1847
f 1850//1850 1851//1851 1852//1852
f 1853//1853 1854//1854 1855//1855
f 1856//1856 1857//1857 1858//1858
f 1859//1859 1860//1860 1861//1861
f 1862//1862 1859//1859 1863//1863
f 1864//1864 1865//1865 1866//1866
f 1857//1857 1867//1867 1868//1868
f 1868//1868 1867//1867 1869//1869
f 1868//1868 1869//1869 1870//1870
f 1871//1871 1872//1872 1853//1853
f 1872//1872 1871//1871 1873//1873
f 1874//1874 1875//1875 1876//1876
f 1875//1875 1874//1874 1851//1851
f 1877//1877 1878//1878 1850//1850
f 1878//1878 1877//1877 1849//1849
f 1848//1848 1847//1847 1879//1879
f 1879//1879 1847//1847 1846//1846
f 1879//1879 1846//1846 1880//1880
f 1881//1881 1868//1868 1882//1882
f 1882//1882 1868//1868 1870//1870
f 1882//1882 1870//1870 1883//1883
f 1884//1884 1880//1880 1885//1885
f 1885//1885 1880//1880 1846//1846
f 1885//1885 1846//1846 1886//1886
f 1886//1886 1846//1846 1845//1845
f 1886//1886 1845//1845 1844//1844
f 1887//1887 1881//1881 1888//1888
f 1888//1888 1881//1881 1882//1882
f 1888//1888 1882//1882 1889//1889
f 1889//1889 1882//1882 1883//1883
f 1889//1889 1883//1883 1890//1890
f 1853//1853 1855//1855 1871//1871
f 1871//1871 1855//1855 1891//1891
f 1871//1871 1891//1891 1892//1892
f 1892//1892 1891//1891 1893//1893
f 1892//1892 1893//1893 1894//1894
f 1851//1851 1874//1874 1852//1852
f 1852//1852 1874//1874 1895//1895
f 1852//1852 1895//1895 1896//1896
f 1896//1896 1895//1895 1897//1897
f 1896//1896 1897//1897 1898//1898
f 1859//1859 1861//1861 1863//1863
f 1863//1863 1861//1861 1899//1899
f 1863//1863 1899//1899 1900//1900
f 1900//1900 1899//1899 1901//1901
f 1900//1900 1901//1901 1902//1902
f 1902//1902 1901//1901 1693//1693
f 1902//1902 1693//1693 1692//1692
f 1903//1903 1862//1862 1904//1904
f 1904//1904 1862//1862 1863//1863
f 1904//1904 1863//1863 1905//1905
f 1905//1905 1863//1863 1900//1900
f 1905//1905 1900//1900 1906//1906
f 1906//1906 1900//1900 1902//1902
f 1906//1906 1902//1902 1696//1696
f 1696//1696 1902//1902 1692//1692
f 1696//1696 1695//1695 1906//1906
f 1906//1906 1695//1695 1907//1907
f 1906//1906 1907//1907 1905//1905
f 1905//1905 1907//1907 1908//1908
f 1905//1905 1908//1908 1904//1904
f 1904//1904 1908//1908 1866//1866
f 1904//1904 1866//1866 1903//1903
f 1903//1903 1866//1866 1865//1865
f 1695//1695 1699//1699 1907//1907
f 1907//1907 1699//1699 1890//1890
f 1907//1907 1890//1890 1908//1908
f 1908//1908 1890//1890 1883//1883
f 1908//1908 1883//1883 1866//1866
f 1866//1866 1883//1883 1870//1870
f 1866//1866 1870//1870 1864//1864
f 1864//1864 1870//1870 1869//1869
f 1699//1699 1698//1698 1890//1890
f 1890//1890 1698//1698 1702//1702
f 1890//1890 1702//1702 1889//1889
f 1889//1889 1702//1702 1701//1701
f 1889//1889 1701//1701 1888//1888
f 1888//1888 1701//1701 1705//1705
f 1888//1888 1705//1705 1887//1887
f 1887//1887 1705//1705 1704//1704
f 1887//1887 1704//1704 1710//1710
f 1857//1857 1868//1868 1858//1858
f 1858//1858 1868//1868 1881//1881
f 1858//1858 1881//1881 1909//1909
f 1909//1909 1881//1881 1887//1887
f 1909//1909 1887//1887 1910//1910
f 1910//1910 1887//1887 1710//1710
f 1910//1910 1710//1710 1709//1709
f 1709//1709 1893//1893 1910//1910
f 1910//1910 1893//1893 1891//1891
f 1910//1910 1891//1891 1909//1909
f 1909//1909 1891//1891 1855//1855
f 1909//1909 1855//1855 1858//1858
f 1858//1858 1855//1855 1854//1854
f 1858//1858 1854//1854 1856//1856
f 1709//1709 1707//1707 1893//1893
f 1893//1893 1707//1707 1706//1706
f 1893//1893 1706//1706 1894//1894
f 1894//1894 1706//1706 1711//1711
f 1894//1894 1711//1711 1713//1713
f 1873//1873 1871//1871 1911//1911
f 1911//1911 1871//1871 1892//1892
f 1911//1911 1892//1892 1912//1912
f 1912//1912 1892//1892 1894//1894
f 1912//1912 1894//1894 1913//1913
f 1913//1913 1894//1894 1713//1713
f 1913//1913 1713//1713 1714//1714
f 1714//1714 1897//1897 1913//1913
f 1913//1913 1897//1897 1895//1895
f 1913//1913 1895//1895 1912//1912
f 1912//1912 1895//1895 1874//1874
f 1912//1912 1874//1874 1911//1911
f 1911//1911 1874//1874 1876//1876
f 1911//1911 1876//1876 1873//1873
f 1714//1714 1716//1716 1897//1897
f 1897//1897 1716//1716 1719//1719
f 1897//1897 1719//1719 1898//1898
f 1898//1898 1719//1719 1718//1718
f 1898//1898 1718//1718 1724//1724
f 1850//1850 1852//1852 1877//1877
f 1877//1877 1852//1852 1896//1896
f 1877//1877 1896//1896 1914//1914
f 1914//1914 1896//1896 1898//1898
f 1914//1914 1898//1898 1915//1915
f 1915//1915 1898//1898 1724//1724
f 1915//1915 1724//1724 1723//1723
f 1849//1849 1877//1877 1847//1847
f 1847//1847 1877//1877 1914//1914
f 1847//1847 1914//1914 1845//1845
f 1845//1845 1914//1914 1915//1915
f 1845//1845 1915//1915 1844//1844
f 1844//1844 1915//1915 1723//1723
f 1844//1844 1723//1723 1721//1721
f 1884//1884 1885//1885 1916//1916
f 1916//1916 1885//1885 1886//1886
f 1916//1916 1886//1886 1917//1917
f 1917//1917 1886//1886 1844//1844
f 1917//1917 1844//1844 1918//1918
f 1918//1918 1844//1844 1720//1720
f 1918//1918 1720//1720 1739//1739
f 1919//1919 1920//1920 1921//1921
f 1922//1922 1923//1923 1924//1924
f 1925//1925 1922//1922 1926//1926
f 1925//1925 1921//1921 1927//1927
f 1927//1927 1921//1921 1920//1920
f 1927//1927 1920//1920 1928//1928
f 1929//1929 1930//1930 1931//1931
f 1932//1932 1933//1933 1934//1934
f 1934//1934 1933//1933 1935//1935
f 1934//1934 1935//1935 1936//1936
f 1926//1926 1937//1937 1938//1938
f 1930//1930 1928//1928 1931//1931
f 1931//1931 1928//1928 1920//1920
f 1931//1931 1920//1920 1939//1939
f 1939//1939 1920//1920 1919//1919
f 1939//1939 1919//1919 1940//1940
f 1941//1941 1942//1942 1943//1943
f 1944//1944 1935//1935 1945//1945
f 1945//1945 1935//1935 1933//1933
f 1945//1945 1933//1933 1946//1946
f 1946//1946 1933//1933 1932//1932
f 1946//1946 1932//1932 1947//1947
f 1922//1922 1924//1924 1926//1926
f 1926//1926 1924//1924 1948//1948
f 1926//1926 1948//1948 1937//1937
f 1937//1937 1948//1948 1949//1949
f 1937//1937 1949//1949 1950//1950
f 1951//1951 1938//1938 1952//1952
f 1952//1952 1938//1938 1937//1937
f 1952//1952 1937//1937 1953//1953
f 1953//1953 1937//1937 1950//1950
f 1953//1953 1950//1950 1954//1954
f 1955//1955 1943//1943 1956//1956
f 1956//1956 1943//1943 1942//1942
f 1956//1956 1942//1942 1957//1957
f 1958//1958 1944//1944 1955//1955
f 1955//1955 1944//1944 1945//1945
f 1955//1955 1945//1945 1943//1943
f 1943//1943 1945//1945 1946//1946
f 1943//1943 1946//1946 1941//1941
f 1941//1941 1946//1946 1947//1947
f 1954//1954 1959//1959 1953//1953
f 1953//1953 1959//1959 1960//1960
f 1953//1953 1960//1960 1952//1952
f 1952//1952 1960//1960 1961//1961
f 1952//1952 1961//1961 1951//1951
f 1951//1951 1961//1961 1962//1962
f 1951//1951 1962//1962 1963//1963
f 1925//1925 1926//1926 1921//1921
f 1921//1921 1926//1926 1938//1938
f 1921//1921 1938//1938 1919//1919
f 1919//1919 1938//1938 1951//1951
f 1919//1919 1951//1951 1940//1940
f 1940//1940 1951//1951 1963//1963
f 1940//1940 1963//1963 1964//1964
f 1947//1947 1929//1929 1941//1941
f 1941//1941 1929//1929 1931//1931
f 1941//1941 1931//1931 1942//1942
f 1942//1942 1931//1931 1939//1939
f 1942//1942 1939//1939 1957//1957
f 1957//1957 1939//1939 1940//1940
f 1957//1957 1940//1940 1965//1965
f 1965//1965 1940//1940 1964//1964
f 1966//1966 1958//1958 1967//1967
f 1967//1967 1958//1958 1955//1955
f 1967//1967 1955//1955 1968//1968
f 1968//1968 1955//1955 1956//1956
f 1968//1968 1956//1956 1969//1969
f 1969//1969 1956//1956 1957//1957
f 1969//1969 1957//1957 1970//1970
f 1970//1970 1957//1957 1965//1965
f 1971//1971 1936//1936 1935//1935
f 1739//1739 1971//1971 1972//1972
f 1971//1971 1935//1935 1972//1972
f 1972//1972 1935//1935 1944//1944
f 1972//1972 1944//1944 1973//1973
f 1973//1973 1944//1944 1958//1958
f 1973//1973 1958//1958 1974//1974
f 1974//1974 1958//1958 1966//1966
f 1974//1974 1966//1966 1975//1975
f 1739//1739 1972//1972 1918//1918
f 1918//1918 1972//1972 1973//1973
f 1918//1918 1973//1973 1917//1917
f 1917//1917 1973//1973 1974//1974
f 1917//1917 1974//1974 1916//1916
f 1916//1916 1974//1974 1975//1975
f 1916//1916 1975//1975 1884//1884
f 437//437 796//796 1976//1976
f 1976//1976 1977//1977 437//437
f 437//437 1977//1977 1978//1978
f 437//437 1978//1978 1979//1979
f 1884//1884 505//505 503//503
f 1884//1884 503//503 1880//1880
f 1880//1880 503//503 496//496
f 1880//1880 496//496 1879//1879
f 1879//1879 496//496 493//493
f 1879//1879 493//493 1848//1848
f 1848//1848 493//493 492//492
f 1848//1848 492//492 1849//1849
f 1849//1849 492//492 1878//1878
f 1878//1878 492//492 487//487
f 1878//1878 487//487 1850//1850
f 1850//1850 487//487 489//489
f 1850//1850 489//489 1851//1851
f 1851//1851 489//489 442//442
f 1851//1851 442//442 1875//1875
f 1875//1875 442//442 481//481
f 1875//1875 481//481 1876//1876
f 1876//1876 481//481 474//474
f 1876//1876 474//474 1873//1873
f 1873//1873 474//474 476//476
f 1873//1873 476//476 1872//1872
f 1872//1872 476//476 1853//1853
f 1853//1853 476//476 478//478
f 1853//1853 478//478 1854//1854
f 1854//1854 478//478 445//445
f 1854//1854 445//445 1856//1856
f 1856//1856 445//445 468//468
f 1856//1856 468//468 1857//1857
f 1857//1857 468//468 465//465
f 1857//1857 465//465 1867//1867
f 1867//1867 465//465 460//460
f 1867//1867 460//460 1869//1869
f 1869//1869 460//460 462//462
f 1869//1869 462//462 1864//1864
f 1864//1864 462//462 1865//1865
f 1865//1865 462//462 458//458
f 1865//1865 458//458 1903//1903
f 1903//1903 458//458 456//456
f 1903//1903 456//456 1862//1862
f 1862//1862 456//456 448//448
f 1862//1862 448//448 1859//1859
f 431//431 1860//1860 452//452
f 452//452 1860//1860 1859//1859
f 452//452 1859//1859 450//450
f 450//450 1859//1859 448//448
f 1980//1980 1981//1981 1982//1982
f 1982//1982 1981//1981 1983//1983
f 435//435 437//437 1979//1979
f 1979//1979 1980//1980 435//435
f 435//435 1980//1980 1982//1982
f 435//435 1982//1982 429//429
f 429//429 1982//1982 1983//1983
f 429//429 1983//1983 431//431
f 431//431 1983//1983 1860//1860
f 1644//1644 1984//1984 1985//1985
f 1986//1986 1987//1987 1988//1988
f 1989//1989 1971//1971 1739//1739
f 1986//1986 1988//1988 1990//1990
f 1990//1990 1988//1988 1984//1984
f 1990//1990 1984//1984 1991//1991
f 1644//1644 1632//1632 1984//1984
f 1984//1984 1632//1632 1992//1992
f 1984//1984 1992//1992 1991//1991
f 1725//1725 1648//1648 1645//1645
f 1985//1985 1984//1984 1993//1993
f 1993//1993 1984//1984 1988//1988
f 1993//1993 1988//1988 1989//1989
f 1989//1989 1988//1988 1987//1987
f 1989//1989 1987//1987 1971//1971
f 1971//1971 1987//1987 1986//1986
f 1971//1971 1986//1986 1936//1936
f 1739//1739 1740//1740 1989//1989
f 1989//1989 1740//1740 1741//1741
f 1989//1989 1741//1741 1993//1993
f 1993//1993 1741//1741 1725//1725
f 1993//1993 1725//1725 1985//1985
f 1985//1985 1725//1725 1645//1645
f 1985//1985 1645//1645 1644//1644
f 1966//1966 799//799 801//801
f 1966//1966 801//801 1975//1975
f 1975//1975 801//801 505//505
f 1975//1975 505//505 1884//1884
f 1815//1815 1814//1814 1478//1478
f 1843//1843 1842//1842 1467//1467
f 1463//1463 1840//1840 1288//1288
f 1288//1288 1840//1840 1305//1305
f 1467//1467 1842//1842 1463//1463
f 1463//1463 1842//1842 1841//1841
f 1463//1463 1841//1841 1840//1840
f 1843//1843 1467//1467 1817//1817
f 1817//1817 1467//1467 1466//1466
f 1817//1817 1466//1466 1818//1818
f 1474//1474 1825//1825 1472//1472
f 1472//1472 1825//1825 1823//1823
f 1472//1472 1823//1823 1470//1470
f 1470//1470 1823//1823 1821//1821
f 1470//1470 1821//1821 1466//1466
f 1466//1466 1821//1821 1820//1820
f 1466//1466 1820//1820 1818//1818
f 1478//1478 1814//1814 1475//1475
f 1475//1475 1814//1814 1812//1812
f 1475//1475 1812//1812 1474//1474
f 1474//1474 1812//1812 1826//1826
f 1474//1474 1826//1826 1825//1825
f 1815//1815 1478//1478 1994//1994
f 1994//1994 1478//1478 1461//1461
f 1994//1994 1461//1461 1995//1995
f 1959//1959 1436//1436 1438//1438
f 1959//1959 1438//1438 1960//1960
f 1960//1960 1438//1438 1440//1440
f 1960//1960 1440//1440 1961//1961
f 1961//1961 1440//1440 1443//1443
f 1961//1961 1443//1443 1962//1962
f 1962//1962 1443//1443 1445//1445
f 1962//1962 1445//1445 1963//1963
f 1963//1963 1445//1445 1446//1446
f 1963//1963 1446//1446 1964//1964
f 1964//1964 1446//1446 1448//1448
f 1964//1964 1448//1448 1965//1965
f 1965//1965 1448//1448 1450//1450
f 1965//1965 1450//1450 1970//1970
f 1970//1970 1450//1450 1452//1452
f 1970//1970 1452//1452 1969//1969
f 1452//1452 1454//1454 1969//1969
f 1969//1969 1454//1454 1456//1456
f 1969//1969 1456//1456 1968//1968
f 1968//1968 1456//1456 1458//1458
f 1968//1968 1458//1458 1967//1967
f 1967//1967 1458//1458 799//799
f 1967//1967 799//799 1966//1966
f 1995//1995 1461//1461 1996//1996
f 1996//1996 1461//1461 1460//1460
f 1996//1996 1460//1460 1959//1959
f 1959//1959 1460//1460 1436//1436
f 1997//1997 1790//1790 1789//1789
f 1998//1998 1997//1997 1999//1999
f 1997//1997 1789//1789 1999//1999
f 1999//1999 1789//1789 1831//1831
f 1999//1999 1831//1831 2000//2000
f 2000//2000 1831//1831 1810//1810
f 2000//2000 1810//1810 2001//2001
f 2001//2001 1810//1810 1809//1809
f 2001//2001 1809//1809 2002//2002
f 2002//2002 1809//1809 1813//1813
f 2002//2002 1813//1813 2003//2003
f 2003//2003 1813//1813 1815//1815
f 2003//2003 1815//1815 1994//1994
f 1998//1998 1999//1999 2004//2004
f 2004//2004 1999//1999 2000//2000
f 2004//2004 2000//2000 2005//2005
f 2005//2005 2000//2000 2001//2001
f 2005//2005 2001//2001 2006//2006
f 2006//2006 2001//2001 2002//2002
f 2006//2006 2002//2002 2007//2007
f 2007//2007 2002//2002 2003//2003
f 2007//2007 2003//2003 2008//2008
f 2008//2008 2003//2003 1994//1994
f 2008//2008 1994//1994 1995//1995
f 2009//2009 1998//1998 2004//2004
f 1996//1996 1959//1959 1954//1954
f 1995//1995 1996//1996 2008//2008
f 2008//2008 1996//1996 1954//1954
f 2008//2008 1954//1954 2007//2007
f 2007//2007 1954//1954 1950//1950
f 2007//2007 1950//1950 2006//2006
f 2006//2006 1950//1950 1949//1949
f 2006//2006 1949//1949 2005//2005
f 2005//2005 1949//1949 1948//1948
f 2005//2005 1948//1948 2004//2004
f 2004//2004 1948//1948 1924//1924
f 2004//2004 1924//1924 2009//2009
f 2009//2009 1924//1924 1923//1923
f 2010//2010 1680//1680 1679//1679
f 1679//1679 1684//1684 2010//2010
f 2010//2010 1684//1684 2011//2011
f 2010//2010 2011//2011 2012//2012
f 1976//1976 2010//2010 1977//1977
f 1977//1977 2010//2010 2012//2012
f 1977//1977 2012//2012 1978//1978
f 1978//1978 2012//2012 2013//2013
f 1978//1978 2013//2013 1979//1979
f 2014//2014 1901//1901 1899//1899
f 1901//1901 2014//2014 1693//1693
f 1683//1683 1687//1687 2015//2015
f 2015//2015 1687//1687 1686//1686
f 2015//2015 1686//1686 2016//2016
f 2016//2016 1686//1686 1690//1690
f 2016//2016 1690//1690 2014//2014
f 2014//2014 1690//1690 1689//1689
f 2014//2014 1689//1689 1693//1693
f 1861//1861 1860//1860 2017//2017
f 2017//2017 1860//1860 1983//1983
f 2017//2017 1983//1983 2018//2018
f 2018//2018 1983//1983 1981//1981
f 2018//2018 1981//1981 2019//2019
f 2019//2019 1981//1981 1980//1980
f 2012//2012 2019//2019 2013//2013
f 2013//2013 2019//2019 1980//1980
f 2013//2013 1980//1980 1979//1979
f 1861//1861 2017//2017 2020//2020
f 2020//2020 2017//2017 2018//2018
f 2020//2020 2018//2018 2021//2021
f 2021//2021 2018//2018 2019//2019
f 2021//2021 2019//2019 2022//2022
f 2022//2022 2019//2019 2012//2012
f 2022//2022 2012//2012 2011//2011
f 1684//1684 1683//1683 2011//2011
f 2011//2011 1683//1683 2015//2015
f 2011//2011 2015//2015 2022//2022
f 2022//2022 2015//2015 2016//2016
f 2022//2022 2016//2016 2021//2021
f 2021//2021 2016//2016 2014//2014
f 2021//2021 2014//2014 2020//2020
f 2020//2020 2014//2014 1899//1899
f 2020//2020 1899//1899 1861//1861
f 2023//2023 2024//2024 2025//2025
f 2025//2025 2024//2024 1680//1680
f 2025//2025 1680//1680 2010//2010
f 1600//1600 2024//2024 1591//1591
f 1591//1591 2024//2024 2023//2023
f 1591//1591 2023//2023 1592//1592
f 1592//1592 2023//2023 2026//2026
f 2026//2026 2023//2023 2027//2027
f 2027//2027 2023//2023 2025//2025
f 2027//2027 2025//2025 2028//2028
f 2028//2028 2025//2025 2010//2010
f 2028//2028 2010//2010 1976//1976
f 1976//1976 796//796 1490//1490
f 1976//1976 1490//1490 2028//2028
f 2029//2029 2030//2030 1495//1495
f 1495//1495 2030//2030 2028//2028
f 1495//1495 2028//2028 1493//1493
f 1493//1493 2028//2028 1490//1490
f 1592//1592 2026//2026 2030//2030
f 2030//2030 2026//2026 2027//2027
f 2030//2030 2027//2027 2028//2028
f 1592//1592 2030//2030 2031//2031
f 2031//2031 2030//2030 2029//2029
f 2031//2031 2029//2029 2032//2032
f 2032//2032 2029//2029 2033//2033
f 2032//2032 2033//2033 2034//2034
f 2034//2034 2033//2033 2035//2035
f 2034//2034 2035//2035 2036//2036
f 2036//2036 2035//2035 2037//2037
f 2036//2036 2037//2037 2038//2038
f 2038//2038 2037//2037 2039//2039
f 2038//2038 2039//2039 2040//2040
f 2039//2039 1413//1413 1412//1412
f 2040//2040 2039//2039 1589//1589
f 1589//1589 2039//2039 1412//1412
f 1589//1589 1412//1412 1590//1590
f 1409//1409 2041//2041 1410//1410
f 1410//1410 2041//2041 1479//1479
f 1410//1410 1479//1479 1411//1411
f 1409//1409 1413//1413 2041//2041
f 2041//2041 1413//1413 2039//2039
f 2041//2041 2039//2039 2042//2042
f 2042//2042 2039//2039 2037//2037
f 2033//2033 1502//1502 2035//2035
f 2035//2035 1502//1502 1503//1503
f 2035//2035 1503//1503 2037//2037
f 2037//2037 1503//1503 1505//1505
f 2037//2037 1505//1505 2042//2042
f 2042//2042 1505//1505 1508//1508
f 2042//2042 1508//1508 2041//2041
f 2041//2041 1508//1508 1509//1509
f 2041//2041 1509//1509 1479//1479
f 1495//1495 1496//1496 2029//2029
f 2029//2029 1496//1496 1498//1498
f 2029//2029 1498//1498 2033//2033
f 2033//2033 1498//1498 1500//1500
f 2033//2033 1500//1500 1502//1502
f 2043//2043 1333//1333 2044//2044
f 2044//2044 1333//1333 1335//1335
f 1344//1344 1342//1342 2045//2045
f 1615//1615 1618//1618 2046//2046
f 2046//2046 1618//1618 2047//2047
f 2046//2046 2047//2047 1352//1352
f 2045//2045 1342//1342 2048//2048
f 2048//2048 1342//1342 1340//1340
f 2048//2048 1340//1340 2049//2049
f 2049//2049 1340//1340 1339//1339
f 2049//2049 1339//1339 2047//2047
f 2047//2047 1339//1339 1350//1350
f 2047//2047 1350//1350 1352//1352
f 1344//1344 2045//2045 1346//1346
f 1346//1346 2045//2045 2050//2050
f 1346//1346 2050//2050 1347//1347
f 1347//1347 2050//2050 2051//2051
f 1347//1347 2051//2051 1312//1312
f 2051//2051 2052//2052 1312//1312
f 1312//1312 2052//2052 2053//2053
f 1312//1312 2053//2053 1335//1335
f 2054//2054 1322//1322 2055//2055
f 2055//2055 1322//1322 1324//1324
f 2055//2055 1324//1324 2056//2056
f 2056//2056 1324//1324 1327//1327
f 2056//2056 1327//1327 2057//2057
f 2057//2057 1327//1327 1330//1330
f 2057//2057 1330//1330 2043//2043
f 2043//2043 1330//1330 1332//1332
f 2043//2043 1332//1332 1333//1333
f 2058//2058 1315//1315 1317//1317
f 1431//1431 2058//2058 2059//2059
f 2059//2059 2058//2058 1317//1317
f 2059//2059 1317//1317 2054//2054
f 2054//2054 1317//1317 1319//1319
f 2054//2054 1319//1319 1322//1322
f 2057//2057 1426//1426 2056//2056
f 2056//2056 1426//1426 1435//1435
f 2056//2056 1435//1435 2055//2055
f 2055//2055 1435//1435 1434//1434
f 2055//2055 1434//1434 2054//2054
f 2054//2054 1434//1434 1433//1433
f 2054//2054 1433//1433 2059//2059
f 2059//2059 1433//1433 1432//1432
f 2059//2059 1432//1432 1431//1431
f 1335//1335 2053//2053 2044//2044
f 2044//2044 2053//2053 1424//1424
f 2044//2044 1424//1424 2043//2043
f 2043//2043 1424//1424 1423//1423
f 2043//2043 1423//1423 2057//2057
f 2057//2057 1423//1423 1427//1427
f 2057//2057 1427//1427 1426//1426
f 1618//1618 1620//1620 2047//2047
f 2047//2047 1620//1620 1621//1621
f 2047//2047 1621//1621 2049//2049
f 2049//2049 1621//1621 1613//1613
f 2049//2049 1613//1613 2048//2048
f 2048//2048 1613//1613 1392//1392
f 2048//2048 1392//1392 2045//2045
f 2045//2045 1392//1392 1389//1389
f 2045//2045 1389//1389 2050//2050
f 2050//2050 1389//1389 1418//1418
f 2050//2050 1418//1418 2051//2051
f 2051//2051 1418//1418 1417//1417
f 2051//2051 1417//1417 2052//2052
f 2052//2052 1417//1417 1421//1421
f 2052//2052 1421//1421 2053//2053
f 2053//2053 1421//1421 1420//1420
f 2053//2053 1420//1420 1424//1424
f 1356//1356 1355//1355 2060//2060
f 1616//1616 1615//1615 2046//2046
f 1352//1352 1356//1356 2046//2046
f 2046//2046 1356//1356 2060//2060
f 2046//2046 2060//2060 1616//1616
f 2061//2061 2062//2062 2063//2063
f 2063//2063 2062//2062 1616//1616
f 2063//2063 1616//1616 2060//2060
f 2064//2064 2065//2065 2066//2066
f 2066//2066 2065//2065 2067//2067
f 2066//2066 2067//2067 2068//2068
f 2068//2068 2067//2067 2069//2069
f 2068//2068 2069//2069 2070//2070
f 2070//2070 2069//2069 2071//2071
f 2070//2070 2071//2071 2072//2072
f 2072//2072 2071//2071 2073//2073
f 2072//2072 2073//2073 2074//2074
f 2074//2074 2073//2073 2075//2075
f 2074//2074 2075//2075 2076//2076
f 2076//2076 2075//2075 2077//2077
f 2076//2076 2077//2077 2061//2061
f 2061//2061 2077//2077 2078//2078
f 2061//2061 2078//2078 2062//2062
f 2079//2079 2080//2080 2081//2081
f 2081//2081 2080//2080 2082//2082
f 2081//2081 2082//2082 2083//2083
f 2084//2084 2085//2085 2086//2086
f 2086//2086 2085//2085 2087//2087
f 2086//2086 2087//2087 2079//2079
f 2079//2079 2087//2087 2088//2088
f 2079//2079 2088//2088 2080//2080
f 2089//2089 2090//2090 2091//2091
f 2091//2091 2090//2090 2092//2092
f 2091//2091 2092//2092 2084//2084
f 2084//2084 2092//2092 2093//2093
f 2084//2084 2093//2093 2085//2085
f 2094//2094 2095//2095 2089//2089
f 2089//2089 2091//2091 2094//2094
f 2094//2094 2091//2091 1386//1386
f 2094//2094 1386//1386 1388//1388
f 2083//2083 1376//1376 2081//2081
f 2081//2081 1376//1376 1377//1377
f 2081//2081 1377//1377 2079//2079
f 2079//2079 1377//1377 1379//1379
f 2079//2079 1379//1379 2086//2086
f 2086//2086 1379//1379 1380//1380
f 2086//2086 1380//1380 2084//2084
f 2084//2084 1380//1380 1382//1382
f 2084//2084 1382//1382 2091//2091
f 2091//2091 1382//1382 1384//1384
f 2091//2091 1384//1384 1386//1386
f 1370//1370 1371//1371 2083//2083
f 2083//2083 1371//1371 1373//1373
f 2083//2083 1373//1373 1376//1376
f 2061//2061 1359//1359 2076//2076
f 2076//2076 1359//1359 1361//1361
f 2076//2076 1361//1361 2074//2074
f 2074//2074 1361//1361 1365//1365
f 2074//2074 1365//1365 2072//2072
f 2072//2072 1365//1365 1364//1364
f 2072//2072 1364//1364 2070//2070
f 2070//2070 1364//1364 1368//1368
f 2070//2070 1368//1368 2068//2068
f 2068//2068 1368//1368 1370//1370
f 2068//2068 1370//1370 2066//2066
f 2066//2066 1370//1370 2083//2083
f 2066//2066 2083//2083 2064//2064
f 2064//2064 2083//2083 2082//2082
f 2060//2060 1355//1355 2063//2063
f 2063//2063 1355//1355 1354//1354
f 2063//2063 1354//1354 2061//2061
f 2061//2061 1354//1354 1311//1311
f 2061//2061 1311//1311 1359//1359
f 2095//2095 2096//2096 2089//2089
f 2089//2089 2096//2096 2097//2097
f 2089//2089 2097//2097 2090//2090
f 2090//2090 2097//2097 2092//2092
f 2092//2092 2097//2097 2098//2098
f 2092//2092 2098//2098 2093//2093
f 2098//2098 2099//2099 2093//2093
f 2093//2093 2099//2099 2100//2100
f 2093//2093 2100//2100 2085//2085
f 2085//2085 2100//2100 2101//2101
f 2085//2085 2101//2101 2087//2087
f 2087//2087 2101//2101 2088//2088
f 2088//2088 2101//2101 2102//2102
f 2088//2088 2102//2102 2080//2080
f 2102//2102 2103//2103 2080//2080
f 2080//2080 2103//2103 2104//2104
f 2080//2080 2104//2104 2082//2082
f 2082//2082 2104//2104 2105//2105
f 2106//2106 2075//2075 2107//2107
f 2107//2107 2075//2075 2073//2073
f 2107//2107 2073//2073 2108//2108
f 2108//2108 2073//2073 2071//2071
f 2108//2108 2071//2071 2109//2109
f 2109//2109 2071//2071 2069//2069
f 2109//2109 2069//2069 2110//2110
f 2110//2110 2069//2069 2067//2067
f 2110//2110 2067//2067 2111//2111
f 2111//2111 2067//2067 2065//2065
f 2111//2111 2065//2065 2105//2105
f 2105//2105 2065//2065 2064//2064
f 2105//2105 2064//2064 2082//2082
f 2106//2106 2112//2112 2075//2075
f 2075//2075 2112//2112 2113//2113
f 2075//2075 2113//2113 2077//2077
f 2077//2077 2113//2113 2114//2114
f 2077//2077 2114//2114 2078//2078
f 1617//1617 1616//1616 2062//2062
f 1617//1617 2062//2062 1580//1580
f 2078//2078 2114//2114 2062//2062
f 2062//2062 2114//2114 2115//2115
f 2062//2062 2115//2115 1580//1580
f 2116//2116 2117//2117 2118//2118
f 2119//2119 2120//2120 2121//2121
f 2122//2122 2123//2123 2124//2124
f 2125//2125 2126//2126 2127//2127
f 2128//2128 2129//2129 2130//2130
f 2131//2131 2132//2132 2133//2133
f 2134//2134 2135//2135 2136//2136
f 2132//2132 2131//2131 2137//2137
f 2138//2138 2139//2139 2140//2140
f 2141//2141 2142//2142 2143//2143
f 2115//2115 1581//1581 1580//1580
f 2112//2112 2106//2106 2144//2144
f 2145//2145 2146//2146 2147//2147
f 2148//2148 2149//2149 2150//2150
f 2151//2151 1765//1765 1764//1764
f 1775//1775 2152//2152 2153//2153
f 1783//1783 2154//2154 2122//2122
f 2154//2154 1783//1783 1785//1785
f 1634//1634 2155//2155 2156//2156
f 1672//1672 2157//2157 1646//1646
f 1611//1611 2158//2158 2159//2159
f 1610//1610 1581//1581 2160//2160
f 1611//1611 2159//2159 1607//1607
f 1597//1597 1595//1595 2161//2161
f 2161//2161 1595//1595 1594//1594
f 2161//2161 1594//1594 2162//2162
f 2162//2162 1594//1594 1603//1603
f 2162//2162 1603//1603 1605//1605
f 1738//1738 1681//1681 2163//2163
f 2163//2163 1681//1681 1680//1680
f 2163//2163 1680//1680 2164//2164
f 2164//2164 1680//1680 2024//2024
f 2165//2165 1737//1737 1738//1738
f 1674//1674 1673//1673 2166//2166
f 1672//1672 1671//1671 2166//2166
f 1674//1674 2166//2166 1676//1676
f 1676//1676 2166//2166 1671//1671
f 1676//1676 1671//1671 1667//1667
f 1646//1646 2157//2157 1635//1635
f 1635//1635 2157//2157 2167//2167
f 1635//1635 2167//2167 1634//1634
f 1638//1638 1637//1637 2156//2156
f 1637//1637 1636//1636 2156//2156
f 2156//2156 1636//1636 1633//1633
f 2156//2156 1633//1633 1634//1634
f 1643//1643 1642//1642 2168//2168
f 2168//2168 1642//1642 2169//2169
f 2168//2168 2169//2169 2170//2170
f 1639//1639 2171//2171 1640//1640
f 1640//1640 2171//2171 2172//2172
f 1641//1641 2173//2173 1622//1622
f 1622//1622 2173//2173 2174//2174
f 1622//1622 2174//2174 1623//1623
f 1623//1623 2174//2174 2175//2175
f 1623//1623 2175//2175 1625//1625
f 1625//1625 2175//2175 1626//1626
f 2176//2176 1629//1629 1628//1628
f 2176//2176 1628//1628 2177//2177
f 2176//2176 2178//2178 1629//1629
f 1629//1629 2178//2178 2179//2179
f 1629//1629 2179//2179 1630//1630
f 1630//1630 2179//2179 1631//1631
f 1632//1632 1631//1631 1992//1992
f 1992//1992 1631//1631 2179//2179
f 1992//1992 2179//2179 1991//1991
f 1991//1991 2179//2179 2178//2178
f 1991//1991 2178//2178 1990//1990
f 1936//1936 1986//1986 1934//1934
f 1934//1934 1986//1986 2180//2180
f 2181//2181 1947//1947 2182//2182
f 2182//2182 1947//1947 1932//1932
f 2183//2183 1930//1930 2181//2181
f 2181//2181 1930//1930 1929//1929
f 2181//2181 1929//1929 1947//1947
f 1923//1923 1922//1922 2184//2184
f 2184//2184 1922//1922 1925//1925
f 2184//2184 1925//1925 2185//2185
f 2185//2185 1925//1925 1927//1927
f 2185//2185 1927//1927 2183//2183
f 2183//2183 1927//1927 1928//1928
f 2183//2183 1928//1928 1930//1930
f 1998//1998 2186//2186 1997//1997
f 1997//1997 2186//2186 2187//2187
f 1997//1997 2187//2187 1790//1790
f 1790//1790 2187//2187 1788//1788
f 2188//2188 1786//1786 1788//1788
f 2124//2124 2189//2189 1778//1778
f 1779//1779 1781//1781 2190//2190
f 2152//2152 1775//1775 2189//2189
f 2189//2189 1775//1775 1776//1776
f 2189//2189 1776//1776 1778//1778
f 2191//2191 1771//1771 2153//2153
f 2153//2153 1771//1771 1773//1773
f 2153//2153 1773//1773 1775//1775
f 2149//2149 2192//2192 2150//2150
f 2150//2150 2192//2192 2151//2151
f 2150//2150 2151//2151 2193//2193
f 2193//2193 2151//2151 1764//1764
f 2193//2193 1764//1764 1768//1768
f 2194//2194 2195//2195 2148//2148
f 2146//2146 2196//2196 2147//2147
f 2147//2147 2196//2196 2197//2197
f 2147//2147 2197//2197 2198//2198
f 2199//2199 2200//2200 2201//2201
f 2201//2201 2200//2200 2202//2202
f 2096//2096 2203//2203 2204//2204
f 2204//2204 2203//2203 2205//2205
f 2100//2100 2099//2099 2206//2206
f 2206//2206 2099//2099 2098//2098
f 2206//2206 2098//2098 2097//2097
f 2102//2102 2207//2207 2103//2103
f 2103//2103 2207//2207 2104//2104
f 2107//2107 2108//2108 2208//2208
f 2208//2208 2108//2108 2109//2109
f 2208//2208 2109//2109 2209//2209
f 2144//2144 2106//2106 2127//2127
f 1581//1581 2115//2115 2160//2160
f 2160//2160 2115//2115 2114//2114
f 2160//2160 2114//2114 2144//2144
f 2144//2144 2114//2114 2113//2113
f 2144//2144 2113//2113 2112//2112
f 1642//1642 1638//1638 2169//2169
f 2169//2169 1638//1638 2156//2156
f 2169//2169 2156//2156 2210//2210
f 2210//2210 2156//2156 2155//2155
f 1738//1738 2163//2163 2165//2165
f 2165//2165 2163//2163 2164//2164
f 2165//2165 2164//2164 2211//2211
f 2211//2211 2164//2164 2024//2024
f 2211//2211 2024//2024 2212//2212
f 2212//2212 2024//2024 1600//1600
f 2212//2212 1600//1600 1599//1599
f 1597//1597 2161//2161 1599//1599
f 1599//1599 2161//2161 2213//2213
f 1599//1599 2213//2213 2212//2212
f 2212//2212 2213//2213 2214//2214
f 2212//2212 2214//2214 2211//2211
f 2211//2211 2214//2214 2166//2166
f 2211//2211 2166//2166 2165//2165
f 2165//2165 2166//2166 1673//1673
f 2165//2165 1673//1673 1737//1737
f 2215//2215 2216//2216 2217//2217
f 2217//2217 2216//2216 2218//2218
f 2217//2217 2218//2218 2219//2219
f 2140//2140 2139//2139 2141//2141
f 2141//2141 2139//2139 2220//2220
f 2141//2141 2220//2220 2142//2142
f 2221//2221 2222//2222 2223//2223
f 2223//2223 2222//2222 2224//2224
f 2223//2223 2224//2224 2135//2135
f 2170//2170 2169//2169 2225//2225
f 2225//2225 2169//2169 2210//2210
f 2225//2225 2210//2210 2215//2215
f 2215//2215 2210//2210 2226//2226
f 2215//2215 2226//2226 2216//2216
f 1634//1634 2167//2167 2155//2155
f 2155//2155 2167//2167 2227//2227
f 2155//2155 2227//2227 2210//2210
f 2210//2210 2227//2227 2228//2228
f 2210//2210 2228//2228 2226//2226
f 2226//2226 2228//2228 2229//2229
f 2226//2226 2229//2229 2216//2216
f 2135//2135 2134//2134 2223//2223
f 2223//2223 2134//2134 2230//2230
f 2223//2223 2230//2230 2221//2221
f 2126//2126 2125//2125 2131//2131
f 2131//2131 2125//2125 2231//2231
f 2131//2131 2231//2231 2137//2137
f 2138//2138 2140//2140 2232//2232
f 2232//2232 2140//2140 2233//2233
f 2232//2232 2233//2233 2234//2234
f 2128//2128 2130//2130 2235//2235
f 2235//2235 2130//2130 2236//2236
f 2235//2235 2236//2236 2237//2237
f 2235//2235 2238//2238 2128//2128
f 2128//2128 2238//2238 2133//2133
f 2128//2128 2133//2133 2129//2129
f 2129//2129 2133//2133 2132//2132
f 2129//2129 2132//2132 2239//2239
f 2239//2239 2132//2132 2137//2137
f 2106//2106 2107//2107 2127//2127
f 2127//2127 2107//2107 2208//2208
f 2127//2127 2208//2208 2125//2125
f 2125//2125 2208//2208 2209//2209
f 2125//2125 2209//2209 2231//2231
f 2231//2231 2209//2209 2109//2109
f 2231//2231 2109//2109 2137//2137
f 2137//2137 2109//2109 2110//2110
f 2137//2137 2110//2110 2239//2239
f 2239//2239 2110//2110 2111//2111
f 2239//2239 2111//2111 2129//2129
f 2129//2129 2111//2111 2105//2105
f 2129//2129 2105//2105 2130//2130
f 2130//2130 2105//2105 2104//2104
f 2130//2130 2104//2104 2236//2236
f 2236//2236 2104//2104 2207//2207
f 2236//2236 2207//2207 2237//2237
f 2237//2237 2207//2207 2102//2102
f 2237//2237 2102//2102 2101//2101
f 1672//1672 2166//2166 2157//2157
f 2157//2157 2166//2166 2214//2214
f 2157//2157 2214//2214 2167//2167
f 2167//2167 2214//2214 2213//2213
f 2167//2167 2213//2213 2227//2227
f 2227//2227 2213//2213 2161//2161
f 2227//2227 2161//2161 2228//2228
f 2228//2228 2161//2161 2162//2162
f 2228//2228 2162//2162 2229//2229
f 1605//1605 1607//1607 2162//2162
f 2162//2162 1607//1607 2159//2159
f 2162//2162 2159//2159 2229//2229
f 2229//2229 2159//2159 2136//2136
f 2229//2229 2136//2136 2216//2216
f 2216//2216 2136//2136 2135//2135
f 2216//2216 2135//2135 2218//2218
f 2218//2218 2135//2135 2224//2224
f 2218//2218 2224//2224 2219//2219
f 2219//2219 2224//2224 2222//2222
f 2219//2219 2222//2222 2240//2240
f 2240//2240 2222//2222 2221//2221
f 2240//2240 2221//2221 2241//2241
f 1611//1611 1610//1610 2158//2158
f 2158//2158 1610//1610 2160//2160
f 2158//2158 2160//2160 2159//2159
f 2159//2159 2160//2160 2144//2144
f 2159//2159 2144//2144 2136//2136
f 2136//2136 2144//2144 2127//2127
f 2136//2136 2127//2127 2134//2134
f 2134//2134 2127//2127 2126//2126
f 2134//2134 2126//2126 2230//2230
f 2230//2230 2126//2126 2131//2131
f 2230//2230 2131//2131 2221//2221
f 2221//2221 2131//2131 2133//2133
f 2221//2221 2133//2133 2241//2241
f 2241//2241 2133//2133 2238//2238
f 1778//1778 1779//1779 2124//2124
f 2124//2124 1779//1779 2190//2190
f 2124//2124 2190//2190 2122//2122
f 2122//2122 2190//2190 1781//1781
f 2122//2122 1781//1781 1783//1783
f 2242//2242 2243//2243 2244//2244
f 2244//2244 2243//2243 2245//2245
f 2244//2244 2245//2245 2246//2246
f 2246//2246 2245//2245 2247//2247
f 2246//2246 2247//2247 2248//2248
f 2248//2248 2247//2247 2249//2249
f 2248//2248 2249//2249 2250//2250
f 2123//2123 2242//2242 2124//2124
f 2124//2124 2242//2242 2244//2244
f 2124//2124 2244//2244 2189//2189
f 2189//2189 2244//2244 2246//2246
f 2189//2189 2246//2246 2152//2152
f 2152//2152 2246//2246 2248//2248
f 2152//2152 2248//2248 2153//2153
f 2153//2153 2248//2248 2250//2250
f 2153//2153 2250//2250 2191//2191
f 2120//2120 2119//2119 2251//2251
f 2251//2251 2119//2119 2252//2252
f 2251//2251 2252//2252 2253//2253
f 2148//2148 2150//2150 2194//2194
f 2194//2194 2150//2150 2193//2193
f 2194//2194 2193//2193 2254//2254
f 1768//1768 1767//1767 2193//2193
f 2193//2193 1767//1767 2255//2255
f 2193//2193 2255//2255 2254//2254
f 2254//2254 2255//2255 2256//2256
f 2254//2254 2256//2256 2257//2257
f 2257//2257 2256//2256 2258//2258
f 2257//2257 2258//2258 2259//2259
f 2259//2259 2258//2258 2201//2201
f 2259//2259 2201//2201 2260//2260
f 2260//2260 2201//2201 2202//2202
f 2259//2259 2145//2145 2257//2257
f 2257//2257 2145//2145 2147//2147
f 2257//2257 2147//2147 2254//2254
f 2254//2254 2147//2147 2198//2198
f 2254//2254 2198//2198 2194//2194
f 2194//2194 2198//2198 2261//2261
f 2194//2194 2261//2261 2195//2195
f 1766//1766 1771//1771 2262//2262
f 2262//2262 1771//1771 2191//2191
f 2262//2262 2191//2191 2263//2263
f 2263//2263 2191//2191 2264//2264
f 2263//2263 2264//2264 2265//2265
f 2265//2265 2264//2264 2266//2266
f 2265//2265 2266//2266 2117//2117
f 2121//2121 2267//2267 2268//2268
f 2268//2268 2267//2267 2269//2269
f 2268//2268 2269//2269 2270//2270
f 2270//2270 2269//2269 2271//2271
f 2116//2116 2201//2201 2117//2117
f 2117//2117 2201//2201 2258//2258
f 2117//2117 2258//2258 2265//2265
f 2265//2265 2258//2258 2256//2256
f 2265//2265 2256//2256 2263//2263
f 2263//2263 2256//2256 2255//2255
f 2263//2263 2255//2255 2262//2262
f 2262//2262 2255//2255 1767//1767
f 2262//2262 1767//1767 1766//1766
f 2272//2272 2273//2273 2274//2274
f 2249//2249 2253//2253 2250//2250
f 2250//2250 2253//2253 2252//2252
f 2250//2250 2252//2252 2191//2191
f 2191//2191 2252//2252 2119//2119
f 2191//2191 2119//2119 2264//2264
f 2264//2264 2119//2119 2121//2121
f 2264//2264 2121//2121 2266//2266
f 2266//2266 2121//2121 2268//2268
f 2266//2266 2268//2268 2117//2117
f 2117//2117 2268//2268 2270//2270
f 2117//2117 2270//2270 2118//2118
f 2118//2118 2270//2270 2271//2271
f 1932//1932 1934//1934 2182//2182
f 2182//2182 1934//1934 2180//2180
f 2182//2182 2180//2180 2181//2181
f 2181//2181 2180//2180 2275//2275
f 2181//2181 2275//2275 2183//2183
f 2183//2183 2275//2275 2276//2276
f 2183//2183 2276//2276 2185//2185
f 2185//2185 2276//2276 2277//2277
f 2185//2185 2277//2277 2184//2184
f 2184//2184 2277//2277 2278//2278
f 2184//2184 2278//2278 1923//1923
f 1923//1923 2278//2278 2186//2186
f 1923//1923 2186//2186 2009//2009
f 2009//2009 2186//2186 1998//1998
f 1628//1628 1627//1627 2177//2177
f 2177//2177 1627//1627 1626//1626
f 2177//2177 1626//1626 2279//2279
f 2279//2279 1626//1626 2175//2175
f 2279//2279 2175//2175 2280//2280
f 2280//2280 2175//2175 2174//2174
f 2280//2280 2174//2174 2281//2281
f 2282//2282 2281//2281 2283//2283
f 2283//2283 2281//2281 2174//2174
f 2283//2283 2174//2174 2172//2172
f 2172//2172 2174//2174 2173//2173
f 2172//2172 2173//2173 1640//1640
f 1640//1640 2173//2173 1641//1641
f 2284//2284 2285//2285 2286//2286
f 2286//2286 2285//2285 2287//2287
f 2286//2286 2287//2287 2282//2282
f 2282//2282 2283//2283 2286//2286
f 2286//2286 2283//2283 2172//2172
f 2286//2286 2172//2172 2284//2284
f 2284//2284 2172//2172 2171//2171
f 2284//2284 2171//2171 2288//2288
f 2288//2288 2171//2171 2289//2289
f 2288//2288 2289//2289 2290//2290
f 2290//2290 2289//2289 2291//2291
f 2290//2290 2291//2291 2292//2292
f 2292//2292 2291//2291 2293//2293
f 2292//2292 2293//2293 2294//2294
f 2294//2294 2293//2293 2295//2295
f 2294//2294 2295//2295 2296//2296
f 2296//2296 2295//2295 2297//2297
f 2296//2296 2297//2297 2143//2143
f 1639//1639 1643//1643 2171//2171
f 2171//2171 1643//1643 2168//2168
f 2171//2171 2168//2168 2289//2289
f 2289//2289 2168//2168 2170//2170
f 2289//2289 2170//2170 2291//2291
f 2291//2291 2170//2170 2225//2225
f 2291//2291 2225//2225 2293//2293
f 2293//2293 2225//2225 2215//2215
f 2293//2293 2215//2215 2295//2295
f 2295//2295 2215//2215 2217//2217
f 2295//2295 2217//2217 2297//2297
f 2297//2297 2217//2217 2219//2219
f 2297//2297 2219//2219 2143//2143
f 2143//2143 2219//2219 2240//2240
f 2143//2143 2240//2240 2141//2141
f 2141//2141 2240//2240 2241//2241
f 2141//2141 2241//2241 2140//2140
f 2140//2140 2241//2241 2238//2238
f 2140//2140 2238//2238 2233//2233
f 2233//2233 2238//2238 2235//2235
f 2233//2233 2235//2235 2234//2234
f 2234//2234 2235//2235 2237//2237
f 2234//2234 2237//2237 2272//2272
f 2272//2272 2237//2237 2101//2101
f 2272//2272 2101//2101 2273//2273
f 2273//2273 2101//2101 2100//2100
f 2273//2273 2100//2100 2274//2274
f 2274//2274 2100//2100 2206//2206
f 2274//2274 2206//2206 2204//2204
f 2204//2204 2206//2206 2097//2097
f 2204//2204 2097//2097 2096//2096
f 1785//1785 1786//1786 2154//2154
f 2154//2154 1786//1786 2188//2188
f 2154//2154 2188//2188 2122//2122
f 2122//2122 2188//2188 2298//2298
f 2122//2122 2298//2298 2123//2123
f 2123//2123 2298//2298 2299//2299
f 2123//2123 2299//2299 2242//2242
f 2242//2242 2299//2299 2300//2300
f 2242//2242 2300//2300 2243//2243
f 2243//2243 2300//2300 2301//2301
f 2243//2243 2301//2301 2245//2245
f 2245//2245 2301//2301 2302//2302
f 2245//2245 2302//2302 2247//2247
f 2247//2247 2302//2302 2303//2303
f 2247//2247 2303//2303 2249//2249
f 2249//2249 2303//2303 2304//2304
f 2249//2249 2304//2304 2253//2253
f 2253//2253 2304//2304 2305//2305
f 2253//2253 2305//2305 2251//2251
f 2251//2251 2305//2305 2306//2306
f 2251//2251 2306//2306 2120//2120
f 2120//2120 2306//2306 2307//2307
f 2120//2120 2307//2307 2121//2121
f 2121//2121 2307//2307 2308//2308
f 2121//2121 2308//2308 2267//2267
f 1986//1986 1990//1990 2180//2180
f 2180//2180 1990//1990 2178//2178
f 2180//2180 2178//2178 2275//2275
f 2275//2275 2178//2178 2176//2176
f 2275//2275 2176//2176 2276//2276
f 2276//2276 2176//2176 2177//2177
f 2276//2276 2177//2177 2277//2277
f 2277//2277 2177//2177 2279//2279
f 2277//2277 2279//2279 2278//2278
f 2278//2278 2279//2279 2280//2280
f 2278//2278 2280//2280 2186//2186
f 2186//2186 2280//2280 2281//2281
f 2186//2186 2281//2281 2187//2187
f 2187//2187 2281//2281 2282//2282
f 2187//2187 2282//2282 1788//1788
f 1788//1788 2282//2282 2287//2287
f 1788//1788 2287//2287 2188//2188
f 2188//2188 2287//2287 2285//2285
f 2188//2188 2285//2285 2298//2298
f 2298//2298 2285//2285 2284//2284
f 2298//2298 2284//2284 2299//2299
f 2299//2299 2284//2284 2288//2288
f 2299//2299 2288//2288 2300//2300
f 2300//2300 2288//2288 2290//2290
f 2300//2300 2290//2290 2301//2301
f 2301//2301 2290//2290 2292//2292
f 2301//2301 2292//2292 2302//2302
f 2302//2302 2292//2292 2294//2294
f 2302//2302 2294//2294 2303//2303
f 2303//2303 2294//2294 2296//2296
f 2303//2303 2296//2296 2304//2304
f 2304//2304 2296//2296 2143//2143
f 2304//2304 2143//2143 2305//2305
f 2305//2305 2143//2143 2142//2142
f 2305//2305 2142//2142 2306//2306
f 2306//2306 2142//2142 2220//2220
f 2306//2306 2220//2220 2307//2307
f 2307//2307 2220//2220 2139//2139
f 2307//2307 2139//2139 2308//2308
f 2308//2308 2139//2139 2138//2138
f 2308//2308 2138//2138 2267//2267
f 2267//2267 2138//2138 2232//2232
f 2267//2267 2232//2232 2269//2269
f 2269//2269 2232//2232 2234//2234
f 2269//2269 2234//2234 2271//2271
f 2271//2271 2234//2234 2272//2272
f 2271//2271 2272//2272 2118//2118
f 2118//2118 2272//2272 2274//2274
f 2118//2118 2274//2274 2116//2116
f 2116//2116 2274//2274 2204//2204
f 2116//2116 2204//2204 2201//2201
f 2201//2201 2204//2204 2205//2205
f 2201//2201 2205//2205 2199//2199
f 2309//2309 2310//2310 2311//2311
f 1592//1592 2312//2312 1593//1593
f 1596//1596 1598//1598 2313//2313
f 2313//2313 1598//1598 1593//1593
f 2313//2313 1593//1593 2032//2032
f 2032//2032 1593//1593 2312//2312
f 2032//2032 2312//2312 2031//2031
f 2031//2031 2312//2312 1592//1592
f 1609//1609 2311//2311 1612//1612
f 1612//1612 2311//2311 1588//1588
f 1612//1612 1588//1588 1587//1587
f 1589//1589 1588//1588 2040//2040
f 2040//2040 1588//1588 2311//2311
f 2040//2040 2311//2311 2038//2038
f 2038//2038 2311//2311 2310//2310
f 2038//2038 2310//2310 2036//2036
f 2036//2036 2310//2310 2314//2314
f 2036//2036 2314//2314 2034//2034
f 2034//2034 2314//2314 2315//2315
f 2034//2034 2315//2315 2316//2316
f 1609//1609 1608//1608 2311//2311
f 2311//2311 1608//1608 1606//1606
f 2311//2311 1606//1606 2309//2309
f 2309//2309 1606//1606 1604//1604
f 2309//2309 1604//1604 2310//2310
f 2310//2310 1604//1604 1602//1602
f 2310//2310 1602//1602 2314//2314
f 2314//2314 1602//1602 1601//1601
f 2314//2314 1601//1601 2315//2315
f 2315//2315 1601//1601 1596//1596
f 2315//2315 1596//1596 2316//2316
f 2316//2316 1596//1596 2313//2313
f 2316//2316 2313//2313 2034//2034
f 2034//2034 2313//2313 2032//2032
f 1033//1033 1032//1032 2317//2317
f 1033//1033 2317//2317 2318//2318
f 2319//2319 2320//2320 2321//2321
f 2321//2321 2320//2320 2322//2322
f 2321//2321 2322//2322 2323//2323
f 2323//2323 2322//2322 1400//1400
f 2323//2323 1400//1400 1488//1488
f 1396//1396 1394//1394 2320//2320
f 2320//2320 1394//1394 1393//1393
f 2320//2320 1393//1393 2322//2322
f 2322//2322 1393//1393 1398//1398
f 2322//2322 1398//1398 1400//1400
f 1397//1397 1396//1396 2317//2317
f 2317//2317 1396//1396 2320//2320
f 2317//2317 2320//2320 2318//2318
f 2318//2318 2320//2320 2319//2319
f 20//20 13//13 1033//1033
f 1488//1488 27//27 2323//2323
f 2323//2323 27//27 25//25
f 2323//2323 25//25 2321//2321
f 2321//2321 25//25 23//23
f 2321//2321 23//23 2319//2319
f 2319//2319 23//23 20//20
f 2319//2319 20//20 2318//2318
f 2318//2318 20//20 1033//1033
f 589//589 787//787 2324//2324
f 589//589 2324//2324 1252//1252
f 1252//1252 2324//2324 2325//2325
f 1252//1252 2325//2325 1256//1256
f 1256//1256 2325//2325 1540//1540
f 1256//1256 1540//1540 1254//1254
f 1545//1545 1540//1540 2325//2325
f 1545//1545 2325//2325 1543//1543
f 545//545 546//546 1543//1543
f 1543//1543 2325//2325 545//545
f 545//545 2325//2325 2324//2324
f 545//545 2324//2324 544//544
f 544//544 2324//2324 787//787
f 544//544 787//787 552//552
f 2326//2326 806//806 805//805
f 2326//2326 805//805 2327//2327
f 2327//2327 805//805 2328//2328
f 2328//2328 805//805 523//523
f 2328//2328 523//523 522//522
f 183//183 182//182 2329//2329
f 2329//2329 182//182 2330//2330
f 2329//2329 2330//2330 2331//2331
f 2331//2331 2330//2330 2332//2332
f 2331//2331 2332//2332 2333//2333
f 2333//2333 2332//2332 2334//2334
f 2334//2334 2332//2332 2335//2335
f 2334//2334 2335//2335 2336//2336
f 2336//2336 2335//2335 2337//2337
f 2336//2336 2337//2337 2338//2338
f 2338//2338 2337//2337 2339//2339
f 2338//2338 2339//2339 2340//2340
f 2340//2340 2339//2339 2341//2341
f 2340//2340 2341//2341 2342//2342
f 2342//2342 2341//2341 2343//2343
f 2342//2342 2343//2343 2344//2344
f 2344//2344 2343//2343 2345//2345
f 2344//2344 2345//2345 2346//2346
f 2347//2347 2348//2348 2349//2349
f 2345//2345 2350//2350 2346//2346
f 2346//2346 2350//2350 2347//2347
f 2346//2346 2347//2347 2351//2351
f 2351//2351 2347//2347 2349//2349
f 2349//2349 2348//2348 2352//2352
f 2352//2352 2348//2348 2353//2353
f 2352//2352 2353//2353 2354//2354
f 2354//2354 2353//2353 2355//2355
f 2355//2355 2353//2353 2356//2356
f 2355//2355 2356//2356 2357//2357
f 2357//2357 2356//2356 2358//2358
f 2357//2357 2358//2358 2359//2359
f 2359//2359 2358//2358 2360//2360
f 2359//2359 2360//2360 2361//2361
f 2361//2361 2360//2360 2362//2362
f 2361//2361 2362//2362 2363//2363
f 2363//2363 2362//2362 2364//2364
f 2363//2363 2364//2364 2365//2365
f 1282//1282 2366//2366 2367//2367
f 2367//2367 2366//2366 2368//2368
f 2367//2367 2368//2368 2369//2369
f 2369//2369 2368//2368 2370//2370
f 2369//2369 2370//2370 2371//2371
f 2371//2371 2370//2370 2365//2365
f 2371//2371 2365//2365 2372//2372
f 2372//2372 2365//2365 2364//2364
f 1291//1291 2373//2373 1278//1278
f 1278//1278 2373//2373 1279//1279
f 1279//1279 2373//2373 1280//1280
f 1280//1280 2373//2373 2374//2374
f 1280//1280 2374//2374 1281//1281
f 1281//1281 2374//2374 1283//1283
f 1283//1283 2374//2374 2366//2366
f 1283//1283 2366//2366 1282//1282
f 2375//2375 2376//2376 2377//2377
f 2377//2377 2376//2376 2378//2378
f 2377//2377 2378//2378 2379//2379
f 2379//2379 2378//2378 2380//2380
f 2379//2379 2380//2380 2381//2381
f 2381//2381 2380//2380 2382//2382
f 2381//2381 2382//2382 2383//2383
f 2383//2383 2382//2382 2384//2384
f 2383//2383 2384//2384 2//2
f 2//2 2384//2384 1034//1034
f 2//2 1034//1034 3//3
f 2385//2385 2386//2386 2387//2387
f 2387//2387 2386//2386 2388//2388
f 2387//2387 2388//2388 2389//2389
f 2389//2389 2388//2388 2390//2390
f 2389//2389 2390//2390 2391//2391
f 2391//2391 2390//2390 2392//2392
f 2391//2391 2392//2392 2393//2393
f 2393//2393 2392//2392 2394//2394
f 2393//2393 2394//2394 2395//2395
f 2395//2395 2394//2394 2396//2396
f 2395//2395 2396//2396 2397//2397
f 2397//2397 2396//2396 2398//2398
f 2397//2397 2398//2398 2375//2375
f 2375//2375 2398//2398 2376//2376
f 53//53 52//52 2399//2399
f 2399//2399 52//52 2400//2400
f 2399//2399 2400//2400 2401//2401
f 2401//2401 2400//2400 2402//2402
f 2401//2401 2402//2402 2403//2403
f 2403//2403 2402//2402 2404//2404
f 2403//2403 2404//2404 2385//2385
f 2385//2385 2404//2404 2405//2405
f 2385//2385 2405//2405 2386//2386
f 2406//2406 384//384 2407//2407
f 2407//2407 384//384 233//233
f 2406//2406 2407//2407 2408//2408
f 2408//2408 2407//2407 2409//2409
f 2408//2408 2409//2409 2410//2410
f 2411//2411 2412//2412 2409//2409
f 2409//2409 2412//2412 2413//2413
f 2409//2409 2413//2413 2410//2410
f 2414//2414 2415//2415 2409//2409
f 2409//2409 2415//2415 2416//2416
f 2409//2409 2416//2416 2411//2411
f 233//233 2417//2417 2407//2407
f 2407//2407 2417//2417 2418//2418
f 2407//2407 2418//2418 2409//2409
f 2409//2409 2418//2418 2419//2419
f 2409//2409 2419//2419 2414//2414
f 193//193 192//192 2420//2420
f 264//264 195//195 193//193
f 193//193 2420//2420 264//264
f 264//264 2420//2420 2421//2421
f 264//264 2421//2421 2422//2422
f 2422//2422 2423//2423 264//264
f 264//264 2423//2423 2424//2424
f 264//264 2424//2424 265//265
f 265//265 2424//2424 2425//2425
f 2426//2426 267//267 2425//2425
f 2425//2425 267//267 266//266
f 2425//2425 266//266 265//265
f 262//262 261//261 2426//2426
f 2426//2426 261//261 268//268
f 2426//2426 268//268 267//267
f 2426//2426 2427//2427 262//262
f 262//262 2427//2427 2428//2428
f 262//262 2428//2428 259//259
f 259//259 2428//2428 2429//2429
f 2429//2429 2430//2430 259//259
f 259//259 2430//2430 2431//2431
f 259//259 2431//2431 235//235
f 235//235 2431//2431 2417//2417
f 235//235 2417//2417 233//233
f 2406//2406 2408//2408 2432//2432
f 2433//2433 2434//2434 2411//2411
f 2411//2411 2434//2434 1177//1177
f 2411//2411 1177//1177 2412//2412
f 2412//2412 1177//1177 2435//2435
f 2412//2412 2435//2435 2413//2413
f 2413//2413 2435//2435 2432//2432
f 2413//2413 2432//2432 2410//2410
f 2410//2410 2432//2432 2408//2408
f 2432//2432 1185//1185 1187//1187
f 384//384 2406//2406 2436//2436
f 2436//2436 2406//2406 2432//2432
f 2436//2436 2432//2432 2437//2437
f 2437//2437 2432//2432 1187//1187
f 2437//2437 1187//1187 1189//1189
f 1177//1177 1176//1176 2435//2435
f 2435//2435 1176//1176 1181//1181
f 2435//2435 1181//1181 2432//2432
f 2432//2432 1181//1181 1183//1183
f 2432//2432 1183//1183 1185//1185
f 1041//1041 1292//1292 2438//2438
f 1156//1156 1238//1238 2439//2439
f 2439//2439 1238//1238 1240//1240
f 2439//2439 1240//1240 1242//1242
f 1242//1242 1244//1244 2439//2439
f 2439//2439 1244//1244 1247//1247
f 2439//2439 1247//1247 2440//2440
f 1299//1299 48//48 2441//2441
f 2441//2441 48//48 47//47
f 1247//1247 1249//1249 2440//2440
f 2440//2440 1249//1249 1246//1246
f 2440//2440 1246//1246 2438//2438
f 2438//2438 1246//1246 1039//1039
f 2438//2438 1039//1039 1041//1041
f 1184//1184 1182//1182 2442//2442
f 2442//2442 1182//1182 1180//1180
f 2442//2442 1180//1180 1179//1179
f 2443//2443 1211//1211 2444//2444
f 2444//2444 1211//1211 1213//1213
f 2444//2444 1213//1213 1208//1208
f 47//47 1229//1229 2441//2441
f 2441//2441 1229//1229 1231//1231
f 2441//2441 1231//1231 2445//2445
f 1163//1163 1162//1162 2446//2446
f 2446//2446 1162//1162 1160//1160
f 2446//2446 1160//1160 2439//2439
f 2439//2439 1160//1160 1157//1157
f 2439//2439 1157//1157 1156//1156
f 1171//1171 2447//2447 1173//1173
f 1173//1173 2447//2447 2442//2442
f 1173//1173 2442//2442 1175//1175
f 1175//1175 2442//2442 1179//1179
f 1231//1231 1227//1227 2445//2445
f 2445//2445 1227//1227 1225//1225
f 2445//2445 1225//1225 2443//2443
f 2443//2443 1225//1225 1224//1224
f 2443//2443 1224//1224 1221//1221
f 1221//1221 1216//1216 2443//2443
f 2443//2443 1216//1216 1218//1218
f 2443//2443 1218//1218 1211//1211
f 1171//1171 1169//1169 2447//2447
f 2447//2447 1169//1169 1167//1167
f 2447//2447 1167//1167 2446//2446
f 2446//2446 1167//1167 1165//1165
f 2446//2446 1165//1165 1163//1163
f 1194//1194 1192//1192 2448//2448
f 2448//2448 1192//1192 1190//1190
f 2448//2448 1190//1190 2449//2449
f 2449//2449 1190//1190 1188//1188
f 2449//2449 1188//1188 2442//2442
f 2442//2442 1188//1188 1186//1186
f 2442//2442 1186//1186 1184//1184
f 1201//1201 1199//1199 2450//2450
f 1208//1208 1207//1207 2444//2444
f 2444//2444 1207//1207 1205//1205
f 2444//2444 1205//1205 2450//2450
f 2450//2450 1205//1205 1203//1203
f 2450//2450 1203//1203 1201//1201
f 1199//1199 1198//1198 2450//2450
f 2450//2450 1198//1198 1197//1197
f 2450//2450 1197//1197 2448//2448
f 2448//2448 1197//1197 1195//1195
f 2448//2448 1195//1195 1194//1194
f 73//73 182//182 107//107
f 107//107 182//182 184//184
f 107//107 184//184 108//108
f 108//108 184//184 2451//2451
f 2360//2360 2358//2358 1275//1275
f 2452//2452 2453//2453 1277//1277
f 1275//1275 2358//2358 1276//1276
f 1276//1276 2358//2358 2356//2356
f 1276//1276 2356//2356 1277//1277
f 1277//1277 2356//2356 2353//2353
f 1277//1277 2353//2353 2452//2452
f 1269//1269 2364//2364 2362//2362
f 1275//1275 1274//1274 2360//2360
f 2360//2360 1274//1274 1273//1273
f 2360//2360 1273//1273 2362//2362
f 2362//2362 1273//1273 1268//1268
f 2362//2362 1268//1268 1269//1269
f 1269//1269 1270//1270 2364//2364
f 2364//2364 1270//1270 1271//1271
f 2364//2364 1271//1271 2372//2372
f 2372//2372 1271//1271 1272//1272
f 2372//2372 1272//1272 217//217
f 217//217 216//216 2372//2372
f 2372//2372 216//216 328//328
f 2372//2372 328//328 2371//2371
f 2371//2371 328//328 330//330
f 2371//2371 330//330 2369//2369
f 2369//2369 330//330 332//332
f 2369//2369 332//332 2367//2367
f 332//332 333//333 2367//2367
f 2367//2367 333//333 335//335
f 2367//2367 335//335 1282//1282
f 1282//1282 335//335 336//336
f 1282//1282 336//336 214//214
f 2454//2454 2348//2348 2347//2347
f 104//104 105//105 2454//2454
f 2454//2454 2347//2347 104//104
f 104//104 2347//2347 2350//2350
f 104//104 2350//2350 103//103
f 103//103 2350//2350 2345//2345
f 103//103 2345//2345 102//102
f 102//102 2345//2345 2343//2343
f 102//102 2343//2343 101//101
f 2343//2343 2341//2341 101//101
f 101//101 2341//2341 2339//2339
f 101//101 2339//2339 89//89
f 89//89 2339//2339 2337//2337
f 89//89 2337//2337 87//87
f 76//76 85//85 2332//2332
f 2332//2332 85//85 87//87
f 2332//2332 87//87 2335//2335
f 2335//2335 87//87 2337//2337
f 2332//2332 2330//2330 76//76
f 76//76 2330//2330 182//182
f 76//76 182//182 73//73
f 2455//2455 2456//2456 2457//2457
f 2455//2455 2453//2453 2452//2452
f 2455//2455 2457//2457 2458//2458
f 2458//2458 2457//2457 2454//2454
f 2458//2458 2454//2454 105//105
f 2455//2455 2452//2452 2456//2456
f 2456//2456 2452//2452 2353//2353
f 2456//2456 2353//2353 2457//2457
f 2457//2457 2353//2353 2348//2348
f 2457//2457 2348//2348 2454//2454
f 196//196 191//191 2459//2459
f 112//112 53//53 2399//2399
f 112//112 2399//2399 191//191
f 191//191 2399//2399 2401//2401
f 191//191 2401//2401 2459//2459
f 2416//2416 2460//2460 2461//2461
f 2461//2461 2460//2460 2462//2462
f 2461//2461 2462//2462 2463//2463
f 2463//2463 2462//2462 2464//2464
f 2463//2463 2464//2464 2465//2465
f 2465//2465 2464//2464 2466//2466
f 2465//2465 2466//2466 2467//2467
f 2467//2467 2466//2466 2468//2468
f 2467//2467 2468//2468 2469//2469
f 2469//2469 2468//2468 2470//2470
f 2469//2469 2470//2470 2459//2459
f 2459//2459 2470//2470 192//192
f 2459//2459 192//192 196//196
f 2411//2411 2416//2416 2433//2433
f 2433//2433 2416//2416 2461//2461
f 2433//2433 2461//2461 2471//2471
f 2471//2471 2461//2461 2472//2472
f 2473//2473 2474//2474 2475//2475
f 2475//2475 2474//2474 2375//2375
f 2475//2475 2375//2375 2476//2476
f 2473//2473 2472//2472 2474//2474
f 2474//2474 2472//2472 2461//2461
f 2474//2474 2461//2461 2477//2477
f 2477//2477 2461//2461 2463//2463
f 2401//2401 2403//2403 2459//2459
f 2459//2459 2403//2403 2385//2385
f 2459//2459 2385//2385 2469//2469
f 2469//2469 2385//2385 2387//2387
f 2469//2469 2387//2387 2467//2467
f 2467//2467 2387//2387 2389//2389
f 2467//2467 2389//2389 2465//2465
f 2465//2465 2389//2389 2391//2391
f 2465//2465 2391//2391 2463//2463
f 2463//2463 2391//2391 2393//2393
f 2463//2463 2393//2393 2477//2477
f 2477//2477 2393//2393 2395//2395
f 2477//2477 2395//2395 2474//2474
f 2474//2474 2395//2395 2397//2397
f 2474//2474 2397//2397 2375//2375
f 2478//2478 2479//2479 2480//2480
f 2478//2478 253//253 383//383
f 2481//2481 2436//2436 2437//2437
f 1235//1235 2482//2482 2483//2483
f 2484//2484 1228//1228 1233//1233
f 1228//1228 2484//2484 1226//1226
f 1226//1226 2484//2484 2485//2485
f 1226//1226 2485//2485 1222//1222
f 1222//1222 2485//2485 2486//2486
f 1222//1222 2486//2486 1223//1223
f 1223//1223 2486//2486 1217//1217
f 1217//1217 2486//2486 2487//2487
f 1217//1217 2487//2487 1219//1219
f 2488//2488 2489//2489 1215//1215
f 1215//1215 1214//1214 2488//2488
f 2488//2488 1214//1214 1212//1212
f 2488//2488 1212//1212 2487//2487
f 2487//2487 1212//1212 1220//1220
f 2487//2487 1220//1220 1219//1219
f 1206//1206 1210//1210 2489//2489
f 2489//2489 1210//1210 1209//1209
f 2489//2489 1209//1209 1215//1215
f 1204//1204 2490//2490 1202//1202
f 1202//1202 2490//2490 2480//2480
f 1191//1191 1193//1193 2479//2479
f 2479//2479 1193//1193 1196//1196
f 2479//2479 1196//1196 2480//2480
f 2480//2480 1196//1196 1200//1200
f 2480//2480 1200//1200 1202//1202
f 384//384 2436//2436 383//383
f 383//383 2436//2436 2481//2481
f 383//383 2481//2481 2478//2478
f 2478//2478 2481//2481 2437//2437
f 2478//2478 2437//2437 2479//2479
f 2479//2479 2437//2437 1189//1189
f 2479//2479 1189//1189 1191//1191
f 2491//2491 237//237 2492//2492
f 2492//2492 237//237 256//256
f 2492//2492 256//256 2493//2493
f 2493//2493 256//256 254//254
f 250//250 251//251 2494//2494
f 2494//2494 251//251 252//252
f 2494//2494 252//252 2495//2495
f 250//250 2494//2494 248//248
f 248//248 2494//2494 2496//2496
f 248//248 2496//2496 371//371
f 371//371 2496//2496 372//372
f 372//372 2496//2496 2497//2497
f 372//372 2497//2497 409//409
f 409//409 2497//2497 240//240
f 240//240 2497//2497 2498//2498
f 240//240 2498//2498 238//238
f 238//238 2498//2498 246//246
f 246//246 2498//2498 2499//2499
f 246//246 2499//2499 242//242
f 242//242 2499//2499 243//243
f 243//243 2499//2499 2500//2500
f 243//243 2500//2500 346//346
f 347//347 2484//2484 2483//2483
f 2483//2483 2484//2484 1233//1233
f 2483//2483 1233//1233 1235//1235
f 2495//2495 2489//2489 2494//2494
f 2494//2494 2489//2489 2488//2488
f 2494//2494 2488//2488 2496//2496
f 2496//2496 2488//2488 2487//2487
f 2496//2496 2487//2487 2497//2497
f 2497//2497 2487//2487 2486//2486
f 2497//2497 2486//2486 2498//2498
f 2498//2498 2486//2486 2485//2485
f 2498//2498 2485//2485 2499//2499
f 2499//2499 2485//2485 2484//2484
f 2499//2499 2484//2484 2500//2500
f 2500//2500 2484//2484 347//347
f 2500//2500 347//347 346//346
f 252//252 236//236 2495//2495
f 2495//2495 236//236 2501//2501
f 2495//2495 2501//2501 2489//2489
f 2489//2489 2501//2501 2490//2490
f 2489//2489 2490//2490 1206//1206
f 1206//1206 2490//2490 1204//1204
f 236//236 237//237 2501//2501
f 2501//2501 237//237 2491//2491
f 2501//2501 2491//2491 2490//2490
f 2490//2490 2491//2491 2492//2492
f 2490//2490 2492//2492 2480//2480
f 2480//2480 2492//2492 2493//2493
f 2480//2480 2493//2493 2478//2478
f 2478//2478 2493//2493 254//254
f 2478//2478 254//254 253//253
f 2418//2418 2417//2417 2431//2431
f 2426//2426 2502//2502 2427//2427
f 2424//2424 2423//2423 2503//2503
f 2503//2503 2423//2423 2422//2422
f 2421//2421 2420//2420 2504//2504
f 2504//2504 2420//2420 192//192
f 2504//2504 192//192 2470//2470
f 2470//2470 2468//2468 2504//2504
f 2504//2504 2468//2468 2503//2503
f 2504//2504 2503//2503 2421//2421
f 2421//2421 2503//2503 2422//2422
f 2428//2428 2505//2505 2429//2429
f 2429//2429 2505//2505 2430//2430
f 2430//2430 2505//2505 2431//2431
f 2431//2431 2505//2505 2419//2419
f 2431//2431 2419//2419 2418//2418
f 2416//2416 2415//2415 2505//2505
f 2505//2505 2415//2415 2414//2414
f 2505//2505 2414//2414 2419//2419
f 2506//2506 2464//2464 2507//2507
f 2507//2507 2464//2464 2462//2462
f 2507//2507 2462//2462 2505//2505
f 2505//2505 2462//2462 2460//2460
f 2505//2505 2460//2460 2416//2416
f 2508//2508 2509//2509 2506//2506
f 2506//2506 2509//2509 2466//2466
f 2506//2506 2466//2466 2464//2464
f 2428//2428 2427//2427 2505//2505
f 2505//2505 2427//2427 2502//2502
f 2505//2505 2502//2502 2507//2507
f 2507//2507 2502//2502 2426//2426
f 2507//2507 2426//2426 2506//2506
f 2506//2506 2426//2426 2425//2425
f 2506//2506 2425//2425 2508//2508
f 2508//2508 2425//2425 2424//2424
f 2508//2508 2424//2424 2509//2509
f 2509//2509 2424//2424 2503//2503
f 2509//2509 2503//2503 2466//2466
f 2466//2466 2503//2503 2468//2468
f 2510//2510 2511//2511 2374//2374
f 2374//2374 2511//2511 2366//2366
f 1308//1308 2512//2512 1291//1291
f 1291//1291 2512//2512 2513//2513
f 1291//1291 2513//2513 2373//2373
f 2373//2373 2513//2513 2514//2514
f 2373//2373 2514//2514 2374//2374
f 2374//2374 2514//2514 2515//2515
f 2374//2374 2515//2515 2510//2510
f 2516//2516 2512//2512 1308//1308
f 2513//2513 2512//2512 2517//2517
f 2517//2517 2512//2512 2516//2516
f 2517//2517 2516//2516 2518//2518
f 2518//2518 2516//2516 2519//2519
f 2520//2520 2521//2521 2519//2519
f 2519//2519 2521//2521 2522//2522
f 2519//2519 2522//2522 2518//2518
f 2523//2523 2524//2524 2525//2525
f 2525//2525 2524//2524 2526//2526
f 2525//2525 2526//2526 2520//2520
f 2520//2520 2526//2526 2527//2527
f 2520//2520 2527//2527 2521//2521
f 1308//1308 1756//1756 2516//2516
f 2516//2516 1756//1756 1755//1755
f 2516//2516 1755//1755 2519//2519
f 2519//2519 1755//1755 1757//1757
f 2519//2519 1757//1757 2520//2520
f 1765//1765 2523//2523 1763//1763
f 1763//1763 2523//2523 2525//2525
f 1763//1763 2525//2525 1761//1761
f 1761//1761 2525//2525 2520//2520
f 1761//1761 2520//2520 1759//1759
f 1759//1759 2520//2520 1757//1757
f 1032//1032 1031//1031 2317//2317
f 2317//2317 1031//1031 2528//2528
f 2317//2317 2528//2528 1397//1397
f 2529//2529 2530//2530 2531//2531
f 2531//2531 2532//2532 2529//2529
f 2529//2529 2532//2532 2533//2533
f 2529//2529 2533//2533 2534//2534
f 2534//2534 2533//2533 2535//2535
f 2534//2534 2535//2535 2536//2536
f 2537//2537 2538//2538 2539//2539
f 2534//2534 2540//2540 2529//2529
f 2529//2529 2540//2540 2537//2537
f 2529//2529 2537//2537 2530//2530
f 2530//2530 2537//2537 2539//2539
f 2530//2530 2539//2539 2531//2531
f 2531//2531 2539//2539 2541//2541
f 2542//2542 2543//2543 2544//2544
f 2538//2538 2537//2537 2545//2545
f 2538//2538 2545//2545 2546//2546
f 2546//2546 2545//2545 2547//2547
f 2546//2546 2547//2547 2548//2548
f 2548//2548 2547//2547 2549//2549
f 2549//2549 2547//2547 2550//2550
f 2549//2549 2550//2550 2551//2551
f 2551//2551 2550//2550 2552//2552
f 2552//2552 2550//2550 2553//2553
f 2552//2552 2553//2553 2554//2554
f 2553//2553 2555//2555 2554//2554
f 2554//2554 2555//2555 2556//2556
f 2554//2554 2556//2556 2557//2557
f 2557//2557 2556//2556 2558//2558
f 2557//2557 2558//2558 2559//2559
f 2559//2559 2558//2558 2560//2560
f 2558//2558 2561//2561 2560//2560
f 2560//2560 2561//2561 2562//2562
f 2560//2560 2562//2562 2544//2544
f 2544//2544 2562//2562 2563//2563
f 2544//2544 2563//2563 2542//2542
f 2531//2531 2541//2541 2564//2564
f 2565//2565 2566//2566 2567//2567
f 2568//2568 2536//2536 2569//2569
f 2569//2569 2536//2536 2565//2565
f 2567//2567 2566//2566 2570//2570
f 2570//2570 2566//2566 2571//2571
f 2570//2570 2571//2571 2572//2572
f 2573//2573 2574//2574 2571//2571
f 2571//2571 2574//2574 2575//2575
f 2571//2571 2575//2575 2572//2572
f 2573//2573 2571//2571 2564//2564
f 2564//2564 2571//2571 2532//2532
f 2564//2564 2532//2532 2531//2531
f 2565//2565 2536//2536 2566//2566
f 2566//2566 2536//2536 2535//2535
f 2566//2566 2535//2535 2571//2571
f 2571//2571 2535//2535 2533//2533
f 2571//2571 2533//2533 2532//2532
f 1388//1388 2576//2576 2094//2094
f 2094//2094 2576//2576 2577//2577
f 2094//2094 2577//2577 2095//2095
f 2095//2095 2577//2577 2578//2578
f 2579//2579 2096//2096 2578//2578
f 2578//2578 2096//2096 2095//2095
f 2580//2580 2581//2581 1315//1315
f 1315//1315 2058//2058 2580//2580
f 2580//2580 2058//2058 1431//1431
f 2580//2580 1431//1431 2582//2582
f 1348//1348 1341//1341 2583//2583
f 2584//2584 1358//1358 1357//1357
f 1357//1357 1310//1310 2584//2584
f 2584//2584 1310//1310 1309//1309
f 2584//2584 1309//1309 2585//2585
f 1366//1366 1363//1363 2586//2586
f 2586//2586 1363//1363 1362//1362
f 2586//2586 1362//1362 2584//2584
f 2584//2584 1362//1362 1360//1360
f 2584//2584 1360//1360 1358//1358
f 1366//1366 2586//2586 1367//1367
f 1367//1367 2586//2586 2587//2587
f 1367//1367 2587//2587 1369//1369
f 2588//2588 2589//2589 2590//2590
f 1329//1329 2591//2591 1331//1331
f 1331//1331 2591//2591 1334//1334
f 1381//1381 1378//1378 2592//2592
f 2592//2592 1378//1378 2593//2593
f 2588//2588 2590//2590 2594//2594
f 2595//2595 2596//2596 2597//2597
f 2598//2598 2599//2599 2600//2600
f 2600//2600 2599//2599 2601//2601
f 2601//2601 2599//2599 2602//2602
f 2601//2601 2602//2602 2603//2603
f 2603//2603 2602//2602 2604//2604
f 2604//2604 2602//2602 2605//2605
f 2604//2604 2605//2605 2606//2606
f 2607//2607 1323//1323 1321//1321
f 1329//1329 1328//1328 2591//2591
f 2591//2591 1328//1328 1326//1326
f 2591//2591 1326//1326 2607//2607
f 2607//2607 1326//1326 1325//1325
f 2607//2607 1325//1325 1323//1323
f 1334//1334 2591//2591 1336//1336
f 1336//1336 2591//2591 2608//2608
f 1336//1336 2608//2608 1337//1337
f 2609//2609 1313//1313 2608//2608
f 2608//2608 1313//1313 1338//1338
f 2608//2608 1338//1338 1337//1337
f 1378//1378 1375//1375 2593//2593
f 2593//2593 1375//1375 1374//1374
f 2593//2593 1374//1374 2587//2587
f 2587//2587 1374//1374 1372//1372
f 2587//2587 1372//1372 1369//1369
f 2610//2610 2611//2611 2612//2612
f 2612//2612 2611//2611 2613//2613
f 2606//2606 2605//2605 2614//2614
f 2614//2614 2605//2605 2615//2615
f 2614//2614 2615//2615 2616//2616
f 1341//1341 1343//1343 2583//2583
f 2583//2583 1343//1343 1345//1345
f 2583//2583 1345//1345 2609//2609
f 2609//2609 1345//1345 1314//1314
f 2609//2609 1314//1314 1313//1313
f 1309//1309 1353//1353 2585//2585
f 2585//2585 1353//1353 1351//1351
f 2585//2585 1351//1351 2583//2583
f 2583//2583 1351//1351 1349//1349
f 2583//2583 1349//1349 1348//1348
f 2590//2590 1387//1387 2594//2594
f 2594//2594 1387//1387 1385//1385
f 2594//2594 1385//1385 2592//2592
f 2592//2592 1385//1385 1383//1383
f 2592//2592 1383//1383 1381//1381
f 2595//2595 2617//2617 2596//2596
f 2596//2596 2617//2617 2618//2618
f 2596//2596 2618//2618 2588//2588
f 2588//2588 2618//2618 2619//2619
f 2588//2588 2619//2619 2589//2589
f 2611//2611 2620//2620 2613//2613
f 2613//2613 2620//2620 2621//2621
f 2613//2613 2621//2621 2597//2597
f 2597//2597 2621//2621 2622//2622
f 2597//2597 2622//2622 2595//2595
f 2623//2623 2624//2624 2625//2625
f 2600//2600 2626//2626 2598//2598
f 2598//2598 2626//2626 2627//2627
f 2598//2598 2627//2627 2625//2625
f 2625//2625 2627//2627 2628//2628
f 2625//2625 2628//2628 2623//2623
f 1321//1321 1320//1320 2607//2607
f 2607//2607 1320//1320 1318//1318
f 2607//2607 1318//1318 2615//2615
f 2615//2615 1318//1318 1316//1316
f 2615//2615 1316//1316 2616//2616
f 2623//2623 2629//2629 2624//2624
f 2624//2624 2629//2629 2630//2630
f 2624//2624 2630//2630 2612//2612
f 2612//2612 2630//2630 2631//2631
f 2612//2612 2631//2631 2610//2610
f 2595//2595 2632//2632 2617//2617
f 2617//2617 2632//2632 2633//2633
f 2617//2617 2633//2633 2618//2618
f 2618//2618 2633//2633 2634//2634
f 2618//2618 2634//2634 2619//2619
f 2619//2619 2634//2634 2635//2635
f 2619//2619 2635//2635 2589//2589
f 2589//2589 2635//2635 2636//2636
f 2589//2589 2636//2636 2590//2590
f 2590//2590 2636//2636 2576//2576
f 2590//2590 2576//2576 1387//1387
f 1387//1387 2576//2576 1388//1388
f 2637//2637 2638//2638 2621//2621
f 2621//2621 2638//2638 2639//2639
f 2621//2621 2639//2639 2622//2622
f 2622//2622 2639//2639 2640//2640
f 2622//2622 2640//2640 2595//2595
f 2595//2595 2640//2640 2641//2641
f 2595//2595 2641//2641 2632//2632
f 2637//2637 2621//2621 2642//2642
f 2642//2642 2621//2621 2620//2620
f 2642//2642 2620//2620 2643//2643
f 2643//2643 2620//2620 2644//2644
f 2644//2644 2620//2620 2611//2611
f 2644//2644 2611//2611 2645//2645
f 2645//2645 2611//2611 2646//2646
f 2646//2646 2611//2611 2610//2610
f 2646//2646 2610//2610 2647//2647
f 2647//2647 2610//2610 2648//2648
f 2648//2648 2610//2610 2631//2631
f 2648//2648 2631//2631 2649//2649
f 2649//2649 2631//2631 2630//2630
f 2649//2649 2630//2630 2650//2650
f 2650//2650 2630//2630 2651//2651
f 2651//2651 2630//2630 2629//2629
f 2651//2651 2629//2629 2652//2652
f 2629//2629 2653//2653 2654//2654
f 2654//2654 2655//2655 2629//2629
f 2629//2629 2655//2655 2656//2656
f 2629//2629 2656//2656 2652//2652
f 2653//2653 2629//2629 2657//2657
f 2657//2657 2629//2629 2623//2623
f 2657//2657 2623//2623 2658//2658
f 2658//2658 2623//2623 2628//2628
f 2658//2658 2628//2628 2659//2659
f 2659//2659 2628//2628 2627//2627
f 2659//2659 2627//2627 2660//2660
f 2660//2660 2627//2627 2626//2626
f 2660//2660 2626//2626 2661//2661
f 2661//2661 2626//2626 2662//2662
f 2662//2662 2626//2626 2600//2600
f 2662//2662 2600//2600 2663//2663
f 2663//2663 2600//2600 2664//2664
f 2664//2664 2600//2600 2601//2601
f 2664//2664 2601//2601 2665//2665
f 2665//2665 2601//2601 2666//2666
f 2666//2666 2601//2601 2603//2603
f 2666//2666 2603//2603 2667//2667
f 2667//2667 2603//2603 2668//2668
f 2668//2668 2603//2603 2604//2604
f 2668//2668 2604//2604 2669//2669
f 2669//2669 2604//2604 2606//2606
f 2669//2669 2606//2606 2670//2670
f 2670//2670 2606//2606 2614//2614
f 2670//2670 2614//2614 2671//2671
f 2671//2671 2614//2614 2616//2616
f 2671//2671 2616//2616 2581//2581
f 2581//2581 2616//2616 1316//1316
f 2581//2581 1316//1316 1315//1315
f 881//881 2672//2672 2673//2673
f 2674//2674 890//890 884//884
f 2674//2674 884//884 2673//2673
f 2673//2673 884//884 883//883
f 2673//2673 883//883 881//881
f 881//881 879//879 2672//2672
f 2672//2672 879//879 877//877
f 2672//2672 877//877 2675//2675
f 2675//2675 877//877 875//875
f 2675//2675 875//875 2676//2676
f 865//865 2677//2677 2678//2678
f 875//875 873//873 2676//2676
f 2676//2676 873//873 871//871
f 2676//2676 871//871 2679//2679
f 2679//2679 871//871 869//869
f 2679//2679 869//869 2678//2678
f 2678//2678 869//869 867//867
f 2678//2678 867//867 865//865
f 865//865 863//863 2677//2677
f 2677//2677 863//863 861//861
f 2677//2677 861//861 2680//2680
f 2680//2680 861//861 859//859
f 2680//2680 859//859 2681//2681
f 2681//2681 859//859 857//857
f 2681//2681 857//857 2682//2682
f 857//857 855//855 2682//2682
f 2682//2682 855//855 854//854
f 2682//2682 854//854 2683//2683
f 854//854 852//852 2683//2683
f 2683//2683 852//852 849//849
f 2683//2683 849//849 2684//2684
f 2684//2684 849//849 848//848
f 2684//2684 848//848 2685//2685
f 848//848 846//846 2685//2685
f 2685//2685 846//846 844//844
f 2685//2685 844//844 2686//2686
f 2686//2686 844//844 842//842
f 2686//2686 842//842 2687//2687
f 842//842 840//840 2687//2687
f 2687//2687 840//840 838//838
f 2687//2687 838//838 2688//2688
f 2688//2688 838//838 836//836
f 2688//2688 836//836 2689//2689
f 2689//2689 836//836 834//834
f 2689//2689 834//834 2690//2690
f 2690//2690 834//834 832//832
f 832//832 830//830 2690//2690
f 2690//2690 830//830 829//829
f 2690//2690 829//829 2691//2691
f 2691//2691 829//829 827//827
f 2691//2691 827//827 2692//2692
f 827//827 825//825 2692//2692
f 2692//2692 825//825 823//823
f 2692//2692 823//823 821//821
f 821//821 819//819 2692//2692
f 2692//2692 819//819 817//817
f 811//811 2693//2693 813//813
f 813//813 2693//2693 2694//2694
f 813//813 2694//2694 814//814
f 814//814 2694//2694 2692//2692
f 814//814 2692//2692 817//817
f 2695//2695 2693//2693 811//811
f 811//811 809//809 2695//2695
f 2695//2695 809//809 950//950
f 2695//2695 950//950 2696//2696
f 2696//2696 950//950 948//948
f 2696//2696 948//948 2697//2697
f 2697//2697 948//948 946//946
f 2697//2697 946//946 2698//2698
f 2698//2698 946//946 944//944
f 2698//2698 944//944 2699//2699
f 2699//2699 944//944 942//942
f 2699//2699 942//942 2700//2700
f 2700//2700 942//942 940//940
f 2700//2700 940//940 2701//2701
f 923//923 2702//2702 2703//2703
f 940//940 938//938 2701//2701
f 2701//2701 938//938 937//937
f 2701//2701 937//937 2704//2704
f 2704//2704 937//937 935//935
f 2704//2704 935//935 2705//2705
f 2705//2705 935//935 932//932
f 2705//2705 932//932 2706//2706
f 2706//2706 932//932 930//930
f 2706//2706 930//930 2707//2707
f 2707//2707 930//930 927//927
f 2707//2707 927//927 2703//2703
f 2703//2703 927//927 925//925
f 2703//2703 925//925 923//923
f 923//923 922//922 2702//2702
f 2702//2702 922//922 920//920
f 2702//2702 920//920 2708//2708
f 2708//2708 920//920 917//917
f 2708//2708 917//917 2709//2709
f 2709//2709 917//917 915//915
f 2709//2709 915//915 2710//2710
f 2710//2710 915//915 912//912
f 2710//2710 912//912 2711//2711
f 2711//2711 912//912 910//910
f 2711//2711 910//910 2712//2712
f 2712//2712 910//910 908//908
f 2712//2712 908//908 2713//2713
f 2713//2713 908//908 906//906
f 2713//2713 906//906 2714//2714
f 2714//2714 906//906 2715//2715
f 906//906 904//904 2715//2715
f 2715//2715 904//904 902//902
f 2715//2715 902//902 2716//2716
f 2716//2716 902//902 901//901
f 2716//2716 901//901 2717//2717
f 2717//2717 901//901 899//899
f 2717//2717 899//899 898//898
f 898//898 892//892 2717//2717
f 2717//2717 892//892 891//891
f 2717//2717 891//891 894//894
f 2717//2717 894//894 2718//2718
f 894//894 896//896 2718//2718
f 2718//2718 896//896 895//895
f 2718//2718 895//895 2719//2719
f 2719//2719 895//895 888//888
f 2719//2719 888//888 2720//2720
f 2720//2720 888//888 890//890
f 2720//2720 890//890 2674//2674
f 2712//2712 2721//2721 2722//2722
f 2723//2723 2724//2724 2725//2725
f 2726//2726 2727//2727 2728//2728
f 2727//2727 2726//2726 2729//2729
f 2729//2729 2726//2726 2730//2730
f 2729//2729 2730//2730 2731//2731
f 2731//2731 2730//2730 2732//2732
f 2732//2732 2730//2730 2733//2733
f 2732//2732 2733//2733 2734//2734
f 2735//2735 2736//2736 2733//2733
f 2733//2733 2736//2736 2737//2737
f 2733//2733 2737//2737 2734//2734
f 2738//2738 2739//2739 2740//2740
f 2740//2740 2739//2739 2741//2741
f 2740//2740 2741//2741 2735//2735
f 2735//2735 2741//2741 2742//2742
f 2735//2735 2742//2742 2736//2736
f 2738//2738 2740//2740 2743//2743
f 2743//2743 2740//2740 2744//2744
f 2743//2743 2744//2744 2745//2745
f 2745//2745 2744//2744 2746//2746
f 2746//2746 2744//2744 2747//2747
f 2746//2746 2747//2747 2748//2748
f 2748//2748 2747//2747 2749//2749
f 2749//2749 2747//2747 2750//2750
f 2749//2749 2750//2750 2751//2751
f 2751//2751 2750//2750 2752//2752
f 2752//2752 2750//2750 2753//2753
f 2752//2752 2753//2753 2754//2754
f 2754//2754 2753//2753 2755//2755
f 2755//2755 2753//2753 2756//2756
f 2755//2755 2756//2756 2757//2757
f 2757//2757 2756//2756 2758//2758
f 2758//2758 2756//2756 2759//2759
f 2758//2758 2759//2759 2760//2760
f 2760//2760 2759//2759 2761//2761
f 2761//2761 2759//2759 2762//2762
f 2761//2761 2762//2762 2763//2763
f 2763//2763 2762//2762 2764//2764
f 2764//2764 2762//2762 2765//2765
f 2764//2764 2765//2765 2766//2766
f 2767//2767 2768//2768 2769//2769
f 2769//2769 2768//2768 2770//2770
f 2769//2769 2770//2770 2765//2765
f 2765//2765 2770//2770 2771//2771
f 2765//2765 2771//2771 2766//2766
f 2717//2717 2723//2723 2716//2716
f 2716//2716 2723//2723 2725//2725
f 2716//2716 2725//2725 2715//2715
f 2715//2715 2725//2725 2772//2772
f 2715//2715 2772//2772 2714//2714
f 2721//2721 2712//2712 2772//2772
f 2772//2772 2712//2712 2713//2713
f 2772//2772 2713//2713 2714//2714
f 2773//2773 2710//2710 2722//2722
f 2722//2722 2710//2710 2711//2711
f 2722//2722 2711//2711 2712//2712
f 2702//2702 2708//2708 2773//2773
f 2773//2773 2708//2708 2709//2709
f 2773//2773 2709//2709 2710//2710
f 2774//2774 2703//2703 2775//2775
f 2775//2775 2703//2703 2702//2702
f 2775//2775 2702//2702 2776//2776
f 2776//2776 2702//2702 2773//2773
f 2777//2777 2706//2706 2774//2774
f 2774//2774 2706//2706 2707//2707
f 2774//2774 2707//2707 2703//2703
f 2701//2701 2704//2704 2777//2777
f 2777//2777 2704//2704 2705//2705
f 2777//2777 2705//2705 2706//2706
f 2777//2777 2778//2778 2701//2701
f 2701//2701 2778//2778 2779//2779
f 2701//2701 2779//2779 2700//2700
f 2700//2700 2779//2779 2699//2699
f 2699//2699 2779//2779 2780//2780
f 2699//2699 2780//2780 2698//2698
f 2781//2781 2696//2696 2780//2780
f 2780//2780 2696//2696 2697//2697
f 2780//2780 2697//2697 2698//2698
f 2695//2695 2696//2696 2782//2782
f 2782//2782 2696//2696 2781//2781
f 2782//2782 2781//2781 2783//2783
f 2784//2784 2769//2769 2785//2785
f 2785//2785 2769//2769 2765//2765
f 2785//2785 2765//2765 2786//2786
f 2786//2786 2765//2765 2762//2762
f 2786//2786 2762//2762 2787//2787
f 2787//2787 2762//2762 2759//2759
f 2787//2787 2759//2759 2788//2788
f 2788//2788 2759//2759 2756//2756
f 2788//2788 2756//2756 2789//2789
f 2789//2789 2756//2756 2753//2753
f 2789//2789 2753//2753 2790//2790
f 2790//2790 2753//2753 2750//2750
f 2790//2790 2750//2750 2791//2791
f 2791//2791 2750//2750 2747//2747
f 2791//2791 2747//2747 2792//2792
f 2792//2792 2747//2747 2744//2744
f 2792//2792 2744//2744 2793//2793
f 2793//2793 2744//2744 2740//2740
f 2793//2793 2740//2740 2794//2794
f 2794//2794 2740//2740 2735//2735
f 2794//2794 2735//2735 2795//2795
f 2795//2795 2735//2735 2733//2733
f 2795//2795 2733//2733 2796//2796
f 2796//2796 2733//2733 2730//2730
f 2796//2796 2730//2730 2797//2797
f 2797//2797 2730//2730 2726//2726
f 2797//2797 2726//2726 2798//2798
f 2798//2798 2726//2726 2728//2728
f 2798//2798 2728//2728 2799//2799
f 2798//2798 2783//2783 2797//2797
f 2797//2797 2783//2783 2781//2781
f 2797//2797 2781//2781 2796//2796
f 2796//2796 2781//2781 2780//2780
f 2796//2796 2780//2780 2795//2795
f 2795//2795 2780//2780 2779//2779
f 2795//2795 2779//2779 2794//2794
f 2794//2794 2779//2779 2778//2778
f 2794//2794 2778//2778 2793//2793
f 2793//2793 2778//2778 2777//2777
f 2793//2793 2777//2777 2792//2792
f 2792//2792 2777//2777 2774//2774
f 2792//2792 2774//2774 2791//2791
f 2791//2791 2774//2774 2775//2775
f 2791//2791 2775//2775 2790//2790
f 2790//2790 2775//2775 2776//2776
f 2790//2790 2776//2776 2789//2789
f 2789//2789 2776//2776 2773//2773
f 2789//2789 2773//2773 2788//2788
f 2788//2788 2773//2773 2722//2722
f 2788//2788 2722//2722 2787//2787
f 2787//2787 2722//2722 2721//2721
f 2787//2787 2721//2721 2786//2786
f 2786//2786 2721//2721 2772//2772
f 2786//2786 2772//2772 2785//2785
f 2785//2785 2772//2772 2725//2725
f 2785//2785 2725//2725 2784//2784
f 2784//2784 2725//2725 2724//2724
f 2800//2800 2801//2801 1034//1034
f 2802//2802 2803//2803 2382//2382
f 2382//2382 2803//2803 2800//2800
f 2382//2382 2800//2800 2384//2384
f 2384//2384 2800//2800 1034//1034
f 2802//2802 2382//2382 2804//2804
f 2804//2804 2382//2382 2380//2380
f 2804//2804 2380//2380 2805//2805
f 2805//2805 2380//2380 2378//2378
f 2805//2805 2378//2378 2376//2376
f 2806//2806 2807//2807 2808//2808
f 2522//2522 2521//2521 2808//2808
f 2527//2527 2526//2526 2809//2809
f 2810//2810 2809//2809 2811//2811
f 2811//2811 2809//2809 2526//2526
f 2811//2811 2526//2526 2524//2524
f 2521//2521 2527//2527 2812//2812
f 2522//2522 2808//2808 2518//2518
f 2518//2518 2808//2808 2807//2807
f 2518//2518 2807//2807 2517//2517
f 2517//2517 2807//2807 2514//2514
f 2517//2517 2514//2514 2513//2513
f 2813//2813 2814//2814 2815//2815
f 2815//2815 2814//2814 2816//2816
f 2815//2815 2816//2816 2817//2817
f 2817//2817 2816//2816 2818//2818
f 2818//2818 2816//2816 2819//2819
f 2818//2818 2819//2819 2820//2820
f 2820//2820 2819//2819 2821//2821
f 2820//2820 2821//2821 2822//2822
f 2822//2822 2821//2821 2823//2823
f 2823//2823 2821//2821 2824//2824
f 2823//2823 2824//2824 2825//2825
f 2825//2825 2824//2824 2826//2826
f 2826//2826 2824//2824 2827//2827
f 2826//2826 2827//2827 2828//2828
f 2828//2828 2827//2827 2829//2829
f 2828//2828 2829//2829 2830//2830
f 2830//2830 2829//2829 2831//2831
f 2830//2830 2831//2831 2832//2832
f 2832//2832 2831//2831 2833//2833
f 2832//2832 2833//2833 2834//2834
f 2835//2835 2836//2836 2837//2837
f 2837//2837 2836//2836 2809//2809
f 2837//2837 2809//2809 2838//2838
f 2838//2838 2809//2809 2810//2810
f 2839//2839 2840//2840 2841//2841
f 2839//2839 2842//2842 2840//2840
f 2840//2840 2842//2842 2843//2843
f 2840//2840 2843//2843 2844//2844
f 2845//2845 2846//2846 2847//2847
f 2847//2847 2846//2846 2848//2848
f 2847//2847 2848//2848 2849//2849
f 2849//2849 2848//2848 2850//2850
f 2849//2849 2850//2850 2851//2851
f 2851//2851 2850//2850 2852//2852
f 2851//2851 2852//2852 2841//2841
f 2841//2841 2852//2852 2853//2853
f 2841//2841 2853//2853 2839//2839
f 2808//2808 2854//2854 2806//2806
f 2806//2806 2854//2854 2855//2855
f 2806//2806 2855//2855 2856//2856
f 2856//2856 2855//2855 2857//2857
f 2856//2856 2857//2857 2858//2858
f 2858//2858 2857//2857 2859//2859
f 2858//2858 2859//2859 2860//2860
f 2860//2860 2859//2859 2861//2861
f 2860//2860 2861//2861 2844//2844
f 2844//2844 2861//2861 2862//2862
f 2844//2844 2862//2862 2840//2840
f 2840//2840 2862//2862 2863//2863
f 2840//2840 2863//2863 2841//2841
f 2841//2841 2863//2863 2864//2864
f 2841//2841 2864//2864 2851//2851
f 2851//2851 2864//2864 2865//2865
f 2851//2851 2865//2865 2849//2849
f 2849//2849 2865//2865 2866//2866
f 2849//2849 2866//2866 2847//2847
f 2858//2858 2867//2867 2856//2856
f 2856//2856 2867//2867 2511//2511
f 2856//2856 2511//2511 2806//2806
f 2806//2806 2511//2511 2510//2510
f 2806//2806 2510//2510 2807//2807
f 2807//2807 2510//2510 2515//2515
f 2807//2807 2515//2515 2514//2514
f 2521//2521 2812//2812 2808//2808
f 2808//2808 2812//2812 2868//2868
f 2808//2808 2868//2868 2854//2854
f 2854//2854 2868//2868 2869//2869
f 2854//2854 2869//2869 2855//2855
f 2855//2855 2869//2869 2870//2870
f 2855//2855 2870//2870 2857//2857
f 2857//2857 2870//2870 2871//2871
f 2857//2857 2871//2871 2859//2859
f 2859//2859 2871//2871 2872//2872
f 2859//2859 2872//2872 2861//2861
f 2861//2861 2872//2872 2873//2873
f 2861//2861 2873//2873 2862//2862
f 2862//2862 2873//2873 2874//2874
f 2862//2862 2874//2874 2863//2863
f 2863//2863 2874//2874 2875//2875
f 2863//2863 2875//2875 2864//2864
f 2864//2864 2875//2875 2876//2876
f 2864//2864 2876//2876 2865//2865
f 2865//2865 2876//2876 2877//2877
f 2865//2865 2877//2877 2866//2866
f 2835//2835 2834//2834 2836//2836
f 2836//2836 2834//2834 2833//2833
f 2836//2836 2833//2833 2878//2878
f 2878//2878 2833//2833 2831//2831
f 2878//2878 2831//2831 2879//2879
f 2879//2879 2831//2831 2829//2829
f 2879//2879 2829//2829 2880//2880
f 2880//2880 2829//2829 2827//2827
f 2880//2880 2827//2827 2881//2881
f 2881//2881 2827//2827 2824//2824
f 2881//2881 2824//2824 2882//2882
f 2882//2882 2824//2824 2821//2821
f 2882//2882 2821//2821 2883//2883
f 2883//2883 2821//2821 2819//2819
f 2883//2883 2819//2819 2884//2884
f 2884//2884 2819//2819 2816//2816
f 2884//2884 2816//2816 2885//2885
f 2885//2885 2816//2816 2814//2814
f 2885//2885 2814//2814 2886//2886
f 2843//2843 2887//2887 2844//2844
f 2844//2844 2887//2887 2888//2888
f 2844//2844 2888//2888 2860//2860
f 2860//2860 2888//2888 2889//2889
f 2860//2860 2889//2889 2858//2858
f 2858//2858 2889//2889 2890//2890
f 2858//2858 2890//2890 2867//2867
f 2527//2527 2809//2809 2812//2812
f 2812//2812 2809//2809 2836//2836
f 2812//2812 2836//2836 2868//2868
f 2868//2868 2836//2836 2878//2878
f 2868//2868 2878//2878 2869//2869
f 2869//2869 2878//2878 2879//2879
f 2869//2869 2879//2879 2870//2870
f 2870//2870 2879//2879 2880//2880
f 2870//2870 2880//2880 2871//2871
f 2871//2871 2880//2880 2881//2881
f 2871//2871 2881//2881 2872//2872
f 2872//2872 2881//2881 2882//2882
f 2872//2872 2882//2882 2873//2873
f 2873//2873 2882//2882 2883//2883
f 2873//2873 2883//2883 2874//2874
f 2874//2874 2883//2883 2884//2884
f 2874//2874 2884//2884 2875//2875
f 2875//2875 2884//2884 2885//2885
f 2875//2875 2885//2885 2876//2876
f 2876//2876 2885//2885 2886//2886
f 2876//2876 2886//2886 2877//2877
f 2891//2891 2892//2892 2893//2893
f 2751//2751 2752//2752 2894//2894
f 2895//2895 2896//2896 2897//2897
f 2745//2745 2746//2746 2898//2898
f 2738//2738 2743//2743 2899//2899
f 2742//2742 2741//2741 2900//2900
f 2901//2901 2902//2902 2903//2903
f 2737//2737 2736//2736 2904//2904
f 2905//2905 2906//2906 2907//2907
f 2731//2731 2732//2732 2908//2908
f 2909//2909 2910//2910 2728//2728
f 2728//2728 2910//2910 2799//2799
f 2911//2911 2912//2912 2913//2913
f 2913//2913 2912//2912 2914//2914
f 2906//2906 2911//2911 2907//2907
f 2907//2907 2911//2911 2913//2913
f 2907//2907 2913//2913 2915//2915
f 2915//2915 2913//2913 2914//2914
f 2915//2915 2914//2914 2916//2916
f 2731//2731 2908//2908 2729//2729
f 2917//2917 2905//2905 2918//2918
f 2918//2918 2905//2905 2907//2907
f 2918//2918 2907//2907 2919//2919
f 2919//2919 2907//2907 2915//2915
f 2919//2919 2915//2915 2909//2909
f 2909//2909 2915//2915 2916//2916
f 2909//2909 2916//2916 2910//2910
f 2902//2902 2917//2917 2903//2903
f 2903//2903 2917//2917 2918//2918
f 2903//2903 2918//2918 2920//2920
f 2920//2920 2918//2918 2919//2919
f 2920//2920 2919//2919 2921//2921
f 2921//2921 2919//2919 2909//2909
f 2921//2921 2909//2909 2727//2727
f 2727//2727 2909//2909 2728//2728
f 2922//2922 2901//2901 2923//2923
f 2923//2923 2901//2901 2903//2903
f 2923//2923 2903//2903 2924//2924
f 2924//2924 2903//2903 2920//2920
f 2924//2924 2920//2920 2908//2908
f 2908//2908 2920//2920 2921//2921
f 2908//2908 2921//2921 2729//2729
f 2729//2729 2921//2921 2727//2727
f 2732//2732 2734//2734 2908//2908
f 2908//2908 2734//2734 2925//2925
f 2908//2908 2925//2925 2924//2924
f 2924//2924 2925//2925 2926//2926
f 2924//2924 2926//2926 2923//2923
f 2923//2923 2926//2926 2927//2927
f 2923//2923 2927//2927 2922//2922
f 2928//2928 2929//2929 2930//2930
f 2930//2930 2929//2929 2931//2931
f 2930//2930 2931//2931 2900//2900
f 2900//2900 2931//2931 2904//2904
f 2900//2900 2904//2904 2742//2742
f 2742//2742 2904//2904 2736//2736
f 2932//2932 2933//2933 2927//2927
f 2927//2927 2933//2933 2934//2934
f 2927//2927 2934//2934 2922//2922
f 2734//2734 2737//2737 2925//2925
f 2925//2925 2737//2737 2904//2904
f 2925//2925 2904//2904 2926//2926
f 2926//2926 2904//2904 2931//2931
f 2926//2926 2931//2931 2927//2927
f 2927//2927 2931//2931 2929//2929
f 2927//2927 2929//2929 2932//2932
f 2932//2932 2929//2929 2928//2928
f 2932//2932 2928//2928 2935//2935
f 2935//2935 2928//2928 2936//2936
f 2896//2896 2936//2936 2897//2897
f 2897//2897 2936//2936 2928//2928
f 2897//2897 2928//2928 2937//2937
f 2937//2937 2928//2928 2930//2930
f 2937//2937 2930//2930 2938//2938
f 2938//2938 2930//2930 2900//2900
f 2938//2938 2900//2900 2739//2739
f 2739//2739 2900//2900 2741//2741
f 2939//2939 2895//2895 2940//2940
f 2940//2940 2895//2895 2897//2897
f 2940//2940 2897//2897 2941//2941
f 2941//2941 2897//2897 2937//2937
f 2941//2941 2937//2937 2899//2899
f 2899//2899 2937//2937 2938//2938
f 2899//2899 2938//2938 2738//2738
f 2738//2738 2938//2938 2739//2739
f 2892//2892 2939//2939 2893//2893
f 2893//2893 2939//2939 2940//2940
f 2893//2893 2940//2940 2942//2942
f 2942//2942 2940//2940 2941//2941
f 2942//2942 2941//2941 2898//2898
f 2898//2898 2941//2941 2899//2899
f 2898//2898 2899//2899 2745//2745
f 2745//2745 2899//2899 2743//2743
f 2943//2943 2891//2891 2944//2944
f 2944//2944 2891//2891 2893//2893
f 2944//2944 2893//2893 2945//2945
f 2945//2945 2893//2893 2942//2942
f 2945//2945 2942//2942 2946//2946
f 2946//2946 2942//2942 2898//2898
f 2946//2946 2898//2898 2748//2748
f 2748//2748 2898//2898 2746//2746
f 2748//2748 2749//2749 2946//2946
f 2946//2946 2749//2749 2947//2947
f 2946//2946 2947//2947 2945//2945
f 2945//2945 2947//2947 2948//2948
f 2945//2945 2948//2948 2944//2944
f 2944//2944 2948//2948 2949//2949
f 2944//2944 2949//2949 2943//2943
f 2950//2950 2951//2951 2952//2952
f 2952//2952 2951//2951 2953//2953
f 2952//2952 2953//2953 2954//2954
f 2954//2954 2953//2953 2894//2894
f 2954//2954 2894//2894 2754//2754
f 2754//2754 2894//2894 2752//2752
f 2955//2955 2956//2956 2949//2949
f 2949//2949 2956//2956 2957//2957
f 2949//2949 2957//2957 2943//2943
f 2757//2757 2758//2758 2958//2958
f 2958//2958 2758//2758 2760//2760
f 2958//2958 2760//2760 2959//2959
f 2755//2755 2757//2757 2960//2960
f 2960//2960 2757//2757 2958//2958
f 2960//2960 2958//2958 2961//2961
f 2961//2961 2958//2958 2959//2959
f 2961//2961 2959//2959 2962//2962
f 2754//2754 2755//2755 2954//2954
f 2954//2954 2755//2755 2960//2960
f 2954//2954 2960//2960 2952//2952
f 2952//2952 2960//2960 2961//2961
f 2952//2952 2961//2961 2950//2950
f 2950//2950 2961//2961 2962//2962
f 2950//2950 2962//2962 2963//2963
f 2749//2749 2751//2751 2947//2947
f 2947//2947 2751//2751 2894//2894
f 2947//2947 2894//2894 2948//2948
f 2948//2948 2894//2894 2953//2953
f 2948//2948 2953//2953 2949//2949
f 2949//2949 2953//2953 2951//2951
f 2949//2949 2951//2951 2955//2955
f 2955//2955 2951//2951 2950//2950
f 2955//2955 2950//2950 2964//2964
f 2964//2964 2950//2950 2963//2963
f 2964//2964 2963//2963 2965//2965
f 2966//2966 2967//2967 2968//2968
f 2969//2969 2970//2970 2971//2971
f 2972//2972 2969//2969 2973//2973
f 2969//2969 2971//2971 2973//2973
f 2973//2973 2971//2971 2974//2974
f 2973//2973 2974//2974 2975//2975
f 2975//2975 2974//2974 2976//2976
f 2975//2975 2976//2976 2977//2977
f 2978//2978 2979//2979 2980//2980
f 2980//2980 2979//2979 2981//2981
f 2980//2980 2981//2981 2982//2982
f 2982//2982 2981//2981 2983//2983
f 2982//2982 2983//2983 2984//2984
f 2984//2984 2983//2983 2985//2985
f 2984//2984 2985//2985 2986//2986
f 2976//2976 2987//2987 2977//2977
f 2977//2977 2987//2987 2988//2988
f 2977//2977 2988//2988 2989//2989
f 2989//2989 2988//2988 2990//2990
f 2989//2989 2990//2990 2991//2991
f 2991//2991 2990//2990 2992//2992
f 2992//2992 2993//2993 2991//2991
f 2991//2991 2993//2993 2994//2994
f 2991//2991 2994//2994 2995//2995
f 2995//2995 2994//2994 2996//2996
f 2995//2995 2996//2996 2997//2997
f 2997//2997 2996//2996 2998//2998
f 2998//2998 2999//2999 2997//2997
f 2997//2997 2999//2999 3000//3000
f 2997//2997 3000//3000 2995//2995
f 2995//2995 3000//3000 3001//3001
f 2995//2995 3001//3001 2991//2991
f 2991//2991 3001//3001 3002//3002
f 2991//2991 3002//3002 2989//2989
f 2989//2989 3002//3002 3003//3003
f 2989//2989 3003//3003 2977//2977
f 2977//2977 3003//3003 3004//3004
f 2977//2977 3004//3004 2975//2975
f 2975//2975 3004//3004 3005//3005
f 2975//2975 3005//3005 2973//2973
f 2973//2973 3005//3005 3006//3006
f 2973//2973 3006//3006 2972//2972
f 2972//2972 3006//3006 3007//3007
f 2999//2999 2966//2966 3000//3000
f 3000//3000 2966//2966 2968//2968
f 3000//3000 2968//2968 3001//3001
f 3001//3001 2968//2968 3008//3008
f 3001//3001 3008//3008 3002//3002
f 3002//3002 3008//3008 3009//3009
f 3002//3002 3009//3009 3003//3003
f 3003//3003 3009//3009 2985//2985
f 3003//3003 2985//2985 3004//3004
f 3004//3004 2985//2985 2983//2983
f 3004//3004 2983//2983 3005//3005
f 3005//3005 2983//2983 2981//2981
f 3005//3005 2981//2981 3006//3006
f 3006//3006 2981//2981 2979//2979
f 3006//3006 2979//2979 3007//3007
f 3007//3007 2979//2979 2978//2978
f 3007//3007 2978//2978 3010//3010
f 2986//2986 2985//2985 3011//3011
f 3011//3011 2985//2985 3009//3009
f 3011//3011 3009//3009 3012//3012
f 3012//3012 3009//3009 3008//3008
f 3012//3012 3008//3008 3013//3013
f 3013//3013 3008//3008 2968//2968
f 3013//3013 2968//2968 3014//3014
f 3014//3014 2968//2968 2967//2967
f 3014//3014 2967//2967 3015//3015
f 3016//3016 2799//2799 3017//3017
f 3017//3017 2799//2799 2910//2910
f 3017//3017 2910//2910 3018//3018
f 3018//3018 2910//2910 2916//2916
f 3018//3018 2916//2916 3019//3019
f 3019//3019 2916//2916 2914//2914
f 3019//3019 2914//2914 3020//3020
f 3020//3020 2914//2914 2912//2912
f 3010//3010 3016//3016 3007//3007
f 3007//3007 3016//3016 3017//3017
f 3007//3007 3017//3017 2972//2972
f 2972//2972 3017//3017 3018//3018
f 2972//2972 3018//3018 2969//2969
f 2969//2969 3018//3018 3019//3019
f 2969//2969 3019//3019 2970//2970
f 2970//2970 3019//3019 3020//3020
f 3021//3021 52//52 3022//3022
f 3022//3022 52//52 51//51
f 3022//3022 51//51 3023//3023
f 2964//2964 2965//2965 59//59
f 59//59 176//176 2964//2964
f 2964//2964 176//176 178//178
f 2964//2964 178//178 2955//2955
f 2955//2955 178//178 169//169
f 2955//2955 169//169 2956//2956
f 2956//2956 169//169 168//168
f 2956//2956 168//168 2957//2957
f 2957//2957 168//168 161//161
f 2957//2957 161//161 2943//2943
f 2943//2943 161//161 164//164
f 2943//2943 164//164 2891//2891
f 2891//2891 164//164 153//153
f 2891//2891 153//153 2892//2892
f 2892//2892 153//153 152//152
f 2892//2892 152//152 2939//2939
f 2939//2939 152//152 158//158
f 2939//2939 158//158 2895//2895
f 2895//2895 158//158 2896//2896
f 2896//2896 158//158 145//145
f 2896//2896 145//145 2936//2936
f 2936//2936 145//145 148//148
f 2936//2936 148//148 2935//2935
f 2935//2935 148//148 141//141
f 2935//2935 141//141 2932//2932
f 2932//2932 141//141 140//140
f 2932//2932 140//140 2933//2933
f 2933//2933 140//140 136//136
f 2933//2933 136//136 2934//2934
f 2934//2934 136//136 2922//2922
f 2922//2922 136//136 134//134
f 2922//2922 134//134 2901//2901
f 2901//2901 134//134 132//132
f 2901//2901 132//132 2902//2902
f 2902//2902 132//132 130//130
f 2902//2902 130//130 2917//2917
f 2917//2917 130//130 129//129
f 2917//2917 129//129 2905//2905
f 2905//2905 129//129 116//116
f 2905//2905 116//116 2906//2906
f 2906//2906 116//116 115//115
f 2906//2906 115//115 2911//2911
f 115//115 119//119 2911//2911
f 2911//2911 119//119 121//121
f 2911//2911 121//121 2912//2912
f 57//57 3024//3024 63//63
f 3025//3025 59//59 2965//2965
f 3023//3023 51//51 3026//3026
f 3026//3026 51//51 63//63
f 3026//3026 63//63 3027//3027
f 3027//3027 63//63 3024//3024
f 3027//3027 3024//3024 3025//3025
f 3025//3025 3024//3024 57//57
f 3025//3025 57//57 59//59
f 2693//2693 2695//2695 2782//2782
f 3028//3028 3029//3029 3030//3030
f 3030//3030 3029//3029 3031//3031
f 3030//3030 3031//3031 3032//3032
f 3032//3032 3031//3031 3033//3033
f 3033//3033 3031//3031 3034//3034
f 3033//3033 3034//3034 3035//3035
f 3035//3035 3034//3034 3016//3016
f 3035//3035 3016//3016 3010//3010
f 3029//3029 3036//3036 3031//3031
f 3031//3031 3036//3036 3037//3037
f 3031//3031 3037//3037 3034//3034
f 3034//3034 3037//3037 3038//3038
f 3034//3034 3038//3038 3016//3016
f 2799//2799 3016//3016 2798//2798
f 2798//2798 3016//3016 3038//3038
f 2798//2798 3038//3038 2783//2783
f 2783//2783 3038//3038 3037//3037
f 2783//2783 3037//3037 2782//2782
f 2782//2782 3037//3037 3036//3036
f 2782//2782 3036//3036 2693//2693
f 2693//2693 3036//3036 3029//3029
f 2693//2693 3029//3029 2694//2694
f 2694//2694 3029//3029 3028//3028
f 2694//2694 3028//3028 2692//2692
f 3020//3020 2912//2912 121//121
f 121//121 185//185 3020//3020
f 3020//3020 185//185 183//183
f 3020//3020 183//183 2970//2970
f 3039//3039 3040//3040 2354//2354
f 3039//3039 2354//2354 2845//2845
f 2845//2845 2354//2354 2355//2355
f 2845//2845 2355//2355 2846//2846
f 2846//2846 2355//2355 2357//2357
f 2846//2846 2357//2357 2848//2848
f 2848//2848 2357//2357 2359//2359
f 2848//2848 2359//2359 2850//2850
f 2850//2850 2359//2359 2852//2852
f 2852//2852 2359//2359 2361//2361
f 2852//2852 2361//2361 2853//2853
f 2853//2853 2361//2361 2363//2363
f 2853//2853 2363//2363 2839//2839
f 2839//2839 2363//2363 2365//2365
f 2839//2839 2365//2365 2842//2842
f 2889//2889 2888//2888 2370//2370
f 2370//2370 2888//2888 2887//2887
f 2370//2370 2887//2887 2365//2365
f 2365//2365 2887//2887 2843//2843
f 2365//2365 2843//2843 2842//2842
f 2889//2889 2370//2370 2890//2890
f 2890//2890 2370//2370 2368//2368
f 2890//2890 2368//2368 2867//2867
f 2867//2867 2368//2368 2366//2366
f 2867//2867 2366//2366 2511//2511
f 2971//2971 2970//2970 183//183
f 183//183 2329//2329 2971//2971
f 2971//2971 2329//2329 2331//2331
f 2971//2971 2331//2331 2974//2974
f 2974//2974 2331//2331 2333//2333
f 2974//2974 2333//2333 2976//2976
f 2976//2976 2333//2333 2987//2987
f 2987//2987 2333//2333 2334//2334
f 2987//2987 2334//2334 2988//2988
f 2988//2988 2334//2334 2336//2336
f 2988//2988 2336//2336 2990//2990
f 2990//2990 2336//2336 2338//2338
f 2990//2990 2338//2338 2992//2992
f 2992//2992 2338//2338 2340//2340
f 2992//2992 2340//2340 2993//2993
f 2993//2993 2340//2340 2342//2342
f 2993//2993 2342//2342 2994//2994
f 2342//2342 2344//2344 2994//2994
f 2994//2994 2344//2344 2346//2346
f 2994//2994 2346//2346 2996//2996
f 2346//2346 2351//2351 2996//2996
f 2996//2996 2351//2351 2349//2349
f 2996//2996 2349//2349 2998//2998
f 2352//2352 2354//2354 3040//3040
f 3040//3040 3041//3041 2352//2352
f 2352//2352 3041//3041 2998//2998
f 2352//2352 2998//2998 2349//2349
f 3042//3042 3043//3043 3044//3044
f 3044//3044 3043//3043 3045//3045
f 3044//3044 3045//3045 3046//3046
f 3046//3046 3045//3045 3047//3047
f 3046//3046 3047//3047 3048//3048
f 3048//3048 3047//3047 3049//3049
f 3048//3048 3049//3049 3050//3050
f 3050//3050 3049//3049 3051//3051
f 3050//3050 3051//3051 3052//3052
f 3052//3052 3051//3051 3053//3053
f 3052//3052 3053//3053 3039//3039
f 3039//3039 3053//3053 3040//3040
f 2813//2813 3042//3042 2814//2814
f 2814//2814 3042//3042 3044//3044
f 2814//2814 3044//3044 2886//2886
f 2886//2886 3044//3044 3046//3046
f 2886//2886 3046//3046 2877//2877
f 2877//2877 3046//3046 3048//3048
f 2877//2877 3048//3048 2866//2866
f 2866//2866 3048//3048 3050//3050
f 2866//2866 3050//3050 2847//2847
f 2847//2847 3050//3050 3052//3052
f 2847//2847 3052//3052 2845//2845
f 2845//2845 3052//3052 3039//3039
f 3054//3054 3015//3015 2967//2967
f 3043//3043 3054//3054 3045//3045
f 3045//3045 3054//3054 2967//2967
f 3045//3045 2967//2967 3047//3047
f 3047//3047 2967//2967 2966//2966
f 3047//3047 2966//2966 3049//3049
f 3049//3049 2966//2966 2999//2999
f 3049//3049 2999//2999 3051//3051
f 2999//2999 2998//2998 3041//3041
f 3051//3051 2999//2999 3053//3053
f 3053//3053 2999//2999 3041//3041
f 3053//3053 3041//3041 3040//3040
f 2768//2768 2767//2767 3055//3055
f 3023//3023 3056//3056 3022//3022
f 3022//3022 3056//3056 3057//3057
f 3022//3022 3057//3057 3021//3021
f 3021//3021 3057//3057 3055//3055
f 3055//3055 3057//3057 2770//2770
f 3055//3055 2770//2770 2768//2768
f 2763//2763 2764//2764 3058//3058
f 3059//3059 2959//2959 2761//2761
f 2761//2761 2959//2959 2760//2760
f 3025//3025 2965//2965 3060//3060
f 3060//3060 2965//2965 2963//2963
f 3027//3027 3025//3025 3061//3061
f 3061//3061 3025//3025 3060//3060
f 3061//3061 3060//3060 3062//3062
f 3062//3062 3060//3060 2963//2963
f 3062//3062 2963//2963 2962//2962
f 2761//2761 2763//2763 3059//3059
f 3059//3059 2763//2763 3058//3058
f 3059//3059 3058//3058 3063//3063
f 3063//3063 3058//3058 3064//3064
f 3063//3063 3064//3064 3065//3065
f 3026//3026 3027//3027 3065//3065
f 3065//3065 3027//3027 3061//3061
f 3065//3065 3061//3061 3063//3063
f 3063//3063 3061//3061 3062//3062
f 3063//3063 3062//3062 3059//3059
f 3059//3059 3062//3062 2962//2962
f 3059//3059 2962//2962 2959//2959
f 3066//3066 2766//2766 3057//3057
f 3057//3057 2766//2766 2771//2771
f 3057//3057 2771//2771 2770//2770
f 3023//3023 3026//3026 3056//3056
f 3056//3056 3026//3026 3065//3065
f 3056//3056 3065//3065 3057//3057
f 3057//3057 3065//3065 3064//3064
f 3057//3057 3064//3064 3066//3066
f 3066//3066 3064//3064 3058//3058
f 3066//3066 3058//3058 2766//2766
f 2766//2766 3058//3058 2764//2764
f 3055//3055 2767//2767 3067//3067
f 3068//3068 3069//3069 3070//3070
f 3070//3070 3069//3069 3071//3071
f 3070//3070 3071//3071 3072//3072
f 2543//2543 3069//3069 2544//2544
f 2544//2544 3069//3069 3068//3068
f 2544//2544 3068//3068 3067//3067
f 3067//3067 3068//3068 3070//3070
f 3067//3067 3070//3070 3055//3055
f 3055//3055 3070//3070 3072//3072
f 3055//3055 3072//3072 3021//3021
f 3073//3073 3074//3074 3075//3075
f 3076//3076 2805//2805 2376//2376
f 2376//2376 2398//2398 3077//3077
f 3077//3077 2398//2398 2396//2396
f 3076//3076 2376//2376 3078//3078
f 2376//2376 3077//3077 3078//3078
f 3078//3078 3077//3077 3079//3079
f 3078//3078 3079//3079 3080//3080
f 3079//3079 3081//3081 2534//2534
f 3080//3080 3079//3079 2568//2568
f 2568//2568 3079//3079 2534//2534
f 2568//2568 2534//2534 2536//2536
f 3082//3082 3083//3083 3084//3084
f 3084//3084 3083//3083 3085//3085
f 3084//3084 3085//3085 3086//3086
f 3087//3087 3088//3088 3085//3085
f 3085//3085 3088//3088 3089//3089
f 3085//3085 3089//3089 3086//3086
f 3075//3075 3071//3071 3069//3069
f 3073//3073 3075//3075 3090//3090
f 3090//3090 3075//3075 3069//3069
f 3090//3090 3069//3069 2543//2543
f 3072//3072 2404//2404 2402//2402
f 3072//3072 2402//2402 3021//3021
f 3021//3021 2402//2402 2400//2400
f 3021//3021 2400//2400 52//52
f 3072//3072 3071//3071 2404//2404
f 2404//2404 3071//3071 3075//3075
f 2404//2404 3075//3075 2405//2405
f 2405//2405 3075//3075 3074//3074
f 2405//2405 3074//3074 2386//2386
f 2386//2386 3074//3074 2388//2388
f 2396//2396 3091//3091 3077//3077
f 3077//3077 3091//3091 3083//3083
f 3077//3077 3083//3083 3079//3079
f 3079//3079 3083//3083 3082//3082
f 3079//3079 3082//3082 3081//3081
f 3073//3073 3088//3088 3074//3074
f 3074//3074 3088//3088 3087//3087
f 3074//3074 3087//3087 2388//2388
f 2388//2388 3087//3087 3085//3085
f 2388//2388 3085//3085 2390//2390
f 2390//2390 3085//3085 3083//3083
f 2390//2390 3083//3083 2392//2392
f 2392//2392 3083//3083 3091//3091
f 2392//2392 3091//3091 2394//2394
f 2394//2394 3091//3091 2396//2396
f 2670//2670 3092//3092 3093//3093
f 2580//2580 3094//3094 2581//2581
f 2581//2581 3094//3094 2671//2671
f 2670//2670 3093//3093 2669//2669
f 2669//2669 3093//3093 3095//3095
f 2669//2669 3095//3095 2668//2668
f 2668//2668 3095//3095 3096//3096
f 2668//2668 3096//3096 2667//2667
f 2667//2667 3096//3096 2666//2666
f 2666//2666 3096//3096 3097//3097
f 2666//2666 3097//3097 2665//2665
f 3098//3098 2657//2657 2658//2658
f 3099//3099 2572//2572 2575//2575
f 3097//3097 3100//3100 2665//2665
f 2665//2665 3100//3100 3101//3101
f 2665//2665 3101//3101 2664//2664
f 2664//2664 3101//3101 3102//3102
f 2664//2664 3102//3102 2663//2663
f 2663//2663 3102//3102 3103//3103
f 2663//2663 3103//3103 2662//2662
f 2662//2662 3103//3103 3104//3104
f 2662//2662 3104//3104 2661//2661
f 2661//2661 3104//3104 3105//3105
f 2661//2661 3105//3105 2660//2660
f 2660//2660 3105//3105 3106//3106
f 2660//2660 3106//3106 2659//2659
f 2659//2659 3106//3106 3107//3107
f 2659//2659 3107//3107 2658//2658
f 2658//2658 3107//3107 3099//3099
f 2658//2658 3099//3099 3098//3098
f 3098//3098 3099//3099 2575//2575
f 3098//3098 2575//2575 2574//2574
f 2572//2572 3099//3099 2570//2570
f 2570//2570 3099//3099 3107//3107
f 2570//2570 3107//3107 2567//2567
f 2567//2567 3107//3107 3106//3106
f 2567//2567 3106//3106 2565//2565
f 2565//2565 3106//3106 3105//3105
f 2565//2565 3105//3105 3108//3108
f 3108//3108 3105//3105 3104//3104
f 3108//3108 3104//3104 3109//3109
f 3109//3109 3104//3104 3103//3103
f 3109//3109 3103//3103 3110//3110
f 3110//3110 3103//3103 3102//3102
f 3110//3110 3102//3102 3111//3111
f 3111//3111 3102//3102 3101//3101
f 3111//3111 3101//3101 3112//3112
f 3112//3112 3101//3101 3100//3100
f 3112//3112 3100//3100 3113//3113
f 3113//3113 3100//3100 3114//3114
f 3114//3114 3100//3100 3097//3097
f 3114//3114 3097//3097 3115//3115
f 3115//3115 3097//3097 3096//3096
f 3115//3115 3096//3096 3116//3116
f 3116//3116 3096//3096 3095//3095
f 3116//3116 3095//3095 3117//3117
f 3117//3117 3095//3095 3093//3093
f 3117//3117 3093//3093 3118//3118
f 3118//3118 3093//3093 3119//3119
f 3119//3119 3093//3093 3092//3092
f 3119//3119 3092//3092 3120//3120
f 2670//2670 2671//2671 3092//3092
f 3092//3092 2671//2671 3094//3094
f 3092//3092 3094//3094 3120//3120
f 3120//3120 3094//3094 2580//2580
f 3120//3120 2580//2580 2582//2582
f 3121//3121 2650//2650 2651//2651
f 2651//2651 2652//2652 3121//3121
f 3121//3121 2652//2652 2656//2656
f 3121//3121 2656//2656 2655//2655
f 2655//2655 2654//2654 3098//3098
f 3098//3098 2654//2654 2653//2653
f 3098//3098 2653//2653 2657//2657
f 2655//2655 3098//3098 3121//3121
f 3121//3121 3098//3098 2574//2574
f 3121//3121 2574//2574 2573//2573
f 2578//2578 2577//2577 3122//3122
f 3122//3122 2577//2577 3123//3123
f 3124//3124 3125//3125 3126//3126
f 3126//3126 3125//3125 3127//3127
f 3126//3126 3127//3127 3128//3128
f 3128//3128 3127//3127 3129//3129
f 3128//3128 3129//3129 3123//3123
f 3123//3123 3129//3129 3130//3130
f 3123//3123 3130//3130 3122//3122
f 3131//3131 3132//3132 3133//3133
f 3133//3133 3132//3132 3134//3134
f 3133//3133 3134//3134 3124//3124
f 3124//3124 3134//3134 3135//3135
f 3124//3124 3135//3135 3125//3125
f 3136//3136 3137//3137 3138//3138
f 3138//3138 3137//3137 3139//3139
f 3138//3138 3139//3139 3140//3140
f 3140//3140 3139//3139 3141//3141
f 3140//3140 3141//3141 3131//3131
f 3131//3131 3141//3141 3142//3142
f 3131//3131 3142//3142 3132//3132
f 3143//3143 3144//3144 3145//3145
f 3145//3145 3144//3144 3146//3146
f 3145//3145 3146//3146 3147//3147
f 3147//3147 3146//3146 3148//3148
f 3147//3147 3148//3148 3149//3149
f 3149//3149 3148//3148 3150//3150
f 3149//3149 3150//3150 3136//3136
f 3136//3136 3150//3150 3151//3151
f 3136//3136 3151//3151 3137//3137
f 3121//3121 2573//2573 3152//3152
f 3152//3152 2573//2573 3153//3153
f 3152//3152 3153//3153 3143//3143
f 3143//3143 3153//3153 3154//3154
f 3143//3143 3154//3154 3144//3144
f 2650//2650 3121//3121 2649//2649
f 2649//2649 3121//3121 3152//3152
f 2649//2649 3152//3152 2648//2648
f 2648//2648 3152//3152 3143//3143
f 2648//2648 3143//3143 2647//2647
f 2647//2647 3143//3143 3145//3145
f 2647//2647 3145//3145 2646//2646
f 2646//2646 3145//3145 3147//3147
f 2646//2646 3147//3147 2645//2645
f 2645//2645 3147//3147 2644//2644
f 2644//2644 3147//3147 3149//3149
f 2644//2644 3149//3149 2643//2643
f 2643//2643 3149//3149 3136//3136
f 2643//2643 3136//3136 2642//2642
f 2642//2642 3136//3136 2637//2637
f 2637//2637 3136//3136 3138//3138
f 2637//2637 3138//3138 2638//2638
f 2638//2638 3138//3138 3140//3140
f 2638//2638 3140//3140 2639//2639
f 2639//2639 3140//3140 2640//2640
f 2640//2640 3140//3140 3131//3131
f 2640//2640 3131//3131 2641//2641
f 2641//2641 3131//3131 3133//3133
f 2641//2641 3133//3133 2632//2632
f 2632//2632 3133//3133 3124//3124
f 2632//2632 3124//3124 2633//2633
f 2633//2633 3124//3124 3126//3126
f 2633//2633 3126//3126 2634//2634
f 2634//2634 3126//3126 3128//3128
f 2634//2634 3128//3128 2635//2635
f 2635//2635 3128//3128 3123//3123
f 2635//2635 3123//3123 2636//2636
f 2636//2636 3123//3123 2577//2577
f 2636//2636 2577//2577 2576//2576
f 2564//2564 2541//2541 3155//3155
f 2573//2573 2564//2564 3153//3153
f 3153//3153 2564//2564 3155//3155
f 3153//3153 3155//3155 3154//3154
f 3154//3154 3155//3155 3156//3156
f 3154//3154 3156//3156 3144//3144
f 3144//3144 3156//3156 3157//3157
f 3144//3144 3157//3157 3146//3146
f 3146//3146 3157//3157 3158//3158
f 3158//3158 3159//3159 3146//3146
f 3146//3146 3159//3159 3160//3160
f 3146//3146 3160//3160 3148//3148
f 3148//3148 3160//3160 3161//3161
f 3148//3148 3161//3161 3150//3150
f 3150//3150 3161//3161 3151//3151
f 3151//3151 3161//3161 3162//3162
f 3151//3151 3162//3162 3137//3137
f 3162//3162 3163//3163 3137//3137
f 3137//3137 3163//3163 3164//3164
f 3137//3137 3164//3164 3139//3139
f 3139//3139 3164//3164 3165//3165
f 3139//3139 3165//3165 3141//3141
f 3141//3141 3165//3165 3142//3142
f 3142//3142 3165//3165 3166//3166
f 3142//3142 3166//3166 3132//3132
f 3132//3132 3166//3166 3167//3167
f 3132//3132 3167//3167 3134//3134
f 3134//3134 3167//3167 3168//3168
f 3134//3134 3168//3168 3135//3135
f 3135//3135 3168//3168 3169//3169
f 3135//3135 3169//3169 3125//3125
f 3125//3125 3169//3169 3170//3170
f 3125//3125 3170//3170 3127//3127
f 3127//3127 3170//3170 3171//3171
f 3127//3127 3171//3171 3129//3129
f 3171//3171 3172//3172 3129//3129
f 3129//3129 3172//3172 3173//3173
f 3129//3129 3173//3173 3130//3130
f 3130//3130 3173//3173 3122//3122
f 3122//3122 3173//3173 2579//2579
f 3122//3122 2579//2579 2578//2578
f 2203//2203 2096//2096 2579//2579
f 3174//3174 3175//3175 3176//3176
f 3177//3177 3178//3178 3179//3179
f 3180//3180 2524//2524 2523//2523
f 3181//3181 3182//3182 2261//2261
f 2261//2261 3182//3182 2195//2195
f 3182//3182 3179//3179 2195//2195
f 2195//2195 3179//3179 3178//3178
f 2195//2195 3178//3178 2148//2148
f 2148//2148 3178//3178 3177//3177
f 2148//2148 3177//3177 2149//2149
f 2149//2149 3177//3177 3183//3183
f 2149//2149 3183//3183 2192//2192
f 2192//2192 3183//3183 3180//3180
f 2192//2192 3180//3180 2151//2151
f 2151//2151 3180//3180 2523//2523
f 2151//2151 2523//2523 1765//1765
f 3184//3184 2145//2145 3185//3185
f 3185//3185 2145//2145 2259//2259
f 3185//3185 2259//2259 3186//3186
f 3186//3186 2259//2259 2260//2260
f 3186//3186 2260//2260 3174//3174
f 3174//3174 2260//2260 2202//2202
f 3174//3174 2202//2202 3175//3175
f 3175//3175 2202//2202 2200//2200
f 3175//3175 2200//2200 3176//3176
f 3176//3176 2200//2200 2199//2199
f 3176//3176 2199//2199 2579//2579
f 2579//2579 2199//2199 2205//2205
f 2579//2579 2205//2205 2203//2203
f 3184//3184 3187//3187 2145//2145
f 2145//2145 3187//3187 3188//3188
f 2145//2145 3188//3188 2146//2146
f 2146//2146 3188//3188 2196//2196
f 3181//3181 2261//2261 3189//3189
f 3189//3189 2261//2261 2198//2198
f 3189//3189 2198//2198 3188//3188
f 3188//3188 2198//2198 2197//2197
f 3188//3188 2197//2197 2196//2196
f 3190//3190 3191//3191 3192//3192
f 3193//3193 3194//3194 3195//3195
f 3196//3196 3197//3197 3198//3198
f 3199//3199 3200//3200 3201//3201
f 3201//3201 3200//3200 3202//3202
f 3203//3203 3204//3204 3205//3205
f 3206//3206 3207//3207 3208//3208
f 3208//3208 3207//3207 3209//3209
f 3210//3210 3211//3211 3212//3212
f 3213//3213 3214//3214 3215//3215
f 3160//3160 3216//3216 3161//3161
f 2723//2723 3217//3217 3218//3218
f 2685//2685 2686//2686 3219//3219
f 3015//3015 3054//3054 3195//3195
f 2810//2810 2811//2811 3220//3220
f 3185//3185 3186//3186 3209//3209
f 3209//3209 3186//3186 3174//3174
f 3187//3187 3221//3221 3188//3188
f 3188//3188 3221//3221 3189//3189
f 3177//3177 3222//3222 3183//3183
f 3183//3183 3222//3222 3223//3223
f 3183//3183 3223//3223 3180//3180
f 3181//3181 3224//3224 3182//3182
f 3182//3182 3224//3224 3222//3222
f 3182//3182 3222//3222 3179//3179
f 3179//3179 3222//3222 3177//3177
f 3225//3225 2832//2832 3226//3226
f 3226//3226 2832//2832 2834//2834
f 3227//3227 2828//2828 3225//3225
f 3225//3225 2828//2828 2830//2830
f 3225//3225 2830//2830 2832//2832
f 3228//3228 2823//2823 2825//2825
f 3229//3229 3228//3228 3230//3230
f 3230//3230 3228//3228 2825//2825
f 3230//3230 2825//2825 3227//3227
f 3227//3227 2825//2825 2826//2826
f 3227//3227 2826//2826 2828//2828
f 3043//3043 3042//3042 3231//3231
f 3231//3231 3042//3042 2813//2813
f 3231//3231 2813//2813 2815//2815
f 3232//3232 3233//3233 3012//3012
f 3234//3234 2984//2984 3235//3235
f 3235//3235 2984//2984 2986//2986
f 3235//3235 2986//2986 3233//3233
f 3233//3233 2986//2986 3011//3011
f 3233//3233 3011//3011 3012//3012
f 2978//2978 2980//2980 3234//3234
f 3234//3234 2980//2980 2982//2982
f 3234//3234 2982//2982 2984//2984
f 3236//3236 3033//3033 3035//3035
f 3028//3028 3030//3030 3236//3236
f 3236//3236 3030//3030 3032//3032
f 3236//3236 3032//3032 3033//3033
f 2689//2689 2690//2690 3237//3237
f 3237//3237 2690//2690 2691//2691
f 3237//3237 2691//2691 2692//2692
f 2692//2692 3028//3028 3237//3237
f 3237//3237 3028//3028 3236//3236
f 3237//3237 3236//3236 2689//2689
f 2689//2689 3236//3236 3238//3238
f 2689//2689 3238//3238 2688//2688
f 3239//3239 2683//2683 3219//3219
f 3219//3219 2683//2683 2684//2684
f 3219//3219 2684//2684 2685//2685
f 3240//3240 2681//2681 2682//2682
f 3240//3240 3241//3241 2681//2681
f 2681//2681 3241//3241 3242//3242
f 2681//2681 3242//3242 2680//2680
f 2680//2680 3242//3242 3243//3243
f 2679//2679 2678//2678 3243//3243
f 3243//3243 2678//2678 2677//2677
f 3243//3243 2677//2677 2680//2680
f 2675//2675 2676//2676 3244//3244
f 3244//3244 2676//2676 3245//3245
f 2675//2675 3244//3244 2672//2672
f 2672//2672 3244//3244 3246//3246
f 2672//2672 3246//3246 2673//2673
f 2673//2673 3246//3246 2674//2674
f 2674//2674 3246//3246 3247//3247
f 2674//2674 3247//3247 2720//2720
f 2723//2723 2717//2717 3217//3217
f 3217//3217 2717//2717 2718//2718
f 3217//3217 2718//2718 3248//3248
f 3248//3248 2718//2718 2719//2719
f 3248//3248 2719//2719 2720//2720
f 2767//2767 2769//2769 3249//3249
f 3249//3249 2769//2769 2784//2784
f 3249//3249 2784//2784 3218//3218
f 3218//3218 2784//2784 2724//2724
f 3218//3218 2724//2724 2723//2723
f 2544//2544 3250//3250 2560//2560
f 2560//2560 3250//3250 3251//3251
f 2560//2560 3251//3251 2559//2559
f 2552//2552 2554//2554 3252//3252
f 3252//3252 2554//2554 2557//2557
f 3252//3252 2557//2557 2559//2559
f 2548//2548 2549//2549 3253//3253
f 3253//3253 2549//2549 2551//2551
f 3159//3159 3158//3158 3254//3254
f 3254//3254 3158//3158 3157//3157
f 3254//3254 3157//3157 3255//3255
f 3255//3255 3157//3157 3156//3156
f 3255//3255 3156//3156 3155//3155
f 3163//3163 3162//3162 3256//3256
f 3256//3256 3162//3162 3161//3161
f 3256//3256 3161//3161 3257//3257
f 3257//3257 3161//3161 3216//3216
f 3257//3257 3216//3216 3258//3258
f 3166//3166 3165//3165 3259//3259
f 3259//3259 3165//3165 3164//3164
f 3259//3259 3164//3164 3260//3260
f 3260//3260 3164//3164 3261//3261
f 3169//3169 3168//3168 3262//3262
f 3262//3262 3168//3168 3167//3167
f 3262//3262 3167//3167 3263//3263
f 3172//3172 3171//3171 3264//3264
f 3264//3264 3171//3171 3265//3265
f 2579//2579 3173//3173 3203//3203
f 2524//2524 3180//3180 2811//2811
f 2811//2811 3180//3180 3223//3223
f 2811//2811 3223//3223 3220//3220
f 3220//3220 3223//3223 3222//3222
f 3220//3220 3222//3222 3266//3266
f 3266//3266 3222//3222 3224//3224
f 3266//3266 3224//3224 3267//3267
f 3268//3268 3267//3267 3269//3269
f 3269//3269 3267//3267 3224//3224
f 3269//3269 3224//3224 3221//3221
f 3221//3221 3224//3224 3181//3181
f 3221//3221 3181//3181 3189//3189
f 3226//3226 3270//3270 3225//3225
f 3225//3225 3270//3270 3271//3271
f 3225//3225 3271//3271 3227//3227
f 3227//3227 3271//3271 3272//3272
f 3227//3227 3272//3272 3230//3230
f 3230//3230 3272//3272 3273//3273
f 3230//3230 3273//3273 3229//3229
f 3229//3229 3273//3273 3274//3274
f 3275//3275 3274//3274 3276//3276
f 3276//3276 3274//3274 3273//3273
f 3276//3276 3273//3273 3277//3277
f 3277//3277 3273//3273 3272//3272
f 3277//3277 3272//3272 3278//3278
f 3278//3278 3272//3272 3271//3271
f 3278//3278 3271//3271 3279//3279
f 3279//3279 3271//3271 3270//3270
f 3279//3279 3270//3270 3280//3280
f 3280//3280 3270//3270 3226//3226
f 3280//3280 3226//3226 3281//3281
f 3281//3281 3226//3226 2834//2834
f 3281//3281 2834//2834 3282//3282
f 3282//3282 2834//2834 2835//2835
f 3282//3282 2835//2835 2837//2837
f 3212//3212 3283//3283 3284//3284
f 3284//3284 3285//3285 3212//3212
f 3212//3212 3285//3285 3286//3286
f 3212//3212 3286//3286 3287//3287
f 3212//3212 3211//3211 3283//3283
f 3283//3283 3211//3211 3288//3288
f 3283//3283 3288//3288 3289//3289
f 3290//3290 3291//3291 3287//3287
f 3215//3215 3214//3214 3292//3292
f 3292//3292 3214//3214 3293//3293
f 3292//3292 3293//3293 3294//3294
f 3213//3213 3295//3295 3214//3214
f 3214//3214 3295//3295 3296//3296
f 3214//3214 3296//3296 3293//3293
f 3291//3291 3290//3290 3297//3297
f 3297//3297 3290//3290 3298//3298
f 3297//3297 3298//3298 3268//3268
f 3221//3221 3299//3299 3269//3269
f 3269//3269 3299//3299 3300//3300
f 3269//3269 3300//3300 3268//3268
f 3268//3268 3300//3300 3295//3295
f 3268//3268 3295//3295 3297//3297
f 3297//3297 3295//3295 3213//3213
f 3297//3297 3213//3213 3291//3291
f 3291//3291 3213//3213 3215//3215
f 3291//3291 3215//3215 3287//3287
f 3287//3287 3215//3215 3292//3292
f 3287//3287 3292//3292 3212//3212
f 3212//3212 3292//3292 3294//3294
f 3212//3212 3294//3294 3210//3210
f 3203//3203 3173//3173 3204//3204
f 3204//3204 3173//3173 3172//3172
f 3204//3204 3172//3172 3205//3205
f 3205//3205 3172//3172 3264//3264
f 3205//3205 3264//3264 3301//3301
f 3185//3185 3209//3209 3302//3302
f 3302//3302 3209//3209 3207//3207
f 3302//3302 3207//3207 3303//3303
f 3303//3303 3207//3207 3206//3206
f 3303//3303 3206//3206 3304//3304
f 3187//3187 3184//3184 3221//3221
f 3221//3221 3184//3184 3185//3185
f 3221//3221 3185//3185 3299//3299
f 3299//3299 3185//3185 3302//3302
f 3299//3299 3302//3302 3300//3300
f 3300//3300 3302//3302 3303//3303
f 3300//3300 3303//3303 3295//3295
f 3295//3295 3303//3303 3304//3304
f 3295//3295 3304//3304 3296//3296
f 3296//3296 3304//3304 3305//3305
f 3296//3296 3305//3305 3293//3293
f 3293//3293 3305//3305 3306//3306
f 3293//3293 3306//3306 3294//3294
f 3294//3294 3306//3306 3307//3307
f 3294//3294 3307//3307 3210//3210
f 3210//3210 3307//3307 3308//3308
f 3210//3210 3308//3308 3211//3211
f 3211//3211 3308//3308 3309//3309
f 3211//3211 3309//3309 3288//3288
f 3288//3288 3309//3309 3310//3310
f 3288//3288 3310//3310 3289//3289
f 3311//3311 3312//3312 3313//3313
f 3174//3174 3176//3176 3209//3209
f 3209//3209 3176//3176 2579//2579
f 3209//3209 2579//2579 3208//3208
f 3208//3208 2579//2579 3203//3203
f 3208//3208 3203//3203 3206//3206
f 3206//3206 3203//3203 3205//3205
f 3206//3206 3205//3205 3304//3304
f 3304//3304 3205//3205 3301//3301
f 3304//3304 3301//3301 3305//3305
f 3305//3305 3301//3301 3314//3314
f 3305//3305 3314//3314 3306//3306
f 3306//3306 3314//3314 3315//3315
f 3306//3306 3315//3315 3307//3307
f 3307//3307 3315//3315 3316//3316
f 3307//3307 3316//3316 3308//3308
f 3317//3317 3318//3318 3319//3319
f 3319//3319 3318//3318 3320//3320
f 3196//3196 3198//3198 3321//3321
f 3322//3322 3323//3323 3252//3252
f 3252//3252 3323//3323 3253//3253
f 3252//3252 3253//3253 2552//2552
f 2552//2552 3253//3253 2551//2551
f 3323//3323 3324//3324 3253//3253
f 3253//3253 3324//3324 3325//3325
f 3253//3253 3325//3325 2548//2548
f 2548//2548 3325//3325 3326//3326
f 2548//2548 3326//3326 2546//2546
f 2546//2546 3326//3326 2538//2538
f 3159//3159 3254//3254 3160//3160
f 3160//3160 3254//3254 3198//3198
f 3160//3160 3198//3198 3216//3216
f 3216//3216 3198//3198 3197//3197
f 3216//3216 3197//3197 3258//3258
f 3327//3327 3317//3317 3328//3328
f 3328//3328 3317//3317 3319//3319
f 3328//3328 3319//3319 3329//3329
f 3329//3329 3319//3319 3320//3320
f 3329//3329 3320//3320 3201//3201
f 3201//3201 3320//3320 3330//3330
f 3201//3201 3330//3330 3199//3199
f 3170//3170 3169//3169 3331//3331
f 3331//3331 3169//3169 3262//3262
f 3331//3331 3262//3262 3332//3332
f 3332//3332 3262//3262 3263//3263
f 3332//3332 3263//3263 3327//3327
f 3327//3327 3263//3263 3333//3333
f 3327//3327 3333//3333 3317//3317
f 3167//3167 3166//3166 3263//3263
f 3263//3263 3166//3166 3259//3259
f 3263//3263 3259//3259 3333//3333
f 3333//3333 3259//3259 3260//3260
f 3333//3333 3260//3260 3317//3317
f 3317//3317 3260//3260 3261//3261
f 3317//3317 3261//3261 3318//3318
f 3318//3318 3261//3261 3334//3334
f 3318//3318 3334//3334 3320//3320
f 3320//3320 3334//3334 3335//3335
f 3320//3320 3335//3335 3330//3330
f 3311//3311 3202//3202 3321//3321
f 3321//3321 3202//3202 3200//3200
f 3321//3321 3200//3200 3196//3196
f 3196//3196 3200//3200 3199//3199
f 3196//3196 3199//3199 3197//3197
f 3197//3197 3199//3199 3330//3330
f 3197//3197 3330//3330 3258//3258
f 3258//3258 3330//3330 3335//3335
f 3258//3258 3335//3335 3257//3257
f 3257//3257 3335//3335 3334//3334
f 3257//3257 3334//3334 3256//3256
f 3256//3256 3334//3334 3261//3261
f 3256//3256 3261//3261 3163//3163
f 3163//3163 3261//3261 3164//3164
f 2559//2559 3251//3251 3252//3252
f 3252//3252 3251//3251 3336//3336
f 3252//3252 3336//3336 3322//3322
f 2720//2720 3247//3247 3248//3248
f 3248//3248 3247//3247 3337//3337
f 3248//3248 3337//3337 3217//3217
f 3217//3217 3337//3337 3338//3338
f 3217//3217 3338//3338 3218//3218
f 3218//3218 3338//3338 3339//3339
f 3218//3218 3339//3339 3249//3249
f 3321//3321 3340//3340 3311//3311
f 3311//3311 3340//3340 3341//3341
f 3311//3311 3341//3341 3312//3312
f 3312//3312 3341//3341 3342//3342
f 3312//3312 3342//3342 3313//3313
f 2541//2541 2539//2539 3155//3155
f 3155//3155 2539//2539 2538//2538
f 3155//3155 2538//2538 3255//3255
f 3255//3255 2538//2538 3326//3326
f 3255//3255 3326//3326 3254//3254
f 3254//3254 3326//3326 3325//3325
f 3254//3254 3325//3325 3198//3198
f 3198//3198 3325//3325 3324//3324
f 3198//3198 3324//3324 3321//3321
f 3321//3321 3324//3324 3323//3323
f 3321//3321 3323//3323 3340//3340
f 3340//3340 3323//3323 3322//3322
f 3340//3340 3322//3322 3341//3341
f 3341//3341 3322//3322 3336//3336
f 3341//3341 3336//3336 3342//3342
f 2978//2978 3234//3234 3343//3343
f 3343//3343 3234//3234 3235//3235
f 3343//3343 3235//3235 3344//3344
f 3344//3344 3235//3235 3233//3233
f 3344//3344 3233//3233 3345//3345
f 3345//3345 3233//3233 3232//3232
f 3345//3345 3232//3232 3346//3346
f 3346//3346 3232//3232 3347//3347
f 3346//3346 3347//3347 3348//3348
f 3010//3010 2978//2978 3035//3035
f 3035//3035 2978//2978 3343//3343
f 3035//3035 3343//3343 3236//3236
f 3236//3236 3343//3343 3344//3344
f 3236//3236 3344//3344 3238//3238
f 3238//3238 3344//3344 3345//3345
f 3238//3238 3345//3345 3349//3349
f 3349//3349 3345//3345 3346//3346
f 3349//3349 3346//3346 3350//3350
f 3350//3350 3346//3346 3348//3348
f 3350//3350 3348//3348 3351//3351
f 2688//2688 3238//3238 2687//2687
f 2687//2687 3238//3238 3349//3349
f 2687//2687 3349//3349 2686//2686
f 2686//2686 3349//3349 3350//3350
f 2686//2686 3350//3350 3219//3219
f 3219//3219 3350//3350 3351//3351
f 3219//3219 3351//3351 3239//3239
f 2820//2820 3352//3352 2818//2818
f 2818//2818 3352//3352 3353//3353
f 2818//2818 3353//3353 2817//2817
f 2817//2817 3353//3353 3354//3354
f 2817//2817 3354//3354 2815//2815
f 2815//2815 3354//3354 3193//3193
f 2815//2815 3193//3193 3231//3231
f 3231//3231 3193//3193 3195//3195
f 3231//3231 3195//3195 3043//3043
f 3043//3043 3195//3195 3054//3054
f 3012//3012 3013//3013 3232//3232
f 3232//3232 3013//3013 3014//3014
f 3232//3232 3014//3014 3347//3347
f 3347//3347 3014//3014 3015//3015
f 3347//3347 3015//3015 3348//3348
f 3348//3348 3015//3015 3195//3195
f 3348//3348 3195//3195 3351//3351
f 3351//3351 3195//3195 3194//3194
f 3351//3351 3194//3194 3239//3239
f 3190//3190 3192//3192 3355//3355
f 3240//3240 3355//3355 3241//3241
f 3241//3241 3355//3355 3192//3192
f 3241//3241 3192//3192 3242//3242
f 3242//3242 3192//3192 3356//3356
f 3242//3242 3356//3356 3243//3243
f 3342//3342 3357//3357 3313//3313
f 3313//3313 3357//3357 3358//3358
f 3313//3313 3358//3358 3359//3359
f 3359//3359 3358//3358 3360//3360
f 2676//2676 2679//2679 3245//3245
f 3245//3245 2679//2679 3243//3243
f 3245//3245 3243//3243 3361//3361
f 3361//3361 3243//3243 3356//3356
f 3361//3361 3356//3356 3362//3362
f 3362//3362 3356//3356 3192//3192
f 3362//3362 3192//3192 3363//3363
f 3363//3363 3192//3192 3191//3191
f 3363//3363 3191//3191 3364//3364
f 2767//2767 3249//3249 3067//3067
f 3067//3067 3249//3249 3339//3339
f 3067//3067 3339//3339 2544//2544
f 2544//2544 3339//3339 3338//3338
f 2544//2544 3338//3338 3250//3250
f 3250//3250 3338//3338 3337//3337
f 3250//3250 3337//3337 3251//3251
f 3251//3251 3337//3337 3247//3247
f 3251//3251 3247//3247 3336//3336
f 3336//3336 3247//3247 3246//3246
f 3336//3336 3246//3246 3342//3342
f 3342//3342 3246//3246 3244//3244
f 3342//3342 3244//3244 3357//3357
f 3357//3357 3244//3244 3245//3245
f 3357//3357 3245//3245 3358//3358
f 3358//3358 3245//3245 3361//3361
f 3358//3358 3361//3361 3360//3360
f 3360//3360 3361//3361 3362//3362
f 3360//3360 3362//3362 3275//3275
f 3275//3275 3362//3362 3363//3363
f 3275//3275 3363//3363 3274//3274
f 3274//3274 3363//3363 3364//3364
f 3274//3274 3364//3364 3229//3229
f 3229//3229 3364//3364 3365//3365
f 3229//3229 3365//3365 3228//3228
f 3228//3228 3365//3365 2822//2822
f 3228//3228 2822//2822 2823//2823
f 2820//2820 2822//2822 3352//3352
f 3352//3352 2822//2822 3365//3365
f 3352//3352 3365//3365 3353//3353
f 3353//3353 3365//3365 3364//3364
f 3353//3353 3364//3364 3354//3354
f 3354//3354 3364//3364 3191//3191
f 3354//3354 3191//3191 3193//3193
f 3193//3193 3191//3191 3190//3190
f 3193//3193 3190//3190 3194//3194
f 3194//3194 3190//3190 3355//3355
f 3194//3194 3355//3355 3239//3239
f 3239//3239 3355//3355 3240//3240
f 3239//3239 3240//3240 2683//2683
f 2683//2683 3240//3240 2682//2682
f 3171//3171 3170//3170 3265//3265
f 3265//3265 3170//3170 3331//3331
f 3265//3265 3331//3331 3264//3264
f 3264//3264 3331//3331 3332//3332
f 3264//3264 3332//3332 3301//3301
f 3301//3301 3332//3332 3327//3327
f 3301//3301 3327//3327 3314//3314
f 3314//3314 3327//3327 3328//3328
f 3314//3314 3328//3328 3315//3315
f 3315//3315 3328//3328 3329//3329
f 3315//3315 3329//3329 3316//3316
f 3316//3316 3329//3329 3201//3201
f 3316//3316 3201//3201 3308//3308
f 3308//3308 3201//3201 3202//3202
f 3308//3308 3202//3202 3309//3309
f 3309//3309 3202//3202 3311//3311
f 3309//3309 3311//3311 3310//3310
f 3310//3310 3311//3311 3313//3313
f 3310//3310 3313//3313 3289//3289
f 3289//3289 3313//3313 3359//3359
f 3289//3289 3359//3359 3283//3283
f 3283//3283 3359//3359 3360//3360
f 3283//3283 3360//3360 3284//3284
f 3284//3284 3360//3360 3275//3275
f 3284//3284 3275//3275 3285//3285
f 3285//3285 3275//3275 3276//3276
f 3285//3285 3276//3276 3286//3286
f 3286//3286 3276//3276 3277//3277
f 3286//3286 3277//3277 3287//3287
f 3287//3287 3277//3277 3278//3278
f 3287//3287 3278//3278 3290//3290
f 3290//3290 3278//3278 3279//3279
f 3290//3290 3279//3279 3298//3298
f 3298//3298 3279//3279 3280//3280
f 3298//3298 3280//3280 3268//3268
f 3268//3268 3280//3280 3281//3281
f 3268//3268 3281//3281 3267//3267
f 3267//3267 3281//3281 3282//3282
f 3267//3267 3282//3282 3266//3266
f 3266//3266 3282//3282 2837//2837
f 3266//3266 2837//2837 3220//3220
f 3220//3220 2837//2837 2838//2838
f 3220//3220 2838//2838 2810//2810
f 3080//3080 3366//3366 3367//3367
f 2804//2804 2805//2805 3368//3368
f 3368//3368 2805//2805 3076//3076
f 3368//3368 3076//3076 3367//3367
f 3367//3367 3076//3076 3078//3078
f 3367//3367 3078//3078 3080//3080
f 2804//2804 3368//3368 2802//2802
f 2802//2802 3368//3368 3369//3369
f 2802//2802 3369//3369 2803//2803
f 2803//2803 3369//3369 2800//2800
f 2800//2800 3369//3369 3370//3370
f 2800//2800 3370//3370 2801//2801
f 2801//2801 3370//3370 3371//3371
f 2801//2801 3371//3371 3372//3372
f 3373//3373 3374//3374 3371//3371
f 3371//3371 3374//3374 3375//3375
f 3371//3371 3375//3375 3372//3372
f 1397//1397 2528//2528 1428//1428
f 1428//1428 2528//2528 3376//3376
f 1428//1428 3376//3376 3373//3373
f 3373//3373 3376//3376 3377//3377
f 3373//3373 3377//3377 3374//3374
f 1429//1429 3378//3378 2582//2582
f 1429//1429 2582//2582 1431//1431
f 3379//3379 3119//3119 3378//3378
f 3378//3378 3119//3119 3120//3120
f 3378//3378 3120//3120 2582//2582
f 3380//3380 3117//3117 3379//3379
f 3379//3379 3117//3117 3118//3118
f 3379//3379 3118//3118 3119//3119
f 3381//3381 3115//3115 3380//3380
f 3380//3380 3115//3115 3116//3116
f 3380//3380 3116//3116 3117//3117
f 3382//3382 3113//3113 3381//3381
f 3381//3381 3113//3113 3114//3114
f 3381//3381 3114//3114 3115//3115
f 3383//3383 3111//3111 3382//3382
f 3382//3382 3111//3111 3112//3112
f 3382//3382 3112//3112 3113//3113
f 2565//2565 3108//3108 3384//3384
f 3384//3384 3108//3108 3109//3109
f 3384//3384 3109//3109 3383//3383
f 3383//3383 3109//3109 3110//3110
f 3383//3383 3110//3110 3111//3111
f 3080//3080 2568//2568 3366//3366
f 3366//3366 2568//2568 2569//2569
f 3366//3366 2569//2569 2565//2565
f 2565//2565 3384//3384 3366//3366
f 3366//3366 3384//3384 3383//3383
f 3366//3366 3383//3383 3367//3367
f 3367//3367 3383//3383 3382//3382
f 3367//3367 3382//3382 3368//3368
f 3368//3368 3382//3382 3381//3381
f 3368//3368 3381//3381 3369//3369
f 3369//3369 3381//3381 3380//3380
f 3369//3369 3380//3380 3370//3370
f 3370//3370 3380//3380 3379//3379
f 3370//3370 3379//3379 3371//3371
f 3371//3371 3379//3379 3378//3378
f 3371//3371 3378//3378 3373//3373
f 3373//3373 3378//3378 1429//1429
f 3373//3373 1429//1429 1428//1428
f 2563//2563 3385//3385 2542//2542
f 2558//2558 2556//2556 3386//3386
f 3386//3386 2556//2556 3387//3387
f 2540//2540 3388//3388 2537//2537
f 2537//2537 3388//3388 2545//2545
f 2553//2553 2550//2550 3389//3389
f 3389//3389 2550//2550 2547//2547
f 3387//3387 2556//2556 3389//3389
f 3389//3389 2556//2556 2555//2555
f 3389//3389 2555//2555 2553//2553
f 2562//2562 3390//3390 2563//2563
f 2563//2563 3390//3390 3073//3073
f 2563//2563 3073//3073 3385//3385
f 3385//3385 3073//3073 3090//3090
f 3385//3385 3090//3090 2542//2542
f 2542//2542 3090//3090 2543//2543
f 2562//2562 2561//2561 3390//3390
f 3390//3390 2561//2561 3391//3391
f 3390//3390 3391//3391 3073//3073
f 3073//3073 3391//3391 3088//3088
f 3088//3088 3391//3391 3089//3089
f 3089//3089 3391//3391 3392//3392
f 3089//3089 3392//3392 3086//3086
f 3086//3086 3392//3392 3393//3393
f 3086//3086 3393//3393 3084//3084
f 3084//3084 3393//3393 3082//3082
f 3082//3082 3393//3393 3388//3388
f 3082//3082 3388//3388 3081//3081
f 3081//3081 3388//3388 2540//2540
f 3081//3081 2540//2540 2534//2534
f 2561//2561 2558//2558 3391//3391
f 3391//3391 2558//2558 3386//3386
f 3391//3391 3386//3386 3392//3392
f 3392//3392 3386//3386 3387//3387
f 3392//3392 3387//3387 3393//3393
f 3393//3393 3387//3387 3389//3389
f 3393//3393 3389//3389 3388//3388
f 3388//3388 3389//3389 2547//2547
f 3388//3388 2547//2547 2545//2545
f 3376//3376 2528//2528 1031//1031
f 3376//3376 1031//1031 3377//3377
f 2801//2801 3372//3372 3394//3394
f 3394//3394 3372//3372 3375//3375
f 3394//3394 3375//3375 3395//3395
f 3395//3395 3375//3375 3374//3374
f 3395//3395 3374//3374 3377//3377
f 1034//1034 2801//2801 1035//1035
f 1035//1035 2801//2801 3394//3394
f 1035//1035 3394//3394 1036//1036
f 1036//1036 3394//3394 3395//3395
f 1036//1036 3395//3395 1037//1037
f 3377//3377 1031//1031 3395//3395
f 3395//3395 1031//1031 1038//1038
f 3395//3395 1038//1038 1037//1037
f 1277//1277 2453//2453 1266//1266
f 1266//1266 2453//2453 3396//3396
f 1266//1266 3396//3396 1267//1267
f 1267//1267 3396//3396 3397//3397
f 1267//1267 3397//3397 314//314
f 314//314 3397//3397 315//315
f 2458//2458 105//105 66//66
f 317//317 315//315 3397//3397
f 3396//3396 2453//2453 2455//2455
f 97//97 317//317 65//65
f 65//65 317//317 3397//3397
f 65//65 3397//3397 66//66
f 66//66 3397//3397 3396//3396
f 66//66 3396//3396 2458//2458
f 2458//2458 3396//3396 2455//2455
f 2//2 1//1 3398//3398
f 3399//3399 2381//2381 2383//2383
f 2//2 3398//3398 2383//2383
f 2383//2383 3398//3398 3400//3400
f 2383//2383 3400//3400 3399//3399
f 3399//3399 3401//3401 2381//2381
f 2381//2381 3401//3401 3402//3402
f 2381//2381 3402//3402 2379//2379
f 2379//2379 3402//3402 3403//3403
f 2379//2379 3403//3403 2377//2377
f 2377//2377 3403//3403 2476//2476
f 2377//2377 2476//2476 2375//2375
f 2433//2433 3404//3404 2434//2434
f 3403//3403 3402//3402 3405//3405
f 3400//3400 3406//3406 3399//3399
f 3399//3399 3406//3406 3405//3405
f 3399//3399 3405//3405 3401//3401
f 3401//3401 3405//3405 3402//3402
f 3403//3403 3405//3405 2476//2476
f 2476//2476 3405//3405 3407//3407
f 2476//2476 3407//3407 2475//2475
f 2475//2475 3407//3407 2473//2473
f 2473//2473 3407//3407 3408//3408
f 2473//2473 3408//3408 2472//2472
f 3404//3404 2433//2433 3408//3408
f 3408//3408 2433//2433 2471//2471
f 3408//3408 2471//2471 2472//2472
f 1177//1177 3409//3409 1178//1178
f 1178//1178 3409//3409 1174//1174
f 1174//1174 3409//3409 1172//1172
f 1172//1172 3409//3409 3410//3410
f 1172//1172 3410//3410 1170//1170
f 3411//3411 1166//1166 3410//3410
f 3410//3410 1166//1166 1168//1168
f 3410//3410 1168//1168 1170//1170
f 1158//1158 1159//1159 3412//3412
f 3412//3412 1159//1159 1161//1161
f 3412//3412 1161//1161 3411//3411
f 3411//3411 1161//1161 1164//1164
f 3411//3411 1164//1164 1166//1166
f 3413//3413 1237//1237 3412//3412
f 3412//3412 1237//1237 1236//1236
f 3412//3412 1236//1236 1158//1158
f 1177//1177 2434//2434 3409//3409
f 3409//3409 2434//2434 3404//3404
f 3409//3409 3404//3404 3410//3410
f 3410//3410 3404//3404 3408//3408
f 3410//3410 3408//3408 3411//3411
f 3411//3411 3408//3408 3407//3407
f 3411//3411 3407//3407 3412//3412
f 3412//3412 3407//3407 3405//3405
f 3412//3412 3405//3405 3413//3413
f 3413//3413 3405//3405 3406//3406
f 626//626 625//625 3414//3414
f 802//802 3415//3415 3416//3416
f 802//802 3416//3416 803//803
f 3417//3417 497//497 502//502
f 3417//3417 502//502 3418//3418
f 3416//3416 3419//3419 803//803
f 803//803 3419//3419 3420//3420
f 803//803 3420//3420 506//506
f 506//506 3420//3420 3418//3418
f 506//506 3418//3418 504//504
f 504//504 3418//3418 502//502
f 497//497 3417//3417 498//498
f 498//498 3417//3417 3421//3421
f 498//498 3421//3421 499//499
f 499//499 3421//3421 500//500
f 500//500 3421//3421 3422//3422
f 500//500 3422//3422 501//501
f 501//501 3422//3422 3423//3423
f 501//501 3423//3423 495//495
f 495//495 3423//3423 3424//3424
f 495//495 3424//3424 494//494
f 494//494 3424//3424 3425//3425
f 494//494 3425//3425 485//485
f 485//485 3425//3425 3426//3426
f 485//485 3426//3426 486//486
f 441//441 440//440 3427//3427
f 3427//3427 440//440 491//491
f 3427//3427 491//491 3428//3428
f 3428//3428 491//491 490//490
f 3428//3428 490//490 3426//3426
f 3426//3426 490//490 488//488
f 3426//3426 488//488 486//486
f 3427//3427 3429//3429 441//441
f 441//441 3429//3429 3430//3430
f 441//441 3430//3430 482//482
f 482//482 3430//3430 3431//3431
f 482//482 3431//3431 483//483
f 3432//3432 473//473 3433//3433
f 3433//3433 473//473 472//472
f 3433//3433 472//472 3431//3431
f 3431//3431 472//472 484//484
f 3431//3431 484//484 483//483
f 3434//3434 443//443 3435//3435
f 3435//3435 443//443 480//480
f 3435//3435 480//480 3436//3436
f 3436//3436 480//480 479//479
f 3436//3436 479//479 3437//3437
f 3437//3437 479//479 477//477
f 3437//3437 477//477 3432//3432
f 3432//3432 477//477 475//475
f 3432//3432 475//475 473//473
f 464//464 463//463 3438//3438
f 3438//3438 463//463 461//461
f 3438//3438 461//461 3439//3439
f 3439//3439 461//461 467//467
f 3439//3439 467//467 3440//3440
f 3440//3440 467//467 466//466
f 3440//3440 466//466 3441//3441
f 3441//3441 466//466 471//471
f 3441//3441 471//471 3442//3442
f 3442//3442 471//471 470//470
f 3442//3442 470//470 3443//3443
f 3443//3443 470//470 469//469
f 3443//3443 469//469 3434//3434
f 3434//3434 469//469 444//444
f 3434//3434 444//444 443//443
f 3438//3438 3444//3444 464//464
f 464//464 3444//3444 3445//3445
f 464//464 3445//3445 459//459
f 459//459 3445//3445 3446//3446
f 459//459 3446//3446 457//457
f 457//457 3446//3446 3447//3447
f 457//457 3447//3447 455//455
f 455//455 3447//3447 3448//3448
f 455//455 3448//3448 446//446
f 446//446 3448//3448 3449//3449
f 446//446 3449//3449 447//447
f 447//447 3449//3449 449//449
f 449//449 3449//3449 3450//3450
f 449//449 3450//3450 451//451
f 451//451 3450//3450 3451//3451
f 451//451 3451//3451 453//453
f 453//453 3451//3451 3452//3452
f 453//453 3452//3452 454//454
f 454//454 3452//3452 3453//3453
f 454//454 3453//3453 432//432
f 3453//3453 3454//3454 432//432
f 432//432 3454//3454 3455//3455
f 432//432 3455//3455 430//430
f 430//430 3455//3455 3456//3456
f 430//430 3456//3456 428//428
f 428//428 3456//3456 3457//3457
f 428//428 3457//3457 433//433
f 433//433 3457//3457 3458//3458
f 433//433 3458//3458 434//434
f 434//434 3458//3458 436//436
f 436//436 3458//3458 3459//3459
f 436//436 3459//3459 438//438
f 438//438 3459//3459 3460//3460
f 438//438 3460//3460 439//439
f 439//439 3460//3460 3461//3461
f 439//439 3461//3461 798//798
f 520//520 513//513 3462//3462
f 3462//3462 513//513 514//514
f 3462//3462 514//514 3463//3463
f 3463//3463 514//514 557//557
f 3463//3463 557//557 3464//3464
f 3464//3464 557//557 804//804
f 3464//3464 804//804 3461//3461
f 3461//3461 804//804 797//797
f 3461//3461 797//797 798//798
f 674//674 673//673 3465//3465
f 3465//3465 673//673 3466//3466
f 3462//3462 3467//3467 520//520
f 520//520 3467//3467 3468//3468
f 520//520 3468//3468 510//510
f 510//510 3468//3468 3469//3469
f 510//510 3469//3469 509//509
f 509//509 3469//3469 3466//3466
f 509//509 3466//3466 672//672
f 672//672 3466//3466 673//673
f 3465//3465 3470//3470 674//674
f 674//674 3470//3470 3471//3471
f 674//674 3471//3471 675//675
f 675//675 3471//3471 3472//3472
f 675//675 3472//3472 670//670
f 670//670 3472//3472 3473//3473
f 670//670 3473//3473 662//662
f 662//662 3473//3473 3474//3474
f 662//662 3474//3474 663//663
f 663//663 3474//3474 3475//3475
f 663//663 3475//3475 665//665
f 665//665 3475//3475 667//667
f 3475//3475 3476//3476 667//667
f 667//667 3476//3476 3477//3477
f 667//667 3477//3477 668//668
f 668//668 3477//3477 3478//3478
f 668//668 3478//3478 655//655
f 655//655 3478//3478 3479//3479
f 655//655 3479//3479 656//656
f 3479//3479 3480//3480 656//656
f 656//656 3480//3480 3481//3481
f 656//656 3481//3481 659//659
f 659//659 3481//3481 3482//3482
f 659//659 3482//3482 660//660
f 660//660 3482//3482 3483//3483
f 660//660 3483//3483 661//661
f 661//661 3483//3483 653//653
f 3483//3483 3484//3484 653//653
f 653//653 3484//3484 3485//3485
f 653//653 3485//3485 651//651
f 3485//3485 3486//3486 651//651
f 651//651 3486//3486 3487//3487
f 651//651 3487//3487 647//647
f 647//647 3487//3487 3488//3488
f 647//647 3488//3488 648//648
f 648//648 3488//3488 3489//3489
f 648//648 3489//3489 650//650
f 650//650 3489//3489 782//782
f 782//782 3489//3489 3490//3490
f 782//782 3490//3490 641//641
f 3490//3490 3491//3491 641//641
f 641//641 3491//3491 3492//3492
f 641//641 3492//3492 642//642
f 642//642 3492//3492 3493//3493
f 642//642 3493//3493 644//644
f 644//644 3493//3493 3494//3494
f 644//644 3494//3494 645//645
f 645//645 3494//3494 3495//3495
f 645//645 3495//3495 646//646
f 646//646 3495//3495 3496//3496
f 646//646 3496//3496 640//640
f 3414//3414 625//625 3497//3497
f 3497//3497 625//625 624//624
f 3497//3497 624//624 3498//3498
f 3498//3498 624//624 585//585
f 3498//3498 585//585 3499//3499
f 3496//3496 3500//3500 640//640
f 640//640 3500//3500 3501//3501
f 640//640 3501//3501 638//638
f 638//638 3501//3501 3502//3502
f 638//638 3502//3502 636//636
f 636//636 3502//3502 3503//3503
f 636//636 3503//3503 634//634
f 634//634 3503//3503 3504//3504
f 634//634 3504//3504 633//633
f 633//633 3504//3504 3505//3505
f 633//633 3505//3505 582//582
f 582//582 3505//3505 3506//3506
f 582//582 3506//3506 583//583
f 583//583 3506//3506 3507//3507
f 583//583 3507//3507 788//788
f 788//788 3507//3507 3499//3499
f 788//788 3499//3499 587//587
f 587//587 3499//3499 585//585
f 3414//3414 3508//3508 626//626
f 626//626 3508//3508 3509//3509
f 626//626 3509//3509 627//627
f 627//627 3509//3509 3510//3510
f 627//627 3510//3510 628//628
f 628//628 3510//3510 3511//3511
f 628//628 3511//3511 629//629
f 629//629 3511//3511 3512//3512
f 629//629 3512//3512 630//630
f 630//630 3512//3512 631//631
f 3512//3512 3513//3513 631//631
f 631//631 3513//3513 3514//3514
f 631//631 3514//3514 632//632
f 632//632 3514//3514 3515//3515
f 632//632 3515//3515 588//588
f 588//588 3515//3515 526//526
f 526//526 3515//3515 3516//3516
f 526//526 3516//3516 524//524
f 3516//3516 3517//3517 524//524
f 524//524 3517//3517 3518//3518
f 524//524 3518//3518 521//521
f 2328//2328 3519//3519 2327//2327
f 2327//2327 3519//3519 3520//3520
f 2327//2327 3520//3520 2326//2326
f 2326//2326 3520//3520 3415//3415
f 2326//2326 3415//3415 806//806
f 806//806 3415//3415 802//802
f 806//806 802//802 807//807
f 3518//3518 3521//3521 521//521
f 521//521 3521//3521 3522//3522
f 521//521 3522//3522 522//522
f 522//522 3522//3522 3523//3523
f 522//522 3523//3523 2328//2328
f 2328//2328 3523//3523 3524//3524
f 2328//2328 3524//3524 3519//3519
f 3525//3525 3526//3526 3527//3527
f 3525//3525 3527//3527 3528//3528
f 3528//3528 3527//3527 3529//3529
f 3528//3528 3529//3529 3530//3530
f 3530//3530 3529//3529 3531//3531
f 3530//3530 3531//3531 3532//3532
f 3532//3532 3531//3531 3533//3533
f 3532//3532 3533//3533 3534//3534
f 3534//3534 3533//3533 3535//3535
f 3534//3534 3535//3535 3536//3536
f 3536//3536 3535//3535 3537//3537
f 3536//3536 3537//3537 3538//3538
f 3538//3538 3537//3537 3539//3539
f 3538//3538 3539//3539 3540//3540
f 3540//3540 3539//3539 3541//3541
f 3540//3540 3541//3541 3542//3542
f 3542//3542 3541//3541 3543//3543
f 3542//3542 3543//3543 3544//3544
f 3544//3544 3543//3543 3545//3545
f 3544//3544 3545//3545 3546//3546
f 3546//3546 3545//3545 3547//3547
f 3546//3546 3547//3547 3548//3548
f 3548//3548 3547//3547 3549//3549
f 3548//3548 3549//3549 3550//3550
f 3550//3550 3549//3549 3551//3551
f 3550//3550 3551//3551 3552//3552
f 3552//3552 3551//3551 3553//3553
f 3552//3552 3553//3553 3554//3554
f 3554//3554 3553//3553 3555//3555
f 3554//3554 3555//3555 3556//3556
f 3556//3556 3555//3555 3557//3557
f 3556//3556 3557//3557 3558//3558
f 3558//3558 3557//3557 3559//3559
f 3558//3558 3559//3559 3560//3560
f 3560//3560 3559//3559 3561//3561
f 3560//3560 3561//3561 3562//3562
f 3562//3562 3561//3561 3563//3563
f 3562//3562 3563//3563 3564//3564
f 3564//3564 3563//3563 3565//3565
f 3564//3564 3565//3565 3566//3566
f 3566//3566 3565//3565 3567//3567
f 3566//3566 3567//3567 3568//3568
f 3568//3568 3567//3567 3569//3569
f 3568//3568 3569//3569 3570//3570
f 3570//3570 3569//3569 3571//3571
f 3570//3570 3571//3571 3572//3572
f 3572//3572 3571//3571 3573//3573
f 3572//3572 3573//3573 3574//3574
f 3574//3574 3573//3573 3575//3575
f 3574//3574 3575//3575 3576//3576
f 3576//3576 3575//3575 3526//3526
f 3576//3576 3526//3526 3525//3525
f 3577//3577 3452//3452 3578//3578
f 3578//3578 3452//3452 3451//3451
f 3578//3578 3451//3451 3579//3579
f 3451//3451 3450//3450 3579//3579
f 3579//3579 3450//3450 3449//3449
f 3579//3579 3449//3449 3580//3580
f 3449//3449 3448//3448 3580//3580
f 3580//3580 3448//3448 3447//3447
f 3580//3580 3447//3447 3581//3581
f 3581//3581 3447//3447 3446//3446
f 3581//3581 3446//3446 3582//3582
f 3582//3582 3446//3446 3445//3445
f 3439//3439 3583//3583 3438//3438
f 3438//3438 3583//3583 3582//3582
f 3438//3438 3582//3582 3444//3444
f 3444//3444 3582//3582 3445//3445
f 3584//3584 3432//3432 3585//3585
f 3583//3583 3439//3439 3586//3586
f 3586//3586 3439//3439 3440//3440
f 3586//3586 3440//3440 3441//3441
f 3441//3441 3442//3442 3586//3586
f 3586//3586 3442//3442 3443//3443
f 3586//3586 3443//3443 3587//3587
f 3432//3432 3584//3584 3437//3437
f 3587//3587 3443//3443 3588//3588
f 3588//3588 3443//3443 3434//3434
f 3588//3588 3434//3434 3589//3589
f 3589//3589 3434//3434 3435//3435
f 3589//3589 3435//3435 3584//3584
f 3584//3584 3435//3435 3436//3436
f 3584//3584 3436//3436 3437//3437
f 3585//3585 3432//3432 3590//3590
f 3590//3590 3432//3432 3433//3433
f 3590//3590 3433//3433 3591//3591
f 3433//3433 3431//3431 3591//3591
f 3591//3591 3431//3431 3430//3430
f 3591//3591 3430//3430 3592//3592
f 3430//3430 3429//3429 3592//3592
f 3592//3592 3429//3429 3427//3427
f 3592//3592 3427//3427 3593//3593
f 3593//3593 3427//3427 3428//3428
f 3593//3593 3428//3428 3594//3594
f 3594//3594 3428//3428 3426//3426
f 3594//3594 3426//3426 3595//3595
f 3595//3595 3426//3426 3425//3425
f 3595//3595 3425//3425 3596//3596
f 3425//3425 3424//3424 3596//3596
f 3596//3596 3424//3424 3423//3423
f 3596//3596 3423//3423 3597//3597
f 3597//3597 3423//3423 3422//3422
f 3597//3597 3422//3422 3598//3598
f 3598//3598 3422//3422 3421//3421
f 3598//3598 3421//3421 3599//3599
f 3599//3599 3421//3421 3417//3417
f 3599//3599 3417//3417 3600//3600
f 3417//3417 3418//3418 3600//3600
f 3600//3600 3418//3418 3420//3420
f 3600//3600 3420//3420 3601//3601
f 3416//3416 3415//3415 3602//3602
f 3420//3420 3419//3419 3601//3601
f 3601//3601 3419//3419 3416//3416
f 3601//3601 3416//3416 3603//3603
f 3603//3603 3416//3416 3602//3602
f 3457//3457 3604//3604 3458//3458
f 3458//3458 3604//3604 3605//3605
f 3458//3458 3605//3605 3459//3459
f 3459//3459 3605//3605 3606//3606
f 3459//3459 3606//3606 3460//3460
f 3460//3460 3606//3606 3607//3607
f 3460//3460 3607//3607 3608//3608
f 3457//3457 3456//3456 3604//3604
f 3604//3604 3456//3456 3455//3455
f 3604//3604 3455//3455 3609//3609
f 3609//3609 3455//3455 3454//3454
f 3609//3609 3454//3454 3577//3577
f 3577//3577 3454//3454 3453//3453
f 3577//3577 3453//3453 3452//3452
f 3610//3610 3611//3611 3540//3540
f 3603//3603 3602//3602 3566//3566
f 3566//3566 3602//3602 3564//3564
f 3612//3612 3538//3538 3613//3613
f 3613//3613 3538//3538 3540//3540
f 3613//3613 3540//3540 3614//3614
f 3614//3614 3540//3540 3611//3611
f 3615//3615 3562//3562 3616//3616
f 3616//3616 3562//3562 3564//3564
f 3616//3616 3564//3564 3617//3617
f 3617//3617 3564//3564 3602//3602
f 3598//3598 3599//3599 3568//3568
f 3568//3568 3599//3599 3600//3600
f 3568//3568 3600//3600 3566//3566
f 3566//3566 3600//3600 3601//3601
f 3566//3566 3601//3601 3603//3603
f 3618//3618 3619//3619 3558//3558
f 3620//3620 3621//3621 3542//3542
f 3542//3542 3621//3621 3622//3622
f 3542//3542 3622//3622 3540//3540
f 3540//3540 3622//3622 3623//3623
f 3540//3540 3623//3623 3610//3610
f 3612//3612 3624//3624 3538//3538
f 3538//3538 3624//3624 3625//3625
f 3538//3538 3625//3625 3536//3536
f 3536//3536 3625//3625 3626//3626
f 3536//3536 3626//3626 3627//3627
f 3620//3620 3542//3542 3628//3628
f 3628//3628 3542//3542 3544//3544
f 3628//3628 3544//3544 3629//3629
f 3615//3615 3630//3630 3562//3562
f 3562//3562 3630//3630 3631//3631
f 3562//3562 3631//3631 3560//3560
f 3632//3632 3633//3633 3544//3544
f 3544//3544 3633//3633 3634//3634
f 3544//3544 3634//3634 3629//3629
f 3572//3572 3595//3595 3570//3570
f 3570//3570 3595//3595 3596//3596
f 3570//3570 3596//3596 3568//3568
f 3568//3568 3596//3596 3597//3597
f 3568//3568 3597//3597 3598//3598
f 3592//3592 3593//3593 3572//3572
f 3572//3572 3593//3593 3594//3594
f 3572//3572 3594//3594 3595//3595
f 3606//3606 3534//3534 3607//3607
f 3607//3607 3534//3534 3536//3536
f 3607//3607 3536//3536 3608//3608
f 3608//3608 3536//3536 3627//3627
f 3632//3632 3544//3544 3635//3635
f 3635//3635 3544//3544 3546//3546
f 3635//3635 3546//3546 3636//3636
f 3631//3631 3637//3637 3560//3560
f 3560//3560 3637//3637 3638//3638
f 3560//3560 3638//3638 3558//3558
f 3558//3558 3638//3638 3639//3639
f 3558//3558 3639//3639 3618//3618
f 3609//3609 3532//3532 3604//3604
f 3604//3604 3532//3532 3534//3534
f 3604//3604 3534//3534 3605//3605
f 3605//3605 3534//3534 3606//3606
f 3640//3640 3641//3641 3548//3548
f 3592//3592 3572//3572 3591//3591
f 3591//3591 3572//3572 3574//3574
f 3591//3591 3574//3574 3590//3590
f 3609//3609 3577//3577 3532//3532
f 3532//3532 3577//3577 3578//3578
f 3532//3532 3578//3578 3530//3530
f 3641//3641 3642//3642 3548//3548
f 3548//3548 3642//3642 3643//3643
f 3548//3548 3643//3643 3546//3546
f 3546//3546 3643//3643 3644//3644
f 3546//3546 3644//3644 3636//3636
f 3619//3619 3645//3645 3558//3558
f 3558//3558 3645//3645 3646//3646
f 3558//3558 3646//3646 3556//3556
f 3550//3550 3647//3647 3548//3548
f 3548//3548 3647//3647 3648//3648
f 3548//3548 3648//3648 3640//3640
f 3649//3649 3650//3650 3552//3552
f 3552//3552 3650//3650 3651//3651
f 3646//3646 3652//3652 3556//3556
f 3556//3556 3652//3652 3653//3653
f 3556//3556 3653//3653 3554//3554
f 3576//3576 3584//3584 3574//3574
f 3574//3574 3584//3584 3585//3585
f 3574//3574 3585//3585 3590//3590
f 3586//3586 3525//3525 3583//3583
f 3583//3583 3525//3525 3528//3528
f 3583//3583 3528//3528 3582//3582
f 3586//3586 3587//3587 3525//3525
f 3525//3525 3587//3587 3588//3588
f 3525//3525 3588//3588 3576//3576
f 3576//3576 3588//3588 3589//3589
f 3576//3576 3589//3589 3584//3584
f 3578//3578 3579//3579 3530//3530
f 3530//3530 3579//3579 3580//3580
f 3530//3530 3580//3580 3528//3528
f 3528//3528 3580//3580 3581//3581
f 3528//3528 3581//3581 3582//3582
f 3651//3651 3654//3654 3552//3552
f 3552//3552 3654//3654 3655//3655
f 3552//3552 3655//3655 3550//3550
f 3550//3550 3655//3655 3656//3656
f 3550//3550 3656//3656 3647//3647
f 3653//3653 3657//3657 3554//3554
f 3554//3554 3657//3657 3658//3658
f 3554//3554 3658//3658 3552//3552
f 3552//3552 3658//3658 3659//3659
f 3552//3552 3659//3659 3649//3649
f 3510//3510 3509//3509 3660//3660
f 3498//3498 3661//3661 3662//3662
f 3619//3619 3618//3618 3663//3663
f 3602//3602 3415//3415 3664//3664
f 3664//3664 3415//3415 3520//3520
f 3664//3664 3520//3520 3519//3519
f 3602//3602 3664//3664 3617//3617
f 3617//3617 3664//3664 3665//3665
f 3617//3617 3665//3665 3616//3616
f 3666//3666 3615//3615 3616//3616
f 3618//3618 3639//3639 3663//3663
f 3663//3663 3639//3639 3638//3638
f 3663//3663 3638//3638 3667//3667
f 3667//3667 3638//3638 3637//3637
f 3667//3667 3637//3637 3668//3668
f 3668//3668 3637//3637 3631//3631
f 3668//3668 3631//3631 3666//3666
f 3666//3666 3631//3631 3630//3630
f 3666//3666 3630//3630 3615//3615
f 3661//3661 3652//3652 3662//3662
f 3662//3662 3652//3652 3646//3646
f 3662//3662 3646//3646 3660//3660
f 3660//3660 3646//3646 3645//3645
f 3669//3669 3658//3658 3670//3670
f 3670//3670 3658//3658 3657//3657
f 3670//3670 3657//3657 3661//3661
f 3661//3661 3657//3657 3653//3653
f 3661//3661 3653//3653 3652//3652
f 3498//3498 3499//3499 3661//3661
f 3661//3661 3499//3499 3507//3507
f 3661//3661 3507//3507 3670//3670
f 3670//3670 3507//3507 3506//3506
f 3670//3670 3506//3506 3669//3669
f 3509//3509 3508//3508 3660//3660
f 3660//3660 3508//3508 3414//3414
f 3660//3660 3414//3414 3662//3662
f 3662//3662 3414//3414 3497//3497
f 3662//3662 3497//3497 3498//3498
f 3645//3645 3619//3619 3660//3660
f 3660//3660 3619//3619 3663//3663
f 3660//3660 3663//3663 3510//3510
f 3510//3510 3663//3663 3511//3511
f 3668//3668 3514//3514 3667//3667
f 3667//3667 3514//3514 3513//3513
f 3667//3667 3513//3513 3663//3663
f 3663//3663 3513//3513 3512//3512
f 3663//3663 3512//3512 3511//3511
f 3518//3518 3517//3517 3666//3666
f 3666//3666 3517//3517 3516//3516
f 3666//3666 3516//3516 3668//3668
f 3668//3668 3516//3516 3515//3515
f 3668//3668 3515//3515 3514//3514
f 3616//3616 3665//3665 3666//3666
f 3666//3666 3665//3665 3521//3521
f 3666//3666 3521//3521 3518//3518
f 3519//3519 3524//3524 3664//3664
f 3664//3664 3524//3524 3523//3523
f 3664//3664 3523//3523 3665//3665
f 3665//3665 3523//3523 3522//3522
f 3665//3665 3522//3522 3521//3521
f 3492//3492 3491//3491 3671//3671
f 3658//3658 3669//3669 3659//3659
f 3659//3659 3669//3669 3672//3672
f 3673//3673 3654//3654 3651//3651
f 3651//3651 3650//3650 3672//3672
f 3672//3672 3650//3650 3649//3649
f 3672//3672 3649//3649 3659//3659
f 3654//3654 3673//3673 3655//3655
f 3655//3655 3673//3673 3674//3674
f 3655//3655 3674//3674 3656//3656
f 3656//3656 3674//3674 3647//3647
f 3647//3647 3674//3674 3671//3671
f 3647//3647 3671//3671 3648//3648
f 3675//3675 3641//3641 3671//3671
f 3671//3671 3641//3641 3640//3640
f 3671//3671 3640//3640 3648//3648
f 3636//3636 3644//3644 3676//3676
f 3676//3676 3644//3644 3643//3643
f 3676//3676 3643//3643 3675//3675
f 3675//3675 3643//3643 3642//3642
f 3675//3675 3642//3642 3641//3641
f 3636//3636 3676//3676 3635//3635
f 3635//3635 3676//3676 3677//3677
f 3635//3635 3677//3677 3632//3632
f 3632//3632 3677//3677 3633//3633
f 3633//3633 3677//3677 3678//3678
f 3633//3633 3678//3678 3634//3634
f 3679//3679 3620//3620 3628//3628
f 3679//3679 3628//3628 3678//3678
f 3678//3678 3628//3628 3629//3629
f 3678//3678 3629//3629 3634//3634
f 3620//3620 3679//3679 3621//3621
f 3621//3621 3679//3679 3680//3680
f 3621//3621 3680//3680 3622//3622
f 3622//3622 3680//3680 3623//3623
f 3623//3623 3680//3680 3681//3681
f 3623//3623 3681//3681 3610//3610
f 3682//3682 3614//3614 3681//3681
f 3681//3681 3614//3614 3611//3611
f 3681//3681 3611//3611 3610//3610
f 3625//3625 3624//3624 3683//3683
f 3683//3683 3624//3624 3612//3612
f 3683//3683 3612//3612 3682//3682
f 3682//3682 3612//3612 3613//3613
f 3682//3682 3613//3613 3614//3614
f 3608//3608 3627//3627 3684//3684
f 3684//3684 3627//3627 3626//3626
f 3684//3684 3626//3626 3625//3625
f 3684//3684 3463//3463 3464//3464
f 3684//3684 3464//3464 3608//3608
f 3608//3608 3464//3464 3461//3461
f 3608//3608 3461//3461 3460//3460
f 3625//3625 3683//3683 3684//3684
f 3684//3684 3683//3683 3462//3462
f 3684//3684 3462//3462 3463//3463
f 3469//3469 3468//3468 3683//3683
f 3683//3683 3468//3468 3467//3467
f 3683//3683 3467//3467 3462//3462
f 3469//3469 3683//3683 3466//3466
f 3466//3466 3683//3683 3682//3682
f 3466//3466 3682//3682 3465//3465
f 3465//3465 3682//3682 3470//3470
f 3470//3470 3682//3682 3681//3681
f 3470//3470 3681//3681 3471//3471
f 3475//3475 3474//3474 3680//3680
f 3680//3680 3474//3474 3473//3473
f 3680//3680 3473//3473 3681//3681
f 3681//3681 3473//3473 3472//3472
f 3681//3681 3472//3472 3471//3471
f 3475//3475 3680//3680 3476//3476
f 3476//3476 3680//3680 3679//3679
f 3476//3476 3679//3679 3477//3477
f 3481//3481 3480//3480 3678//3678
f 3678//3678 3480//3480 3479//3479
f 3678//3678 3479//3479 3679//3679
f 3679//3679 3479//3479 3478//3478
f 3679//3679 3478//3478 3477//3477
f 3676//3676 3487//3487 3486//3486
f 3486//3486 3485//3485 3676//3676
f 3676//3676 3485//3485 3484//3484
f 3676//3676 3484//3484 3677//3677
f 3677//3677 3484//3484 3483//3483
f 3677//3677 3483//3483 3678//3678
f 3678//3678 3483//3483 3482//3482
f 3678//3678 3482//3482 3481//3481
f 3487//3487 3676//3676 3488//3488
f 3488//3488 3676//3676 3675//3675
f 3488//3488 3675//3675 3489//3489
f 3671//3671 3491//3491 3675//3675
f 3675//3675 3491//3491 3490//3490
f 3675//3675 3490//3490 3489//3489
f 3492//3492 3671//3671 3493//3493
f 3493//3493 3671//3671 3674//3674
f 3493//3493 3674//3674 3494//3494
f 3501//3501 3500//3500 3673//3673
f 3673//3673 3500//3500 3496//3496
f 3673//3673 3496//3496 3674//3674
f 3674//3674 3496//3496 3495//3495
f 3674//3674 3495//3495 3494//3494
f 3651//3651 3672//3672 3673//3673
f 3673//3673 3672//3672 3502//3502
f 3673//3673 3502//3502 3501//3501
f 3506//3506 3505//3505 3669//3669
f 3669//3669 3505//3505 3504//3504
f 3669//3669 3504//3504 3672//3672
f 3672//3672 3504//3504 3503//3503
f 3672//3672 3503//3503 3502//3502
f 3527//3527 3526//3526 3549//3549
f 3555//3555 3553//3553 3526//3526
f 3526//3526 3553//3553 3551//3551
f 3526//3526 3551//3551 3549//3549
f 3526//3526 3575//3575 3573//3573
f 3529//3529 3539//3539 3537//3537
f 3537//3537 3535//3535 3529//3529
f 3529//3529 3535//3535 3533//3533
f 3529//3529 3533//3533 3531//3531
f 3573//3573 3571//3571 3526//3526
f 3526//3526 3571//3571 3569//3569
f 3526//3526 3569//3569 3567//3567
f 3567//3567 3565//3565 3526//3526
f 3526//3526 3565//3565 3563//3563
f 3526//3526 3563//3563 3561//3561
f 3561//3561 3559//3559 3526//3526
f 3526//3526 3559//3559 3557//3557
f 3526//3526 3557//3557 3555//3555
f 3527//3527 3549//3549 3529//3529
f 3529//3529 3549//3549 3547//3547
f 3529//3529 3547//3547 3545//3545
f 3545//3545 3543//3543 3529//3529
f 3529//3529 3543//3543 3541//3541
f 3529//3529 3541//3541 3539//3539
f 3685//3685 3686//3686 135//135
f 3687//3687 184//184 3688//3688
f 3689//3689 106//106 3690//3690
f 3690//3690 106//106 110//110
f 3690//3690 110//110 3687//3687
f 3687//3687 110//110 109//109
f 3687//3687 109//109 184//184
f 184//184 109//109 108//108
f 184//184 108//108 2451//2451
f 79//79 78//78 3691//3691
f 3691//3691 78//78 77//77
f 3691//3691 77//77 3692//3692
f 3692//3692 77//77 75//75
f 3692//3692 75//75 3689//3689
f 3689//3689 75//75 74//74
f 3689//3689 74//74 106//106
f 3693//3693 71//71 3694//3694
f 3694//3694 71//71 69//69
f 3694//3694 69//69 3695//3695
f 3695//3695 69//69 68//68
f 3695//3695 68//68 3691//3691
f 3691//3691 68//68 100//100
f 3691//3691 100//100 79//79
f 3696//3696 306//306 309//309
f 3696//3696 309//309 3697//3697
f 3697//3697 309//309 308//308
f 3697//3697 308//308 3698//3698
f 3698//3698 308//308 307//307
f 3698//3698 307//307 3699//3699
f 3699//3699 307//307 313//313
f 3699//3699 313//313 3700//3700
f 3700//3700 313//313 312//312
f 3700//3700 312//312 3701//3701
f 3701//3701 312//312 311//311
f 3701//3701 311//311 3693//3693
f 3693//3693 311//311 310//310
f 3693//3693 310//310 71//71
f 303//303 304//304 3702//3702
f 3702//3702 304//304 305//305
f 3702//3702 305//305 3703//3703
f 3703//3703 305//305 306//306
f 3703//3703 306//306 3704//3704
f 3704//3704 306//306 3696//3696
f 3702//3702 3705//3705 303//303
f 303//303 3705//3705 3706//3706
f 303//303 3706//3706 411//411
f 411//411 3706//3706 3707//3707
f 411//411 3707//3707 412//412
f 412//412 3707//3707 3708//3708
f 412//412 3708//3708 298//298
f 3708//3708 3709//3709 298//298
f 298//298 3709//3709 3710//3710
f 298//298 3710//3710 299//299
f 299//299 3710//3710 3711//3711
f 299//299 3711//3711 301//301
f 301//301 3711//3711 302//302
f 302//302 3711//3711 3712//3712
f 302//302 3712//3712 295//295
f 3712//3712 3713//3713 295//295
f 295//295 3713//3713 3714//3714
f 295//295 3714//3714 296//296
f 296//296 3714//3714 3715//3715
f 296//296 3715//3715 297//297
f 297//297 3715//3715 3716//3716
f 297//297 3716//3716 294//294
f 294//294 3716//3716 3717//3717
f 3718//3718 288//288 3719//3719
f 3719//3719 288//288 290//290
f 3719//3719 290//290 3717//3717
f 3717//3717 290//290 293//293
f 3717//3717 293//293 294//294
f 3718//3718 3720//3720 288//288
f 288//288 3720//3720 3721//3721
f 288//288 3721//3721 284//284
f 284//284 3721//3721 3722//3722
f 284//284 3722//3722 285//285
f 285//285 3722//3722 3723//3723
f 285//285 3723//3723 278//278
f 278//278 3723//3723 3724//3724
f 278//278 3724//3724 279//279
f 279//279 3724//3724 3725//3725
f 279//279 3725//3725 281//281
f 3725//3725 3726//3726 281//281
f 281//281 3726//3726 3727//3727
f 281//281 3727//3727 282//282
f 282//282 3727//3727 3728//3728
f 282//282 3728//3728 283//283
f 3728//3728 3729//3729 283//283
f 283//283 3729//3729 3730//3730
f 283//283 3730//3730 226//226
f 226//226 3730//3730 227//227
f 227//227 3730//3730 3731//3731
f 227//227 3731//3731 356//356
f 356//356 3731//3731 3732//3732
f 356//356 3732//3732 277//277
f 3732//3732 3733//3733 277//277
f 277//277 3733//3733 3734//3734
f 277//277 3734//3734 228//228
f 228//228 3734//3734 3735//3735
f 228//228 3735//3735 229//229
f 229//229 3735//3735 3736//3736
f 229//229 3736//3736 273//273
f 273//273 3736//3736 3737//3737
f 273//273 3737//3737 276//276
f 3737//3737 3738//3738 276//276
f 276//276 3738//3738 3739//3739
f 276//276 3739//3739 275//275
f 275//275 3739//3739 3740//3740
f 275//275 3740//3740 269//269
f 269//269 3740//3740 270//270
f 3740//3740 3741//3741 270//270
f 270//270 3741//3741 3742//3742
f 270//270 3742//3742 271//271
f 271//271 3742//3742 3743//3743
f 271//271 3743//3743 272//272
f 272//272 3743//3743 3744//3744
f 272//272 3744//3744 231//231
f 231//231 3744//3744 3745//3745
f 231//231 3745//3745 189//189
f 189//189 3745//3745 3746//3746
f 189//189 3746//3746 187//187
f 187//187 3746//3746 3747//3747
f 187//187 3747//3747 190//190
f 190//190 3747//3747 3748//3748
f 3749//3749 49//49 54//54
f 3749//3749 54//54 3750//3750
f 54//54 186//186 3750//3750
f 3750//3750 186//186 111//111
f 3750//3750 111//111 3751//3751
f 3751//3751 111//111 113//113
f 3751//3751 113//113 3752//3752
f 3752//3752 113//113 190//190
f 3752//3752 190//190 3753//3753
f 3753//3753 190//190 3748//3748
f 49//49 3749//3749 50//50
f 50//50 3749//3749 3754//3754
f 50//50 3754//3754 64//64
f 64//64 3754//3754 3755//3755
f 64//64 3755//3755 62//62
f 3755//3755 3756//3756 62//62
f 62//62 3756//3756 3757//3757
f 62//62 3757//3757 55//55
f 55//55 3757//3757 3758//3758
f 55//55 3758//3758 56//56
f 56//56 3758//3758 3759//3759
f 56//56 3759//3759 58//58
f 58//58 3759//3759 3760//3760
f 58//58 3760//3760 60//60
f 60//60 3760//3760 3761//3761
f 60//60 3761//3761 61//61
f 61//61 3761//3761 3762//3762
f 3763//3763 3764//3764 162//162
f 162//162 173//173 3763//3763
f 3763//3763 173//173 172//172
f 3763//3763 172//172 3765//3765
f 3765//3765 172//172 171//171
f 3765//3765 171//171 3766//3766
f 3766//3766 171//171 170//170
f 3766//3766 170//170 3767//3767
f 3767//3767 170//170 180//180
f 3767//3767 180//180 3768//3768
f 3768//3768 180//180 179//179
f 3768//3768 179//179 3769//3769
f 3769//3769 179//179 177//177
f 3769//3769 177//177 3770//3770
f 3770//3770 177//177 175//175
f 3770//3770 175//175 3762//3762
f 3762//3762 175//175 174//174
f 3762//3762 174//174 61//61
f 3771//3771 155//155 167//167
f 3771//3771 167//167 3772//3772
f 167//167 166//166 3772//3772
f 3772//3772 166//166 165//165
f 3772//3772 165//165 3764//3764
f 3764//3764 165//165 163//163
f 3764//3764 163//163 162//162
f 155//155 3771//3771 154//154
f 154//154 3771//3771 3773//3773
f 154//154 3773//3773 156//156
f 156//156 3773//3773 3774//3774
f 156//156 3774//3774 157//157
f 157//157 3774//3774 159//159
f 159//159 3774//3774 3775//3775
f 159//159 3775//3775 160//160
f 160//160 3775//3775 3776//3776
f 160//160 3776//3776 146//146
f 146//146 3776//3776 3777//3777
f 146//146 3777//3777 147//147
f 147//147 3777//3777 3778//3778
f 147//147 3778//3778 149//149
f 149//149 3778//3778 3779//3779
f 149//149 3779//3779 150//150
f 144//144 143//143 3780//3780
f 3780//3780 143//143 142//142
f 3780//3780 142//142 3781//3781
f 3781//3781 142//142 139//139
f 3781//3781 139//139 3779//3779
f 3779//3779 139//139 151//151
f 3779//3779 151//151 150//150
f 3780//3780 3782//3782 144//144
f 144//144 3782//3782 3783//3783
f 144//144 3783//3783 137//137
f 137//137 3783//3783 3685//3685
f 137//137 3685//3685 138//138
f 138//138 3685//3685 135//135
f 3784//3784 127//127 3785//3785
f 3785//3785 127//127 124//124
f 3785//3785 124//124 3786//3786
f 3786//3786 124//124 125//125
f 3786//3786 125//125 3787//3787
f 3787//3787 125//125 126//126
f 3787//3787 126//126 3788//3788
f 3788//3788 126//126 131//131
f 3788//3788 131//131 3686//3686
f 3686//3686 131//131 133//133
f 3686//3686 133//133 135//135
f 120//120 118//118 3789//3789
f 3789//3789 118//118 117//117
f 3789//3789 117//117 3790//3790
f 3790//3790 117//117 114//114
f 3790//3790 114//114 3784//3784
f 3784//3784 114//114 128//128
f 3784//3784 128//128 127//127
f 3789//3789 3791//3791 120//120
f 120//120 3791//3791 3792//3792
f 120//120 3792//3792 122//122
f 122//122 3792//3792 3793//3793
f 122//122 3793//3793 123//123
f 123//123 3793//3793 3794//3794
f 123//123 3794//3794 181//181
f 181//181 3794//3794 3795//3795
f 181//181 3795//3795 184//184
f 184//184 3795//3795 3796//3796
f 184//184 3796//3796 3688//3688
f 3797//3797 3798//3798 3799//3799
f 3799//3799 3798//3798 3800//3800
f 3799//3799 3800//3800 3801//3801
f 3802//3802 3803//3803 3804//3804
f 3797//3797 3805//3805 3798//3798
f 3798//3798 3805//3805 3806//3806
f 3798//3798 3806//3806 3807//3807
f 3808//3808 3809//3809 3798//3798
f 3798//3798 3809//3809 3810//3810
f 3798//3798 3810//3810 3811//3811
f 3812//3812 3813//3813 3800//3800
f 3800//3800 3813//3813 3814//3814
f 3811//3811 3815//3815 3798//3798
f 3798//3798 3815//3815 3816//3816
f 3798//3798 3816//3816 3817//3817
f 3812//3812 3800//3800 3804//3804
f 3804//3804 3800//3800 3818//3818
f 3804//3804 3818//3818 3802//3802
f 3814//3814 3819//3819 3800//3800
f 3800//3800 3819//3819 3820//3820
f 3800//3800 3820//3820 3801//3801
f 3807//3807 3821//3821 3798//3798
f 3798//3798 3821//3821 3822//3822
f 3798//3798 3822//3822 3808//3808
f 3823//3823 3797//3797 3799//3799
f 3823//3823 3799//3799 3824//3824
f 3824//3824 3799//3799 3801//3801
f 3824//3824 3801//3801 3825//3825
f 3825//3825 3801//3801 3820//3820
f 3825//3825 3820//3820 3826//3826
f 3826//3826 3820//3820 3819//3819
f 3826//3826 3819//3819 3827//3827
f 3827//3827 3819//3819 3814//3814
f 3827//3827 3814//3814 3828//3828
f 3828//3828 3814//3814 3813//3813
f 3828//3828 3813//3813 3829//3829
f 3829//3829 3813//3813 3812//3812
f 3829//3829 3812//3812 3830//3830
f 3830//3830 3812//3812 3804//3804
f 3830//3830 3804//3804 3831//3831
f 3831//3831 3804//3804 3803//3803
f 3831//3831 3803//3803 3832//3832
f 3832//3832 3803//3803 3802//3802
f 3832//3832 3802//3802 3833//3833
f 3833//3833 3802//3802 3818//3818
f 3833//3833 3818//3818 3834//3834
f 3834//3834 3818//3818 3800//3800
f 3834//3834 3800//3800 3835//3835
f 3835//3835 3800//3800 3798//3798
f 3835//3835 3798//3798 3836//3836
f 3836//3836 3798//3798 3817//3817
f 3836//3836 3817//3817 3837//3837
f 3837//3837 3817//3817 3816//3816
f 3837//3837 3816//3816 3838//3838
f 3838//3838 3816//3816 3815//3815
f 3838//3838 3815//3815 3839//3839
f 3839//3839 3815//3815 3811//3811
f 3839//3839 3811//3811 3840//3840
f 3840//3840 3811//3811 3810//3810
f 3840//3840 3810//3810 3841//3841
f 3841//3841 3810//3810 3809//3809
f 3841//3841 3809//3809 3842//3842
f 3842//3842 3809//3809 3808//3808
f 3842//3842 3808//3808 3843//3843
f 3843//3843 3808//3808 3822//3822
f 3843//3843 3822//3822 3844//3844
f 3844//3844 3822//3822 3821//3821
f 3844//3844 3821//3821 3845//3845
f 3845//3845 3821//3821 3807//3807
f 3845//3845 3807//3807 3846//3846
f 3846//3846 3807//3807 3806//3806
f 3846//3846 3806//3806 3847//3847
f 3847//3847 3806//3806 3805//3805
f 3847//3847 3805//3805 3848//3848
f 3848//3848 3805//3805 3797//3797
f 3848//3848 3797//3797 3823//3823
f 3849//3849 3850//3850 3839//3839
f 3851//3851 3852//3852 3828//3828
f 3823//3823 3853//3853 3854//3854
f 3828//3828 3852//3852 3827//3827
f 3855//3855 3856//3856 3829//3829
f 3829//3829 3856//3856 3857//3857
f 3829//3829 3857//3857 3828//3828
f 3828//3828 3857//3857 3858//3858
f 3828//3828 3858//3858 3851//3851
f 3859//3859 3848//3848 3860//3860
f 3860//3860 3848//3848 3823//3823
f 3860//3860 3823//3823 3861//3861
f 3861//3861 3823//3823 3854//3854
f 3853//3853 3823//3823 3862//3862
f 3862//3862 3823//3823 3824//3824
f 3862//3862 3824//3824 3863//3863
f 3863//3863 3824//3824 3825//3825
f 3863//3863 3825//3825 3864//3864
f 3865//3865 3866//3866 3826//3826
f 3826//3826 3866//3866 3867//3867
f 3826//3826 3867//3867 3825//3825
f 3825//3825 3867//3867 3868//3868
f 3825//3825 3868//3868 3864//3864
f 3852//3852 3869//3869 3827//3827
f 3827//3827 3869//3869 3870//3870
f 3827//3827 3870//3870 3826//3826
f 3826//3826 3870//3870 3871//3871
f 3826//3826 3871//3871 3865//3865
f 3855//3855 3829//3829 3872//3872
f 3872//3872 3829//3829 3830//3830
f 3872//3872 3830//3830 3873//3873
f 3873//3873 3830//3830 3874//3874
f 3874//3874 3830//3830 3831//3831
f 3874//3874 3831//3831 3875//3875
f 3876//3876 3877//3877 3840//3840
f 3840//3840 3877//3877 3878//3878
f 3840//3840 3878//3878 3839//3839
f 3839//3839 3878//3878 3879//3879
f 3839//3839 3879//3879 3849//3849
f 3880//3880 3881//3881 3842//3842
f 3875//3875 3831//3831 3882//3882
f 3882//3882 3831//3831 3832//3832
f 3882//3882 3832//3832 3883//3883
f 3884//3884 3838//3838 3885//3885
f 3885//3885 3838//3838 3839//3839
f 3885//3885 3839//3839 3886//3886
f 3886//3886 3839//3839 3850//3850
f 3887//3887 3888//3888 3841//3841
f 3841//3841 3888//3888 3889//3889
f 3841//3841 3889//3889 3840//3840
f 3840//3840 3889//3889 3890//3890
f 3840//3840 3890//3890 3876//3876
f 3891//3891 3834//3834 3892//3892
f 3892//3892 3834//3834 3835//3835
f 3893//3893 3894//3894 3832//3832
f 3832//3832 3894//3894 3895//3895
f 3832//3832 3895//3895 3883//3883
f 3891//3891 3896//3896 3834//3834
f 3834//3834 3896//3896 3897//3897
f 3834//3834 3897//3897 3833//3833
f 3898//3898 3899//3899 3836//3836
f 3836//3836 3899//3899 3900//3900
f 3836//3836 3900//3900 3835//3835
f 3835//3835 3900//3900 3901//3901
f 3835//3835 3901//3901 3892//3892
f 3884//3884 3902//3902 3838//3838
f 3838//3838 3902//3902 3903//3903
f 3838//3838 3903//3903 3837//3837
f 3837//3837 3903//3903 3904//3904
f 3837//3837 3904//3904 3905//3905
f 3881//3881 3906//3906 3842//3842
f 3842//3842 3906//3906 3907//3907
f 3842//3842 3907//3907 3841//3841
f 3841//3841 3907//3907 3908//3908
f 3841//3841 3908//3908 3887//3887
f 3845//3845 3909//3909 3844//3844
f 3844//3844 3909//3909 3910//3910
f 3844//3844 3910//3910 3911//3911
f 3912//3912 3913//3913 3846//3846
f 3905//3905 3914//3914 3837//3837
f 3837//3837 3914//3914 3915//3915
f 3837//3837 3915//3915 3836//3836
f 3836//3836 3915//3915 3916//3916
f 3836//3836 3916//3916 3898//3898
f 3843//3843 3917//3917 3842//3842
f 3842//3842 3917//3917 3918//3918
f 3842//3842 3918//3918 3880//3880
f 3911//3911 3919//3919 3844//3844
f 3844//3844 3919//3919 3920//3920
f 3844//3844 3920//3920 3843//3843
f 3843//3843 3920//3920 3921//3921
f 3843//3843 3921//3921 3917//3917
f 3897//3897 3922//3922 3833//3833
f 3833//3833 3922//3922 3923//3923
f 3833//3833 3923//3923 3832//3832
f 3832//3832 3923//3923 3924//3924
f 3832//3832 3924//3924 3893//3893
f 3859//3859 3925//3925 3848//3848
f 3848//3848 3925//3925 3926//3926
f 3848//3848 3926//3926 3847//3847
f 3913//3913 3927//3927 3846//3846
f 3846//3846 3927//3927 3928//3928
f 3846//3846 3928//3928 3845//3845
f 3845//3845 3928//3928 3929//3929
f 3845//3845 3929//3929 3909//3909
f 3926//3926 3930//3930 3847//3847
f 3847//3847 3930//3930 3931//3931
f 3847//3847 3931//3931 3846//3846
f 3846//3846 3931//3931 3932//3932
f 3846//3846 3932//3932 3912//3912
f 3895//3895 3894//3894 3933//3933
f 3900//3900 3710//3710 3709//3709
f 3900//3900 3934//3934 3901//3901
f 3901//3901 3934//3934 3935//3935
f 3901//3901 3935//3935 3892//3892
f 3936//3936 3922//3922 3937//3937
f 3937//3937 3922//3922 3897//3897
f 3937//3937 3897//3897 3938//3938
f 3938//3938 3897//3897 3896//3896
f 3938//3938 3896//3896 3891//3891
f 3894//3894 3893//3893 3933//3933
f 3933//3933 3893//3893 3924//3924
f 3933//3933 3924//3924 3936//3936
f 3936//3936 3924//3924 3923//3923
f 3936//3936 3923//3923 3922//3922
f 3939//3939 3883//3883 3895//3895
f 3883//3883 3939//3939 3882//3882
f 3882//3882 3939//3939 3940//3940
f 3882//3882 3940//3940 3875//3875
f 3875//3875 3940//3940 3941//3941
f 3875//3875 3941//3941 3874//3874
f 3874//3874 3941//3941 3873//3873
f 3873//3873 3941//3941 3942//3942
f 3873//3873 3942//3942 3872//3872
f 3691//3691 3692//3692 3941//3941
f 3941//3941 3692//3692 3689//3689
f 3941//3941 3689//3689 3942//3942
f 3942//3942 3689//3689 3690//3690
f 3942//3942 3690//3690 3872//3872
f 3872//3872 3690//3690 3687//3687
f 3691//3691 3941//3941 3695//3695
f 3695//3695 3941//3941 3940//3940
f 3695//3695 3940//3940 3694//3694
f 3694//3694 3940//3940 3939//3939
f 3694//3694 3939//3939 3693//3693
f 3895//3895 3933//3933 3939//3939
f 3939//3939 3933//3933 3701//3701
f 3939//3939 3701//3701 3693//3693
f 3937//3937 3698//3698 3936//3936
f 3936//3936 3698//3698 3699//3699
f 3936//3936 3699//3699 3933//3933
f 3933//3933 3699//3699 3700//3700
f 3933//3933 3700//3700 3701//3701
f 3705//3705 3702//3702 3938//3938
f 3938//3938 3702//3702 3703//3703
f 3703//3703 3704//3704 3938//3938
f 3938//3938 3704//3704 3696//3696
f 3938//3938 3696//3696 3937//3937
f 3937//3937 3696//3696 3697//3697
f 3937//3937 3697//3697 3698//3698
f 3891//3891 3892//3892 3938//3938
f 3938//3938 3892//3892 3935//3935
f 3938//3938 3935//3935 3705//3705
f 3705//3705 3935//3935 3706//3706
f 3900//3900 3709//3709 3934//3934
f 3934//3934 3709//3709 3708//3708
f 3934//3934 3708//3708 3935//3935
f 3935//3935 3708//3708 3707//3707
f 3935//3935 3707//3707 3706//3706
f 3861//3861 3771//3771 3860//3860
f 3771//3771 3861//3861 3773//3773
f 3872//3872 3687//3687 3688//3688
f 3872//3872 3688//3688 3855//3855
f 3855//3855 3688//3688 3796//3796
f 3855//3855 3796//3796 3856//3856
f 3856//3856 3796//3796 3795//3795
f 3856//3856 3795//3795 3857//3857
f 3858//3858 3791//3791 3851//3851
f 3851//3851 3791//3791 3789//3789
f 3851//3851 3789//3789 3790//3790
f 3795//3795 3794//3794 3857//3857
f 3857//3857 3794//3794 3793//3793
f 3857//3857 3793//3793 3858//3858
f 3858//3858 3793//3793 3792//3792
f 3858//3858 3792//3792 3791//3791
f 3785//3785 3870//3870 3784//3784
f 3784//3784 3870//3870 3869//3869
f 3784//3784 3869//3869 3790//3790
f 3790//3790 3869//3869 3852//3852
f 3790//3790 3852//3852 3851//3851
f 3788//3788 3871//3871 3787//3787
f 3787//3787 3871//3871 3870//3870
f 3787//3787 3870//3870 3786//3786
f 3786//3786 3870//3870 3785//3785
f 3686//3686 3866//3866 3788//3788
f 3788//3788 3866//3866 3865//3865
f 3788//3788 3865//3865 3871//3871
f 3686//3686 3685//3685 3866//3866
f 3866//3866 3685//3685 3783//3783
f 3866//3866 3783//3783 3867//3867
f 3867//3867 3783//3783 3782//3782
f 3867//3867 3782//3782 3868//3868
f 3868//3868 3782//3782 3780//3780
f 3868//3868 3780//3780 3864//3864
f 3864//3864 3780//3780 3781//3781
f 3864//3864 3781//3781 3863//3863
f 3863//3863 3781//3781 3779//3779
f 3863//3863 3779//3779 3862//3862
f 3862//3862 3779//3779 3778//3778
f 3778//3778 3777//3777 3862//3862
f 3862//3862 3777//3777 3776//3776
f 3862//3862 3776//3776 3853//3853
f 3853//3853 3776//3776 3775//3775
f 3853//3853 3775//3775 3854//3854
f 3854//3854 3775//3775 3861//3861
f 3861//3861 3775//3775 3774//3774
f 3861//3861 3774//3774 3773//3773
f 3712//3712 3711//3711 3943//3943
f 3943//3943 3711//3711 3710//3710
f 3943//3943 3710//3710 3900//3900
f 3907//3907 3906//3906 3944//3944
f 3945//3945 3910//3910 3946//3946
f 3946//3946 3910//3910 3909//3909
f 3946//3946 3909//3909 3755//3755
f 3920//3920 3945//3945 3947//3947
f 3920//3920 3919//3919 3945//3945
f 3945//3945 3919//3919 3911//3911
f 3945//3945 3911//3911 3910//3910
f 3948//3948 3917//3917 3947//3947
f 3947//3947 3917//3917 3921//3921
f 3947//3947 3921//3921 3920//3920
f 3881//3881 3880//3880 3948//3948
f 3948//3948 3880//3880 3918//3918
f 3948//3948 3918//3918 3917//3917
f 3887//3887 3908//3908 3949//3949
f 3949//3949 3908//3908 3907//3907
f 3887//3887 3949//3949 3888//3888
f 3888//3888 3949//3949 3950//3950
f 3888//3888 3950//3950 3889//3889
f 3878//3878 3877//3877 3951//3951
f 3951//3951 3877//3877 3876//3876
f 3951//3951 3876//3876 3950//3950
f 3950//3950 3876//3876 3890//3890
f 3950//3950 3890//3890 3889//3889
f 3879//3879 3878//3878 3952//3952
f 3953//3953 3850//3850 3952//3952
f 3952//3952 3850//3850 3849//3849
f 3952//3952 3849//3849 3879//3879
f 3954//3954 3885//3885 3953//3953
f 3953//3953 3885//3885 3886//3886
f 3953//3953 3886//3886 3850//3850
f 3905//3905 3904//3904 3955//3955
f 3955//3955 3904//3904 3903//3903
f 3903//3903 3902//3902 3954//3954
f 3954//3954 3902//3902 3884//3884
f 3954//3954 3884//3884 3885//3885
f 3956//3956 3914//3914 3905//3905
f 3899//3899 3898//3898 3957//3957
f 3957//3957 3898//3898 3916//3916
f 3957//3957 3916//3916 3956//3956
f 3956//3956 3916//3916 3915//3915
f 3956//3956 3915//3915 3914//3914
f 3900//3900 3899//3899 3943//3943
f 3943//3943 3899//3899 3957//3957
f 3943//3943 3957//3957 3712//3712
f 3712//3712 3957//3957 3713//3713
f 3717//3717 3716//3716 3956//3956
f 3956//3956 3716//3716 3715//3715
f 3956//3956 3715//3715 3957//3957
f 3957//3957 3715//3715 3714//3714
f 3957//3957 3714//3714 3713//3713
f 3905//3905 3955//3955 3956//3956
f 3956//3956 3955//3955 3719//3719
f 3956//3956 3719//3719 3717//3717
f 3721//3721 3720//3720 3955//3955
f 3955//3955 3720//3720 3718//3718
f 3955//3955 3718//3718 3719//3719
f 3903//3903 3954//3954 3955//3955
f 3955//3955 3954//3954 3722//3722
f 3955//3955 3722//3722 3721//3721
f 3726//3726 3725//3725 3953//3953
f 3953//3953 3725//3725 3724//3724
f 3953//3953 3724//3724 3954//3954
f 3954//3954 3724//3724 3723//3723
f 3954//3954 3723//3723 3722//3722
f 3730//3730 3729//3729 3952//3952
f 3952//3952 3729//3729 3728//3728
f 3952//3952 3728//3728 3953//3953
f 3953//3953 3728//3728 3727//3727
f 3953//3953 3727//3727 3726//3726
f 3878//3878 3951//3951 3952//3952
f 3952//3952 3951//3951 3731//3731
f 3952//3952 3731//3731 3730//3730
f 3735//3735 3734//3734 3950//3950
f 3950//3950 3734//3734 3733//3733
f 3950//3950 3733//3733 3951//3951
f 3951//3951 3733//3733 3732//3732
f 3951//3951 3732//3732 3731//3731
f 3739//3739 3738//3738 3949//3949
f 3949//3949 3738//3738 3737//3737
f 3949//3949 3737//3737 3950//3950
f 3950//3950 3737//3737 3736//3736
f 3950//3950 3736//3736 3735//3735
f 3907//3907 3944//3944 3949//3949
f 3949//3949 3944//3944 3740//3740
f 3949//3949 3740//3740 3739//3739
f 3743//3743 3742//3742 3944//3944
f 3944//3944 3742//3742 3741//3741
f 3944//3944 3741//3741 3740//3740
f 3906//3906 3881//3881 3944//3944
f 3944//3944 3881//3881 3948//3948
f 3944//3944 3948//3948 3743//3743
f 3743//3743 3948//3948 3744//3744
f 3748//3748 3747//3747 3947//3947
f 3947//3947 3747//3747 3746//3746
f 3947//3947 3746//3746 3948//3948
f 3948//3948 3746//3746 3745//3745
f 3948//3948 3745//3745 3744//3744
f 3945//3945 3751//3751 3752//3752
f 3945//3945 3752//3752 3947//3947
f 3947//3947 3752//3752 3753//3753
f 3947//3947 3753//3753 3748//3748
f 3755//3755 3754//3754 3946//3946
f 3946//3946 3754//3754 3749//3749
f 3946//3946 3749//3749 3945//3945
f 3945//3945 3749//3749 3750//3750
f 3945//3945 3750//3750 3751//3751
f 3958//3958 3769//3769 3770//3770
f 3761//3761 3913//3913 3762//3762
f 3762//3762 3913//3913 3912//3912
f 3762//3762 3912//3912 3770//3770
f 3770//3770 3912//3912 3932//3932
f 3770//3770 3932//3932 3958//3958
f 3760//3760 3928//3928 3761//3761
f 3761//3761 3928//3928 3927//3927
f 3761//3761 3927//3927 3913//3913
f 3760//3760 3759//3759 3928//3928
f 3928//3928 3759//3759 3758//3758
f 3928//3928 3758//3758 3929//3929
f 3755//3755 3909//3909 3756//3756
f 3756//3756 3909//3909 3929//3929
f 3756//3756 3929//3929 3757//3757
f 3757//3757 3929//3929 3758//3758
f 3958//3958 3932//3932 3931//3931
f 3859//3859 3860//3860 3771//3771
f 3859//3859 3771//3771 3925//3925
f 3771//3771 3772//3772 3925//3925
f 3925//3925 3772//3772 3764//3764
f 3925//3925 3764//3764 3926//3926
f 3764//3764 3763//3763 3926//3926
f 3926//3926 3763//3763 3765//3765
f 3926//3926 3765//3765 3930//3930
f 3930//3930 3765//3765 3766//3766
f 3930//3930 3766//3766 3931//3931
f 3931//3931 3766//3766 3767//3767
f 3931//3931 3767//3767 3958//3958
f 3958//3958 3767//3767 3768//3768
f 3958//3958 3768//3768 3769//3769
f 1298//1298 1299//1299 3959//3959
f 3960//3960 1300//1300 3961//3961
f 3961//3961 1300//1300 1296//1296
f 3961//3961 1296//1296 3962//3962
f 3962//3962 1296//1296 1303//1303
f 3962//3962 1303//1303 3963//3963
f 3963//3963 1303//1303 1304//1304
f 3963//3963 1304//1304 3964//3964
f 3964//3964 1304//1304 1301//1301
f 3964//3964 1301//1301 3965//3965
f 3965//3965 1301//1301 1302//1302
f 3965//3965 1302//1302 3966//3966
f 3966//3966 1302//1302 1295//1295
f 3966//3966 1295//1295 3967//3967
f 3967//3967 1295//1295 1294//1294
f 3967//3967 1294//1294 3968//3968
f 3968//3968 1294//1294 1293//1293
f 3968//3968 1293//1293 3969//3969
f 3969//3969 1293//1293 1298//1298
f 3969//3969 1298//1298 3970//3970
f 3970//3970 1298//1298 3959//3959
f 1299//1299 2441//2441 3959//3959
f 3959//3959 2441//2441 2445//2445
f 3959//3959 2445//2445 3971//3971
f 3971//3971 2445//2445 2443//2443
f 3971//3971 2443//2443 3972//3972
f 3972//3972 2443//2443 2444//2444
f 3972//3972 2444//2444 3973//3973
f 3973//3973 2444//2444 2450//2450
f 3973//3973 2450//2450 3974//3974
f 3974//3974 2450//2450 2448//2448
f 3974//3974 2448//2448 3975//3975
f 3975//3975 2448//2448 2449//2449
f 3975//3975 2449//2449 3976//3976
f 3976//3976 2449//2449 2442//2442
f 3976//3976 2442//2442 3977//3977
f 3977//3977 2442//2442 2447//2447
f 3977//3977 2447//2447 3978//3978
f 3978//3978 2447//2447 2446//2446
f 3978//3978 2446//2446 3979//3979
f 3979//3979 2446//2446 2439//2439
f 3979//3979 2439//2439 3980//3980
f 3980//3980 2439//2439 2440//2440
f 3980//3980 2440//2440 3981//3981
f 3981//3981 2440//2440 2438//2438
f 3981//3981 2438//2438 3982//3982
f 3982//3982 2438//2438 1292//1292
f 3982//3982 1292//1292 3960//3960
f 3960//3960 1292//1292 1297//1297
f 3960//3960 1297//1297 1300//1300
f 3980//3980 3981//3981 3983//3983
f 3983//3983 3981//3981 3982//3982
f 3983//3983 3982//3982 3960//3960
f 3977//3977 3978//3978 3983//3983
f 3983//3983 3978//3978 3979//3979
f 3983//3983 3979//3979 3980//3980
f 3974//3974 3975//3975 3983//3983
f 3983//3983 3975//3975 3976//3976
f 3983//3983 3976//3976 3977//3977
f 3971//3971 3972//3972 3983//3983
f 3983//3983 3972//3972 3973//3973
f 3983//3983 3973//3973 3974//3974
f 3969//3969 3970//3970 3983//3983
f 3983//3983 3970//3970 3959//3959
f 3983//3983 3959//3959 3971//3971
f 3966//3966 3967//3967 3983//3983
f 3983//3983 3967//3967 3968//3968
f 3983//3983 3968//3968 3969//3969
f 3963//3963 3964//3964 3983//3983
f 3983//3983 3964//3964 3965//3965
f 3983//3983 3965//3965 3966//3966
f 3960//3960 3961//3961 3983//3983
f 3983//3983 3961//3961 3962//3962
f 3983//3983 3962//3962 3963//3963
f 3984//3984 2605//2605 3985//3985
f 3985//3985 2605//2605 2602//2602
f 3985//3985 2602//2602 3986//3986
f 3986//3986 2602//2602 2599//2599
f 3986//3986 2599//2599 3987//3987
f 3987//3987 2599//2599 2598//2598
f 3987//3987 2598//2598 3988//3988
f 3988//3988 2598//2598 2625//2625
f 3988//3988 2625//2625 3989//3989
f 3989//3989 2625//2625 2624//2624
f 3989//3989 2624//2624 3990//3990
f 3990//3990 2624//2624 2612//2612
f 3990//3990 2612//2612 3991//3991
f 3991//3991 2612//2612 2613//2613
f 3991//3991 2613//2613 3992//3992
f 3992//3992 2613//2613 2597//2597
f 3992//3992 2597//2597 3993//3993
f 3993//3993 2597//2597 2596//2596
f 3993//3993 2596//2596 3994//3994
f 3994//3994 2596//2596 2588//2588
f 3994//3994 2588//2588 3995//3995
f 3995//3995 2588//2588 2594//2594
f 3995//3995 2594//2594 3996//3996
f 3996//3996 2594//2594 2592//2592
f 3996//3996 2592//2592 3997//3997
f 3997//3997 2592//2592 2593//2593
f 3997//3997 2593//2593 3998//3998
f 3998//3998 2593//2593 2587//2587
f 3998//3998 2587//2587 3999//3999
f 3999//3999 2587//2587 2586//2586
f 3999//3999 2586//2586 4000//4000
f 4000//4000 2586//2586 2584//2584
f 4000//4000 2584//2584 4001//4001
f 4001//4001 2584//2584 2585//2585
f 4001//4001 2585//2585 4002//4002
f 4002//4002 2585//2585 2583//2583
f 4002//4002 2583//2583 4003//4003
f 4003//4003 2583//2583 2609//2609
f 4003//4003 2609//2609 4004//4004
f 4004//4004 2609//2609 2608//2608
f 4004//4004 2608//2608 4005//4005
f 4005//4005 2608//2608 2591//2591
f 4005//4005 2591//2591 4006//4006
f 4006//4006 2591//2591 2607//2607
f 4006//4006 2607//2607 4007//4007
f 4007//4007 2607//2607 2615//2615
f 4007//4007 2615//2615 3984//3984
f 3984//3984 2615//2615 2605//2605
f 4000//4000 4001//4001 4008//4008
f 4008//4008 4001//4001 4002//4002
f 4008//4008 4002//4002 4003//4003
f 3997//3997 3998//3998 4008//4008
f 4008//4008 3998//3998 3999//3999
f 4008//4008 3999//3999 4000//4000
f 3994//3994 3995//3995 4008//4008
f 4008//4008 3995//3995 3996//3996
f 4008//4008 3996//3996 3997//3997
f 3991//3991 3992//3992 4008//4008
f 4008//4008 3992//3992 3993//3993
f 4008//4008 3993//3993 3994//3994
f 3988//3988 3989//3989 4008//4008
f 4008//4008 3989//3989 3990//3990
f 4008//4008 3990//3990 3991//3991
f 3985//3985 3986//3986 4008//4008
f 4008//4008 3986//3986 3987//3987
f 4008//4008 3987//3987 3988//3988
f 4006//4006 4007//4007 4008//4008
f 4008//4008 4007//4007 3984//3984
f 4008//4008 3984//3984 3985//3985
f 4003//4003 4004//4004 4008//4008
f 4008//4008 4004//4004 4005//4005
f 4008//4008 4005//4005 4006//4006
f 2483//2483 2482//2482 1235//1235
f 349//349 347//347 2483//2483
f 2483//2483 1235//1235 349//349
f 349//349 1235//1235 1234//1234
f 349//349 1234//1234 351//351
f 351//351 1234//1234 352//352
f 352//352 1234//1234 1232//1232
f 352//352 1232//1232 4009//4009
f 1232//1232 4010//4010 4009//4009
f 4009//4009 4010//4010 4011//4011
f 4009//4009 4011//4011 4012//4012
f 4012//4012 4011//4011 4013//4013
f 4012//4012 4013//4013 4014//4014
f 1148//1148 1146//1146 4015//4015
f 4015//4015 1146//1146 1145//1145
f 1145//1145 777//777 4015//4015
f 4015//4015 777//777 594//594
f 4015//4015 594//594 593//593
f 1148//1148 4015//4015 4016//4016
f 4016//4016 4015//4015 4017//4017
f 4016//4016 4017//4017 4018//4018
f 4018//4018 4017//4017 4019//4019
f 4018//4018 4019//4019 4020//4020
f 4019//4019 4014//4014 4020//4020
f 4020//4020 4014//4014 4013//4013
f 45//45 30//30 4019//4019
f 4019//4019 30//30 29//29
f 4019//4019 29//29 352//352
f 4017//4017 4015//4015 4019//4019
f 4019//4019 4015//4015 593//593
f 4019//4019 593//593 45//45
f 352//352 4009//4009 4019//4019
f 4019//4019 4009//4009 4012//4012
f 4019//4019 4012//4012 4014//4014
f 1153//1153 1148//1148 4016//4016
f 4011//4011 4010//4010 4013//4013
f 4013//4013 4010//4010 1232//1232
f 1232//1232 1230//1230 4013//4013
f 4013//4013 1230//1230 46//46
f 4013//4013 46//46 4020//4020
f 4020//4020 46//46 1153//1153
f 4020//4020 1153//1153 4018//4018
f 4018//4018 1153//1153 4016//4016
f 1239//1239 1237//1237 3413//3413
f 3400//3400 3398//3398 1538//1538
f 1077//1077 1078//1078 1088//1088
f 1538//1538 1537//1537 3400//3400
f 3400//3400 1537//1537 1076//1076
f 3400//3400 1076//1076 3406//3406
f 3406//3406 1076//1076 1077//1077
f 3406//3406 1077//1077 3413//3413
f 3413//3413 1077//1077 1088//1088
f 3413//3413 1088//1088 1239//1239
f 22//22 24//24 10//10
f 10//10 24//24 26//26
f 3398//3398 1//1 1538//1538
f 1538//1538 1//1 4//4
f 1538//1538 4//4 6//6
f 6//6 8//8 1538//1538
f 1538//1538 8//8 10//10
f 1538//1538 10//10 28//28
f 28//28 10//10 26//26
f 10//10 19//19 22//22
f 22//22 19//19 18//18
f 22//22 18//18 21//21
f 21//21 18//18 16//16
f 21//21 16//16 14//14
f 1248//1248 1088//1088 1250//1250
f 1250//1250 1088//1088 1086//1086
f 1082//1082 1040//1040 1245//1245
f 1248//1248 1243//1243 1088//1088
f 1088//1088 1243//1243 1241//1241
f 1088//1088 1241//1241 1239//1239
f 1080//1080 1044//1044 1082//1082
f 1082//1082 1044//1044 1042//1042
f 1082//1082 1042//1042 1040//1040
f 1086//1086 1084//1084 1250//1250
f 1250//1250 1084//1084 1082//1082
f 1250//1250 1082//1082 1251//1251
f 1251//1251 1082//1082 1245//1245

