# https://github.com/mikedh/trimesh

o right_hip_pitch_link.STL
v -0.09032535 -0.02676978 -0.03684626
v -0.09047436 -0.02563472 -0.03680737
v -0.08920991 -0.02458210 -0.03743647
v -0.01585756 -0.01073800 -0.03242616
v -0.01469020 -0.01248479 -0.03211749
v -0.01478725 -0.01277902 -0.03343448
v -0.01253389 -0.01860742 -0.03445178
v -0.01258126 -0.01893479 -0.03471666
v -0.01280818 -0.01786972 -0.03446116
v -0.01272780 -0.01992497 -0.03535765
v -0.01291455 -0.02116575 -0.03592267
v -0.01373330 -0.01859264 -0.03605748
v -0.01300123 -0.02174213 -0.03612424
v -0.01329654 -0.02374100 -0.03660418
v -0.01500781 -0.01942425 -0.03732664
v -0.01370610 -0.02672967 -0.03684579
v -0.01393555 -0.02865453 -0.03681200
v -0.01482661 -0.02458151 -0.03743657
v -0.01234585 -0.01718937 -0.03266582
v -0.01237863 -0.01746642 -0.03315281
v -0.01231099 -0.01675660 -0.03136262
v -0.01232884 -0.01702650 -0.03230381
v -0.01772419 -0.00827754 -0.03286095
v -0.01781335 -0.00858271 -0.03417601
v -0.02033678 -0.00535609 -0.03337720
v -0.02132459 -0.00477042 -0.03484968
v -0.02124457 -0.00445532 -0.03353637
v -0.02527116 -0.00139622 -0.03544593
v -0.02520143 -0.00107232 -0.03413417
v -0.02563311 -0.00074968 -0.03419119
v -0.02959708 0.00149203 -0.03595631
v -0.02953863 0.00182346 -0.03464589
v -0.04421584 0.00686930 -0.03690653
v -0.03910350 0.00599659 -0.03538332
v -0.03913708 0.00565431 -0.03669182
v -0.03811316 0.00568450 -0.03532817
v -0.03424101 0.00385336 -0.03637357
v -0.03419467 0.00419096 -0.03506425
v -0.03160995 0.00296243 -0.03484716
v -0.05201850 0.00790503 -0.03572056
v -0.04939845 0.00782816 -0.03570698
v -0.04940527 0.00748111 -0.03701463
v -0.04497501 0.00734632 -0.03562183
v -0.04419550 0.00721475 -0.03559858
v -0.05463856 0.00782812 -0.03570697
v -0.05463174 0.00748107 -0.03701463
v -0.05906199 0.00734621 -0.03562181
v -0.05982116 0.00686918 -0.03690650
v -0.05984150 0.00721463 -0.03559856
v -0.06489991 0.00565410 -0.03669179
v -0.06493349 0.00599638 -0.03538328
v -0.07443983 0.00149167 -0.03595625
v -0.07242698 0.00296211 -0.03484710
v -0.06979594 0.00385309 -0.03637353
v -0.06984229 0.00419068 -0.03506419
v -0.06592382 0.00568428 -0.03532813
v -0.08370002 -0.00535659 -0.03337711
v -0.08279224 -0.00445580 -0.03353629
v -0.08271223 -0.00477091 -0.03484958
v -0.07883544 -0.00107275 -0.03413410
v -0.07876571 -0.00139665 -0.03544585
v -0.07840377 -0.00075009 -0.03419112
v -0.07449829 0.00182311 -0.03464583
v -0.08631257 -0.00827808 -0.03286085
v -0.08622340 -0.00858325 -0.03417591
v -0.08817916 -0.01073857 -0.03242606
v -0.08924942 -0.01277960 -0.03343438
v -0.08934648 -0.01248538 -0.03211738
v -0.09169279 -0.01717183 -0.03262980
v -0.09172563 -0.01675722 -0.03136251
v -0.09155498 -0.01823938 -0.03410937
v -0.09165863 -0.01746200 -0.03314562
v -0.09122843 -0.01787033 -0.03446105
v -0.09167219 -0.01735077 -0.03296378
v -0.08876309 -0.01340854 -0.03524949
v -0.09030330 -0.01859325 -0.03605737
v -0.09129830 -0.01999560 -0.03539585
v -0.09149977 -0.01862846 -0.03446911
v -0.09109519 -0.02134439 -0.03598817
v -0.08902878 -0.01942483 -0.03732654
v -0.09092168 -0.02250377 -0.03634428
v -0.09073856 -0.02375166 -0.03660545
v -0.08916812 -0.03381947 -0.03636790
v -0.08929168 -0.03679832 -0.03584141
v -0.08961815 -0.03678795 -0.03578270
v -0.08980188 -0.03188337 -0.03652649
v -0.08989212 -0.03075824 -0.03665148
v -0.08854508 -0.02949151 -0.03713269
v -0.09013359 -0.02836291 -0.03682461
v -0.08740398 -0.02526719 -0.03787917
v -0.08782970 -0.03319317 -0.03658207
v -0.08801816 -0.03681607 -0.03594187
v -0.08688246 -0.02798156 -0.03750300
v -0.08619552 -0.02567871 -0.03790994
v -0.08576098 -0.02120640 -0.03859675
v -0.08512697 -0.02289614 -0.03840165
v -0.08363941 -0.01736676 -0.03927524
v -0.08256853 -0.01806232 -0.03925583
v -0.08106934 -0.01380271 -0.03990505
v -0.07924917 -0.01362780 -0.04003945
v -0.07808723 -0.01056481 -0.04047722
v -0.07719696 -0.01147843 -0.04041927
v -0.07473538 -0.00769899 -0.04098363
v -0.07534537 -0.00981440 -0.04071331
v -0.07106133 -0.00524589 -0.04141711
v -0.07072438 -0.00652668 -0.04129429
v -0.06711718 -0.00324028 -0.04177153
v -0.06558272 -0.00397785 -0.04174469
v -0.06295888 -0.00171065 -0.04204183
v -0.06258524 -0.00292664 -0.04193045
v -0.05864540 -0.00067867 -0.04222418
v -0.06026250 -0.00230716 -0.04203991
v -0.05423793 -0.00015897 -0.04231602
v -0.05496439 -0.00148395 -0.04218538
v -0.04979898 -0.00015893 -0.04231603
v -0.05148518 -0.00136892 -0.04220571
v -0.04539150 -0.00067855 -0.04222421
v -0.04606469 -0.00185316 -0.04212014
v -0.04107800 -0.00171048 -0.04204186
v -0.04070359 -0.00316146 -0.04188895
v -0.03691968 -0.00324004 -0.04177158
v -0.03555160 -0.00529088 -0.04151266
v -0.03297550 -0.00524558 -0.04141717
v -0.02930141 -0.00769863 -0.04098370
v -0.03075441 -0.00820983 -0.04099685
v -0.02594951 -0.01056440 -0.04047729
v -0.02647223 -0.01183735 -0.04035584
v -0.02296735 -0.01380225 -0.03990513
v -0.02258490 -0.01640324 -0.03954900
v -0.02626012 -0.01204947 -0.04031835
v -0.01486824 -0.03381889 -0.03636800
v -0.01645345 -0.03132368 -0.03691242
v -0.01549135 -0.02949094 -0.03713279
v -0.01774994 -0.02595356 -0.03786137
v -0.01663253 -0.02526663 -0.03787927
v -0.01981652 -0.02096617 -0.03874269
v -0.01827559 -0.02120587 -0.03859684
v -0.02039723 -0.01736626 -0.03927534
v -0.01437166 -0.03434993 -0.03618713
v -0.01441815 -0.03678736 -0.03578281
v -0.01474463 -0.03679774 -0.03584151
v -0.01601816 -0.03681551 -0.03594197
v -0.01527359 -0.01340796 -0.03524959
v -0.01826016 -0.00926648 -0.03598143
v -0.02172553 -0.00550397 -0.03664630
v -0.02562054 -0.00217386 -0.03723476
v -0.02988996 0.00067666 -0.03773847
v -0.03447323 0.00300717 -0.03815030
v -0.03930534 0.00478458 -0.03846439
v -0.04431776 0.00598370 -0.03867628
v -0.04943940 0.00658752 -0.03878298
v -0.05459761 0.00658748 -0.03878297
v -0.05971923 0.00598358 -0.03867626
v -0.06473164 0.00478438 -0.03846435
v -0.06956372 0.00300688 -0.03815025
v -0.07414695 0.00067632 -0.03773842
v -0.07841632 -0.00217427 -0.03723469
v -0.08231128 -0.00550446 -0.03664621
v -0.08577658 -0.00926700 -0.03598134
v -0.01614054 -0.01423616 -0.03682731
v -0.01905665 -0.01019238 -0.03754188
v -0.02244025 -0.00651867 -0.03819107
v -0.02624337 -0.00326711 -0.03876565
v -0.03041205 -0.00048384 -0.03925748
v -0.03488718 0.00179167 -0.03965958
v -0.03960528 0.00352715 -0.03996626
v -0.04449944 0.00469797 -0.04017315
v -0.04950024 0.00528755 -0.04027733
v -0.05453675 0.00528751 -0.04027733
v -0.05953753 0.00469785 -0.04017313
v -0.06443167 0.00352695 -0.03996622
v -0.06914975 0.00179140 -0.03965953
v -0.07362484 -0.00048418 -0.03925742
v -0.07779348 -0.00326751 -0.03876558
v -0.08159655 -0.00651913 -0.03819099
v -0.08498009 -0.01019290 -0.03754180
v -0.08789613 -0.01423673 -0.03682721
v -0.01733492 -0.01521279 -0.03807085
v -0.02015395 -0.01130364 -0.03876163
v -0.02342491 -0.00775222 -0.03938919
v -0.02710142 -0.00460891 -0.03994465
v -0.03113133 -0.00191830 -0.04042010
v -0.03545748 0.00028146 -0.04080882
v -0.04001851 0.00195917 -0.04110529
v -0.04474974 0.00309102 -0.04130530
v -0.04958406 0.00366096 -0.04140601
v -0.05445290 0.00366093 -0.04140601
v -0.05928721 0.00309090 -0.04130528
v -0.06401842 0.00195897 -0.04110525
v -0.06857944 0.00028120 -0.04080878
v -0.07290555 -0.00191862 -0.04042005
v -0.07693541 -0.00460930 -0.03994458
v -0.08061187 -0.00775266 -0.03938912
v -0.08388278 -0.01130413 -0.03876154
v -0.08670174 -0.01521334 -0.03807075
v -0.08748306 -0.02031407 -0.03819067
v -0.08525321 -0.01627847 -0.03890380
v -0.08255198 -0.01253252 -0.03956574
v -0.07941768 -0.00912938 -0.04016711
v -0.07589477 -0.00611730 -0.04069937
v -0.07203320 -0.00353899 -0.04115498
v -0.06788776 -0.00143105 -0.04152747
v -0.06351724 0.00017666 -0.04181157
v -0.05898362 0.00126131 -0.04200324
v -0.05435121 0.00180753 -0.04209976
v -0.04968572 0.00180757 -0.04209977
v -0.04505330 0.00126143 -0.04200326
v -0.04051967 0.00017684 -0.04181160
v -0.03614912 -0.00143080 -0.04152752
v -0.03200365 -0.00353868 -0.04115504
v -0.02814204 -0.00611693 -0.04069943
v -0.02461909 -0.00912896 -0.04016718
v -0.02148473 -0.01253205 -0.03956582
v -0.01878344 -0.01627794 -0.03890389
v -0.01655352 -0.02031351 -0.03819077
v -0.01344405 -0.02477623 -0.03674034
v -0.01423225 -0.03185176 -0.03653032
v -0.01672683 -0.05725212 -0.01303626
v -0.01324587 -0.05122124 -0.01410197
v -0.09154513 -0.01492792 -0.02051534
v -0.01221830 -0.01611518 -0.02030554
v -0.01249148 -0.01492730 -0.02051545
v -0.01602193 -0.00893607 -0.02157415
v -0.08805504 -0.05802516 -0.01289966
v -0.05251781 -0.07559554 -0.00979481
v -0.09154484 -0.05209176 -0.01394814
v -0.09181802 -0.05090388 -0.01415805
v -0.02048078 -0.00357862 -0.02252087
v -0.02575304 0.00100686 -0.02333117
v -0.01321821 -0.02710840 -0.01836294
v -0.03170272 0.00470210 -0.02398415
v -0.03817637 0.00741180 -0.02446298
v -0.08365450 -0.06333899 -0.01196065
v -0.07845445 -0.06789897 -0.01115486
v -0.07258629 -0.07158985 -0.01050265
v -0.01221821 -0.02710839 -0.01836294
v -0.06619833 -0.07431836 -0.01002050
v -0.05945200 -0.07601552 -0.00972059
v -0.05251781 -0.07663848 -0.00961051
v -0.04500702 0.00906606 -0.02475530
v -0.05201850 0.00962223 -0.02485358
v -0.01321801 -0.05116211 -0.01411242
v -0.05902998 0.00906595 -0.02475528
v -0.06586061 0.00741158 -0.02446294
v -0.07233422 0.00470178 -0.02398409
v -0.07828383 0.00100644 -0.02333109
v -0.09181830 -0.01611581 -0.02030543
v -0.04578215 -0.07514802 -0.00987388
v -0.03892149 -0.07357380 -0.01015207
v -0.03241660 -0.07091124 -0.01062256
v -0.08355602 -0.00357911 -0.02252078
v -0.08801478 -0.00893663 -0.02157406
v -0.02644418 -0.06723268 -0.01127260
v -0.02116646 -0.06263803 -0.01208451
v -0.01231099 -0.01487725 -0.02072739
v -0.01585756 -0.00885866 -0.02179093
v -0.02033678 -0.00347675 -0.02274197
v -0.02563311 0.00112966 -0.02355596
v -0.03160995 0.00484177 -0.02421192
v -0.03811316 0.00756384 -0.02469294
v -0.04497501 0.00922566 -0.02498660
v -0.05201850 0.00978437 -0.02508533
v -0.05906199 0.00922556 -0.02498658
v -0.06592382 0.00756363 -0.02469291
v -0.07242698 0.00484145 -0.02421187
v -0.07840377 0.00112925 -0.02355589
v -0.08370002 -0.00347725 -0.02274188
v -0.08817916 -0.00885922 -0.02179083
v -0.09172563 -0.01487788 -0.02072728
v -0.01371096 -0.04656333 -0.03334856
v -0.01356195 -0.04761632 -0.03292302
v -0.01482595 -0.04882091 -0.03315303
v -0.08817875 -0.06010936 -0.02370178
v -0.08934611 -0.05836257 -0.02401045
v -0.08924907 -0.05853751 -0.02534845
v -0.09150242 -0.05341073 -0.02830171
v -0.09145505 -0.05319396 -0.02866274
v -0.09122820 -0.05410698 -0.02805752
v -0.09130851 -0.05248344 -0.02960427
v -0.09112176 -0.05151143 -0.03056031
v -0.09030318 -0.05397496 -0.02980486
v -0.09103508 -0.05103905 -0.03094720
v -0.09073988 -0.04932634 -0.03208277
v -0.08902880 -0.05362873 -0.03128213
v -0.09033021 -0.04660084 -0.03333437
v -0.09010076 -0.04478098 -0.03396231
v -0.08921016 -0.04882149 -0.03315293
v -0.01486757 -0.03977666 -0.03531511
v -0.01635354 -0.04164859 -0.03508792
v -0.01549062 -0.04410469 -0.03455030
v -0.01663174 -0.04832909 -0.03380381
v -0.01754715 -0.04703906 -0.03413537
v -0.01827477 -0.05238995 -0.03308622
v -0.01959949 -0.05223041 -0.03321801
v -0.02039638 -0.05622965 -0.03240771
v -0.02233377 -0.05687260 -0.03239769
v -0.02296649 -0.05979376 -0.03177790
v -0.02395909 -0.05902582 -0.03201720
v -0.02580438 -0.06111398 -0.03164820
v -0.02594865 -0.06303171 -0.03120572
v -0.02675390 -0.06207052 -0.03147917
v -0.02930055 -0.06589758 -0.03069929
v -0.03103379 -0.06562111 -0.03085175
v -0.03297466 -0.06835074 -0.03026580
v -0.03362532 -0.06729043 -0.03055677
v -0.03691888 -0.07035636 -0.02991138
v -0.03586761 -0.06849881 -0.03034323
v -0.04107725 -0.07188603 -0.02964108
v -0.04113411 -0.07060751 -0.02997060
v -0.04539080 -0.07291803 -0.02945871
v -0.04645318 -0.07184042 -0.02975274
v -0.04979834 -0.07343773 -0.02936688
v -0.05191546 -0.07226640 -0.02967746
v -0.05423737 -0.07343777 -0.02936688
v -0.05864492 -0.07291813 -0.02945870
v -0.05666576 -0.07196987 -0.02972986
v -0.06295849 -0.07188620 -0.02964105
v -0.06214686 -0.07083449 -0.02993049
v -0.06711689 -0.07035660 -0.02991135
v -0.06743032 -0.06885349 -0.03028055
v -0.07106113 -0.06835103 -0.03026575
v -0.07235703 -0.06606665 -0.03077301
v -0.07473529 -0.06589794 -0.03069923
v -0.07395911 -0.06492144 -0.03097538
v -0.07665601 -0.06266367 -0.03137435
v -0.07808724 -0.06303213 -0.03120565
v -0.07766124 -0.06169751 -0.03154508
v -0.08106945 -0.05979422 -0.03177781
v -0.08121370 -0.05755674 -0.03227679
v -0.08363962 -0.05623015 -0.03240762
v -0.08255921 -0.05558397 -0.03262540
v -0.08576129 -0.05239048 -0.03308612
v -0.08411594 -0.05286838 -0.03310527
v -0.08740438 -0.04832965 -0.03380371
v -0.08626415 -0.04774654 -0.03401035
v -0.08854558 -0.04410527 -0.03455020
v -0.08758378 -0.04230625 -0.03497170
v -0.08916870 -0.03977724 -0.03531500
v -0.09169047 -0.05413083 -0.02613785
v -0.09165768 -0.05403746 -0.02669036
v -0.09172532 -0.05409076 -0.02476532
v -0.09170747 -0.05415978 -0.02574201
v -0.08631212 -0.06256982 -0.02326700
v -0.08622297 -0.06273381 -0.02460693
v -0.08369954 -0.06549127 -0.02275075
v -0.08271173 -0.06654610 -0.02393326
v -0.08279174 -0.06639204 -0.02259157
v -0.07876517 -0.06992031 -0.02333701
v -0.07883488 -0.06977504 -0.02199377
v -0.07840320 -0.07009768 -0.02193675
v -0.07443924 -0.07280856 -0.02282663
v -0.07449768 -0.07267082 -0.02148205
v -0.05982047 -0.07818583 -0.02187641
v -0.06493282 -0.07684395 -0.02074462
v -0.06489924 -0.07697085 -0.02209111
v -0.06592315 -0.07653186 -0.02079977
v -0.06979531 -0.07516990 -0.02240936
v -0.06984165 -0.07503831 -0.02106369
v -0.07242636 -0.07380980 -0.02128078
v -0.05201780 -0.07875238 -0.02040739
v -0.05463785 -0.07867552 -0.02042097
v -0.05463104 -0.07879765 -0.02176830
v -0.05906130 -0.07819368 -0.02050611
v -0.05984081 -0.07806211 -0.02052936
v -0.04939775 -0.07867548 -0.02042097
v -0.04940456 -0.07879760 -0.02176831
v -0.04497431 -0.07819357 -0.02050613
v -0.04421515 -0.07818571 -0.02187643
v -0.04419481 -0.07806198 -0.02052938
v -0.03913640 -0.07697064 -0.02209115
v -0.03910282 -0.07684375 -0.02074466
v -0.02959647 -0.07280821 -0.02282669
v -0.03160933 -0.07380947 -0.02128084
v -0.03424036 -0.07516962 -0.02240941
v -0.03419402 -0.07503804 -0.02106374
v -0.03811250 -0.07653164 -0.02079981
v -0.02033629 -0.06549077 -0.02275084
v -0.02124407 -0.06639156 -0.02259166
v -0.02132408 -0.06654562 -0.02393335
v -0.02520087 -0.06977461 -0.02199384
v -0.02527059 -0.06991988 -0.02333708
v -0.02563254 -0.07009727 -0.02193682
v -0.02953803 -0.07267047 -0.02148212
v -0.01772375 -0.06256928 -0.02326709
v -0.01781291 -0.06273328 -0.02460702
v -0.01585716 -0.06010879 -0.02370188
v -0.01478687 -0.05853692 -0.02534856
v -0.01468983 -0.05836198 -0.02401056
v -0.01234352 -0.05413495 -0.02609807
v -0.01231069 -0.05409013 -0.02476543
v -0.01248133 -0.05363913 -0.02785390
v -0.01237768 -0.05403914 -0.02668210
v -0.01280781 -0.05410636 -0.02805763
v -0.01236412 -0.05408131 -0.02647315
v -0.01527316 -0.05856816 -0.02726919
v -0.01373284 -0.05397435 -0.02980497
v -0.01273801 -0.05243018 -0.02966435
v -0.01253654 -0.05339690 -0.02832521
v -0.01294112 -0.05136606 -0.03068306
v -0.01500724 -0.05362815 -0.03128224
v -0.01311464 -0.05039894 -0.03141494
v -0.01329764 -0.04931681 -0.03208759
v -0.01423443 -0.04164983 -0.03480066
v -0.01414419 -0.04274965 -0.03453249
v -0.01390256 -0.04506064 -0.03387376
v -0.08876279 -0.05856874 -0.02726909
v -0.08577621 -0.06271024 -0.02653725
v -0.08231084 -0.06647273 -0.02587238
v -0.07841582 -0.06980286 -0.02528391
v -0.07414639 -0.07265340 -0.02478020
v -0.06956311 -0.07498389 -0.02436838
v -0.06473099 -0.07676131 -0.02405429
v -0.05971856 -0.07796043 -0.02384239
v -0.05459692 -0.07856426 -0.02373569
v -0.04943870 -0.07856421 -0.02373570
v -0.04431706 -0.07796031 -0.02384242
v -0.03930465 -0.07676110 -0.02405433
v -0.03447256 -0.07498362 -0.02436842
v -0.02988933 -0.07265304 -0.02478026
v -0.02561995 -0.06980245 -0.02528399
v -0.02172498 -0.06647225 -0.02587246
v -0.01825967 -0.06270971 -0.02653734
v -0.08789593 -0.05833146 -0.02903502
v -0.08497981 -0.06237525 -0.02832045
v -0.08159619 -0.06604899 -0.02767126
v -0.07779305 -0.06930055 -0.02709668
v -0.07362436 -0.07208384 -0.02660485
v -0.06914920 -0.07435935 -0.02620274
v -0.06443108 -0.07609484 -0.02589607
v -0.05953690 -0.07726567 -0.02568917
v -0.05453608 -0.07785525 -0.02558499
v -0.04949955 -0.07785521 -0.02558499
v -0.04449874 -0.07726556 -0.02568919
v -0.03960458 -0.07609464 -0.02589611
v -0.03488649 -0.07435908 -0.02620280
v -0.03041138 -0.07208350 -0.02660491
v -0.02624272 -0.06930014 -0.02709675
v -0.02243964 -0.06604853 -0.02767135
v -0.01905608 -0.06237473 -0.02832054
v -0.01614003 -0.05833089 -0.02903512
v -0.08670167 -0.05784022 -0.03053792
v -0.08388262 -0.06174941 -0.02984713
v -0.08061163 -0.06530085 -0.02921956
v -0.07693509 -0.06844418 -0.02866411
v -0.07290515 -0.07113482 -0.02818865
v -0.06857897 -0.07333460 -0.02779992
v -0.06401789 -0.07501231 -0.02750345
v -0.05928663 -0.07614417 -0.02730345
v -0.05445227 -0.07671413 -0.02720273
v -0.04958339 -0.07671409 -0.02720274
v -0.04474904 -0.07614406 -0.02730346
v -0.04001779 -0.07501213 -0.02750349
v -0.03545675 -0.07333434 -0.02779997
v -0.03113060 -0.07113449 -0.02818871
v -0.02710070 -0.06844380 -0.02866417
v -0.02342421 -0.06530041 -0.02921964
v -0.02015328 -0.06174891 -0.02984722
v -0.01733430 -0.05783967 -0.03053802
v -0.01655282 -0.05308899 -0.03239883
v -0.01878270 -0.05712464 -0.03168569
v -0.02148396 -0.06087062 -0.03102373
v -0.02461830 -0.06427381 -0.03042236
v -0.02814126 -0.06728593 -0.02989010
v -0.03200286 -0.06986427 -0.02943447
v -0.03614835 -0.07197224 -0.02906197
v -0.04051893 -0.07357997 -0.02877788
v -0.04505260 -0.07466464 -0.02858621
v -0.04968506 -0.07521085 -0.02848968
v -0.05435062 -0.07521090 -0.02848968
v -0.05898309 -0.07466474 -0.02858618
v -0.06351679 -0.07358015 -0.02877785
v -0.06788739 -0.07197249 -0.02906193
v -0.07203291 -0.06986458 -0.02943442
v -0.07589456 -0.06728631 -0.02989002
v -0.07941756 -0.06427424 -0.03042228
v -0.08255196 -0.06087111 -0.03102365
v -0.08525328 -0.05712516 -0.03168559
v -0.08748323 -0.05308954 -0.03239873
v -0.09059227 -0.04839985 -0.03256583
v -0.08966465 -0.03921634 -0.03532719
v -0.08980407 -0.04168084 -0.03479343
v -0.05101780 -0.07689510 -0.01108840
v -0.05101781 -0.07584791 -0.01127345
v -0.05113199 -0.07575050 -0.01070774
v -0.05110234 -0.07680932 -0.01059943
v -0.05145716 -0.07567124 -0.01022757
v -0.05134640 -0.07673605 -0.01016507
v -0.05172251 -0.07668010 -0.00983488
v -0.05194379 -0.07561822 -0.00990675
v -0.05194378 -0.07666061 -0.00972255
v -0.05218821 -0.07664712 -0.00964621
v -0.01321820 -0.02884653 -0.01957903
v -0.01221820 -0.02884652 -0.01957903
v -0.01221820 -0.02851812 -0.01887545
v -0.01321820 -0.02851812 -0.01887544
v -0.01221820 -0.02788192 -0.01843032
v -0.01321820 -0.02788192 -0.01843032
v -0.05101781 -0.07628294 -0.01373530
v -0.05101780 -0.07733013 -0.01355026
v -0.05099108 -0.07742811 -0.01410741
v -0.05090284 -0.07648355 -0.01488691
v -0.04926046 -0.07694505 -0.01792668
v -0.05000838 -0.07682752 -0.01702149
v -0.04979043 -0.07792199 -0.01713821
v -0.05086945 -0.07755784 -0.01485658
v -0.05070267 -0.07765704 -0.01544113
v -0.05056109 -0.07666956 -0.01599866
v -0.05046741 -0.07775311 -0.01602475
v -0.05010017 -0.07785792 -0.01669537
v -0.04933015 -0.07799044 -0.01766998
v -0.04876241 -0.07804278 -0.01818502
v -0.04835190 -0.07700738 -0.01867295
v -0.04837639 -0.07806224 -0.01846983
v -0.04771484 -0.07806994 -0.01886223
v -0.04731391 -0.07700337 -0.01923716
v -0.04701906 -0.07804742 -0.01916755
v -0.04578215 -0.07687965 -0.01967318
v -0.04581390 -0.07794119 -0.01948137
v -0.04501782 -0.07677019 -0.01974216
v -0.04501781 -0.07782698 -0.01955542
v -0.01221817 -0.03330717 -0.02587095
v -0.01221818 -0.03222530 -0.02523421
v -0.01321818 -0.03222530 -0.02523421
v -0.01221818 -0.03125634 -0.02443608
v -0.01321819 -0.03006595 -0.02298019
v -0.01221819 -0.03006594 -0.02298019
v -0.01321820 -0.02893354 -0.02007140
v -0.01221819 -0.02923786 -0.02125618
v -0.01221820 -0.02893353 -0.02007140
v -0.01221815 -0.03508285 -0.02649031
v -0.01321815 -0.03508286 -0.02649030
v -0.01221814 -0.03698625 -0.02667739
v -0.01321813 -0.03820359 -0.02655724
v -0.01221813 -0.03820358 -0.02655724
v -0.03892149 -0.07531393 -0.01999949
v -0.03241660 -0.07265137 -0.02047000
v -0.02644418 -0.06897280 -0.02112004
v -0.02116646 -0.06437816 -0.02193195
v -0.01672683 -0.05899225 -0.02288369
v -0.01324587 -0.05296138 -0.02394940
v -0.01201830 -0.01614998 -0.02050249
v -0.01201821 -0.02714319 -0.01855989
v -0.01201820 -0.02781358 -0.01861829
v -0.01201820 -0.02836496 -0.01900406
v -0.01201820 -0.02864957 -0.01961384
v -0.09201830 -0.01615062 -0.02050238
v -0.01201820 -0.02873658 -0.02010621
v -0.09201802 -0.05093868 -0.01435500
v -0.01201813 -0.03823838 -0.02675419
v -0.01201814 -0.03699062 -0.02687734
v -0.01201815 -0.03567326 -0.02679992
v -0.01201816 -0.03443233 -0.02652657
v -0.01201817 -0.03321956 -0.02605074
v -0.01201818 -0.03211064 -0.02539809
v -0.01201818 -0.03111746 -0.02458000
v -0.01201819 -0.03025482 -0.02360375
v -0.01201819 -0.02957273 -0.02253165
v -0.01201820 -0.02904852 -0.02132060
v -0.09172532 -0.05221142 -0.01413010
v -0.01221801 -0.05264338 -0.02400560
v -0.01201801 -0.05267819 -0.02420254
v -0.08821958 -0.05817191 -0.01307682
v -0.08379896 -0.06351000 -0.01213353
v -0.07857516 -0.06809080 -0.01132406
v -0.07268021 -0.07179853 -0.01066887
v -0.06626308 -0.07453950 -0.01018451
v -0.05948595 -0.07624442 -0.00988324
v -0.05252009 -0.07687022 -0.00977265
v -0.01231069 -0.05395092 -0.02397764
v -0.01249117 -0.05383128 -0.02379568
v -0.05124938 -0.07704064 -0.01075919
v -0.05121415 -0.07709202 -0.01105360
v -0.05209743 -0.07688521 -0.00984144
v -0.05171726 -0.07691986 -0.01004304
v -0.05141801 -0.07697403 -0.01036720
v -0.04498584 -0.07805619 -0.01971801
v -0.04497431 -0.07805436 -0.01971834
v -0.03818490 -0.07617379 -0.01984755
v -0.03812173 -0.07639546 -0.02001148
v -0.03811250 -0.07639243 -0.02001202
v -0.03170896 -0.07346451 -0.02032631
v -0.03161623 -0.07367381 -0.02049242
v -0.02563722 -0.06996150 -0.02114842
v -0.02575713 -0.06976908 -0.02097933
v -0.02563254 -0.06995805 -0.02114903
v -0.02048299 -0.06518283 -0.02178976
v -0.02033899 -0.06535432 -0.02196256
v -0.02033629 -0.06535156 -0.02196304
v -0.01602263 -0.05982414 -0.02273669
v -0.01585827 -0.05997115 -0.02291381
v -0.05121415 -0.07752705 -0.01351546
v -0.05118761 -0.07762600 -0.01407818
v -0.05106011 -0.07776249 -0.01486554
v -0.05088699 -0.07786501 -0.01546932
v -0.05065260 -0.07796110 -0.01605132
v -0.05026865 -0.07807148 -0.01675412
v -0.04994004 -0.07813977 -0.01722279
v -0.04948746 -0.07820817 -0.01774628
v -0.04888789 -0.07826541 -0.01829226
v -0.04847223 -0.07828738 -0.01859834
v -0.04782274 -0.07829735 -0.01898440
v -0.04708075 -0.07827663 -0.01931208
v -0.04585207 -0.07817508 -0.01963561
v -0.09201802 -0.05281803 -0.02499023
v -0.09200021 -0.05313940 -0.02493344
v -0.09185249 -0.05378573 -0.02481923
v -0.09194481 -0.05346664 -0.02487561
v -0.09191009 -0.02667937 -0.03494639
v -0.09201825 -0.02421167 -0.03416561
v -0.09193448 -0.02417870 -0.03487022
v -0.09201827 -0.02230046 -0.03396710
v -0.09196094 -0.02167196 -0.03444138
v -0.09201828 -0.02060940 -0.03354349
v -0.09197423 -0.02043754 -0.03402649
v -0.09201829 -0.01953118 -0.03304464
v -0.09198652 -0.01927507 -0.03339880
v -0.09201830 -0.01866455 -0.03235845
v -0.09199637 -0.01827900 -0.03246707
v -0.09201830 -0.01816904 -0.03160680
v -0.09199939 -0.01792140 -0.03187331
v -0.09201830 -0.01802996 -0.03113760
v -0.09200050 -0.01770859 -0.03119439
v -0.09188940 -0.02915422 -0.03482493
v -0.09201818 -0.02990371 -0.03387812
v -0.09201822 -0.02690595 -0.03414208
v -0.09187359 -0.03160892 -0.03456999
v -0.09186033 -0.03645821 -0.03383116
v -0.09201816 -0.03535037 -0.03305377
v -0.09187368 -0.04126756 -0.03286160
v -0.09201809 -0.04104724 -0.03198105
v -0.09201809 -0.04459960 -0.03111444
v -0.09188952 -0.04366118 -0.03225853
v -0.09191027 -0.04603307 -0.03152033
v -0.09201807 -0.04733343 -0.03023593
v -0.09193470 -0.04835771 -0.03058696
v -0.09201806 -0.04808471 -0.02993840
v -0.09196107 -0.05055769 -0.02932183
v -0.09201805 -0.04935734 -0.02934133
v -0.09197428 -0.05156897 -0.02850781
v -0.09201804 -0.05088554 -0.02839523
v -0.09201802 -0.05190491 -0.02747929
v -0.09198643 -0.05243570 -0.02752372
v -0.09201802 -0.05209629 -0.02725290
v -0.09199614 -0.05304222 -0.02631503
v -0.09201802 -0.05252476 -0.02659994
v -0.09199911 -0.05317233 -0.02563896
v -0.09201802 -0.05281454 -0.02577128
v -0.09172430 -0.05310825 -0.02806036
v -0.09181463 -0.05372454 -0.02655614
v -0.09184229 -0.05384389 -0.02570872
v -0.09148819 -0.05115435 -0.03027035
v -0.09161118 -0.05220865 -0.02927465
v -0.09124256 -0.04886610 -0.03179686
v -0.09054887 -0.03674021 -0.03542629
v -0.09067359 -0.04159856 -0.03440879
v -0.09082146 -0.04403322 -0.03374156
v -0.09101495 -0.04646375 -0.03289635
v -0.09185279 -0.01706225 -0.03130861
v -0.09184247 -0.01731473 -0.03217031
v -0.09181446 -0.01772136 -0.03292970
v -0.09172288 -0.01882896 -0.03413723
v -0.09160859 -0.02010195 -0.03497041
v -0.09148502 -0.02143917 -0.03554066
v -0.09123892 -0.02411814 -0.03618369
v -0.09081943 -0.02931389 -0.03634639
v -0.09101193 -0.02674799 -0.03638821
v -0.09194029 -0.05351258 -0.02567414
v -0.09192801 -0.05338867 -0.02643725
v -0.09188780 -0.05277968 -0.02779818
v -0.09183726 -0.05189921 -0.02890362
v -0.09178204 -0.05086888 -0.02981652
v -0.09167090 -0.04862891 -0.03123195
v -0.09156681 -0.04626766 -0.03226985
v -0.09147744 -0.04386799 -0.03308240
v -0.09140855 -0.04145438 -0.03373485
v -0.09135004 -0.03661962 -0.03474417
v -0.09067216 -0.03182878 -0.03613735
v -0.09140792 -0.03173303 -0.03545476
v -0.09147656 -0.02924281 -0.03567038
v -0.09156550 -0.02671676 -0.03573200
v -0.09166935 -0.02414623 -0.03557073
v -0.09178074 -0.02155052 -0.03501487
v -0.09183624 -0.02026422 -0.03451385
v -0.09188732 -0.01904687 -0.03377653
v -0.09192809 -0.01799578 -0.03270179
v -0.09194052 -0.01761397 -0.03202363
v -0.09194510 -0.01738135 -0.03125222
v -0.01203581 -0.05313876 -0.02493355
v -0.01201801 -0.05281740 -0.02499034
v -0.01218352 -0.05378510 -0.02481934
v -0.01209121 -0.05346601 -0.02487572
v -0.01212623 -0.04599714 -0.03153276
v -0.01201806 -0.04804780 -0.02995354
v -0.01210183 -0.04832026 -0.03060418
v -0.01201804 -0.04977524 -0.02911205
v -0.01207537 -0.05052821 -0.02934221
v -0.01201803 -0.05121871 -0.02813454
v -0.01206208 -0.05154570 -0.02852939
v -0.01201802 -0.05206067 -0.02729637
v -0.01204979 -0.05242265 -0.02754132
v -0.01201802 -0.05263964 -0.02635473
v -0.01203994 -0.05303907 -0.02632464
v -0.01201801 -0.05284754 -0.02547879
v -0.01203692 -0.05317153 -0.02564429
v -0.01214690 -0.04363054 -0.03226683
v -0.01201813 -0.04260196 -0.03163422
v -0.01201809 -0.04550862 -0.03085481
v -0.01216272 -0.04123713 -0.03286860
v -0.01217598 -0.03642831 -0.03383644
v -0.01201815 -0.03720263 -0.03272646
v -0.01216264 -0.03157794 -0.03457385
v -0.01201822 -0.03148314 -0.03367111
v -0.01201822 -0.02784891 -0.03407443
v -0.01214679 -0.02912259 -0.03482763
v -0.01212604 -0.02664136 -0.03494702
v -0.01201825 -0.02497957 -0.03418607
v -0.01210162 -0.02413762 -0.03486688
v -0.01201825 -0.02417182 -0.03416404
v -0.01207524 -0.02163729 -0.03443233
v -0.01201826 -0.02277163 -0.03403928
v -0.01206203 -0.02040828 -0.03401420
v -0.01201828 -0.02101174 -0.03367421
v -0.01201828 -0.01974020 -0.03316309
v -0.01204988 -0.01925677 -0.03338674
v -0.01201829 -0.01948281 -0.03301600
v -0.01204017 -0.01827274 -0.03245912
v -0.01201829 -0.01885651 -0.03254944
v -0.01203720 -0.01791882 -0.03186859
v -0.01201829 -0.01830029 -0.03187027
v -0.01203610 -0.01770797 -0.03119450
v -0.01201830 -0.01802933 -0.03113771
v -0.01231202 -0.01880887 -0.03412138
v -0.01222168 -0.01771438 -0.03291947
v -0.01219401 -0.01731183 -0.03216428
v -0.01254812 -0.02140183 -0.03552789
v -0.01242513 -0.02007014 -0.03495382
v -0.01279375 -0.02407467 -0.03617774
v -0.01348745 -0.03671007 -0.03543161
v -0.01336272 -0.03179724 -0.03614078
v -0.01321485 -0.02928135 -0.03634835
v -0.01302136 -0.02670835 -0.03638731
v -0.01219384 -0.05384324 -0.02571538
v -0.01222186 -0.05372149 -0.02656815
v -0.01231344 -0.05309481 -0.02808214
v -0.01242772 -0.05218446 -0.02930113
v -0.01255129 -0.05112366 -0.03029513
v -0.01279739 -0.04882730 -0.03181735
v -0.01321688 -0.04400198 -0.03375087
v -0.01302439 -0.04642682 -0.03291077
v -0.01218382 -0.01706163 -0.03130872
v -0.01209150 -0.01738071 -0.03125233
v -0.01209602 -0.01761124 -0.03201824
v -0.01210831 -0.01798916 -0.03269267
v -0.01214851 -0.01902769 -0.03376247
v -0.01219905 -0.02023369 -0.03449922
v -0.01225427 -0.02151448 -0.03500372
v -0.01236541 -0.02410390 -0.03556575
v -0.01246950 -0.02667784 -0.03573155
v -0.01255887 -0.02921067 -0.03567248
v -0.01262776 -0.03170171 -0.03545823
v -0.01268627 -0.03658958 -0.03474948
v -0.01336415 -0.04156774 -0.03441638
v -0.01262839 -0.04142376 -0.03374232
v -0.01255975 -0.04383707 -0.03309144
v -0.01247081 -0.04623126 -0.03228361
v -0.01236696 -0.04859085 -0.03125114
v -0.01225556 -0.05083886 -0.02983935
v -0.01220007 -0.05187554 -0.02892783
v -0.01214899 -0.05276648 -0.02781796
v -0.01210823 -0.05338559 -0.02644808
v -0.01209579 -0.05351186 -0.02568014
v -0.01321801 -0.05290224 -0.02395985
v -0.05165577 -0.07699080 -0.01044713
v -0.05114831 -0.07960965 -0.00041828
v -0.05114817 -0.07996462 0.00082254
v -0.05587253 -0.07968247 0.00076707
v -0.05199997 0.01875389 -0.01794821
v -0.05200000 0.01831929 -0.01826351
v -0.05649037 0.01710921 -0.01798350
v -0.09199847 -0.01537879 -0.01349763
v -0.09234727 -0.01554608 -0.01333529
v -0.09194532 -0.01464300 -0.01351229
v -0.07466258 -0.06955163 -0.00446501
v -0.07620496 -0.06956494 -0.00440264
v -0.07983674 -0.06710298 -0.00482591
v -0.05935827 -0.07512560 -0.00344592
v -0.05977621 -0.07545799 -0.00334189
v -0.06406237 -0.07454438 -0.00351079
v -0.05542089 -0.07560465 -0.00336043
v -0.05105175 -0.07572772 -0.00334933
v -0.05543228 -0.07604094 -0.00323190
v -0.08724697 -0.00639294 -0.01511783
v -0.08825962 -0.00770782 -0.01481645
v -0.08570191 -0.00407800 -0.01549965
v -0.09160937 -0.01343918 -0.01363442
v -0.09377560 -0.01466793 -0.01214675
v -0.09148566 -0.01317185 -0.01368412
v -0.09189671 -0.01047913 -0.01294563
v -0.08960796 -0.00981584 -0.01438437
v -0.08965921 -0.00645864 -0.01371939
v -0.07962459 0.00242367 -0.01667298
v -0.08164266 -0.00034534 -0.01640775
v -0.08281633 -0.00068922 -0.01612278
v -0.08466324 -0.00331711 -0.01577829
v -0.08500535 -0.00369245 -0.01569815
v -0.07616274 0.00523568 -0.01714741
v -0.07574050 0.00409168 -0.01733038
v -0.07889997 0.00191063 -0.01687755
v -0.06036993 0.01244802 -0.01878227
v -0.06756302 0.00811395 -0.01818940
v -0.06828374 0.00889907 -0.01812606
v -0.06875219 0.00765489 -0.01808851
v -0.07204399 0.00671862 -0.01776105
v -0.07219525 0.00609501 -0.01775141
v -0.07562450 0.00424404 -0.01734469
v -0.05200000 0.01540838 -0.01926020
v -0.05200000 0.01376485 -0.01918796
v -0.06012734 0.01141282 -0.01877234
v -0.07376775 0.01085462 -0.01483158
v -0.07778375 0.00831691 -0.01442839
v -0.07412165 0.01137962 -0.01267352
v -0.07784250 0.00909130 -0.01226916
v -0.07876037 0.00844911 -0.01215567
v -0.08152616 0.00538543 -0.01393992
v -0.08120456 0.00655436 -0.01182086
v -0.08415318 0.00383035 -0.01133950
v -0.08492742 0.00207006 -0.01336092
v -0.08524863 0.00266673 -0.01113388
v -0.08677677 0.00087592 -0.01081743
v -0.08793697 -0.00159139 -0.01269644
v -0.08823336 -0.00104419 -0.01047813
v -0.09054381 -0.00553541 -0.01196460
v -0.09079069 -0.00505435 -0.00976950
v -0.08913768 -0.00235917 -0.01024576
v -0.09460694 -0.01402344 -0.01038369
v -0.09321531 -0.00989205 -0.00891464
v -0.09275791 -0.00969684 -0.01118689
v -0.09209019 -0.00749386 -0.00933842
v -0.09127676 -0.00592995 -0.00961478
v -0.09645645 -0.01912220 -0.00728359
v -0.09538422 -0.01555485 -0.00791398
v -0.09495220 -0.01428881 -0.00813770
v -0.09871970 -0.03704193 -0.00638186
v -0.09867617 -0.03190012 -0.00502563
v -0.09863646 -0.03232671 -0.00716799
v -0.09846800 -0.02960640 -0.00543095
v -0.09814721 -0.02764485 -0.00796074
v -0.09766018 -0.02430300 -0.00636811
v -0.09729689 -0.02302120 -0.00876210
v -0.09611627 -0.01847380 -0.00957197
v -0.09834982 -0.04175145 -0.00560174
v -0.09864248 -0.03976088 -0.00363668
v -0.09881081 -0.03561744 -0.00436887
v -0.09757357 -0.04637548 -0.00246782
v -0.09759682 -0.04627933 -0.00248481
v -0.09748266 -0.04640376 -0.00482877
v -0.09811056 -0.04383251 -0.00291719
v -0.09844807 -0.04161965 -0.00330822
v -0.08918905 -0.06333234 -0.00202366
v -0.09212678 -0.05929459 -0.00018487
v -0.09194300 -0.05945111 -0.00265875
v -0.09416617 -0.05565216 -0.00082853
v -0.09425818 -0.05530370 -0.00334492
v -0.09534992 -0.05308563 -0.00128206
v -0.09611254 -0.05093833 -0.00407216
v -0.09586032 -0.05182691 -0.00150449
v -0.09718403 -0.04786225 -0.00220509
v -0.08621426 -0.06682605 0.00114602
v -0.08726975 -0.06571261 0.00094926
v -0.08601822 -0.06689471 -0.00144614
v -0.08771645 -0.06521614 0.00086153
v -0.08979894 -0.06267632 0.00041271
v -0.08451767 -0.06845046 0.00143307
v -0.08244590 -0.07007107 -0.00092923
v -0.08285818 -0.06986366 0.00168280
v -0.07851198 -0.07279801 -0.00047540
v -0.08152079 -0.07089213 0.00186455
v -0.08266456 -0.07001837 0.00171014
v -0.07444724 -0.07502449 0.00259479
v -0.07724251 -0.07362137 0.00234684
v -0.07817083 -0.07309449 0.00225373
v -0.07428401 -0.07503988 -0.00008899
v -0.06984230 -0.07680959 0.00022773
v -0.07076760 -0.07651149 0.00285756
v -0.06526116 -0.07813954 0.00047422
v -0.06674630 -0.07775100 0.00307661
v -0.06444996 -0.07831052 0.00317548
v -0.06059545 -0.07909025 0.00065216
v -0.06197615 -0.07881167 0.00326404
v -0.05734719 -0.07948507 0.00338305
v -0.05613906 -0.07554357 -0.00337081
v -0.06726024 -0.07304948 -0.00383268
v -0.06427451 -0.07401727 -0.00365221
v -0.06317542 -0.07431602 -0.00359615
v -0.06826039 -0.07327527 -0.00374390
v -0.07232635 -0.07162075 -0.00404142
v -0.07092600 -0.07152721 -0.00411115
v -0.07197501 -0.07101832 -0.00420294
v -0.08135801 -0.06468456 -0.00532077
v -0.07896771 -0.06664833 -0.00497713
v -0.07801405 -0.06735677 -0.00485270
v -0.08316629 -0.06425630 -0.00530856
v -0.08614556 -0.06105820 -0.00584958
v -0.08442437 -0.06169880 -0.00584057
v -0.09198609 -0.04968921 -0.00792386
v -0.09171972 -0.05096179 -0.00766778
v -0.09267058 -0.04980688 -0.00777595
v -0.09148535 -0.05151388 -0.00757141
v -0.09092036 -0.05378501 -0.00709154
v -0.09126402 -0.05195188 -0.00749905
v -0.08931685 -0.05535942 -0.00692880
v -0.08873984 -0.05755227 -0.00644615
v -0.08711614 -0.05851378 -0.00639092
v -0.08500487 -0.06106273 -0.00595094
v -0.09307297 -0.04460786 -0.00887296
v -0.09199820 -0.04824892 -0.00822954
v -0.09199819 -0.04934930 -0.00799765
v -0.09397962 -0.04566873 -0.00848862
v -0.09484605 -0.04142066 -0.00921850
v -0.09380606 -0.04086285 -0.00953474
v -0.09527575 -0.03711284 -0.00995751
v -0.09414478 -0.03782263 -0.01007197
v -0.09528499 -0.03278944 -0.01070219
v -0.09426145 -0.03389568 -0.01076590
v -0.09407765 -0.03048142 -0.01136923
v -0.09584548 -0.02828975 -0.01103898
v -0.09503956 -0.02394631 -0.01180112
v -0.09352942 -0.02648752 -0.01207499
v -0.09387035 -0.01969002 -0.01256905
v -0.09199844 -0.01791245 -0.01339855
v -0.09199843 -0.02043509 -0.01314451
v -0.09263014 -0.02254410 -0.01277183
v -0.05200000 -0.07986058 0.00344942
v -0.05157223 -0.07987917 0.00345270
v -0.05114600 -0.08004376 0.00197470
v -0.05114442 -0.07989665 0.00345578
v -0.05112920 -0.07828263 -0.00215316
v -0.05556012 -0.07719337 -0.00274318
v -0.06000773 -0.07660413 -0.00285926
v -0.06439805 -0.07567570 -0.00303596
v -0.06870388 -0.07438293 -0.00327939
v -0.07287879 -0.07268821 -0.00358724
v -0.07686168 -0.07057188 -0.00395681
v -0.08058678 -0.06802753 -0.00438476
v -0.08399403 -0.06508099 -0.00486850
v -0.08703545 -0.06177367 -0.00540925
v -0.08968041 -0.05815483 -0.00600692
v -0.09190163 -0.05427271 -0.00665564
v -0.09368162 -0.05017768 -0.00734496
v -0.09500708 -0.04592062 -0.00806278
v -0.09587334 -0.04155261 -0.00879618
v -0.09628650 -0.03712814 -0.00953693
v -0.09626910 -0.03269406 -0.01028445
v -0.05200002 0.01793903 -0.01849404
v -0.05200001 0.01698051 -0.01892379
v -0.05633087 0.01498001 -0.01891646
v -0.08705100 -0.00264943 -0.01444554
v -0.08407455 0.00089683 -0.01510154
v -0.08074736 0.00413016 -0.01566927
v -0.07711459 0.00701827 -0.01614515
v -0.07247302 0.00773256 -0.01755029
v -0.07323331 0.00954834 -0.01653617
v -0.06860916 0.00992215 -0.01790006
v -0.06917981 0.01174898 -0.01687100
v -0.06054429 0.01354407 -0.01859112
v -0.06083371 0.01553389 -0.01760683
v -0.05200001 0.01610178 -0.01916266
v -0.05114416 -0.07915195 -0.00123368
v -0.05575095 -0.07886747 -0.00129217
v -0.06036489 -0.07827329 -0.00141226
v -0.06492221 -0.07732758 -0.00159485
v -0.06939834 -0.07600620 -0.00184656
v -0.07374236 -0.07425838 -0.00216431
v -0.07788458 -0.07205737 -0.00254448
v -0.08174979 -0.06939339 -0.00298273
v -0.08527184 -0.06629861 -0.00347594
v -0.08840512 -0.06282744 -0.00402607
v -0.09112681 -0.05903910 -0.00463433
v -0.09341244 -0.05498447 -0.00529541
v -0.09524225 -0.05071317 -0.00599847
v -0.09659783 -0.04627540 -0.00673049
v -0.09746739 -0.04172310 -0.00747701
v -0.09785694 -0.03711613 -0.00822939
v -0.09780063 -0.03250499 -0.00898922
v -0.09733523 -0.02792935 -0.00975946
v -0.09649584 -0.02341713 -0.01054361
v -0.09530759 -0.01898932 -0.01134201
v -0.05659738 0.01952697 -0.01411323
v -0.05658434 0.01871090 -0.01629532
v -0.05738085 0.01922753 -0.01406032
v -0.06100493 0.01699348 -0.01591937
v -0.06957011 0.01304991 -0.01517631
v -0.06845939 0.01423017 -0.01317724
v -0.06103022 0.01768978 -0.01378858
v -0.05199997 0.01990348 -0.01673310
v -0.05199997 0.02001271 -0.01657449
v -0.05200000 0.02090851 -0.01435736
v -0.00701561 -0.05572619 -0.00554183
v -0.00680718 -0.05583613 -0.00526862
v -0.00916508 -0.05913927 -0.00444422
v -0.00633236 -0.05604903 -0.00445272
v -0.00586430 -0.05615329 -0.00308274
v -0.00851146 -0.05940517 -0.00286149
v -0.00564104 -0.05602788 -0.00145527
v -0.00562275 -0.05592181 -0.00078087
v -0.00904517 -0.06020221 -0.00002447
v -0.03782951 -0.07509466 -0.00331702
v -0.03972147 -0.07402075 -0.00367301
v -0.03912511 -0.07384570 -0.00370464
v -0.04415919 -0.07791885 -0.00218367
v -0.04433022 -0.07634271 -0.00309648
v -0.04785690 -0.07554628 -0.00338745
v -0.04670744 -0.07542463 -0.00341149
v -0.04444637 -0.07509706 -0.00347440
v -0.04274493 -0.07477167 -0.00353541
v -0.03793523 -0.07839876 0.00319108
v -0.04069282 -0.07897846 0.00329352
v -0.04038854 -0.07897383 0.00059648
v -0.04517452 -0.07960890 0.00340493
v -0.04391681 -0.07952563 0.00069399
v -0.03633782 -0.07799152 0.00311911
v -0.03362359 -0.07720900 0.00028461
v -0.03208905 -0.07663517 0.00287942
v -0.03041484 -0.07601169 0.00007304
v -0.03056870 -0.07604837 0.00277573
v -0.02734504 -0.07462574 -0.00017187
v -0.02795825 -0.07490722 0.00257407
v -0.01859114 -0.06934329 0.00014854
v -0.01609488 -0.06722364 0.00121629
v -0.01728518 -0.06820597 0.00138988
v -0.01600920 -0.06707921 -0.00150542
v -0.01338045 -0.06467500 -0.00193026
v -0.01138265 -0.06277682 0.00043049
v -0.01233089 -0.06374792 0.00060209
v -0.00792920 -0.05517438 -0.00639455
v -0.01193663 -0.05539188 -0.00696739
v -0.01142547 -0.05753142 -0.00642061
v -0.01494952 -0.05891601 -0.00634464
v -0.01601390 -0.06250808 -0.00554119
v -0.01804697 -0.06204202 -0.00579225
v -0.02102453 -0.06462867 -0.00533516
v -0.02105866 -0.06685918 -0.00477231
v -0.02209087 -0.06546412 -0.00518753
v -0.02625096 -0.07031994 -0.00416076
v -0.02794267 -0.06929018 -0.00451143
v -0.02412467 -0.06693459 -0.00492769
v -0.03819318 -0.07355384 -0.00375707
v -0.03584545 -0.07271662 -0.00390592
v -0.03183084 -0.07307517 -0.00367388
v -0.03191950 -0.07123790 -0.00416725
v -0.02836674 -0.06952137 -0.00447058
v -0.04980155 -0.07988333 0.00345343
v -0.04752465 -0.07985271 0.00075178
v -0.01397280 -0.06434325 -0.00352463
v -0.01929442 -0.06892250 -0.00271543
v -0.01877972 -0.06932060 -0.00110934
v -0.02421958 -0.07308441 0.00080963
v -0.02437623 -0.07304022 -0.00045205
v -0.02480215 -0.07258349 -0.00206850
v -0.03073975 -0.07550562 -0.00155214
v -0.01012252 -0.05852763 -0.00561028
v -0.01483854 -0.06363526 -0.00470772
v -0.02004422 -0.06811764 -0.00391564
v -0.02541968 -0.07169342 -0.00328377
v -0.03120712 -0.07454427 -0.00277999
v -0.03742909 -0.07663266 -0.00241096
v -0.03712359 -0.07764601 -0.00117391
v -0.00902996 -0.05441457 -0.00697915
v -0.01039534 -0.05338283 -0.00732235
v -0.01996209 -0.07022747 0.00174710
v -0.02390984 -0.07277486 0.00219726
v -0.03690775 -0.07818845 0.00045769
v -0.04402025 -0.07896188 -0.00094138
v -0.09199831 -0.03434200 -0.01068703
v -0.05200000 0.01091547 -0.01868445
v -0.05613976 0.01072311 -0.01865046
v -0.06427518 0.00919469 -0.01838037
v -0.00554967 0.02399317 -0.02099536
v -0.01229394 0.02120981 -0.02050352
v -0.00554967 0.02120981 -0.02050352
v -0.04876880 0.01079873 -0.01866382
v -0.01079963 -0.03729507 -0.01016520
v -0.00499992 -0.03729507 -0.01016520
v -0.00499992 -0.03875361 -0.00990746
v -0.01100000 -0.02610486 -0.01214261
v -0.01050717 -0.03169320 -0.01115510
v -0.02843598 -0.06900565 -0.00456168
v -0.03205143 -0.07103421 -0.00420321
v -0.01452032 -0.00971268 -0.01503925
v -0.01686566 -0.00632765 -0.01563742
v -0.01100000 0.01830903 -0.01999093
v -0.01899178 -0.00376129 -0.01609091
v -0.01952509 -0.00317632 -0.01619429
v -0.00499992 -0.04506454 -0.00879226
v -0.01199819 -0.04935509 -0.00803409
v -0.01199846 -0.01547076 -0.01402175
v -0.01251130 -0.01329869 -0.01440557
v -0.02186829 -0.06398933 -0.00544810
v -0.02503204 -0.06665137 -0.00497770
v -0.00715335 -0.04864608 -0.00815936
v -0.00772856 -0.04954194 -0.00800107
v -0.01251099 -0.05152717 -0.00765027
v -0.01409608 -0.05442002 -0.00713907
v -0.01637655 -0.05784728 -0.00653345
v -0.01897498 -0.06104697 -0.00596804
v -0.02247325 -0.00028771 -0.01670473
v -0.02502889 0.00182210 -0.01707755
v -0.01134175 0.01990213 -0.02027244
v -0.02568688 0.00231510 -0.01716467
v -0.02913616 0.00460738 -0.01756974
v -0.03202159 0.00619246 -0.01784984
v -0.03278762 0.00656760 -0.01791613
v -0.03661249 0.00818026 -0.01820111
v -0.03972214 0.00919488 -0.01838040
v -0.04057577 0.00942999 -0.01842195
v -0.04463854 0.01030507 -0.01857658
v -0.04785758 0.01072328 -0.01865049
v -0.09199847 -0.01656768 -0.02022558
v -0.09199819 -0.05045201 -0.01423790
v -0.09148535 -0.05262408 -0.01385408
v -0.09148566 -0.01439561 -0.02060940
v -0.07504657 -0.06860984 0.03678018
v -0.07724218 -0.06770431 0.03582807
v -0.07125336 -0.07041895 0.03630777
v -0.09872370 -0.03053756 0.03005198
v -0.09867609 -0.02598368 0.02845564
v -0.09864552 -0.03381284 0.02983913
v -0.09342751 -0.03983629 0.03496550
v -0.09463205 -0.03310745 0.03377645
v -0.09529849 -0.03425181 0.03389858
v -0.06079016 -0.06840845 0.04001447
v -0.06786129 -0.06671129 0.03971457
v -0.06514454 -0.06829011 0.03991443
v -0.06939451 -0.06703067 0.03969195
v -0.06966783 -0.06775928 0.03958861
v -0.09468564 -0.02556068 0.03244287
v -0.09517305 -0.02553254 0.03240745
v -0.09558453 -0.02988830 0.03312735
v -0.06067449 -0.06842868 0.04001804
v -0.06080783 -0.06920148 0.04007561
v -0.06534693 -0.06904167 0.03981506
v -0.06992773 -0.06845544 0.03933690
v -0.09546412 -0.02552079 0.03235772
v -0.09612489 -0.02550906 0.03216024
v -0.09633377 -0.02994869 0.03290522
v -0.09819901 -0.02568639 0.03032853
v -0.09763210 -0.03013807 0.03206177
v -0.09749148 -0.02556985 0.03127051
v -0.09702546 -0.03003288 0.03254633
v -0.09692001 -0.02552716 0.03174029
v -0.09621252 -0.02550919 0.03212454
v -0.06554101 -0.06975982 0.03956709
v -0.07016455 -0.06909333 0.03894421
v -0.06571962 -0.07041806 0.03917780
v -0.07036836 -0.06964627 0.03842724
v -0.06587526 -0.07098885 0.03866414
v -0.07053235 -0.07009568 0.03780371
v -0.06600273 -0.07145303 0.03804329
v -0.07064943 -0.07042215 0.03710049
v -0.06609645 -0.07179021 0.03734211
v -0.05641421 -0.06978597 0.04017987
v -0.06094134 -0.06996830 0.03997904
v -0.05647783 -0.07056277 0.04008579
v -0.06107021 -0.07070146 0.03973369
v -0.05654049 -0.07130600 0.03984261
v -0.06118969 -0.07137401 0.03934680
v -0.05659990 -0.07198840 0.03945751
v -0.06129479 -0.07195781 0.03883553
v -0.05665358 -0.07258140 0.03894780
v -0.06138198 -0.07243330 0.03821665
v -0.05669972 -0.07306518 0.03832994
v -0.06144741 -0.07277931 0.03751699
v -0.05673627 -0.07341799 0.03763081
v -0.09839173 -0.02574521 0.02991865
v -0.09849484 -0.03039566 0.03078808
v -0.09812716 -0.03026074 0.03146703
v -0.05200000 -0.06930501 0.04017290
v -0.08769859 -0.05217814 0.03714642
v -0.08710867 -0.05432576 0.03744631
v -0.08367750 -0.05712522 0.03802062
v -0.08424152 -0.05767090 0.03803760
v -0.07899489 -0.06121863 0.03874396
v -0.08099580 -0.06066677 0.03856718
v -0.07696882 -0.06258636 0.03898565
v -0.07739697 -0.06324433 0.03902267
v -0.07382680 -0.06433377 0.03929444
v -0.07350323 -0.06536097 0.03939677
v -0.09455234 -0.03856545 0.03466104
v -0.09333839 -0.04277504 0.03540489
v -0.09104689 -0.04633041 0.03611308
v -0.09167667 -0.04683301 0.03612201
v -0.08959224 -0.05069691 0.03680494
v -0.07384849 -0.06605727 0.03928765
v -0.07781295 -0.06389923 0.03890618
v -0.08147877 -0.06127189 0.03844192
v -0.08478463 -0.05821998 0.03790233
v -0.08770371 -0.05481483 0.03730031
v -0.09023178 -0.05112208 0.03664759
v -0.09235349 -0.04719032 0.03595257
v -0.09404529 -0.04306093 0.03522284
v -0.09528168 -0.03877693 0.03446586
v -0.09604191 -0.03438707 0.03368980
v -0.07417380 -0.06672319 0.03903067
v -0.07820172 -0.06452717 0.03864262
v -0.08192732 -0.06185481 0.03817056
v -0.08528717 -0.05875221 0.03762209
v -0.08825345 -0.05529235 0.03701050
v -0.09082226 -0.05154110 0.03634755
v -0.09297821 -0.04754711 0.03564162
v -0.09469769 -0.04335228 0.03490044
v -0.09595480 -0.03900020 0.03413156
v -0.09672808 -0.03454053 0.03334316
v -0.07446697 -0.06733393 0.03863339
v -0.07854859 -0.06510467 0.03823970
v -0.08232437 -0.06239364 0.03776107
v -0.08572982 -0.05924756 0.03720517
v -0.08873662 -0.05574031 0.03658544
v -0.09134071 -0.05193813 0.03591373
v -0.09352636 -0.04788993 0.03519845
v -0.09526990 -0.04363817 0.03444743
v -0.09654506 -0.03922700 0.03366830
v -0.09732975 -0.03470669 0.03286930
v -0.07471569 -0.06786390 0.03811221
v -0.07883891 -0.06560752 0.03771353
v -0.08265308 -0.06286582 0.03722928
v -0.08609373 -0.05968530 0.03666710
v -0.08913253 -0.05614004 0.03604048
v -0.09176481 -0.05229673 0.03536131
v -0.09397426 -0.04820468 0.03463811
v -0.09573709 -0.04390703 0.03387881
v -0.09702674 -0.03944839 0.03309114
v -0.09782065 -0.03487930 0.03228344
v -0.07491164 -0.06829529 0.03748552
v -0.07906306 -0.06601877 0.03708328
v -0.08290260 -0.06325535 0.03659515
v -0.08636695 -0.06005053 0.03602872
v -0.08942825 -0.05647781 0.03539728
v -0.09208079 -0.05260443 0.03471281
v -0.09430740 -0.04848027 0.03398396
v -0.09608423 -0.04414915 0.03321872
v -0.09738443 -0.03965610 0.03242493
v -0.09818511 -0.03505161 0.03161104
v -0.05200000 -0.07360421 0.03798199
v -0.05200000 -0.07318014 0.03866780
v -0.05200000 -0.07212904 0.03962329
v -0.05200000 -0.07168857 0.03986241
v -0.05200000 -0.07086814 0.04013930
v -0.05200000 -0.07008929 0.04023321
v -0.05200000 -0.06982538 0.04023012
v -0.07921183 -0.06632143 0.03637578
v -0.08306303 -0.06354655 0.03588551
v -0.08653902 -0.06032887 0.03531680
v -0.08961287 -0.05674062 0.03468262
v -0.09227740 -0.05284962 0.03399500
v -0.09451438 -0.04870645 0.03326278
v -0.09629977 -0.04435562 0.03249398
v -0.09760657 -0.03984246 0.03169654
v -0.09841162 -0.03521710 0.03087903
v -0.06445000 -0.07239424 0.03665683
v -0.05688752 -0.07361530 0.03687260
v -0.05200000 -0.07394421 0.03693072
v -0.07927865 -0.06650286 0.03561576
v -0.08285841 -0.06394747 0.03516420
v -0.08771638 -0.05929962 0.03434288
v -0.08967844 -0.05691803 0.03392204
v -0.09206749 -0.05347342 0.03331334
v -0.09535001 -0.04716919 0.03219932
v -0.09637328 -0.04451800 0.03173083
v -0.09757367 -0.04045903 0.03101358
v -0.07102091 0.01517267 0.02524491
v -0.06166668 0.01967870 0.02444865
v -0.07171086 0.01640467 0.02474200
v -0.06206672 0.02106925 0.02390718
v -0.07234630 0.01742934 0.02365641
v -0.06240328 0.02220208 0.02282175
v -0.07276369 0.01796825 0.02218412
v -0.05691833 0.02178247 0.02407690
v -0.05713673 0.02324421 0.02352159
v -0.05731188 0.02440881 0.02244442
v -0.05200000 0.02345489 0.02378136
v -0.05200000 0.02493989 0.02321786
v -0.05200000 0.02610833 0.02214460
v -0.05200000 0.02645703 0.02157840
v -0.06260894 0.02283760 0.02136345
v -0.05741480 0.02507433 0.02099844
v -0.05200000 0.02677694 0.02070696
v -0.07289529 0.01795635 0.02069103
v -0.06845939 0.02014661 0.02030399
v -0.06264930 0.02287709 0.01982149
v -0.05738085 0.02514397 0.01942091
v -0.05200000 0.02682495 0.01912387
v -0.00000000 0.02420712 -0.02103316
v -0.00000000 0.02120982 -0.02050351
v -0.00554967 0.02410022 -0.02101362
v -0.00554967 0.02420715 -0.02103317
v -0.00554966 0.02583259 -0.02106901
v -0.00554967 0.02449116 -0.02106949
v -0.02877908 0.02212166 -0.01984335
v -0.02878170 0.02391262 -0.01887005
v -0.02878728 0.02609585 -0.01527399
v -0.02878452 0.02534533 -0.01724412
v -0.00554965 0.02714251 -0.02078502
v -0.00554964 0.02941883 -0.01942779
v -0.00554964 0.03043714 -0.01814986
v -0.00554964 0.03088365 -0.01722926
v -0.00554964 0.03117708 -0.01617187
v -0.00500000 -0.02377727 0.03165210
v -0.00500000 -0.02161511 0.03174569
v -0.00500000 -0.03741387 0.03453748
v -0.00500000 -0.02569736 0.03065364
v -0.00500000 -0.04907876 0.03285537
v -0.00500000 -0.03411645 0.02066302
v -0.00500000 -0.03396798 0.02112287
v -0.00500000 -0.03189058 0.01936227
v -0.00500000 -0.03329280 0.01961006
v -0.00500000 -0.02881560 0.01344995
v -0.00500000 -0.03403196 0.02018724
v -0.00500000 -0.05511206 -0.00128689
v -0.00500000 -0.03373424 0.01980663
v -0.00499940 -0.05514654 -0.00171178
v -0.00499305 -0.05500565 -0.00304776
v -0.00500110 -0.05349108 -0.00540864
v -0.00499941 -0.05208772 -0.00642806
v -0.00500000 -0.03913189 -0.00771937
v -0.00500009 -0.05139337 -0.00682091
v -0.00500007 -0.04990752 -0.00752378
v -0.00499939 -0.04735209 -0.00834191
v -0.00500000 -0.03915001 -0.00820225
v -0.00500000 -0.03799724 -0.00701245
v -0.00500000 -0.03847931 -0.00704583
v -0.00500000 -0.03888945 -0.00730135
v -0.00499869 -0.05449877 -0.00423774
v -0.00500000 -0.03021088 0.02621646
v -0.00500000 -0.04129576 0.03522341
v -0.00499741 -0.04264588 0.03539615
v -0.00499757 -0.04459292 0.03539613
v -0.00500000 -0.03659502 -0.00726023
v -0.00500000 -0.03168002 -0.00275981
v -0.00500000 -0.03167796 0.00278330
v -0.00500000 -0.03071339 0.00824183
v -0.00500000 -0.02842240 0.01531642
v -0.00500000 -0.02889527 0.01716432
v -0.00500000 -0.03013668 0.01861250
v -0.00499789 -0.04858936 0.03372402
v -0.00499670 -0.04766971 0.03449647
v -0.00499932 -0.04630184 0.03508736
v -0.00500000 -0.03469038 -0.00715695
v -0.00500000 -0.03302784 -0.00622193
v -0.00500000 -0.03195030 -0.00464800
v -0.01100000 -0.02660264 -0.01495964
v -0.01100000 -0.02286739 -0.01863686
v -0.01100000 -0.02005487 -0.02163451
v -0.01100000 0.01766689 -0.02362479
v -0.01100000 0.01223892 -0.02684136
v -0.01100000 0.00565077 -0.02895374
v -0.01100000 -0.00124820 -0.02947358
v -0.01100000 -0.01446448 -0.02571048
v -0.01100000 -0.00807851 -0.02837231
v -0.01055492 -0.03451401 -0.01082960
v -0.01092724 -0.02703561 -0.01462592
v -0.01064016 -0.02934546 -0.01308763
v -0.01050737 -0.03180446 -0.01183200
v -0.02361459 -0.05892707 0.03833902
v -0.02165033 -0.05995073 0.03851992
v -0.02028806 -0.05637164 0.03788745
v -0.01833523 -0.05731013 0.03805330
v -0.01705579 -0.05344057 0.03736951
v -0.01596947 -0.05514793 0.03767122
v -0.01365501 -0.04981162 0.03672824
v -0.01325988 -0.05235510 0.03717769
v -0.01039314 -0.04572815 0.03600669
v -0.01058951 -0.04923380 0.03662613
v -0.00812058 -0.04248661 0.03543384
v -0.05200000 -0.06733482 0.03982475
v -0.05151096 -0.06735688 0.03982865
v -0.05153800 -0.06932604 0.04017662
v -0.05102188 -0.06737760 0.03983231
v -0.05107595 -0.06934510 0.04017999
v -0.04751348 -0.06726301 0.03981206
v -0.04958196 -0.06932579 0.04017657
v -0.04323770 -0.06680119 0.03973045
v -0.04394522 -0.06888904 0.04009940
v -0.04221038 -0.06863062 0.04005373
v -0.03911010 -0.06598914 0.03958696
v -0.03695033 -0.06745677 0.03984630
v -0.03508599 -0.06480879 0.03937838
v -0.03500925 -0.06686314 0.03974140
v -0.03117726 -0.06325708 0.03910418
v -0.03025432 -0.06500499 0.03941305
v -0.02736118 -0.06131002 0.03876011
v -0.02807049 -0.06394344 0.03922546
v -0.02401360 -0.06158118 0.03880803
v -0.00554966 0.02526877 -0.02103001
v -0.00554969 0.03411761 0.02188079
v -0.00554970 0.03375464 0.02196130
v -0.00554969 0.03397546 0.02111086
v -0.00554970 0.03368437 0.02197372
v -0.00554970 0.03338958 0.02202581
v -0.00554965 0.02768388 -0.01859838
v -0.00554969 0.03453627 0.02018034
v -0.00554967 0.03709355 0.01730931
v -0.00554967 0.03712009 0.01849660
v -0.00554966 0.02733214 -0.01957048
v -0.00554966 0.02646166 -0.02052813
v -0.00554966 0.02589261 -0.02084417
v -0.00554967 0.03679227 0.01963638
v -0.00554968 0.03610017 0.02067766
v -0.00554969 0.03523226 0.02139660
v -0.01111090 0.01877167 -0.02274801
v -0.01157245 0.02012559 -0.02156075
v -0.02836020 0.02876719 0.02284263
v -0.04034062 0.02614545 0.02330591
v -0.04605644 0.02487683 0.02353009
v -0.00000000 -0.00355396 -0.01457290
v -0.00000000 -0.00809321 -0.01262933
v -0.00000000 -0.01446448 -0.02571048
v -0.00000000 -0.03195030 -0.00464800
v -0.00000000 -0.03302784 -0.00622193
v -0.00000000 -0.00807851 -0.02837231
v -0.00000000 -0.00124820 -0.02947358
v -0.00000000 0.00137042 -0.01493727
v -0.00000000 0.00565077 -0.02895374
v -0.00000000 0.00614628 -0.01368295
v -0.00000000 -0.03329280 0.01961006
v -0.00000000 -0.03189058 0.01936227
v -0.00000000 -0.03021088 0.02621646
v -0.00000000 -0.03469038 -0.00715695
v -0.00000000 -0.03268997 -0.01146326
v -0.00000000 0.01223892 -0.02684136
v -0.00000000 0.01815391 -0.02325265
v -0.00000000 0.01025611 -0.01094588
v -0.00000000 0.01325453 -0.00702264
v -0.00000000 -0.02569736 0.03065364
v -0.00000000 -0.03013668 0.01861250
v -0.00000000 -0.02377727 0.03165210
v -0.00000000 0.00110687 0.01495910
v -0.00000000 0.00590411 0.01378918
v -0.00000000 0.03338958 0.02202581
v -0.00000000 0.01006155 0.01112499
v -0.00000000 0.03453625 0.02018037
v -0.00000000 0.01312866 0.00725522
v -0.00000000 0.01477308 0.00259924
v -0.00000000 0.01481661 -0.00233840
v -0.00000000 -0.03208675 -0.01170992
v -0.00000000 -0.02990826 -0.01276824
v -0.00000000 -0.02731608 -0.01441792
v -0.00000000 -0.01175544 -0.00931718
v -0.00000000 -0.01414377 -0.00499536
v -0.00000000 -0.03168002 -0.00275981
v -0.00000000 -0.01499942 -0.00013222
v -0.00000000 -0.03167796 0.00278330
v -0.00000000 -0.01422964 0.00474524
v -0.00000000 -0.00831460 0.01248469
v -0.00000000 -0.02842240 0.01531642
v -0.00000000 -0.01191786 0.00910849
v -0.00000000 -0.02881560 0.01344995
v -0.00000000 -0.03071339 0.00824183
v -0.00000000 -0.02667317 -0.01490425
v -0.00000000 -0.02495592 -0.01638526
v -0.00000000 -0.02286740 -0.01863685
v -0.00000000 -0.02005487 -0.02163451
v -0.00000000 -0.03403196 0.02018724
v -0.00000000 -0.03373424 0.01980663
v -0.00000000 -0.03411645 0.02066302
v -0.00000000 -0.03396798 0.02112287
v -0.00000000 -0.00381032 0.01450798
v -0.00000000 -0.02889527 0.01716432
v -0.00000000 -0.02161512 0.03174565
v -0.00000000 -0.03888945 -0.00730135
v -0.00000000 -0.03913189 -0.00771937
v -0.00000000 -0.03847931 -0.00704583
v -0.00000000 -0.03915001 -0.00820225
v -0.00000000 -0.03799724 -0.00701245
v -0.00000000 -0.03875361 -0.00990745
v -0.00000000 -0.03659502 -0.00726023
v -0.00000000 -0.03729508 -0.01016519
v -0.00000000 -0.03561561 -0.01052437
v -0.00000000 0.02456810 -0.02107460
v -0.00000000 0.02526874 -0.02103000
v -0.00000000 0.02597125 -0.02080972
v -0.00000000 0.02646163 -0.02052812
v -0.00000000 0.02768339 -0.01860096
v -0.00000000 0.02709348 -0.01992555
v -0.00500000 0.03338958 0.02202581
v -0.05157480 -0.07396265 0.03693398
v -0.05165124 -0.07362238 0.03798614
v -0.05108925 -0.07009378 0.04024069
v -0.05149933 -0.06943863 0.04019500
v -0.05110249 -0.07087757 0.04015258
v -0.05155535 -0.07084465 0.04015367
v -0.05111450 -0.07162898 0.03991238
v -0.05160381 -0.07214762 0.03962873
v -0.05112486 -0.07231867 0.03952934
v -0.05162596 -0.07278880 0.03912970
v -0.05113324 -0.07291979 0.03901838
v -0.05113940 -0.07340892 0.03839937
v -0.05114315 -0.07376702 0.03769651
v -0.05114442 -0.07398020 0.03693708
v -0.00562288 -0.05000526 0.03270048
v -0.01138264 -0.05686036 0.03391185
v -0.01575456 -0.06101660 0.03464629
v -0.01728509 -0.06228961 0.03487124
v -0.02187539 -0.06560685 0.03545743
v -0.02342206 -0.06656998 0.03562763
v -0.02864409 -0.06930730 0.03611134
v -0.03056874 -0.07013184 0.03625704
v -0.03591848 -0.07195915 0.03657994
v -0.03793529 -0.07248201 0.03667234
v -0.04349002 -0.07349914 0.03685207
v -0.04552608 -0.07372642 0.03689224
v -0.03508502 0.03063510 0.01845058
v -0.01158981 0.03577269 0.01754271
v -0.00605776 -0.05571913 -0.00445926
v -0.00679645 -0.05581373 -0.00527820
v -0.00631338 -0.05439807 -0.00596551
v -0.00726638 -0.05433556 -0.00652706
v -0.00831014 -0.05420179 -0.00690757
v -0.00769150 -0.05106497 -0.00771844
v -0.00940654 -0.05402331 -0.00713758
v -0.00547887 -0.05550956 -0.00351889
v -0.00549097 -0.05435908 -0.00521512
v -0.00563229 -0.05135764 -0.00719073
v -0.00662718 -0.05124447 -0.00755255
v -0.00564386 -0.04976709 0.03345550
v -0.01038885 -0.05554704 0.03447687
v -0.04386062 -0.06963311 0.04015929
v -0.02995375 -0.06569166 0.03946280
v -0.03675791 -0.06818078 0.03990265
v -0.02361427 -0.06221620 0.03884865
v -0.01785315 -0.05788553 0.03808338
v -0.01271282 -0.05286963 0.03719703
v -0.00817589 -0.04733365 0.03621877
v -0.01580479 -0.06082153 0.03540892
v -0.02191702 -0.06540556 0.03621896
v -0.02867546 -0.06910063 0.03687191
v -0.03593861 -0.07174857 0.03733983
v -0.04349894 -0.07328645 0.03761159
v -0.04352533 -0.07292982 0.03831471
v -0.03599820 -0.07139817 0.03804405
v -0.02876835 -0.06876177 0.03757818
v -0.02204030 -0.06508265 0.03692804
v -0.01595352 -0.06051702 0.03612125
v -0.01055757 -0.05526131 0.03519252
v -0.00582767 -0.04949907 0.03417428
v -0.04356813 -0.07244306 0.03893414
v -0.03609490 -0.07092151 0.03866526
v -0.02891911 -0.06830385 0.03820270
v -0.02224039 -0.06465062 0.03755714
v -0.01619496 -0.06011486 0.03675563
v -0.01083146 -0.05488963 0.03583228
v -0.00612605 -0.04915614 0.03481912
v -0.04362560 -0.07184511 0.03944566
v -0.03622488 -0.07033714 0.03917919
v -0.02912181 -0.06774466 0.03872107
v -0.02250948 -0.06412627 0.03808167
v -0.01651967 -0.05963067 0.03728725
v -0.01119983 -0.05444643 0.03637115
v -0.00652738 -0.04875161 0.03536482
v -0.04369543 -0.07115926 0.03982938
v -0.03638300 -0.06966780 0.03956582
v -0.02936849 -0.06710599 0.03911313
v -0.02283700 -0.06352996 0.03848121
v -0.01691493 -0.05908325 0.03769544
v -0.01164827 -0.05394891 0.03678815
v -0.00701596 -0.04830116 0.03579014
v -0.04377482 -0.07041222 0.04007034
v -0.03656304 -0.06893954 0.03981011
v -0.02964948 -0.06641264 0.03936358
v -0.02321013 -0.06288489 0.03874020
v -0.01736530 -0.05849389 0.03796426
v -0.01215926 -0.05341640 0.03706703
v -0.00757272 -0.04782230 0.03607849
v -0.04116725 0.02932117 0.01993798
v -0.02918498 0.03194330 0.01947462
v -0.02906180 0.03159116 0.02066920
v -0.02886994 0.03089445 0.02169096
v -0.02862819 0.02992138 0.02243987
v -0.04104380 0.02896908 0.02113255
v -0.04085151 0.02827247 0.02215428
v -0.04060921 0.02729951 0.02290317
v -0.00497086 0.02768342 -0.01860097
v -0.07215509 0.01456206 0.02535281
v -0.07239529 0.01497608 0.02524920
v -0.07398099 0.01731018 0.02231036
v -0.07388602 0.01721653 0.02274719
v -0.07346033 0.01666433 0.02395662
v -0.07325587 0.01636378 0.02433777
v -0.07287128 0.01576415 0.02486117
v -0.07405846 0.01736149 0.02181234
v -0.07412107 0.01729639 0.02080765
v -0.09672870 -0.01935534 0.03017235
v -0.09136039 -0.00950033 0.02960486
v -0.09087142 -0.00812448 0.02936173
v -0.09222558 -0.00768680 0.02901088
v -0.07630041 0.01511412 0.02408127
v -0.07876037 0.01436555 0.02132556
v -0.07679591 0.01561960 0.02260910
v -0.07623957 0.01199326 0.02580674
v -0.08978693 -0.00202206 0.02800987
v -0.08852229 -0.00266260 0.02839657
v -0.08849218 -0.00260221 0.02838590
v -0.08832224 0.00069389 0.02752994
v -0.08547211 0.00256577 0.02747266
v -0.08667272 0.00331227 0.02706724
v -0.08514983 0.00303153 0.02739036
v -0.08481418 0.00582464 0.02662329
v -0.08169450 0.00727206 0.02664102
v -0.08274954 0.00819449 0.02620451
v -0.08119997 0.00778367 0.02655061
v -0.08050445 0.01037236 0.02581966
v -0.07721885 0.01127343 0.02593394
v -0.07809954 0.01235129 0.02546997
v -0.07554825 0.01414141 0.02515364
v -0.09537810 -0.01942897 0.03108583
v -0.09266942 -0.01381302 0.03036695
v -0.09406471 -0.01349830 0.03003783
v -0.09354064 -0.01746070 0.03101153
v -0.09395571 -0.01962216 0.03139348
v -0.09538949 -0.01330931 0.02910396
v -0.09351309 -0.00738038 0.02805626
v -0.09101621 -0.00158106 0.02703147
v -0.08951067 0.00121055 0.02653816
v -0.08781021 0.00390966 0.02606121
v -0.08588911 0.00650647 0.02560232
v -0.08375120 0.00896041 0.02516869
v -0.08142508 0.01121648 0.02477002
v -0.07893562 0.01326476 0.02440807
v -0.09789283 -0.01965354 0.02733705
v -0.09761841 -0.01944215 0.02880484
v -0.09752174 -0.01768906 0.02698991
v -0.09653758 -0.01350668 0.02625084
v -0.09626221 -0.01332012 0.02772302
v -0.09538422 -0.00963840 0.02556728
v -0.09436125 -0.00731384 0.02666165
v -0.09462887 -0.00747599 0.02518516
v -0.09209019 -0.00157741 0.02414283
v -0.09182601 -0.00142585 0.02562119
v -0.09054047 0.00129708 0.02363488
v -0.09029356 0.00141559 0.02511908
v -0.08879597 0.00406621 0.02314555
v -0.08855954 0.00416788 0.02463272
v -0.08852755 0.00445561 0.02307674
v -0.08659723 0.00682031 0.02416402
v -0.08682141 0.00673680 0.02267363
v -0.08406828 0.00983320 0.02212647
v -0.08441105 0.00932965 0.02372059
v -0.08222470 0.01158888 0.02181622
v -0.08203155 0.01163723 0.02331282
v -0.07948640 0.01373119 0.02294280
v -0.05548269 0.00458579 0.02711571
v -0.05200000 0.00478553 0.02708041
v -0.08073966 -0.01628384 0.03080357
v -0.08194924 -0.02303894 0.03199726
v -0.06226051 0.00300395 0.02739523
v -0.06848519 -0.00007448 0.02793922
v -0.07128371 -0.04738741 0.03629986
v -0.07606376 -0.04239812 0.03541820
v -0.07954653 -0.03645778 0.03436849
v -0.07798071 -0.00998553 0.02969059
v -0.07382114 -0.00448354 0.02871834
v -0.06546406 -0.05115668 0.03696593
v -0.05891857 -0.05350272 0.03738049
v -0.05200000 -0.05429906 0.03752121
v -0.08154425 -0.02988663 0.03320730
v -0.02601919 -0.00998569 0.02969065
v -0.05125577 0.00477644 0.02708202
v -0.04851712 0.00458577 0.02711572
v -0.04173930 0.00300388 0.02739526
v -0.03551465 -0.00007458 0.02793925
v -0.03017872 -0.00448367 0.02871838
v -0.02326029 -0.01628403 0.03080363
v -0.02205075 -0.02303912 0.03199732
v -0.02245578 -0.02988682 0.03320736
v -0.02445356 -0.03645796 0.03436854
v -0.02793636 -0.04239827 0.03541825
v -0.03271645 -0.04738753 0.03629990
v -0.03853611 -0.05115677 0.03696595
v -0.04508162 -0.05350276 0.03738050
v -0.04890839 -0.05414177 0.03749342
v -0.01899179 -0.00485759 -0.02229486
v -0.01412409 -0.01145608 -0.02112885
v -0.07197563 0.00509576 -0.02405371
v -0.07896826 0.00072531 -0.02328141
v -0.01412373 -0.05556239 -0.01333485
v -0.01251130 -0.01439498 -0.02060952
v -0.01199846 -0.01656705 -0.02022569
v -0.08987293 -0.01145667 -0.02112874
v -0.01199819 -0.05045138 -0.01423801
v -0.01899132 -0.06216096 -0.01216882
v -0.08987257 -0.05556298 -0.01333474
v -0.02502839 -0.06774437 -0.01118218
v -0.03202102 -0.07211483 -0.01040988
v -0.03972147 -0.07511745 -0.00987929
v -0.08500533 -0.00485811 -0.02229477
v -0.01251099 -0.05262346 -0.01385418
v -0.06427518 0.00809840 -0.02458431
v -0.05613976 0.00962682 -0.02485439
v -0.04785759 0.00962689 -0.02485441
v -0.03972214 0.00809859 -0.02458434
v -0.07197501 -0.07211514 -0.01040982
v -0.07896771 -0.06774480 -0.01118210
v -0.06427451 -0.07511766 -0.00987925
v -0.05613906 -0.07664595 -0.00960919
v -0.04785689 -0.07664588 -0.00960920
v -0.08500487 -0.06216148 -0.01216873
v -0.03202165 0.00509608 -0.02405377
v -0.02502895 0.00072573 -0.02328148
v -0.01000000 0.01477308 0.00259924
v -0.01000000 0.01312866 0.00725522
v -0.01000000 0.01006155 0.01112499
v -0.01000000 0.00590411 0.01378918
v -0.01000000 0.00110687 0.01495910
v -0.01000000 -0.00381032 0.01450798
v -0.01000000 -0.00831460 0.01248469
v -0.01000000 -0.01191786 0.00910849
v -0.01000000 -0.01422964 0.00474524
v -0.01000000 -0.01499942 -0.00013222
v -0.01000000 -0.01414377 -0.00499536
v -0.01000000 -0.01175544 -0.00931718
v -0.01000000 -0.00809321 -0.01262933
v -0.01000000 -0.00355396 -0.01457290
v -0.01000000 0.00137042 -0.01493727
v -0.01000000 0.00614628 -0.01368295
v -0.01000000 0.01025611 -0.01094588
v -0.01000000 0.01325453 -0.00702264
v -0.01000000 0.01481661 -0.00233840
v -0.01000000 -0.00000000 0.00000000
v -0.05446887 -0.01006526 0.03041553
v -0.06226051 0.00312576 0.02808456
v -0.05913917 -0.01164409 0.03069453
v -0.06848519 0.00004733 0.02862854
v -0.06303583 -0.01463069 0.03122228
v -0.07382114 -0.00436173 0.02940767
v -0.06573658 -0.01870141 0.03194162
v -0.03705123 -0.02341521 0.03277459
v -0.02326029 -0.01616222 0.03149292
v -0.03826338 -0.01870149 0.03194163
v -0.02601919 -0.00986389 0.03037995
v -0.04096411 -0.01463076 0.03122230
v -0.03017872 -0.00436187 0.02940769
v -0.04486075 -0.01164414 0.03069453
v -0.03944253 -0.03271405 0.03441778
v -0.02445356 -0.03633615 0.03505784
v -0.03745901 -0.02826110 0.03363091
v -0.02245578 -0.02976502 0.03389666
v -0.02205075 -0.02291732 0.03268661
v -0.04712955 -0.03860578 0.03545890
v -0.03853611 -0.05103496 0.03765526
v -0.04278685 -0.03629149 0.03504995
v -0.03271645 -0.04726573 0.03698920
v -0.02793636 -0.04227647 0.03610755
v -0.06121323 -0.03629144 0.03504994
v -0.06546406 -0.05103487 0.03765524
v -0.05687054 -0.03860575 0.03545890
v -0.05891857 -0.05338091 0.03806981
v -0.05200005 -0.03940610 0.03560033
v -0.05200009 -0.05417725 0.03821053
v -0.04508162 -0.05338096 0.03806982
v -0.06654102 -0.02826101 0.03363089
v -0.07954653 -0.03633597 0.03505781
v -0.06455753 -0.03271397 0.03441777
v -0.07606376 -0.04227631 0.03610752
v -0.07128371 -0.04726561 0.03698918
v -0.07798071 -0.00986372 0.03037992
v -0.08073966 -0.01616203 0.03149289
v -0.06694876 -0.02341511 0.03277458
v -0.08194924 -0.02291713 0.03268658
v -0.08154425 -0.02976482 0.03389663
v -0.03551465 0.00004722 0.02862856
v -0.04173930 0.00312570 0.02808456
v -0.04953103 -0.01006527 0.03041553
v -0.04851712 0.00470758 0.02780503
v -0.05199995 -0.00986380 0.03037993
v -0.05199990 0.00490734 0.02776973
v -0.05548269 0.00470760 0.02780503
v -0.04278685 -0.03641330 0.03436063
v -0.03944253 -0.03283586 0.03372846
v -0.03745901 -0.02838291 0.03294159
v -0.03705123 -0.02353702 0.03208527
v -0.03826338 -0.01882331 0.03125231
v -0.04096411 -0.01475257 0.03053298
v -0.04486075 -0.01176595 0.03000521
v -0.04953103 -0.01018708 0.02972621
v -0.05066530 -0.01004420 0.02970096
v -0.04712955 -0.03872759 0.03476959
v -0.04949887 -0.03932112 0.03487447
v -0.05200005 -0.04039798 0.02998729
v -0.05687054 -0.03959762 0.02984586
v -0.06121323 -0.03728331 0.02943690
v -0.06455753 -0.03370584 0.02880473
v -0.06654102 -0.02925288 0.02801785
v -0.06694876 -0.02440699 0.02716154
v -0.06573658 -0.01969328 0.02632858
v -0.06303583 -0.01562257 0.02560925
v -0.05913917 -0.01263597 0.02508149
v -0.05446887 -0.01105713 0.02480249
v -0.05199995 -0.01085568 0.02476690
v -0.04953103 -0.01105715 0.02480249
v -0.04486075 -0.01263602 0.02508150
v -0.04096411 -0.01562264 0.02560926
v -0.03826338 -0.01969337 0.02632860
v -0.03705123 -0.02440709 0.02716156
v -0.03745901 -0.02925298 0.02801787
v -0.03944253 -0.03370592 0.02880475
v -0.04278685 -0.03728337 0.02943691
v -0.04712955 -0.03959765 0.02984587
v -0.05200000 -0.02562683 0.02737709
f 1 2 3
f 4 5 6
f 7 8 9
f 10 11 12
f 13 14 15
f 16 17 18
f 13 15 11
f 10 12 8
f 6 19 20
f 5 21 6
f 6 21 22
f 6 22 19
f 4 6 23
f 23 6 24
f 23 24 25
f 25 24 26
f 25 26 27
f 27 26 28
f 27 28 29
f 29 28 30
f 30 28 31
f 30 31 32
f 33 34 35
f 35 34 36
f 35 36 37
f 37 36 38
f 37 38 31
f 31 38 39
f 31 39 32
f 40 41 42
f 42 41 43
f 42 43 33
f 33 43 44
f 33 44 34
f 40 42 45
f 45 42 46
f 45 46 47
f 47 46 48
f 47 48 49
f 49 48 50
f 49 50 51
f 52 53 54
f 54 53 55
f 54 55 50
f 50 55 56
f 50 56 51
f 57 58 59
f 59 58 60
f 59 60 61
f 61 60 62
f 61 62 52
f 52 62 63
f 52 63 53
f 57 59 64
f 64 59 65
f 64 65 66
f 66 65 67
f 66 67 68
f 68 67 69
f 68 69 70
f 71 72 73
f 73 72 74
f 73 74 75
f 76 77 78
f 79 80 81
f 81 80 82
f 83 84 85
f 85 86 83
f 83 86 87
f 83 87 88
f 88 87 89
f 88 89 90
f 91 92 84
f 84 83 91
f 91 83 88
f 91 88 93
f 93 88 90
f 93 90 94
f 94 90 95
f 94 95 96
f 96 95 97
f 96 97 98
f 98 97 99
f 98 99 100
f 100 99 101
f 100 101 102
f 102 101 103
f 102 103 104
f 104 103 105
f 104 105 106
f 106 105 107
f 106 107 108
f 108 107 109
f 108 109 110
f 110 109 111
f 110 111 112
f 112 111 113
f 112 113 114
f 114 113 115
f 114 115 116
f 116 115 117
f 116 117 118
f 118 117 119
f 118 119 120
f 120 119 121
f 120 121 122
f 121 123 122
f 122 123 124
f 122 124 125
f 125 124 126
f 125 126 127
f 128 129 126
f 126 129 130
f 126 130 127
f 131 132 133
f 133 132 134
f 133 134 135
f 135 134 136
f 135 136 137
f 137 136 129
f 137 129 138
f 138 129 128
f 139 140 131
f 131 140 141
f 131 141 132
f 132 141 142
f 7 9 20
f 20 9 143
f 20 143 6
f 6 143 144
f 6 144 24
f 24 144 145
f 24 145 26
f 26 145 146
f 26 146 28
f 28 146 147
f 28 147 31
f 31 147 148
f 31 148 37
f 37 148 149
f 37 149 35
f 35 149 150
f 35 150 33
f 33 150 151
f 33 151 42
f 42 151 152
f 42 152 46
f 46 152 153
f 46 153 48
f 48 153 154
f 48 154 50
f 50 154 155
f 50 155 54
f 54 155 156
f 54 156 52
f 52 156 157
f 52 157 61
f 61 157 158
f 61 158 59
f 59 158 159
f 59 159 65
f 65 159 75
f 65 75 67
f 67 75 74
f 67 74 69
f 8 12 9
f 9 12 160
f 9 160 143
f 143 160 161
f 143 161 144
f 144 161 162
f 144 162 145
f 145 162 163
f 145 163 146
f 146 163 164
f 146 164 147
f 147 164 165
f 147 165 148
f 148 165 166
f 148 166 149
f 149 166 167
f 149 167 150
f 150 167 168
f 150 168 151
f 151 168 169
f 151 169 152
f 152 169 170
f 152 170 153
f 153 170 171
f 153 171 154
f 154 171 172
f 154 172 155
f 155 172 173
f 155 173 156
f 156 173 174
f 156 174 157
f 157 174 175
f 157 175 158
f 158 175 176
f 158 176 159
f 159 176 177
f 159 177 75
f 75 177 76
f 75 76 73
f 73 76 78
f 73 78 71
f 11 15 12
f 12 15 178
f 12 178 160
f 160 178 179
f 160 179 161
f 161 179 180
f 161 180 162
f 162 180 181
f 162 181 163
f 163 181 182
f 163 182 164
f 164 182 183
f 164 183 165
f 165 183 184
f 165 184 166
f 166 184 185
f 166 185 167
f 167 185 186
f 167 186 168
f 168 186 187
f 168 187 169
f 169 187 188
f 169 188 170
f 170 188 189
f 170 189 171
f 171 189 190
f 171 190 172
f 172 190 191
f 172 191 173
f 173 191 192
f 173 192 174
f 174 192 193
f 174 193 175
f 175 193 194
f 175 194 176
f 176 194 195
f 176 195 177
f 177 195 80
f 177 80 76
f 76 80 79
f 76 79 77
f 2 82 3
f 3 82 80
f 3 80 196
f 196 80 195
f 196 195 197
f 197 195 194
f 197 194 198
f 198 194 193
f 198 193 199
f 199 193 192
f 199 192 200
f 200 192 191
f 200 191 201
f 201 191 190
f 201 190 202
f 202 190 189
f 202 189 203
f 203 189 188
f 203 188 204
f 204 188 187
f 204 187 205
f 205 187 186
f 205 186 206
f 206 186 185
f 206 185 207
f 207 185 184
f 207 184 208
f 208 184 183
f 208 183 209
f 209 183 182
f 209 182 210
f 210 182 181
f 210 181 211
f 211 181 180
f 211 180 212
f 212 180 179
f 212 179 213
f 213 179 178
f 213 178 214
f 214 178 15
f 214 15 215
f 215 15 14
f 215 14 18
f 18 14 216
f 18 216 16
f 139 131 217
f 217 131 133
f 217 133 17
f 17 133 135
f 17 135 18
f 18 135 137
f 18 137 215
f 215 137 138
f 215 138 214
f 214 138 128
f 214 128 213
f 213 128 126
f 213 126 212
f 212 126 124
f 212 124 211
f 211 124 123
f 211 123 210
f 210 123 121
f 210 121 209
f 209 121 119
f 209 119 208
f 208 119 117
f 208 117 207
f 207 117 115
f 207 115 206
f 206 115 113
f 206 113 205
f 205 113 111
f 205 111 204
f 204 111 109
f 204 109 203
f 203 109 107
f 203 107 202
f 202 107 105
f 202 105 201
f 201 105 103
f 201 103 200
f 200 103 101
f 200 101 199
f 199 101 99
f 199 99 198
f 198 99 97
f 198 97 197
f 197 97 95
f 197 95 196
f 196 95 90
f 196 90 3
f 3 90 89
f 3 89 1
f 218 219 220
f 221 222 223
f 224 225 226
f 226 225 227
f 228 229 230
f 230 229 231
f 230 231 232
f 224 233 225
f 225 233 234
f 225 234 235
f 228 230 223
f 223 230 236
f 223 236 221
f 235 237 225
f 225 237 238
f 225 238 239
f 232 240 230
f 230 240 241
f 230 241 242
f 242 241 243
f 242 243 219
f 243 244 219
f 219 244 245
f 219 245 246
f 227 225 247
f 247 225 248
f 247 248 220
f 220 248 249
f 220 249 250
f 246 251 219
f 219 251 252
f 219 252 220
f 250 253 220
f 220 253 254
f 220 254 218
f 21 5 255
f 255 5 256
f 5 4 256
f 256 4 23
f 256 23 257
f 29 258 27
f 27 258 257
f 27 257 25
f 25 257 23
f 29 30 258
f 258 30 32
f 258 32 259
f 36 260 38
f 38 260 259
f 38 259 39
f 39 259 32
f 36 34 260
f 260 34 44
f 260 44 261
f 44 43 261
f 261 43 41
f 261 41 262
f 41 40 262
f 262 40 45
f 262 45 263
f 51 264 49
f 49 264 263
f 49 263 47
f 47 263 45
f 51 56 264
f 264 56 55
f 264 55 265
f 55 53 265
f 265 53 63
f 265 63 266
f 58 267 60
f 60 267 266
f 60 266 62
f 62 266 63
f 58 57 267
f 267 57 64
f 267 64 268
f 70 269 68
f 68 269 268
f 68 268 66
f 66 268 64
f 270 271 272
f 273 274 275
f 276 277 278
f 279 280 281
f 282 283 284
f 285 286 287
f 140 288 141
f 141 288 289
f 141 289 142
f 288 290 289
f 289 290 291
f 289 291 292
f 292 291 293
f 292 293 294
f 294 293 295
f 294 295 296
f 296 295 297
f 296 297 298
f 298 297 299
f 299 297 300
f 299 300 301
f 301 300 302
f 301 302 303
f 303 302 304
f 303 304 305
f 305 304 306
f 305 306 307
f 307 306 308
f 307 308 309
f 309 308 310
f 309 310 311
f 311 310 312
f 311 312 313
f 312 314 313
f 313 314 315
f 313 315 316
f 316 315 317
f 316 317 318
f 318 317 319
f 318 319 320
f 320 319 321
f 320 321 322
f 322 321 323
f 322 323 324
f 324 323 325
f 325 323 326
f 325 326 327
f 327 326 328
f 327 328 329
f 329 328 330
f 329 330 331
f 331 330 332
f 331 332 333
f 333 332 334
f 333 334 335
f 335 334 336
f 335 336 337
f 336 338 337
f 337 338 84
f 337 84 92
f 282 284 280
f 279 281 277
f 275 339 340
f 274 341 275
f 275 341 342
f 275 342 339
f 273 275 343
f 343 275 344
f 343 344 345
f 345 344 346
f 345 346 347
f 347 346 348
f 347 348 349
f 349 348 350
f 350 348 351
f 350 351 352
f 353 354 355
f 355 354 356
f 355 356 357
f 357 356 358
f 357 358 351
f 351 358 359
f 351 359 352
f 360 361 362
f 362 361 363
f 362 363 353
f 353 363 364
f 353 364 354
f 360 362 365
f 365 362 366
f 365 366 367
f 367 366 368
f 367 368 369
f 369 368 370
f 369 370 371
f 372 373 374
f 374 373 375
f 374 375 370
f 370 375 376
f 370 376 371
f 377 378 379
f 379 378 380
f 379 380 381
f 381 380 382
f 381 382 372
f 372 382 383
f 372 383 373
f 377 379 384
f 384 379 385
f 384 385 386
f 386 385 387
f 386 387 388
f 388 387 389
f 388 389 390
f 391 392 393
f 393 392 394
f 393 394 395
f 396 397 398
f 399 400 401
f 401 400 402
f 140 403 288
f 288 403 404
f 288 404 290
f 290 404 405
f 290 405 291
f 276 278 340
f 340 278 406
f 340 406 275
f 275 406 407
f 275 407 344
f 344 407 408
f 344 408 346
f 346 408 409
f 346 409 348
f 348 409 410
f 348 410 351
f 351 410 411
f 351 411 357
f 357 411 412
f 357 412 355
f 355 412 413
f 355 413 353
f 353 413 414
f 353 414 362
f 362 414 415
f 362 415 366
f 366 415 416
f 366 416 368
f 368 416 417
f 368 417 370
f 370 417 418
f 370 418 374
f 374 418 419
f 374 419 372
f 372 419 420
f 372 420 381
f 381 420 421
f 381 421 379
f 379 421 422
f 379 422 385
f 385 422 395
f 385 395 387
f 387 395 394
f 387 394 389
f 277 281 278
f 278 281 423
f 278 423 406
f 406 423 424
f 406 424 407
f 407 424 425
f 407 425 408
f 408 425 426
f 408 426 409
f 409 426 427
f 409 427 410
f 410 427 428
f 410 428 411
f 411 428 429
f 411 429 412
f 412 429 430
f 412 430 413
f 413 430 431
f 413 431 414
f 414 431 432
f 414 432 415
f 415 432 433
f 415 433 416
f 416 433 434
f 416 434 417
f 417 434 435
f 417 435 418
f 418 435 436
f 418 436 419
f 419 436 437
f 419 437 420
f 420 437 438
f 420 438 421
f 421 438 439
f 421 439 422
f 422 439 440
f 422 440 395
f 395 440 396
f 395 396 393
f 393 396 398
f 393 398 391
f 280 284 281
f 281 284 441
f 281 441 423
f 423 441 442
f 423 442 424
f 424 442 443
f 424 443 425
f 425 443 444
f 425 444 426
f 426 444 445
f 426 445 427
f 427 445 446
f 427 446 428
f 428 446 447
f 428 447 429
f 429 447 448
f 429 448 430
f 430 448 449
f 430 449 431
f 431 449 450
f 431 450 432
f 432 450 451
f 432 451 433
f 433 451 452
f 433 452 434
f 434 452 453
f 434 453 435
f 435 453 454
f 435 454 436
f 436 454 455
f 436 455 437
f 437 455 456
f 437 456 438
f 438 456 457
f 438 457 439
f 439 457 458
f 439 458 440
f 440 458 400
f 440 400 396
f 396 400 399
f 396 399 397
f 271 402 272
f 272 402 400
f 272 400 459
f 459 400 458
f 459 458 460
f 460 458 457
f 460 457 461
f 461 457 456
f 461 456 462
f 462 456 455
f 462 455 463
f 463 455 454
f 463 454 464
f 464 454 453
f 464 453 465
f 465 453 452
f 465 452 466
f 466 452 451
f 466 451 467
f 467 451 450
f 467 450 468
f 468 450 449
f 468 449 469
f 469 449 448
f 469 448 470
f 470 448 447
f 470 447 471
f 471 447 446
f 471 446 472
f 472 446 445
f 472 445 473
f 473 445 444
f 473 444 474
f 474 444 443
f 474 443 475
f 475 443 442
f 475 442 476
f 476 442 441
f 476 441 477
f 477 441 284
f 477 284 478
f 478 284 283
f 478 283 287
f 287 283 479
f 287 479 285
f 85 84 480
f 480 84 338
f 480 338 481
f 481 338 336
f 481 336 286
f 286 336 334
f 286 334 287
f 287 334 332
f 287 332 478
f 478 332 330
f 478 330 477
f 477 330 328
f 477 328 476
f 476 328 326
f 476 326 475
f 475 326 323
f 475 323 474
f 474 323 321
f 474 321 473
f 473 321 319
f 473 319 472
f 472 319 317
f 472 317 471
f 471 317 315
f 471 315 470
f 470 315 314
f 470 314 469
f 469 314 312
f 469 312 468
f 468 312 310
f 468 310 467
f 467 310 308
f 467 308 466
f 466 308 306
f 466 306 465
f 465 306 304
f 465 304 464
f 464 304 302
f 464 302 463
f 463 302 300
f 463 300 462
f 462 300 297
f 462 297 461
f 461 297 295
f 461 295 460
f 460 295 293
f 460 293 459
f 459 293 291
f 459 291 272
f 272 291 405
f 272 405 270
f 108 110 298
f 96 325 94
f 94 325 327
f 96 98 325
f 325 98 100
f 325 100 324
f 108 298 106
f 305 100 303
f 303 100 301
f 327 329 94
f 94 329 331
f 94 331 93
f 93 331 333
f 93 333 91
f 301 100 299
f 299 100 102
f 299 102 298
f 298 102 104
f 298 104 106
f 110 112 298
f 298 112 114
f 298 114 116
f 305 307 100
f 100 307 309
f 100 309 311
f 311 313 100
f 100 313 316
f 100 316 318
f 335 337 333
f 333 337 92
f 333 92 91
f 129 136 142
f 142 136 134
f 142 134 132
f 292 294 130
f 130 294 296
f 130 296 298
f 318 320 100
f 100 320 322
f 100 322 324
f 116 118 298
f 298 118 120
f 298 120 122
f 129 142 130
f 130 142 289
f 130 289 292
f 122 125 298
f 298 125 127
f 298 127 130
f 482 483 484
f 482 484 485
f 485 484 486
f 485 486 487
f 487 486 488
f 488 486 489
f 488 489 490
f 490 489 491
f 491 489 225
f 491 225 239
f 492 493 494
f 492 494 495
f 495 494 496
f 495 496 497
f 497 496 236
f 497 236 230
f 498 499 500
f 498 500 501
f 502 503 504
f 500 505 501
f 501 505 506
f 501 506 507
f 507 506 508
f 507 508 503
f 503 508 509
f 503 509 504
f 504 510 502
f 502 510 511
f 502 511 512
f 511 513 512
f 512 513 514
f 512 514 515
f 515 514 516
f 515 516 517
f 517 516 518
f 517 518 519
f 519 518 520
f 521 522 523
f 523 522 524
f 523 524 525
f 525 524 526
f 525 526 527
f 527 526 528
f 527 528 529
f 521 523 530
f 530 523 531
f 530 531 532
f 532 531 533
f 532 533 534
f 529 493 527
f 527 493 492
f 499 498 482
f 482 498 483
f 225 489 248
f 248 489 486
f 486 484 248
f 248 484 483
f 248 483 498
f 498 501 248
f 248 501 507
f 248 507 503
f 503 502 248
f 248 502 512
f 248 512 515
f 515 517 248
f 248 517 519
f 248 519 249
f 519 535 249
f 249 535 536
f 249 536 250
f 250 536 537
f 250 537 253
f 253 537 538
f 253 538 254
f 254 538 539
f 254 539 218
f 218 539 540
f 218 540 219
f 541 255 221
f 221 255 222
f 541 221 542
f 542 221 236
f 222 255 256
f 222 256 223
f 223 256 257
f 223 257 228
f 228 257 258
f 228 258 229
f 229 258 259
f 229 259 231
f 231 259 260
f 231 260 232
f 232 260 261
f 232 261 240
f 240 261 262
f 240 262 241
f 241 262 263
f 241 263 243
f 243 263 264
f 243 264 244
f 244 264 265
f 244 265 245
f 245 265 266
f 245 266 246
f 246 266 267
f 246 267 251
f 251 267 268
f 251 268 252
f 252 268 269
f 252 269 220
f 542 236 496
f 542 496 543
f 543 496 494
f 543 494 544
f 544 494 493
f 544 493 545
f 269 546 220
f 220 546 247
f 493 529 545
f 545 529 547
f 247 546 227
f 227 546 548
f 534 549 550
f 534 550 532
f 532 550 551
f 532 551 530
f 551 552 530
f 530 552 553
f 530 553 521
f 521 553 554
f 521 554 522
f 522 554 555
f 522 555 524
f 524 555 556
f 524 556 526
f 556 557 526
f 526 557 558
f 526 558 528
f 528 558 547
f 528 547 529
f 548 559 227
f 227 559 226
f 534 560 549
f 549 560 561
f 226 559 562
f 226 562 224
f 224 562 563
f 224 563 233
f 233 563 564
f 233 564 234
f 234 564 565
f 234 565 235
f 235 565 566
f 235 566 237
f 237 566 567
f 237 567 238
f 238 567 568
f 238 568 239
f 569 561 570
f 570 561 560
f 487 571 485
f 485 571 572
f 485 572 482
f 490 573 488
f 488 573 574
f 488 574 487
f 487 574 575
f 487 575 571
f 490 491 573
f 573 491 239
f 573 239 568
f 520 576 577
f 520 577 578
f 577 579 578
f 578 579 580
f 578 580 581
f 580 582 581
f 581 582 583
f 581 583 584
f 584 583 585
f 584 585 586
f 585 587 586
f 586 587 588
f 586 588 589
f 588 590 589
f 589 590 569
f 589 569 570
f 572 591 482
f 482 591 499
f 499 591 500
f 500 591 592
f 500 592 505
f 505 592 593
f 505 593 506
f 506 593 594
f 506 594 508
f 508 594 595
f 508 595 509
f 509 595 596
f 509 596 504
f 504 596 597
f 504 597 510
f 510 597 598
f 510 598 511
f 511 598 599
f 511 599 513
f 513 599 600
f 513 600 514
f 514 600 601
f 514 601 516
f 516 601 602
f 516 602 518
f 518 602 603
f 518 603 520
f 520 603 576
f 548 604 605
f 341 559 606
f 606 559 548
f 606 548 607
f 607 548 605
f 608 609 610
f 610 609 611
f 610 611 612
f 612 611 613
f 612 613 614
f 614 613 615
f 614 615 616
f 616 615 617
f 616 617 618
f 618 617 619
f 618 619 620
f 620 619 621
f 620 621 622
f 623 624 608
f 608 624 625
f 608 625 609
f 623 626 624
f 624 626 627
f 624 627 628
f 628 627 629
f 628 629 630
f 630 629 631
f 629 632 631
f 631 632 633
f 631 633 634
f 634 633 635
f 634 635 636
f 636 635 637
f 636 637 638
f 638 637 639
f 638 639 640
f 640 639 641
f 641 639 642
f 641 642 643
f 643 642 644
f 643 644 645
f 645 644 646
f 645 646 647
f 647 646 605
f 647 605 604
f 648 276 649
f 649 276 340
f 649 340 650
f 651 280 652
f 652 280 279
f 652 279 648
f 648 279 277
f 648 277 276
f 653 283 651
f 651 283 282
f 651 282 280
f 654 480 655
f 655 480 481
f 655 481 656
f 656 481 286
f 656 286 657
f 657 286 285
f 657 285 653
f 653 285 479
f 653 479 283
f 658 70 659
f 659 70 69
f 659 69 660
f 69 74 660
f 660 74 72
f 660 72 661
f 72 71 661
f 661 71 78
f 661 78 662
f 662 78 77
f 662 77 663
f 663 77 79
f 663 79 664
f 665 666 1
f 79 81 664
f 664 81 82
f 664 82 666
f 666 82 2
f 666 2 1
f 606 607 650
f 650 607 667
f 650 667 649
f 649 667 668
f 649 668 648
f 648 668 669
f 648 669 652
f 652 669 670
f 652 670 651
f 651 670 671
f 651 671 653
f 653 671 672
f 653 672 657
f 657 672 673
f 657 673 656
f 656 673 674
f 656 674 655
f 655 674 675
f 655 675 654
f 654 675 676
f 654 676 677
f 677 676 678
f 677 678 665
f 665 678 679
f 665 679 666
f 666 679 680
f 666 680 664
f 664 680 681
f 664 681 663
f 663 681 682
f 663 682 662
f 662 682 683
f 662 683 661
f 661 683 684
f 661 684 660
f 660 684 685
f 660 685 659
f 659 685 686
f 659 686 658
f 658 686 687
f 341 606 342
f 342 606 650
f 342 650 339
f 339 650 340
f 1 89 665
f 665 89 87
f 665 87 677
f 677 87 86
f 677 86 654
f 654 86 85
f 654 85 480
f 607 605 667
f 667 605 646
f 667 646 668
f 668 646 644
f 668 644 669
f 669 644 642
f 669 642 670
f 670 642 639
f 670 639 671
f 671 639 637
f 671 637 672
f 672 637 635
f 672 635 673
f 673 635 633
f 673 633 674
f 674 633 632
f 674 632 675
f 675 632 629
f 675 629 676
f 676 629 627
f 676 627 678
f 678 627 626
f 678 626 679
f 679 626 623
f 679 623 680
f 680 623 608
f 680 608 681
f 681 608 610
f 681 610 682
f 682 610 612
f 682 612 683
f 683 612 614
f 683 614 684
f 684 614 616
f 684 616 685
f 685 616 618
f 685 618 686
f 686 618 620
f 686 620 687
f 687 620 622
f 70 658 269
f 269 658 687
f 269 687 546
f 546 687 622
f 546 622 621
f 688 689 561
f 569 390 690
f 569 690 561
f 561 690 691
f 561 691 688
f 692 693 694
f 694 693 695
f 694 695 696
f 696 695 697
f 696 697 698
f 698 697 699
f 698 699 700
f 700 699 701
f 700 701 702
f 702 701 703
f 702 703 704
f 704 703 689
f 704 689 688
f 705 706 692
f 692 706 707
f 692 707 693
f 705 708 706
f 706 708 709
f 706 709 710
f 710 709 711
f 710 711 712
f 712 711 713
f 711 714 713
f 713 714 715
f 713 715 716
f 716 715 717
f 716 717 718
f 718 717 719
f 718 719 720
f 720 719 721
f 720 721 722
f 722 721 723
f 723 721 724
f 723 724 725
f 725 724 726
f 725 726 727
f 727 726 728
f 727 728 729
f 729 728 730
f 729 730 731
f 732 7 733
f 733 7 20
f 733 20 734
f 735 11 736
f 736 11 10
f 736 10 732
f 732 10 8
f 732 8 7
f 737 14 735
f 735 14 13
f 735 13 11
f 738 139 739
f 739 139 217
f 739 217 740
f 740 217 17
f 740 17 741
f 741 17 16
f 741 16 737
f 737 16 216
f 737 216 14
f 690 390 742
f 742 390 389
f 742 389 743
f 389 394 743
f 743 394 392
f 743 392 744
f 392 391 744
f 744 391 398
f 744 398 745
f 745 398 397
f 745 397 746
f 746 397 399
f 746 399 747
f 748 749 270
f 399 401 747
f 747 401 402
f 747 402 749
f 749 402 271
f 749 271 270
f 750 751 734
f 734 751 752
f 734 752 733
f 733 752 753
f 733 753 732
f 732 753 754
f 732 754 736
f 736 754 755
f 736 755 735
f 735 755 756
f 735 756 737
f 737 756 757
f 737 757 741
f 741 757 758
f 741 758 740
f 740 758 759
f 740 759 739
f 739 759 760
f 739 760 738
f 738 760 761
f 738 761 762
f 762 761 763
f 762 763 748
f 748 763 764
f 748 764 749
f 749 764 765
f 749 765 747
f 747 765 766
f 747 766 746
f 746 766 767
f 746 767 745
f 745 767 768
f 745 768 744
f 744 768 769
f 744 769 743
f 743 769 770
f 743 770 742
f 742 770 771
f 742 771 690
f 690 771 691
f 21 750 22
f 22 750 734
f 22 734 19
f 19 734 20
f 270 405 748
f 748 405 404
f 748 404 762
f 762 404 403
f 762 403 738
f 738 403 140
f 738 140 139
f 751 730 752
f 752 730 728
f 752 728 753
f 753 728 726
f 753 726 754
f 754 726 724
f 754 724 755
f 755 724 721
f 755 721 756
f 756 721 719
f 756 719 757
f 757 719 717
f 757 717 758
f 758 717 715
f 758 715 759
f 759 715 714
f 759 714 760
f 760 714 711
f 760 711 761
f 761 711 709
f 761 709 763
f 763 709 708
f 763 708 764
f 764 708 705
f 764 705 765
f 765 705 692
f 765 692 766
f 766 692 694
f 766 694 767
f 767 694 696
f 767 696 768
f 768 696 698
f 768 698 769
f 769 698 700
f 769 700 770
f 770 700 702
f 770 702 771
f 771 702 704
f 771 704 691
f 691 704 688
f 731 730 541
f 541 730 751
f 541 751 255
f 255 751 750
f 255 750 21
f 519 520 535
f 535 520 578
f 535 578 536
f 536 578 581
f 536 581 537
f 537 581 584
f 537 584 538
f 538 584 586
f 538 586 539
f 539 586 589
f 539 589 540
f 540 589 570
f 540 570 772
f 772 570 560
f 772 560 533
f 533 560 534
f 602 365 603
f 603 365 367
f 603 367 576
f 599 360 600
f 600 360 365
f 600 365 601
f 601 365 602
f 599 598 360
f 360 598 597
f 360 597 596
f 596 595 360
f 360 595 594
f 360 594 593
f 572 773 591
f 591 773 573
f 591 573 592
f 574 573 575
f 575 573 773
f 575 773 571
f 571 773 572
f 375 582 580
f 576 367 577
f 577 367 369
f 577 369 579
f 579 369 371
f 579 371 580
f 580 371 376
f 580 376 375
f 384 590 588
f 375 373 582
f 582 373 383
f 582 383 583
f 583 383 382
f 583 382 585
f 585 382 380
f 585 380 587
f 587 380 378
f 587 378 588
f 588 378 377
f 588 377 384
f 390 569 388
f 388 569 590
f 388 590 386
f 386 590 384
f 341 274 559
f 559 274 562
f 274 273 562
f 562 273 343
f 562 343 563
f 349 564 347
f 347 564 563
f 347 563 345
f 345 563 343
f 349 350 564
f 564 350 352
f 564 352 565
f 352 359 565
f 565 359 358
f 565 358 566
f 358 356 566
f 566 356 354
f 566 354 567
f 593 592 360
f 360 592 573
f 360 573 361
f 361 573 568
f 361 568 363
f 363 568 567
f 363 567 364
f 364 567 354
f 710 550 549
f 693 707 549
f 549 707 706
f 549 706 710
f 543 544 542
f 542 544 545
f 542 545 541
f 545 547 541
f 541 547 558
f 541 558 731
f 731 558 557
f 731 557 729
f 729 557 556
f 729 556 727
f 727 556 725
f 718 555 716
f 716 555 554
f 716 554 713
f 713 554 553
f 713 553 712
f 712 553 552
f 712 552 710
f 710 552 551
f 710 551 550
f 718 720 555
f 555 720 722
f 555 722 556
f 556 722 723
f 556 723 725
f 699 697 549
f 549 697 695
f 549 695 693
f 701 699 703
f 703 699 549
f 703 549 689
f 689 549 561
f 624 628 546
f 631 634 548
f 546 628 548
f 548 628 630
f 548 630 631
f 613 611 621
f 621 611 609
f 621 609 546
f 546 609 625
f 546 625 624
f 634 636 548
f 548 636 638
f 548 638 640
f 640 641 548
f 548 641 643
f 548 643 604
f 604 643 645
f 604 645 647
f 613 621 615
f 615 621 619
f 615 619 617
f 497 230 242
f 527 492 242
f 242 492 495
f 242 495 497
f 242 772 533
f 525 527 523
f 523 527 242
f 523 242 531
f 531 242 533
f 219 540 242
f 242 540 772
f 774 775 776
f 777 778 779
f 780 781 782
f 783 784 785
f 786 787 788
f 789 790 791
f 792 793 794
f 795 796 797
f 797 796 798
f 797 798 799
f 799 798 800
f 801 802 803
f 803 802 804
f 803 804 794
f 794 804 805
f 794 805 792
f 806 807 801
f 801 807 808
f 801 808 802
f 809 810 811
f 811 810 812
f 811 812 813
f 813 812 814
f 813 814 815
f 816 817 818
f 819 820 821
f 821 820 822
f 822 820 823
f 823 820 824
f 823 824 825
f 825 824 826
f 826 824 827
f 826 827 828
f 828 827 829
f 829 827 830
f 829 830 831
f 832 833 830
f 830 833 834
f 830 834 831
f 835 836 837
f 837 836 838
f 837 838 832
f 832 838 839
f 832 839 833
f 840 841 835
f 835 841 842
f 835 842 836
f 843 844 845
f 845 844 846
f 845 846 847
f 847 846 848
f 847 848 849
f 849 848 840
f 849 840 850
f 850 840 835
f 851 852 843
f 843 852 853
f 843 853 844
f 854 855 856
f 856 855 857
f 856 857 851
f 851 857 858
f 851 858 852
f 859 860 861
f 861 860 862
f 861 862 863
f 863 862 864
f 863 864 865
f 865 864 866
f 865 866 856
f 856 866 867
f 856 867 854
f 868 869 870
f 870 869 871
f 870 871 859
f 859 871 872
f 859 872 860
f 868 870 873
f 873 870 874
f 873 874 875
f 876 877 874
f 874 877 878
f 874 878 875
f 879 880 876
f 876 880 881
f 876 881 877
f 876 882 879
f 879 882 883
f 879 883 884
f 884 883 885
f 884 885 886
f 886 885 887
f 887 885 888
f 887 888 889
f 889 888 776
f 889 776 890
f 787 786 791
f 791 786 891
f 791 891 789
f 892 893 788
f 788 893 894
f 788 894 786
f 788 895 892
f 892 895 896
f 892 896 897
f 784 783 896
f 896 783 898
f 896 898 897
f 899 900 785
f 785 900 901
f 785 901 783
f 785 902 899
f 899 902 903
f 899 903 904
f 905 906 907
f 907 906 908
f 907 908 909
f 908 910 909
f 909 910 911
f 909 911 912
f 912 911 913
f 912 913 903
f 903 913 914
f 903 914 904
f 915 916 907
f 907 916 917
f 907 917 905
f 907 918 915
f 915 918 919
f 915 919 920
f 920 919 921
f 920 921 922
f 922 921 923
f 922 923 924
f 924 923 925
f 923 926 925
f 925 926 927
f 925 927 928
f 781 780 929
f 780 930 929
f 929 930 931
f 929 931 927
f 927 931 932
f 927 932 928
f 890 776 933
f 933 776 775
f 933 775 934
f 934 775 935
f 934 935 936
f 790 937 791
f 791 937 938
f 791 938 787
f 787 938 939
f 787 939 788
f 788 939 940
f 788 940 895
f 895 940 941
f 895 941 896
f 896 941 942
f 896 942 784
f 784 942 943
f 784 943 785
f 785 943 944
f 785 944 902
f 902 944 945
f 902 945 903
f 903 945 946
f 903 946 912
f 912 946 947
f 912 947 909
f 909 947 948
f 909 948 907
f 907 948 949
f 907 949 918
f 918 949 950
f 918 950 919
f 919 950 951
f 919 951 921
f 921 951 952
f 921 952 923
f 923 952 953
f 923 953 926
f 778 954 779
f 779 954 955
f 779 955 956
f 792 799 793
f 793 799 800
f 793 800 794
f 794 800 957
f 794 957 803
f 803 957 958
f 803 958 801
f 801 958 959
f 801 959 806
f 806 959 960
f 806 960 961
f 961 960 962
f 961 962 963
f 963 962 964
f 963 964 965
f 965 964 966
f 955 967 956
f 956 967 816
f 956 816 809
f 809 816 818
f 809 818 810
f 814 807 815
f 815 807 806
f 815 806 813
f 813 806 961
f 813 961 811
f 811 961 963
f 811 963 809
f 809 963 965
f 809 965 956
f 956 965 966
f 956 966 779
f 937 968 938
f 938 968 969
f 938 969 939
f 939 969 970
f 939 970 940
f 940 970 971
f 940 971 941
f 941 971 972
f 941 972 942
f 942 972 973
f 942 973 943
f 943 973 974
f 943 974 944
f 944 974 975
f 944 975 945
f 945 975 976
f 945 976 946
f 946 976 977
f 946 977 947
f 947 977 978
f 947 978 948
f 948 978 979
f 948 979 949
f 949 979 980
f 949 980 950
f 950 980 981
f 950 981 951
f 951 981 982
f 951 982 952
f 952 982 983
f 952 983 953
f 953 983 984
f 953 984 926
f 926 984 985
f 926 985 927
f 927 985 986
f 927 986 929
f 929 986 987
f 929 987 781
f 781 987 796
f 781 796 782
f 782 796 795
f 988 989 990
f 990 989 991
f 819 821 992
f 992 821 993
f 992 993 991
f 991 993 994
f 991 994 990
f 995 989 996
f 996 989 988
f 996 988 997
f 968 774 969
f 969 774 776
f 969 776 970
f 970 776 888
f 970 888 971
f 971 888 885
f 971 885 972
f 972 885 883
f 972 883 973
f 973 883 882
f 973 882 974
f 974 882 876
f 974 876 975
f 975 876 874
f 975 874 976
f 976 874 870
f 976 870 977
f 977 870 859
f 977 859 978
f 978 859 861
f 978 861 979
f 979 861 863
f 979 863 980
f 980 863 865
f 980 865 981
f 981 865 856
f 981 856 982
f 982 856 851
f 982 851 983
f 983 851 843
f 983 843 984
f 984 843 845
f 984 845 985
f 985 845 847
f 985 847 986
f 986 847 849
f 986 849 987
f 987 849 850
f 987 850 796
f 796 850 835
f 796 835 798
f 798 835 837
f 798 837 800
f 800 837 832
f 800 832 957
f 957 832 830
f 957 830 958
f 958 830 827
f 958 827 959
f 959 827 824
f 959 824 960
f 960 824 820
f 960 820 962
f 962 820 819
f 962 819 964
f 964 819 992
f 964 992 966
f 966 992 991
f 966 991 779
f 779 991 989
f 779 989 777
f 777 989 995
f 998 999 1000
f 1001 1002 1003
f 1004 1005 1006
f 1007 1008 1009
f 1010 790 1011
f 1011 790 1012
f 1012 1013 1011
f 1011 1013 1014
f 1011 1014 1015
f 1016 1017 1018
f 1018 1017 1019
f 1018 1019 1020
f 1021 1022 1023
f 1023 1022 1024
f 1023 1024 1025
f 1025 1024 1026
f 1025 1026 1027
f 1028 1029 1030
f 1029 1028 1031
f 1002 1004 1003
f 1003 1004 1006
f 1003 1006 1032
f 1032 1006 1033
f 1032 1033 1034
f 998 1000 1035
f 1036 1037 1038
f 1038 1037 1039
f 1038 1039 1040
f 1040 1039 1041
f 1041 1039 1042
f 1041 1042 1043
f 1044 1045 1042
f 1042 1045 1046
f 1042 1046 1043
f 1009 1047 1007
f 1007 1047 1048
f 1007 1048 1049
f 1049 1048 1050
f 1049 1050 1044
f 1044 1050 1051
f 1044 1051 1045
f 1052 936 1053
f 1053 936 935
f 999 1001 1000
f 1000 1001 1003
f 1000 1003 1054
f 1054 1003 1032
f 1054 1032 1055
f 1031 1028 1056
f 1056 1028 1057
f 1056 1057 1058
f 1034 1029 1032
f 1032 1029 1031
f 1032 1031 1055
f 1055 1031 1056
f 1055 1056 1059
f 1059 1056 1058
f 1059 1058 1060
f 1037 1061 1039
f 1039 1061 1062
f 1039 1062 1042
f 1042 1062 1063
f 1042 1063 1044
f 1044 1063 1064
f 1044 1064 1049
f 1049 1064 1065
f 1049 1065 1007
f 1007 1065 1066
f 1067 1066 1060
f 1060 1066 1065
f 1060 1065 1059
f 1059 1065 1064
f 1059 1064 1055
f 1055 1064 1063
f 1055 1063 1054
f 1054 1063 1062
f 1054 1062 1000
f 1000 1062 1061
f 1000 1061 1035
f 1035 1061 1037
f 1035 1037 1068
f 1068 1037 1036
f 1068 1036 1069
f 1030 1070 1028
f 1028 1070 1071
f 1028 1071 1057
f 1057 1071 1027
f 1057 1027 1058
f 1058 1027 1026
f 1058 1026 1060
f 1060 1026 1024
f 1060 1024 1067
f 1067 1024 1022
f 1067 1022 1072
f 1072 1022 1021
f 1072 1073 1067
f 1067 1073 1010
f 1067 1010 1066
f 1066 1010 1011
f 1066 1011 1007
f 1007 1011 1015
f 1007 1015 1008
f 1021 1016 1072
f 1072 1016 1018
f 1072 1018 1073
f 1073 1018 1020
f 1073 1020 1053
f 1053 1020 1019
f 1053 1019 1052
f 935 775 1053
f 1053 775 774
f 1053 774 1073
f 1073 774 968
f 1073 968 1010
f 1010 968 937
f 1010 937 790
f 922 924 1074
f 1074 924 925
f 925 928 1074
f 1074 928 932
f 1074 932 931
f 916 915 1074
f 1074 915 920
f 1074 920 922
f 817 1075 1076
f 817 1076 818
f 818 1076 1077
f 818 1077 810
f 817 1078 1079
f 1079 1078 1080
f 1081 1075 817
f 1082 1083 1084
f 1085 1086 1082
f 1087 1051 1088
f 1088 1051 1050
f 1088 1050 1048
f 1089 1090 1091
f 1091 1090 1092
f 1091 1092 1093
f 1084 1094 1082
f 1082 1094 1095
f 1082 1095 1085
f 1085 1095 1096
f 1085 1096 1091
f 1091 1096 1097
f 1091 1097 1089
f 1098 1043 1099
f 1099 1043 1046
f 1099 1046 1087
f 1087 1046 1045
f 1087 1045 1051
f 1094 1100 1095
f 1095 1100 1101
f 1095 1101 1102
f 1102 1101 1069
f 1102 1069 1103
f 1103 1069 1036
f 1103 1036 1104
f 1104 1036 1038
f 1104 1038 1105
f 1105 1038 1040
f 1105 1040 1098
f 1098 1040 1041
f 1098 1041 1043
f 1093 1106 1091
f 1091 1106 1107
f 1091 1107 1108
f 1108 1107 1109
f 1108 1109 1079
f 1079 1109 1110
f 1079 1110 1111
f 1111 1112 1079
f 1079 1112 1113
f 1079 1113 1114
f 1114 1115 1079
f 1079 1115 1116
f 1079 1116 817
f 817 1116 1117
f 817 1117 1081
f 930 780 1118
f 917 916 1119
f 1119 916 1074
f 1119 1074 1118
f 1118 1074 931
f 1118 931 930
f 905 917 1119
f 905 1119 906
f 906 1119 1120
f 906 1120 908
f 795 797 1121
f 795 1121 782
f 782 1121 1118
f 782 1118 780
f 1122 1123 1124
f 1125 1126 1127
f 1128 1129 1130
f 1131 1132 1133
f 1133 1132 1134
f 1133 1134 1135
f 1136 1137 1138
f 1139 1131 1140
f 1140 1131 1133
f 1140 1133 1141
f 1141 1133 1135
f 1141 1135 1142
f 1137 1143 1138
f 1138 1143 1144
f 1138 1144 1145
f 1146 1147 1148
f 1148 1147 1149
f 1148 1149 1150
f 1150 1149 1145
f 1150 1145 1151
f 1151 1145 1144
f 1152 1153 1154
f 1154 1153 1155
f 1154 1155 1156
f 1156 1155 1157
f 1156 1157 1158
f 1158 1157 1159
f 1158 1159 1160
f 1161 1162 1163
f 1163 1162 1164
f 1163 1164 1165
f 1165 1164 1166
f 1165 1166 1167
f 1167 1166 1168
f 1167 1168 1169
f 1169 1168 1170
f 1169 1170 1171
f 1171 1170 1172
f 1171 1172 1173
f 1162 1152 1164
f 1164 1152 1154
f 1164 1154 1166
f 1166 1154 1156
f 1166 1156 1168
f 1168 1156 1158
f 1168 1158 1170
f 1170 1158 1160
f 1170 1160 1172
f 1126 1125 1174
f 1174 1125 1175
f 1174 1175 1146
f 1146 1175 1176
f 1146 1176 1147
f 1177 1139 1161
f 1161 1139 1140
f 1161 1140 1162
f 1162 1140 1141
f 1162 1141 1152
f 1152 1141 1142
f 1152 1142 1153
f 1178 1179 1180
f 1180 1179 1181
f 1180 1181 1182
f 1182 1181 1183
f 1182 1183 1184
f 1184 1183 1185
f 1184 1185 1186
f 1186 1185 1187
f 1186 1187 1132
f 1130 1188 1128
f 1128 1188 1189
f 1128 1189 1190
f 1190 1189 1191
f 1190 1191 1178
f 1178 1191 1192
f 1178 1192 1179
f 1193 1187 1194
f 1194 1187 1185
f 1194 1185 1195
f 1195 1185 1183
f 1195 1183 1196
f 1196 1183 1181
f 1196 1181 1197
f 1197 1181 1179
f 1197 1179 1198
f 1198 1179 1192
f 1198 1192 1199
f 1199 1192 1191
f 1199 1191 1200
f 1200 1191 1189
f 1200 1189 1201
f 1201 1189 1188
f 1201 1188 1202
f 1202 1188 1130
f 1203 1193 1204
f 1204 1193 1194
f 1204 1194 1205
f 1205 1194 1195
f 1205 1195 1206
f 1206 1195 1196
f 1206 1196 1207
f 1207 1196 1197
f 1207 1197 1208
f 1208 1197 1198
f 1208 1198 1209
f 1209 1198 1199
f 1209 1199 1210
f 1210 1199 1200
f 1210 1200 1211
f 1211 1200 1201
f 1211 1201 1212
f 1212 1201 1202
f 1213 1203 1214
f 1214 1203 1204
f 1214 1204 1215
f 1215 1204 1205
f 1215 1205 1216
f 1216 1205 1206
f 1216 1206 1217
f 1217 1206 1207
f 1217 1207 1218
f 1218 1207 1208
f 1218 1208 1219
f 1219 1208 1209
f 1219 1209 1220
f 1220 1209 1210
f 1220 1210 1221
f 1221 1210 1211
f 1221 1211 1222
f 1222 1211 1212
f 1223 1213 1224
f 1224 1213 1214
f 1224 1214 1225
f 1225 1214 1215
f 1225 1215 1226
f 1226 1215 1216
f 1226 1216 1227
f 1227 1216 1217
f 1227 1217 1228
f 1228 1217 1218
f 1228 1218 1229
f 1229 1218 1219
f 1229 1219 1230
f 1230 1219 1220
f 1230 1220 1231
f 1231 1220 1221
f 1231 1221 1232
f 1232 1221 1222
f 1233 1223 1234
f 1234 1223 1224
f 1234 1224 1235
f 1235 1224 1225
f 1235 1225 1236
f 1236 1225 1226
f 1236 1226 1237
f 1237 1226 1227
f 1237 1227 1238
f 1238 1227 1228
f 1238 1228 1239
f 1239 1228 1229
f 1239 1229 1240
f 1240 1229 1230
f 1240 1230 1241
f 1241 1230 1231
f 1241 1231 1242
f 1242 1231 1232
f 1173 1243 1171
f 1171 1243 1244
f 1171 1244 1169
f 1169 1244 1245
f 1169 1245 1167
f 1167 1245 1246
f 1167 1246 1165
f 1165 1246 1247
f 1165 1247 1163
f 1163 1247 1248
f 1163 1248 1161
f 1161 1248 1249
f 1161 1249 1177
f 1122 1233 1250
f 1250 1233 1234
f 1250 1234 1251
f 1251 1234 1235
f 1251 1235 1252
f 1252 1235 1236
f 1252 1236 1253
f 1253 1236 1237
f 1253 1237 1254
f 1254 1237 1238
f 1254 1238 1255
f 1255 1238 1239
f 1255 1239 1256
f 1256 1239 1240
f 1256 1240 1257
f 1257 1240 1241
f 1257 1241 1258
f 1258 1241 1242
f 1132 1187 1134
f 1134 1187 1193
f 1134 1193 1135
f 1135 1193 1203
f 1135 1203 1142
f 1142 1203 1213
f 1142 1213 1153
f 1153 1213 1223
f 1153 1223 1155
f 1155 1223 1233
f 1155 1233 1157
f 1157 1233 1122
f 1157 1122 1159
f 1159 1122 1124
f 1159 1124 1160
f 1160 1124 1259
f 1160 1259 1172
f 1172 1259 1260
f 1172 1260 1173
f 1173 1260 1261
f 1173 1261 1243
f 1123 1122 1262
f 1262 1122 1250
f 1262 1250 1263
f 1263 1250 1251
f 1263 1251 1264
f 1264 1251 1252
f 1264 1252 1265
f 1265 1252 1253
f 1265 1253 1266
f 1266 1253 1254
f 1266 1254 1267
f 1267 1254 1255
f 1267 1255 1268
f 1268 1255 1256
f 1268 1256 1269
f 1269 1256 1257
f 1269 1257 1127
f 1127 1257 1258
f 1127 1258 1125
f 1125 1258 1242
f 1125 1242 1175
f 1175 1242 1232
f 1175 1232 1176
f 1176 1232 1222
f 1176 1222 1147
f 1147 1222 1212
f 1147 1212 1149
f 1149 1212 1202
f 1149 1202 1145
f 1145 1202 1130
f 1145 1130 1138
f 1138 1130 1129
f 1138 1129 1136
f 1270 1271 1272
f 1272 1271 1273
f 1272 1273 1274
f 1274 1273 1275
f 1274 1275 1276
f 1271 1277 1273
f 1273 1277 1278
f 1273 1278 1275
f 1275 1278 1279
f 1277 1280 1278
f 1278 1280 1281
f 1278 1281 1279
f 1279 1281 1282
f 1279 1282 1283
f 1276 1275 1284
f 1284 1275 1279
f 1284 1279 1285
f 1285 1279 1283
f 1285 1283 1286
f 1287 1276 1288
f 1288 1276 1284
f 1288 1284 1289
f 1289 1284 1285
f 1289 1285 1290
f 1290 1285 1286
f 1290 1286 1291
f 1292 1293 1080
f 1080 1078 1292
f 1292 1078 1294
f 1292 1294 1295
f 1296 1297 1298
f 1298 954 778
f 1298 778 1299
f 997 1300 996
f 996 1300 1301
f 996 1301 995
f 995 1301 1299
f 995 1299 777
f 777 1299 778
f 1078 817 1294
f 1294 817 816
f 1294 816 1295
f 1295 816 1297
f 1297 816 967
f 1297 967 1298
f 1298 967 955
f 1298 955 954
f 1296 1298 1302
f 1302 1298 1299
f 1302 1299 1303
f 1303 1299 1301
f 1303 1301 1304
f 1304 1301 1305
f 1305 1301 1300
f 1305 1300 1306
f 1307 1308 1309
f 1307 1309 1310
f 1311 1312 1313
f 1314 1315 1316
f 1312 1311 1317
f 1317 1311 1318
f 1317 1318 1319
f 1319 1318 1320
f 1319 1320 1321
f 1322 1323 1324
f 1324 1323 1325
f 1324 1325 1326
f 1326 1327 1324
f 1324 1327 1094
f 1324 1094 1328
f 1328 1094 1084
f 1329 1315 1330
f 1330 1315 1319
f 1330 1319 1331
f 1324 1331 1322
f 1322 1331 1319
f 1322 1319 1332
f 1332 1319 1321
f 1310 1309 1333
f 1333 1309 1334
f 1333 1334 1313
f 1313 1334 1335
f 1313 1335 1336
f 1337 1338 1329
f 1329 1338 1339
f 1329 1339 1315
f 1315 1339 1340
f 1315 1340 1316
f 1341 1342 1316
f 1316 1342 1343
f 1316 1343 1314
f 1344 1311 1345
f 1345 1311 1313
f 1345 1313 1346
f 1346 1313 1336
f 1337 1347 1338
f 1338 1347 1348
f 1338 1348 1349
f 1350 1085 1351
f 1351 1085 1091
f 1351 1091 1352
f 1352 1091 1353
f 1352 1353 1354
f 1354 1355 1352
f 1352 1355 1356
f 1352 1356 1357
f 1357 1356 1358
f 1082 1086 1359
f 1350 1360 1085
f 1085 1360 1361
f 1085 1361 1086
f 1086 1361 1362
f 1086 1362 1359
f 1363 1364 1365
f 1365 1364 1366
f 1365 1366 1367
f 1367 1366 1368
f 1367 1368 1369
f 1369 1368 1370
f 1369 1370 1371
f 1371 1370 1372
f 1371 1372 1373
f 1373 1372 1334
f 1373 1334 1309
f 1374 1177 1375
f 1375 1177 1376
f 1375 1376 1377
f 1377 1376 1378
f 1377 1378 1379
f 1379 1378 1380
f 1379 1380 1381
f 1380 1382 1381
f 1381 1382 1383
f 1381 1383 1384
f 1384 1383 1385
f 1384 1385 1386
f 1386 1385 1387
f 1386 1387 1388
f 1388 1387 1389
f 1388 1389 1390
f 1390 1389 1391
f 1390 1391 1363
f 1363 1391 1392
f 1363 1392 1364
f 1393 1297 1296
f 1394 1395 1396
f 1396 1395 1397
f 1396 1397 1398
f 1304 1305 1399
f 1399 1305 1306
f 1399 1306 1400
f 1400 1306 1401
f 1400 1401 1402
f 1304 1399 1303
f 1303 1399 1403
f 1303 1403 1302
f 1302 1403 1404
f 1302 1404 1296
f 1296 1404 1405
f 1296 1405 1393
f 1402 1406 1400
f 1400 1406 1407
f 1400 1407 1396
f 1396 1407 1408
f 1396 1408 1394
f 1353 1091 1409
f 1409 1091 1108
f 1409 1108 1410
f 1410 1108 1079
f 1411 1412 1413
f 1280 1397 1413
f 1413 1397 1395
f 1413 1395 1411
f 1414 1415 1416
f 1416 1415 1417
f 1416 1417 1418
f 1416 1419 1414
f 1414 1419 1420
f 1414 1420 1421
f 1421 1420 1422
f 1421 1422 1423
f 1424 1425 1426
f 1418 1427 1428
f 1422 1429 1423
f 1423 1429 1430
f 1423 1430 1431
f 1431 1430 1293
f 1431 1293 1432
f 1426 1425 1433
f 1433 1425 1434
f 1433 1434 1435
f 1436 1437 1438
f 1438 1437 1439
f 1438 1439 1440
f 1439 1441 1440
f 1440 1441 1442
f 1440 1442 1293
f 1293 1442 1443
f 1293 1443 1432
f 1428 1444 1418
f 1418 1444 1445
f 1418 1445 1446
f 1415 1447 1417
f 1417 1447 1448
f 1417 1448 1449
f 1449 1448 1450
f 1449 1450 1451
f 1451 1450 1452
f 1453 1454 1455
f 1455 1454 1456
f 1455 1456 1452
f 1452 1456 1457
f 1452 1457 1451
f 1446 1458 1418
f 1418 1458 1459
f 1418 1459 1416
f 1416 1459 1460
f 1416 1460 1461
f 1462 1463 1464
f 1464 1463 1424
f 1464 1424 1465
f 1465 1424 1426
f 1453 1466 1454
f 1454 1466 1436
f 1454 1436 1467
f 1467 1436 1438
f 1467 1438 1434
f 1434 1438 1468
f 1434 1468 1435
f 1469 1470 1471
f 1471 1470 1472
f 1471 1472 1473
f 1473 1472 1474
f 1473 1474 1475
f 1475 1474 1476
f 1475 1476 1427
f 1427 1476 1477
f 1427 1477 1428
f 1293 1292 1440
f 1440 1292 1478
f 1440 1478 1479
f 1479 1480 1440
f 1440 1480 1481
f 1440 1481 1482
f 1482 1481 1483
f 1351 1460 1350
f 1350 1460 1459
f 1350 1459 1360
f 1459 1458 1360
f 1360 1458 1446
f 1360 1446 1361
f 1361 1446 1445
f 1361 1445 1362
f 1083 1082 1359
f 1083 1359 1476
f 1445 1444 1362
f 1362 1444 1428
f 1362 1428 1359
f 1359 1428 1477
f 1359 1477 1476
f 1468 1438 1308
f 1308 1438 1484
f 1476 1474 1083
f 1083 1474 1084
f 1468 1308 1307
f 1468 1307 1435
f 1435 1307 1310
f 1435 1310 1433
f 1313 1465 1426
f 1313 1426 1333
f 1333 1426 1433
f 1333 1433 1310
f 1472 1328 1474
f 1474 1328 1084
f 1328 1472 1470
f 1328 1470 1324
f 1324 1470 1469
f 1324 1469 1331
f 1331 1469 1471
f 1331 1471 1330
f 1330 1471 1473
f 1330 1473 1329
f 1337 1329 1475
f 1475 1329 1473
f 1337 1475 1347
f 1347 1475 1427
f 1347 1427 1348
f 1348 1427 1418
f 1348 1418 1349
f 1349 1418 1417
f 1349 1417 1338
f 1338 1417 1449
f 1338 1449 1451
f 1338 1451 1339
f 1339 1451 1457
f 1339 1457 1340
f 1340 1457 1456
f 1340 1456 1316
f 1316 1456 1341
f 1341 1456 1454
f 1341 1454 1342
f 1342 1454 1467
f 1342 1467 1343
f 1343 1467 1434
f 1343 1434 1314
f 1314 1434 1425
f 1315 1314 1424
f 1424 1314 1425
f 1315 1424 1463
f 1315 1463 1319
f 1319 1463 1462
f 1319 1462 1317
f 1317 1462 1464
f 1317 1464 1312
f 1312 1464 1465
f 1312 1465 1313
f 1261 1485 1486
f 1487 1378 1488
f 1488 1378 1376
f 1488 1376 1177
f 1487 1488 1489
f 1489 1488 1490
f 1489 1490 1491
f 1491 1490 1492
f 1491 1492 1493
f 1493 1492 1494
f 1493 1494 1495
f 1495 1494 1496
f 1496 1494 1486
f 1496 1486 1497
f 1497 1486 1485
f 1497 1485 1498
f 1261 1486 1243
f 1243 1486 1494
f 1243 1494 1244
f 1244 1494 1492
f 1244 1492 1245
f 1177 1249 1488
f 1488 1249 1248
f 1488 1248 1490
f 1490 1248 1247
f 1490 1247 1492
f 1492 1247 1246
f 1492 1246 1245
f 1005 1499 1006
f 1006 1499 1500
f 1006 1500 1033
f 1033 1500 1034
f 1034 1500 1029
f 1029 1500 1501
f 1029 1501 1030
f 1030 1501 1502
f 1030 1502 1070
f 1070 1502 1503
f 1070 1503 1071
f 1071 1503 1504
f 1071 1504 1027
f 1027 1504 1505
f 1027 1505 1025
f 1025 1505 1506
f 1025 1506 1023
f 1023 1506 1021
f 1021 1506 1507
f 1021 1507 1016
f 1016 1507 1508
f 1016 1508 1017
f 1017 1508 1509
f 1017 1509 1019
f 1019 1509 1510
f 1019 1510 1052
f 1052 1510 1498
f 1052 1498 936
f 1261 933 934
f 1261 934 1485
f 1485 934 936
f 1485 936 1498
f 1291 1511 997
f 997 1511 1300
f 1511 1512 1300
f 1300 1512 1401
f 1300 1401 1306
f 1513 1514 1515
f 998 1035 1516
f 1516 1517 1518
f 1518 1517 1519
f 1516 1035 1517
f 1517 1035 1068
f 1517 1068 1519
f 1519 1068 1069
f 1519 1069 1518
f 1518 1069 1101
f 1518 1101 1100
f 1318 1005 1320
f 1320 1005 1004
f 1320 1004 1520
f 1520 1004 1002
f 1520 1002 1513
f 1513 1002 1001
f 1513 1001 1514
f 1332 1521 1322
f 1322 1521 1323
f 1522 1327 1326
f 1094 1327 1523
f 1523 1327 1522
f 1523 1522 1515
f 1001 999 1514
f 1514 999 998
f 1514 998 1515
f 1515 998 1516
f 1515 1516 1523
f 1523 1516 1518
f 1523 1518 1094
f 1094 1518 1100
f 1326 1325 1522
f 1522 1325 1323
f 1522 1323 1515
f 1515 1323 1521
f 1515 1521 1513
f 1513 1521 1332
f 1513 1332 1520
f 1520 1332 1321
f 1520 1321 1320
f 1318 1311 1005
f 1005 1311 1499
f 1499 1524 1525
f 1526 1382 1487
f 1487 1382 1380
f 1487 1380 1378
f 1527 1387 1528
f 1528 1387 1385
f 1528 1385 1526
f 1526 1385 1383
f 1526 1383 1382
f 1529 1391 1527
f 1527 1391 1389
f 1527 1389 1387
f 1530 1364 1529
f 1529 1364 1392
f 1529 1392 1391
f 1531 1368 1530
f 1530 1368 1366
f 1530 1366 1364
f 1335 1334 1532
f 1532 1334 1372
f 1532 1372 1531
f 1531 1372 1370
f 1531 1370 1368
f 1533 1534 1503
f 1503 1502 1533
f 1533 1502 1501
f 1533 1501 1525
f 1525 1501 1500
f 1525 1500 1499
f 1535 1536 1507
f 1507 1506 1535
f 1535 1506 1505
f 1535 1505 1534
f 1534 1505 1504
f 1534 1504 1503
f 1537 1497 1498
f 1498 1510 1537
f 1537 1510 1509
f 1537 1509 1536
f 1536 1509 1508
f 1536 1508 1507
f 1496 1497 1538
f 1538 1497 1537
f 1538 1537 1539
f 1539 1537 1536
f 1539 1536 1540
f 1540 1536 1535
f 1540 1535 1541
f 1541 1535 1534
f 1541 1534 1542
f 1542 1534 1533
f 1542 1533 1543
f 1543 1533 1525
f 1543 1525 1544
f 1544 1525 1524
f 1495 1496 1545
f 1545 1496 1538
f 1545 1538 1546
f 1546 1538 1539
f 1546 1539 1547
f 1547 1539 1540
f 1547 1540 1548
f 1548 1540 1541
f 1548 1541 1549
f 1549 1541 1542
f 1549 1542 1550
f 1550 1542 1543
f 1550 1543 1551
f 1551 1543 1544
f 1493 1495 1552
f 1552 1495 1545
f 1552 1545 1553
f 1553 1545 1546
f 1553 1546 1554
f 1554 1546 1547
f 1554 1547 1555
f 1555 1547 1548
f 1555 1548 1556
f 1556 1548 1549
f 1556 1549 1557
f 1557 1549 1550
f 1557 1550 1558
f 1558 1550 1551
f 1491 1493 1559
f 1559 1493 1552
f 1559 1552 1560
f 1560 1552 1553
f 1560 1553 1561
f 1561 1553 1554
f 1561 1554 1562
f 1562 1554 1555
f 1562 1555 1563
f 1563 1555 1556
f 1563 1556 1564
f 1564 1556 1557
f 1564 1557 1565
f 1565 1557 1558
f 1489 1491 1566
f 1566 1491 1559
f 1566 1559 1567
f 1567 1559 1560
f 1567 1560 1568
f 1568 1560 1561
f 1568 1561 1569
f 1569 1561 1562
f 1569 1562 1570
f 1570 1562 1563
f 1570 1563 1571
f 1571 1563 1564
f 1571 1564 1572
f 1572 1564 1565
f 1572 1565 1336
f 1336 1565 1558
f 1336 1558 1346
f 1346 1558 1551
f 1346 1551 1345
f 1345 1551 1544
f 1345 1544 1344
f 1344 1544 1524
f 1344 1524 1311
f 1311 1524 1499
f 1487 1489 1526
f 1526 1489 1566
f 1526 1566 1528
f 1528 1566 1567
f 1528 1567 1527
f 1527 1567 1568
f 1527 1568 1529
f 1529 1568 1569
f 1529 1569 1530
f 1530 1569 1570
f 1530 1570 1531
f 1531 1570 1571
f 1531 1571 1532
f 1532 1571 1572
f 1532 1572 1335
f 1335 1572 1336
f 1573 1511 1291
f 1402 1401 1512
f 1512 1574 1402
f 1402 1574 1575
f 1402 1575 1406
f 1406 1575 1576
f 1406 1576 1407
f 1407 1576 1577
f 1407 1577 1408
f 1408 1577 1394
f 1394 1577 1411
f 1394 1411 1395
f 1281 1280 1413
f 1291 1286 1573
f 1573 1286 1283
f 1573 1283 1578
f 1578 1283 1282
f 1578 1282 1579
f 1579 1282 1281
f 1579 1281 1580
f 1580 1281 1413
f 1580 1413 1412
f 1412 1411 1580
f 1580 1411 1577
f 1580 1577 1579
f 1579 1577 1576
f 1579 1576 1578
f 1578 1576 1575
f 1578 1575 1573
f 1573 1575 1574
f 1573 1574 1511
f 1511 1574 1512
f 1440 1400 1396
f 1438 1440 1484
f 1484 1440 1396
f 1484 1396 1398
f 1353 1409 1293
f 1293 1409 1080
f 1080 1409 1410
f 1080 1410 1079
f 1293 1430 1353
f 1353 1430 1429
f 1353 1429 1354
f 1354 1429 1422
f 1354 1422 1355
f 1355 1422 1420
f 1355 1420 1356
f 1356 1420 1419
f 1356 1419 1358
f 1358 1419 1416
f 1358 1416 1357
f 1357 1416 1461
f 1357 1461 1352
f 1352 1461 1460
f 1352 1460 1351
f 1399 1400 1581
f 1581 1400 1440
f 1581 1440 1482
f 1292 1295 1478
f 1478 1295 1297
f 1478 1297 1479
f 1479 1297 1393
f 1479 1393 1480
f 1480 1393 1405
f 1480 1405 1481
f 1403 1399 1581
f 1405 1404 1481
f 1481 1404 1403
f 1481 1403 1483
f 1483 1403 1581
f 1483 1581 1482
f 1582 1270 1583
f 1583 1270 1272
f 1584 1585 1276
f 1276 1585 1586
f 1276 1586 1274
f 1274 1586 1587
f 1274 1587 1272
f 1272 1587 1588
f 1272 1588 1583
f 1584 1276 1589
f 1589 1276 1287
f 1589 1287 1590
f 1146 1148 1591
f 1592 1593 1594
f 1587 1586 1595
f 1590 1596 1589
f 1589 1596 1597
f 1589 1597 1584
f 1584 1597 1585
f 1598 1582 1583
f 1594 1593 1599
f 1593 1600 1599
f 1599 1600 1601
f 1599 1601 1602
f 1602 1601 1603
f 1602 1603 1604
f 1604 1603 1605
f 1604 1605 1606
f 1606 1605 1607
f 1606 1607 1608
f 1608 1607 1609
f 1608 1609 1610
f 1610 1609 1611
f 1610 1611 1612
f 1612 1611 1598
f 1612 1598 1613
f 1613 1598 1583
f 1613 1583 1588
f 1143 1137 1614
f 1592 1594 1615
f 1615 1594 1616
f 1615 1616 1617
f 1617 1616 1614
f 1617 1614 1618
f 1618 1614 1137
f 1618 1137 1136
f 1150 1151 1614
f 1614 1151 1144
f 1614 1144 1143
f 1148 1150 1591
f 1591 1150 1614
f 1591 1614 1619
f 1619 1614 1616
f 1619 1616 1620
f 1620 1616 1594
f 1620 1594 1621
f 1621 1594 1599
f 1621 1599 1622
f 1622 1599 1602
f 1622 1602 1623
f 1623 1602 1604
f 1623 1604 1624
f 1624 1604 1606
f 1624 1606 1625
f 1625 1606 1608
f 1625 1608 1626
f 1626 1608 1610
f 1626 1610 1627
f 1627 1610 1612
f 1627 1612 1595
f 1595 1612 1613
f 1595 1613 1587
f 1587 1613 1588
f 1126 1174 1628
f 1628 1174 1629
f 1628 1629 1630
f 1630 1629 1631
f 1631 1629 1632
f 1631 1632 1633
f 1633 1632 1634
f 1633 1634 1635
f 1635 1634 1636
f 1636 1634 1637
f 1636 1637 1638
f 1638 1637 1639
f 1638 1639 1640
f 1640 1639 1641
f 1640 1641 1642
f 1642 1641 1643
f 1642 1643 1644
f 1644 1643 1645
f 1645 1643 1646
f 1645 1646 1647
f 1647 1646 1648
f 1647 1648 1596
f 1596 1648 1649
f 1596 1649 1597
f 1174 1146 1629
f 1629 1146 1591
f 1629 1591 1632
f 1632 1591 1619
f 1632 1619 1634
f 1634 1619 1620
f 1634 1620 1637
f 1637 1620 1621
f 1637 1621 1639
f 1639 1621 1622
f 1639 1622 1641
f 1641 1622 1623
f 1641 1623 1643
f 1643 1623 1624
f 1643 1624 1646
f 1646 1624 1625
f 1646 1625 1648
f 1648 1625 1626
f 1648 1626 1649
f 1649 1626 1627
f 1649 1627 1597
f 1597 1627 1595
f 1597 1595 1585
f 1585 1595 1586
f 1650 1651 1280
f 1592 1615 1652
f 1652 1615 1617
f 1652 1617 1653
f 1280 1277 1650
f 1650 1277 1271
f 1650 1271 1654
f 1271 1270 1654
f 1654 1270 1582
f 1654 1582 1655
f 1180 1656 1657
f 1658 1190 1657
f 1657 1190 1178
f 1657 1178 1180
f 1592 1652 1593
f 1593 1652 1659
f 1593 1659 1600
f 1607 1605 1660
f 1660 1605 1603
f 1660 1603 1659
f 1659 1603 1601
f 1659 1601 1600
f 1582 1598 1655
f 1655 1598 1611
f 1655 1611 1660
f 1660 1611 1609
f 1660 1609 1607
f 1177 1374 1139
f 1139 1374 1131
f 1661 1132 1662
f 1662 1132 1131
f 1662 1131 1663
f 1663 1131 1374
f 1180 1182 1656
f 1656 1182 1184
f 1656 1184 1661
f 1661 1184 1186
f 1661 1186 1132
f 1617 1618 1653
f 1653 1618 1136
f 1653 1136 1664
f 1664 1136 1129
f 1664 1129 1658
f 1658 1129 1128
f 1658 1128 1190
f 1290 1291 997
f 997 988 1290
f 1290 988 990
f 1290 990 1289
f 1289 990 994
f 1289 994 1288
f 1288 994 993
f 1288 993 1287
f 1287 993 821
f 1287 821 1590
f 933 1261 1260
f 1264 871 869
f 875 1263 873
f 873 1263 1264
f 873 1264 868
f 868 1264 869
f 871 1264 872
f 872 1264 1265
f 872 1265 860
f 860 1265 1266
f 860 1266 862
f 862 1266 1267
f 862 1267 864
f 864 1267 866
f 866 1267 1268
f 866 1268 867
f 867 1268 1269
f 867 1269 854
f 852 858 1127
f 1127 858 857
f 1127 857 1269
f 1269 857 855
f 1269 855 854
f 852 1127 853
f 853 1127 1126
f 853 1126 844
f 1259 889 1260
f 1260 889 890
f 1260 890 933
f 1124 886 1259
f 1259 886 887
f 1259 887 889
f 1123 879 1124
f 1124 879 884
f 1124 884 886
f 875 878 1263
f 1263 878 877
f 1263 877 1262
f 1262 877 881
f 1262 881 1123
f 1123 881 880
f 1123 880 879
f 844 1126 846
f 846 1126 1628
f 846 1628 848
f 848 1628 1630
f 848 1630 840
f 840 1630 1631
f 840 1631 841
f 841 1631 1633
f 841 1633 842
f 842 1633 1635
f 842 1635 836
f 836 1635 1636
f 1638 839 1636
f 1636 839 838
f 1636 838 836
f 1645 828 1644
f 1644 828 829
f 1644 829 1642
f 1642 829 831
f 1642 831 1640
f 1640 831 834
f 1640 834 1638
f 1638 834 833
f 1638 833 839
f 1596 1590 821
f 821 822 1596
f 1596 822 823
f 1596 823 1647
f 1647 823 825
f 1647 825 1645
f 1645 825 826
f 1645 826 828
f 1308 1484 1665
f 1651 1666 1280
f 1280 1666 1667
f 1280 1667 1397
f 1397 1667 1668
f 1397 1668 1398
f 1398 1668 1669
f 1398 1669 1484
f 1484 1669 1670
f 1484 1670 1665
f 1665 1671 1308
f 1308 1671 1672
f 1308 1672 1309
f 1309 1672 1673
f 1309 1673 1373
f 1373 1673 1674
f 1373 1674 1371
f 1371 1674 1675
f 1371 1675 1369
f 1369 1675 1367
f 1367 1675 1365
f 1365 1675 1676
f 1365 1676 1363
f 1363 1676 1390
f 1390 1676 1677
f 1390 1677 1388
f 1388 1677 1386
f 1386 1677 1678
f 1386 1678 1384
f 1374 1375 1663
f 1663 1375 1377
f 1663 1377 1679
f 1679 1377 1379
f 1679 1379 1678
f 1678 1379 1381
f 1678 1381 1384
f 1680 1681 1682
f 1682 1681 1683
f 1684 1119 1118
f 1685 1686 1687
f 1687 1686 1688
f 1689 1690 1684
f 1684 1690 1120
f 1684 1120 1119
f 1689 1691 1690
f 1690 1691 1692
f 1690 1692 1693
f 1685 1687 1681
f 1681 1687 1694
f 1681 1694 1683
f 1118 1121 1684
f 1684 1121 1687
f 1684 1687 1695
f 1695 1687 1688
f 1696 1697 1682
f 1682 1697 1698
f 1682 1698 1699
f 1700 1701 1702
f 1702 1701 1703
f 1693 1704 1690
f 1690 1704 1703
f 1690 1703 1705
f 1705 1703 1701
f 1699 1706 1682
f 1682 1706 1707
f 1682 1707 1680
f 910 908 1120
f 1684 1695 1102
f 910 1120 911
f 911 1120 1690
f 911 1690 913
f 913 1690 1705
f 913 1705 914
f 1701 900 899
f 1701 899 1705
f 1705 899 904
f 1705 904 914
f 1700 898 783
f 1700 783 1701
f 1701 783 901
f 1701 901 900
f 894 893 1702
f 1702 893 892
f 1702 892 1700
f 1700 892 897
f 1700 897 898
f 894 1702 786
f 786 1702 1703
f 786 1703 891
f 891 1703 789
f 789 1703 1704
f 789 1704 790
f 1693 1015 1704
f 1704 1015 1014
f 1014 1013 1704
f 1704 1013 1012
f 1704 1012 790
f 1692 1088 1693
f 1693 1088 1048
f 1693 1048 1047
f 1047 1009 1693
f 1693 1009 1008
f 1693 1008 1015
f 1689 1098 1691
f 1691 1098 1099
f 1691 1099 1692
f 1692 1099 1087
f 1692 1087 1088
f 1102 1103 1684
f 1684 1103 1104
f 1684 1104 1689
f 1689 1104 1105
f 1689 1105 1098
f 1695 1688 1102
f 1102 1688 1095
f 1688 1686 1095
f 1095 1686 1096
f 1686 1685 1096
f 1096 1685 1097
f 810 1077 1696
f 1696 1077 1076
f 1696 1076 1697
f 1697 1076 1075
f 1697 1075 1698
f 1698 1075 1081
f 810 1696 812
f 812 1696 1682
f 812 1682 814
f 814 1682 807
f 807 1682 1683
f 807 1683 808
f 1694 804 1683
f 1683 804 802
f 1683 802 808
f 799 792 1694
f 1694 792 805
f 1694 805 804
f 1694 1687 799
f 799 1687 1121
f 799 1121 797
f 1097 1685 1089
f 1089 1685 1681
f 1089 1681 1090
f 1090 1681 1680
f 1090 1680 1092
f 1092 1680 1093
f 1093 1680 1106
f 1106 1680 1707
f 1106 1707 1107
f 1112 1111 1706
f 1706 1111 1110
f 1706 1110 1707
f 1707 1110 1109
f 1707 1109 1107
f 1112 1706 1113
f 1113 1706 1699
f 1113 1699 1114
f 1081 1117 1698
f 1698 1117 1116
f 1698 1116 1699
f 1699 1116 1115
f 1699 1115 1114
f 1708 1442 1709
f 1709 1442 1441
f 1709 1441 1710
f 1710 1441 1439
f 1710 1439 1711
f 1711 1439 1437
f 1711 1437 1712
f 1712 1437 1436
f 1712 1436 1713
f 1713 1436 1466
f 1713 1466 1714
f 1714 1466 1453
f 1714 1453 1715
f 1715 1453 1455
f 1715 1455 1716
f 1716 1455 1452
f 1716 1452 1717
f 1717 1452 1450
f 1717 1450 1718
f 1718 1450 1448
f 1718 1448 1719
f 1719 1448 1447
f 1719 1447 1720
f 1720 1447 1415
f 1720 1415 1721
f 1721 1415 1414
f 1721 1414 1722
f 1722 1414 1421
f 1722 1421 1723
f 1723 1421 1423
f 1723 1423 1724
f 1724 1423 1431
f 1724 1431 1725
f 1725 1431 1432
f 1725 1432 1726
f 1726 1432 1443
f 1726 1443 1708
f 1708 1443 1442
f 1708 1709 1727
f 1724 1725 1727
f 1727 1725 1726
f 1727 1726 1708
f 1721 1722 1727
f 1727 1722 1723
f 1727 1723 1724
f 1718 1719 1727
f 1727 1719 1720
f 1727 1720 1721
f 1715 1716 1727
f 1727 1716 1717
f 1727 1717 1718
f 1712 1713 1727
f 1727 1713 1714
f 1727 1714 1715
f 1709 1710 1727
f 1727 1710 1711
f 1727 1711 1712
f 1728 1729 1730
f 1730 1729 1731
f 1730 1731 1732
f 1732 1731 1733
f 1732 1733 1734
f 1735 1736 1737
f 1737 1736 1738
f 1737 1738 1739
f 1739 1738 1740
f 1739 1740 1741
f 1742 1743 1744
f 1744 1743 1745
f 1744 1745 1735
f 1735 1745 1746
f 1735 1746 1736
f 1747 1748 1749
f 1749 1748 1750
f 1749 1750 1742
f 1742 1750 1751
f 1742 1751 1743
f 1752 1753 1754
f 1754 1753 1755
f 1754 1755 1756
f 1756 1755 1757
f 1756 1757 1747
f 1747 1757 1758
f 1747 1758 1748
f 1759 1760 1761
f 1761 1760 1762
f 1761 1762 1752
f 1752 1762 1763
f 1752 1763 1753
f 1733 1764 1734
f 1734 1764 1765
f 1734 1765 1766
f 1766 1765 1767
f 1766 1767 1759
f 1759 1767 1768
f 1759 1768 1760
f 1740 1769 1741
f 1741 1769 1770
f 1741 1770 1771
f 1771 1770 1772
f 1771 1772 1773
f 1773 1772 1774
f 1773 1774 1728
f 1728 1774 1775
f 1728 1775 1729
f 1758 1757 1679
f 1679 1678 1758
f 1758 1678 1677
f 1758 1677 1748
f 1748 1677 1676
f 1748 1676 1750
f 1750 1676 1675
f 1750 1675 1751
f 1751 1675 1674
f 1751 1674 1743
f 1743 1674 1673
f 1743 1673 1745
f 1745 1673 1672
f 1745 1672 1746
f 1746 1672 1671
f 1746 1671 1736
f 1736 1671 1665
f 1736 1665 1738
f 1738 1665 1670
f 1738 1670 1740
f 1740 1670 1669
f 1740 1669 1769
f 1769 1669 1668
f 1769 1668 1770
f 1770 1668 1667
f 1770 1667 1772
f 1772 1667 1774
f 1667 1666 1774
f 1774 1666 1651
f 1774 1651 1775
f 1651 1650 1775
f 1775 1650 1654
f 1775 1654 1729
f 1729 1654 1655
f 1729 1655 1731
f 1731 1655 1660
f 1731 1660 1733
f 1733 1660 1659
f 1733 1659 1764
f 1764 1659 1652
f 1764 1652 1765
f 1765 1652 1653
f 1765 1653 1767
f 1767 1653 1664
f 1767 1664 1768
f 1768 1664 1658
f 1768 1658 1760
f 1760 1658 1657
f 1760 1657 1762
f 1762 1657 1656
f 1762 1656 1763
f 1763 1656 1661
f 1763 1661 1753
f 1753 1661 1662
f 1753 1662 1755
f 1755 1662 1663
f 1755 1663 1757
f 1757 1663 1679
f 1747 1749 1776
f 1776 1749 1777
f 1777 1749 1742
f 1777 1742 1778
f 1778 1742 1744
f 1778 1744 1779
f 1779 1744 1735
f 1779 1735 1780
f 1780 1735 1737
f 1780 1737 1781
f 1781 1737 1739
f 1781 1739 1782
f 1782 1739 1741
f 1782 1741 1783
f 1783 1741 1771
f 1783 1771 1784
f 1784 1771 1773
f 1784 1773 1728
f 1776 1785 1747
f 1747 1785 1786
f 1747 1786 1756
f 1756 1786 1787
f 1756 1787 1754
f 1754 1787 1788
f 1754 1788 1752
f 1752 1788 1789
f 1752 1789 1761
f 1761 1789 1790
f 1761 1790 1759
f 1759 1790 1791
f 1759 1791 1766
f 1766 1791 1792
f 1766 1792 1734
f 1734 1792 1793
f 1734 1793 1732
f 1732 1793 1794
f 1732 1794 1730
f 1730 1794 1795
f 1730 1795 1728
f 1728 1795 1796
f 1728 1796 1784
f 1784 1796 1797
f 1784 1797 1783
f 1783 1797 1798
f 1783 1798 1782
f 1782 1798 1799
f 1782 1799 1781
f 1781 1799 1800
f 1781 1800 1780
f 1780 1800 1801
f 1780 1801 1779
f 1779 1801 1802
f 1779 1802 1778
f 1778 1802 1803
f 1778 1803 1777
f 1777 1803 1804
f 1777 1804 1776
f 1776 1804 1805
f 1776 1805 1785
f 1785 1805 1806
f 1785 1806 1786
f 1786 1806 1787
f 1797 1796 1807
f 1797 1807 1798
f 1801 1800 1807
f 1807 1800 1799
f 1807 1799 1798
f 1804 1803 1807
f 1807 1803 1802
f 1807 1802 1801
f 1787 1806 1807
f 1807 1806 1805
f 1807 1805 1804
f 1790 1789 1807
f 1807 1789 1788
f 1807 1788 1787
f 1793 1792 1807
f 1807 1792 1791
f 1807 1791 1790
f 1796 1795 1807
f 1807 1795 1794
f 1807 1794 1793
f 1785 1786 1783
f 1783 1786 1784
f 1783 1782 1785
f 1785 1782 1781
f 1785 1781 1780
f 1777 1776 1778
f 1778 1776 1785
f 1778 1785 1779
f 1779 1785 1780
f 1784 1786 1783
f 1783 1786 1785
f 1781 1782 1780
f 1780 1782 1783
f 1780 1783 1779
f 1779 1783 1778
f 1785 1776 1783
f 1783 1776 1777
f 1783 1777 1778

