# https://github.com/mikedh/trimesh

o right_hip_roll_link.STL
v 0.02300389 -0.12122940 0.03649651
v 0.02300388 -0.12122940 0.04426261
v 0.02300389 -0.12169045 0.03649651
v 0.02300388 -0.12412407 0.04426261
v 0.02300389 -0.12412407 0.03649651
v -0.02299999 -0.01157854 0.03550125
v -0.02300000 -0.01157852 0.03350125
v -0.01897243 -0.01741002 0.03350125
v -0.01897243 -0.01741005 0.03550125
v -0.01350769 -0.02192270 0.03350125
v -0.01350769 -0.02192269 0.03550125
v -0.00701972 -0.02477470 0.03350125
v -0.00701972 -0.02477469 0.03550125
v 0.00000000 -0.02575000 0.03350125
v -0.00000000 -0.02575000 0.03550125
v 0.00701972 -0.02477470 0.03350125
v 0.00701972 -0.02477469 0.03550125
v 0.01350768 -0.02192271 0.03350125
v 0.01350769 -0.02192270 0.03550125
v 0.01897244 -0.01741004 0.03350125
v 0.01897243 -0.01741003 0.03550125
v 0.02300001 -0.01157852 0.03350125
v 0.02300000 -0.01157854 0.03550125
v -0.04702218 -0.00990872 0.04948333
v -0.04727978 -0.01106309 0.04810600
v -0.04729442 -0.01124404 0.04825447
v -0.04700341 -0.01291194 0.05211082
v -0.04735400 -0.01290948 0.04960189
v -0.04729977 -0.01417395 0.05060938
v -0.04433465 -0.00221130 0.05863459
v -0.04446560 -0.00106187 0.05711710
v -0.04593801 -0.00569561 0.05366570
v -0.04540914 -0.00744800 0.05717831
v -0.04394867 -0.00339586 0.06008228
v -0.04570358 -0.00834343 0.05646690
v -0.04642655 -0.01072602 0.05438490
v 0.04762135 -0.01106359 0.04810601
v 0.04736316 -0.00990886 0.04948291
v 0.04769555 -0.01290998 0.04960190
v 0.04737679 -0.01253560 0.05178702
v 0.04764132 -0.01417443 0.05060938
v 0.04734532 -0.01291242 0.05211088
v 0.04457812 -0.00263595 0.05906071
v 0.04429054 -0.00339630 0.06008236
v 0.04522215 -0.00591590 0.05833082
v 0.04470582 -0.00120502 0.05691523
v 0.04529881 -0.00283167 0.05581901
v 0.04568683 -0.00725835 0.05732543
v 0.04589837 -0.00462090 0.05448223
v 0.04661456 -0.01019357 0.05488005
v 0.04665781 -0.00716181 0.05230488
v 0.04683745 -0.00782028 0.05167810
v -0.02294152 0.02567069 0.06732925
v -0.01831299 0.02783214 0.06757955
v -0.01860764 0.02876988 0.06607138
v -0.02067382 0.02524597 0.06839570
v -0.01783668 0.02648679 0.06853078
v -0.01809424 0.02719747 0.06815942
v -0.02426619 0.02321163 0.06816866
v -0.02722106 0.02288781 0.06697367
v -0.02765846 0.02071837 0.06786025
v -0.03106769 0.01954608 0.06650187
v -0.03082174 0.01775548 0.06746930
v -0.03440665 0.01570945 0.06593809
v -0.03343411 0.01472366 0.06701273
v -0.03156974 0.02033479 0.06505394
v -0.03255383 0.01931832 0.06491820
v -0.03499921 0.01646602 0.06448942
v -0.02948541 0.02226243 0.06530935
v -0.02247770 0.02701808 0.06588097
v -0.02612336 0.02483616 0.06563331
v -0.02766654 0.02372911 0.06549777
v -0.04260179 0.00329977 0.05958888
v -0.04243792 0.00214977 0.06108662
v -0.04044942 0.00774318 0.06164751
v -0.04015872 0.00668453 0.06311240
v -0.03796815 0.01217481 0.06332919
v -0.03752704 0.01124563 0.06476542
v -0.03580082 0.01150350 0.06626324
v -0.04162244 0.00168703 0.06281286
v -0.03903413 0.00639215 0.06468235
v -0.03739440 0.00908021 0.06556742
v 0.02941184 0.02245943 0.06517991
v 0.02617242 0.02496541 0.06557398
v 0.02643205 0.02366969 0.06704402
v 0.02784551 0.02084584 0.06787674
v 0.03098536 0.01794132 0.06749387
v 0.03062358 0.01932552 0.06712372
v 0.03236982 0.01958321 0.06469800
v 0.03144021 0.02055680 0.06486090
v 0.03103548 0.01978191 0.06645112
v 0.03504203 0.01636578 0.06410186
v 0.03495996 0.01606158 0.06478319
v 0.03442748 0.01536072 0.06619229
v 0.03377600 0.01472337 0.06701291
v 0.02563903 0.02251802 0.06808574
v 0.02606311 0.02313416 0.06766320
v 0.02440364 0.02334329 0.06818349
v 0.02081819 0.02534324 0.06840573
v 0.02266778 0.02708043 0.06586786
v 0.01894962 0.02876967 0.06607137
v 0.02103177 0.02682406 0.06745605
v 0.01870210 0.02781861 0.06757426
v 0.01845478 0.02719468 0.06815639
v 0.01817863 0.02648659 0.06853072
v 0.01192869 0.03074964 0.06639951
v 0.01177931 0.02970518 0.06793673
v 0.01166540 0.02900125 0.06851016
v 0.01154326 0.02821058 0.06886102
v 0.04303606 -0.00049195 0.06176788
v 0.04299189 0.00179399 0.06079242
v 0.04108367 0.00336072 0.06353005
v 0.04085664 0.00575413 0.06282739
v 0.04022638 0.00491394 0.06414235
v 0.04113312 0.00663425 0.06095068
v 0.04299778 0.00288404 0.05925105
v 0.04445522 -0.00055537 0.05732464
v 0.03612948 0.01152016 0.06626763
v 0.03780239 0.00897483 0.06553484
v 0.03758514 0.01051898 0.06521790
v 0.03487332 0.01328963 0.06670845
v 0.03793167 0.01098473 0.06446406
v 0.03723964 0.01323033 0.06326582
v 0.04084504 0.00595243 0.06270646
v -0.00541503 0.03160537 0.06660420
v -0.00451877 0.03052405 0.06819269
v 0.00017101 0.03184425 0.06666210
v 0.00017086 0.03113675 0.06776738
v 0.00017075 0.03066806 0.06825018
v -0.00446771 0.02974570 0.06876320
v 0.00017071 0.03014087 0.06865626
v -0.01120129 0.02821069 0.06886104
v -0.00615792 0.02877844 0.06906407
v -0.00542907 0.02882625 0.06908387
v -0.00444561 0.02887927 0.06910697
v -0.00119671 0.02897299 0.06915324
v 0.00017099 0.02898054 0.06915858
v -0.01522849 0.02989213 0.06621947
v -0.01381503 0.02921143 0.06780431
v -0.01367002 0.02853546 0.06838009
v -0.00909944 0.02933129 0.06861538
v -0.00919394 0.03006116 0.06804318
v -0.01090629 0.03087752 0.06642981
v -0.01439409 0.02756798 0.06869011
v -0.01688655 0.02510766 0.06902850
v -0.01456222 0.02657709 0.06893138
v -0.02158696 0.02304362 0.06880218
v -0.01992585 0.02269270 0.06917468
v -0.02508710 0.01934469 0.06895751
v -0.02488788 0.01688284 0.06957165
v -0.02260394 0.01992771 0.06935085
v -0.02024810 0.02239632 0.06919280
v -0.02563581 0.01568199 0.06966939
v -0.02817308 0.01599309 0.06891436
v -0.02678359 0.01353900 0.06985880
v -0.03072593 0.01328527 0.06867246
v -0.02755017 0.01182293 0.07002252
v -0.02877194 0.00822182 0.07040986
v -0.02982767 0.00052850 0.07145467
v -0.02953329 0.00449517 0.07088048
v -0.02981982 0.00565856 0.07057975
v -0.02923062 0.00627364 0.07064641
v -0.03308709 -0.02162390 0.07260206
v -0.02774246 -0.02164451 0.07452089
v -0.02744553 -0.01256495 0.07376325
v -0.02932059 -0.00533798 0.07242952
v -0.03055577 -0.00340414 0.07177271
v -0.02962035 -0.00333716 0.07207797
v -0.02416061 -0.01763216 0.07501201
v -0.02171315 -0.02066424 0.07574356
v -0.02209598 -0.02169874 0.07577458
v -0.02070137 -0.02171331 0.07600299
v -0.02507216 -0.01625980 0.07469214
v -0.02619617 -0.01431544 0.07425088
v -0.02778138 -0.01082865 0.07349937
v -0.02893407 -0.00714047 0.07276511
v -0.03999364 -0.00348306 0.06591702
v -0.04229476 -0.00364829 0.06309286
v -0.04443196 -0.01268469 0.06082944
v -0.03913211 0.00560677 0.06481467
v -0.03642679 0.00573415 0.06730705
v -0.03327889 0.00574608 0.06921478
v -0.03721425 -0.00337883 0.06835881
v -0.03402686 -0.00335595 0.07030576
v -0.03782172 -0.02166449 0.06984951
v -0.04159033 -0.02178011 0.06627547
v -0.04340768 -0.02189427 0.06369442
v -0.04460029 -0.02200253 0.06143136
v -0.01625266 -0.02534626 0.07691898
v -0.02242212 -0.03257035 0.07671584
v -0.01116189 -0.02807052 0.07761420
v -0.01102229 -0.03266026 0.07801942
v -0.00561416 -0.02976042 0.07804670
v -0.01049307 -0.04370422 0.07883995
v -0.00914572 -0.04371954 0.07891916
v 0.00017068 -0.03033323 0.07819521
v 0.00017083 -0.04377144 0.07916136
v -0.01652721 -0.04360938 0.07832005
v -0.02215306 -0.04347670 0.07753529
v -0.02800797 -0.03253968 0.07542145
v -0.02659186 -0.04329706 0.07655523
v -0.03043604 -0.04305194 0.07530556
v -0.03329540 -0.03254429 0.07341840
v -0.03313352 -0.04281390 0.07412387
v -0.03911734 -0.04197069 0.07005613
v -0.03790168 -0.04219127 0.07110373
v -0.03799855 -0.03260650 0.07054001
v -0.03662772 -0.04239045 0.07205994
v -0.03375505 -0.04274936 0.07380647
v -0.04167439 -0.03157752 0.06686322
v -0.04163261 -0.04138219 0.06731891
v -0.04127086 -0.04148087 0.06777261
v 0.01722848 0.02510749 0.06902850
v 0.01877337 0.02395909 0.06909809
v 0.02192888 0.02304339 0.06880217
v 0.02542898 0.01934445 0.06895752
v 0.02410616 0.01847931 0.06945150
v 0.02620837 0.01528357 0.06970325
v 0.02851494 0.01599280 0.06891436
v 0.03130343 0.01340176 0.06854973
v 0.02834985 0.01202235 0.06985916
v 0.02789197 0.01182267 0.07002251
v 0.02163254 0.02137291 0.06925654
v 0.01399086 0.02707467 0.06890368
v 0.00602794 0.03044112 0.06816415
v 0.00596670 0.02967311 0.06873504
v 0.00641242 0.02878454 0.06906657
v 0.00032489 0.02898083 0.06915838
v 0.00152239 0.02897315 0.06915337
v 0.00478856 0.02887917 0.06910694
v 0.00576264 0.02882672 0.06908408
v 0.00577588 0.03160366 0.06660381
v 0.01069400 0.03097503 0.06645330
v 0.00595555 -0.02976050 0.07804669
v 0.03481139 -0.02162839 0.07193036
v 0.03363675 -0.03254464 0.07341840
v 0.03816319 -0.02166488 0.06984951
v 0.03833991 -0.03260688 0.07054000
v 0.03936164 -0.02169050 0.06889543
v 0.04193179 -0.02178053 0.06627546
v 0.04200012 -0.03834940 0.06719134
v 0.03979402 -0.04190150 0.06974003
v 0.04197429 -0.04138263 0.06731892
v 0.03347472 -0.04281419 0.07412332
v 0.03422320 -0.04273573 0.07373842
v 0.03708149 -0.04237188 0.07197969
v 0.03824273 -0.04218866 0.07110341
v 0.03094852 -0.04303820 0.07523967
v 0.02834933 -0.03253997 0.07542145
v 0.02710612 -0.04328741 0.07650799
v 0.02276347 -0.03257059 0.07671585
v 0.02267419 -0.04347158 0.07750166
v 0.03342856 -0.02162423 0.07260206
v 0.02896841 -0.02163842 0.07426316
v 0.02104283 -0.02171353 0.07600299
v 0.01659409 -0.02534644 0.07691897
v 0.01136365 -0.03266038 0.07801941
v 0.01150329 -0.02807064 0.07761420
v 0.00982107 -0.04371601 0.07890104
v 0.01145479 -0.04369662 0.07879841
v 0.01728539 -0.04360392 0.07827366
v 0.02202602 -0.04349071 0.07761490
v 0.03676852 0.00573379 0.06730705
v 0.03362064 0.00574573 0.06921479
v 0.03436853 -0.00335632 0.07030577
v 0.02360561 -0.01883851 0.07529919
v 0.02912635 0.00817463 0.07041531
v 0.02957236 0.00627333 0.07064641
v 0.03016157 0.00565825 0.07057975
v 0.04033530 -0.00348346 0.06591701
v 0.03947386 0.00560638 0.06481468
v 0.03755589 -0.00337923 0.06835882
v 0.04263641 -0.00364873 0.06309287
v 0.04326189 -0.02185921 0.06446946
v 0.04494175 -0.02200300 0.06143136
v 0.04477157 -0.01262934 0.06082542
v 0.02577279 -0.01567292 0.07455738
v 0.02989036 0.00438364 0.07089563
v 0.03016936 0.00052820 0.07145467
v 0.03089743 -0.00340445 0.07177271
v 0.03014721 -0.00095063 0.07168548
v 0.02975212 -0.00482388 0.07233695
v 0.03136664 -0.01251302 0.07261273
v 0.02887214 -0.00862426 0.07305288
v 0.02778709 -0.01256523 0.07376325
v 0.02806141 -0.01098877 0.07353260
v 0.02753653 -0.01225670 0.07380046
v 0.03479787 -0.01249802 0.07109571
v -0.00345938 0.02675639 0.06950688
v -0.00419495 0.02803670 0.06928778
v -0.00827711 0.02678709 0.06937460
v 0.00017098 0.02700022 0.06949418
v 0.00017099 0.02852219 0.06925192
v -0.01498346 0.02234719 0.06975707
v -0.01366602 0.02318645 0.06970508
v -0.01044196 0.02482888 0.06961098
v -0.00700663 0.02602861 0.06954606
v -0.00860156 0.02783221 0.06914756
v -0.01784256 0.02011525 0.06990279
v -0.02037072 0.01752345 0.07009644
v -0.02252647 0.01462644 0.07034473
v -0.02418938 0.01164511 0.07063846
v -0.02463901 0.01065297 0.07074628
v -0.02834313 0.00057408 0.07182111
v -0.02682259 0.00059548 0.07207874
v -0.02657387 0.00370556 0.07161639
v -0.02584004 0.00724125 0.07114536
v -0.02621615 0.00572011 0.07134102
v -0.02058096 -0.01961515 0.07578728
v -0.02665936 -0.00301923 0.07265376
v -0.02788550 -0.00501490 0.07274080
v -0.02641453 -0.00470887 0.07294298
v -0.02382292 -0.01542041 0.07482523
v -0.02358826 -0.01282661 0.07450390
v -0.02636405 -0.01040156 0.07376242
v -0.02489870 -0.01002494 0.07393385
v -0.02601449 -0.00658021 0.07327786
v -0.01932099 -0.01868238 0.07579385
v -0.02165030 -0.01590071 0.07516529
v -0.02255460 -0.01457934 0.07487655
v -0.01853709 -0.01946695 0.07597694
v 0.00017071 -0.02699913 0.07780846
v -0.00244510 -0.02687243 0.07777637
v -0.01577112 -0.02179022 0.07652632
v -0.01451782 -0.02265376 0.07673492
v -0.00498859 -0.02650155 0.07768421
v -0.00598613 -0.02628781 0.07763100
v -0.00942721 -0.02523543 0.07736927
v -0.01270996 -0.02372861 0.07699723
v 0.02498052 0.01065261 0.07074634
v 0.02604743 0.00770673 0.07108759
v 0.02655768 0.00571979 0.07134107
v 0.02684483 0.00418269 0.07154948
v 0.02716417 0.00059520 0.07207876
v 0.02868482 0.00057378 0.07182116
v 0.01532526 0.02234687 0.06975710
v 0.01622637 0.02170867 0.06979635
v 0.02333906 0.01386785 0.07041573
v 0.01884636 0.01950154 0.06994630
v 0.02129182 0.01682030 0.07015351
v 0.01218543 0.02418193 0.06964717
v 0.00172937 0.02695550 0.06949615
v 0.00453692 0.02803665 0.06928777
v 0.00861908 0.02678699 0.06937460
v 0.00894380 0.02783296 0.06914736
v 0.00883508 0.02557226 0.06957057
v 0.00532748 0.02650428 0.06952047
v 0.00017084 0.00002377 0.07364722
v -0.01080169 0.00010881 0.07341390
v -0.01997138 0.00032735 0.07281376
v 0.00373752 -0.02676273 0.07774913
v 0.00533000 -0.02650161 0.07768422
v 0.00724276 -0.02605672 0.07757343
v 0.01062210 -0.02489419 0.07728463
v 0.01381496 -0.02329799 0.07689177
v 0.01485927 -0.02265393 0.07673492
v 0.01887859 -0.01946716 0.07597694
v 0.01678008 -0.02128619 0.07640547
v 0.02716555 -0.00051802 0.07224888
v 0.02822713 -0.00501517 0.07274082
v 0.02670561 -0.01040184 0.07376242
v 0.02092244 -0.01961535 0.07578729
v 0.02131364 -0.01679217 0.07536367
v 0.02416444 -0.01542065 0.07482522
v 0.02336864 -0.01381575 0.07471268
v 0.02500808 -0.01058752 0.07404569
v 0.02685107 -0.00413789 0.07284380
v 0.02675608 -0.00470912 0.07294299
v 0.02605467 -0.00768159 0.07348203
v 0.01826871 0.00026541 0.07298333
v 0.01379215 0.00015684 0.07328167
v 0.01380589 0.00015710 0.07328090
v 0.00915417 0.00008000 0.07349274
v 0.01897244 0.01741003 0.03350125
v -0.02300000 0.01157853 0.03350125
v -0.01897243 0.01741005 0.03350125
v 0.02300000 0.01157853 0.03350125
v -0.01350769 0.02192271 0.03350125
v -0.00701971 0.02477470 0.03350125
v 0.01350768 0.02192271 0.03350125
v -0.00000000 0.02575001 0.03350125
v 0.00701971 0.02477470 0.03350125
v 0.02299999 0.01157853 0.03550125
v 0.01897243 0.01741003 0.03550125
v 0.01350769 0.02192271 0.03550125
v 0.00701972 0.02477471 0.03550125
v 0.00000001 0.02574999 0.03550125
v -0.00701972 0.02477471 0.03550125
v -0.01350769 0.02192269 0.03550125
v -0.01897244 0.01741002 0.03550125
v -0.02299999 0.01157853 0.03550125
v 0.03111678 -0.12122943 0.07083441
v 0.03085406 -0.12122941 0.07099911
v 0.01753303 -0.12122937 0.04934727
v -0.04177934 -0.12122919 0.04356018
v -0.04203912 -0.12122919 0.04009593
v -0.03733868 -0.12122922 0.03550125
v -0.04246464 -0.12122921 0.03626644
v -0.04256579 -0.12122919 0.03550125
v 0.01494050 -0.12122937 0.07549267
v 0.01410448 -0.12122937 0.07557666
v 0.01097570 -0.12122936 0.05292291
v -0.02578785 -0.12122924 0.02500125
v -0.02508019 -0.12122925 0.03099654
v 0.00373831 -0.12122934 0.05476791
v -0.01501778 -0.12122928 0.07544753
v -0.04102400 -0.12122920 0.05079316
v -0.04116024 -0.12122921 0.04981264
v -0.02508020 -0.12122925 0.01900596
v -0.02299611 -0.12122925 0.00573989
v -0.02299612 -0.12122926 0.01334018
v -0.02299613 -0.12122926 0.04426261
v -0.02299612 -0.12122925 0.03666231
v 0.02248595 -0.12122939 0.07426298
v 0.01975704 -0.12122939 0.07482427
v 0.03983157 -0.12122944 0.03550125
v 0.04290678 -0.12122945 0.03550125
v 0.04280563 -0.12122945 0.03626645
v 0.02502594 -0.12122940 0.03090625
v 0.04088690 -0.12122944 0.03030776
v 0.02571215 -0.12122940 0.02500125
v 0.02849231 -0.12122940 0.07225756
v 0.02561051 -0.12122940 0.07338484
v 0.04241443 -0.12122944 0.03972416
v -0.03783669 -0.12122921 0.06258052
v -0.03809061 -0.12122922 0.06201921
v -0.01752527 -0.12122927 0.04934727
v -0.01096794 -0.12122930 0.05292291
v -0.00787769 -0.12122931 0.07597400
v -0.00373055 -0.12122931 0.05476791
v 0.00017044 -0.12122932 0.07613184
v 0.00741699 -0.12122934 0.07600649
v -0.03839397 -0.12122921 0.03030811
v -0.03875356 -0.12122922 0.02495703
v -0.03775075 -0.12122922 0.01605619
v -0.03938698 -0.12122920 0.05846571
v -0.04032317 -0.12122921 0.05477016
v 0.04212035 -0.12122945 0.04356016
v 0.04182509 -0.12122945 0.04702779
v 0.04167848 -0.12122945 0.04838282
v -0.02018200 -0.12122927 0.07468268
v -0.02223868 -0.12122926 0.07424065
v -0.02602348 -0.12122925 0.07312436
v 0.00373831 -0.12122934 -0.00476541
v 0.01014693 -0.12122936 -0.01404052
v 0.01097571 -0.12122935 -0.00292041
v 0.01860147 -0.12122938 -0.01108224
v 0.01753303 -0.12122938 0.00065523
v 0.02618575 -0.12122940 -0.00631681
v 0.02300387 -0.12122939 0.00573989
v 0.03251947 -0.12122942 0.00001680
v 0.02300388 -0.12122939 0.01350599
v 0.03728503 -0.12122943 0.00760100
v 0.02502594 -0.12122939 0.01909626
v 0.04024347 -0.12122944 0.01605548
v 0.04124644 -0.12122945 0.02495631
v 0.04085065 -0.12122945 0.05384842
v 0.03971949 -0.12122944 0.05849382
v 0.03927028 -0.12122944 0.05987601
v -0.03511440 -0.12122922 0.06698757
v -0.03013155 -0.12122924 0.07122842
v -0.03456406 -0.12122922 0.06763218
v -0.03250701 -0.12122923 0.06958951
v -0.02928017 -0.12122924 0.07170181
v -0.03674838 -0.12122922 0.06464296
v -0.03479246 -0.12122922 0.00760165
v -0.03002704 -0.12122924 0.00001737
v -0.01752527 -0.12122928 0.00065523
v -0.02369343 -0.12122925 -0.00631636
v -0.01096794 -0.12122929 -0.00292041
v -0.01610923 -0.12122928 -0.01108192
v -0.00373055 -0.12122931 -0.00476541
v -0.00765475 -0.12122929 -0.01404036
v 0.00124608 -0.12122932 -0.01504333
v 0.03583403 -0.12122943 0.06650656
v 0.03397093 -0.12122943 0.06859937
v 0.03177813 -0.12122943 0.07039349
v 0.03793011 -0.12122944 0.06309558
v 0.03630042 -0.12122943 0.06586641
v 0.04124676 -0.07840352 0.03550125
v 0.04124679 -0.07310352 0.03550125
v 0.04688847 -0.06225670 0.03550125
v 0.03983214 -0.07840350 0.03550125
v 0.04404385 -0.10434173 0.03550125
v 0.04346106 -0.11168467 0.03550125
v 0.04707277 -0.01803100 0.03550125
v 0.04720793 -0.02009133 0.03550125
v -0.04667478 -0.05899521 0.03550125
v -0.03875321 -0.07310311 0.03550125
v -0.04579750 -0.07671805 0.03550125
v -0.03875323 -0.07840309 0.03550125
v 0.04605061 -0.07813827 0.03550125
v 0.04568123 -0.08370398 0.03550125
v 0.04541500 -0.08742777 0.03550125
v 0.03623441 -0.07310349 0.03550125
v 0.03620121 -0.07300273 0.03550125
v 0.03619082 -0.07290350 0.03550125
v 0.03619091 -0.06680349 0.03550125
v 0.04723963 -0.05180601 0.03550125
v -0.03369746 -0.06680312 0.03550125
v -0.03369743 -0.07290312 0.03550125
v -0.03374104 -0.07310313 0.03550125
v 0.04724638 -0.02346172 0.03550125
v 0.04737598 -0.03107051 0.03550125
v -0.04277772 -0.11680827 0.03550125
v -0.04294654 -0.11411725 0.03550125
v -0.03733882 -0.07840311 0.03550125
v -0.04370268 -0.10434128 0.03550125
v -0.04530333 -0.08422678 0.03550125
v 0.04720985 -0.02224737 0.03550125
v 0.04407736 0.00479081 0.03550125
v 0.04480628 0.00135658 0.03550125
v -0.03369748 -0.06280312 0.03550125
v 0.03619096 -0.06280349 0.03550125
v 0.04740754 -0.03442870 0.03550125
v 0.04734433 -0.04680781 0.03550125
v 0.04317871 0.00837852 0.03550125
v 0.04150167 0.01383606 0.03550125
v 0.03157977 0.03170317 0.03550125
v 0.03419518 0.02842836 0.03550125
v 0.03082125 0.03253419 0.03550125
v 0.04594110 -0.00552444 0.03550125
v 0.04664014 -0.01164454 0.03550125
v 0.03467872 0.02774302 0.03550125
v 0.03702991 0.02396500 0.03550125
v 0.03936949 0.01927907 0.03550125
v -0.02593879 0.03662835 0.03550125
v -0.02271651 0.03879613 0.03550125
v 0.02793990 0.03528999 0.03550125
v 0.02691182 0.03613871 0.03550125
v 0.01458973 0.04242336 0.03550125
v 0.01840616 0.04110617 0.03550125
v 0.02030281 0.04026903 0.03550125
v 0.02371912 0.03839411 0.03550125
v 0.00017133 0.04435628 0.03550125
v 0.00390083 0.04423564 0.03550125
v 0.00876898 0.04370027 0.03550125
v 0.01366006 0.04268062 0.03550125
v -0.04636493 -0.01239100 0.03550125
v -0.04559893 -0.00552398 0.03550125
v -0.04446558 0.00134913 0.03550125
v -0.04283639 0.00837895 0.03550125
v -0.04147679 0.01289780 0.03550125
v -0.04694519 -0.04979456 0.03550125
v -0.04689795 -0.05180516 0.03550125
v -0.00470115 0.04414934 0.03550125
v -0.00965232 0.04349351 0.03550125
v -0.03005929 0.03297396 0.03550125
v -0.02706767 0.03573551 0.03550125
v -0.03949421 0.01820038 0.03550125
v -0.03914079 0.01902192 0.03550125
v -0.03696061 0.02347194 0.03550125
v -0.03627907 0.02468019 0.03550125
v -0.04706567 -0.03442821 0.03550125
v -0.04706006 -0.03372861 0.03550125
v -0.04690439 -0.02346126 0.03550125
v -0.04686780 -0.02224555 0.03550125
v -0.04686899 -0.02018089 0.03550125
v -0.04673074 -0.01803053 0.03550125
v -0.02159507 0.03943399 0.03550125
v -0.01806981 0.04110468 0.03550125
v -0.01806352 0.04110636 0.03550125
v -0.01753213 0.04131731 0.03550125
v -0.01371189 0.04257434 0.03550125
v -0.01189948 0.04303167 0.03550125
v -0.03385266 0.02842871 0.03550124
v -0.03279929 0.02983004 0.03550125
v 0.04709126 -0.01823528 0.03489643
v 0.04708339 -0.01814616 0.03516170
v 0.04708325 -0.01802493 0.03489921
v 0.04666203 -0.01163314 0.03495758
v 0.04663995 -0.01139210 0.03495891
v 0.04594110 -0.00528239 0.03497693
v 0.04199455 -0.12389813 0.04171189
v 0.04185747 -0.12389845 0.04356341
v 0.04199512 -0.12250728 0.04356076
v 0.04212529 -0.12251905 0.04172475
v 0.04228686 -0.12254695 0.03990271
v 0.04238748 -0.12389757 0.03816415
v 0.04266152 -0.12389726 0.03623215
v 0.03640255 -0.12390188 0.06514936
v 0.00017036 -0.12390337 0.07574043
v 0.00632980 -0.12390339 0.07565561
v 0.01208047 -0.12390339 0.07536613
v 0.02378649 -0.12390317 0.07355296
v 0.02033032 -0.12390327 0.07434168
v 0.01742292 -0.12390333 0.07481336
v 0.02945012 -0.12390286 0.07139125
v 0.02698128 -0.12390301 0.07250747
v 0.03459316 -0.12390226 0.06748499
v 0.03185395 -0.12390263 0.06991536
v 0.03367922 -0.12390240 0.06841289
v 0.03397231 -0.12390236 0.06813018
v 0.04074860 -0.12389995 0.05292632
v 0.03974921 -0.12390065 0.05737457
v 0.03935423 -0.12390086 0.05871028
v 0.03854470 -0.12390123 0.06098217
v 0.03791385 -0.12390146 0.06243359
v 0.04154992 -0.12389901 0.04713529
v -0.03722704 -0.12390152 0.06568426
v -0.03930156 -0.12390085 0.06163712
v -0.03784594 -0.12390088 0.06183388
v -0.03671990 -0.12390125 0.06407575
v -0.03515433 -0.12390164 0.06641687
v -0.03433681 -0.12390210 0.06922053
v 0.04311035 -0.12389847 0.04364898
v 0.04212165 -0.12389986 0.05236800
v -0.04460956 -0.12389495 0.02535917
v -0.04460953 -0.12389496 0.02535557
v -0.04341964 -0.12389497 0.02535556
v 0.02932139 -0.12390310 0.07288759
v 0.03305399 -0.12390275 0.07061611
v 0.03482919 -0.12390251 0.06907383
v 0.03640036 -0.12390223 0.06732472
v 0.03880874 -0.12390164 0.06348842
v 0.04056462 -0.12390094 0.05906998
v 0.04387671 -0.12389729 0.03641010
v 0.04468501 -0.12389641 0.03087368
v 0.04365787 -0.12389609 0.02890722
v 0.04495103 -0.12389553 0.02535917
v 0.04376062 -0.12389545 0.02535556
v 0.04495100 -0.12389546 0.02535556
v -0.04434354 -0.12389585 0.03087368
v -0.04109374 -0.12389991 0.05584285
v -0.03991573 -0.12389983 0.05535243
v -0.03900807 -0.12390038 0.05872673
v -0.02126667 -0.12390317 0.07539625
v -0.02651120 -0.12390291 0.07392637
v -0.02677919 -0.12390267 0.07245295
v -0.03328608 -0.12390198 0.06846186
v -0.03248189 -0.12390210 0.06916859
v -0.03090567 -0.12390254 0.07184740
v -0.03006782 -0.12390240 0.07085785
v -0.02727905 -0.12390264 0.07224929
v 0.01886382 -0.12390351 0.07589796
v 0.02465915 -0.12390335 0.07464132
v -0.04239256 -0.12389860 0.04787638
v -0.04276890 -0.12389793 0.04364895
v -0.04151653 -0.12389792 0.04356341
v -0.04100112 -0.12389880 0.04897454
v -0.04072146 -0.12389912 0.05102183
v -0.04020537 -0.12389961 0.05399298
v -0.04330562 -0.12389557 0.02906486
v -0.04287910 -0.12389615 0.03272490
v -0.04353526 -0.12389674 0.03641010
v -0.04232056 -0.12389673 0.03623215
v -0.04166154 -0.12389760 0.04161751
v 0.00017045 -0.12390357 0.07703114
v 0.01160216 -0.12390360 0.07669164
v -0.02290970 -0.12390289 0.07369511
v -0.01837384 -0.12390308 0.07462186
v -0.01463794 -0.12390339 0.07640316
v -0.01587287 -0.12390314 0.07496964
v -0.00595109 -0.12390353 0.07694608
v -0.00890442 -0.12390327 0.07554019
v -0.04194587 -0.12254655 0.03990271
v -0.04178431 -0.12251867 0.04172475
v -0.04844887 -0.01818336 0.03489711
v -0.04825102 -0.01645629 0.03929583
v -0.04802272 -0.01157138 0.03495792
v -0.04792424 -0.01437158 0.04330895
v -0.04728027 -0.00500269 0.03497716
v -0.04747422 -0.01198879 0.04690566
v -0.04495212 -0.12340065 0.02982546
v -0.04511005 -0.12339107 0.02535639
v -0.04403030 -0.12342558 0.03648244
v -0.04424237 -0.12342771 0.03507507
v -0.04426977 -0.12342781 0.03489930
v -0.04428354 -0.12342778 0.03481142
v -0.04431120 -0.12342758 0.03463568
v -0.04433900 -0.12342720 0.03445997
v -0.04436694 -0.12342659 0.03428427
v -0.04439500 -0.12342574 0.03410859
v -0.04440906 -0.12342522 0.03402076
v -0.04443722 -0.12342399 0.03384510
v -0.04445130 -0.12342329 0.03375728
v -0.04447940 -0.12342177 0.03358161
v -0.04449341 -0.12342093 0.03349378
v -0.04452126 -0.12341922 0.03331808
v -0.04453509 -0.12341832 0.03323021
v -0.04456248 -0.12341656 0.03305444
v -0.04457603 -0.12341566 0.03296652
v -0.04462894 -0.12341229 0.03261470
v -0.04481473 -0.12340313 0.03120350
v -0.04336282 -0.12344393 0.04231307
v -0.04326529 -0.12344691 0.04368414
v 0.04360661 -0.12344745 0.04368415
v 0.04418241 -0.12342822 0.03784385
v 0.04437177 -0.12342613 0.03648244
v -0.04459573 -0.11400769 0.03649193
v -0.04519140 -0.10664181 0.03649724
v -0.04503708 -0.10448948 0.04368659
v -0.04537493 -0.10448837 0.03649917
v 0.00017046 -0.12347879 0.07752550
v -0.00117269 -0.12347908 0.07752185
v -0.00251581 -0.12347909 0.07751052
v -0.04269384 -0.12344863 0.04956539
v -0.04210877 -0.12344962 0.05337823
v -0.04129436 -0.12345272 0.05712036
v -0.03729135 -0.12346224 0.06648572
v -0.03764496 -0.12346112 0.06595252
v -0.03880934 -0.12345787 0.06391608
v -0.04023201 -0.12345593 0.06059832
v -0.03547382 -0.12346488 0.06877025
v -0.03469145 -0.12346493 0.06956925
v -0.02973984 -0.12347033 0.07306391
v -0.03116220 -0.12347044 0.07227058
v -0.03238383 -0.12346985 0.07147171
v -0.03429552 -0.12346539 0.06993998
v -0.02668103 -0.12347271 0.07439123
v -0.02891042 -0.12347063 0.07346951
v -0.01775235 -0.12347417 0.07651673
v -0.02107373 -0.12347405 0.07594208
v -0.02527820 -0.12347375 0.07486761
v -0.00520173 -0.12347827 0.07746173
v -0.01057026 -0.12347741 0.07723214
v -0.01181807 -0.12347782 0.07714710
v 0.03974000 -0.12345725 0.06267811
v 0.03925439 -0.12345813 0.06371006
v 0.00150377 -0.12347911 0.07752191
v 0.00550267 -0.12347837 0.07746276
v 0.00283699 -0.12347914 0.07751075
v 0.01624057 -0.12347627 0.07675993
v 0.01082481 -0.12347752 0.07723757
v 0.02128152 -0.12347428 0.07596920
v 0.02047616 -0.12347401 0.07612505
v 0.01894152 -0.12347388 0.07638838
v 0.02476572 -0.12347441 0.07512504
v 0.02799513 -0.12347205 0.07401653
v 0.02953674 -0.12347086 0.07333450
v 0.03347756 -0.12346856 0.07091500
v 0.03316302 -0.12346938 0.07115438
v 0.03062581 -0.12347071 0.07277577
v 0.03463677 -0.12346583 0.06994016
v 0.03565570 -0.12346528 0.06894088
v 0.03751616 -0.12346308 0.06665426
v 0.03808561 -0.12346128 0.06579659
v 0.04108340 -0.12345562 0.05907287
v 0.04198751 -0.12345111 0.05566061
v 0.04261212 -0.12345028 0.05245006
v 0.04350482 -0.12344782 0.04502347
v 0.04342061 -0.12344795 0.04600383
v 0.04292880 -0.12344976 0.05036695
v 0.04494138 -0.11395247 0.03649191
v 0.04537875 -0.10448995 0.04368660
v 0.04547499 -0.10733654 0.03649772
v 0.04571660 -0.10448883 0.03649918
v 0.04545100 -0.12339166 0.02535639
v 0.04518523 -0.12340292 0.03094461
v 0.04545285 -0.12339608 0.02571217
v 0.04542383 -0.12340137 0.02766873
v 0.04518669 -0.12340289 0.03093115
v 0.04879000 -0.01818388 0.03489711
v 0.04836429 -0.01157184 0.03495793
v 0.04873681 -0.01762895 0.03646172
v 0.04849773 -0.01580078 0.04067495
v 0.04812654 -0.01359089 0.04458088
v 0.04762154 -0.00500316 0.03497716
v 0.04643778 0.00214233 0.03497116
v 0.04481145 0.00916833 0.03495629
v 0.04359328 0.01328202 0.03494972
v 0.04168125 0.01853250 0.03494667
v 0.04311832 0.01470358 0.03494829
v 0.04542219 -0.12173153 0.02535910
v 0.04527216 -0.11394783 0.03093845
v 0.04570974 -0.10448695 0.02538727
v 0.04573834 -0.10448728 0.02681611
v 0.04531663 -0.11193510 0.02537510
v 0.04527278 -0.11394165 0.02537183
v 0.04905233 -0.04634321 0.03351435
v 0.04907939 -0.04398788 0.03376760
v 0.04906746 -0.04509316 0.03591152
v 0.02738212 -0.06308186 0.07711665
v 0.03263110 -0.06279036 0.07509632
v 0.00017133 -0.07603986 0.08016039
v 0.00017140 -0.09012634 0.08000083
v 0.01063087 -0.08363253 0.07981075
v 0.04694626 -0.08871502 0.02541303
v 0.04599009 -0.10150445 0.03584324
v 0.04532656 -0.10211384 0.04677654
v 0.04462282 -0.10241953 0.05218382
v 0.04268898 -0.11336322 0.05701901
v 0.04109257 -0.11350840 0.06210884
v 0.03865920 -0.11363743 0.06684443
v 0.03520117 -0.11374059 0.07087918
v 0.03083339 -0.11381556 0.07389788
v 0.02592503 -0.11386586 0.07591715
v 0.02077558 -0.11389632 0.07718695
v 0.01025151 -0.11392791 0.07839896
v 0.00017087 -0.11542511 0.07852328
v 0.00017116 -0.06346256 0.07998945
v 0.01078781 -0.06341160 0.07966734
v 0.00017109 -0.06029854 0.07990225
v 0.02191461 -0.06325093 0.07839486
v 0.03739944 -0.06234555 0.07211820
v 0.03509755 -0.06258901 0.07373687
v 0.04290070 -0.06135001 0.06581319
v 0.04132963 -0.06172445 0.06812662
v 0.03948933 -0.06205738 0.07024079
v 0.04390150 -0.04073158 0.06441905
v 0.04420195 -0.06094109 0.06334457
v 0.04533538 -0.04005608 0.06142957
v 0.04607071 -0.06005665 0.05810611
v 0.04644566 -0.03931672 0.05815184
v 0.04736971 -0.03847135 0.05434866
v 0.04728503 -0.05914131 0.05267322
v 0.04753300 -0.03829345 0.05354198
v 0.04808713 -0.05821988 0.04714681
v 0.04840069 -0.03707433 0.04797295
v 0.04911655 -0.03675843 0.03431490
v 0.04910221 -0.03419678 0.03444924
v 0.04896278 -0.03563134 0.04126103
v 0.04873095 -0.03637195 0.04472243
v 0.04857424 -0.05729956 0.04156195
v 0.04880297 -0.05638524 0.03593761
v 0.04895848 -0.05103348 0.03283913
v 0.04833713 -0.06522793 0.02675370
v 0.04838277 -0.06456334 0.02724005
v 0.04769462 -0.07896036 0.03593455
v 0.04846433 -0.06340591 0.02818226
v 0.04859026 -0.06125973 0.02961690
v 0.04808651 -0.06960085 0.02544424
v 0.04818265 -0.06773960 0.02566689
v 0.04823041 -0.06690528 0.02591673
v 0.04869803 -0.05897056 0.03070083
v 0.04882421 -0.05566186 0.03181301
v 0.04322714 -0.08198696 0.06327149
v 0.04050026 -0.08250761 0.06808607
v 0.03874147 -0.08272900 0.07022978
v 0.03672878 -0.08292069 0.07213991
v 0.03449594 -0.08308273 0.07378900
v 0.03209050 -0.08321681 0.07517315
v 0.02694757 -0.08341118 0.07722586
v 0.02157707 -0.08352425 0.07852740
v 0.01611904 -0.08358851 0.07932787
v 0.04696225 -0.08017907 0.04710446
v 0.04618796 -0.08079118 0.05261488
v 0.04501706 -0.08139929 0.05803528
v 0.04353811 -0.10272308 0.05751225
v 0.04186983 -0.10301639 0.06267437
v 0.03361902 -0.10356499 0.07317105
v 0.03129604 -0.10363263 0.07455645
v 0.02630210 -0.10373131 0.07660034
v 0.00017123 -0.10407665 0.07941736
v 0.01039202 -0.10384714 0.07914194
v 0.01574860 -0.10382351 0.07868023
v 0.02107157 -0.10378961 0.07789171
v 0.03933125 -0.10327654 0.06745730
v 0.03767540 -0.10338736 0.06960133
v 0.03576136 -0.10348350 0.07151692
v 0.04356692 -0.03167025 0.06466628
v 0.04738198 -0.03695738 0.05430325
v 0.04872541 -0.03260094 0.04456205
v 0.04567880 -0.03666877 0.06049011
v 0.04357921 -0.03647281 0.06486646
v 0.04568105 -0.03186899 0.06031155
v 0.04739600 -0.03215567 0.05412840
v 0.04624045 -0.02217555 0.05803646
v 0.04564225 -0.02208673 0.05976061
v 0.04859423 -0.02292558 0.04408110
v 0.04810340 -0.02266410 0.04890574
v 0.04719792 -0.02237028 0.05436243
v 0.04895098 -0.02345619 0.03480624
v 0.04873938 -0.02304369 0.04194628
v 0.04904915 -0.02865994 0.03466728
v 0.04910029 -0.03386366 0.03446481
v 0.04721896 -0.02246432 0.03482673
v 0.04716952 -0.01931009 0.03488125
v 0.04725463 -0.02350661 0.03480515
v 0.04740077 -0.03386366 0.03446481
v 0.04734985 -0.02868517 0.03466646
v 0.04891443 -0.02241391 0.03482773
v 0.04885456 -0.02029885 0.03486579
v 0.04317855 0.00863031 0.03495736
v 0.04478032 0.00173373 0.03497193
v 0.04101250 0.01547900 0.03494773
v 0.03900526 0.02034927 0.03494664
v 0.04090756 0.02034927 0.03494664
v 0.04134327 0.01455800 0.03494841
v 0.04740318 -0.03420711 0.03444875
v 0.04741603 -0.03676874 0.03431430
v 0.04738349 -0.04398787 0.03376760
v 0.04676152 -0.06340587 0.02818229
v 0.04668053 -0.06456332 0.02724006
v 0.04676526 -0.06335021 0.02822733
v 0.04678008 -0.06312501 0.02840429
v 0.04683725 -0.06218658 0.02906340
v 0.04691891 -0.06064989 0.02994004
v 0.04703552 -0.05802210 0.03106400
v 0.04706365 -0.05730274 0.03131358
v 0.04718817 -0.05360258 0.03232845
v 0.04724952 -0.05135382 0.03278210
v 0.04728448 -0.04987725 0.03303165
v 0.04638343 -0.06960081 0.02544424
v 0.04642369 -0.06877816 0.02548800
v 0.04652401 -0.06695019 0.02590070
v 0.04657328 -0.06614599 0.02623496
v 0.04356811 -0.11416372 0.02537146
v 0.04547905 -0.08527230 0.02541865
v 0.04401490 -0.10434379 0.02538750
v 0.04371208 -0.10925792 0.02537947
v 0.04367471 -0.11015314 0.02537801
v 0.04362951 -0.11911044 0.02536338
v 0.04355891 -0.11568652 0.02536898
v 0.04356749 -0.11418298 0.03081722
v 0.04403372 -0.10434353 0.02634759
v 0.04805241 -0.01610067 0.04802651
v 0.04849413 -0.01853601 0.04406551
v 0.04844731 -0.01681872 0.04348261
v 0.04852710 -0.01698536 0.04203293
v 0.04843052 -0.01634252 0.04322441
v 0.04854351 -0.01746156 0.04229121
v 0.04877063 -0.02050705 0.04000360
v 0.04598874 -0.01278071 0.05780815
v 0.04690425 -0.01296029 0.05447921
v -0.01865574 0.04311823 0.03494718
v -0.02261944 0.04121919 0.03494713
v -0.02599493 0.03909278 0.03494708
v -0.02672995 0.03855669 0.03494707
v -0.02791765 0.03762867 0.03494705
v -0.02980921 0.03598068 0.03494700
v -0.03262619 0.03307161 0.03494693
v -0.03518989 0.02984083 0.03494686
v -0.04808899 -0.01634203 0.04322442
v -0.04810580 -0.01681821 0.04348260
v -0.04847858 -0.02096692 0.03889225
v -0.04823327 -0.01905220 0.04309156
v -0.04820200 -0.01746102 0.04229119
v -0.04784668 -0.01679468 0.04698807
v -0.04857334 -0.02241340 0.03482773
v -0.04818558 -0.01698488 0.04203293
v -0.04851307 -0.02029836 0.03486580
v -0.04656499 -0.01301557 0.05448385
v -0.04860990 -0.02345568 0.03480624
v -0.04839091 -0.02303655 0.04206547
v -0.04825277 -0.02292510 0.04408110
v -0.04780232 -0.02268092 0.04858420
v -0.04698619 -0.02240345 0.05373607
v -0.04564924 -0.01283605 0.05781244
v -0.04530079 -0.02208625 0.05976061
v -0.04599173 -0.02219068 0.05773734
v -0.04533968 -0.03186851 0.06031155
v -0.04322549 -0.03166980 0.06466642
v -0.04735556 -0.03810401 0.05268368
v -0.04617915 -0.03925831 0.05788066
v -0.04704067 -0.03695689 0.05430325
v -0.04532167 -0.03986518 0.06058445
v -0.04533748 -0.03666833 0.06049012
v -0.04491729 -0.04009777 0.06162039
v -0.04323781 -0.03647233 0.06486659
v -0.04348204 -0.04076218 0.06455680
v -0.04838406 -0.03260044 0.04456205
v -0.04839009 -0.03637112 0.04472242
v -0.04822385 -0.03675497 0.04650250
v -0.04705464 -0.03215518 0.05412840
v -0.04875896 -0.03386319 0.03446481
v -0.04876075 -0.03419628 0.03444925
v -0.04870120 -0.03523105 0.03937867
v -0.04870774 -0.02865943 0.03466728
v 0.03926682 0.02375269 0.03494671
v 0.03796235 0.02610521 0.03494677
v 0.03685595 0.02789906 0.03494681
v 0.03417335 0.03163083 0.03494690
v 0.03119386 0.03497226 0.03494698
v 0.01899766 0.04311799 0.03494718
v 0.02111906 0.04217511 0.03494715
v 0.02463939 0.04022721 0.03494711
v 0.02790218 0.03791604 0.03494705
v -0.04559894 -0.00528193 0.03497693
v -0.04629548 -0.01136600 0.03495906
v -0.04653729 -0.01431792 0.03493879
v -0.04674120 -0.01802445 0.03489921
v -0.04674136 -0.01814568 0.03516170
v -0.04674922 -0.01823480 0.03489643
v -0.04444371 0.00170539 0.03497197
v -0.04283624 0.00863077 0.03495736
v -0.04322643 -0.11418249 0.03081724
v -0.04374196 -0.10434214 0.03088987
v -0.04328184 -0.11894123 0.02536366
v -0.04322705 -0.11416327 0.02537146
v -0.04325467 -0.11267434 0.02537389
v -0.04337098 -0.10925748 0.02537947
v -0.04367373 -0.10434335 0.02538750
v -0.04328850 -0.11910999 0.02536338
v -0.04497505 -0.11193464 0.02537510
v -0.04493123 -0.11394115 0.02537182
v -0.04508070 -0.12173096 0.02535910
v -0.04774538 -0.06960033 0.02544424
v -0.04604191 -0.06960035 0.02544424
v -0.04660445 -0.08871448 0.02541303
v -0.04490081 -0.08869387 0.02541306
v -0.04536834 -0.10448652 0.02538726
v -0.04778565 -0.06877772 0.02548800
v -0.04613724 -0.06773908 0.02566691
v -0.04788571 -0.06694972 0.02590070
v -0.04618513 -0.06690475 0.02591674
v -0.04793483 -0.06614552 0.02623495
v -0.04629219 -0.06522739 0.02675373
v -0.04804153 -0.06456283 0.02724006
v -0.04633897 -0.06456284 0.02724006
v -0.04806844 -0.06418697 0.02754603
v -0.04640104 -0.06368303 0.02795628
v -0.04812225 -0.06340539 0.02818228
v -0.04641619 -0.06346092 0.02813708
v -0.04873818 -0.04398738 0.03376760
v -0.04704171 -0.04398739 0.03376760
v -0.04865073 -0.04953267 0.03308528
v -0.04692829 -0.05050982 0.03292872
v -0.04857042 -0.05279179 0.03250351
v -0.04684251 -0.05373592 0.03229815
v -0.04845838 -0.05634308 0.03161633
v -0.04671597 -0.05745978 0.03126068
v -0.04833714 -0.05940092 0.03052131
v -0.04658326 -0.06052792 0.03000107
v -0.04822478 -0.06169927 0.02936444
v -0.04654263 -0.06133070 0.02957707
v -0.04641993 -0.06340540 0.02818229
v -0.04706130 -0.03420662 0.03444875
v -0.04706456 -0.04143217 0.03399285
v -0.04705890 -0.03386319 0.03446481
v -0.04877420 -0.03675793 0.03431490
v -0.04691266 -0.02350614 0.03480515
v -0.04700794 -0.02868596 0.03466642
v -0.04067011 0.01547942 0.03494773
v -0.04100090 0.01455843 0.03494841
v -0.04272600 0.01483954 0.03494819
v -0.04446500 0.00916752 0.03495629
v -0.04609711 0.00214330 0.03497116
v -0.03866282 0.02034967 0.03494664
v -0.04057502 0.02032866 0.03494663
v -0.04056634 0.02034970 0.03494663
v -0.04687696 -0.02246382 0.03482673
v -0.04689146 -0.02138579 0.03484711
v 0.02644010 0.03664623 0.03519979
v 0.02388798 0.03844016 0.03517172
v 0.02438607 0.03822283 0.03494706
v 0.03419861 0.02867955 0.03494684
v 0.03212590 0.03117911 0.03527350
v 0.03166204 0.03186604 0.03494691
v 0.02984659 0.03365388 0.03524252
v 0.02885968 0.03473028 0.03494697
v 0.02883685 0.03462096 0.03522906
v 0.02750679 0.03591126 0.03494700
v 0.02316675 0.03898759 0.03494708
v 0.02120827 0.03998353 0.03514688
v 0.01970658 0.04080270 0.03494712
v 0.01841295 0.04127780 0.03512538
v 0.01840699 0.04128025 0.03512534
v 0.01840724 0.04136238 0.03494713
v -0.03048248 0.03278642 0.03494693
v -0.02955311 0.03374203 0.03494695
v -0.02950402 0.03365417 0.03524252
v -0.02849428 0.03462126 0.03522906
v -0.02657353 0.03639144 0.03494702
v -0.02609750 0.03664650 0.03519980
v -0.02490047 0.03764137 0.03494705
v -0.02354536 0.03844039 0.03517172
v -0.02159653 0.03968899 0.03494710
v -0.02086565 0.03998374 0.03514688
v -0.01807058 0.04136017 0.03494713
v -0.01807030 0.04127798 0.03512539
v -0.01806459 0.04136257 0.03494714
v -0.01806434 0.04128046 0.03512534
v -0.03385609 0.02867989 0.03494683
v -0.03318676 0.02958432 0.03494685
v -0.03178336 0.03117944 0.03527350
v 0.03867571 0.02105015 0.03494665
v -0.01336628 0.04292355 0.03494717
v -0.01721081 0.04169632 0.03494714
v 0.03680060 0.02462943 0.03494673
v 0.03682877 0.02458024 0.03494674
v 0.03681540 0.02460361 0.03494673
v -0.03645812 0.02462979 0.03494674
v -0.03849142 0.02456593 0.03494674
v -0.03612597 0.02849018 0.03494683
v -0.03647292 0.02460397 0.03494674
v -0.03648630 0.02458060 0.03494674
v -0.03833328 0.02105054 0.03494665
v -0.01436419 0.04457954 0.03494721
v -0.01231900 0.04510363 0.03494722
v -0.00852529 0.04394053 0.03494720
v -0.00974660 0.04562965 0.03494724
v -0.00471883 0.04440358 0.03494721
v -0.00487325 0.04626811 0.03494725
v 0.00017134 0.04461204 0.03494721
v 0.00017098 0.04648477 0.03494726
v 0.00511115 0.04439922 0.03494721
v 0.00469253 0.04631081 0.03494726
v 0.01001270 0.04374595 0.03494719
v 0.00905610 0.04580242 0.03494724
v 0.01224268 0.04328715 0.03494718
v 0.01324085 0.04496498 0.03494722
v 0.01447067 0.04271332 0.03494717
v 0.01722310 0.04378744 0.03494719
v 0.00535579 0.04426530 0.03519005
v 0.01224256 0.04316416 0.03521373
v -0.00501311 0.04426533 0.03519005
v -0.01189990 0.04316429 0.03521373
v -0.03647068 0.02450028 0.03517644
v -0.03648405 0.02447686 0.03517658
v -0.03833041 0.02093846 0.03519369
v -0.03993547 0.01726997 0.03520604
v -0.04153078 0.01286996 0.03521892
v -0.01230236 0.03783292 0.05070701
v -0.00530426 0.03895982 0.05069523
v 0.00564611 0.03895976 0.05069525
v 0.01264421 0.03783282 0.05070704
v -0.04543586 -0.10448743 0.03094604
v -0.04539154 -0.10448667 0.02660821
v -0.04492896 -0.11400301 0.03093843
v -0.04735276 -0.07895900 0.03593449
v -0.03705763 -0.06234417 0.07211798
v -0.03475578 -0.06258767 0.07373668
v -0.04872521 -0.04509149 0.03591145
v -0.04846086 -0.05638368 0.03593754
v -0.04823214 -0.05729800 0.04156184
v -0.04774505 -0.05821834 0.04714667
v -0.04572869 -0.06005513 0.05810589
v -0.04694298 -0.05913978 0.05267305
v -0.04255877 -0.06134855 0.06581295
v -0.04098773 -0.06172302 0.06812639
v -0.03914748 -0.06205599 0.07024056
v -0.02157297 -0.06324975 0.07839477
v -0.02704044 -0.06308062 0.07711652
v -0.03228936 -0.06278905 0.07509615
v -0.01044627 -0.06341054 0.07966728
v -0.00991044 -0.11392728 0.07839898
v -0.02043444 -0.11389559 0.07718693
v -0.02558384 -0.11386507 0.07591707
v -0.03049216 -0.11381472 0.07389775
v -0.03485985 -0.11373968 0.07087900
v -0.03831781 -0.11363648 0.06684424
v -0.04234751 -0.11336224 0.05701884
v -0.04075113 -0.11350741 0.06210864
v -0.04403545 -0.11306067 0.04646255
v -0.04337803 -0.11321202 0.05177545
v -0.04564846 -0.10150331 0.03584318
v -0.04498494 -0.10211270 0.04677642
v -0.04288539 -0.08198568 0.06327128
v -0.04385998 -0.06093963 0.06334433
v -0.04467528 -0.08139798 0.05803509
v -0.04584614 -0.08078986 0.05261471
v -0.04662042 -0.08017775 0.04710433
v -0.01028951 -0.08363164 0.07981073
v -0.01577765 -0.08358756 0.07932784
v -0.04015858 -0.08250637 0.06808584
v -0.03839983 -0.08272777 0.07022956
v -0.03638719 -0.08291949 0.07213971
v -0.03415439 -0.08308157 0.07378882
v -0.03174898 -0.08321568 0.07517300
v -0.02660610 -0.08341011 0.07722574
v -0.02123564 -0.08352324 0.07852732
v -0.03327766 -0.10356401 0.07317089
v -0.01005085 -0.10384641 0.07914194
v -0.01540739 -0.10382275 0.07868021
v -0.02073034 -0.10378878 0.07789166
v -0.02596083 -0.10373043 0.07660025
v -0.03095471 -0.10363169 0.07455631
v -0.04428121 -0.10241842 0.05218368
v -0.04319654 -0.10272198 0.05751207
v -0.04152829 -0.10301531 0.06267419
v -0.03898978 -0.10327549 0.06745709
v -0.03733395 -0.10338634 0.06960113
v -0.03541996 -0.10348251 0.07151674
v 0.04187314 0.01286954 0.03521893
v 0.04027786 0.01726956 0.03520604
v 0.03867286 0.02093807 0.03519369
v 0.03682652 0.02447647 0.03517658
v 0.03681315 0.02449992 0.03517644
v -0.02299612 -0.12412407 0.04426261
v -0.01752528 -0.12412408 0.04934727
v -0.01096794 -0.12412408 0.05292291
v -0.00373055 -0.12412407 0.05476791
v 0.00373832 -0.12412407 0.05476791
v 0.01097570 -0.12412407 0.05292291
v 0.01753304 -0.12412407 0.04934727
v -0.02299612 -0.12169192 0.01334019
v -0.02299611 -0.12412407 0.00573989
v -0.02299612 -0.12169192 0.03666231
v 0.02300388 -0.12412407 0.00573989
v 0.01753303 -0.12412407 0.00065523
v 0.01097571 -0.12412407 -0.00292041
v 0.00373831 -0.12412407 -0.00476541
v -0.00373055 -0.12412407 -0.00476541
v -0.01096793 -0.12412407 -0.00292041
v -0.01752529 -0.12412407 0.00065523
v 0.02300396 -0.12412407 0.01350614
v 0.02300388 -0.12169045 0.01350599
v -0.03839374 -0.07840296 0.03030939
v -0.03875334 -0.07840279 0.02495831
v -0.02536175 -0.06280212 0.00045865
v -0.02536177 -0.06680214 0.00045853
v -0.02569769 -0.06680212 0.00051664
v -0.03506025 -0.06680292 0.02870718
v -0.02569768 -0.06280213 0.00051676
v -0.02611938 -0.06680214 0.00080573
v -0.02611935 -0.06280214 0.00080585
v -0.02671411 -0.06680216 0.00149680
v -0.02688794 -0.06280215 0.00170568
v -0.03506023 -0.06280292 0.02870730
v -0.03510133 -0.06280271 0.02163162
v -0.03510135 -0.06680270 0.02163149
v -0.03371430 -0.06280249 0.01447150
v -0.03371432 -0.06680251 0.01447139
v -0.03092716 -0.06280232 0.00772214
v -0.03092719 -0.06680232 0.00772201
v -0.02688796 -0.06680217 0.00170556
v -0.02508020 -0.12169198 0.03099655
v -0.02578785 -0.12169201 0.02500125
v -0.02508020 -0.12169197 0.01900596
v 0.02502594 -0.12169038 0.01909626
v 0.02571215 -0.12169036 0.02500125
v 0.02502594 -0.12169039 0.03090625
v 0.04088712 -0.07840336 0.03030903
v 0.04124666 -0.07840321 0.02495758
v -0.03775053 -0.07840253 0.01605746
v -0.03479224 -0.07840229 0.00760292
v -0.03002683 -0.07840209 0.00001864
v -0.02369321 -0.07840193 -0.00631509
v -0.01610901 -0.07840184 -0.01108065
v -0.00765453 -0.07840180 -0.01403909
v 0.00124630 -0.07840181 -0.01504205
v 0.01014714 -0.07840189 -0.01403925
v 0.01860168 -0.07840202 -0.01108097
v 0.02618597 -0.07840219 -0.00631554
v 0.03251969 -0.07840241 0.00001807
v 0.03728526 -0.07840267 0.00760227
v 0.04024370 -0.07840293 0.01605676
v -0.02292294 -0.06680217 0.00145133
v -0.02535080 -0.06680216 0.00145135
v -0.02292297 -0.07290217 0.00145115
v -0.02535084 -0.07310216 0.00145117
v -0.02289907 -0.07303510 0.00145115
v -0.02286770 -0.07310218 0.00145115
v 0.02540868 -0.07297602 0.00145071
v 0.02536066 -0.07310243 0.00145071
v 0.02784380 -0.07310244 0.00145069
v 0.02784383 -0.06680243 0.00145087
v 0.02541596 -0.06680242 0.00145090
v 0.02541593 -0.07290242 0.00145072
v -0.03282427 -0.06840251 0.01499972
v -0.03297430 -0.06840254 0.01552814
v -0.03297433 -0.07310254 0.01552800
v -0.03133381 -0.06840242 0.01086875
v -0.03154794 -0.06840242 0.01137459
v -0.03154795 -0.07310242 0.01137445
v -0.03195257 -0.06840245 0.01239592
v -0.03214298 -0.06840247 0.01291116
v -0.03223521 -0.06840248 0.01316987
v -0.03232542 -0.06840248 0.01342928
v -0.03266610 -0.06840251 0.01447369
v -0.02961962 -0.07310231 0.00742882
v -0.02961960 -0.06840232 0.00742898
v -0.03064484 -0.06840236 0.00937193
v -0.03111189 -0.06840240 0.01036627
v -0.03264796 -0.06840313 0.03550125
v -0.03264795 -0.07310314 0.03550125
v -0.03297412 -0.06840310 0.03438896
v -0.03297418 -0.07310310 0.03438872
v 0.03514132 -0.07310349 0.03550125
v 0.03514140 -0.06840348 0.03550125
v 0.03546770 -0.07310345 0.03438820
v 0.03546773 -0.06840346 0.03438834
v 0.03238027 -0.06840266 0.00790813
v 0.03211270 -0.06840263 0.00742840
v 0.03211269 -0.07310264 0.00742828
v 0.03404110 -0.07310276 0.01137387
v 0.03404112 -0.06840275 0.01137399
v 0.03313798 -0.06840270 0.00937135
v 0.03264039 -0.06840266 0.00839194
v 0.03546754 -0.07310289 0.01552741
v 0.03546756 -0.06840289 0.01552752
v 0.03481864 -0.06840283 0.01342868
v 0.03454198 -0.06840281 0.01265257
v 0.03444578 -0.06840280 0.01239532
v 0.03424739 -0.06840278 0.01188309
v 0.03463620 -0.06840281 0.01291056
v 0.03115155 -0.06680258 0.00583486
v 0.03115151 -0.07310259 0.00583466
v -0.02865849 -0.07310227 0.00583521
v -0.02865845 -0.06680227 0.00583539
v 0.03121946 -0.07310258 0.00593488
v 0.03121950 -0.06680259 0.00593507
v -0.02872639 -0.06680227 0.00593561
v -0.02872643 -0.07310227 0.00593543
v 0.02729199 -0.07300144 0.00059318
v 0.02729198 -0.07310241 0.00056134
v 0.02623959 -0.07310241 0.00078946
v 0.02625686 -0.07290241 0.00082747
v 0.02729199 -0.07290241 0.00060309
v 0.03205577 -0.06840263 0.00732157
v 0.03205575 -0.07310263 0.00732143
v 0.03550283 -0.07310289 0.01564321
v 0.03550284 -0.06840290 0.01564335
v 0.03550301 -0.06840345 0.03427252
v 0.03550300 -0.07310345 0.03427238
v -0.03300944 -0.07310309 0.03427300
v -0.03300942 -0.06840310 0.03427314
v -0.03300958 -0.06840255 0.01564397
v -0.03300961 -0.07310253 0.01564382
v -0.02956268 -0.07310232 0.00732199
v -0.02956265 -0.06840231 0.00732212
v -0.02375253 -0.07310215 0.00078724
v -0.02479904 -0.07310213 0.00056182
v -0.02479905 -0.07290214 0.00060357
v -0.02376972 -0.07290215 0.00082529
v 0.02921469 -0.07300148 0.00148973
v 0.02920710 -0.07290244 0.00149611
v 0.03271181 -0.07300165 0.00644001
v 0.03270327 -0.07290260 0.00644503
v 0.03534178 -0.07300182 0.01190061
v 0.03533254 -0.07290278 0.01190416
v 0.03612408 -0.07290285 0.01419623
v 0.03703214 -0.07300200 0.01772106
v 0.03742504 -0.07290333 0.02979309
v 0.03743486 -0.07300237 0.02979439
v 0.03772641 -0.07290316 0.02374129
v 0.03773631 -0.07300219 0.02374096
v 0.03756482 -0.07290308 0.02131888
v 0.03702243 -0.07290297 0.01772303
v 0.03746641 -0.07310333 0.02979861
v 0.03776813 -0.07310314 0.02373989
v 0.03706335 -0.07310297 0.01771475
v 0.03537151 -0.07310279 0.01188923
v 0.03273925 -0.07310261 0.00642385
v 0.02923907 -0.07310244 0.00146927
v -0.03458229 -0.07310302 0.03214025
v -0.03454135 -0.07290303 0.03213205
v -0.03507257 -0.07290292 0.02858590
v -0.03511389 -0.07310291 0.02859235
v -0.03525330 -0.07290281 0.02495466
v -0.03529505 -0.07310281 0.02495465
v -0.03507146 -0.07290269 0.02131914
v -0.03511316 -0.07310269 0.02131670
v -0.03453995 -0.07290260 0.01777710
v -0.03458087 -0.07310259 0.01776887
v -0.03363081 -0.07290250 0.01419661
v -0.03367103 -0.07310250 0.01418541
v -0.03240046 -0.07290240 0.01081177
v -0.03243894 -0.07310239 0.01079559
v -0.03080774 -0.07290231 0.00750064
v -0.03084467 -0.07310230 0.00748117
v -0.02892049 -0.07290222 0.00441082
v -0.02895499 -0.07310223 0.00438732
v -0.02671414 -0.07290214 0.00149661
v -0.02674613 -0.07310215 0.00146977
v -0.02552802 -0.07310213 0.00066860
v -0.02617281 -0.07290214 0.00101486
v -0.02619575 -0.07310215 0.00097997
v -0.02585558 -0.07290214 0.00083781
v -0.02551604 -0.07290214 0.00070860
v 0.02834853 -0.07290243 0.00083732
v 0.02835272 -0.07300145 0.00082833
v 0.02836617 -0.07310242 0.00079947
v 0.03644990 -0.07310305 0.02037730
v 0.03514502 -0.06840348 0.03550125
v 0.03514504 -0.06680349 0.03550125
v 0.03660726 -0.06680328 0.02810195
v 0.03462520 -0.06840282 0.01286995
v 0.03486587 -0.06840283 0.01355641
v 0.03462521 -0.06680281 0.01287000
v 0.03509245 -0.06840286 0.01424765
v 0.03644994 -0.06680304 0.02037749
v 0.03242876 -0.06840265 0.00798975
v 0.03278727 -0.06840267 0.00866581
v 0.03313113 -0.06840269 0.00934945
v 0.03346016 -0.06840272 0.01004034
v 0.03407319 -0.06840276 0.01144258
v 0.03435689 -0.06840279 0.01215329
v 0.03660723 -0.07310327 0.02810176
v -0.03411383 -0.07310291 0.02810192
v -0.03128102 -0.06840240 0.01073865
v -0.03213192 -0.06680246 0.01287045
v -0.03157995 -0.06840243 0.01144306
v -0.03186363 -0.06840244 0.01215376
v -0.03096696 -0.06840239 0.01004084
v -0.03063794 -0.06840236 0.00934997
v -0.03029412 -0.06840235 0.00866634
v -0.03259918 -0.06840250 0.01424819
v -0.03237262 -0.06840249 0.01355690
v -0.03213193 -0.06840246 0.01287040
v -0.03395656 -0.07310268 0.02037762
v -0.03395653 -0.06680268 0.02037780
v -0.03281153 -0.06840252 0.01494398
v -0.03411380 -0.06680290 0.02810210
v -0.03265159 -0.06680313 0.03550125
v -0.03265158 -0.06840313 0.03550125
v 0.02625689 -0.06680240 0.00082765
v 0.02729202 -0.06680240 0.00060327
v -0.02376969 -0.06680215 0.00082547
v -0.02479900 -0.06680214 0.00060375
v 0.03640417 -0.06680347 0.03476664
v 0.03761261 -0.06680328 0.02808443
v 0.03754552 -0.06680307 0.02113107
v 0.03711636 -0.06680299 0.01820406
v 0.03612411 -0.06680286 0.01419642
v 0.03505242 -0.06680276 0.01119514
v 0.03330090 -0.06680264 0.00750036
v 0.03163743 -0.06680255 0.00474308
v 0.02920713 -0.06680244 0.00149629
v -0.02585555 -0.06680214 0.00083798
v 0.02834857 -0.06680242 0.00083749
v -0.03875349 -0.07840228 0.00775365
v 0.00569435 -0.07840171 -0.01881668
v 0.01440869 -0.07840182 -0.01702730
v 0.02258498 -0.07840196 -0.01352161
v 0.02988898 -0.07840215 -0.00844292
v 0.03602212 -0.07840237 -0.00199883
v 0.04073367 -0.07840262 0.00554721
v 0.04124651 -0.07840270 0.00775293
v -0.03824069 -0.07840221 0.00554793
v -0.03352927 -0.07840202 -0.00199821
v -0.02739626 -0.07840186 -0.00844240
v -0.02009235 -0.07840174 -0.01352123
v -0.01191612 -0.07840168 -0.01702707
v -0.00320181 -0.07840168 -0.01881661
v 0.04124653 -0.07310269 0.00775309
v 0.04073369 -0.07310262 0.00554737
v 0.03602215 -0.07310238 -0.00199867
v 0.02988900 -0.07310215 -0.00844276
v 0.02258500 -0.07310196 -0.01352146
v 0.01440871 -0.07310182 -0.01702715
v 0.00569438 -0.07310171 -0.01881653
v -0.00320178 -0.07310168 -0.01881645
v -0.01191610 -0.07310168 -0.01702691
v -0.02009231 -0.07310174 -0.01352107
v -0.02739623 -0.07310186 -0.00844225
v -0.03352925 -0.07310202 -0.00199805
v -0.03824066 -0.07310221 0.00554809
v -0.03875346 -0.07310228 0.00775381
v 0.03640420 -0.06280348 0.03476676
v 0.03761263 -0.06280328 0.02808455
v 0.03754554 -0.06280307 0.02113119
v 0.03711638 -0.06280298 0.01820417
v 0.03505244 -0.06280275 0.01119526
v 0.03163745 -0.06280255 0.00474319
v 0.02893183 -0.06280243 0.00117216
v 0.02785480 -0.06280240 0.00045817
v 0.02832304 -0.06280240 0.00057457
v 0.02893182 -0.06680244 0.00117204
v 0.02785477 -0.06680241 0.00045805
v 0.02832302 -0.06680241 0.00057445
v 0.04015521 -0.08038660 0.02441838
v 0.04532277 -0.08038402 0.02441840
v 0.04007040 -0.08038680 0.02239130
v 0.04473490 -0.08038455 0.02100683
v 0.03995392 -0.08038697 0.02097199
v 0.03974458 -0.08038732 0.01925479
v 0.04348049 -0.08038693 0.01759889
v 0.03953489 -0.08038761 0.01795085
v 0.03950574 -0.08038800 0.01778886
v 0.04272416 -0.08040698 0.01590399
v 0.03908059 -0.08041862 0.01575473
v 0.04195543 -0.08062617 0.01423572
v 0.03861849 -0.08068226 0.01398111
v 0.04125175 -0.08107163 0.01262695
v 0.03821036 -0.08106858 0.01263922
v 0.03812242 -0.08116679 0.01237053
v 0.04070608 -0.08173070 0.01110551
v 0.03767961 -0.08173221 0.01110490
v -0.04711538 -0.08038246 0.02441840
v -0.04498235 -0.08038356 0.02441840
v -0.04439448 -0.08038410 0.02100683
v -0.04644041 -0.08047650 0.01513243
v -0.04662183 -0.08038252 0.01690251
v -0.04314008 -0.08038649 0.01759889
v -0.04678748 -0.08038308 0.01885219
v -0.04693928 -0.08038277 0.02102547
v -0.04238376 -0.08040653 0.01590399
v -0.04161502 -0.08062576 0.01423573
v -0.04621307 -0.08085176 0.01330474
v -0.04091134 -0.08107121 0.01262695
v -0.04612504 -0.08105263 0.01267343
v -0.04036568 -0.08173029 0.01110551
v -0.04588555 -0.08172748 0.01110662
v -0.04443877 -0.12389440 0.02189039
v -0.04487434 -0.12339607 0.02118885
v -0.04464024 -0.12340014 0.01929658
v -0.04458667 -0.12389344 0.02435435
v -0.04508689 -0.12338971 0.02435510
v -0.04501811 -0.12339246 0.02291950
v -0.04393695 -0.12340933 0.01538366
v -0.04344545 -0.12389339 0.01547391
v -0.04344710 -0.12389339 0.01548296
v -0.04418004 -0.12340624 0.01665446
v -0.04368942 -0.12389359 0.01674992
v -0.04370023 -0.12389360 0.01680547
v -0.04441956 -0.12340321 0.01792586
v -0.04392735 -0.12389379 0.01801315
v -0.04413538 -0.12389399 0.01929905
v -0.04337482 -0.12389332 0.01508224
v -0.04369265 -0.12341261 0.01396742
v -0.04284116 -0.12389277 0.01161717
v -0.04333607 -0.12341788 0.01155065
v -0.04273995 -0.12389265 0.01084472
v -0.04315480 -0.12342073 0.01013938
v -0.04245224 -0.12343173 0.00384055
v -0.04195773 -0.12389153 0.00389985
v 0.00017000 -0.12333451 -0.02631885
v 0.00016999 -0.12388721 -0.02582208
v -0.00466467 -0.12333474 -0.02627189
v -0.00613274 -0.12388697 -0.02573137
v -0.00615099 -0.12333474 -0.02622802
v -0.03868651 -0.12340470 -0.01157173
v -0.03868310 -0.12340468 -0.01157916
v -0.03822568 -0.12388911 -0.01137777
v -0.03868138 -0.12340469 -0.01158287
v -0.03868053 -0.12340467 -0.01158473
v -0.03873407 -0.12340479 -0.01146760
v -0.03870695 -0.12340473 -0.01152713
v -0.03869333 -0.12340470 -0.01155687
v -0.03909948 -0.12340641 -0.01062812
v -0.03889395 -0.12340534 -0.01110917
v -0.03878793 -0.12340494 -0.01134837
v -0.03948540 -0.12340929 -0.00965682
v -0.03959462 -0.12388966 -0.00783252
v -0.04016466 -0.12341535 -0.00768738
v -0.03674254 -0.12388868 -0.01413385
v -0.03683809 -0.12388869 -0.01398044
v -0.03716553 -0.12339440 -0.01440032
v -0.03867970 -0.12340467 -0.01158656
v -0.03800216 -0.12340003 -0.01295486
v -0.03632282 -0.12339819 -0.01564359
v -0.03553624 -0.12388840 -0.01586815
v -0.03525364 -0.12338606 -0.01698503
v -0.03519992 -0.12388833 -0.01628382
v -0.03373348 -0.12336865 -0.01854615
v -0.03369415 -0.12388809 -0.01789239
v -0.03203010 -0.12336150 -0.01994323
v -0.03200700 -0.12388786 -0.01933123
v -0.03062911 -0.12336192 -0.02088497
v -0.02996037 -0.12388765 -0.02070734
v -0.02861085 -0.12335919 -0.02199396
v -0.02775114 -0.12388749 -0.02185203
v -0.02763460 -0.12335577 -0.02244681
v -0.02527715 -0.12388733 -0.02283588
v -0.02162900 -0.12334216 -0.02441048
v -0.02138569 -0.12388717 -0.02395643
v -0.02151364 -0.12388718 -0.02392614
v -0.02154733 -0.12388717 -0.02391800
v -0.02164317 -0.12334213 -0.02440710
v -0.02152166 -0.12388717 -0.02392420
v -0.02163607 -0.12334214 -0.02440879
v -0.02163253 -0.12334216 -0.02440964
v -0.02164997 -0.12388718 -0.02389304
v -0.02168570 -0.12334203 -0.02439693
v -0.02165734 -0.12334210 -0.02440371
v -0.02206001 -0.12388720 -0.02379104
v -0.02185570 -0.12334171 -0.02435582
v -0.02174238 -0.12334193 -0.02438330
v -0.02369043 -0.12388726 -0.02334464
v -0.02253406 -0.12334114 -0.02418487
v -0.02208214 -0.12334140 -0.02430001
v -0.02565521 -0.12334768 -0.02323159
v -0.02521013 -0.12334613 -0.02338664
v -0.02343364 -0.12334178 -0.02393991
v -0.01550035 -0.12333710 -0.02550182
v -0.01693936 -0.12388706 -0.02479870
v -0.01709393 -0.12333743 -0.02527938
v -0.01847482 -0.12388709 -0.02454998
v -0.02016333 -0.12334069 -0.02473532
v -0.01856080 -0.12333935 -0.02504013
v -0.00761755 -0.12388697 -0.02566761
v -0.00868875 -0.12388697 -0.02561183
v -0.01118206 -0.12333599 -0.02594313
v -0.01354793 -0.12388702 -0.02522827
v -0.01469193 -0.12333712 -0.02560125
v -0.01416564 -0.12388701 -0.02516124
v -0.01539949 -0.12388704 -0.02501291
v -0.04102904 -0.12342147 -0.00451546
v -0.04070194 -0.12389032 -0.00370856
v -0.04121666 -0.12342221 -0.00369284
v -0.04196475 -0.12342805 0.00030289
v -0.04178639 -0.12389131 0.00253954
v -0.04226068 -0.12343027 0.00232638
v 0.04519868 -0.12339685 0.02103875
v 0.04542688 -0.12339018 0.02435509
v 0.04485790 -0.12389502 0.02293299
v 0.04492664 -0.12389389 0.02435434
v 0.04498518 -0.12340053 0.01933088
v 0.04426732 -0.12389424 0.01801316
v 0.04475954 -0.12340368 0.01792586
v 0.04402939 -0.12389404 0.01674991
v 0.04452001 -0.12340669 0.01665446
v 0.04427693 -0.12340978 0.01538366
v 0.04378541 -0.12389382 0.01547390
v 0.04387785 -0.12341529 0.01297351
v 0.04318113 -0.12389320 0.01161716
v 0.04367604 -0.12341832 0.01155066
v 0.04315674 -0.12389318 0.01143469
v 0.04295329 -0.12343089 0.00526860
v 0.04229771 -0.12389196 0.00389984
v 0.04279222 -0.12343216 0.00384055
v 0.00649097 -0.12333482 -0.02622802
v 0.00647272 -0.12388703 -0.02573137
v 0.00165692 -0.12333445 -0.02631547
v 0.02984611 -0.12388792 -0.02096797
v 0.02777627 -0.12388774 -0.02199255
v 0.02662796 -0.12335042 -0.02299838
v 0.02555971 -0.12388759 -0.02285577
v 0.02392079 -0.12334225 -0.02389773
v 0.02373317 -0.12388749 -0.02343130
v 0.02342324 -0.12334160 -0.02403791
v 0.02320106 -0.12388746 -0.02358033
v 0.02196897 -0.12334239 -0.02441048
v 0.02185361 -0.12388740 -0.02392614
v 0.01890079 -0.12333956 -0.02504013
v 0.02907178 -0.12335984 -0.02193441
v 0.03042664 -0.12336218 -0.02120889
v 0.03040809 -0.12388796 -0.02064334
v 0.03066217 -0.12336226 -0.02107081
v 0.03106155 -0.12388804 -0.02023615
v 0.03283082 -0.12388825 -0.01895066
v 0.03707812 -0.12388904 -0.01414104
v 0.03706492 -0.12388905 -0.01416258
v 0.03750552 -0.12339477 -0.01440032
v 0.03235170 -0.12336181 -0.01995668
v 0.03408724 -0.12336911 -0.01853348
v 0.03442903 -0.12388849 -0.01750510
v 0.03480536 -0.12337643 -0.01783799
v 0.03532781 -0.12388866 -0.01653391
v 0.03570469 -0.12338791 -0.01685626
v 0.03584868 -0.12388876 -0.01590311
v 0.03624083 -0.12339479 -0.01620128
v 0.03679442 -0.12388898 -0.01458944
v 0.03701180 -0.12388903 -0.01424856
v 0.03901966 -0.12340507 -0.01158659
v 0.03856479 -0.12388949 -0.01137963
v 0.03761626 -0.12339552 -0.01422224
v 0.03708224 -0.12388904 -0.01413430
v 0.04068565 -0.12341735 -0.00709431
v 0.04018213 -0.12389021 -0.00703763
v 0.04058826 -0.12341650 -0.00741750
v 0.04007377 -0.12389015 -0.00739302
v 0.03984678 -0.12389003 -0.00810061
v 0.03972798 -0.12388997 -0.00845265
v 0.03960598 -0.12340795 -0.01022045
v 0.03947930 -0.12388986 -0.00915293
v 0.03930496 -0.12340606 -0.01094558
v 0.03904428 -0.12388968 -0.01027336
v 0.03856565 -0.12388949 -0.01137777
v 0.04136739 -0.12342188 -0.00452238
v 0.04110147 -0.12389079 -0.00343700
v 0.04038911 -0.12389032 -0.00632393
v 0.04150436 -0.12342241 -0.00392788
v 0.04181744 -0.12342393 -0.00244492
v 0.04184682 -0.12389144 0.00059946
v 0.04222935 -0.12342770 -0.00016479
v 0.04211111 -0.12389172 0.00242541
v 0.01881478 -0.12388729 -0.02454998
v 0.01868198 -0.12388729 -0.02457296
v 0.01488600 -0.12333726 -0.02561830
v 0.01217964 -0.12388711 -0.02539050
v 0.00801595 -0.12333382 -0.02616365
v 0.00921688 -0.12333441 -0.02609992
v 0.01410619 -0.12333724 -0.02570496
v 0.00016999 -0.12388871 -0.01504134
v -0.00440628 -0.12388874 -0.01478258
v -0.00733325 -0.12388878 -0.01433551
v -0.01021485 -0.12388889 -0.01367429
v -0.01301700 -0.12388901 -0.01280999
v -0.01574750 -0.12388916 -0.01174307
v -0.01836897 -0.12388936 -0.01049136
v -0.02328832 -0.12388981 -0.00744697
v -0.02556346 -0.12389008 -0.00567162
v -0.02089580 -0.12388957 -0.00905076
v -0.03451570 -0.12389176 0.00502552
v -0.03303687 -0.12389138 0.00264867
v -0.03137664 -0.12389102 0.00035697
v -0.02954611 -0.12389068 -0.00182538
v -0.02762011 -0.12389038 -0.00381875
v -0.03789315 -0.12389296 0.01264601
v -0.03864520 -0.12389337 0.01527503
v -0.03582891 -0.12389215 0.00750869
v -0.03694999 -0.12389255 0.01004152
v -0.03921661 -0.12389380 0.01795332
v -0.03959971 -0.12389422 0.02063025
v -0.03983566 -0.12389482 0.02435413
v -0.03980101 -0.12389466 0.02332571
v 0.00017008 -0.10211340 -0.02353130
v 0.00017001 -0.11272363 -0.02506244
v -0.00307170 -0.10777313 -0.02436445
v -0.00303639 -0.11561979 -0.02541489
v 0.00017011 -0.09945962 -0.02310440
v -0.00309470 -0.09987760 -0.02315535
v -0.00438812 -0.09943802 -0.02306390
v -0.00635773 -0.09983687 -0.02307740
v -0.00635941 -0.09940795 -0.02300729
v -0.00631177 -0.10774536 -0.02428784
v -0.00624114 -0.11560488 -0.02533959
v -0.00628472 -0.11106654 -0.02475044
v -0.04294500 -0.11705761 0.00384075
v -0.04489196 -0.10448468 0.01415443
v -0.04594251 -0.09222462 0.01677751
v -0.04558609 -0.09159441 0.01230057
v -0.04518760 -0.10448553 0.01941247
v -0.04535117 -0.10448632 0.02438292
v -0.04608236 -0.09544988 0.02439622
v -0.04384488 -0.08671632 0.00147345
v -0.04316551 -0.08971955 -0.00087994
v -0.04426827 -0.09033793 0.00343664
v -0.04145036 -0.09521945 -0.00583869
v -0.04124927 -0.09058958 -0.00600482
v -0.04000448 -0.09189877 -0.00853224
v -0.01501392 -0.11117630 -0.02415274
v -0.01019994 -0.09930469 -0.02281173
v -0.01955783 -0.11129317 -0.02351359
v -0.01738351 -0.09891665 -0.02206794
v -0.01387567 -0.09914380 -0.02250388
v -0.01981003 -0.09887822 -0.02169039
v -0.02437634 -0.09903692 -0.02072654
v -0.02071885 -0.09861331 -0.02148471
v -0.02263180 -0.09838974 -0.02105444
v -0.02511903 -0.09803098 -0.02036352
v -0.02661593 -0.09914530 -0.02007227
v -0.02747187 -0.09760249 -0.01953782
v -0.02878847 -0.09927732 -0.01927796
v -0.02968664 -0.09709522 -0.01855989
v -0.03089239 -0.09943792 -0.01831434
v -0.03143257 -0.09660460 -0.01761375
v -0.03289056 -0.09963037 -0.01716213
v -0.03334121 -0.09594861 -0.01634835
v -0.03474586 -0.09985653 -0.01581064
v -0.03507220 -0.09521306 -0.01492913
v -0.03642805 -0.10011627 -0.01426080
v -0.03664976 -0.09438886 -0.01333865
v -0.03711883 -0.09410852 -0.01279760
v -0.03791424 -0.10040662 -0.01253010
v -0.03863673 -0.09306449 -0.01078246
v -0.03919480 -0.10072130 -0.01065594
v -0.04291714 -0.09588966 -0.00158578
v -0.04262615 -0.08877182 -0.00249531
v -0.04145325 -0.09034757 -0.00553760
v -0.04491522 -0.08442020 0.00590701
v -0.04504791 -0.09096418 0.00784366
v -0.04545030 -0.08302706 0.00859712
v -0.04709043 -0.08079850 0.02441778
v -0.04376547 -0.10448300 0.00384198
v -0.04355028 -0.10286701 0.00210709
v -0.04420958 -0.10361844 0.00657279
v -0.04443018 -0.10448382 0.00890494
v -0.04465254 -0.10437619 0.01107273
v -0.04257798 -0.11566789 0.00071788
v -0.04171600 -0.11485775 -0.00371138
v -0.04043160 -0.11406747 -0.00806284
v -0.03957448 -0.11368660 -0.01017126
v -0.03854505 -0.11332216 -0.01219494
v -0.03047675 -0.11191810 -0.02003743
v -0.03243616 -0.11212980 -0.01885307
v -0.03424929 -0.11237783 -0.01746535
v -0.03588469 -0.11266188 -0.01587688
v -0.03731918 -0.11297876 -0.01410741
v -0.02840889 -0.11174080 -0.02102870
v -0.02406269 -0.11147300 -0.02252027
v -0.02626943 -0.11159415 -0.02184660
v -0.04259013 -0.10212723 -0.00229150
v -0.04119500 -0.10140409 -0.00659257
v -0.04028062 -0.10105516 -0.00866865
v -0.04504528 -0.10985669 0.02437503
v -0.04495696 -0.11851054 0.02436229
v -0.04494381 -0.11362872 0.02436947
v -0.04471569 -0.11400437 0.01935844
v -0.04419884 -0.11400397 0.01416032
v -0.04369949 -0.11400812 0.00895557
v 0.00474625 -0.12388878 -0.01478258
v 0.00767117 -0.12388887 -0.01433590
v 0.01055482 -0.12388898 -0.01367429
v 0.01335458 -0.12388914 -0.01281082
v 0.01608748 -0.12388932 -0.01174307
v 0.01871695 -0.12388954 -0.01048717
v 0.03485796 -0.12389211 0.00502951
v 0.03337684 -0.12389172 0.00264867
v 0.02123578 -0.12388979 -0.00905076
v 0.02362408 -0.12389005 -0.00745003
v 0.03171229 -0.12389134 0.00035144
v 0.02988608 -0.12389098 -0.00182539
v 0.03823313 -0.12389334 0.01264601
v 0.03728906 -0.12389293 0.01003928
v 0.03616887 -0.12389252 0.00750870
v 0.02796299 -0.12389065 -0.00381595
v 0.02590342 -0.12389034 -0.00567162
v 0.03898514 -0.12389377 0.01527487
v 0.03955659 -0.12389420 0.01795332
v 0.03993968 -0.12389463 0.02063023
v 0.04014098 -0.12389506 0.02332571
v 0.04017563 -0.12389524 0.02435412
v 0.00017048 -0.09806920 -0.02041769
v 0.00017001 -0.09667878 -0.01773098
v 0.00017014 -0.09528837 -0.01504427
v -0.00244342 -0.09524236 -0.01496022
v -0.00440622 -0.09514956 -0.01478254
v -0.00635527 -0.09500788 -0.01451042
v -0.03759762 -0.08138781 0.01182687
v -0.01019992 -0.09457422 -0.01367596
v -0.01300805 -0.09412445 -0.01280952
v -0.01573207 -0.09357204 -0.01174479
v -0.01836431 -0.09291986 -0.01048731
v -0.02087967 -0.09217594 -0.00905256
v -0.02328447 -0.09133978 -0.00743963
v -0.02554643 -0.09042440 -0.00567352
v -0.02760827 -0.08946133 -0.00381523
v -0.02952807 -0.08843128 -0.00182740
v -0.03136132 -0.08729837 0.00035912
v -0.03301764 -0.08611328 0.00264653
v -0.03449870 -0.08487943 0.00502826
v -0.03580840 -0.08359574 0.00750641
v -0.03733921 -0.08173182 0.01110490
v -0.03863618 -0.08045783 0.01532512
v -0.03902055 -0.08038736 0.01703474
v -0.03786844 -0.08106983 0.01263456
v -0.03811356 -0.08082297 0.01341966
v -0.03857595 -0.08048648 0.01508532
v -0.03964230 -0.08038653 0.02127134
v -0.03981479 -0.08038619 0.02441838
v -0.03981576 -0.08079852 0.02441778
v -0.03919447 -0.08038721 0.01795085
v -0.03938328 -0.08038697 0.01911157
v 0.00341627 -0.09944954 -0.02308547
v 0.00669964 -0.09940801 -0.02300730
v 0.00662169 -0.11142065 -0.02479819
v 0.00214237 -0.09526183 -0.01499721
v 0.00410847 -0.09518530 -0.01485100
v 0.00473245 -0.09515045 -0.01478415
v 0.00669554 -0.09500794 -0.01451042
v 0.04015618 -0.08079893 0.02441778
v 0.01054020 -0.09457434 -0.01367596
v 0.01334934 -0.09412440 -0.01280917
v 0.01607236 -0.09357219 -0.01174479
v 0.01869988 -0.09292132 -0.01048978
v 0.02121996 -0.09217615 -0.00905256
v 0.02362899 -0.09133843 -0.00743656
v 0.02588675 -0.09042466 -0.00567353
v 0.02794639 -0.08946272 -0.00381735
v 0.02986841 -0.08843158 -0.00182740
v 0.03170551 -0.08729613 0.00036406
v 0.03335800 -0.08611362 0.00264652
v 0.03484301 -0.08487623 0.00503512
v 0.03614878 -0.08359610 0.00750641
v 0.04557141 -0.08362261 0.00744802
v 0.04538822 -0.09096465 0.00784367
v 0.04460859 -0.09033839 0.00343664
v 0.04410565 -0.10448344 0.00384199
v 0.04385060 -0.10879251 0.00384058
v 0.04291804 -0.11566832 0.00071788
v 0.04389047 -0.10286745 0.00210709
v 0.04454976 -0.10361888 0.00657279
v 0.04477036 -0.10448427 0.00890494
v 0.04499272 -0.10437665 0.01107273
v 0.04523213 -0.10448514 0.01415443
v 0.04628280 -0.09222509 0.01677750
v 0.04683713 -0.08984548 0.02440447
v 0.04569134 -0.10448679 0.02438292
v 0.04696174 -0.08038298 0.01689705
v 0.04713919 -0.08038361 0.01899881
v 0.04717663 -0.08038350 0.01950006
v 0.04721227 -0.08038335 0.02000144
v 0.04724617 -0.08038330 0.02050294
v 0.04727839 -0.08038326 0.02100455
v 0.04729387 -0.08038322 0.02125540
v 0.04732363 -0.08038316 0.02175716
v 0.04735180 -0.08038310 0.02225902
v 0.04736530 -0.08038308 0.02250999
v 0.04739115 -0.08038304 0.02301197
v 0.04741552 -0.08038300 0.02351402
v 0.04742716 -0.08038298 0.02376508
v 0.04743084 -0.08079897 0.02441778
v 0.04745578 -0.08038294 0.02441840
v 0.04631988 -0.08144189 0.01169802
v 0.04655244 -0.08085445 0.01329708
v 0.04592640 -0.09159488 0.01230057
v 0.04676250 -0.08049818 0.01497197
v 0.04678570 -0.08047166 0.01517553
v 0.04622595 -0.08172796 0.01110662
v 0.04295378 -0.08879123 -0.00253195
v 0.04394712 -0.08715850 0.00062052
v 0.04350583 -0.08971999 -0.00087994
v 0.04481523 -0.08543407 0.00395018
v 0.04179063 -0.09521987 -0.00583868
v 0.04325740 -0.09589009 -0.00158579
v 0.04053678 -0.09171441 -0.00817554
v 0.04158420 -0.09059628 -0.00601694
v 0.04180839 -0.09033009 -0.00550302
v 0.02834083 -0.09749182 -0.01932396
v 0.03071640 -0.09691259 -0.01820709
v 0.03123261 -0.09943825 -0.01831434
v 0.02912869 -0.09927762 -0.01927796
v 0.02695616 -0.09914558 -0.02007227
v 0.02573600 -0.09798583 -0.02027602
v 0.02471657 -0.09903716 -0.02072654
v 0.02284676 -0.09840591 -0.02108511
v 0.02206697 -0.09850088 -0.02126795
v 0.02015025 -0.09887841 -0.02169039
v 0.01868162 -0.09883948 -0.02191930
v 0.00966984 -0.09933335 -0.02286622
v 0.01535402 -0.11117645 -0.02415274
v 0.01989793 -0.11129337 -0.02351359
v 0.02440280 -0.11147324 -0.02252028
v 0.02660954 -0.11159442 -0.02184660
v 0.02874900 -0.11174109 -0.02102870
v 0.03081684 -0.11191841 -0.02003743
v 0.03277627 -0.11213014 -0.01885307
v 0.03458939 -0.11237818 -0.01746535
v 0.03622476 -0.11266223 -0.01587688
v 0.03765927 -0.11297916 -0.01410741
v 0.03888513 -0.11332256 -0.01219494
v 0.03991456 -0.11368700 -0.01017126
v 0.04077168 -0.11406787 -0.00806283
v 0.04205606 -0.11485817 -0.00371138
v 0.01442526 -0.09913260 -0.02248213
v 0.03323079 -0.09963072 -0.01716213
v 0.03508607 -0.09985689 -0.01581064
v 0.03676826 -0.10011663 -0.01426080
v 0.03825446 -0.10040702 -0.01253009
v 0.03953502 -0.10072171 -0.01065594
v 0.04062082 -0.10105557 -0.00866865
v 0.04153521 -0.10140451 -0.00659257
v 0.04293032 -0.10212767 -0.00229150
v 0.03138795 -0.09672109 -0.01783781
v 0.03331831 -0.09608495 -0.01661072
v 0.03507878 -0.09536753 -0.01522653
v 0.03669185 -0.09455834 -0.01366500
v 0.03803772 -0.09373715 -0.01208008
v 0.03936061 -0.09276243 -0.01019866
v 0.04552777 -0.10448599 0.01941246
v 0.04403955 -0.11400860 0.00895557
v 0.04453892 -0.11400446 0.01416032
v 0.04505576 -0.11400486 0.01935843
v 0.04530621 -0.11881409 0.02436184
v 0.04527546 -0.11423907 0.02436857
v 0.04540494 -0.10936007 0.02437575
vn 0.73100572 -0.67023111 0.12814400
vn 0.53887465 -0.80898805 0.23484557
vn 0.99474382 -0.05577791 0.08586938
vn 0.71394989 -0.62726945 0.31114078
vn 0.70710685 -0.70710671 0.00000139
vn -0.59667410 -0.18602260 -0.78062514
vn -0.72886576 -0.22723207 -0.64584850
vn -0.54199255 -0.49735684 -0.67740701
vn -0.49603011 -0.45518153 -0.73943485
vn -0.38587979 -0.62627609 -0.67740316
vn -0.35315689 -0.57316768 -0.73943156
vn -0.20053576 -0.70774952 -0.67740389
vn -0.18353026 -0.64773246 -0.73943175
vn 0.00000040 -0.73561209 -0.67740302
vn -0.00000028 -0.67323099 -0.73943224
vn 0.20053502 -0.70774941 -0.67740422
vn 0.18353042 -0.64773226 -0.73943188
vn 0.38587944 -0.62627561 -0.67740381
vn 0.35315662 -0.57316621 -0.73943282
vn 0.54199490 -0.49736041 -0.67740250
vn 0.49603313 -0.45518411 -0.73943124
vn 0.72886557 -0.22723259 -0.64584853
vn 0.59667438 -0.18602362 -0.78062468
vn -0.98591157 0.13337982 0.10093660
vn -0.98866980 0.13560147 0.06437607
vn -0.98951982 0.11729059 0.08422253
vn -0.98488728 0.07135965 0.15781267
vn -0.98939972 0.09177148 0.11254415
vn -0.98949685 0.04202977 0.13830937
vn -0.94018170 0.17069257 0.29482608
vn -0.95321030 0.23954811 0.18440943
vn -0.97529540 0.16739059 0.14415016
vn -0.94976997 0.10406728 0.29513897
vn -0.90279727 0.11682782 0.41389413
vn -0.96370545 0.10209439 0.24667496
vn -0.97596115 0.09260230 0.19729330
vn 0.99017650 0.11988547 0.07195816
vn 0.98617258 0.13617407 0.09444718
vn 0.99157552 0.07820178 0.10325923
vn 0.98490620 0.08547155 0.15051378
vn 0.98939208 0.03831908 0.14012478
vn 0.98333526 0.04484055 0.17618483
vn 0.94650796 0.17137160 0.27341260
vn 0.90338864 0.11225197 0.41387011
vn 0.94618656 0.11525399 0.30240288
vn 0.95618298 0.23641564 0.17268976
vn 0.96064612 0.21078251 0.18091370
vn 0.95649278 0.10916421 0.27056373
vn 0.97026707 0.18365192 0.15765085
vn 0.97004944 0.09444364 0.22379564
vn 0.97737462 0.16281263 0.13502185
vn 0.98237072 0.14686506 0.11566510
vn -0.38426739 0.60991872 0.69306401
vn -0.30051944 0.69457572 0.65364565
vn -0.33967212 0.81421835 0.47081985
vn -0.22766592 0.39060708 0.89196095
vn -0.18240634 0.33087915 0.92587630
vn -0.24529381 0.49559386 0.83319726
vn -0.29490643 0.33433352 0.89512641
vn -0.47801942 0.54403098 0.68958519
vn -0.36200174 0.31772834 0.87635805
vn -0.56435626 0.47300081 0.67658868
vn -0.42920986 0.30006517 0.85190363
vn -0.65109939 0.37844858 0.65791052
vn -0.50380564 0.25157680 0.82637098
vn -0.66283446 0.62077792 0.41867082
vn -0.70404661 0.57356351 0.41874010
vn -0.76572193 0.50492145 0.39840212
vn -0.61788332 0.65195924 0.43951037
vn -0.42745023 0.77553818 0.46457166
vn -0.51536701 0.72516525 0.45665326
vn -0.57179145 0.69404635 0.43744051
vn -0.92361677 0.30345717 0.23419182
vn -0.89626858 0.22347003 0.38309761
vn -0.89115112 0.34861690 0.29037206
vn -0.83269219 0.25500968 0.49152190
vn -0.83894582 0.41472115 0.35238654
vn -0.74765587 0.29769172 0.59362474
vn -0.59801100 0.22834275 0.76827237
vn -0.82027746 0.16916423 0.54637748
vn -0.74335783 0.20773037 0.63582013
vn -0.67124862 0.20464490 0.71242245
vn 0.62144058 0.65964245 0.42270965
vn 0.53468412 0.72390868 0.43596917
vn 0.48216492 0.60777507 0.63097262
vn 0.36420295 0.32743709 0.87186075
vn 0.43670219 0.29394741 0.85022710
vn 0.50877859 0.41470078 0.75443198
vn 0.72533517 0.57781943 0.37418392
vn 0.68259869 0.62247055 0.38287001
vn 0.62173206 0.53133214 0.57544366
vn 0.78941624 0.53703546 0.29734647
vn 0.76181379 0.49302677 0.42019561
vn 0.67218409 0.40360435 0.62070290
vn 0.51913034 0.28099192 0.80718476
vn 0.28653305 0.30343733 0.90874892
vn 0.37445861 0.49176423 0.78609712
vn 0.28148373 0.37918401 0.88146832
vn 0.24161161 0.36678198 0.89838455
vn 0.44547309 0.76523148 0.46473057
vn 0.32365045 0.82230790 0.46803857
vn 0.36063083 0.63407781 0.68402539
vn 0.28016553 0.70275236 0.65394678
vn 0.22329316 0.51038151 0.83045221
vn 0.16245184 0.33284655 0.92888243
vn 0.21720276 0.84614217 0.48668921
vn 0.17546472 0.71252937 0.67934824
vn 0.13425040 0.50763161 0.85105051
vn 0.09768790 0.30723202 0.94660740
vn 0.86235784 0.15785336 0.48106265
vn 0.90428515 0.26206959 0.33702803
vn 0.80223786 0.18451838 0.56777406
vn 0.85338018 0.28588905 0.43590105
vn 0.76986890 0.20998375 0.60266798
vn 0.89122160 0.38045477 0.24693769
vn 0.92212540 0.32896285 0.20363741
vn 0.94506244 0.27064935 0.18331918
vn 0.62708503 0.25581627 0.73574615
vn 0.71335210 0.22588507 0.66340389
vn 0.74790616 0.27235491 0.60535873
vn 0.59469894 0.25599160 0.76210332
vn 0.82211403 0.36691665 0.43531677
vn 0.83943727 0.45756086 0.29322878
vn 0.88739974 0.30181332 0.34846868
vn -0.09200497 0.85661576 0.50768546
vn -0.06419460 0.70804636 0.70324206
vn -0.00352349 0.87590476 0.48247117
vn -0.00289530 0.78717908 0.61671769
vn 0.02508052 0.63882119 0.76894633
vn -0.04388004 0.48452443 0.87367650
vn 0.48435749 0.47175973 0.73677715
vn -0.09756648 0.31480671 0.94412792
vn -0.06094900 0.31021322 0.94871122
vn -0.04306560 0.28550267 0.95740983
vn -0.02762079 0.28863787 0.95703985
vn -0.01627998 0.30051706 0.95363749
vn -0.00234521 0.30008605 0.95390925
vn -0.26267408 0.83418148 0.48491606
vn -0.20106591 0.72660154 0.65697998
vn -0.16296123 0.51392038 0.84221701
vn -0.09175989 0.47623454 0.87451746
vn -0.12311959 0.72698184 0.67552866
vn -0.17830349 0.84481112 0.50448194
vn -0.13590604 0.33392007 0.93275235
vn -0.11603959 0.22352203 0.96776687
vn -0.09543971 0.21977988 0.97086975
vn -0.18932432 0.24219401 0.95157678
vn -0.13499637 0.22044215 0.96601306
vn -0.24407613 0.24010642 0.93956147
vn -0.18426285 0.19930053 0.96245857
vn -0.16580131 0.20602666 0.96439771
vn -0.14279171 0.20706922 0.96784961
vn -0.20372532 0.19850945 0.95869181
vn -0.29715064 0.23400767 0.92571157
vn -0.22602911 0.19286235 0.95483766
vn -0.37793268 0.19882222 0.90423261
vn -0.23944054 0.19170449 0.95179705
vn -0.25907425 0.18046490 0.94884823
vn -0.33662132 0.15022056 0.92958048
vn -0.26556233 0.16287942 0.95023520
vn -0.33280440 0.17551837 0.92651742
vn -0.25287258 0.17734071 0.95110763
vn -0.42196272 0.08335919 0.90277279
vn -0.27850224 0.08594157 0.95658274
vn -0.27932066 0.09133062 0.95584449
vn -0.29539077 0.11289389 0.94868291
vn -0.35606849 0.12222025 0.92643264
vn -0.27524477 0.13329609 0.95208848
vn -0.18838740 0.09076221 0.97789182
vn -0.16925285 0.10065258 0.98041957
vn -0.18669995 0.09217236 0.97808353
vn -0.13710632 0.08602893 0.98681350
vn -0.20535112 0.09774545 0.97379502
vn -0.21291235 0.10766812 0.97112095
vn -0.26897895 0.09983409 0.95795797
vn -0.29437415 0.10743521 0.94963231
vn -0.71756839 0.11097346 0.68759035
vn -0.82376651 0.10534612 0.55705560
vn -0.89356976 0.06592001 0.44405815
vn -0.72896890 0.17826991 0.66092676
vn -0.59018351 0.17200490 0.78873173
vn -0.43367024 0.17664834 0.88358672
vn -0.59012041 0.11292942 0.79937779
vn -0.45422895 0.11704048 0.88316340
vn -0.60007182 0.07146337 0.79674764
vn -0.75666657 0.05898463 0.65113479
vn -0.85205128 0.04748312 0.52130028
vn -0.90440749 0.03489945 0.42524007
vn -0.10272864 0.09409159 0.99024926
vn -0.17279134 0.07843231 0.98183070
vn -0.07270738 0.09828238 0.99249897
vn -0.07355432 0.07854317 0.99419351
vn -0.02833230 0.07711888 0.99661926
vn -0.07357266 0.05337144 0.99586071
vn -0.04206308 0.05745150 0.99746179
vn -0.00301460 0.09007102 0.99593078
vn -0.00000827 0.05757673 0.99834108
vn -0.10899788 0.05287628 0.99263466
vn -0.17600428 0.05451801 0.98287857
vn -0.28787643 0.07594818 0.95465126
vn -0.25799411 0.05146600 0.96477474
vn -0.35498887 0.04252858 0.93390268
vn -0.43920951 0.06749170 0.89584590
vn -0.42402142 0.03635901 0.90492202
vn -0.68822695 0.02279417 0.72513729
vn -0.62343379 0.02260299 0.78154936
vn -0.61509139 0.05536201 0.78650978
vn -0.55818917 0.03145931 0.82911710
vn -0.48355459 0.03811311 0.87448405
vn -0.76200801 0.04106708 0.64626410
vn -0.80516200 0.00872500 0.59299076
vn -0.75487436 0.01391276 0.65572184
vn 0.11078611 0.22621030 0.96775789
vn 0.13133894 0.21813425 0.96704060
vn 0.18571889 0.24273210 0.95215000
vn 0.23620610 0.22632488 0.94497816
vn 0.18045650 0.20172173 0.96267533
vn 0.20633297 0.20085152 0.95764574
vn 0.29448151 0.22675857 0.92836480
vn 0.37446860 0.21299310 0.90244512
vn 0.28215811 0.20155792 0.93795586
vn 0.21233755 0.18478243 0.95956668
vn 0.15050205 0.20774684 0.96653525
vn 0.10225431 0.24834568 0.96325930
vn 0.06520155 0.69432373 0.71670308
vn -0.00538851 0.51804009 0.85533936
vn 0.05619775 0.28879746 0.95573942
vn 0.01725915 0.32275068 0.94632665
vn 0.01812590 0.33626300 0.94159367
vn 0.01934686 0.34881632 0.93699140
vn 0.04204385 0.28340980 0.95807682
vn 0.08649763 0.86133880 0.50061326
vn 0.14708964 0.85463988 0.49795112
vn 0.03139390 0.09232929 0.99523350
vn 0.48149659 0.07643661 0.87310852
vn 0.43885094 0.06712611 0.89604907
vn 0.57605648 0.07128907 0.81429528
vn 0.61919500 0.05192078 0.78351885
vn 0.67067076 0.06434148 0.73895934
vn 0.76202543 0.05868350 0.64488254
vn 0.77482068 0.02930583 0.63150146
vn 0.70031511 0.02213816 0.71349047
vn 0.78913356 0.00945392 0.61414888
vn 0.42826196 0.03940125 0.90279523
vn 0.48872412 0.03629247 0.87168319
vn 0.55832431 0.03258336 0.82898268
vn 0.62925752 0.02550088 0.77677839
vn 0.35451434 0.04204777 0.93410469
vn 0.28679470 0.07936018 0.95469930
vn 0.26506385 0.04687526 0.96309079
vn 0.17491490 0.08211052 0.98115373
vn 0.19360244 0.05281457 0.97965745
vn 0.39265174 0.08498874 0.91575189
vn 0.28877265 0.08375777 0.95372690
vn 0.15496995 0.09547933 0.98329447
vn 0.10311031 0.09675162 0.98995322
vn 0.07486604 0.07678933 0.99423261
vn 0.06550871 0.09969816 0.99285895
vn 0.04613343 0.05824578 0.99723575
vn 0.07433263 0.05744867 0.99557738
vn 0.11295838 0.05678708 0.99197562
vn 0.15287922 0.05448827 0.98674159
vn 0.59165611 0.17049385 0.78795615
vn 0.43945322 0.17150481 0.88174087
vn 0.45558919 0.11887116 0.88221774
vn 0.18178100 0.09319516 0.97891283
vn 0.25461333 0.18115549 0.94992354
vn 0.24474926 0.17267374 0.95408678
vn 0.32776523 0.17220350 0.92893267
vn 0.71768128 0.11238414 0.68724333
vn 0.72165183 0.19673018 0.66371369
vn 0.59156252 0.11675687 0.79776038
vn 0.82068919 0.09765663 0.56296753
vn 0.84047149 0.05537109 0.53901921
vn 0.89907620 0.04109038 0.43585957
vn 0.88211069 0.05873785 0.46736559
vn 0.21076245 0.09476703 0.97293289
vn 0.26630906 0.16218517 0.95014497
vn 0.33779418 0.15207352 0.92885345
vn 0.35106756 0.12358836 0.92815812
vn 0.29112318 0.13925112 0.94649692
vn 0.28463040 0.12025026 0.95106541
vn 0.35254849 0.08585957 0.93184639
vn 0.27133314 0.11001080 0.95617778
vn 0.27865293 0.08520990 0.95660432
vn 0.26555796 0.10132267 0.95875580
vn 0.23166501 0.10174466 0.96746026
vn 0.48553579 0.09324735 0.86922950
vn -0.01404795 0.15690123 0.98751438
vn -0.02336262 0.17939877 0.98349899
vn -0.04969274 0.18177179 0.98208434
vn -0.00237834 0.15510536 0.98789507
vn 0.00002727 0.17742965 0.98413349
vn -0.07811599 0.17344194 0.98174120
vn -0.06745653 0.18008865 0.98133465
vn -0.05624125 0.17641459 0.98270790
vn -0.02767731 0.16187227 0.98642351
vn -0.06418598 0.22226651 0.97287088
vn -0.09223091 0.17144439 0.98086711
vn -0.10838771 0.16995078 0.97947375
vn -0.12109816 0.16829086 0.97827063
vn -0.12993137 0.16548834 0.97761518
vn -0.13520666 0.16360548 0.97721666
vn -0.20542892 0.15201286 0.96679421
vn -0.13474748 0.15300423 0.97899582
vn -0.14675407 0.16037941 0.97608488
vn -0.14364260 0.16113931 0.97642251
vn -0.14671288 0.15970827 0.97620111
vn -0.11446352 0.11799639 0.98639493
vn -0.13512583 0.14946500 0.97949029
vn -0.20137839 0.13590415 0.97003959
vn -0.13292284 0.14779170 0.98004547
vn -0.15352382 0.12121989 0.98068148
vn -0.11984225 0.14308275 0.98242820
vn -0.18384413 0.12349652 0.97516662
vn -0.12632928 0.14415967 0.98145754
vn -0.13646025 0.14314979 0.98024830
vn -0.09114667 0.14129643 0.98576245
vn -0.10338019 0.13644013 0.98523938
vn -0.11018896 0.14155084 0.98377932
vn -0.08828811 0.13486954 0.98692219
vn -0.00041200 0.13193385 0.99125844
vn -0.00988684 0.12795037 0.99173129
vn -0.07895163 0.13628430 0.98751872
vn -0.06674164 0.13516004 0.98857337
vn -0.02023511 0.13391509 0.99078620
vn -0.03031164 0.13411158 0.99050254
vn -0.04281574 0.13338069 0.99013959
vn -0.05809653 0.12727100 0.99016508
vn 0.13614840 0.16432876 0.97696452
vn 0.14319587 0.16227406 0.97630020
vn 0.14574057 0.16004616 0.97629141
vn 0.14759442 0.15848976 0.97626681
vn 0.13521177 0.15694999 0.97830694
vn 0.20088420 0.15855202 0.96669892
vn 0.07429171 0.17551416 0.98166976
vn 0.08460430 0.17261861 0.98134853
vn 0.12487380 0.16472707 0.97840254
vn 0.09539896 0.17276436 0.98033235
vn 0.11001048 0.16785219 0.97965470
vn 0.06206168 0.19200064 0.97943050
vn 0.00853042 0.15815838 0.98737691
vn 0.02242495 0.18073965 0.98327529
vn 0.05142363 0.18042545 0.98224349
vn 0.06351203 0.22278915 0.97279557
vn 0.04558468 0.16468456 0.98529236
vn 0.02163164 0.15743082 0.98729307
vn -0.00206942 0.15230234 0.98833178
vn -0.04064372 0.15201514 0.98754214
vn -0.08006583 0.15151320 0.98520719
vn 0.01335808 0.13204112 0.99115423
vn 0.02223499 0.13428816 0.99069284
vn 0.03359136 0.13219245 0.99065472
vn 0.04572197 0.13375159 0.98995960
vn 0.06091491 0.13367171 0.98915178
vn 0.06851507 0.13528039 0.98843558
vn 0.08832943 0.13516617 0.98687791
vn 0.07879020 0.13595188 0.98757743
vn 0.13253439 0.14964530 0.97981678
vn 0.20225724 0.13611657 0.96982694
vn 0.18232677 0.12602138 0.97512848
vn 0.12095537 0.11789369 0.98563222
vn 0.10198717 0.14129009 0.98470083
vn 0.15479149 0.11436931 0.98130487
vn 0.11378571 0.14358118 0.98307541
vn 0.12337575 0.14218721 0.98212078
vn 0.13110627 0.14940003 0.98004631
vn 0.13030842 0.14795993 0.98037114
vn 0.12861099 0.14708611 0.98072671
vn 0.07791931 0.15262496 0.98520770
vn 0.04748828 0.15234129 0.98718640
vn 0.05704810 0.15240309 0.98667057
vn 0.02954937 0.15218690 0.98790991
vn 0.54199376 0.49735944 -0.67740412
vn -0.72886596 0.22723313 -0.64584791
vn -0.54199399 0.49736114 -0.67740269
vn 0.72886632 0.22723347 -0.64584738
vn -0.38588187 0.62627740 -0.67740077
vn -0.20053273 0.70774817 -0.67740620
vn 0.38587884 0.62627280 -0.67740675
vn -0.00000143 0.73561434 -0.67740057
vn 0.20053485 0.70774818 -0.67740556
vn 0.59667579 0.18602250 -0.78062388
vn 0.49603176 0.45518326 -0.73943268
vn 0.35315564 0.57316411 -0.73943492
vn 0.18352920 0.64772993 -0.73943422
vn -0.00000100 0.67323417 -0.73942934
vn -0.18352749 0.64772949 -0.73943503
vn -0.35315983 0.57316920 -0.73942897
vn -0.49603307 0.45518311 -0.73943189
vn -0.59667545 0.18602220 -0.78062421
vn -0.40806626 -0.65116824 -0.63989207
vn -0.38895925 -0.64731972 -0.65550582
vn 0.39541670 -0.73622911 0.54919244
vn 0.74043369 -0.66918581 -0.06283551
vn 0.73052309 -0.67924616 -0.07043201
vn -0.29045126 -0.92698290 -0.23736210
vn 0.71954311 -0.68849598 -0.09072489
vn 0.87739163 -0.23860134 -0.41623711
vn -0.08460757 -0.64889308 -0.75616092
vn -0.06789425 -0.64977371 -0.75708949
vn 0.24749766 -0.73622892 0.62985069
vn -0.67864443 -0.73446697 0.00000102
vn -0.65999566 -0.73446565 0.15800614
vn 0.08423769 -0.73622827 0.67146999
vn 0.07708331 -0.64624774 -0.75922462
vn 0.73579987 -0.66743821 -0.11456347
vn 0.73896205 -0.66767536 -0.09024797
vn -0.65999572 -0.73446554 -0.15800639
vn -0.53887659 -0.80898790 -0.23484166
vn -0.73113801 -0.66968938 -0.13020499
vn -0.53887561 -0.80898863 0.23484137
vn -0.73113709 -0.66969047 0.13020456
vn -0.17732167 -0.64914299 -0.73970968
vn -0.13022470 -0.65081392 -0.74798581
vn 0.29044618 -0.92698418 -0.23736332
vn -0.87982224 -0.23797133 -0.41143952
vn -0.71836025 -0.68993609 -0.08914457
vn 0.66101328 -0.73403575 0.15573360
vn 0.71505407 -0.69241381 0.09623307
vn 0.67910885 -0.73403758 -0.00000032
vn -0.31071756 -0.63823463 -0.70435158
vn -0.24713266 -0.64579511 -0.72240856
vn -0.72672303 -0.68257750 -0.07721140
vn 0.67588543 -0.65886195 -0.33027234
vn 0.69559486 -0.65899632 -0.28613222
vn -0.39542015 -0.73622720 0.54919251
vn -0.24750247 -0.73622741 0.62985056
vn 0.03242346 -0.64696205 -0.76183254
vn -0.08424219 -0.73622854 0.67146913
vn 0.00262025 -0.64964829 -0.76023038
vn -0.03045601 -0.64981424 -0.75948264
vn -0.71505822 -0.69240868 0.09623907
vn -0.72600117 -0.68749857 -0.01637156
vn -0.71233622 -0.68274775 -0.16258109
vn 0.71924148 -0.65836530 -0.22191626
vn 0.73106560 -0.66402807 -0.15687514
vn -0.73972216 -0.67035027 -0.05866556
vn -0.75667130 -0.64889727 -0.07988041
vn -0.74209455 -0.66392295 -0.09220623
vn 0.14154044 -0.64726386 -0.74900988
vn 0.18750892 -0.64678685 -0.73926123
vn 0.25225283 -0.64076034 -0.72511703
vn 0.08423779 -0.73622862 -0.67146960
vn 0.16257803 -0.68274333 -0.71234116
vn 0.24749768 -0.73622969 -0.62984978
vn 0.31701193 -0.68274459 -0.65830332
vn 0.39541761 -0.73622795 -0.54919333
vn 0.45554929 -0.68274647 -0.57125485
vn 0.53887375 -0.80898939 -0.23484302
vn 0.57124218 -0.68274866 -0.45556189
vn 0.73100566 -0.67023123 -0.12814373
vn 0.65828993 -0.68275114 -0.31702563
vn 0.66101207 -0.73403661 -0.15573473
vn 0.71232790 -0.68275355 -0.16259318
vn 0.72599599 -0.68750374 -0.01638403
vn -0.73739374 -0.65809722 -0.15217925
vn -0.72119674 -0.66162045 -0.20526482
vn -0.70525690 -0.66041665 -0.25780334
vn 0.59727526 -0.65239844 -0.46651745
vn 0.40050266 -0.64856861 -0.64726839
vn 0.55506663 -0.64983478 -0.51924542
vn 0.47749116 -0.64513910 -0.59648784
vn 0.34142013 -0.64776337 -0.68105426
vn 0.64736775 -0.65153798 -0.39549116
vn -0.65830115 -0.68274532 -0.31701488
vn -0.57125518 -0.68274442 -0.45555195
vn -0.39542110 -0.73622683 -0.54919232
vn -0.45556438 -0.68274210 -0.57124803
vn -0.24750144 -0.73622811 -0.62985015
vn -0.31702844 -0.68274221 -0.65829784
vn -0.08424350 -0.73622853 -0.67146898
vn -0.16259526 -0.68274134 -0.71233913
vn -0.00000912 -0.68274168 -0.73065983
vn -0.59436700 -0.65065788 -0.47262268
vn -0.52460660 -0.64696731 -0.55337258
vn -0.45023482 -0.64933597 -0.61290407
vn -0.67650585 -0.65253777 -0.34137120
vn -0.62986588 -0.65337486 -0.41996461
vn 0.30150072 -0.30150655 -0.90453917
vn 0.30151971 0.30150919 -0.90453196
vn -0.71048441 0.03263322 -0.70295588
vn 0.63752476 -0.56753400 -0.52102528
vn -0.70503639 0.05655568 -0.70691240
vn -0.69208091 0.03711970 -0.72086486
vn -0.70061593 -0.04409351 -0.71217490
vn -0.72927117 -0.01127110 -0.68413195
vn 0.70956158 0.02883812 -0.70405308
vn -0.30151841 0.30151717 -0.90452973
vn 0.71255264 0.04185892 -0.70036888
vn -0.30150864 -0.30151077 -0.90453513
vn -0.71421870 0.04488101 -0.69848217
vn -0.71054537 0.04662532 -0.70210495
vn -0.70903752 0.05314790 -0.70316506
vn 0.53147783 0.64900976 -0.54435067
vn 0.77898887 0.16471322 -0.60501727
vn 0.78787829 0.03761094 -0.61468140
vn 0.79962473 -0.00001184 -0.60050004
vn -0.70795852 0.01853017 -0.70601088
vn -0.77594417 0.00717846 -0.63076075
vn -0.80223083 0.08498515 -0.59093419
vn -0.57827294 0.62385626 -0.52574117
vn -0.70513243 -0.01772195 -0.70885414
vn -0.70867129 -0.00728530 -0.70550118
vn 0.68074234 0.03602346 -0.73163664
vn 0.68510874 0.04191807 -0.72723372
vn -0.63753402 -0.56752405 -0.52102478
vn 0.70168547 0.05505549 -0.71035653
vn 0.70972935 0.04958541 -0.70272721
vn -0.70293468 -0.01433309 -0.71110998
vn -0.69325805 -0.16080301 -0.70252094
vn -0.67379273 -0.12075488 -0.72898671
vn -0.30870392 0.35452565 -0.88261739
vn 0.30805186 0.37845647 -0.87285437
vn -0.70854371 -0.00382886 -0.70565654
vn -0.71121263 0.01296388 -0.70285740
vn -0.64619919 -0.17346458 -0.74319354
vn -0.64223961 -0.23038877 -0.73106039
vn -0.46560536 -0.41964634 -0.77917174
vn -0.49364429 -0.36298213 -0.79029063
vn -0.47251904 -0.43938767 -0.76397921
vn -0.68504504 -0.09095592 -0.72280033
vn -0.69338574 -0.06077680 -0.71799888
vn -0.53969978 -0.34927525 -0.76598365
vn -0.56721102 -0.30536392 -0.76486897
vn -0.61828724 -0.27148269 -0.73757579
vn 0.34399997 -0.46980874 -0.81298448
vn 0.29867966 -0.51170650 -0.80557242
vn -0.40061491 -0.47206032 -0.78528132
vn -0.37507509 -0.46400167 -0.80250927
vn -0.19997319 -0.65205532 -0.73132386
vn -0.20646136 -0.51999325 -0.82884301
vn -0.24899067 -0.52835560 -0.81169206
vn -0.29979757 -0.49520261 -0.81541143
vn 0.00353725 -0.54822053 -0.83632634
vn -0.03176138 -0.58361021 -0.81141256
vn -0.10778445 -0.67577453 -0.72918537
vn -0.15629419 -0.57389855 -0.80387348
vn 0.69554103 -0.05899044 -0.71606062
vn 0.68502260 -0.09091523 -0.72282672
vn 0.67339633 -0.12499525 -0.72863816
vn 0.65169563 -0.16727497 -0.73980531
vn 0.62500137 -0.20929859 -0.75204215
vn 0.70809093 0.01346728 -0.70599283
vn 0.70780195 0.01936375 -0.70614549
vn 0.03693931 -0.55659211 -0.82996429
vn 0.10648374 -0.66225188 -0.74167625
vn 0.46071113 -0.43090478 -0.77592933
vn 0.39837152 -0.47355833 -0.78552062
vn 0.60830261 -0.25855877 -0.75041009
vn 0.61905584 -0.27230036 -0.73662907
vn 0.58356861 -0.30645047 -0.75202113
vn 0.54179012 -0.33727599 -0.76987555
vn 0.70911500 -0.00233867 -0.70508896
vn 0.70814079 -0.00653978 -0.70604097
vn 0.70459953 -0.01705205 -0.70940026
vn 0.69766158 -0.00522971 -0.71640839
vn 0.72838805 -0.03246890 -0.68439507
vn 0.69972772 -0.04018964 -0.71327828
vn 0.28438742 -0.51245345 -0.81025629
vn 0.20138205 -0.53371814 -0.82133441
vn 0.16437542 -0.50538435 -0.84709349
vn 0.18816374 -0.54850318 -0.81470158
vn 0.19473676 -0.63816164 -0.74486731
vn 0.12302428 -0.53443704 -0.83620696
vn 0.51162564 -0.35012107 -0.78463650
vn 0.56551856 -0.42782697 -0.70509067
vn -0.70546803 -0.02946710 -0.70812890
vn -0.99854712 -0.05229646 -0.01298991
vn -0.69746173 -0.02851927 -0.71605432
vn -0.68792706 -0.04966521 -0.72407854
vn -0.68374836 -0.06959582 -0.72639149
vn -0.67045522 -0.09757698 -0.73550563
vn -0.73938093 -0.67030018 -0.06335219
vn -0.73729954 -0.67296977 -0.05916982
vn -0.99210685 0.09735640 -0.07902996
vn -0.99215585 0.09702895 -0.07881718
vn -0.99080959 0.07975168 -0.10925208
vn -0.73752248 -0.66789868 -0.09985967
vn -0.72240345 -0.68509409 -0.09369811
vn -0.61426891 -0.68017036 -0.40005248
vn 0.00312196 -0.65814283 -0.75288663
vn -0.02207346 -0.65896362 -0.75185086
vn -0.05482201 -0.66253694 -0.74702031
vn -0.19893120 -0.66647115 -0.71850024
vn -0.14228910 -0.66276711 -0.73518268
vn -0.10078468 -0.66381488 -0.74107507
vn -0.33961796 -0.67401752 -0.65601831
vn -0.27783810 -0.68054947 -0.67798113
vn -0.55507448 -0.67530827 -0.48564499
vn -0.43323489 -0.67591172 -0.59619701
vn -0.49200877 -0.67163649 -0.55392400
vn -0.52801967 -0.66675514 -0.52595894
vn -0.72023577 -0.68108044 -0.13187061
vn -0.70924128 -0.68206173 -0.17823750
vn -0.70340159 -0.67348818 -0.22724409
vn -0.68299187 -0.67745290 -0.27309280
vn -0.66140922 -0.67767268 -0.32139941
vn -0.73129281 -0.67756365 -0.07821971
vn -0.30563368 -0.93180616 0.19576857
vn -0.35314968 -0.92392286 0.14714568
vn 0.67453721 -0.67822064 -0.29157557
vn 0.63569118 -0.67816853 -0.36876031
vn 0.58047872 -0.67887107 -0.44964266
vn -0.24925842 -0.93318142 0.25892599
vn 0.35677103 -0.93364761 0.03188378
vn 0.35829301 -0.93159065 0.06135950
vn -0.38867548 -0.92135454 0.00609829
vn -0.29684035 -0.71669704 -0.63105560
vn 0.56488449 -0.58195894 -0.58500367
vn 0.15619216 -0.93413677 0.32092444
vn 0.21376273 -0.93251516 0.29106866
vn 0.25343090 -0.93248463 0.25738141
vn 0.29930511 -0.92444011 0.23627724
vn 0.32550342 -0.92964393 0.17265483
vn 0.35186192 -0.92849387 0.11871113
vn 0.36471986 -0.92981137 0.04929755
vn 0.38254637 -0.92303459 0.04080959
vn -0.69358620 -0.71900876 -0.04432375
vn 0.38412543 -0.92324415 -0.00823938
vn -0.55947985 -0.58538235 -0.58677917
vn 0.29614349 -0.71065751 -0.63817313
vn -0.37887113 -0.92465384 0.03836588
vn -0.36425592 -0.92763376 0.08254229
vn 0.71620051 -0.67642473 -0.17177431
vn 0.69816666 -0.67962529 -0.22510615
vn -0.08518740 -0.93135515 0.35400663
vn -0.13300369 -0.93235941 0.33617845
vn 0.25607223 -0.66807721 -0.69864143
vn 0.51376754 -0.67492316 -0.52964293
vn 0.45833503 -0.67351007 -0.57992516
vn -0.18580604 -0.93351379 0.30664004
vn 0.38079942 -0.67462901 -0.63235077
vn 0.30165115 -0.66966499 -0.67864231
vn 0.05525885 -0.93585829 0.34801683
vn 0.09835561 -0.93254956 0.34738666
vn -0.38135359 -0.92369664 0.03679630
vn -0.36104130 -0.93201264 0.03164821
vn 0.73593429 -0.67415112 -0.06261780
vn 0.73098783 -0.67729682 -0.08322148
vn 0.72834273 -0.67564039 -0.11413554
vn 0.72385758 -0.67595150 -0.13827424
vn 0.69711349 -0.71535475 -0.04796215
vn 0.70384761 -0.70449164 -0.09104988
vn -0.36159119 -0.93113224 0.04737674
vn 0.72226239 -0.68433366 -0.10012231
vn 0.73939752 -0.67007129 -0.06554216
vn 0.00026188 -0.93748591 0.34802314
vn 0.02826289 -0.93375123 0.35680506
vn 0.19582666 -0.67224392 -0.71396080
vn 0.12059610 -0.66549790 -0.73659291
vn -0.03983763 -0.92704962 0.37281625
vn 0.08463899 -0.66330266 -0.74354948
vn -0.01346778 -0.93544082 0.35322670
vn 0.04350636 -0.66376100 -0.74667834
vn 0.99148630 0.07242217 -0.10821250
vn 0.99241720 0.09543586 -0.07746035
vn -0.72029548 0.03987090 -0.69252057
vn -0.99781452 0.05791919 0.03180503
vn -0.72348795 0.07365053 -0.68639696
vn -0.99429682 0.09193103 0.05406041
vn -0.72761322 0.10711520 -0.67757312
vn -0.99237326 0.10493527 0.06468313
vn -0.91379582 -0.40245801 0.05481568
vn -0.73132533 -0.29005105 -0.61727923
vn -0.89749516 -0.42480325 0.11851006
vn -0.89604753 -0.42181312 0.13846488
vn -0.89593943 -0.42151403 0.14006594
vn -0.89583223 -0.42164217 0.14036555
vn -0.89563420 -0.42197668 0.14062384
vn -0.89533886 -0.42254975 0.14078364
vn -0.89494593 -0.42338187 0.14078198
vn -0.89451403 -0.42436289 0.14057305
vn -0.89410377 -0.42530406 0.14033853
vn -0.89069022 -0.43325285 0.13770581
vn -0.88735808 -0.43974229 0.13864471
vn -0.88818628 -0.43825165 0.13806020
vn -0.89666803 -0.42353236 0.12886732
vn -0.90173990 -0.40944662 0.13863124
vn -0.90256971 -0.40800021 0.13749088
vn -0.90328179 -0.40685772 0.13619401
vn -0.90435341 -0.40513139 0.13421426
vn -0.90696850 -0.40148389 0.12735313
vn -0.91438944 -0.39085190 0.10548342
vn -0.90262663 -0.42242584 0.08259281
vn -0.89202067 -0.44618233 0.07225268
vn 0.89254931 -0.44497441 0.07316771
vn 0.90619446 -0.41009468 0.10312106
vn 0.89658949 -0.42426957 0.12697484
vn -0.99535862 -0.06305169 0.07270280
vn -0.99585394 -0.08516903 0.03195584
vn -0.99573585 -0.06994076 0.06015323
vn -0.99605440 -0.08262290 0.03238961
vn -0.00001900 -0.47218656 0.88149864
vn -0.00574899 -0.47497947 0.87997810
vn -0.01237115 -0.47958805 0.87740655
vn -0.87710917 -0.46591455 0.11663244
vn -0.86152626 -0.48390624 0.15364652
vn -0.85132671 -0.47012707 0.23285912
vn -0.70938374 -0.46709807 0.52782015
vn -0.75875560 -0.45455478 0.46655106
vn -0.78309298 -0.48123532 0.39392632
vn -0.83063539 -0.47613111 0.28869362
vn -0.66455669 -0.48036254 0.57237771
vn -0.62194384 -0.45856464 0.63474746
vn -0.39787945 -0.49089555 0.77505710
vn -0.46144401 -0.45868385 0.75939354
vn -0.51515703 -0.48923932 0.70374578
vn -0.57502987 -0.46937795 0.67009327
vn -0.32069347 -0.46428231 0.82558926
vn -0.34000066 -0.53370253 0.77431335
vn -0.12233492 -0.48952505 0.86336515
vn -0.18550497 -0.46374625 0.86632980
vn -0.23809822 -0.49854091 0.83352636
vn -0.02469810 -0.46945025 0.88261343
vn -0.05041440 -0.49759347 0.86594407
vn -0.07182906 -0.48566514 0.87118882
vn 0.81080573 -0.48116704 0.33327517
vn 0.78912753 -0.45068176 0.41732924
vn 0.00569515 -0.47495320 0.87999263
vn 0.02402760 -0.50087523 0.86518592
vn 0.01549039 -0.48237938 0.87582543
vn 0.09383835 -0.48285874 0.87065596
vn 0.05774488 -0.46775489 0.88196989
vn 0.18932249 -0.51240756 0.83761297
vn 0.16018323 -0.47778393 0.86374988
vn 0.13451774 -0.46381920 0.87565789
vn 0.24294976 -0.46347494 0.85215398
vn 0.31731661 -0.48967079 0.81211617
vn 0.38159892 -0.46077007 0.80129471
vn 0.55537941 -0.46019933 0.69265452
vn 0.50094514 -0.46000997 0.73310627
vn 0.44546901 -0.49226760 0.74781680
vn 0.59304215 -0.46544466 0.65701010
vn 0.65755663 -0.45721416 0.59881090
vn 0.71612708 -0.47212009 0.51406676
vn 0.73426851 -0.52294090 0.43287709
vn 0.85097157 -0.45069937 0.26966177
vn 0.85215279 -0.48589390 0.19427492
vn 0.88217990 -0.44540744 0.15287526
vn 0.88923751 -0.45153101 0.07332393
vn 0.87562246 -0.47443279 0.09054736
vn 0.87292720 -0.47523421 0.11022954
vn 0.99511226 -0.06885825 0.07078232
vn 0.99485500 -0.07678935 0.06608272
vn 0.99664219 -0.07510175 0.03262021
vn 0.99625265 -0.08305785 0.02412561
vn 0.71930631 -0.28635474 -0.63292922
vn 0.91084651 -0.39846790 0.10761951
vn 0.92699132 -0.37506134 0.00401103
vn 0.92636580 -0.37313503 0.05115333
vn 0.92102620 -0.38259119 0.07303925
vn 0.71703003 0.03966557 -0.69591277
vn 0.72340066 0.07400477 -0.68645086
vn 0.99859180 0.04658391 0.02538420
vn 0.99647462 0.07494199 0.03770968
vn 0.99365850 0.09476396 0.06051918
vn 0.72754693 0.10736567 -0.67760466
vn 0.73066873 0.15107508 -0.66580742
vn 0.72989834 0.19870697 -0.65403666
vn 0.72542978 0.23216796 -0.64795808
vn 0.71972995 0.29722142 -0.62741392
vn 0.72287686 0.26091916 -0.63982047
vn 0.72073100 0.02161517 -0.69287777
vn 0.99920869 -0.03155097 0.02421841
vn 0.69562997 -0.04443236 -0.71702490
vn 0.99784774 -0.06514239 -0.00750768
vn 0.70031813 -0.02796107 -0.71328304
vn 0.70533257 -0.00635903 -0.70884802
vn 0.71853053 0.07333942 -0.69161782
vn 0.71217540 0.05866041 -0.69954639
vn 0.99943953 -0.01604377 0.02938083
vn 0.29433359 0.01642833 0.95556154
vn 0.42074548 0.01027337 0.90712055
vn 0.00262172 0.00448705 0.99998650
vn 0.00286126 -0.02998403 0.99954628
vn 0.06005950 -0.01367572 0.99810111
vn 0.71255633 -0.04434786 -0.70021192
vn 0.99641631 -0.08368462 0.01230562
vn 0.99237972 -0.07898551 0.09457161
vn 0.98384899 -0.08225793 0.15898049
vn 0.96656567 -0.09172635 0.23945163
vn 0.92165911 -0.09292968 0.37670753
vn 0.82887905 -0.09638348 0.55106238
vn 0.66539139 -0.09846815 0.73997184
vn 0.47433463 -0.09517734 0.87518451
vn 0.30833268 -0.09110150 0.94690626
vn 0.17937720 -0.09395376 0.97928367
vn 0.06758970 -0.09583394 0.99309994
vn 0.00103063 -0.09832236 0.99515408
vn 0.00099640 0.01936957 0.99981190
vn 0.07041232 0.02288742 0.99725537
vn 0.00008286 0.03584927 0.99935720
vn 0.17214402 0.02025734 0.98486348
vn 0.62174555 -0.00058809 0.78321908
vn 0.53047264 0.00553711 0.84768397
vn 0.85879190 -0.02342279 0.51178887
vn 0.79305781 -0.01536424 0.60895258
vn 0.71350478 -0.00880406 0.70059504
vn 0.87006318 0.00434366 0.49292109
vn 0.91655456 -0.02967158 0.39880738
vn 0.92497932 -0.00033438 0.38001729
vn 0.96179923 -0.03405210 0.27162971
vn 0.96168161 0.00298023 0.27415250
vn 0.97654522 -0.01029247 0.21506626
vn 0.98405416 -0.03478377 0.17443482
vn 0.98517275 -0.00398123 0.17151912
vn 0.99333762 -0.03492419 0.10982110
vn 0.99107481 0.00884784 0.13301293
vn 0.72599912 0.04770100 -0.68603928
vn 0.71563809 0.03727819 -0.69747578
vn 0.99902249 0.01020643 0.04301037
vn 0.99652049 -0.00633549 0.08310699
vn 0.99770758 -0.03480239 0.05803780
vn 0.99920349 -0.03447294 0.02009964
vn 0.71634515 0.10669630 -0.68954009
vn 0.69337252 0.34802356 -0.63096287
vn 0.70823409 0.40044286 -0.58142066
vn 0.99763496 -0.06674602 0.01641493
vn 0.72352718 0.38241637 -0.57468786
vn 0.72900723 0.30808557 -0.61125423
vn 0.69612484 -0.00134248 -0.71791950
vn 0.68728897 0.11892653 -0.71658241
vn 0.69396966 0.22383995 -0.68432579
vn 0.72679931 0.23014311 -0.64714521
vn 0.72282505 0.16230932 -0.67169906
vn 0.91326046 -0.05737641 0.40331536
vn 0.82523395 -0.05021082 0.56255471
vn 0.73344663 -0.04278223 0.67839939
vn 0.64357224 -0.03701014 0.76449004
vn 0.54819472 -0.03159276 0.83575382
vn 0.43654089 -0.02631774 0.89929941
vn 0.30401262 -0.02070385 0.95244301
vn 0.19048814 -0.01657241 0.98154960
vn 0.11625778 -0.01377027 0.99312361
vn 0.99335002 -0.06384761 0.09580824
vn 0.98380770 -0.06206766 0.16813688
vn 0.96346327 -0.06033051 0.26095738
vn 0.96514962 -0.08063589 0.24896600
vn 0.91952662 -0.07922489 0.38496002
vn 0.56276188 -0.06663663 0.82392878
vn 0.44667511 -0.06147790 0.89258154
vn 0.30984135 -0.05775110 0.94903274
vn 0.00179397 -0.05839271 0.99829208
vn 0.05656156 -0.05430645 0.99692106
vn 0.11595864 -0.05635217 0.99165419
vn 0.19329289 -0.05495208 0.97960100
vn 0.83895833 -0.07614976 0.53884148
vn 0.75069241 -0.07392255 0.65650313
vn 0.66012364 -0.06882525 0.74799724
vn 0.85543630 0.02754510 0.51717502
vn 0.97817611 0.01325578 0.20735423
vn 0.99579411 0.01709538 0.09001021
vn 0.93579232 0.01742009 0.35212111
vn 0.86137061 0.02048882 0.50756367
vn 0.93541375 0.01302622 0.35331493
vn 0.97962324 0.00730060 0.20071125
vn 0.95738432 0.02435176 0.28778857
vn 0.93373609 0.03091720 0.35662452
vn 0.99611717 0.01737869 0.08630504
vn 0.99172115 0.01002288 0.12801839
vn 0.97787222 0.02147632 0.20809779
vn 0.71769634 0.03295069 -0.69557617
vn 0.99845613 0.02162092 0.05116538
vn 0.72121250 0.03154756 -0.69199514
vn 0.71846801 0.03862843 -0.69448654
vn -0.70703198 -0.00426159 -0.70716874
vn -0.69485661 -0.02925753 -0.71855292
vn -0.70225463 -0.00089337 -0.71192531
vn -0.70837213 0.02394196 -0.70543299
vn -0.70154914 0.01116011 -0.71253368
vn 0.71260736 0.03911525 -0.70047180
vn 0.71806727 0.03182574 -0.69524565
vn -0.63169390 -0.17857189 -0.75437053
vn -0.65643760 -0.13152426 -0.74282639
vn -0.55888594 -0.20455890 -0.80361817
vn -0.55432083 -0.24475874 -0.79550084
vn 0.71360087 0.32581498 -0.62017610
vn -0.57332185 -0.20521328 -0.79321471
vn -0.70862719 0.03064166 -0.70491744
vn -0.70348251 0.04748666 -0.70912437
vn -0.70569253 0.07231335 -0.70481830
vn -0.69791031 0.47951674 -0.53196325
vn -0.68813683 0.45901713 -0.56193503
vn -0.69946753 0.47338702 -0.53539695
vn -0.70959704 0.44268885 -0.54817755
vn -0.71904665 0.41113374 -0.56030435
vn -0.71280953 0.34102639 -0.61286505
vn -0.71470094 0.26743586 -0.64628215
vn -0.71766766 0.24043215 -0.65356370
vn -0.71603315 0.17750446 -0.67512124
vn -0.70924200 0.14737478 -0.68938847
vn -0.71059286 0.11697764 -0.69381123
vn -0.70239626 0.05538328 -0.70962820
vn -0.68937766 0.12711653 -0.71316185
vn -0.69075431 0.25978435 -0.67481151
vn -0.68342802 0.36459375 -0.63245359
vn -0.70927839 0.01272794 -0.70481357
vn -0.70702175 0.04878570 -0.70550705
vn -0.71452865 0.04927761 -0.69786855
vn -0.71668360 0.04150411 -0.69616236
vn -0.71105554 0.02762140 -0.70259311
vn -0.70571057 -0.00986333 -0.70843159
vn -0.71154137 -0.00567246 -0.70262131
vn -0.99902117 0.02762237 -0.03455007
vn -0.99767211 0.06756570 0.00923215
vn 0.99269724 0.06506421 0.10158171
vn 0.99665475 0.03390928 0.07436040
vn 0.99579901 0.06308514 0.06636707
vn 0.99734266 0.06233722 0.03770531
vn 0.99548874 0.07924676 0.05217401
vn 0.99798127 0.04840790 0.04111037
vn 0.99877505 0.04259873 0.02517437
vn 0.94714554 0.05736040 0.31563447
vn 0.97374848 0.04940307 0.22220091
vn -0.31432410 0.78316421 -0.53652044
vn -0.39994118 0.73702266 -0.54483451
vn -0.46456961 0.68838840 -0.55704262
vn -0.49353246 0.66075984 -0.56552820
vn -0.52034606 0.63651730 -0.56928526
vn -0.55953852 0.59893905 -0.57287753
vn -0.60583090 0.54236672 -0.58207153
vn -0.64068008 0.48245127 -0.59730211
vn -0.99570749 0.07430137 0.05518963
vn -0.99663188 0.04574055 0.06806390
vn -0.99881841 0.04567997 0.01658703
vn -0.99739265 0.03608031 0.06249884
vn -0.99788299 0.04924312 0.04248114
vn -0.99379113 0.05964956 0.09392084
vn -0.71147388 0.04021816 -0.70156070
vn -0.99755871 0.05995683 0.03580228
vn -0.71875514 0.03242905 -0.69450659
vn -0.97371916 0.04827632 0.22257672
vn -0.71746371 0.03203563 -0.69585885
vn -0.99860824 0.01733610 0.04981012
vn -0.99641323 0.01987092 0.08225466
vn -0.99127060 0.01222501 0.13127510
vn -0.98050374 0.01692207 0.19577044
vn -0.94628704 0.05721600 0.31822502
vn -0.93456255 0.03057298 0.35448292
vn -0.95928660 0.02293432 0.28150174
vn -0.93536272 0.01289321 0.35345487
vn -0.86012446 0.02680217 0.50937959
vn -0.98523917 -0.00959970 0.17091408
vn -0.95571807 0.06451334 0.28712539
vn -0.97441478 -0.00316452 0.22473499
vn -0.94484165 -0.00252823 0.32751774
vn -0.93772272 0.01439286 0.34708638
vn -0.91585330 -0.00027531 0.40151297
vn -0.84896468 0.01330447 0.52828208
vn -0.86670949 0.00491347 0.49878904
vn -0.99609606 0.01438642 0.08709571
vn -0.99715875 -0.00633473 0.07506198
vn -0.99311430 -0.00104872 0.11714477
vn -0.97897619 0.01119108 0.20366730
vn -0.72112006 0.03495861 -0.69192756
vn -0.71676957 0.04190512 -0.69604982
vn -0.99916397 0.02256679 0.03408973
vn -0.72125081 0.03164122 -0.69195094
vn 0.69921267 0.36655502 -0.61379073
vn 0.68281817 0.40436944 -0.60847737
vn 0.66383940 0.44854408 -0.59843584
vn 0.62857583 0.51722176 -0.58083912
vn 0.57762301 0.58459001 -0.56974221
vn 0.31201210 0.78175359 -0.53991644
vn 0.36945114 0.75249846 -0.54520814
vn 0.43910068 0.71037158 -0.55005710
vn 0.51106227 0.65256233 -0.55944416
vn 0.67049429 -0.09760338 -0.73546651
vn 0.67401601 -0.06889609 -0.73549694
vn 0.67689782 -0.03843074 -0.73507307
vn 0.69873188 -0.02424632 -0.71497264
vn 0.99879447 -0.04773271 -0.01145370
vn 0.70219087 -0.01966789 -0.71171705
vn 0.64982968 -0.13782657 -0.74747924
vn 0.63166289 -0.17475925 -0.75528881
vn 0.99873891 0.03199266 -0.03869181
vn 0.99753936 0.07010328 -0.00087345
vn 0.71606832 -0.02167230 -0.69769368
vn 0.71040942 0.00367719 -0.70377904
vn 0.71208630 0.02602005 -0.70160962
vn 0.72015557 0.03094907 -0.69312200
vn 0.71154107 0.05094510 -0.70079519
vn 0.71118464 -0.02062373 -0.70270269
vn -0.70033911 -0.02787631 -0.71326576
vn -0.70257068 0.00014595 -0.71161396
vn -0.71621573 0.00851016 -0.69782706
vn -0.69912438 -0.01605609 -0.71481977
vn 0.69969801 0.07241819 -0.71075897
vn -0.70538271 -0.04925241 -0.70711345
vn 0.70674141 0.05154272 -0.70559190
vn -0.69599956 -0.04445664 -0.71666465
vn -0.68652947 0.05935389 -0.72467537
vn 0.68861193 0.18790642 -0.70036047
vn -0.69288746 0.18967352 -0.69565143
vn 0.68984929 0.29463353 -0.66128590
vn -0.69161613 0.29385608 -0.65978461
vn 0.68242731 0.41708055 -0.60028059
vn -0.70432798 0.38906988 -0.59375645
vn 0.69284886 0.47010267 -0.54677594
vn -0.71474836 0.41080647 -0.56601486
vn 0.69790519 0.48052894 -0.53105582
vn -0.72532123 0.38037585 -0.57377985
vn 0.69792895 0.47997768 -0.53152291
vn -0.71374851 0.06255798 -0.69760273
vn 0.70356336 0.08183306 -0.70590506
vn -0.72419776 0.08644693 -0.68415242
vn 0.71122376 0.13036565 -0.69077171
vn -0.71764286 0.12454219 -0.68518462
vn 0.71134687 0.18367434 -0.67841681
vn -0.72422959 0.16900658 -0.66852694
vn 0.71483729 0.25194406 -0.65232801
vn -0.73292286 0.24036886 -0.63643295
vn 0.71202883 0.33305314 -0.61813474
vn -0.73312424 0.32605760 -0.59683774
vn 0.71040347 0.38670445 -0.58803620
vn 0.70828984 0.44892038 -0.54478987
vn 0.70846118 0.03453967 -0.70490408
vn 0.70815109 0.05146898 -0.70418249
vn 0.70854838 0.02434879 -0.70524204
vn -0.73497244 0.05184842 -0.67611187
vn 0.70273672 -0.00042170 -0.71144988
vn 0.69820496 0.01247476 -0.71578923
vn 0.55885536 -0.20449585 -0.80365548
vn 0.57322190 -0.20526735 -0.79327295
vn -0.72418185 0.26004520 -0.63869957
vn -0.72961747 0.20414624 -0.65267347
vn -0.73030507 0.15094282 -0.66623628
vn 0.55430766 -0.24477222 -0.79550586
vn -0.71312298 0.28845878 -0.63894221
vn -0.70814868 0.32620802 -0.62618988
vn 0.70957513 0.00298975 -0.70462344
vn 0.69405335 0.00926715 -0.71986392
vn -0.56415119 -0.76798526 -0.30320301
vn -0.49825683 -0.78603889 -0.36590025
vn -0.30296049 -0.44022963 -0.84522944
vn -0.48125720 -0.35610158 -0.80098887
vn -0.74129882 -0.60063513 -0.29952211
vn -0.41670102 -0.37989505 -0.82585714
vn -0.66855161 -0.67355302 -0.31522227
vn -0.38820035 -0.42600687 -0.81720171
vn -0.63019443 -0.68025964 -0.37430176
vn -0.34062097 -0.40921669 -0.84647449
vn -0.25712116 -0.44818541 -0.85616502
vn -0.44867252 -0.83393420 -0.32132027
vn -0.20588023 -0.44809860 -0.86995458
vn -0.35809634 -0.84677881 -0.39336072
vn -0.32217059 -0.85931775 -0.39721419
vn -0.19279311 -0.50471581 -0.84148248
vn 0.40361969 -0.37412094 -0.83493992
vn 0.40771608 -0.41491231 -0.81339743
vn 0.65578613 -0.67009138 -0.34773854
vn 0.63418956 -0.70110698 -0.32596412
vn 0.34835018 -0.42198743 -0.83700583
vn 0.56960021 -0.75221101 -0.33126152
vn 0.29491176 -0.42448645 -0.85605975
vn 0.51293894 -0.80157558 -0.30719737
vn 0.25268775 -0.44879742 -0.85716380
vn 0.40191537 -0.84213002 -0.35955676
vn 0.21429556 -0.50174992 -0.83804799
vn 0.36981814 -0.84286270 -0.39091817
vn 0.20209449 -0.51086419 -0.83556903
vn 0.33609127 -0.85524430 -0.39446146
vn 0.49274407 -0.34516825 -0.79878793
vn 0.45543090 -0.35754828 -0.81531707
vn 0.72360391 -0.61956296 -0.30420243
vn -0.55716733 -0.28001632 -0.78176431
vn 0.12767736 -0.41221695 -0.90209516
vn 0.13651109 -0.42073277 -0.89685487
vn -0.51844762 -0.32005848 -0.79295311
vn -0.54197776 -0.29975641 -0.78511541
vn -0.53944435 -0.30898274 -0.78328122
vn 0.51845392 -0.32006214 -0.79294751
vn -0.68975204 0.38519699 -0.61307862
vn -0.66500935 0.43641282 -0.60605810
vn 0.53946418 -0.30908354 -0.78322779
vn 0.54183563 -0.29987268 -0.78516910
vn 0.55709944 -0.28004957 -0.78180078
vn -0.23866303 0.80970544 -0.53611291
vn -0.18806350 0.82231020 -0.53706429
vn 0.06257206 -0.39753739 -0.91545003
vn -0.13883462 0.83501863 -0.53241792
vn 0.03154760 -0.51703956 -0.85537994
vn -0.07197806 0.84551629 -0.52907596
vn 0.00290592 -0.52929810 -0.84843095
vn -0.00151266 0.84882897 -0.52866539
vn -0.03454496 -0.51923996 -0.85393004
vn 0.06362607 0.84565752 -0.52991988
vn -0.06539475 -0.41198607 -0.90884047
vn 0.13100250 0.83699147 -0.53130371
vn -0.12034871 -0.52332722 -0.84359043
vn 0.20169759 0.82186693 -0.53277841
vn -0.12031433 -0.37965202 -0.91727248
vn 0.27188985 0.80070651 -0.53380239
vn -0.09679419 -0.88818995 -0.44916533
vn -0.19269674 -0.86150952 -0.46975452
vn 0.09607604 -0.90300714 -0.41874514
vn 0.20373478 -0.92080398 -0.33258407
vn 0.83673451 -0.49806994 -0.22759983
vn 0.85372688 -0.47127897 -0.22146454
vn 0.86479619 -0.42149679 -0.27288828
vn 0.92113804 -0.36401643 -0.13782868
vn 0.94997106 -0.30417771 -0.07092887
vn -0.20387894 0.88779332 0.41262138
vn -0.09220845 0.90355510 0.41843253
vn 0.09213737 0.90349602 0.41857574
vn 0.20998843 0.88711084 0.41102217
vn -0.99752143 -0.07026491 0.00372091
vn -0.99775327 -0.06543021 -0.01439773
vn -0.99896661 -0.02873268 0.03521561
vn -0.99773153 -0.06306692 0.02354466
vn -0.62415018 -0.00300080 0.78129863
vn -0.52746700 0.00478740 0.84956203
vn -0.99962444 -0.01614297 0.02214477
vn -0.99916989 -0.03652511 0.01803996
vn -0.99764203 -0.03560277 0.05867555
vn -0.99333367 -0.03495164 0.10984806
vn -0.96181220 -0.03439327 0.27154079
vn -0.98396853 -0.03465694 0.17494238
vn -0.85746273 -0.02666280 0.51385481
vn -0.79576116 -0.02168307 0.60522229
vn -0.71240813 -0.00968318 0.70169858
vn -0.17126481 0.02094771 0.98500231
vn -0.29326352 0.01305610 0.95594249
vn -0.42395016 0.01029486 0.90562701
vn -0.07261687 0.02546827 0.99703468
vn -0.06695579 -0.09430230 0.99328948
vn -0.18084675 -0.09382850 0.97902537
vn -0.30837455 -0.09205781 0.94680013
vn -0.47226663 -0.09290188 0.87654633
vn -0.66769067 -0.09798599 0.73796201
vn -0.82787802 -0.09530518 0.55275212
vn -0.96566209 -0.09071641 0.24344868
vn -0.92235290 -0.09062531 0.37556915
vn -0.99109736 -0.09174579 0.09648182
vn -0.98384183 -0.09000086 0.15477435
vn -0.99652228 -0.07828737 0.02853814
vn -0.99251136 -0.07800548 0.09400180
vn -0.91258999 -0.05659179 0.40494058
vn -0.91641330 -0.02884392 0.39919255
vn -0.96333610 -0.06055104 0.26137548
vn -0.98376229 -0.06244403 0.16826321
vn -0.99331304 -0.06411213 0.09601482
vn -0.06062360 -0.01336864 0.99807117
vn -0.11639233 -0.01373734 0.99310831
vn -0.82607494 -0.04920429 0.56140817
vn -0.73350175 -0.04264417 0.67834847
vn -0.64371229 -0.03682663 0.76438099
vn -0.54837394 -0.03136734 0.83564473
vn -0.43639648 -0.02591726 0.89938112
vn -0.30433589 -0.02022445 0.95235006
vn -0.19094167 -0.01641636 0.98146410
vn -0.56288094 -0.06557402 0.82393270
vn -0.05826002 -0.05508527 0.99678051
vn -0.11609720 -0.05638965 0.99163584
vn -0.19335994 -0.05459888 0.97960752
vn -0.31014463 -0.05712960 0.94897129
vn -0.44658963 -0.06066761 0.89267975
vn -0.98384040 -0.08122794 0.15956219
vn -0.96507637 -0.08040084 0.24932569
vn -0.91923404 -0.07867754 0.38577016
vn -0.83968662 -0.07499510 0.53786812
vn -0.75077543 -0.07233416 0.65658512
vn -0.66023302 -0.06745303 0.74802570
vn -0.94877124 -0.29591452 -0.11075975
vn -0.91336575 -0.36727555 -0.17570337
vn -0.86267346 -0.42374932 -0.27609965
vn -0.85398133 -0.47157486 -0.21984776
vn -0.82718329 -0.50036295 -0.25574345
vn -0.71394991 -0.62727015 0.31113934
vn -0.42834831 -0.68013271 0.59492624
vn -0.26811052 -0.68013250 0.68230238
vn -0.09125506 -0.68013256 0.72738725
vn 0.09125586 -0.68013290 0.72738683
vn 0.26811119 -0.68013260 0.68230201
vn 0.42834753 -0.68013307 0.59492639
vn -0.99457963 -0.05666794 -0.08717859
vn -0.71394945 -0.62727003 -0.31114064
vn -0.99457996 -0.05666384 0.08717748
vn 0.71395009 -0.62726910 -0.31114104
vn 0.42834823 -0.68013225 -0.59492681
vn 0.26811088 -0.68013306 -0.68230167
vn 0.09125552 -0.68013364 -0.72738618
vn -0.09125567 -0.68013313 -0.72738665
vn -0.26811033 -0.68013335 -0.68230161
vn -0.42834915 -0.68013180 -0.59492666
vn 0.70711943 -0.70709413 -0.00000356
vn 0.99474446 -0.05576437 -0.08587078
vn -0.68529485 -0.72240504 0.09220587
vn -0.99952840 -0.02857611 -0.01124174
vn -0.06205410 0.68837333 -0.72269734
vn -0.06207586 -0.68837629 -0.72269265
vn -0.28223078 -0.66208510 -0.69425435
vn -0.99476029 0.00913021 0.10182637
vn -0.28223961 0.66212695 -0.69421085
vn -0.48979709 -0.67912722 -0.54670379
vn -0.49083379 0.67889502 -0.54606203
vn -0.72969377 -0.03078818 -0.68308059
vn -0.57331479 0.69448987 -0.43473437
vn -0.72369360 0.68614168 0.07400785
vn -0.72483386 0.68561732 -0.06741484
vn -0.99567360 0.00961291 -0.09242114
vn -0.69755338 0.68529331 -0.20926624
vn -0.95776750 0.00987848 -0.28737404
vn -0.64203132 0.68536412 -0.34361579
vn -0.88156910 0.00982194 -0.47195281
vn -0.79784100 0.00483194 -0.60284856
vn -0.71156125 -0.68165909 0.17035692
vn -0.73166350 -0.68166599 0.00000029
vn -0.71156293 -0.68165751 -0.17035620
vn 0.71185471 -0.68200963 -0.16770729
vn 0.73133866 -0.68201449 -0.00000003
vn 0.71185163 -0.68201303 0.16770656
vn 0.68527095 -0.72242834 0.09220096
vn 0.99952786 -0.02858821 -0.01125922
vn -0.66296808 -0.73319250 -0.15133433
vn -0.61267882 -0.73318595 -0.29506443
vn -0.53166438 -0.73318371 -0.42399839
vn -0.42399090 -0.73318101 -0.53167408
vn -0.29505720 -0.73317784 -0.61269202
vn -0.15132740 -0.73317663 -0.66298722
vn -0.00000947 -0.73317746 -0.68003736
vn 0.15130760 -0.73317874 -0.66298940
vn 0.29503876 -0.73318064 -0.61269754
vn 0.42397341 -0.73318493 -0.53168263
vn 0.53164990 -0.73318805 -0.42400906
vn 0.61266645 -0.73319208 -0.29507489
vn 0.66295610 -0.73320088 -0.15134622
vn 0.16289674 -0.98518392 0.05364036
vn 0.35017502 -0.61918793 0.70283979
vn 0.93701100 0.09711327 0.33552855
vn 0.35018297 0.61914201 0.70287627
vn 0.88515514 0.29739010 0.35785403
vn 0.11768912 0.99254772 0.03159568
vn -0.90725143 0.23328459 0.34996162
vn -0.12585187 0.99143588 0.03487415
vn -0.35016382 0.61914444 0.70288367
vn -0.35016842 -0.61918283 0.70284757
vn -0.16321387 -0.98511953 0.05385860
vn -0.94518157 0.04765953 0.32304856
vn 0.67546033 0.71034580 0.19789438
vn 0.67899369 0.70641803 0.19985279
vn 0.67544154 0.70522771 0.21548228
vn 0.64831934 0.70769025 0.28081407
vn 0.65014856 0.71160824 0.26630915
vn 0.66198974 0.69754439 0.27422876
vn 0.65883385 0.70920576 0.25092856
vn 0.66175375 0.71050424 0.23930252
vn 0.66292417 0.71159293 0.23273815
vn 0.66200389 0.71517788 0.22421297
vn 0.67025106 0.71141058 0.21132559
vn 0.63022292 0.70500889 0.32524073
vn 0.62560632 0.70604797 0.33183279
vn 0.62734512 0.71396253 0.31095915
vn 0.64083560 0.70945246 0.29326940
vn 0.27297370 0.23280925 -0.93342660
vn 0.48227951 0.59386181 -0.64399893
vn 0.67950830 0.70498304 -0.20314375
vn 0.67634853 0.70829790 -0.20215527
vn -0.48227527 0.59386778 -0.64399660
vn -0.27297436 0.23281265 -0.93342555
vn -0.67632147 0.70830952 -0.20220508
vn -0.68122069 0.70320305 -0.20357761
vn -0.61988558 0.70764830 0.33908074
vn -0.62237535 0.70531440 0.33938257
vn -0.62998461 0.70523210 0.32521852
vn -0.66210259 0.69737482 0.27438755
vn -0.64508211 0.71251664 0.27602375
vn -0.63076177 0.71396765 0.30395690
vn -0.62365974 0.71106531 0.32470703
vn -0.67558019 0.70504109 0.21565824
vn -0.67445581 0.70868853 0.20705052
vn -0.66508629 0.71292666 0.22225169
vn -0.66160547 0.70902870 0.24404203
vn -0.65818480 0.71016792 0.24990856
vn -0.65642721 0.70828489 0.25968408
vn -0.66056940 0.71269955 0.23602418
vn -0.57955419 -0.70157506 0.41461957
vn -0.57955037 0.70154790 0.41467085
vn 0.57961536 0.70144964 0.41474623
vn 0.57960306 -0.70147413 0.41472200
vn -0.60054290 0.70116579 0.38433679
vn -0.60792941 -0.70008602 0.37456828
vn 0.60794223 -0.70006047 0.37459523
vn 0.60055760 0.70116310 0.38431872
vn 0.00740606 0.20083456 -0.97959718
vn 0.00120217 0.84588614 -0.53336216
vn -0.23850807 0.82006350 -0.52020164
vn -0.41297425 0.10251731 -0.90495440
vn 0.00681547 0.05339864 -0.99855002
vn -0.86934850 -0.00968485 0.49410463
vn -0.62011750 0.70113556 0.35194208
vn -0.69611964 0.69620646 0.17525410
vn -0.95962496 -0.11503718 0.25668342
vn -0.97398971 -0.02042792 -0.22566955
vn -0.69994090 0.69400253 -0.16865120
vn 0.69995384 0.69400183 -0.16860033
vn 0.97398028 -0.02040756 -0.22571210
vn 0.96946675 -0.04661381 0.24075168
vn 0.69614188 0.69619540 0.17520976
vn 0.62008879 0.70118606 0.35189203
vn 0.87127902 -0.01550045 0.49054318
vn 0.23669362 0.81905561 -0.52261270
vn 0.01903430 0.81206467 -0.58325694
vn 0.03356496 0.10388510 -0.99402278
vn 0.40947927 0.10415720 -0.90635424
vn 0.70547964 0.20270146 -0.67912487
vn 0.71811247 0.04708534 -0.69433238
vn 0.84400801 0.20230648 -0.49671176
vn 0.86135846 0.04386741 -0.50610005
vn 0.91167608 0.19442034 -0.36200477
vn 0.92461329 0.04871987 -0.37777857
vn 0.88022363 -0.39597908 -0.26154719
vn 0.96194843 0.19185373 -0.19454401
vn 0.98998216 0.04830446 0.13267256
vn 0.97090424 0.20225555 0.12820936
vn 0.99860679 0.05170390 -0.01054432
vn 0.98069043 0.19446805 -0.02069901
vn 0.91207573 -0.39735483 -0.10112862
vn 0.97883282 0.04945497 -0.19859634
vn 0.56574090 0.82118991 0.07472868
vn 0.56988968 0.82150190 -0.01898364
vn 0.55889136 0.82150540 -0.11300146
vn 0.53250410 0.82149962 -0.20390624
vn 0.49140943 0.82151723 -0.28918195
vn 0.39882859 0.83369850 -0.38194576
vn -0.60675828 0.78559705 0.12116793
vn -0.97495478 0.10731885 0.19479691
vn -0.98983071 0.10306739 0.09804225
vn -0.61540302 0.78580885 0.06151071
vn -0.99420886 0.10746410 0.00046154
vn -0.61838313 0.78587677 -0.00004317
vn -0.98965487 0.10316696 -0.09969866
vn -0.61545024 0.78579450 -0.06122096
vn -0.97471177 0.10818177 -0.19553432
vn -0.60620363 0.78588138 -0.12209674
vn -0.95039156 0.10315189 -0.29345456
vn -0.59101654 0.78590386 -0.18180917
vn -0.91652053 0.10822289 -0.38506872
vn -0.56992985 0.78588705 -0.23991978
vn -0.87336208 0.10314735 -0.47602448
vn -0.54317182 0.78591139 -0.29547871
vn -0.82193096 0.10803869 -0.55924694
vn -0.51101065 0.78588668 -0.34821005
vn -0.73023020 0.10277645 -0.67542643
vn -0.44538732 0.79546758 -0.41092756
vn -0.15867612 0.79878851 -0.58030924
vn -0.57661671 0.10363796 -0.81041492
vn -0.34256176 0.79879608 -0.49454652
vn -0.42189864 0.05846881 -0.90475573
vn -0.25018620 0.10362915 -0.96263589
vn 0.42207989 0.05024365 -0.90516526
vn 0.41371580 0.20410332 -0.88723225
vn 0.22513559 0.84631447 -0.48276888
vn -0.72165689 0.68773686 0.07892625
vn -0.48288139 0.59375123 -0.64364978
vn -0.49781525 -0.59604361 -0.63000951
vn -0.72567585 -0.68558398 -0.05804442
vn -0.66631449 0.70547954 0.24150284
vn -0.67526199 0.70179765 0.22693897
vn -0.67286032 -0.69987480 0.23965445
vn -0.71140122 0.67616536 0.19159516
vn -0.72129617 -0.68767523 0.08267173
vn -0.64446053 0.68231804 0.34512709
vn -0.67194558 0.66060456 0.33479957
vn -0.67977393 0.65006093 0.33960005
vn -0.67205081 0.66970273 0.31598411
vn -0.66393086 0.69186789 0.28375101
vn -0.66316607 0.70229520 0.25882854
vn -0.72575918 0.68558642 -0.05696376
vn 0.72576529 0.68557940 -0.05697042
vn 0.66673884 0.68367168 0.29673617
vn 0.67086861 -0.70078048 0.24257375
vn 0.66187863 0.69671061 0.27660623
vn 0.66344485 0.70199307 0.25893371
vn 0.67165022 0.66955281 0.31715141
vn 0.67567298 0.65844374 0.33153863
vn 0.66346263 0.66763464 0.33775927
vn 0.68511918 0.69653442 0.21319360
vn 0.67354727 0.70363218 0.22635334
vn 0.66754705 0.70414952 0.24198013
vn 0.72166472 0.68772947 0.07891905
vn 0.72134098 -0.68772169 0.08189054
vn 0.69788933 0.68754932 0.20056524
vn 0.72566884 -0.68559097 -0.05804964
vn 0.49781041 -0.59604780 -0.63000938
vn 0.48287757 0.59375332 -0.64365071
vn -0.26945402 -0.75770267 -0.59437463
vn 0.00152496 -0.75863042 -0.65151942
vn 0.26867425 -0.75769914 -0.59473201
vn -0.00017806 -0.75714296 -0.65324919
vn 0.97295242 0.00158797 0.23100015
vn 0.99638802 0.00554325 0.08473602
vn 0.99665612 0.00446945 -0.08158798
vn 0.97990413 0.00678086 -0.19935376
vn 0.95988930 0.02906742 -0.27886844
vn 0.92038651 0.00450992 -0.39098381
vn 0.88679510 0.02693222 -0.46137741
vn 0.82882887 -0.00153063 -0.55950010
vn 0.74749063 -0.03312705 -0.66344582
vn -0.27639861 -0.75645263 -0.59277586
vn 0.27503884 -0.75921235 -0.58987308
vn -0.72628224 -0.68232674 -0.08333269
vn 0.07363630 -0.68502338 -0.72479008
vn 0.21791765 -0.68502560 -0.69516316
vn 0.35329203 -0.68502755 -0.63712008
vn 0.47422194 -0.68503191 -0.55303240
vn 0.57576819 -0.68503433 -0.44633952
vn 0.68403349 -0.67196319 -0.28383737
vn 0.72627112 -0.68233709 -0.08334480
vn -0.68404515 -0.67195589 -0.28382655
vn -0.57578246 -0.68503020 -0.44632744
vn -0.47423885 -0.68502717 -0.55302377
vn -0.35331057 -0.68502381 -0.63711382
vn -0.21793743 -0.68502282 -0.69515970
vn -0.07365636 -0.68502365 -0.72478779
vn 0.72628189 0.68233062 -0.08330384
vn 0.68404022 0.67197317 -0.28379752
vn 0.57577503 0.68505496 -0.44629901
vn 0.47422983 0.68505930 -0.55299170
vn 0.35329825 0.68506257 -0.63707897
vn 0.21792503 0.68506473 -0.69512229
vn 0.07364277 0.68506709 -0.72474811
vn -0.07364878 0.68506681 -0.72474777
vn -0.21793047 0.68506715 -0.69511820
vn -0.35330267 0.68506639 -0.63707241
vn -0.47423257 0.68506343 -0.55298424
vn -0.57577614 0.68506103 -0.44628827
vn -0.68403865 0.67198043 -0.28378410
vn -0.72627827 0.68233634 -0.08328864
vn 0.69936516 0.69562341 0.16430597
vn 0.72451300 0.68651344 0.06148340
vn 0.71959886 0.69213282 -0.05594314
vn 0.70549209 0.69161320 -0.15476463
vn 0.66949092 0.68897244 -0.27766685
vn 0.60545660 0.69356647 -0.39036887
vn 0.54109464 0.69202726 -0.47782305
vn 0.08901837 0.68077193 -0.72706623
vn 0.36990222 0.65242132 -0.66145201
vn 0.52495213 -0.69706820 -0.48838631
vn 0.08900837 -0.68073872 -0.72709855
vn 0.36989403 -0.65238470 -0.66149272
vn -0.56485398 0.57846287 0.58849018
vn -0.00035982 0.70660445 0.70760866
vn -0.70158528 0.71125236 0.04356799
vn -0.00053642 0.99999983 -0.00022049
vn -0.69909644 0.71145613 0.07137463
vn -0.69598573 0.71135533 0.09786451
vn 0.00153186 0.99995241 -0.00963527
vn -0.69510264 0.70925506 0.11742902
vn -0.69077410 0.71163584 0.12808423
vn 0.00065065 0.99770724 -0.06767447
vn -0.67779567 0.72943010 0.09232963
vn -0.00167990 0.98018856 -0.19805948
vn -0.68582188 0.72738261 0.02372530
vn -0.00032304 0.94298954 -0.33282221
vn -0.70045878 0.71345867 -0.01828188
vn -0.70647149 0.70566873 -0.05412655
vn -0.00013107 0.90262583 -0.43042606
vn -0.70859826 0.70146238 -0.07641362
vn -0.61189947 0.55808788 0.56046138
vn 0.00036429 0.70660392 0.70760919
vn 0.00057406 0.99999981 -0.00022548
vn -0.70265406 0.69357510 -0.15884226
vn -0.71615328 0.69256018 -0.08651517
vn -0.00159691 0.99994975 -0.00989721
vn -0.72951761 0.68212071 -0.05015362
vn -0.77305172 0.63208110 -0.05352126
vn -0.00138480 0.99774013 -0.06717682
vn 0.00066422 0.97983234 -0.19982028
vn -0.69758774 0.66615961 -0.26382328
vn 0.00113319 0.94275344 -0.33348864
vn -0.69046445 0.64060122 -0.33598947
vn -0.00059237 0.90330373 -0.42900119
vn -0.68716714 0.60984826 -0.39482455
vn -0.38602938 -0.92189306 -0.03308331
vn -0.91996685 -0.38135208 -0.09072809
vn -0.91263592 -0.38810896 -0.12832423
vn -0.31088415 -0.71986791 0.62059748
vn -0.73683055 -0.29131265 0.61009645
vn -0.92478822 -0.37611309 -0.05749523
vn -0.89527675 -0.41467624 -0.16285932
vn -0.36903447 -0.92699283 -0.06706609
vn -0.36837919 -0.92713861 -0.06863499
vn -0.90147732 -0.40126893 -0.16224024
vn -0.36969137 -0.92639981 -0.07149600
vn -0.37112024 -0.92588174 -0.07080087
vn -0.90782075 -0.38817812 -0.15867965
vn -0.37562758 -0.92446049 -0.06539671
vn -0.38045763 -0.92323857 -0.05368925
vn -0.36754954 -0.92788136 -0.06279748
vn -0.90065830 -0.41048192 -0.14254548
vn -0.36610815 -0.92917559 -0.05096616
vn -0.89775592 -0.42394597 -0.11959985
vn -0.36607507 -0.92948728 -0.04519336
vn -0.89829496 -0.42663479 -0.10511382
vn -0.89402048 -0.43511094 -0.10679821
vn -0.36301922 -0.93075886 -0.04364631
vn -0.00352719 -0.30189088 -0.95333596
vn -0.00087622 -0.91272194 -0.40858034
vn -0.01725748 -0.31083668 -0.95030665
vn -0.01388542 -0.91276645 -0.40824576
vn -0.03842933 -0.30160187 -0.95265917
vn -0.83427949 -0.39598521 -0.38363191
vn -0.83432639 -0.39541774 -0.38411494
vn -0.34551970 -0.92373149 -0.16533687
vn -0.83369644 -0.39696617 -0.38388554
vn -0.83515870 -0.39503741 -0.38269491
vn -0.83444714 -0.39817718 -0.38098937
vn -0.83523023 -0.39570786 -0.38184520
vn -0.83467538 -0.39577595 -0.38298617
vn -0.84169408 -0.41462349 -0.34588790
vn -0.83871593 -0.40409315 -0.36505387
vn -0.83585599 -0.40140246 -0.37446071
vn -0.84663155 -0.42539609 -0.31977053
vn -0.35961603 -0.92573258 -0.11702779
vn -0.86993674 -0.41399055 -0.26799608
vn -0.32167219 -0.92336843 -0.20956560
vn -0.33151903 -0.92294428 -0.19562462
vn -0.78143682 -0.38141711 -0.49383953
vn -0.82667669 -0.39771017 -0.39803552
vn -0.80271001 -0.41931142 -0.42406907
vn -0.74553003 -0.38040379 -0.54724576
vn -0.31063082 -0.91922754 -0.24192813
vn -0.68770073 -0.37251432 -0.62313785
vn -0.29986863 -0.91870540 -0.25701983
vn -0.62513848 -0.35727192 -0.69394428
vn -0.28579237 -0.91298938 -0.29115822
vn -0.55548989 -0.34374836 -0.75714467
vn -0.25242615 -0.91269480 -0.32135532
vn -0.49453145 -0.33812324 -0.80069427
vn -0.20506710 -0.91292335 -0.35287171
vn -0.42392830 -0.33471277 -0.84157718
vn -0.16633951 -0.91462523 -0.36849946
vn -0.36912883 -0.32706256 -0.86992758
vn -0.13553237 -0.91407794 -0.38222048
vn -0.21404767 -0.30861438 -0.92679057
vn -0.08908404 -0.91395594 -0.39591486
vn -0.09434752 -0.91477217 -0.39279819
vn -0.09505009 -0.91491182 -0.39230326
vn -0.22167278 -0.30903953 -0.92485445
vn -0.09519152 -0.91495354 -0.39217163
vn -0.22143530 -0.30883130 -0.92498088
vn -0.22110819 -0.30961532 -0.92479702
vn -0.09636725 -0.91476890 -0.39231519
vn -0.22251618 -0.30891429 -0.92469374
vn -0.22195107 -0.30907147 -0.92477702
vn -0.10141410 -0.91436050 -0.39199498
vn -0.22656410 -0.30861308 -0.92381095
vn -0.22382213 -0.30885218 -0.92439926
vn -0.11653541 -0.91318480 -0.39052915
vn -0.24104749 -0.31231833 -0.91888703
vn -0.23169761 -0.30792744 -0.92276590
vn -0.32982180 -0.32164938 -0.88755803
vn -0.29599812 -0.31760867 -0.90083841
vn -0.26271961 -0.31513839 -0.91195734
vn -0.12370270 -0.30514051 -0.94423880
vn -0.06039157 -0.91314625 -0.40313371
vn -0.14193525 -0.30555837 -0.94153516
vn -0.07127772 -0.91310839 -0.40143811
vn -0.19106982 -0.31532253 -0.92955044
vn -0.16471325 -0.30767029 -0.93712781
vn -0.02094197 -0.91061046 -0.41273482
vn -0.02426300 -0.90821216 -0.41780616
vn -0.07376764 -0.31126901 -0.94745445
vn -0.04011301 -0.91065353 -0.41121903
vn -0.10658093 -0.30386038 -0.94673617
vn -0.04565020 -0.91309406 -0.40518551
vn -0.05227007 -0.91316025 -0.40423532
vn -0.87563953 -0.42838616 -0.22302624
vn -0.36316793 -0.92828875 -0.07993150
vn -0.88643915 -0.42410135 -0.18537441
vn -0.88016608 -0.45067713 -0.14898923
vn -0.36327835 -0.93032964 -0.05015586
vn -0.89273378 -0.43330907 -0.12357043
vn 0.91929427 -0.38008229 -0.10215424
vn 0.74221748 -0.28611363 0.60601337
vn 0.39706560 -0.91737035 -0.02775887
vn 0.30846063 -0.71922210 0.62255250
vn 0.90961675 -0.39960530 -0.11363525
vn 0.37632573 -0.92433020 -0.06318725
vn 0.90517172 -0.39772557 -0.14992839
vn 0.37061590 -0.92615808 -0.06982164
vn 0.89544720 -0.41188998 -0.16888147
vn 0.89617204 -0.41395018 -0.15975270
vn 0.36679015 -0.92803616 -0.06491436
vn 0.90037087 -0.41393198 -0.13413653
vn 0.36681864 -0.92888695 -0.05111869
vn 0.89536089 -0.43008259 -0.11557610
vn 0.36524788 -0.92984428 -0.04453766
vn 0.89587090 -0.43244972 -0.10199304
vn 0.36304096 -0.93075695 -0.04350577
vn 0.89532170 -0.43125889 -0.11142182
vn 0.02877211 -0.30125006 -0.95311099
vn 0.01319199 -0.91223044 -0.40946501
vn 0.01097875 -0.30808022 -0.95129703
vn 0.18960082 -0.91514646 -0.35575060
vn 0.19630510 -0.89118229 -0.40897242
vn 0.33857314 -0.32224526 -0.88403972
vn 0.13322714 -0.91015922 -0.39225084
vn 0.27504515 -0.31383390 -0.90876755
vn 0.11545030 -0.91395899 -0.38903753
vn 0.24639438 -0.31311553 -0.91719598
vn 0.10470700 -0.91409581 -0.39174646
vn 0.21287072 -0.31026046 -0.92651201
vn 0.09173114 -0.91261436 -0.39839732
vn 0.16318181 -0.30545551 -0.93811973
vn 0.39640289 -0.35768714 -0.84553217
vn 0.46197177 -0.33284159 -0.82206968
vn 0.20540359 -0.91704697 -0.34181021
vn 0.49645122 -0.33512864 -0.80076524
vn 0.24377919 -0.90554768 -0.34721045
vn 0.25451319 -0.91343971 -0.31757036
vn 0.32448789 -0.92486234 -0.19833625
vn 0.32405953 -0.92478353 -0.19940122
vn 0.77356154 -0.37798497 -0.50865499
vn 0.54107432 -0.36462895 -0.75781548
vn 0.62145844 -0.35814181 -0.69679542
vn 0.27910765 -0.91901079 -0.27842070
vn 0.66571362 -0.36041933 -0.65339367
vn 0.29405678 -0.92032294 -0.25794632
vn 0.70058189 -0.36764920 -0.61157099
vn 0.30886840 -0.92058525 -0.23900442
vn 0.73574990 -0.37240974 -0.56567046
vn 0.32489676 -0.91910474 -0.22290934
vn 0.32338749 -0.92411019 -0.20357037
vn 0.82441091 -0.39717615 -0.40323413
vn 0.34121557 -0.92432877 -0.17084570
vn 0.79699949 -0.38923676 -0.46182958
vn 0.33121025 -0.92367818 -0.19266133
vn 0.87772684 -0.40924833 -0.24922159
vn 0.35619648 -0.92834801 -0.10627346
vn 0.86929712 -0.40582445 -0.28218618
vn 0.35534519 -0.92804227 -0.11165721
vn 0.35836547 -0.92585806 -0.11983755
vn 0.36464601 -0.92227801 -0.12820517
vn 0.84954185 -0.40936602 -0.33271324
vn 0.36247973 -0.92259337 -0.13202240
vn 0.83915331 -0.40563657 -0.36232677
vn 0.35498759 -0.92383889 -0.14319746
vn 0.34500528 -0.92574413 -0.15481977
vn 0.87396877 -0.43102171 -0.22449696
vn 0.36213145 -0.92872851 -0.07952460
vn 0.37160236 -0.92343400 -0.09581931
vn 0.88429940 -0.42339080 -0.19686242
vn 0.88641007 -0.43028009 -0.17069338
vn 0.36718883 -0.92841564 -0.05671640
vn 0.89011604 -0.43020201 -0.15039835
vn 0.37110232 -0.92713337 -0.05202672
vn 0.07585935 -0.91292761 -0.40100940
vn 0.06276865 -0.91257452 -0.40406416
vn 0.11831821 -0.33042071 -0.93638825
vn 0.03493834 -0.90757398 -0.41843613
vn 0.04690864 -0.30726797 -0.95046619
vn 0.06200266 -0.31172661 -0.94814671
vn 0.09348745 -0.31170230 -0.94556955
vn 0.00048837 -0.71967807 0.69430774
vn 0.07231798 -0.71796413 0.69231324
vn 0.13126620 -0.71586967 0.68578408
vn 0.18080342 -0.71582561 0.67446558
vn 0.23026181 -0.71554234 0.65952912
vn 0.27786896 -0.71551248 0.64096079
vn 0.32378432 -0.71549061 0.61906130
vn 0.40974324 -0.71544085 0.56591066
vn 0.44917993 -0.71528739 0.53535160
vn 0.36781855 -0.71546478 0.59398625
vn 0.60601227 -0.71525627 0.34807700
vn 0.58006349 -0.71528112 0.38974258
vn 0.55103131 -0.71534568 0.42970344
vn 0.51939914 -0.71525452 0.46758476
vn 0.48562120 -0.71513441 0.50274727
vn 0.66523333 -0.71495273 0.21519110
vn 0.67846387 -0.71490862 0.16909300
vn 0.62889178 -0.71521711 0.30489280
vn 0.64862969 -0.71509001 0.26062580
vn 0.68846842 -0.71485511 0.12244760
vn 0.69522164 -0.71482244 0.07547015
vn 0.56651517 -0.57979839 0.58557184
vn 0.70125325 -0.71190691 0.03784744
vn 0.00444426 0.14976910 -0.98871101
vn 0.00466730 0.12976110 -0.99153430
vn -0.01069067 0.14251475 -0.98973494
vn -0.00751463 0.11872951 -0.99289820
vn 0.00003524 0.58486284 -0.81113221
vn -0.01209685 0.16454250 -0.98629581
vn -0.01152447 0.57893540 -0.81529197
vn -0.03848184 0.15198621 -0.98763320
vn -0.02009421 0.58448524 -0.81115549
vn -0.04740885 0.14495951 -0.98830114
vn -0.04479714 0.12291928 -0.99140510
vn -0.04223968 0.13168834 -0.99039083
vn -0.98944717 -0.06994457 -0.12689390
vn -0.99478212 -0.07258871 -0.07168965
vn -0.99567203 -0.06375878 -0.06761676
vn -0.99279117 -0.05498990 -0.10649794
vn -0.99658582 -0.06727154 -0.04786690
vn -0.71422083 -0.05027994 0.69811212
vn -0.72279486 -0.05226705 0.68908327
vn -0.65792798 0.58461939 -0.47471143
vn -0.95816650 -0.00043637 -0.28621104
vn -0.97682785 -0.02572646 -0.21247471
vn -0.92055450 0.00866858 -0.39051794
vn -0.58419056 0.58006761 -0.56766447
vn -0.56551416 0.57392546 -0.59228651
vn -0.10664555 0.13026978 -0.98572639
vn -0.03405491 0.57350762 -0.81849207
vn -0.18029837 0.12443757 -0.97570886
vn -0.07606703 0.57539647 -0.81432961
vn -0.05343274 0.57564615 -0.81595125
vn -0.16600671 0.18378091 -0.96884795
vn -0.24968492 0.14010398 -0.95813794
vn -0.11925573 0.54074595 -0.83268955
vn -0.12485499 0.55287338 -0.82385815
vn -0.15979876 0.57734268 -0.80071205
vn -0.31525860 0.13506410 -0.93934536
vn -0.19870035 0.57641418 -0.79263161
vn -0.38451227 0.12594864 -0.91448743
vn -0.24239194 0.57528827 -0.78121032
vn -0.46372839 0.11489470 -0.87849598
vn -0.28852010 0.57384986 -0.76645449
vn -0.55015069 0.10288808 -0.82870276
vn -0.34185742 0.57195966 -0.74565116
vn -0.63932253 0.08775564 -0.76391469
vn -0.39707932 0.57124588 -0.71833568
vn -0.72317540 0.06974059 -0.68713433
vn -0.43486811 0.57527509 -0.69278301
vn -0.46896212 0.57616006 -0.66941326
vn -0.79652327 0.05070023 -0.60247836
vn -0.51739111 0.57411837 -0.63458217
vn -0.85464808 0.03242362 -0.51819434
vn -0.96034930 -0.01711718 -0.27827367
vn -0.62804760 0.58340156 -0.51497459
vn -0.60099057 0.58473900 -0.54487671
vn -0.67721047 0.58623669 -0.44464875
vn -0.98740964 -0.04243757 -0.15238520
vn -0.68519102 0.58851575 -0.42914157
vn -0.72592937 -0.04949601 0.68598592
vn -0.98626430 -0.05465550 -0.15587019
vn -0.98084610 -0.04286859 -0.19000844
vn -0.98887269 -0.06906864 -0.13175859
vn -0.99314985 -0.05210069 -0.10458914
vn -0.98158933 -0.16849269 -0.08995891
vn -0.98331440 -0.06027496 -0.17163833
vn -0.96842262 -0.04582383 -0.24506695
vn -0.94143327 -0.02751097 -0.33607521
vn -0.90838686 -0.01261110 -0.41794052
vn -0.86797425 0.00331211 -0.49659816
vn -0.48073121 0.08781386 -0.87245987
vn -0.56770379 0.07250368 -0.82003392
vn -0.65700853 0.05609725 -0.75179312
vn -0.74036253 0.03873257 -0.67109099
vn -0.81182222 0.02131875 -0.58351538
vn -0.39925311 0.10019986 -0.91134897
vn -0.25770364 0.11670197 -0.95915040
vn -0.32871408 0.10866017 -0.93815778
vn -0.96384142 -0.02471231 -0.26532813
vn -0.93347820 0.00077777 -0.35863331
vn -0.89941857 0.01910084 -0.43667081
vn -0.71419589 -0.03312620 0.69916156
vn -0.72055101 0.00727400 0.69336378
vn -0.71930918 -0.01024711 0.69461450
vn -0.99687782 -0.02669268 -0.07431088
vn -0.99350020 -0.05571406 -0.09926372
vn -0.99248239 -0.07221447 -0.09881182
vn -0.07266121 -0.71747431 0.69278493
vn -0.13147154 -0.71572930 0.68589125
vn -0.18079486 -0.71582358 0.67447003
vn -0.23024488 -0.71554077 0.65953673
vn -0.27789457 -0.71552657 0.64093396
vn -0.32386441 -0.71548906 0.61902120
vn -0.60604117 -0.71524815 0.34804337
vn -0.58005395 -0.71528943 0.38974153
vn -0.36784736 -0.71544392 0.59399354
vn -0.40971279 -0.71543515 0.56593990
vn -0.55100131 -0.71533722 0.42975599
vn -0.51940870 -0.71523537 0.46760343
vn -0.66517632 -0.71498309 0.21526644
vn -0.64828241 -0.71535566 0.26076081
vn -0.62884102 -0.71541853 0.30452471
vn -0.48565407 -0.71513023 0.50272146
vn -0.44917726 -0.71529389 0.53534515
vn -0.67844834 -0.71494880 0.16898538
vn -0.68829448 -0.71504576 0.12231218
vn -0.69508075 -0.71493950 0.07565889
vn -0.70133721 -0.71182873 0.03776210
vn -0.56657867 -0.57971734 0.58559066
vn -0.00008788 0.88808475 -0.45967975
vn -0.00023833 0.88807975 -0.45968936
vn 0.00512737 0.85931262 0.51142500
vn 0.05827354 0.85909312 0.50849111
vn 0.11065782 0.85611495 0.50479900
vn 0.16818118 0.85506931 0.49048095
vn 0.70547700 0.70579431 -0.06447161
vn 0.24207317 0.84948961 0.46879417
vn 0.31113826 0.84029842 0.44394993
vn 0.37115189 0.83117238 0.41400331
vn 0.42683331 0.82079900 0.37960813
vn 0.47780974 0.80941963 0.34137620
vn 0.52388346 0.79724333 0.29991531
vn 0.56459211 0.78451860 0.25644944
vn 0.59981126 0.77163714 0.21166619
vn 0.63024425 0.75867568 0.16493452
vn 0.65635529 0.74541566 0.11641834
vn 0.67789854 0.73206957 0.06728829
vn 0.69483006 0.71895002 0.01794583
vn 0.70763501 0.70553175 -0.03844020
vn 0.71264640 0.69719305 -0.07782644
vn 0.68342499 0.72374078 0.09554876
vn 0.68601258 0.71616571 0.12842670
vn 0.69860140 0.71465941 -0.03490011
vn 0.68910660 0.72465890 0.00125089
vn 0.68691089 0.72382738 0.06501808
vn 0.69752254 0.71397697 0.06082101
vn 0.56069958 0.57916407 0.59176428
vn 0.68728671 -0.00215965 0.72638303
vn 0.69311082 0.71064272 0.12076552
vn 0.69572084 0.71157156 0.09817547
vn 0.00881528 0.57975082 -0.81474614
vn 0.01825792 0.57854918 -0.81544313
vn 0.04084744 0.13236752 -0.99035869
vn -0.04804982 0.85825448 0.51097012
vn -0.08705860 0.85564012 0.51019681
vn -0.11787296 0.85422569 0.50636394
vn -0.16852003 0.85490514 0.49065079
vn -0.69190272 -0.00201486 0.72198792
vn -0.24207255 0.84949223 0.46878976
vn -0.31114095 0.84030114 0.44394290
vn -0.37112527 0.83117588 0.41402016
vn -0.42677052 0.82081630 0.37964130
vn -0.47779919 0.80943324 0.34135871
vn -0.52391799 0.79723474 0.29987782
vn -0.56459158 0.78451686 0.25645593
vn -0.59978489 0.77165092 0.21169069
vn -0.63024236 0.75868354 0.16490559
vn -0.65637562 0.74540631 0.11636355
vn -0.67791351 0.73206177 0.06722232
vn -0.69484512 0.71893722 0.01787546
vn -0.70749256 0.70565153 -0.03886111
vn 0.68714896 0.58595932 -0.42950900
vn 0.98769614 -0.04274598 -0.15042979
vn 0.97685123 -0.02709072 -0.21219747
vn 0.98698090 -0.05023462 -0.15279132
vn 0.98801992 -0.06504541 -0.13994906
vn 0.98309757 -0.06269762 -0.17201216
vn 0.98100916 -0.04242923 -0.18926380
vn 0.98911879 -0.06581661 -0.13157578
vn 0.99316682 -0.05235545 -0.10430038
vn 0.98174567 -0.16710989 -0.09082804
vn 0.99478140 -0.07259907 -0.07168915
vn 0.99545883 -0.06588303 -0.06871054
vn 0.72436509 -0.05211073 0.68744431
vn 0.71504596 -0.04551237 0.69759437
vn 0.71646688 0.69233715 -0.08569993
vn 0.72563826 0.68567909 -0.05738718
vn 0.72580036 0.68587045 -0.05287319
vn 0.72625190 0.68558605 -0.05029851
vn 0.72829853 0.68371936 -0.04592484
vn 0.72976207 0.68213566 -0.04624136
vn 0.72955375 0.68247918 -0.04442410
vn 0.72947867 0.68268926 -0.04238221
vn 0.72924902 0.68306263 -0.04026551
vn 0.72916772 0.68324855 -0.03854686
vn 0.72919405 0.68332585 -0.03663083
vn 0.72909045 0.68353762 -0.03469076
vn 0.72880776 0.68388747 -0.03372197
vn 0.72234855 -0.04711445 0.68992232
vn 0.60941823 0.55853433 0.56271558
vn 0.68824502 0.62550539 -0.36750755
vn 0.69329914 0.66398084 -0.28011739
vn 0.99251890 -0.05451805 -0.10924291
vn 0.70624629 0.68098517 -0.19358558
vn 0.70995172 0.69079095 -0.13702706
vn 0.69066506 0.59447403 -0.41180385
vn 0.62733444 0.58303102 -0.51626188
vn 0.65784159 0.58130866 -0.47887857
vn 0.95840961 -0.00215024 -0.28538814
vn 0.66780432 0.58656409 -0.45823570
vn 0.92399967 0.01431784 -0.38212512
vn 0.95987339 -0.01293943 -0.28013506
vn 0.56784735 0.57632533 -0.58770613
vn 0.58447523 0.58088736 -0.56653207
vn 0.60112445 0.58471229 -0.54475767
vn 0.21342361 0.57456684 -0.79014132
vn 0.24727936 0.57326434 -0.78116638
vn 0.46155200 0.11625084 -0.87946319
vn 0.39059930 0.13321800 -0.91087055
vn 0.31613232 0.13526736 -0.93902242
vn 0.16344550 0.57701401 -0.80021272
vn 0.24903287 0.14221254 -0.95799699
vn 0.12712873 0.55990248 -0.81874752
vn 0.12090959 0.53822456 -0.83408345
vn 0.17198123 0.19813075 -0.96496977
vn 0.08013263 0.57554722 -0.81383301
vn 0.03394989 0.57625688 -0.81656317
vn 0.10627500 0.12862418 -0.98598248
vn 0.18025479 0.12485613 -0.97566345
vn 0.25776241 0.11835032 -0.95893261
vn 0.32870885 0.11002692 -0.93800030
vn 0.39951459 0.10165012 -0.91107373
vn 0.48007533 0.09077340 -0.87251812
vn 0.56802418 0.07684090 -0.81941687
vn 0.65730817 0.06048483 -0.75119076
vn 0.74097377 0.04257253 -0.67018315
vn 0.81220047 0.02395797 -0.58288627
vn 0.86810256 0.00555558 -0.49635379
vn 0.90942078 -0.01336720 -0.41566231
vn 0.94093883 -0.03059761 -0.33719119
vn 0.96821475 -0.04534275 -0.24597609
vn 0.05496739 0.57446117 -0.81668412
vn 0.54982693 0.10193366 -0.82903551
vn 0.63894179 0.08536705 -0.76450367
vn 0.72333259 0.06686755 -0.68725446
vn 0.79641967 0.04791499 -0.60284314
vn 0.85454958 0.02967141 -0.51852158
vn 0.89751360 0.01206818 -0.44082161
vn 0.93370250 -0.00865229 -0.35794522
vn 0.96353099 -0.03121898 -0.26576945
vn 0.28253663 0.57577219 -0.76724145
vn 0.33070072 0.57178513 -0.75079878
vn 0.38484167 0.57194899 -0.72441096
vn 0.43667233 0.57304367 -0.69349710
vn 0.48395972 0.57448389 -0.66011457
vn 0.52779710 0.57574287 -0.62446006
vn 0.99685028 -0.06385285 -0.04703549
vn 0.99239688 -0.06852999 -0.10223535
vn 0.99359936 -0.05263293 -0.09995043
vn 0.99709802 -0.02815126 -0.07073225
vn 0.73029602 0.00963847 0.68306282
vn 0.72034104 -0.01143584 0.69352578
vn 0.71064562 -0.03680748 0.70258665
f 1//1 2//2 3//3
f 3//3 2//2 4//4
f 3//3 4//4 5//5
f 6//6 7//7 8//8
f 6//6 8//8 9//9
f 9//9 8//8 10//10
f 9//9 10//10 11//11
f 11//11 10//10 12//12
f 11//11 12//12 13//13
f 13//13 12//12 14//14
f 13//13 14//14 15//15
f 15//15 14//14 16//16
f 15//15 16//16 17//17
f 17//17 16//16 18//18
f 17//17 18//18 19//19
f 19//19 18//18 20//20
f 19//19 20//20 21//21
f 21//21 20//20 22//22
f 21//21 22//22 23//23
f 24//24 25//25 26//26
f 24//24 26//26 27//27
f 27//27 26//26 28//28
f 27//27 28//28 29//29
f 30//30 31//31 32//32
f 33//33 34//34 30//30
f 33//33 30//30 35//35
f 35//35 30//30 32//32
f 35//35 32//32 36//36
f 36//36 32//32 24//24
f 36//36 24//24 27//27
f 37//37 38//38 39//39
f 39//39 38//38 40//40
f 39//39 40//40 41//41
f 41//41 40//40 42//42
f 43//43 44//44 45//45
f 43//43 45//45 46//46
f 46//46 45//45 47//47
f 47//47 45//45 48//48
f 47//47 48//48 49//49
f 50//50 42//42 40//40
f 49//49 48//48 51//51
f 51//51 48//48 50//50
f 51//51 50//50 52//52
f 52//52 50//50 40//40
f 52//52 40//40 38//38
f 53//53 54//54 55//55
f 56//56 57//57 53//53
f 53//53 57//57 58//58
f 53//53 58//58 54//54
f 56//56 53//53 59//59
f 59//59 53//53 60//60
f 59//59 60//60 61//61
f 62//62 63//63 61//61
f 64//64 65//65 63//63
f 62//62 66//66 67//67
f 63//63 62//62 64//64
f 64//64 62//62 67//67
f 64//64 67//67 68//68
f 61//61 60//60 62//62
f 62//62 60//60 69//69
f 62//62 69//69 66//66
f 55//55 70//70 53//53
f 53//53 70//70 71//71
f 53//53 71//71 60//60
f 60//60 71//71 72//72
f 60//60 72//72 69//69
f 31//31 30//30 73//73
f 73//73 30//30 74//74
f 73//73 74//74 75//75
f 75//75 74//74 76//76
f 75//75 76//76 77//77
f 77//77 76//76 78//78
f 77//77 78//78 68//68
f 68//68 78//78 64//64
f 64//64 78//78 79//79
f 64//64 79//79 65//65
f 30//30 34//34 74//74
f 74//74 34//34 80//80
f 74//74 80//80 76//76
f 76//76 80//80 81//81
f 76//76 81//81 78//78
f 78//78 81//81 82//82
f 78//78 82//82 79//79
f 83//83 84//84 85//85
f 86//86 87//87 88//88
f 89//89 90//90 91//91
f 92//92 89//89 93//93
f 93//93 89//89 91//91
f 93//93 91//91 94//94
f 94//94 91//91 88//88
f 94//94 88//88 95//95
f 95//95 88//88 87//87
f 96//96 97//97 98//98
f 98//98 97//97 85//85
f 98//98 85//85 99//99
f 100//100 101//101 102//102
f 102//102 101//101 103//103
f 102//102 103//103 104//104
f 84//84 100//100 85//85
f 85//85 100//100 102//102
f 85//85 102//102 99//99
f 99//99 102//102 104//104
f 99//99 104//104 105//105
f 90//90 83//83 91//91
f 91//91 83//83 85//85
f 91//91 85//85 88//88
f 88//88 85//85 97//97
f 88//88 97//97 86//86
f 86//86 97//97 96//96
f 101//101 106//106 103//103
f 103//103 106//106 107//107
f 103//103 107//107 104//104
f 104//104 107//107 108//108
f 104//104 108//108 105//105
f 105//105 108//108 109//109
f 44//44 43//43 110//110
f 110//110 43//43 111//111
f 110//110 111//111 112//112
f 112//112 111//111 113//113
f 112//112 113//113 114//114
f 115//115 113//113 116//116
f 116//116 113//113 111//111
f 116//116 111//111 117//117
f 117//117 111//111 43//43
f 117//117 43//43 46//46
f 118//118 119//119 120//120
f 118//118 120//120 121//121
f 122//122 93//93 94//94
f 123//123 92//92 93//93
f 93//93 122//122 123//123
f 123//123 122//122 124//124
f 123//123 124//124 115//115
f 119//119 114//114 113//113
f 95//95 121//121 94//94
f 94//94 121//121 120//120
f 94//94 120//120 122//122
f 122//122 120//120 119//119
f 122//122 119//119 124//124
f 124//124 119//119 113//113
f 124//124 113//113 115//115
f 125//125 126//126 127//127
f 127//127 126//126 128//128
f 128//128 126//126 129//129
f 129//129 126//126 130//130
f 129//129 130//130 131//131
f 132//132 133//133 130//130
f 133//133 134//134 130//130
f 130//130 134//134 135//135
f 130//130 135//135 131//131
f 131//131 135//135 136//136
f 131//131 136//136 137//137
f 138//138 55//55 139//139
f 139//139 55//55 54//54
f 139//139 54//54 140//140
f 140//140 54//54 58//58
f 140//140 141//141 139//139
f 139//139 141//141 142//142
f 139//139 142//142 138//138
f 138//138 142//142 143//143
f 125//125 143//143 126//126
f 126//126 143//143 142//142
f 126//126 142//142 130//130
f 130//130 142//142 141//141
f 130//130 141//141 132//132
f 132//132 141//141 140//140
f 132//132 140//140 144//144
f 144//144 140//140 58//58
f 144//144 58//58 57//57
f 57//57 145//145 144//144
f 144//144 145//145 146//146
f 144//144 146//146 132//132
f 57//57 147//147 145//145
f 145//145 147//147 148//148
f 149//149 150//150 151//151
f 149//149 151//151 147//147
f 147//147 151//151 152//152
f 147//147 152//152 148//148
f 150//150 149//149 153//153
f 153//153 149//149 154//154
f 153//153 154//154 155//155
f 63//63 65//65 156//156
f 147//147 61//61 149//149
f 149//149 61//61 63//63
f 149//149 63//63 154//154
f 154//154 63//63 156//156
f 154//154 156//156 155//155
f 155//155 156//156 157//157
f 57//57 56//56 147//147
f 147//147 56//56 59//59
f 147//147 59//59 61//61
f 158//158 157//157 156//156
f 159//159 160//160 161//161
f 161//161 160//160 162//162
f 163//163 164//164 165//165
f 163//163 166//166 167//167
f 167//167 166//166 168//168
f 167//167 168//168 159//159
f 169//169 164//164 170//170
f 170//170 164//164 171//171
f 170//170 171//171 172//172
f 169//169 173//173 164//164
f 164//164 173//173 174//174
f 164//164 174//174 165//165
f 165//165 174//174 175//175
f 165//165 175//175 163//163
f 163//163 175//175 176//176
f 163//163 176//176 166//166
f 177//177 80//80 178//178
f 178//178 80//80 34//34
f 178//178 34//34 179//179
f 81//81 180//180 82//82
f 82//82 180//180 181//181
f 82//82 181//181 79//79
f 79//79 181//181 182//182
f 79//79 182//182 65//65
f 65//65 182//182 161//161
f 65//65 161//161 156//156
f 156//156 161//161 162//162
f 156//156 162//162 158//158
f 81//81 80//80 180//180
f 180//180 80//80 177//177
f 180//180 177//177 181//181
f 181//181 177//177 183//183
f 181//181 183//183 182//182
f 182//182 183//183 184//184
f 182//182 184//184 161//161
f 159//159 161//161 167//167
f 167//167 161//161 184//184
f 167//167 184//184 163//163
f 163//163 184//184 183//183
f 163//163 183//183 185//185
f 185//185 183//183 177//177
f 185//185 177//177 186//186
f 186//186 177//177 178//178
f 186//186 178//178 187//187
f 187//187 178//178 179//179
f 187//187 179//179 188//188
f 189//189 190//190 191//191
f 191//191 190//190 192//192
f 191//191 192//192 193//193
f 192//192 194//194 195//195
f 193//193 192//192 196//196
f 196//196 192//192 195//195
f 196//196 195//195 197//197
f 194//194 192//192 198//198
f 198//198 192//192 190//190
f 198//198 190//190 199//199
f 199//199 190//190 200//200
f 199//199 200//200 201//201
f 201//201 200//200 202//202
f 202//202 200//200 203//203
f 202//202 203//203 204//204
f 205//205 206//206 207//207
f 207//207 206//206 208//208
f 207//207 208//208 203//203
f 203//203 208//208 209//209
f 203//203 209//209 204//204
f 210//210 211//211 212//212
f 185//185 186//186 210//210
f 212//212 205//205 210//210
f 210//210 205//205 207//207
f 210//210 207//207 185//185
f 185//185 207//207 203//203
f 185//185 203//203 163//163
f 163//163 203//203 200//200
f 163//163 200//200 164//164
f 164//164 200//200 190//190
f 164//164 190//190 171//171
f 171//171 190//190 189//189
f 171//171 189//189 172//172
f 213//213 214//214 105//105
f 105//105 214//214 215//215
f 105//105 215//215 99//99
f 99//99 215//215 98//98
f 98//98 215//215 96//96
f 96//96 215//215 216//216
f 96//96 216//216 86//86
f 217//217 218//218 219//219
f 95//95 87//87 220//220
f 220//220 87//87 219//219
f 220//220 219//219 221//221
f 221//221 219//219 218//218
f 221//221 218//218 222//222
f 214//214 223//223 215//215
f 215//215 223//223 217//217
f 215//215 217//217 216//216
f 216//216 217//217 219//219
f 216//216 219//219 86//86
f 86//86 219//219 87//87
f 213//213 105//105 224//224
f 224//224 105//105 109//109
f 128//128 129//129 225//225
f 107//107 225//225 226//226
f 107//107 226//226 108//108
f 108//108 226//226 227//227
f 108//108 227//227 109//109
f 131//131 137//137 228//228
f 131//131 228//228 129//129
f 129//129 228//228 229//229
f 129//129 229//229 225//225
f 225//225 229//229 230//230
f 225//225 230//230 226//226
f 226//226 230//230 231//231
f 226//226 231//231 227//227
f 127//127 128//128 232//232
f 232//232 128//128 225//225
f 232//232 225//225 233//233
f 233//233 225//225 107//107
f 233//233 107//107 106//106
f 234//234 196//196 197//197
f 235//235 236//236 237//237
f 237//237 236//236 238//238
f 237//237 238//238 239//239
f 239//239 238//238 240//240
f 240//240 238//238 241//241
f 241//241 238//238 242//242
f 241//241 242//242 243//243
f 244//244 245//245 236//236
f 236//236 245//245 246//246
f 236//236 246//246 238//238
f 238//238 246//246 247//247
f 238//238 247//247 242//242
f 244//244 236//236 248//248
f 248//248 236//236 249//249
f 248//248 249//249 250//250
f 250//250 249//249 251//251
f 250//250 251//251 252//252
f 235//235 253//253 236//236
f 236//236 253//253 254//254
f 236//236 254//254 249//249
f 249//249 254//254 255//255
f 249//249 255//255 251//251
f 251//251 255//255 256//256
f 251//251 256//256 257//257
f 257//257 256//256 258//258
f 257//257 258//258 234//234
f 197//197 259//259 234//234
f 234//234 259//259 260//260
f 234//234 260//260 257//257
f 257//257 260//260 261//261
f 257//257 261//261 251//251
f 251//251 261//261 262//262
f 251//251 262//262 252//252
f 263//263 264//264 265//265
f 266//266 255//255 254//254
f 119//119 118//118 263//263
f 221//221 222//222 267//267
f 267//267 268//268 269//269
f 264//264 95//95 220//220
f 263//263 118//118 264//264
f 264//264 118//118 121//121
f 264//264 121//121 95//95
f 112//112 114//114 270//270
f 270//270 114//114 271//271
f 270//270 271//271 272//272
f 273//273 44//44 110//110
f 274//274 275//275 273//273
f 273//273 275//275 276//276
f 273//273 276//276 44//44
f 110//110 112//112 273//273
f 273//273 112//112 270//270
f 273//273 270//270 274//274
f 274//274 270//270 240//240
f 240//240 270//270 239//239
f 239//239 270//270 272//272
f 239//239 272//272 237//237
f 266//266 254//254 277//277
f 268//268 278//278 269//269
f 269//269 278//278 279//279
f 269//269 279//279 280//280
f 279//279 281//281 280//280
f 280//280 281//281 282//282
f 280//280 282//282 283//283
f 283//283 282//282 284//284
f 283//283 284//284 285//285
f 285//285 284//284 286//286
f 285//285 286//286 287//287
f 221//221 267//267 220//220
f 220//220 267//267 269//269
f 220//220 269//269 264//264
f 264//264 269//269 280//280
f 264//264 280//280 265//265
f 265//265 280//280 283//283
f 265//265 283//283 288//288
f 114//114 119//119 271//271
f 271//271 119//119 263//263
f 271//271 263//263 272//272
f 272//272 263//263 265//265
f 272//272 265//265 237//237
f 237//237 265//265 288//288
f 237//237 288//288 235//235
f 235//235 288//288 283//283
f 235//235 283//283 253//253
f 253//253 283//283 285//285
f 253//253 285//285 254//254
f 254//254 285//285 287//287
f 254//254 287//287 277//277
f 289//289 290//290 291//291
f 289//289 292//292 290//290
f 290//290 292//292 293//293
f 290//290 293//293 136//136
f 136//136 293//293 137//137
f 294//294 295//295 145//145
f 145//145 295//295 296//296
f 145//145 296//296 291//291
f 291//291 296//296 297//297
f 291//291 297//297 289//289
f 134//134 133//133 298//298
f 298//298 133//133 132//132
f 298//298 132//132 146//146
f 146//146 145//145 298//298
f 298//298 145//145 291//291
f 298//298 291//291 134//134
f 134//134 291//291 290//290
f 134//134 290//290 135//135
f 135//135 290//290 136//136
f 145//145 148//148 294//294
f 294//294 148//148 299//299
f 148//148 152//152 299//299
f 299//299 152//152 151//151
f 299//299 151//151 300//300
f 300//300 151//151 150//150
f 300//300 150//150 301//301
f 301//301 150//150 153//153
f 301//301 153//153 302//302
f 302//302 153//153 155//155
f 302//302 155//155 303//303
f 303//303 155//155 157//157
f 304//304 305//305 306//306
f 303//303 157//157 307//307
f 307//307 157//157 158//158
f 307//307 158//158 308//308
f 308//308 158//158 162//162
f 308//308 162//162 306//306
f 306//306 162//162 160//160
f 306//306 160//160 304//304
f 304//304 160//160 159//159
f 169//169 170//170 309//309
f 309//309 170//170 172//172
f 310//310 305//305 304//304
f 311//311 312//312 310//310
f 313//313 314//314 315//315
f 315//315 314//314 316//316
f 315//315 316//316 311//311
f 311//311 316//316 317//317
f 311//311 317//317 312//312
f 318//318 319//319 313//313
f 313//313 319//319 320//320
f 313//313 320//320 314//314
f 173//173 169//169 313//313
f 313//313 169//169 309//309
f 313//313 309//309 318//318
f 318//318 309//309 172//172
f 318//318 172//172 321//321
f 168//168 166//166 311//311
f 311//311 166//166 176//176
f 311//311 176//176 315//315
f 315//315 176//176 175//175
f 315//315 175//175 313//313
f 313//313 175//175 174//174
f 313//313 174//174 173//173
f 310//310 304//304 311//311
f 311//311 304//304 159//159
f 311//311 159//159 168//168
f 196//196 322//322 193//193
f 193//193 322//322 323//323
f 321//321 172//172 324//324
f 324//324 172//172 189//189
f 324//324 189//189 325//325
f 323//323 326//326 193//193
f 193//193 326//326 327//327
f 193//193 327//327 191//191
f 191//191 327//327 328//328
f 191//191 328//328 189//189
f 189//189 328//328 329//329
f 189//189 329//329 325//325
f 222//222 330//330 267//267
f 267//267 330//330 331//331
f 267//267 331//331 268//268
f 268//268 331//331 332//332
f 268//268 332//332 278//278
f 278//278 332//332 333//333
f 333//333 334//334 278//278
f 278//278 334//334 335//335
f 278//278 335//335 279//279
f 213//213 336//336 214//214
f 214//214 336//336 337//337
f 214//214 337//337 223//223
f 338//338 330//330 222//222
f 337//337 339//339 223//223
f 223//223 339//339 340//340
f 223//223 340//340 217//217
f 217//217 340//340 338//338
f 217//217 338//338 218//218
f 218//218 338//338 222//222
f 341//341 336//336 213//213
f 293//293 292//292 342//342
f 228//228 137//137 293//293
f 228//228 293//293 229//229
f 229//229 293//293 342//342
f 229//229 342//342 343//343
f 343//343 344//344 345//345
f 109//109 227//227 345//345
f 345//345 227//227 231//231
f 345//345 231//231 343//343
f 343//343 231//231 230//230
f 343//343 230//230 229//229
f 341//341 213//213 346//346
f 342//342 347//347 343//343
f 343//343 347//347 346//346
f 343//343 346//346 344//344
f 344//344 346//346 213//213
f 344//344 213//213 345//345
f 345//345 213//213 224//224
f 345//345 224//224 109//109
f 348//348 292//292 289//289
f 289//289 297//297 348//348
f 348//348 297//297 296//296
f 348//348 296//296 349//349
f 300//300 301//301 350//350
f 301//301 302//302 350//350
f 350//350 302//302 303//303
f 350//350 303//303 307//307
f 307//307 308//308 350//350
f 350//350 308//308 306//306
f 350//350 306//306 305//305
f 296//296 295//295 349//349
f 349//349 295//295 294//294
f 349//349 294//294 350//350
f 350//350 294//294 299//299
f 350//350 299//299 300//300
f 318//318 349//349 319//319
f 319//319 349//349 350//350
f 319//319 350//350 320//320
f 318//318 321//321 349//349
f 349//349 321//321 324//324
f 349//349 324//324 325//325
f 305//305 310//310 350//350
f 350//350 310//310 312//312
f 350//350 312//312 317//317
f 317//317 316//316 350//350
f 350//350 316//316 314//314
f 350//350 314//314 320//320
f 327//327 348//348 328//328
f 328//328 348//348 349//349
f 328//328 349//349 329//329
f 329//329 349//349 325//325
f 327//327 326//326 348//348
f 348//348 326//326 323//323
f 348//348 323//323 322//322
f 322//322 196//196 351//351
f 351//351 196//196 234//234
f 351//351 234//234 352//352
f 352//352 234//234 353//353
f 353//353 234//234 354//354
f 354//354 234//234 258//258
f 354//354 258//258 355//355
f 355//355 258//258 256//256
f 355//355 256//256 356//356
f 255//255 357//357 256//256
f 256//256 357//357 358//358
f 256//256 358//358 356//356
f 335//335 334//334 359//359
f 335//335 359//359 360//360
f 361//361 284//284 360//360
f 360//360 284//284 282//282
f 360//360 282//282 335//335
f 335//335 282//282 281//281
f 335//335 281//281 279//279
f 277//277 287//287 361//361
f 361//361 287//287 286//286
f 361//361 286//286 284//284
f 357//357 255//255 362//362
f 357//357 362//362 363//363
f 363//363 362//362 364//364
f 363//363 364//364 365//365
f 255//255 266//266 362//362
f 362//362 266//266 277//277
f 362//362 277//277 364//364
f 364//364 277//277 361//361
f 364//364 361//361 365//365
f 365//365 361//361 366//366
f 359//359 367//367 360//360
f 360//360 367//367 368//368
f 360//360 368//368 361//361
f 361//361 368//368 369//369
f 361//361 369//369 366//366
f 339//339 337//337 370//370
f 371//371 372//372 341//341
f 371//371 341//341 373//373
f 341//341 346//346 373//373
f 373//373 346//346 347//347
f 373//373 347//347 348//348
f 348//348 347//347 342//342
f 348//348 342//342 292//292
f 370//370 337//337 372//372
f 372//372 337//337 336//336
f 372//372 336//336 341//341
f 370//370 334//334 333//333
f 333//333 332//332 370//370
f 370//370 332//332 331//331
f 370//370 331//331 330//330
f 330//330 338//338 370//370
f 370//370 338//338 340//340
f 370//370 340//340 339//339
f 348//348 322//322 351//351
f 369//369 368//368 370//370
f 363//363 365//365 370//370
f 370//370 365//365 366//366
f 370//370 366//366 369//369
f 368//368 367//367 370//370
f 370//370 367//367 359//359
f 370//370 359//359 334//334
f 372//372 358//358 370//370
f 370//370 358//358 357//357
f 370//370 357//357 363//363
f 351//351 352//352 348//348
f 348//348 352//352 353//353
f 348//348 353//353 373//373
f 373//373 353//353 354//354
f 373//373 354//354 371//371
f 371//371 354//354 355//355
f 371//371 355//355 372//372
f 372//372 355//355 356//356
f 372//372 356//356 358//358
f 18//18 16//16 374//374
f 374//374 16//16 14//14
f 14//14 12//12 374//374
f 374//374 12//12 10//10
f 374//374 10//10 8//8
f 8//8 7//7 374//374
f 374//374 7//7 375//375
f 374//374 375//375 376//376
f 377//377 22//22 374//374
f 374//374 22//22 20//20
f 374//374 20//20 18//18
f 376//376 378//378 374//374
f 374//374 378//378 379//379
f 374//374 379//379 380//380
f 380//380 379//379 381//381
f 380//380 381//381 382//382
f 383//383 377//377 374//374
f 383//383 374//374 384//384
f 384//384 374//374 380//380
f 384//384 380//380 385//385
f 385//385 380//380 382//382
f 385//385 382//382 386//386
f 386//386 382//382 381//381
f 386//386 381//381 387//387
f 387//387 381//381 379//379
f 387//387 379//379 388//388
f 388//388 379//379 378//378
f 388//388 378//378 389//389
f 389//389 378//378 376//376
f 389//389 376//376 390//390
f 390//390 376//376 375//375
f 390//390 375//375 391//391
f 392//392 393//393 394//394
f 395//395 396//396 397//397
f 397//397 396//396 398//398
f 397//397 398//398 399//399
f 400//400 401//401 402//402
f 397//397 403//403 404//404
f 402//402 401//401 405//405
f 406//406 407//407 408//408
f 403//403 397//397 409//409
f 409//409 397//397 410//410
f 409//409 410//410 411//411
f 408//408 395//395 406//406
f 406//406 395//395 397//397
f 406//406 397//397 412//412
f 412//412 397//397 404//404
f 412//412 404//404 413//413
f 394//394 414//414 402//402
f 402//402 414//414 415//415
f 402//402 415//415 400//400
f 416//416 417//417 418//418
f 2//2 1//1 416//416
f 416//416 1//1 419//419
f 416//416 419//419 420//420
f 420//420 419//419 421//421
f 393//393 422//422 394//394
f 394//394 422//422 423//423
f 394//394 423//423 414//414
f 2//2 416//416 394//394
f 394//394 416//416 418//418
f 394//394 418//418 424//424
f 406//406 425//425 426//426
f 412//412 427//427 406//406
f 406//406 427//427 428//428
f 406//406 428//428 429//429
f 429//429 428//428 430//430
f 429//429 430//430 431//431
f 431//431 430//430 405//405
f 431//431 405//405 432//432
f 432//432 405//405 401//401
f 397//397 433//433 410//410
f 410//410 433//433 434//434
f 410//410 434//434 435//435
f 426//426 436//436 406//406
f 406//406 436//436 437//437
f 406//406 437//437 407//407
f 424//424 438//438 394//394
f 394//394 438//438 439//439
f 394//394 439//439 440//440
f 406//406 441//441 425//425
f 425//425 441//441 442//442
f 425//425 442//442 443//443
f 444//444 445//445 446//446
f 446//446 445//445 447//447
f 446//446 447//447 448//448
f 448//448 447//447 449//449
f 448//448 449//449 450//450
f 450//450 449//449 451//451
f 450//450 451//451 452//452
f 452//452 451//451 453//453
f 452//452 453//453 454//454
f 454//454 453//453 455//455
f 454//454 455//455 421//421
f 421//421 455//455 456//456
f 421//421 456//456 420//420
f 440//440 457//457 394//394
f 394//394 457//457 458//458
f 394//394 458//458 459//459
f 460//460 461//461 462//462
f 462//462 461//461 463//463
f 443//443 464//464 425//425
f 425//425 464//464 461//461
f 425//425 461//461 465//465
f 465//465 461//461 460//460
f 435//435 466//466 410//410
f 410//410 466//466 467//467
f 410//410 467//467 468//468
f 468//468 467//467 469//469
f 468//468 469//469 470//470
f 470//470 469//469 471//471
f 470//470 471//471 472//472
f 472//472 471//471 473//473
f 472//472 473//473 444//444
f 444//444 473//473 474//474
f 444//444 474//474 445//445
f 475//475 476//476 394//394
f 394//394 476//476 477//477
f 394//394 477//477 392//392
f 459//459 478//478 394//394
f 394//394 478//478 479//479
f 394//394 479//479 475//475
f 480//480 481//481 482//482
f 483//483 484//484 416//416
f 416//416 484//484 485//485
f 416//416 485//485 417//417
f 486//486 487//487 23//23
f 488//488 489//489 490//490
f 490//490 489//489 491//491
f 482//482 492//492 480//480
f 480//480 492//492 493//493
f 480//480 493//493 483//483
f 483//483 493//493 494//494
f 483//483 494//494 484//484
f 495//495 496//496 481//481
f 481//481 496//496 497//497
f 481//481 497//497 482//482
f 482//482 497//497 498//498
f 482//482 498//498 499//499
f 488//488 500//500 489//489
f 489//489 500//500 501//501
f 489//489 501//501 502//502
f 503//503 504//504 21//21
f 399//399 505//505 397//397
f 397//397 505//505 506//506
f 397//397 506//506 507//507
f 507//507 506//506 508//508
f 507//507 508//508 491//491
f 491//491 508//508 509//509
f 491//491 509//509 490//490
f 23//23 487//487 21//21
f 21//21 487//487 510//510
f 21//21 510//510 503//503
f 23//23 511//511 512//512
f 11//11 13//13 513//513
f 513//513 13//13 15//15
f 513//513 15//15 514//514
f 514//514 15//15 17//17
f 514//514 17//17 19//19
f 504//504 515//515 21//21
f 21//21 515//515 516//516
f 21//21 516//516 19//19
f 19//19 516//516 499//499
f 19//19 499//499 514//514
f 514//514 499//499 498//498
f 511//511 23//23 517//517
f 517//517 23//23 383//383
f 517//517 383//383 518//518
f 384//384 519//519 520//520
f 519//519 384//384 521//521
f 512//512 522//522 23//23
f 23//23 522//522 523//523
f 23//23 523//523 486//486
f 520//520 524//524 384//384
f 384//384 524//524 525//525
f 384//384 525//525 383//383
f 383//383 525//525 526//526
f 383//383 526//526 518//518
f 527//527 528//528 389//389
f 521//521 384//384 529//529
f 529//529 384//384 385//385
f 529//529 385//385 530//530
f 386//386 531//531 385//385
f 385//385 531//531 532//532
f 532//532 533//533 385//385
f 385//385 533//533 534//534
f 385//385 534//534 530//530
f 535//535 536//536 387//387
f 387//387 536//536 537//537
f 387//387 537//537 386//386
f 386//386 537//537 538//538
f 386//386 538//538 531//531
f 539//539 540//540 6//6
f 6//6 540//540 541//541
f 6//6 541//541 391//391
f 391//391 541//541 542//542
f 391//391 542//542 543//543
f 544//544 9//9 545//545
f 545//545 9//9 11//11
f 545//545 11//11 488//488
f 488//488 11//11 513//513
f 488//488 513//513 500//500
f 535//535 387//387 546//546
f 546//546 387//387 388//388
f 546//546 388//388 547//547
f 390//390 548//548 389//389
f 389//389 548//548 549//549
f 389//389 549//549 527//527
f 543//543 550//550 391//391
f 391//391 550//550 551//551
f 391//391 551//551 390//390
f 390//390 551//551 552//552
f 390//390 552//552 553//553
f 544//544 554//554 9//9
f 9//9 554//554 555//555
f 9//9 555//555 556//556
f 556//556 557//557 9//9
f 9//9 557//557 558//558
f 9//9 558//558 6//6
f 6//6 558//558 559//559
f 6//6 559//559 539//539
f 528//528 560//560 389//389
f 389//389 560//560 561//561
f 389//389 561//561 562//562
f 562//562 563//563 389//389
f 389//389 563//563 564//564
f 389//389 564//564 388//388
f 388//388 564//564 565//565
f 388//388 565//565 547//547
f 553//553 566//566 390//390
f 390//390 566//566 567//567
f 390//390 567//567 548//548
f 568//568 569//569 570//570
f 570//570 569//569 486//486
f 570//570 486//486 571//571
f 571//571 486//486 523//523
f 571//571 523//523 572//572
f 572//572 523//523 522//522
f 572//572 522//522 573//573
f 574//574 575//575 576//576
f 576//576 577//577 574//574
f 574//574 577//577 578//578
f 574//574 578//578 579//579
f 424//424 418//418 580//580
f 576//576 438//438 577//577
f 577//577 438//438 424//424
f 577//577 424//424 578//578
f 578//578 424//424 580//580
f 578//578 580//580 579//579
f 581//581 479//479 478//478
f 582//582 431//431 583//583
f 583//583 431//431 432//432
f 583//583 432//432 584//584
f 423//423 585//585 414//414
f 414//414 585//585 586//586
f 414//414 586//586 415//415
f 415//415 586//586 587//587
f 415//415 587//587 400//400
f 400//400 587//587 584//584
f 400//400 584//584 401//401
f 401//401 584//584 432//432
f 422//422 588//588 423//423
f 423//423 588//588 589//589
f 423//423 589//589 585//585
f 479//479 581//581 475//475
f 475//475 581//581 590//590
f 475//475 590//590 476//476
f 422//422 393//393 588//588
f 588//588 393//393 392//392
f 588//588 392//392 591//591
f 591//591 392//392 477//477
f 591//591 477//477 592//592
f 592//592 477//477 476//476
f 592//592 476//476 593//593
f 593//593 476//476 590//590
f 594//594 595//595 458//458
f 458//458 595//595 596//596
f 458//458 596//596 459//459
f 459//459 596//596 597//597
f 459//459 597//597 478//478
f 478//478 597//597 598//598
f 478//478 598//598 581//581
f 438//438 576//576 439//439
f 439//439 576//576 440//440
f 458//458 457//457 594//594
f 594//594 457//457 440//440
f 594//594 440//440 599//599
f 599//599 440//440 576//576
f 599//599 576//576 575//575
f 600//600 601//601 602//602
f 602//602 603//603 600//600
f 600//600 603//603 604//604
f 600//600 604//604 605//605
f 599//599 606//606 607//607
f 608//608 609//609 610//610
f 611//611 588//588 612//612
f 612//612 588//588 591//591
f 612//612 591//591 613//613
f 613//613 591//591 592//592
f 592//592 593//593 613//613
f 613//613 593//593 590//590
f 613//613 590//590 614//614
f 614//614 590//590 581//581
f 614//614 581//581 615//615
f 616//616 595//595 607//607
f 607//607 595//595 594//594
f 607//607 594//594 599//599
f 617//617 580//580 618//618
f 618//618 580//580 619//619
f 618//618 619//619 620//620
f 620//620 619//619 621//621
f 620//620 621//621 622//622
f 608//608 610//610 623//623
f 624//624 625//625 601//601
f 601//601 625//625 626//626
f 601//601 626//626 602//602
f 627//627 628//628 629//629
f 581//581 598//598 615//615
f 615//615 598//598 597//597
f 615//615 597//597 616//616
f 616//616 597//597 596//596
f 616//616 596//596 595//595
f 604//604 630//630 605//605
f 605//605 630//630 631//631
f 605//605 631//631 632//632
f 632//632 631//631 633//633
f 632//632 633//633 628//628
f 628//628 633//633 634//634
f 628//628 634//634 629//629
f 635//635 586//586 636//636
f 636//636 586//586 585//585
f 636//636 585//585 611//611
f 611//611 585//585 589//589
f 611//611 589//589 588//588
f 599//599 575//575 606//606
f 606//606 575//575 574//574
f 606//606 574//574 617//617
f 617//617 574//574 579//579
f 617//617 579//579 580//580
f 637//637 638//638 639//639
f 639//639 640//640 637//637
f 637//637 640//640 641//641
f 637//637 641//641 624//624
f 624//624 641//641 642//642
f 624//624 642//642 625//625
f 610//610 643//643 623//623
f 623//623 643//643 644//644
f 623//623 644//644 645//645
f 645//645 644//644 646//646
f 645//645 646//646 638//638
f 638//638 646//646 647//647
f 638//638 647//647 639//639
f 648//648 583//583 649//649
f 649//649 583//583 584//584
f 649//649 584//584 635//635
f 635//635 584//584 587//587
f 635//635 587//587 586//586
f 629//629 650//650 627//627
f 627//627 650//650 651//651
f 627//627 651//651 652//652
f 652//652 651//651 653//653
f 652//652 653//653 654//654
f 654//654 653//653 655//655
f 654//654 655//655 648//648
f 648//648 655//655 582//582
f 648//648 582//582 583//583
f 647//647 656//656 657//657
f 656//656 647//647 646//646
f 646//646 398//398 656//656
f 656//656 398//398 396//396
f 656//656 396//396 657//657
f 657//657 396//396 395//395
f 657//657 395//395 647//647
f 647//647 395//395 639//639
f 639//639 395//395 640//640
f 640//640 395//395 408//408
f 640//640 408//408 641//641
f 641//641 408//408 407//407
f 641//641 407//407 642//642
f 642//642 407//407 437//437
f 642//642 437//437 625//625
f 625//625 437//437 436//436
f 625//625 436//436 626//626
f 626//626 436//436 426//426
f 626//626 426//426 602//602
f 602//602 426//426 425//425
f 602//602 425//425 603//603
f 603//603 425//425 465//465
f 603//603 465//465 604//604
f 465//465 460//460 604//604
f 604//604 460//460 462//462
f 604//604 462//462 630//630
f 630//630 462//462 463//463
f 630//630 463//463 631//631
f 631//631 463//463 633//633
f 463//463 461//461 633//633
f 633//633 461//461 464//464
f 633//633 464//464 634//634
f 634//634 464//464 443//443
f 634//634 443//443 629//629
f 629//629 443//443 442//442
f 629//629 442//442 650//650
f 650//650 442//442 441//441
f 650//650 441//441 651//651
f 651//651 441//441 406//406
f 651//651 406//406 653//653
f 653//653 406//406 429//429
f 653//653 429//429 655//655
f 655//655 429//429 431//431
f 655//655 431//431 582//582
f 658//658 659//659 660//660
f 660//660 659//659 661//661
f 660//660 661//661 662//662
f 662//662 661//661 663//663
f 662//662 663//663 25//25
f 623//623 664//664 608//608
f 608//608 664//664 665//665
f 608//608 665//665 609//609
f 645//645 666//666 667//667
f 667//667 668//668 645//645
f 645//645 668//668 669//669
f 645//645 669//669 670//670
f 670//670 671//671 645//645
f 645//645 671//671 672//672
f 645//645 672//672 673//673
f 673//673 674//674 645//645
f 645//645 674//674 675//675
f 645//645 675//675 623//623
f 623//623 675//675 676//676
f 676//676 677//677 623//623
f 623//623 677//677 678//678
f 623//623 678//678 679//679
f 679//679 680//680 623//623
f 623//623 680//680 681//681
f 623//623 681//681 682//682
f 682//682 683//683 623//623
f 623//623 683//683 684//684
f 623//623 684//684 664//664
f 666//666 645//645 685//685
f 685//685 645//645 638//638
f 685//685 638//638 686//686
f 687//687 606//606 688//688
f 688//688 606//606 617//617
f 688//688 617//617 689//689
f 666//666 685//685 690//690
f 690//690 685//685 686//686
f 690//690 686//686 691//691
f 691//691 686//686 692//692
f 691//691 692//692 693//693
f 694//694 695//695 648//648
f 648//648 695//695 696//696
f 648//648 696//696 654//654
f 686//686 638//638 697//697
f 697//697 638//638 637//637
f 697//697 637//637 698//698
f 698//698 637//637 624//624
f 698//698 624//624 699//699
f 699//699 624//624 601//601
f 700//700 701//701 600//600
f 600//600 701//701 702//702
f 600//600 702//702 601//601
f 601//601 702//702 703//703
f 601//601 703//703 699//699
f 700//700 600//600 704//704
f 704//704 600//600 605//605
f 704//704 605//605 705//705
f 706//706 707//707 632//632
f 632//632 707//707 708//708
f 632//632 708//708 605//605
f 605//605 708//708 709//709
f 605//605 709//709 705//705
f 628//628 710//710 632//632
f 632//632 710//710 711//711
f 632//632 711//711 706//706
f 652//652 712//712 627//627
f 627//627 712//712 713//713
f 627//627 713//713 628//628
f 628//628 713//713 714//714
f 628//628 714//714 710//710
f 696//696 715//715 654//654
f 654//654 715//715 716//716
f 654//654 716//716 652//652
f 652//652 716//716 717//717
f 652//652 717//717 712//712
f 718//718 719//719 615//615
f 720//720 694//694 648//648
f 649//649 721//721 648//648
f 648//648 721//721 722//722
f 648//648 722//722 720//720
f 635//635 723//723 649//649
f 649//649 723//723 724//724
f 649//649 724//724 721//721
f 725//725 726//726 635//635
f 635//635 726//726 727//727
f 635//635 727//727 723//723
f 725//725 635//635 728//728
f 728//728 635//635 636//636
f 728//728 636//636 729//729
f 729//729 636//636 611//611
f 729//729 611//611 730//730
f 612//612 731//731 732//732
f 612//612 732//732 611//611
f 611//611 732//732 733//733
f 611//611 733//733 730//730
f 731//731 612//612 734//734
f 734//734 612//612 613//613
f 734//734 613//613 735//735
f 735//735 613//613 614//614
f 735//735 614//614 736//736
f 615//615 719//719 614//614
f 614//614 719//719 737//737
f 614//614 737//737 736//736
f 718//718 615//615 738//738
f 738//738 615//615 616//616
f 738//738 616//616 739//739
f 739//739 616//616 607//607
f 739//739 607//607 740//740
f 687//687 741//741 606//606
f 606//606 741//741 742//742
f 606//606 742//742 607//607
f 607//607 742//742 743//743
f 607//607 743//743 740//740
f 688//688 689//689 744//744
f 688//688 744//744 687//687
f 687//687 744//744 745//745
f 745//745 744//744 746//746
f 745//745 746//746 747//747
f 620//620 622//622 748//748
f 689//689 617//617 749//749
f 749//749 617//617 618//618
f 748//748 750//750 620//620
f 620//620 750//750 751//751
f 620//620 751//751 618//618
f 618//618 751//751 752//752
f 618//618 752//752 749//749
f 753//753 754//754 755//755
f 755//755 754//754 756//756
f 756//756 754//754 757//757
f 757//757 754//754 758//758
f 757//757 758//758 37//37
f 37//37 758//758 38//38
f 38//38 758//758 759//759
f 38//38 759//759 52//52
f 760//760 49//49 759//759
f 759//759 49//49 51//51
f 759//759 51//51 52//52
f 761//761 46//46 760//760
f 760//760 46//46 47//47
f 760//760 47//47 49//49
f 762//762 115//115 763//763
f 763//763 115//115 116//116
f 763//763 116//116 761//761
f 761//761 116//116 117//117
f 761//761 117//117 46//46
f 750//750 748//748 764//764
f 765//765 749//749 752//752
f 766//766 767//767 768//768
f 768//768 767//767 765//765
f 768//768 765//765 769//769
f 769//769 765//765 752//752
f 769//769 752//752 764//764
f 764//764 752//752 751//751
f 764//764 751//751 750//750
f 689//689 749//749 744//744
f 744//744 749//749 765//765
f 744//744 765//765 746//746
f 746//746 765//765 767//767
f 746//746 767//767 747//747
f 770//770 771//771 772//772
f 250//250 773//773 774//774
f 775//775 776//776 777//777
f 767//767 766//766 778//778
f 741//741 687//687 745//745
f 767//767 778//778 747//747
f 747//747 778//778 779//779
f 747//747 779//779 745//745
f 745//745 779//779 780//780
f 745//745 780//780 741//741
f 739//739 740//740 781//781
f 781//781 740//740 743//743
f 781//781 743//743 780//780
f 780//780 743//743 742//742
f 780//780 742//742 741//741
f 739//739 782//782 738//738
f 738//738 782//782 783//783
f 738//738 783//783 718//718
f 784//784 737//737 783//783
f 783//783 737//737 719//719
f 783//783 719//719 718//718
f 731//731 734//734 785//785
f 785//785 734//734 735//735
f 785//785 735//735 784//784
f 784//784 735//735 736//736
f 784//784 736//736 737//737
f 786//786 787//787 729//729
f 729//729 730//730 786//786
f 786//786 730//730 733//733
f 786//786 733//733 785//785
f 785//785 733//733 732//732
f 785//785 732//732 731//731
f 788//788 725//725 787//787
f 787//787 725//725 728//728
f 787//787 728//728 729//729
f 789//789 724//724 788//788
f 788//788 724//724 723//723
f 723//723 727//727 788//788
f 788//788 727//727 726//726
f 788//788 726//726 725//725
f 694//694 720//720 790//790
f 790//790 720//720 722//722
f 790//790 722//722 789//789
f 789//789 722//722 721//721
f 789//789 721//721 724//724
f 791//791 792//792 793//793
f 793//793 792//792 259//259
f 793//793 259//259 197//197
f 794//794 262//262 261//261
f 794//794 261//261 792//792
f 792//792 261//261 260//260
f 792//792 260//260 259//259
f 773//773 250//250 794//794
f 794//794 250//250 252//252
f 794//794 252//252 262//262
f 795//795 245//245 796//796
f 796//796 245//245 244//244
f 796//796 244//244 774//774
f 774//774 244//244 248//248
f 774//774 248//248 250//250
f 797//797 243//243 798//798
f 798//798 243//243 242//242
f 798//798 242//242 799//799
f 799//799 242//242 247//247
f 799//799 247//247 795//795
f 795//795 247//247 246//246
f 795//795 246//246 245//245
f 800//800 801//801 802//802
f 802//802 801//801 803//803
f 802//802 803//803 804//804
f 804//804 803//803 805//805
f 805//805 803//803 806//806
f 805//805 806//806 807//807
f 807//807 806//806 808//808
f 807//807 808//808 809//809
f 771//771 810//810 772//772
f 772//772 810//810 811//811
f 772//772 811//811 812//812
f 809//809 808//808 813//813
f 813//813 808//808 814//814
f 813//813 814//814 812//812
f 812//812 814//814 815//815
f 812//812 815//815 772//772
f 772//772 815//815 816//816
f 772//772 816//816 770//770
f 817//817 818//818 819//819
f 819//819 818//818 820//820
f 819//819 820//820 821//821
f 822//822 823//823 819//819
f 819//819 823//823 824//824
f 819//819 824//824 817//817
f 821//821 825//825 815//815
f 815//815 825//825 826//826
f 815//815 826//826 816//816
f 827//827 797//797 828//828
f 828//828 797//797 798//798
f 828//828 798//798 829//829
f 829//829 798//798 799//799
f 829//829 799//799 830//830
f 830//830 799//799 795//795
f 830//830 795//795 831//831
f 831//831 795//795 796//796
f 831//831 796//796 832//832
f 832//832 796//796 774//774
f 832//832 774//774 833//833
f 833//833 774//774 773//773
f 833//833 773//773 834//834
f 834//834 773//773 794//794
f 834//834 794//794 835//835
f 835//835 794//794 792//792
f 835//835 792//792 777//777
f 777//777 792//792 791//791
f 777//777 791//791 775//775
f 821//821 815//815 819//819
f 819//819 815//815 814//814
f 819//819 814//814 836//836
f 836//836 814//814 808//808
f 836//836 808//808 837//837
f 837//837 808//808 806//806
f 837//837 806//806 838//838
f 838//838 806//806 803//803
f 838//838 803//803 827//827
f 827//827 803//803 801//801
f 827//827 801//801 797//797
f 797//797 801//801 800//800
f 797//797 800//800 243//243
f 739//739 781//781 782//782
f 782//782 781//781 839//839
f 782//782 839//839 783//783
f 783//783 839//839 840//840
f 783//783 840//840 784//784
f 785//785 841//841 786//786
f 786//786 841//841 842//842
f 786//786 842//842 787//787
f 787//787 842//842 843//843
f 787//787 843//843 788//788
f 844//844 790//790 845//845
f 845//845 790//790 789//789
f 845//845 789//789 846//846
f 846//846 789//789 788//788
f 846//846 788//788 847//847
f 847//847 788//788 843//843
f 840//840 848//848 784//784
f 784//784 848//848 849//849
f 784//784 849//849 785//785
f 785//785 849//849 850//850
f 785//785 850//850 841//841
f 778//778 822//822 779//779
f 779//779 822//822 819//819
f 779//779 819//819 780//780
f 780//780 819//819 836//836
f 780//780 836//836 781//781
f 781//781 836//836 837//837
f 781//781 837//837 839//839
f 839//839 837//837 838//838
f 839//839 838//838 840//840
f 840//840 838//838 827//827
f 840//840 827//827 848//848
f 848//848 827//827 828//828
f 848//848 828//828 849//849
f 849//849 828//828 829//829
f 849//849 829//829 850//850
f 850//850 829//829 830//830
f 850//850 830//830 841//841
f 841//841 830//830 831//831
f 841//841 831//831 842//842
f 842//842 831//831 832//832
f 842//842 832//832 843//843
f 843//843 832//832 833//833
f 843//843 833//833 847//847
f 847//847 833//833 834//834
f 847//847 834//834 846//846
f 846//846 834//834 835//835
f 846//846 835//835 845//845
f 845//845 835//835 777//777
f 845//845 777//777 844//844
f 844//844 777//777 776//776
f 851//851 240//240 241//241
f 805//805 807//807 852//852
f 852//852 807//807 809//809
f 852//852 809//809 853//853
f 853//853 809//809 813//813
f 853//853 813//813 812//812
f 805//805 852//852 804//804
f 804//804 852//852 854//854
f 804//804 854//854 802//802
f 802//802 854//854 855//855
f 802//802 855//855 800//800
f 856//856 275//275 851//851
f 851//851 275//275 274//274
f 851//851 274//274 240//240
f 857//857 858//858 856//856
f 856//856 858//858 859//859
f 856//856 859//859 275//275
f 860//860 861//861 857//857
f 857//857 861//861 862//862
f 857//857 862//862 858//858
f 863//863 864//864 865//865
f 865//865 864//864 853//853
f 865//865 853//853 866//866
f 866//866 853//853 812//812
f 866//866 812//812 811//811
f 864//864 860//860 853//853
f 853//853 860//860 857//857
f 853//853 857//857 852//852
f 852//852 857//857 856//856
f 852//852 856//856 854//854
f 854//854 856//856 851//851
f 854//854 851//851 855//855
f 855//855 851//851 241//241
f 855//855 241//241 800//800
f 800//800 241//241 243//243
f 487//487 486//486 569//569
f 867//867 510//510 868//868
f 868//868 510//510 487//487
f 868//868 487//487 568//568
f 568//568 487//487 569//569
f 510//510 867//867 503//503
f 503//503 867//867 869//869
f 866//866 870//870 865//865
f 865//865 870//870 871//871
f 865//865 871//871 863//863
f 863//863 871//871 869//869
f 863//863 869//869 872//872
f 872//872 869//869 867//867
f 872//872 867//867 873//873
f 873//873 867//867 868//868
f 873//873 868//868 753//753
f 868//868 568//568 753//753
f 753//753 568//568 570//570
f 753//753 570//570 754//754
f 570//570 571//571 754//754
f 754//754 571//571 572//572
f 754//754 572//572 758//758
f 874//874 759//759 875//875
f 875//875 759//759 758//758
f 875//875 758//758 573//573
f 573//573 758//758 572//572
f 876//876 877//877 878//878
f 878//878 762//762 876//876
f 876//876 762//762 763//763
f 876//876 763//763 879//879
f 879//879 763//763 761//761
f 879//879 761//761 874//874
f 874//874 761//761 760//760
f 874//874 760//760 759//759
f 503//503 869//869 504//504
f 504//504 869//869 871//871
f 504//504 871//871 515//515
f 515//515 871//871 870//870
f 515//515 870//870 880//880
f 870//870 866//866 880//880
f 880//880 866//866 811//811
f 880//880 811//811 881//881
f 881//881 811//811 810//810
f 881//881 810//810 882//882
f 882//882 810//810 771//771
f 883//883 818//818 884//884
f 818//818 883//883 820//820
f 883//883 885//885 820//820
f 820//820 885//885 886//886
f 820//820 886//886 821//821
f 886//886 887//887 821//821
f 821//821 887//887 888//888
f 821//821 888//888 825//825
f 825//825 888//888 889//889
f 825//825 889//889 826//826
f 889//889 890//890 826//826
f 826//826 890//890 891//891
f 826//826 891//891 816//816
f 891//891 892//892 816//816
f 816//816 892//892 893//893
f 816//816 893//893 770//770
f 770//770 893//893 882//882
f 770//770 882//882 771//771
f 822//822 894//894 895//895
f 822//822 895//895 823//823
f 823//823 895//895 896//896
f 823//823 896//896 824//824
f 824//824 896//896 897//897
f 824//824 897//897 817//817
f 817//817 897//897 884//884
f 817//817 884//884 818//818
f 764//764 748//748 622//622
f 768//768 769//769 898//898
f 894//894 822//822 899//899
f 899//899 822//822 778//778
f 899//899 778//778 900//900
f 900//900 778//778 766//766
f 900//900 766//766 901//901
f 901//901 766//766 768//768
f 901//901 768//768 902//902
f 902//902 768//768 898//898
f 622//622 621//621 764//764
f 764//764 621//621 903//903
f 764//764 903//903 769//769
f 769//769 903//903 904//904
f 769//769 904//904 898//898
f 902//902 898//898 905//905
f 621//621 619//619 903//903
f 903//903 619//619 905//905
f 903//903 905//905 904//904
f 904//904 905//905 898//898
f 906//906 900//900 905//905
f 905//905 900//900 901//901
f 905//905 901//901 902//902
f 580//580 418//418 619//619
f 619//619 418//418 417//417
f 619//619 417//417 905//905
f 905//905 417//417 485//485
f 905//905 485//485 906//906
f 906//906 485//485 484//484
f 899//899 900//900 906//906
f 499//499 892//892 891//891
f 499//499 891//891 482//482
f 482//482 891//891 890//890
f 482//482 890//890 889//889
f 889//889 888//888 482//482
f 482//482 888//888 887//887
f 482//482 887//887 492//492
f 896//896 895//895 492//492
f 492//492 895//895 894//894
f 492//492 894//894 493//493
f 493//493 894//894 899//899
f 493//493 899//899 494//494
f 494//494 899//899 906//906
f 494//494 906//906 484//484
f 887//887 886//886 492//492
f 492//492 886//886 885//885
f 492//492 885//885 883//883
f 896//896 492//492 897//897
f 897//897 492//492 883//883
f 897//897 883//883 884//884
f 515//515 880//880 881//881
f 515//515 881//881 516//516
f 516//516 881//881 882//882
f 516//516 882//882 499//499
f 499//499 882//882 893//893
f 499//499 893//893 892//892
f 907//907 908//908 909//909
f 757//757 37//37 39//39
f 755//755 756//756 910//910
f 910//910 756//756 757//757
f 910//910 757//757 911//911
f 911//911 757//757 39//39
f 911//911 39//39 41//41
f 912//912 872//872 873//873
f 909//909 908//908 912//912
f 912//912 908//908 913//913
f 912//912 913//913 872//872
f 753//753 755//755 873//873
f 873//873 755//755 910//910
f 873//873 910//910 912//912
f 912//912 910//910 911//911
f 912//912 911//911 909//909
f 909//909 911//911 41//41
f 909//909 41//41 907//907
f 45//45 44//44 276//276
f 41//41 862//862 907//907
f 907//907 862//862 861//861
f 907//907 861//861 908//908
f 908//908 861//861 860//860
f 908//908 860//860 913//913
f 859//859 858//858 914//914
f 914//914 858//858 862//862
f 914//914 862//862 915//915
f 915//915 862//862 41//41
f 915//915 41//41 42//42
f 45//45 276//276 48//48
f 42//42 50//50 915//915
f 915//915 50//50 48//48
f 915//915 48//48 914//914
f 914//914 48//48 276//276
f 914//914 276//276 859//859
f 859//859 276//276 275//275
f 860//860 864//864 913//913
f 913//913 864//864 863//863
f 913//913 863//863 872//872
f 916//916 917//917 55//55
f 55//55 917//917 70//70
f 917//917 918//918 70//70
f 70//70 918//918 919//919
f 70//70 919//919 71//71
f 71//71 919//919 920//920
f 71//71 920//920 72//72
f 72//72 920//920 921//921
f 72//72 921//921 69//69
f 69//69 921//921 922//922
f 69//69 922//922 66//66
f 66//66 922//922 67//67
f 67//67 922//922 923//923
f 67//67 923//923 68//68
f 25//25 663//663 26//26
f 26//26 663//663 28//28
f 924//924 925//925 28//28
f 28//28 925//925 29//29
f 926//926 927//927 928//928
f 928//928 927//927 929//929
f 926//926 928//928 930//930
f 930//930 928//928 931//931
f 930//930 931//931 932//932
f 28//28 663//663 924//924
f 924//924 663//663 661//661
f 924//924 661//661 659//659
f 658//658 932//932 659//659
f 659//659 932//932 931//931
f 659//659 931//931 924//924
f 924//924 931//931 928//928
f 924//924 928//928 925//925
f 925//925 928//928 929//929
f 925//925 929//929 29//29
f 27//27 933//933 36//36
f 930//930 934//934 926//926
f 926//926 934//934 935//935
f 926//926 935//935 927//927
f 927//927 935//935 936//936
f 927//927 936//936 929//929
f 929//929 936//936 937//937
f 929//929 937//937 29//29
f 29//29 937//937 938//938
f 36//36 933//933 35//35
f 35//35 933//933 939//939
f 35//35 939//939 33//33
f 33//33 939//939 179//179
f 33//33 179//179 34//34
f 188//188 179//179 940//940
f 940//940 179//179 939//939
f 940//940 939//939 941//941
f 941//941 939//939 933//933
f 941//941 933//933 938//938
f 938//938 933//933 27//27
f 938//938 27//27 29//29
f 188//188 942//942 943//943
f 188//188 943//943 187//187
f 187//187 943//943 210//210
f 187//187 210//210 186//186
f 944//944 945//945 946//946
f 946//946 945//945 947//947
f 946//946 947//947 948//948
f 948//948 947//947 949//949
f 948//948 949//949 950//950
f 950//950 949//949 951//951
f 952//952 953//953 954//954
f 952//952 954//954 955//955
f 956//956 957//957 952//952
f 952//952 957//957 958//958
f 952//952 958//958 953//953
f 952//952 936//936 935//935
f 956//956 952//952 959//959
f 959//959 952//952 935//935
f 959//959 935//935 934//934
f 188//188 940//940 942//942
f 942//942 940//940 941//941
f 942//942 941//941 955//955
f 955//955 941//941 938//938
f 955//955 938//938 952//952
f 952//952 938//938 937//937
f 952//952 937//937 936//936
f 954//954 944//944 955//955
f 955//955 944//944 946//946
f 955//955 946//946 942//942
f 942//942 946//946 948//948
f 942//942 948//948 943//943
f 943//943 948//948 950//950
f 943//943 950//950 210//210
f 210//210 950//950 951//951
f 210//210 951//951 211//211
f 115//115 762//762 123//123
f 123//123 762//762 878//878
f 123//123 878//878 960//960
f 960//960 961//961 123//123
f 123//123 961//961 962//962
f 123//123 962//962 92//92
f 962//962 963//963 92//92
f 92//92 963//963 964//964
f 92//92 964//964 89//89
f 965//965 101//101 966//966
f 966//966 101//101 100//100
f 966//966 100//100 967//967
f 967//967 100//100 84//84
f 967//967 84//84 968//968
f 968//968 84//84 83//83
f 968//968 83//83 964//964
f 964//964 83//83 90//90
f 964//964 90//90 89//89
f 969//969 540//540 970//970
f 970//970 540//540 539//539
f 970//970 539//539 971//971
f 971//971 539//539 559//559
f 971//971 559//559 972//972
f 972//972 559//559 973//973
f 972//972 973//973 974//974
f 542//542 975//975 976//976
f 542//542 541//541 975//975
f 975//975 541//541 540//540
f 975//975 540//540 969//969
f 977//977 505//505 399//399
f 398//398 646//646 399//399
f 399//399 646//646 644//644
f 399//399 644//644 977//977
f 977//977 644//644 643//643
f 505//505 977//977 506//506
f 506//506 977//977 978//978
f 506//506 978//978 508//508
f 979//979 980//980 977//977
f 977//977 980//980 981//981
f 977//977 981//981 978//978
f 978//978 981//981 982//982
f 978//978 982//982 983//983
f 643//643 610//610 977//977
f 977//977 610//610 984//984
f 977//977 984//984 979//979
f 985//985 981//981 986//986
f 986//986 981//981 980//980
f 986//986 980//980 987//987
f 987//987 980//980 979//979
f 609//609 665//665 610//610
f 610//610 665//665 987//987
f 610//610 987//987 984//984
f 984//984 987//987 979//979
f 988//988 989//989 990//990
f 990//990 989//989 991//991
f 990//990 991//991 992//992
f 992//992 991//991 983//983
f 992//992 983//983 985//985
f 985//985 983//983 982//982
f 985//985 982//982 981//981
f 989//989 988//988 993//993
f 989//989 993//993 994//994
f 994//994 993//993 995//995
f 994//994 995//995 996//996
f 996//996 995//995 997//997
f 996//996 997//997 998//998
f 998//998 997//997 999//999
f 998//998 999//999 1000//1000
f 1001//1001 1000//1000 999//999
f 1000//1000 1001//1001 1002//1002
f 1002//1002 1001//1001 1003//1003
f 1002//1002 1003//1003 1004//1004
f 1005//1005 1006//1006 1007//1007
f 1007//1007 1006//1006 1008//1008
f 1007//1007 1008//1008 1009//1009
f 1009//1009 1008//1008 1010//1010
f 1009//1009 1010//1010 1011//1011
f 1011//1011 1010//1010 1012//1012
f 1011//1011 1012//1012 1013//1013
f 1013//1013 1012//1012 1014//1014
f 1013//1013 1014//1014 1015//1015
f 1015//1015 1014//1014 1016//1016
f 1015//1015 1016//1016 1003//1003
f 1003//1003 1016//1016 1017//1017
f 1003//1003 1017//1017 1004//1004
f 978//978 983//983 991//991
f 544//544 545//545 1008//1008
f 1018//1018 554//554 1019//1019
f 1019//1019 554//554 544//544
f 1019//1019 544//544 1006//1006
f 1006//1006 544//544 1008//1008
f 1002//1002 1004//1004 490//490
f 1002//1002 490//490 1000//1000
f 994//994 996//996 490//490
f 490//490 996//996 998//998
f 490//490 998//998 1000//1000
f 1004//1004 1017//1017 490//490
f 490//490 1017//1017 1016//1016
f 490//490 1016//1016 488//488
f 1016//1016 1014//1014 488//488
f 488//488 1014//1014 1012//1012
f 488//488 1012//1012 545//545
f 545//545 1012//1012 1010//1010
f 545//545 1010//1010 1008//1008
f 508//508 978//978 509//509
f 509//509 978//978 991//991
f 509//509 991//991 490//490
f 490//490 991//991 989//989
f 490//490 989//989 994//994
f 1019//1019 1006//1006 1005//1005
f 956//956 1020//1020 957//957
f 957//957 1020//1020 1018//1018
f 1019//1019 1005//1005 1018//1018
f 1018//1018 1005//1005 1021//1021
f 1018//1018 1021//1021 957//957
f 555//555 554//554 1018//1018
f 1022//1022 556//556 1023//1023
f 1023//1023 556//556 555//555
f 1023//1023 555//555 1020//1020
f 1020//1020 555//555 1018//1018
f 969//969 970//970 660//660
f 660//660 970//970 971//971
f 660//660 971//971 658//658
f 1024//1024 1025//1025 1026//1026
f 1026//1026 1025//1025 976//976
f 1026//1026 976//976 1027//1027
f 1027//1027 976//976 975//975
f 1027//1027 975//975 1028//1028
f 1028//1028 975//975 969//969
f 1028//1028 969//969 662//662
f 662//662 969//969 660//660
f 1024//1024 1026//1026 1029//1029
f 1029//1029 1026//1026 1030//1030
f 1029//1029 1030//1030 1031//1031
f 1020//1020 956//956 1023//1023
f 1023//1023 956//956 959//959
f 1023//1023 959//959 1022//1022
f 1022//1022 959//959 934//934
f 1022//1022 934//934 1032//1032
f 1032//1032 934//934 930//930
f 1032//1032 930//930 1033//1033
f 1033//1033 930//930 932//932
f 1033//1033 932//932 974//974
f 974//974 932//932 658//658
f 974//974 658//658 972//972
f 972//972 658//658 971//971
f 557//557 1032//1032 1033//1033
f 1033//1033 974//974 973//973
f 557//557 1033//1033 558//558
f 558//558 1033//1033 973//973
f 558//558 973//973 559//559
f 556//556 1022//1022 557//557
f 557//557 1022//1022 1032//1032
f 1034//1034 1035//1035 1036//1036
f 1037//1037 520//520 1038//1038
f 1037//1037 1038//1038 1039//1039
f 1039//1039 1038//1038 1040//1040
f 1039//1039 1040//1040 1041//1041
f 1041//1041 1040//1040 1042//1042
f 1041//1041 1042//1042 1043//1043
f 1036//1036 1035//1035 1044//1044
f 1044//1044 1035//1035 1045//1045
f 1044//1044 1045//1045 1046//1046
f 533//533 532//532 1047//1047
f 1047//1047 532//532 1048//1048
f 1047//1047 1048//1048 1049//1049
f 529//529 530//530 1034//1034
f 1034//1034 530//530 534//534
f 1034//1034 534//534 1035//1035
f 1035//1035 534//534 533//533
f 1035//1035 533//533 1045//1045
f 1045//1045 533//533 1047//1047
f 1045//1045 1047//1047 1046//1046
f 1046//1046 1047//1047 1049//1049
f 520//520 519//519 1038//1038
f 1038//1038 519//519 521//521
f 1038//1038 521//521 1040//1040
f 1040//1040 521//521 529//529
f 1040//1040 529//529 1042//1042
f 1042//1042 529//529 1034//1034
f 1042//1042 1034//1034 1043//1043
f 1043//1043 1034//1034 1036//1036
f 1050//1050 1051//1051 1052//1052
f 1052//1052 1051//1051 1053//1053
f 1053//1053 1051//1051 1054//1054
f 1053//1053 1054//1054 1055//1055
f 1055//1055 1054//1054 1056//1056
f 1055//1055 1056//1056 1057//1057
f 1057//1057 1056//1056 1058//1058
f 1057//1057 1058//1058 1059//1059
f 1059//1059 1058//1058 1060//1060
f 1059//1059 1060//1060 1061//1061
f 1061//1061 1060//1060 1062//1062
f 1061//1061 1062//1062 1063//1063
f 1064//1064 1065//1065 566//566
f 566//566 1065//1065 1066//1066
f 566//566 1066//1066 567//567
f 567//567 1066//1066 548//548
f 1065//1065 1050//1050 1066//1066
f 1066//1066 1050//1050 1052//1052
f 1066//1066 1052//1052 548//548
f 548//548 1052//1052 1053//1053
f 548//548 1053//1053 549//549
f 549//549 1053//1053 1055//1055
f 549//549 1055//1055 527//527
f 527//527 1055//1055 1057//1057
f 527//527 1057//1057 528//528
f 528//528 1057//1057 1059//1059
f 528//528 1059//1059 560//560
f 560//560 1059//1059 1061//1061
f 560//560 1061//1061 561//561
f 561//561 1061//1061 1063//1063
f 561//561 1063//1063 562//562
f 878//878 877//877 1067//1067
f 1068//1068 1069//1069 916//916
f 1069//1069 1062//1062 916//916
f 916//916 1062//1062 1060//1060
f 916//916 1060//1060 917//917
f 917//917 1060//1060 1058//1058
f 917//917 1058//1058 918//918
f 918//918 1058//1058 1056//1056
f 918//918 1056//1056 919//919
f 919//919 1056//1056 1054//1054
f 919//919 1054//1054 920//920
f 961//961 1070//1070 962//962
f 962//962 1070//1070 1037//1037
f 962//962 1037//1037 963//963
f 963//963 1037//1037 1039//1039
f 963//963 1039//1039 964//964
f 964//964 1039//1039 1041//1041
f 964//964 1041//1041 968//968
f 968//968 1041//1041 1043//1043
f 968//968 1043//1043 967//967
f 920//920 1054//1054 921//921
f 921//921 1054//1054 1051//1051
f 921//921 1051//1051 922//922
f 922//922 1051//1051 1050//1050
f 922//922 1050//1050 923//923
f 878//878 1067//1067 960//960
f 960//960 1067//1067 1071//1071
f 960//960 1071//1071 961//961
f 961//961 1071//1071 1072//1072
f 961//961 1072//1072 1070//1070
f 1064//1064 1073//1073 1074//1074
f 1050//1050 1065//1065 923//923
f 923//923 1065//1065 1064//1064
f 923//923 1064//1064 1075//1075
f 1075//1075 1064//1064 1074//1074
f 1073//1073 1076//1076 1074//1074
f 1074//1074 1076//1076 1077//1077
f 1074//1074 1077//1077 1031//1031
f 1031//1031 1077//1077 1078//1078
f 1031//1031 1078//1078 1029//1029
f 916//916 1079//1079 1068//1068
f 1068//1068 1079//1079 1080//1080
f 1068//1068 1080//1080 1081//1081
f 1081//1081 1080//1080 1082//1082
f 1081//1081 1082//1082 1083//1083
f 1083//1083 1082//1082 1084//1084
f 1083//1083 1084//1084 1085//1085
f 1085//1085 1084//1084 1086//1086
f 1085//1085 1086//1086 1087//1087
f 1087//1087 1086//1086 1088//1088
f 1087//1087 1088//1088 1089//1089
f 1089//1089 1088//1088 1090//1090
f 1089//1089 1090//1090 1091//1091
f 1091//1091 1090//1090 1092//1092
f 1091//1091 1092//1092 1093//1093
f 1093//1093 1092//1092 1049//1049
f 1043//1043 1036//1036 967//967
f 967//967 1036//1036 1044//1044
f 967//967 1044//1044 966//966
f 966//966 1044//1044 1046//1046
f 966//966 1046//1046 965//965
f 965//965 1046//1046 1049//1049
f 965//965 1049//1049 1094//1094
f 1094//1094 1049//1049 1092//1092
f 1093//1093 1049//1049 1048//1048
f 1085//1085 1087//1087 1095//1095
f 1095//1095 1087//1087 1089//1089
f 1095//1095 1089//1089 1096//1096
f 1096//1096 1089//1089 1091//1091
f 531//531 538//538 1096//1096
f 1096//1096 538//538 537//537
f 1096//1096 537//537 1095//1095
f 1095//1095 537//537 536//536
f 1095//1095 536//536 1085//1085
f 1085//1085 536//536 535//535
f 1091//1091 1093//1093 1096//1096
f 1096//1096 1093//1093 1048//1048
f 1096//1096 1048//1048 531//531
f 531//531 1048//1048 532//532
f 563//563 562//562 1063//1063
f 1083//1083 1085//1085 1097//1097
f 1097//1097 1085//1085 535//535
f 1083//1083 1097//1097 1081//1081
f 1081//1081 1097//1097 1098//1098
f 1081//1081 1098//1098 1068//1068
f 1062//1062 1069//1069 1063//1063
f 1063//1063 1069//1069 1068//1068
f 1068//1068 1098//1098 1063//1063
f 1063//1063 1098//1098 564//564
f 1063//1063 564//564 563//563
f 535//535 546//546 1097//1097
f 1097//1097 546//546 547//547
f 1097//1097 547//547 1098//1098
f 1098//1098 547//547 565//565
f 1098//1098 565//565 564//564
f 1073//1073 1064//1064 1099//1099
f 1073//1073 1099//1099 1076//1076
f 1076//1076 1099//1099 1100//1100
f 1076//1076 1100//1100 1077//1077
f 1077//1077 1100//1100 1101//1101
f 1077//1077 1101//1101 1078//1078
f 1078//1078 1101//1101 1029//1029
f 1029//1029 1101//1101 1102//1102
f 1029//1029 1102//1102 1024//1024
f 542//542 976//976 1103//1103
f 1103//1103 976//976 1025//1025
f 1103//1103 1025//1025 1024//1024
f 1024//1024 1102//1102 1103//1103
f 1103//1103 1102//1102 543//543
f 1103//1103 543//543 542//542
f 1064//1064 566//566 1099//1099
f 1099//1099 566//566 553//553
f 1099//1099 553//553 1100//1100
f 1100//1100 553//553 552//552
f 1100//1100 552//552 1101//1101
f 1101//1101 552//552 551//551
f 1101//1101 551//551 1102//1102
f 1102//1102 551//551 550//550
f 1102//1102 550//550 543//543
f 138//138 143//143 1104//1104
f 1104//1104 143//143 125//125
f 1104//1104 125//125 1105//1105
f 1105//1105 125//125 127//127
f 1105//1105 127//127 1086//1086
f 138//138 1104//1104 55//55
f 55//55 1104//1104 1079//1079
f 55//55 1079//1079 916//916
f 1086//1086 1084//1084 1105//1105
f 1105//1105 1084//1084 1082//1082
f 1105//1105 1082//1082 1104//1104
f 1104//1104 1082//1082 1080//1080
f 1104//1104 1080//1080 1079//1079
f 1090//1090 1088//1088 1106//1106
f 1106//1106 1088//1088 1086//1086
f 1106//1106 1086//1086 127//127
f 232//232 233//233 1107//1107
f 1107//1107 233//233 106//106
f 1107//1107 106//106 101//101
f 1092//1092 1090//1090 1107//1107
f 1107//1107 1090//1090 1106//1106
f 1107//1107 1106//1106 232//232
f 232//232 1106//1106 127//127
f 101//101 965//965 1107//1107
f 1107//1107 965//965 1094//1094
f 1107//1107 1094//1094 1092//1092
f 691//691 693//693 1108//1108
f 992//992 985//985 1109//1109
f 1109//1109 985//985 1110//1110
f 1109//1109 1110//1110 1108//1108
f 1108//1108 1110//1110 690//690
f 1108//1108 690//690 691//691
f 664//664 684//684 1110//1110
f 1110//1110 684//684 683//683
f 683//683 682//682 1110//1110
f 1110//1110 682//682 681//681
f 1110//1110 681//681 680//680
f 680//680 679//679 1110//1110
f 1110//1110 679//679 678//678
f 1110//1110 678//678 690//690
f 690//690 678//678 677//677
f 690//690 677//677 676//676
f 670//670 669//669 690//690
f 676//676 675//675 690//690
f 690//690 675//675 674//674
f 690//690 674//674 673//673
f 673//673 672//672 690//690
f 690//690 672//672 671//671
f 690//690 671//671 670//670
f 669//669 668//668 690//690
f 690//690 668//668 667//667
f 690//690 667//667 666//666
f 665//665 664//664 987//987
f 987//987 664//664 1110//1110
f 987//987 1110//1110 986//986
f 986//986 1110//1110 985//985
f 993//993 988//988 1111//1111
f 695//695 694//694 790//790
f 208//208 1112//1112 1113//1113
f 1114//1114 1115//1115 1116//1116
f 957//957 1114//1114 958//958
f 958//958 1114//1114 1116//1116
f 958//958 1116//1116 953//953
f 953//953 1116//1116 1117//1117
f 953//953 1117//1117 954//954
f 947//947 945//945 1118//1118
f 1118//1118 945//945 944//944
f 1118//1118 944//944 1119//1119
f 212//212 211//211 1120//1120
f 1120//1120 211//211 951//951
f 1120//1120 951//951 949//949
f 1120//1120 1121//1121 212//212
f 212//212 1121//1121 1122//1122
f 212//212 1122//1122 205//205
f 1112//1112 208//208 1122//1122
f 1122//1122 208//208 206//206
f 1122//1122 206//206 205//205
f 202//202 204//204 1113//1113
f 1113//1113 204//204 209//209
f 1113//1113 209//209 208//208
f 198//198 199//199 1123//1123
f 1123//1123 199//199 201//201
f 1123//1123 201//201 1124//1124
f 1124//1124 201//201 202//202
f 1124//1124 202//202 1125//1125
f 1125//1125 202//202 1113//1113
f 775//775 791//791 1126//1126
f 1126//1126 791//791 793//793
f 198//198 1123//1123 194//194
f 194//194 1123//1123 1126//1126
f 194//194 1126//1126 195//195
f 195//195 1126//1126 793//793
f 195//195 793//793 197//197
f 1127//1127 790//790 844//844
f 1127//1127 716//716 715//715
f 1127//1127 715//715 790//790
f 790//790 715//715 696//696
f 790//790 696//696 695//695
f 1128//1128 712//712 1127//1127
f 1127//1127 712//712 717//717
f 1127//1127 717//717 716//716
f 1129//1129 1130//1130 711//711
f 711//711 710//710 1129//1129
f 1129//1129 710//710 714//714
f 1129//1129 714//714 1128//1128
f 1128//1128 714//714 713//713
f 1128//1128 713//713 712//712
f 708//708 707//707 1130//1130
f 1130//1130 707//707 706//706
f 1130//1130 706//706 711//711
f 1131//1131 1132//1132 700//700
f 700//700 704//704 1131//1131
f 1131//1131 704//704 705//705
f 1131//1131 705//705 709//709
f 1133//1133 703//703 1134//1134
f 1134//1134 703//703 702//702
f 1134//1134 702//702 1132//1132
f 1132//1132 702//702 701//701
f 1132//1132 701//701 700//700
f 692//692 686//686 1135//1135
f 1135//1135 686//686 697//697
f 1135//1135 697//697 1136//1136
f 1136//1136 697//697 698//698
f 1136//1136 698//698 1133//1133
f 1133//1133 698//698 699//699
f 1133//1133 699//699 703//703
f 992//992 1109//1109 990//990
f 990//990 1109//1109 1108//1108
f 990//990 1108//1108 1137//1137
f 1137//1137 1108//1108 693//693
f 1137//1137 693//693 1138//1138
f 1013//1013 1015//1015 1111//1111
f 1013//1013 1111//1111 1011//1011
f 1015//1015 1003//1003 1111//1111
f 1111//1111 1003//1003 1001//1001
f 1111//1111 1001//1001 999//999
f 999//999 997//997 1111//1111
f 1111//1111 997//997 995//995
f 1111//1111 995//995 993//993
f 957//957 1021//1021 1114//1114
f 1114//1114 1021//1021 1005//1005
f 1114//1114 1005//1005 1115//1115
f 1115//1115 1005//1005 1007//1007
f 1115//1115 1007//1007 1009//1009
f 1139//1139 1140//1140 1141//1141
f 1141//1141 1140//1140 1118//1118
f 1141//1141 1118//1118 1142//1142
f 1142//1142 1118//1118 1119//1119
f 1142//1142 1119//1119 1143//1143
f 1009//1009 1011//1011 1115//1115
f 1115//1115 1011//1011 1111//1111
f 1115//1115 1111//1111 1116//1116
f 1116//1116 1111//1111 1143//1143
f 1116//1116 1143//1143 1117//1117
f 1117//1117 1143//1143 1119//1119
f 1117//1117 1119//1119 954//954
f 954//954 1119//1119 944//944
f 776//776 775//775 1144//1144
f 1144//1144 775//775 1126//1126
f 1144//1144 1126//1126 1145//1145
f 1145//1145 1126//1126 1123//1123
f 947//947 1118//1118 949//949
f 949//949 1118//1118 1140//1140
f 949//949 1140//1140 1120//1120
f 1120//1120 1140//1140 1139//1139
f 1120//1120 1139//1139 1121//1121
f 1121//1121 1139//1139 1146//1146
f 1121//1121 1146//1146 1122//1122
f 1122//1122 1146//1146 1147//1147
f 1122//1122 1147//1147 1112//1112
f 1112//1112 1147//1147 1148//1148
f 1112//1112 1148//1148 1113//1113
f 1113//1113 1148//1148 1149//1149
f 1113//1113 1149//1149 1125//1125
f 1125//1125 1149//1149 1150//1150
f 1125//1125 1150//1150 1124//1124
f 1124//1124 1150//1150 1151//1151
f 1124//1124 1151//1151 1123//1123
f 1123//1123 1151//1151 1152//1152
f 1123//1123 1152//1152 1145//1145
f 709//709 708//708 1131//1131
f 1131//1131 708//708 1130//1130
f 1131//1131 1130//1130 1153//1153
f 844//844 1154//1154 1127//1127
f 1127//1127 1154//1154 1155//1155
f 1127//1127 1155//1155 1128//1128
f 1128//1128 1155//1155 1156//1156
f 1128//1128 1156//1156 1129//1129
f 1129//1129 1156//1156 1157//1157
f 1129//1129 1157//1157 1130//1130
f 1130//1130 1157//1157 1158//1158
f 1130//1130 1158//1158 1153//1153
f 693//693 692//692 1138//1138
f 1138//1138 692//692 1135//1135
f 1138//1138 1135//1135 1159//1159
f 1159//1159 1135//1135 1136//1136
f 1159//1159 1136//1136 1160//1160
f 1160//1160 1136//1136 1133//1133
f 1160//1160 1133//1133 1161//1161
f 1161//1161 1133//1133 1134//1134
f 1161//1161 1134//1134 1162//1162
f 1162//1162 1134//1134 1132//1132
f 1162//1162 1132//1132 1163//1163
f 1163//1163 1132//1132 1131//1131
f 1163//1163 1131//1131 1164//1164
f 1164//1164 1131//1131 1153//1153
f 988//988 990//990 1111//1111
f 1111//1111 990//990 1137//1137
f 1111//1111 1137//1137 1143//1143
f 1143//1143 1137//1137 1138//1138
f 1143//1143 1138//1138 1142//1142
f 1142//1142 1138//1138 1159//1159
f 1142//1142 1159//1159 1141//1141
f 1141//1141 1159//1159 1160//1160
f 1141//1141 1160//1160 1139//1139
f 1139//1139 1160//1160 1161//1161
f 1139//1139 1161//1161 1146//1146
f 1146//1146 1161//1161 1162//1162
f 1146//1146 1162//1162 1147//1147
f 1147//1147 1162//1162 1163//1163
f 1147//1147 1163//1163 1148//1148
f 1148//1148 1163//1163 1164//1164
f 1148//1148 1164//1164 1149//1149
f 1149//1149 1164//1164 1153//1153
f 1149//1149 1153//1153 1150//1150
f 1150//1150 1153//1153 1158//1158
f 1150//1150 1158//1158 1151//1151
f 1151//1151 1158//1158 1157//1157
f 1151//1151 1157//1157 1152//1152
f 1152//1152 1157//1157 1156//1156
f 1152//1152 1156//1156 1145//1145
f 1145//1145 1156//1156 1155//1155
f 1145//1145 1155//1155 1144//1144
f 1144//1144 1155//1155 1154//1154
f 1144//1144 1154//1154 776//776
f 776//776 1154//1154 844//844
f 31//31 1027//1027 32//32
f 32//32 1027//1027 1028//1028
f 32//32 1028//1028 24//24
f 24//24 1028//1028 662//662
f 24//24 662//662 25//25
f 1027//1027 31//31 73//73
f 1027//1027 73//73 1026//1026
f 1026//1026 73//73 75//75
f 1026//1026 75//75 1030//1030
f 1030//1030 75//75 1031//1031
f 1031//1031 75//75 77//77
f 1031//1031 77//77 1074//1074
f 1074//1074 77//77 1075//1075
f 1075//1075 77//77 68//68
f 1075//1075 68//68 923//923
f 875//875 573//573 522//522
f 517//517 874//874 511//511
f 511//511 874//874 875//875
f 511//511 875//875 512//512
f 512//512 875//875 522//522
f 874//874 1165//1165 879//879
f 879//879 1165//1165 876//876
f 876//876 1165//1165 1166//1166
f 876//876 1166//1166 877//877
f 877//877 1166//1166 1167//1167
f 877//877 1167//1167 1067//1067
f 1067//1067 1167//1167 1168//1168
f 1067//1067 1168//1168 1071//1071
f 1072//1072 1169//1169 1070//1070
f 1070//1070 1169//1169 1037//1037
f 520//520 1037//1037 524//524
f 524//524 1037//1037 1169//1169
f 524//524 1169//1169 525//525
f 874//874 517//517 1165//1165
f 1165//1165 517//517 518//518
f 1165//1165 518//518 1166//1166
f 1166//1166 518//518 526//526
f 1166//1166 526//526 1167//1167
f 1167//1167 526//526 525//525
f 1167//1167 525//525 1168//1168
f 1168//1168 525//525 1169//1169
f 1168//1168 1169//1169 1071//1071
f 1071//1071 1169//1169 1072//1072
f 7//7 6//6 375//375
f 375//375 6//6 391//391
f 377//377 383//383 22//22
f 22//22 383//383 23//23
f 412//412 1170//1170 1171//1171
f 412//412 1171//1171 427//427
f 427//427 1171//1171 1172//1172
f 427//427 1172//1172 428//428
f 428//428 1172//1172 1173//1173
f 428//428 1173//1173 430//430
f 430//430 1173//1173 1174//1174
f 430//430 1174//1174 405//405
f 405//405 1174//1174 1175//1175
f 405//405 1175//1175 402//402
f 402//402 1175//1175 1176//1176
f 402//402 1176//1176 394//394
f 394//394 1176//1176 4//4
f 394//394 4//4 2//2
f 411//411 410//410 1177//1177
f 1177//1177 410//410 1178//1178
f 1177//1177 1178//1178 1179//1179
f 1179//1179 1178//1178 1170//1170
f 1179//1179 1170//1170 413//413
f 413//413 1170//1170 412//412
f 450//450 1180//1180 1181//1181
f 450//450 1181//1181 448//448
f 448//448 1181//1181 1182//1182
f 448//448 1182//1182 446//446
f 446//446 1182//1182 1183//1183
f 446//446 1183//1183 444//444
f 444//444 1183//1183 1184//1184
f 444//444 1184//1184 472//472
f 472//472 1184//1184 1185//1185
f 472//472 1185//1185 470//470
f 470//470 1185//1185 1186//1186
f 470//470 1186//1186 468//468
f 468//468 1186//1186 1178//1178
f 468//468 1178//1178 410//410
f 1187//1187 1180//1180 1188//1188
f 1188//1188 1180//1180 450//450
f 1188//1188 450//450 452//452
f 1171//1171 1170//1170 5//5
f 1170//1170 1178//1178 1186//1186
f 1170//1170 1187//1187 5//5
f 1186//1186 1185//1185 1170//1170
f 1170//1170 1185//1185 1184//1184
f 1170//1170 1184//1184 1183//1183
f 1180//1180 1187//1187 1181//1181
f 1181//1181 1187//1187 1170//1170
f 1181//1181 1170//1170 1182//1182
f 1182//1182 1170//1170 1183//1183
f 4//4 1176//1176 5//5
f 5//5 1176//1176 1175//1175
f 5//5 1175//1175 1174//1174
f 1174//1174 1173//1173 5//5
f 5//5 1173//1173 1172//1172
f 5//5 1172//1172 1171//1171
f 433//433 397//397 507//507
f 507//507 1189//1189 433//433
f 433//433 1189//1189 1190//1190
f 433//433 1190//1190 434//434
f 507//507 491//491 1189//1189
f 1189//1189 491//491 1190//1190
f 1191//1191 1192//1192 1193//1193
f 1194//1194 500//500 513//513
f 1191//1191 1193//1193 1195//1195
f 1195//1195 1193//1193 1196//1196
f 1195//1195 1196//1196 1197//1197
f 1197//1197 1196//1196 1198//1198
f 1197//1197 1198//1198 1199//1199
f 513//513 1200//1200 1194//1194
f 1194//1194 1200//1200 1201//1201
f 1194//1194 1201//1201 1202//1202
f 1202//1202 1201//1201 1203//1203
f 1202//1202 1203//1203 1204//1204
f 1204//1204 1203//1203 1205//1205
f 1204//1204 1205//1205 1206//1206
f 1206//1206 1205//1205 1199//1199
f 1206//1206 1199//1199 1207//1207
f 1207//1207 1199//1199 1198//1198
f 1179//1179 413//413 404//404
f 1179//1179 404//404 1208//1208
f 1208//1208 404//404 403//403
f 1208//1208 403//403 1209//1209
f 1209//1209 403//403 409//409
f 1209//1209 409//409 1210//1210
f 1210//1210 409//409 411//411
f 1210//1210 411//411 1177//1177
f 1188//1188 452//452 454//454
f 1188//1188 454//454 1211//1211
f 1211//1211 454//454 421//421
f 1211//1211 421//421 1212//1212
f 1212//1212 421//421 419//419
f 1212//1212 419//419 1213//1213
f 1213//1213 419//419 1//1
f 1213//1213 1//1 3//3
f 1214//1214 483//483 416//416
f 416//416 420//420 1214//1214
f 1214//1214 420//420 456//456
f 1214//1214 456//456 1215//1215
f 434//434 1190//1190 1216//1216
f 434//434 1216//1216 435//435
f 435//435 1216//1216 1217//1217
f 435//435 1217//1217 466//466
f 466//466 1217//1217 1218//1218
f 466//466 1218//1218 467//467
f 467//467 1218//1218 1219//1219
f 467//467 1219//1219 469//469
f 469//469 1219//1219 1220//1220
f 469//469 1220//1220 471//471
f 471//471 1220//1220 1221//1221
f 471//471 1221//1221 473//473
f 473//473 1221//1221 1222//1222
f 473//473 1222//1222 474//474
f 474//474 1222//1222 1223//1223
f 474//474 1223//1223 445//445
f 445//445 1223//1223 1224//1224
f 445//445 1224//1224 447//447
f 447//447 1224//1224 1225//1225
f 447//447 1225//1225 449//449
f 449//449 1225//1225 1226//1226
f 449//449 1226//1226 451//451
f 451//451 1226//1226 1227//1227
f 451//451 1227//1227 453//453
f 453//453 1227//1227 1228//1228
f 453//453 1228//1228 455//455
f 455//455 1228//1228 1215//1215
f 455//455 1215//1215 456//456
f 1229//1229 1230//1230 1231//1231
f 1231//1231 1230//1230 1232//1232
f 1231//1231 1232//1232 1233//1233
f 1233//1233 1232//1232 1234//1234
f 1235//1235 1236//1236 1237//1237
f 1238//1238 1239//1239 1237//1237
f 1237//1237 1239//1239 1240//1240
f 1237//1237 1240//1240 1235//1235
f 1241//1241 1242//1242 1243//1243
f 1244//1244 1245//1245 1246//1246
f 1246//1246 1245//1245 1247//1247
f 1246//1246 1247//1247 1248//1248
f 1248//1248 1249//1249 1246//1246
f 1246//1246 1249//1249 1250//1250
f 1246//1246 1250//1250 1243//1243
f 1243//1243 1250//1250 1251//1251
f 1243//1243 1251//1251 1241//1241
f 1252//1252 1253//1253 1254//1254
f 1252//1252 1254//1254 1246//1246
f 1246//1246 1254//1254 1255//1255
f 1246//1246 1255//1255 1244//1244
f 1256//1256 1257//1257 1258//1258
f 1258//1258 1257//1257 1259//1259
f 1260//1260 1261//1261 1262//1262
f 1262//1262 1261//1261 1263//1263
f 1264//1264 1265//1265 1266//1266
f 1267//1267 1268//1268 1269//1269
f 1267//1267 1269//1269 1266//1266
f 1266//1266 1269//1269 1270//1270
f 1266//1266 1270//1270 1264//1264
f 1271//1271 1272//1272 1273//1273
f 1274//1274 1275//1275 1267//1267
f 1267//1267 1275//1275 1276//1276
f 1267//1267 1276//1276 1268//1268
f 1271//1271 1273//1273 1267//1267
f 1267//1267 1273//1273 1277//1277
f 1267//1267 1277//1277 1274//1274
f 1238//1238 1237//1237 1278//1278
f 1278//1278 1237//1237 1279//1279
f 1232//1232 1230//1230 1280//1280
f 1280//1280 1230//1230 1281//1281
f 1282//1282 1283//1283 1279//1279
f 1279//1279 1283//1283 1278//1278
f 1284//1284 1285//1285 1281//1281
f 1281//1281 1285//1285 1280//1280
f 1286//1286 1287//1287 1288//1288
f 1235//1235 1240//1240 1289//1289
f 1288//1288 1236//1236 1235//1235
f 1235//1235 1289//1289 1288//1288
f 1288//1288 1289//1289 1290//1290
f 1288//1288 1290//1290 1286//1286
f 1291//1291 1292//1292 1265//1265
f 1265//1265 1292//1292 1266//1266
f 1293//1293 1294//1294 1271//1271
f 1271//1271 1294//1294 1272//1272
f 1295//1295 1296//1296 1263//1263
f 1263//1263 1296//1296 1262//1262
f 1297//1297 1298//1298 1259//1259
f 1259//1259 1298//1298 1258//1258
f 1299//1299 1300//1300 1242//1242
f 1242//1242 1300//1300 1243//1243
f 1301//1301 1302//1302 1252//1252
f 1252//1252 1302//1302 1253//1253
f 1233//1233 1234//1234 1303//1303
f 1233//1233 1303//1303 1231//1231
f 1304//1304 1305//1305 1303//1303
f 1303//1303 1305//1305 1306//1306
f 1303//1303 1306//1306 1231//1231
f 1307//1307 1308//1308 1309//1309
f 1309//1309 1308//1308 1310//1310
f 1309//1309 1310//1310 1311//1311
f 1310//1310 1312//1312 1311//1311
f 1311//1311 1312//1312 1313//1313
f 1311//1311 1313//1313 1314//1314
f 497//497 496//496 1315//1315
f 1315//1315 496//496 1316//1316
f 1315//1315 1316//1316 1317//1317
f 1317//1317 1316//1316 1318//1318
f 1317//1317 1318//1318 1319//1319
f 1319//1319 1318//1318 1314//1314
f 1319//1319 1314//1314 1320//1320
f 1320//1320 1314//1314 1313//1313
f 496//496 495//495 1316//1316
f 1316//1316 495//495 1321//1321
f 1316//1316 1321//1321 1318//1318
f 1318//1318 1321//1321 1322//1322
f 1318//1318 1322//1322 1314//1314
f 1314//1314 1322//1322 1323//1323
f 1314//1314 1323//1323 1311//1311
f 1311//1311 1323//1323 1324//1324
f 1311//1311 1324//1324 1309//1309
f 1309//1309 1324//1324 1325//1325
f 1309//1309 1325//1325 1307//1307
f 1307//1307 1325//1325 1326//1326
f 1327//1327 502//502 501//501
f 501//501 1328//1328 1327//1327
f 1327//1327 1328//1328 1329//1329
f 1327//1327 1329//1329 1330//1330
f 1330//1330 1329//1329 1331//1331
f 1330//1330 1331//1331 1332//1332
f 1332//1332 1331//1331 1333//1333
f 1332//1332 1333//1333 1334//1334
f 1334//1334 1333//1333 1335//1335
f 1334//1334 1335//1335 1336//1336
f 1336//1336 1335//1335 1337//1337
f 1336//1336 1337//1337 1338//1338
f 1338//1338 1337//1337 1339//1339
f 1338//1338 1339//1339 1340//1340
f 1340//1340 1339//1339 1341//1341
f 1340//1340 1341//1341 1342//1342
f 1342//1342 1341//1341 1343//1343
f 1342//1342 1343//1343 1344//1344
f 1344//1344 1343//1343 1345//1345
f 1344//1344 1345//1345 1346//1346
f 1305//1305 1304//1304 1347//1347
f 1346//1346 1345//1345 1348//1348
f 1346//1346 1348//1348 1349//1349
f 1349//1349 1348//1348 1350//1350
f 1349//1349 1350//1350 1347//1347
f 1347//1347 1350//1350 1351//1351
f 1347//1347 1351//1351 1305//1305
f 1308//1308 1307//1307 1352//1352
f 1352//1352 1307//1307 1353//1353
f 1352//1352 1353//1353 1290//1290
f 1290//1290 1353//1353 1286//1286
f 1307//1307 1326//1326 1353//1353
f 1353//1353 1326//1326 1354//1354
f 1353//1353 1354//1354 1286//1286
f 1286//1286 1354//1354 1287//1287
f 1294//1294 1293//1293 1355//1355
f 1356//1356 1357//1357 1295//1295
f 1295//1295 1357//1357 1358//1358
f 1295//1295 1358//1358 1296//1296
f 1359//1359 1360//1360 1361//1361
f 1361//1361 1360//1360 1362//1362
f 1361//1361 1362//1362 1363//1363
f 1282//1282 1292//1292 1283//1283
f 1283//1283 1292//1292 1291//1291
f 1291//1291 1364//1364 1283//1283
f 1283//1283 1364//1364 1365//1365
f 1283//1283 1365//1365 1361//1361
f 1361//1361 1365//1365 1366//1366
f 1361//1361 1366//1366 1367//1367
f 1367//1367 1368//1368 1361//1361
f 1361//1361 1368//1368 1369//1369
f 1361//1361 1369//1369 1359//1359
f 1362//1362 1294//1294 1363//1363
f 1363//1363 1294//1294 1355//1355
f 1363//1363 1355//1355 1358//1358
f 1358//1358 1355//1355 1370//1370
f 1358//1358 1370//1370 1296//1296
f 1298//1298 1297//1297 1371//1371
f 1372//1372 1373//1373 1374//1374
f 1374//1374 1373//1373 1375//1375
f 1372//1372 1376//1376 1373//1373
f 1373//1373 1376//1376 1377//1377
f 1373//1373 1377//1377 1284//1284
f 1301//1301 1285//1285 1302//1302
f 1302//1302 1285//1285 1284//1284
f 1302//1302 1284//1284 1378//1378
f 1378//1378 1284//1284 1377//1377
f 1379//1379 1380//1380 1373//1373
f 1373//1373 1380//1380 1381//1381
f 1373//1373 1381//1381 1375//1375
f 1382//1382 1300//1300 1383//1383
f 1383//1383 1300//1300 1299//1299
f 1383//1383 1299//1299 1373//1373
f 1373//1373 1299//1299 1384//1384
f 1373//1373 1384//1384 1379//1379
f 1382//1382 1383//1383 1371//1371
f 1371//1371 1383//1383 1385//1385
f 1371//1371 1385//1385 1298//1298
f 1298//1298 1385//1385 1386//1386
f 1298//1298 1386//1386 1387//1387
f 1298//1298 1387//1387 1258//1258
f 1258//1258 1387//1387 1256//1256
f 1253//1253 1302//1302 1378//1378
f 1253//1253 1378//1378 1254//1254
f 1384//1384 1299//1299 1242//1242
f 1242//1242 1241//1241 1384//1384
f 1384//1384 1241//1241 1251//1251
f 1384//1384 1251//1251 1379//1379
f 1379//1379 1251//1251 1250//1250
f 1379//1379 1250//1250 1380//1380
f 1380//1380 1250//1250 1249//1249
f 1380//1380 1249//1249 1381//1381
f 1378//1378 1377//1377 1254//1254
f 1254//1254 1377//1377 1376//1376
f 1254//1254 1376//1376 1255//1255
f 1255//1255 1376//1376 1372//1372
f 1255//1255 1372//1372 1244//1244
f 1244//1244 1372//1372 1374//1374
f 1244//1244 1374//1374 1245//1245
f 1245//1245 1374//1374 1375//1375
f 1245//1245 1375//1375 1247//1247
f 1247//1247 1375//1375 1381//1381
f 1247//1247 1381//1381 1248//1248
f 1248//1248 1381//1381 1249//1249
f 1272//1272 1294//1294 1362//1362
f 1364//1364 1291//1291 1265//1265
f 1269//1269 1365//1365 1270//1270
f 1270//1270 1365//1365 1364//1364
f 1270//1270 1364//1364 1264//1264
f 1264//1264 1364//1364 1265//1265
f 1272//1272 1362//1362 1273//1273
f 1274//1274 1277//1277 1359//1359
f 1359//1359 1277//1277 1273//1273
f 1359//1359 1273//1273 1360//1360
f 1360//1360 1273//1273 1362//1362
f 1274//1274 1359//1359 1275//1275
f 1275//1275 1359//1359 1369//1369
f 1275//1275 1369//1369 1276//1276
f 1276//1276 1369//1369 1368//1368
f 1276//1276 1368//1368 1268//1268
f 1268//1268 1368//1368 1367//1367
f 1268//1268 1367//1367 1269//1269
f 1269//1269 1367//1367 1366//1366
f 1269//1269 1366//1366 1365//1365
f 1261//1261 1356//1356 1263//1263
f 1263//1263 1356//1356 1295//1295
f 1289//1289 1240//1240 1239//1239
f 1239//1239 1388//1388 1289//1289
f 1289//1289 1388//1388 1389//1389
f 1289//1289 1389//1389 1290//1290
f 1229//1229 1231//1231 1306//1306
f 1229//1229 1306//1306 1390//1390
f 1390//1390 1306//1306 1305//1305
f 1390//1390 1305//1305 1391//1391
f 498//498 497//497 1392//1392
f 1392//1392 497//497 1315//1315
f 1392//1392 1315//1315 1393//1393
f 1393//1393 1315//1315 1317//1317
f 1393//1393 1317//1317 1394//1394
f 1394//1394 1317//1317 1319//1319
f 1394//1394 1319//1319 1395//1395
f 1395//1395 1319//1319 1320//1320
f 1395//1395 1320//1320 1396//1396
f 1396//1396 1320//1320 1313//1313
f 1396//1396 1313//1313 1397//1397
f 1397//1397 1313//1313 1312//1312
f 1397//1397 1312//1312 1398//1398
f 1398//1398 1312//1312 1310//1310
f 1398//1398 1310//1310 1399//1399
f 1399//1399 1310//1310 1308//1308
f 1399//1399 1308//1308 1400//1400
f 501//501 500//500 1328//1328
f 1328//1328 500//500 1194//1194
f 1202//1202 1331//1331 1194//1194
f 1194//1194 1331//1331 1329//1329
f 1194//1194 1329//1329 1328//1328
f 1204//1204 1335//1335 1202//1202
f 1202//1202 1335//1335 1333//1333
f 1202//1202 1333//1333 1331//1331
f 1206//1206 1339//1339 1204//1204
f 1204//1204 1339//1339 1337//1337
f 1204//1204 1337//1337 1335//1335
f 1198//1198 1345//1345 1207//1207
f 1207//1207 1345//1345 1343//1343
f 1207//1207 1343//1343 1206//1206
f 1206//1206 1343//1343 1341//1341
f 1206//1206 1341//1341 1339//1339
f 1305//1305 1351//1351 1391//1391
f 1391//1391 1351//1351 1401//1401
f 1345//1345 1198//1198 1348//1348
f 1348//1348 1198//1198 1401//1401
f 1348//1348 1401//1401 1350//1350
f 1350//1350 1401//1401 1351//1351
f 1400//1400 1308//1308 1352//1352
f 1400//1400 1352//1352 1402//1402
f 1402//1402 1352//1352 1290//1290
f 1402//1402 1290//1290 1389//1389
f 1215//1215 480//480 1214//1214
f 1214//1214 480//480 483//483
f 1216//1216 1190//1190 1403//1403
f 1222//1222 1404//1404 1223//1223
f 1223//1223 1404//1404 1405//1405
f 1223//1223 1405//1405 1224//1224
f 1224//1224 1405//1405 1406//1406
f 1224//1224 1406//1406 1225//1225
f 1225//1225 1406//1406 1407//1407
f 1225//1225 1407//1407 1226//1226
f 1226//1226 1407//1407 1408//1408
f 1226//1226 1408//1408 1227//1227
f 1227//1227 1408//1408 1409//1409
f 1227//1227 1409//1409 1228//1228
f 1228//1228 1409//1409 1410//1410
f 1228//1228 1410//1410 1215//1215
f 1216//1216 1403//1403 1217//1217
f 1217//1217 1403//1403 1411//1411
f 1217//1217 1411//1411 1218//1218
f 1218//1218 1411//1411 1412//1412
f 1218//1218 1412//1412 1219//1219
f 1219//1219 1412//1412 1413//1413
f 1219//1219 1413//1413 1220//1220
f 1220//1220 1413//1413 1414//1414
f 1220//1220 1414//1414 1221//1221
f 1221//1221 1414//1414 1415//1415
f 1221//1221 1415//1415 1222//1222
f 1222//1222 1415//1415 1416//1416
f 1222//1222 1416//1416 1404//1404
f 1410//1410 1417//1417 1215//1215
f 1215//1215 1417//1417 481//481
f 1215//1215 481//481 480//480
f 1410//1410 1409//1409 1417//1417
f 1417//1417 1409//1409 1418//1418
f 1418//1418 1409//1409 1408//1408
f 1418//1418 1408//1408 1419//1419
f 1419//1419 1408//1408 1407//1407
f 1419//1419 1407//1407 1420//1420
f 1420//1420 1407//1407 1406//1406
f 1420//1420 1406//1406 1421//1421
f 1421//1421 1406//1406 1405//1405
f 1421//1421 1405//1405 1422//1422
f 1422//1422 1405//1405 1404//1404
f 1422//1422 1404//1404 1423//1423
f 1423//1423 1404//1404 1416//1416
f 1423//1423 1416//1416 1424//1424
f 1424//1424 1416//1416 1415//1415
f 1424//1424 1415//1415 1425//1425
f 1425//1425 1415//1415 1414//1414
f 1425//1425 1414//1414 1426//1426
f 1426//1426 1414//1414 1413//1413
f 1426//1426 1413//1413 1427//1427
f 1427//1427 1413//1413 1412//1412
f 1427//1427 1412//1412 1428//1428
f 1428//1428 1412//1412 1411//1411
f 1428//1428 1411//1411 1429//1429
f 1411//1411 1403//1403 1429//1429
f 1429//1429 1403//1403 1430//1430
f 1430//1430 1403//1403 489//489
f 489//489 1403//1403 1190//1190
f 489//489 1190//1190 491//491
f 513//513 514//514 1200//1200
f 1200//1200 514//514 1431//1431
f 1200//1200 1431//1431 1201//1201
f 1201//1201 1431//1431 1203//1203
f 1432//1432 1433//1433 1199//1199
f 1199//1199 1433//1433 1434//1434
f 1432//1432 1199//1199 1431//1431
f 1431//1431 1199//1199 1205//1205
f 1431//1431 1205//1205 1203//1203
f 1434//1434 1435//1435 1199//1199
f 1199//1199 1435//1435 1436//1436
f 1199//1199 1436//1436 1437//1437
f 1195//1195 1197//1197 1191//1191
f 1191//1191 1197//1197 1199//1199
f 1191//1191 1199//1199 1438//1438
f 1438//1438 1199//1199 1437//1437
f 1438//1438 1437//1437 1439//1439
f 1440//1440 1400//1400 1402//1402
f 1281//1281 1230//1230 1229//1229
f 1239//1239 1238//1238 1278//1278
f 1386//1386 1385//1385 1357//1357
f 1357//1357 1385//1385 1383//1383
f 1357//1357 1383//1383 1373//1373
f 1278//1278 1283//1283 1239//1239
f 1239//1239 1283//1283 1361//1361
f 1239//1239 1361//1361 1363//1363
f 1198//1198 1196//1196 1401//1401
f 1401//1401 1196//1196 1193//1193
f 1401//1401 1193//1193 1391//1391
f 1391//1391 1193//1193 1192//1192
f 1390//1390 1391//1391 1388//1388
f 1388//1388 1391//1391 1192//1192
f 1388//1388 1192//1192 1389//1389
f 1389//1389 1192//1192 1441//1441
f 1389//1389 1441//1441 1402//1402
f 1402//1402 1441//1441 1442//1442
f 1402//1402 1442//1442 1440//1440
f 1373//1373 1284//1284 1357//1357
f 1357//1357 1284//1284 1281//1281
f 1357//1357 1281//1281 1358//1358
f 1358//1358 1281//1281 1229//1229
f 1358//1358 1229//1229 1363//1363
f 1363//1363 1229//1229 1390//1390
f 1363//1363 1390//1390 1239//1239
f 1239//1239 1390//1390 1388//1388
f 1438//1438 1441//1441 1191//1191
f 1191//1191 1441//1441 1192//1192
f 1431//1431 514//514 498//498
f 498//498 1392//1392 1431//1431
f 1431//1431 1392//1392 1393//1393
f 1431//1431 1393//1393 1432//1432
f 1432//1432 1393//1393 1394//1394
f 1432//1432 1394//1394 1433//1433
f 1433//1433 1394//1394 1395//1395
f 1433//1433 1395//1395 1434//1434
f 1434//1434 1395//1395 1435//1435
f 1395//1395 1396//1396 1435//1435
f 1435//1435 1396//1396 1397//1397
f 1435//1435 1397//1397 1436//1436
f 1436//1436 1397//1397 1398//1398
f 1398//1398 1399//1399 1436//1436
f 1436//1436 1399//1399 1400//1400
f 1436//1436 1400//1400 1437//1437
f 1400//1400 1440//1440 1437//1437
f 1437//1437 1440//1440 1442//1442
f 1437//1437 1442//1442 1439//1439
f 1439//1439 1442//1442 1441//1441
f 1439//1439 1441//1441 1438//1438
f 1303//1303 1355//1355 1293//1293
f 1257//1257 1260//1260 1259//1259
f 1259//1259 1260//1260 1262//1262
f 1234//1234 1232//1232 1280//1280
f 1262//1262 1252//1252 1246//1246
f 1280//1280 1262//1262 1296//1296
f 1246//1246 1243//1243 1262//1262
f 1262//1262 1243//1243 1300//1300
f 1262//1262 1300//1300 1382//1382
f 1280//1280 1285//1285 1262//1262
f 1262//1262 1285//1285 1301//1301
f 1262//1262 1301//1301 1252//1252
f 1236//1236 1304//1304 1303//1303
f 1382//1382 1371//1371 1262//1262
f 1262//1262 1371//1371 1297//1297
f 1262//1262 1297//1297 1259//1259
f 1303//1303 1234//1234 1355//1355
f 1355//1355 1234//1234 1280//1280
f 1355//1355 1280//1280 1370//1370
f 1370//1370 1280//1280 1296//1296
f 1293//1293 1271//1271 1303//1303
f 1303//1303 1271//1271 1267//1267
f 1303//1303 1267//1267 1236//1236
f 1236//1236 1267//1267 1266//1266
f 1236//1236 1266//1266 1292//1292
f 1349//1349 1427//1427 1346//1346
f 1346//1346 1427//1427 1428//1428
f 1324//1324 1323//1323 1417//1417
f 1417//1417 1323//1323 1322//1322
f 1417//1417 1322//1322 481//481
f 481//481 1322//1322 1321//1321
f 481//481 1321//1321 495//495
f 1292//1292 1282//1282 1236//1236
f 1236//1236 1282//1282 1279//1279
f 1236//1236 1279//1279 1237//1237
f 1324//1324 1417//1417 1325//1325
f 1325//1325 1417//1417 1418//1418
f 1325//1325 1418//1418 1326//1326
f 1326//1326 1418//1418 1419//1419
f 1326//1326 1419//1419 1354//1354
f 1354//1354 1419//1419 1420//1420
f 1354//1354 1420//1420 1287//1287
f 1287//1287 1420//1420 1421//1421
f 1287//1287 1421//1421 1288//1288
f 1288//1288 1421//1421 1422//1422
f 1288//1288 1422//1422 1236//1236
f 1236//1236 1422//1422 1423//1423
f 1236//1236 1423//1423 1424//1424
f 1349//1349 1347//1347 1427//1427
f 1427//1427 1347//1347 1304//1304
f 1427//1427 1304//1304 1426//1426
f 1426//1426 1304//1304 1236//1236
f 1426//1426 1236//1236 1425//1425
f 1425//1425 1236//1236 1424//1424
f 489//489 502//502 1327//1327
f 1336//1336 1338//1338 1430//1430
f 1430//1430 1338//1338 1340//1340
f 1430//1430 1340//1340 1429//1429
f 1429//1429 1340//1340 1342//1342
f 1429//1429 1342//1342 1428//1428
f 1428//1428 1342//1342 1344//1344
f 1428//1428 1344//1344 1346//1346
f 1327//1327 1330//1330 489//489
f 489//489 1330//1330 1332//1332
f 489//489 1332//1332 1430//1430
f 1430//1430 1332//1332 1334//1334
f 1430//1430 1334//1334 1336//1336
f 1211//1211 1212//1212 1188//1188
f 1188//1188 1212//1212 1213//1213
f 1188//1188 1213//1213 3//3
f 5//5 1187//1187 3//3
f 3//3 1187//1187 1188//1188
f 1177//1177 1179//1179 1210//1210
f 1210//1210 1179//1179 1208//1208
f 1210//1210 1208//1208 1209//1209
f 1256//1256 1387//1387 1386//1386
f 1357//1357 1356//1356 1261//1261
f 1260//1260 1257//1257 1261//1261
f 1261//1261 1257//1257 1256//1256
f 1261//1261 1256//1256 1357//1357
f 1357//1357 1256//1256 1386//1386
f 1443//1443 1444//1444 1445//1445
f 1445//1445 1444//1444 1446//1446
f 1445//1445 1446//1446 1447//1447
f 1447//1447 1446//1446 1448//1448
f 1448//1448 1446//1446 1449//1449
f 1448//1448 1449//1449 1450//1450
f 1450//1450 1449//1449 1451//1451
f 1451//1451 1449//1449 1452//1452
f 1451//1451 1452//1452 1453//1453
f 1453//1453 1452//1452 1454//1454
f 1453//1453 1454//1454 1455//1455
f 1455//1455 1454//1454 1456//1456
f 1455//1455 1456//1456 1457//1457
f 1457//1457 1456//1456 1458//1458
f 1458//1458 1456//1456 1459//1459
f 1458//1458 1459//1459 1460//1460
f 1461//1461 1462//1462 1463//1463
f 1464//1464 1465//1465 1466//1466
f 1466//1466 1465//1465 1467//1467
f 1466//1466 1467//1467 1463//1463
f 1463//1463 1467//1467 1468//1468
f 1463//1463 1468//1468 1461//1461
f 1466//1466 1469//1469 1464//1464
f 1464//1464 1469//1469 1470//1470
f 1464//1464 1470//1470 1471//1471
f 1471//1471 1470//1470 1472//1472
f 1471//1471 1472//1472 1473//1473
f 1473//1473 1472//1472 1474//1474
f 1473//1473 1474//1474 1475//1475
f 1476//1476 1477//1477 1478//1478
f 1479//1479 1480//1480 1476//1476
f 1476//1476 1480//1480 1481//1481
f 1476//1476 1481//1481 1477//1477
f 1482//1482 1483//1483 1484//1484
f 1482//1482 1484//1484 1485//1485
f 1484//1484 1486//1486 1485//1485
f 1485//1485 1486//1486 1487//1487
f 1485//1485 1487//1487 1488//1488
f 1488//1488 1487//1487 1489//1489
f 1488//1488 1489//1489 1478//1478
f 1478//1478 1489//1489 1490//1490
f 1478//1478 1490//1490 1476//1476
f 1483//1483 1482//1482 1491//1491
f 1491//1491 1482//1482 1492//1492
f 1491//1491 1492//1492 1493//1493
f 1493//1493 1492//1492 1494//1494
f 1493//1493 1494//1494 1495//1495
f 1494//1494 1496//1496 1495//1495
f 1495//1495 1496//1496 1497//1497
f 1495//1495 1497//1497 1498//1498
f 1499//1499 1500//1500 1501//1501
f 1501//1501 1500//1500 1502//1502
f 1501//1501 1502//1502 1503//1503
f 1504//1504 1505//1505 1506//1506
f 1506//1506 1505//1505 1507//1507
f 1506//1506 1507//1507 1508//1508
f 1509//1509 1510//1510 1506//1506
f 1506//1506 1510//1510 1511//1511
f 1506//1506 1511//1511 1504//1504
f 1512//1512 1513//1513 1506//1506
f 1506//1506 1513//1513 1514//1514
f 1506//1506 1514//1514 1509//1509
f 1512//1512 1506//1506 1515//1515
f 1515//1515 1506//1506 1516//1516
f 1515//1515 1516//1516 1517//1517
f 1518//1518 1519//1519 1520//1520
f 1508//1508 1521//1521 1506//1506
f 1506//1506 1521//1521 1519//1519
f 1519//1519 1521//1521 1522//1522
f 1519//1519 1522//1522 1520//1520
f 1518//1518 1520//1520 1523//1523
f 1518//1518 1523//1523 1524//1524
f 1524//1524 1523//1523 1525//1525
f 1524//1524 1525//1525 1526//1526
f 1526//1526 1525//1525 1527//1527
f 1526//1526 1527//1527 1528//1528
f 1528//1528 1527//1527 1529//1529
f 1528//1528 1529//1529 1530//1530
f 1530//1530 1529//1529 1531//1531
f 1530//1530 1531//1531 1532//1532
f 1532//1532 1531//1531 1533//1533
f 1532//1532 1533//1533 1534//1534
f 1534//1534 1533//1533 1535//1535
f 1534//1534 1535//1535 1536//1536
f 1537//1537 1538//1538 1539//1539
f 1540//1540 1541//1541 1542//1542
f 1542//1542 1541//1541 1543//1543
f 1542//1542 1543//1543 1539//1539
f 1539//1539 1543//1543 1544//1544
f 1539//1539 1544//1544 1537//1537
f 1545//1545 1546//1546 1540//1540
f 1540//1540 1546//1546 1547//1547
f 1540//1540 1547//1547 1541//1541
f 1548//1548 1549//1549 1545//1545
f 1545//1545 1549//1549 1550//1550
f 1545//1545 1550//1550 1546//1546
f 1551//1551 1552//1552 1548//1548
f 1548//1548 1552//1552 1553//1553
f 1548//1548 1553//1553 1549//1549
f 1535//1535 1554//1554 1536//1536
f 1536//1536 1554//1554 1555//1555
f 1536//1536 1555//1555 1551//1551
f 1551//1551 1555//1555 1556//1556
f 1551//1551 1556//1556 1552//1552
f 1557//1557 1558//1558 1559//1559
f 1559//1559 1558//1558 1560//1560
f 1538//1538 1537//1537 1561//1561
f 1538//1538 1561//1561 1560//1560
f 1560//1560 1561//1561 1562//1562
f 1560//1560 1562//1562 1559//1559
f 1502//1502 1563//1563 1503//1503
f 1503//1503 1563//1563 1564//1564
f 1503//1503 1564//1564 1565//1565
f 1565//1565 1564//1564 1566//1566
f 1565//1565 1566//1566 1567//1567
f 1567//1567 1566//1566 1568//1568
f 1567//1567 1568//1568 1557//1557
f 1557//1557 1568//1568 1569//1569
f 1557//1557 1569//1569 1558//1558
f 1517//1517 1516//1516 1570//1570
f 1570//1570 1516//1516 1571//1571
f 1570//1570 1571//1571 1572//1572
f 1572//1572 1571//1571 1573//1573
f 1573//1573 1571//1571 1574//1574
f 1573//1573 1574//1574 1575//1575
f 1575//1575 1574//1574 1498//1498
f 1575//1575 1498//1498 1497//1497
f 1576//1576 1577//1577 1578//1578
f 1578//1578 1577//1577 1579//1579
f 1576//1576 1578//1578 1580//1580
f 1580//1580 1578//1578 1581//1581
f 1580//1580 1581//1581 1582//1582
f 1582//1582 1581//1581 1583//1583
f 1582//1582 1583//1583 1584//1584
f 1584//1584 1583//1583 1585//1585
f 1585//1585 1583//1583 1586//1586
f 1585//1585 1586//1586 1587//1587
f 1587//1587 1586//1586 1588//1588
f 1587//1587 1588//1588 1589//1589
f 1589//1589 1588//1588 1590//1590
f 1589//1589 1590//1590 1591//1591
f 1591//1591 1590//1590 1592//1592
f 1591//1591 1592//1592 1593//1593
f 1594//1594 1595//1595 1596//1596
f 1596//1596 1595//1595 1500//1500
f 1596//1596 1500//1500 1499//1499
f 1597//1597 1598//1598 1599//1599
f 1599//1599 1598//1598 1600//1600
f 1599//1599 1600//1600 1601//1601
f 1601//1601 1600//1600 1602//1602
f 1601//1601 1602//1602 1603//1603
f 1603//1603 1602//1602 1604//1604
f 1603//1603 1604//1604 1605//1605
f 1605//1605 1604//1604 1606//1606
f 1605//1605 1606//1606 1607//1607
f 1599//1599 1608//1608 1597//1597
f 1597//1597 1608//1608 1609//1609
f 1597//1597 1609//1609 1610//1610
f 1610//1610 1609//1609 1611//1611
f 1610//1610 1611//1611 1612//1612
f 1612//1612 1611//1611 1613//1613
f 1614//1614 1615//1615 1616//1616
f 1611//1611 1617//1617 1613//1613
f 1613//1613 1617//1617 1618//1618
f 1613//1613 1618//1618 1619//1619
f 1619//1619 1618//1618 1620//1620
f 1619//1619 1620//1620 1621//1621
f 1621//1621 1620//1620 1622//1622
f 1621//1621 1622//1622 1623//1623
f 1623//1623 1622//1622 1624//1624
f 1623//1623 1624//1624 1625//1625
f 1625//1625 1624//1624 1616//1616
f 1625//1625 1616//1616 1626//1626
f 1626//1626 1616//1616 1615//1615
f 1627//1627 1628//1628 1629//1629
f 1629//1629 1628//1628 1630//1630
f 1629//1629 1630//1630 1616//1616
f 1616//1616 1630//1630 1614//1614
f 1631//1631 1632//1632 1633//1633
f 1633//1633 1632//1632 1634//1634
f 1634//1634 1635//1635 1633//1633
f 1633//1633 1635//1635 1636//1636
f 1633//1633 1636//1636 1637//1637
f 1637//1637 1636//1636 1638//1638
f 1637//1637 1638//1638 1639//1639
f 1639//1639 1638//1638 1640//1640
f 1639//1639 1640//1640 1627//1627
f 1627//1627 1640//1640 1641//1641
f 1627//1627 1641//1641 1628//1628
f 1642//1642 1643//1643 1631//1631
f 1631//1631 1643//1643 1644//1644
f 1631//1631 1644//1644 1632//1632
f 1642//1642 1645//1645 1643//1643
f 1643//1643 1645//1645 1646//1646
f 1643//1643 1646//1646 1647//1647
f 1647//1647 1646//1646 1648//1648
f 1647//1647 1648//1648 1649//1649
f 1649//1649 1648//1648 1593//1593
f 1649//1649 1593//1593 1592//1592
f 1606//1606 1650//1650 1607//1607
f 1607//1607 1650//1650 1651//1651
f 1607//1607 1651//1651 1652//1652
f 1652//1652 1651//1651 1653//1653
f 1594//1594 1654//1654 1595//1595
f 1595//1595 1654//1654 1655//1655
f 1595//1595 1655//1655 1653//1653
f 1653//1653 1655//1655 1656//1656
f 1653//1653 1656//1656 1652//1652
f 1500//1500 1657//1657 1502//1502
f 1502//1502 1657//1657 1658//1658
f 1502//1502 1658//1658 1563//1563
f 1563//1563 1658//1658 1659//1659
f 1563//1563 1659//1659 1564//1564
f 1564//1564 1659//1659 1566//1566
f 1566//1566 1659//1659 1660//1660
f 1566//1566 1660//1660 1568//1568
f 1568//1568 1660//1660 1661//1661
f 1568//1568 1661//1661 1569//1569
f 1662//1662 1560//1560 1661//1661
f 1661//1661 1560//1560 1558//1558
f 1661//1661 1558//1558 1569//1569
f 1540//1540 1542//1542 1663//1663
f 1542//1542 1539//1539 1663//1663
f 1663//1663 1539//1539 1662//1662
f 1662//1662 1539//1539 1538//1538
f 1662//1662 1538//1538 1560//1560
f 1551//1551 1548//1548 1663//1663
f 1663//1663 1548//1548 1545//1545
f 1663//1663 1545//1545 1540//1540
f 1528//1528 1664//1664 1665//1665
f 1528//1528 1530//1530 1664//1664
f 1664//1664 1530//1530 1532//1532
f 1664//1664 1532//1532 1666//1666
f 1666//1666 1532//1532 1534//1534
f 1666//1666 1534//1534 1663//1663
f 1663//1663 1534//1534 1536//1536
f 1663//1663 1536//1536 1551//1551
f 1498//1498 1574//1574 1667//1667
f 1667//1667 1574//1574 1668//1668
f 1668//1668 1574//1574 1571//1571
f 1668//1668 1571//1571 1669//1669
f 1669//1669 1571//1571 1516//1516
f 1669//1669 1516//1516 1670//1670
f 1670//1670 1516//1516 1506//1506
f 1670//1670 1506//1506 1671//1671
f 1671//1671 1506//1506 1519//1519
f 1671//1671 1519//1519 1665//1665
f 1665//1665 1519//1519 1518//1518
f 1518//1518 1524//1524 1665//1665
f 1665//1665 1524//1524 1526//1526
f 1665//1665 1526//1526 1528//1528
f 1672//1672 1673//1673 1491//1491
f 1491//1491 1673//1673 1483//1483
f 1667//1667 1674//1674 1498//1498
f 1498//1498 1674//1674 1675//1675
f 1498//1498 1675//1675 1495//1495
f 1495//1495 1675//1675 1672//1672
f 1495//1495 1672//1672 1493//1493
f 1493//1493 1672//1672 1491//1491
f 1489//1489 1676//1676 1677//1677
f 1489//1489 1487//1487 1676//1676
f 1676//1676 1487//1487 1486//1486
f 1676//1676 1486//1486 1673//1673
f 1673//1673 1486//1486 1484//1484
f 1673//1673 1484//1484 1483//1483
f 1678//1678 1479//1479 1679//1679
f 1679//1679 1479//1479 1476//1476
f 1679//1679 1476//1476 1677//1677
f 1677//1677 1476//1476 1490//1490
f 1677//1677 1490//1490 1489//1489
f 1680//1680 1681//1681 1682//1682
f 1499//1499 1501//1501 1681//1681
f 1681//1681 1501//1501 1683//1683
f 1681//1681 1683//1683 1682//1682
f 1684//1684 1685//1685 1686//1686
f 1686//1686 1685//1685 1687//1687
f 1686//1686 1687//1687 1688//1688
f 1684//1684 1680//1680 1685//1685
f 1685//1685 1680//1680 1682//1682
f 1685//1685 1682//1682 1687//1687
f 1687//1687 1682//1682 1689//1689
f 1501//1501 1503//1503 1683//1683
f 1683//1683 1503//1503 1690//1690
f 1683//1683 1690//1690 1682//1682
f 1682//1682 1690//1690 1691//1691
f 1682//1682 1691//1691 1689//1689
f 1575//1575 1497//1497 1692//1692
f 1693//1693 1694//1694 1695//1695
f 1696//1696 1697//1697 1698//1698
f 1699//1699 1700//1700 1701//1701
f 1702//1702 1703//1703 1704//1704
f 1565//1565 1567//1567 1705//1705
f 1503//1503 1565//1565 1690//1690
f 1690//1690 1565//1565 1705//1705
f 1690//1690 1705//1705 1691//1691
f 1691//1691 1705//1705 1689//1689
f 1689//1689 1705//1705 1687//1687
f 1687//1687 1705//1705 1706//1706
f 1687//1687 1706//1706 1688//1688
f 1707//1707 1708//1708 1705//1705
f 1705//1705 1708//1708 1709//1709
f 1705//1705 1709//1709 1706//1706
f 1710//1710 1711//1711 1712//1712
f 1712//1712 1711//1711 1713//1713
f 1713//1713 1711//1711 1714//1714
f 1714//1714 1711//1711 1715//1715
f 1714//1714 1715//1715 1716//1716
f 1716//1716 1715//1715 1717//1717
f 1716//1716 1717//1717 1718//1718
f 1718//1718 1717//1717 1719//1719
f 1718//1718 1719//1719 1720//1720
f 1720//1720 1719//1719 1721//1721
f 1720//1720 1721//1721 1722//1722
f 1722//1722 1721//1721 1723//1723
f 1722//1722 1723//1723 1724//1724
f 1724//1724 1723//1723 1725//1725
f 1724//1724 1725//1725 1726//1726
f 1726//1726 1725//1725 1727//1727
f 1727//1727 1725//1725 1728//1728
f 1727//1727 1728//1728 1729//1729
f 1729//1729 1728//1728 1730//1730
f 1729//1729 1730//1730 1704//1704
f 1731//1731 1732//1732 1702//1702
f 1702//1702 1732//1732 1733//1733
f 1702//1702 1733//1733 1703//1703
f 1699//1699 1701//1701 1734//1734
f 1734//1734 1701//1701 1735//1735
f 1734//1734 1735//1735 1736//1736
f 1736//1736 1735//1735 1475//1475
f 1475//1475 1735//1735 1695//1695
f 1475//1475 1695//1695 1473//1473
f 1467//1467 1465//1465 1694//1694
f 1694//1694 1465//1465 1464//1464
f 1694//1694 1464//1464 1695//1695
f 1695//1695 1464//1464 1471//1471
f 1695//1695 1471//1471 1473//1473
f 1693//1693 1696//1696 1694//1694
f 1694//1694 1696//1696 1698//1698
f 1694//1694 1698//1698 1467//1467
f 1467//1467 1698//1698 1737//1737
f 1467//1467 1737//1737 1468//1468
f 1468//1468 1737//1737 1461//1461
f 1692//1692 1738//1738 1739//1739
f 1739//1739 1738//1738 1740//1740
f 1740//1740 1738//1738 1741//1741
f 1740//1740 1741//1741 1742//1742
f 1743//1743 1573//1573 1575//1575
f 1573//1573 1743//1743 1572//1572
f 1572//1572 1743//1743 1744//1744
f 1572//1572 1744//1744 1570//1570
f 1570//1570 1744//1744 1517//1517
f 1517//1517 1744//1744 1745//1745
f 1517//1517 1745//1745 1515//1515
f 1515//1515 1745//1745 1512//1512
f 1512//1512 1745//1745 1746//1746
f 1512//1512 1746//1746 1513//1513
f 1520//1520 1522//1522 1747//1747
f 1747//1747 1522//1522 1521//1521
f 1504//1504 1511//1511 1747//1747
f 1504//1504 1747//1747 1505//1505
f 1747//1747 1508//1508 1507//1507
f 1747//1747 1507//1507 1505//1505
f 1747//1747 1521//1521 1508//1508
f 1511//1511 1510//1510 1747//1747
f 1747//1747 1510//1510 1509//1509
f 1747//1747 1509//1509 1746//1746
f 1746//1746 1509//1509 1514//1514
f 1746//1746 1514//1514 1513//1513
f 1748//1748 1529//1529 1749//1749
f 1749//1749 1529//1529 1527//1527
f 1749//1749 1527//1527 1750//1750
f 1750//1750 1527//1527 1525//1525
f 1750//1750 1525//1525 1751//1751
f 1751//1751 1525//1525 1523//1523
f 1751//1751 1523//1523 1752//1752
f 1753//1753 1533//1533 1748//1748
f 1748//1748 1533//1533 1531//1531
f 1748//1748 1531//1531 1529//1529
f 1754//1754 1555//1555 1755//1755
f 1755//1755 1555//1555 1554//1554
f 1755//1755 1554//1554 1753//1753
f 1753//1753 1554//1554 1535//1535
f 1753//1753 1535//1535 1533//1533
f 1550//1550 1549//1549 1707//1707
f 1541//1541 1547//1547 1707//1707
f 1707//1707 1547//1547 1546//1546
f 1707//1707 1546//1546 1550//1550
f 1537//1537 1544//1544 1707//1707
f 1707//1707 1544//1544 1543//1543
f 1707//1707 1543//1543 1541//1541
f 1561//1561 1537//1537 1707//1707
f 1549//1549 1553//1553 1707//1707
f 1707//1707 1553//1553 1552//1552
f 1707//1707 1552//1552 1754//1754
f 1754//1754 1552//1552 1556//1556
f 1754//1754 1556//1556 1555//1555
f 1567//1567 1557//1557 1705//1705
f 1705//1705 1557//1557 1559//1559
f 1705//1705 1559//1559 1707//1707
f 1707//1707 1559//1559 1562//1562
f 1707//1707 1562//1562 1561//1561
f 1575//1575 1692//1692 1743//1743
f 1743//1743 1692//1692 1739//1739
f 1743//1743 1739//1739 1744//1744
f 1744//1744 1739//1739 1756//1756
f 1744//1744 1756//1756 1745//1745
f 1745//1745 1756//1756 1757//1757
f 1745//1745 1757//1757 1746//1746
f 1746//1746 1757//1757 1758//1758
f 1746//1746 1758//1758 1747//1747
f 1712//1712 1708//1708 1710//1710
f 1710//1710 1708//1708 1707//1707
f 1710//1710 1707//1707 1711//1711
f 1711//1711 1707//1707 1754//1754
f 1711//1711 1754//1754 1715//1715
f 1715//1715 1754//1754 1755//1755
f 1715//1715 1755//1755 1717//1717
f 1717//1717 1755//1755 1753//1753
f 1717//1717 1753//1753 1719//1719
f 1719//1719 1753//1753 1748//1748
f 1719//1719 1748//1748 1721//1721
f 1721//1721 1748//1748 1749//1749
f 1721//1721 1749//1749 1723//1723
f 1723//1723 1749//1749 1750//1750
f 1723//1723 1750//1750 1725//1725
f 1725//1725 1750//1750 1751//1751
f 1725//1725 1751//1751 1728//1728
f 1728//1728 1751//1751 1752//1752
f 1728//1728 1752//1752 1730//1730
f 1739//1739 1731//1731 1756//1756
f 1756//1756 1731//1731 1702//1702
f 1756//1756 1702//1702 1757//1757
f 1757//1757 1702//1702 1704//1704
f 1757//1757 1704//1704 1758//1758
f 1758//1758 1704//1704 1730//1730
f 1758//1758 1730//1730 1747//1747
f 1747//1747 1730//1730 1752//1752
f 1747//1747 1752//1752 1520//1520
f 1520//1520 1752//1752 1523//1523
f 1699//1699 1732//1732 1700//1700
f 1700//1700 1732//1732 1731//1731
f 1700//1700 1731//1731 1701//1701
f 1701//1701 1731//1731 1739//1739
f 1701//1701 1739//1739 1735//1735
f 1735//1735 1739//1739 1740//1740
f 1735//1735 1740//1740 1695//1695
f 1695//1695 1740//1740 1742//1742
f 1695//1695 1742//1742 1693//1693
f 1693//1693 1742//1742 1741//1741
f 1759//1759 1697//1697 1696//1696
f 1760//1760 1761//1761 1762//1762
f 1481//1481 1480//1480 1760//1760
f 1481//1481 1760//1760 1477//1477
f 1477//1477 1760//1760 1762//1762
f 1477//1477 1762//1762 1478//1478
f 1492//1492 1482//1482 1763//1763
f 1763//1763 1482//1482 1485//1485
f 1763//1763 1485//1485 1762//1762
f 1762//1762 1485//1485 1488//1488
f 1762//1762 1488//1488 1478//1478
f 1492//1492 1763//1763 1494//1494
f 1494//1494 1763//1763 1764//1764
f 1494//1494 1764//1764 1496//1496
f 1496//1496 1764//1764 1692//1692
f 1496//1496 1692//1692 1497//1497
f 1738//1738 1692//1692 1741//1741
f 1741//1741 1692//1692 1764//1764
f 1741//1741 1764//1764 1693//1693
f 1693//1693 1764//1764 1763//1763
f 1693//1693 1763//1763 1696//1696
f 1696//1696 1763//1763 1762//1762
f 1696//1696 1762//1762 1759//1759
f 1759//1759 1762//1762 1761//1761
f 1657//1657 1500//1500 1765//1765
f 1765//1765 1500//1500 1595//1595
f 1765//1765 1595//1595 1766//1766
f 1766//1766 1595//1595 1653//1653
f 1766//1766 1653//1653 1767//1767
f 1767//1767 1653//1653 1768//1768
f 1653//1653 1651//1651 1768//1768
f 1768//1768 1651//1651 1650//1650
f 1768//1768 1650//1650 1769//1769
f 1769//1769 1650//1650 1606//1606
f 1769//1769 1606//1606 1770//1770
f 1770//1770 1606//1606 1604//1604
f 1770//1770 1604//1604 1602//1602
f 1771//1771 1772//1772 1643//1643
f 1602//1602 1600//1600 1770//1770
f 1770//1770 1600//1600 1598//1598
f 1770//1770 1598//1598 1773//1773
f 1773//1773 1598//1598 1597//1597
f 1773//1773 1597//1597 1774//1774
f 1774//1774 1597//1597 1610//1610
f 1774//1774 1610//1610 1612//1612
f 1643//1643 1772//1772 1644//1644
f 1644//1644 1772//1772 1775//1775
f 1644//1644 1775//1775 1632//1632
f 1632//1632 1775//1775 1776//1776
f 1632//1632 1776//1776 1634//1634
f 1777//1777 1778//1778 1592//1592
f 1592//1592 1778//1778 1779//1779
f 1592//1592 1779//1779 1649//1649
f 1649//1649 1779//1779 1771//1771
f 1649//1649 1771//1771 1647//1647
f 1647//1647 1771//1771 1643//1643
f 1630//1630 1780//1780 1781//1781
f 1630//1630 1781//1781 1614//1614
f 1614//1614 1781//1781 1615//1615
f 1638//1638 1636//1636 1776//1776
f 1776//1776 1636//1636 1635//1635
f 1776//1776 1635//1635 1634//1634
f 1630//1630 1628//1628 1780//1780
f 1780//1780 1628//1628 1641//1641
f 1780//1780 1641//1641 1776//1776
f 1776//1776 1641//1641 1640//1640
f 1776//1776 1640//1640 1638//1638
f 1623//1623 1625//1625 1781//1781
f 1781//1781 1625//1625 1626//1626
f 1781//1781 1626//1626 1615//1615
f 1612//1612 1613//1613 1774//1774
f 1774//1774 1613//1613 1619//1619
f 1774//1774 1619//1619 1781//1781
f 1781//1781 1619//1619 1621//1621
f 1781//1781 1621//1621 1623//1623
f 1592//1592 1590//1590 1777//1777
f 1777//1777 1590//1590 1588//1588
f 1777//1777 1588//1588 1782//1782
f 1782//1782 1588//1588 1586//1586
f 1782//1782 1586//1586 1783//1783
f 1783//1783 1586//1586 1583//1583
f 1783//1783 1583//1583 1784//1784
f 1784//1784 1583//1583 1581//1581
f 1784//1784 1581//1581 1785//1785
f 1785//1785 1581//1581 1578//1578
f 1785//1785 1578//1578 1786//1786
f 1786//1786 1578//1578 1579//1579
f 1787//1787 1684//1684 1686//1686
f 1787//1787 1686//1686 1788//1788
f 1789//1789 1788//1788 1790//1790
f 1790//1790 1788//1788 1686//1686
f 1790//1790 1686//1686 1791//1791
f 1791//1791 1686//1686 1688//1688
f 1791//1791 1688//1688 1792//1792
f 1658//1658 1657//1657 1789//1789
f 1793//1793 1672//1672 1675//1675
f 1789//1789 1790//1790 1658//1658
f 1658//1658 1790//1790 1791//1791
f 1658//1658 1791//1791 1659//1659
f 1659//1659 1791//1791 1792//1792
f 1659//1659 1792//1792 1660//1660
f 1660//1660 1792//1792 1794//1794
f 1660//1660 1794//1794 1661//1661
f 1661//1661 1794//1794 1795//1795
f 1661//1661 1795//1795 1662//1662
f 1662//1662 1795//1795 1796//1796
f 1662//1662 1796//1796 1663//1663
f 1663//1663 1796//1796 1797//1797
f 1663//1663 1797//1797 1666//1666
f 1666//1666 1797//1797 1798//1798
f 1666//1666 1798//1798 1664//1664
f 1664//1664 1798//1798 1799//1799
f 1664//1664 1799//1799 1665//1665
f 1665//1665 1799//1799 1800//1800
f 1665//1665 1800//1800 1671//1671
f 1671//1671 1800//1800 1801//1801
f 1671//1671 1801//1801 1670//1670
f 1670//1670 1801//1801 1802//1802
f 1670//1670 1802//1802 1669//1669
f 1669//1669 1802//1802 1803//1803
f 1669//1669 1803//1803 1668//1668
f 1668//1668 1803//1803 1804//1804
f 1668//1668 1804//1804 1667//1667
f 1667//1667 1804//1804 1805//1805
f 1667//1667 1805//1805 1674//1674
f 1674//1674 1805//1805 1806//1806
f 1674//1674 1806//1806 1675//1675
f 1675//1675 1806//1806 1807//1807
f 1675//1675 1807//1807 1793//1793
f 1808//1808 1809//1809 1673//1673
f 1673//1673 1809//1809 1676//1676
f 1793//1793 1810//1810 1672//1672
f 1672//1672 1810//1810 1811//1811
f 1672//1672 1811//1811 1673//1673
f 1673//1673 1811//1811 1812//1812
f 1673//1673 1812//1812 1808//1808
f 1813//1813 1814//1814 1815//1815
f 1809//1809 1816//1816 1676//1676
f 1676//1676 1816//1816 1817//1817
f 1676//1676 1817//1817 1677//1677
f 1677//1677 1817//1817 1813//1813
f 1677//1677 1813//1813 1679//1679
f 1679//1679 1813//1813 1815//1815
f 1679//1679 1815//1815 1678//1678
f 1792//1792 1688//1688 1706//1706
f 1792//1792 1706//1706 1794//1794
f 1794//1794 1706//1706 1709//1709
f 1794//1794 1709//1709 1795//1795
f 1795//1795 1709//1709 1708//1708
f 1795//1795 1708//1708 1796//1796
f 1474//1474 1807//1807 1806//1806
f 1708//1708 1712//1712 1796//1796
f 1796//1796 1712//1712 1713//1713
f 1796//1796 1713//1713 1797//1797
f 1713//1713 1714//1714 1797//1797
f 1797//1797 1714//1714 1716//1716
f 1797//1797 1716//1716 1798//1798
f 1798//1798 1716//1716 1718//1718
f 1798//1798 1718//1718 1799//1799
f 1718//1718 1720//1720 1799//1799
f 1799//1799 1720//1720 1722//1722
f 1799//1799 1722//1722 1800//1800
f 1722//1722 1724//1724 1800//1800
f 1800//1800 1724//1724 1726//1726
f 1800//1800 1726//1726 1801//1801
f 1726//1726 1727//1727 1801//1801
f 1801//1801 1727//1727 1729//1729
f 1801//1801 1729//1729 1802//1802
f 1802//1802 1729//1729 1704//1704
f 1802//1802 1704//1704 1803//1803
f 1704//1704 1703//1703 1803//1803
f 1803//1803 1703//1703 1733//1733
f 1803//1803 1733//1733 1804//1804
f 1804//1804 1733//1733 1732//1732
f 1804//1804 1732//1732 1805//1805
f 1805//1805 1732//1732 1699//1699
f 1805//1805 1699//1699 1806//1806
f 1806//1806 1699//1699 1734//1734
f 1806//1806 1734//1734 1474//1474
f 1474//1474 1734//1734 1736//1736
f 1474//1474 1736//1736 1475//1475
f 1461//1461 1737//1737 1462//1462
f 1462//1462 1737//1737 1815//1815
f 1462//1462 1815//1815 1814//1814
f 1793//1793 1807//1807 1474//1474
f 1793//1793 1474//1474 1810//1810
f 1474//1474 1472//1472 1810//1810
f 1810//1810 1472//1472 1470//1470
f 1810//1810 1470//1470 1811//1811
f 1469//1469 1808//1808 1470//1470
f 1470//1470 1808//1808 1812//1812
f 1470//1470 1812//1812 1811//1811
f 1813//1813 1817//1817 1466//1466
f 1466//1466 1817//1817 1816//1816
f 1466//1466 1816//1816 1469//1469
f 1469//1469 1816//1816 1809//1809
f 1469//1469 1809//1809 1808//1808
f 1466//1466 1463//1463 1813//1813
f 1813//1813 1463//1463 1462//1462
f 1813//1813 1462//1462 1814//1814
f 1759//1759 1678//1678 1697//1697
f 1697//1697 1678//1678 1815//1815
f 1697//1697 1815//1815 1698//1698
f 1698//1698 1815//1815 1737//1737
f 1480//1480 1479//1479 1760//1760
f 1760//1760 1479//1479 1678//1678
f 1760//1760 1678//1678 1761//1761
f 1761//1761 1678//1678 1759//1759
f 1818//1818 1819//1819 1820//1820
f 1596//1596 1499//1499 1681//1681
f 1594//1594 1596//1596 1820//1820
f 1820//1820 1596//1596 1681//1681
f 1820//1820 1681//1681 1818//1818
f 1818//1818 1681//1681 1680//1680
f 1818//1818 1680//1680 1684//1684
f 1788//1788 1789//1789 1821//1821
f 1818//1818 1684//1684 1787//1787
f 1788//1788 1821//1821 1787//1787
f 1787//1787 1821//1821 1818//1818
f 1818//1818 1821//1821 1822//1822
f 1818//1818 1822//1822 1819//1819
f 1819//1819 1822//1822 1823//1823
f 1819//1819 1823//1823 1824//1824
f 1825//1825 1443//1443 1445//1445
f 1789//1789 1657//1657 1821//1821
f 1821//1821 1657//1657 1765//1765
f 1824//1824 1823//1823 1765//1765
f 1765//1765 1823//1823 1822//1822
f 1765//1765 1822//1822 1821//1821
f 1765//1765 1766//1766 1824//1824
f 1824//1824 1766//1766 1767//1767
f 1824//1824 1767//1767 1826//1826
f 1826//1826 1767//1767 1827//1827
f 1767//1767 1768//1768 1827//1827
f 1827//1827 1768//1768 1769//1769
f 1827//1827 1769//1769 1828//1828
f 1828//1828 1769//1769 1770//1770
f 1828//1828 1770//1770 1829//1829
f 1829//1829 1770//1770 1773//1773
f 1829//1829 1773//1773 1830//1830
f 1830//1830 1773//1773 1774//1774
f 1830//1830 1774//1774 1831//1831
f 1831//1831 1774//1774 1781//1781
f 1831//1831 1781//1781 1832//1832
f 1832//1832 1781//1781 1780//1780
f 1832//1832 1780//1780 1833//1833
f 1833//1833 1780//1780 1776//1776
f 1833//1833 1776//1776 1834//1834
f 1834//1834 1776//1776 1775//1775
f 1834//1834 1775//1775 1835//1835
f 1835//1835 1775//1775 1772//1772
f 1835//1835 1772//1772 1836//1836
f 1836//1836 1772//1772 1771//1771
f 1836//1836 1771//1771 1837//1837
f 1837//1837 1771//1771 1779//1779
f 1837//1837 1779//1779 1838//1838
f 1838//1838 1779//1779 1460//1460
f 1460//1460 1779//1779 1778//1778
f 1460//1460 1778//1778 1458//1458
f 1458//1458 1778//1778 1777//1777
f 1458//1458 1777//1777 1457//1457
f 1457//1457 1777//1777 1455//1455
f 1455//1455 1777//1777 1782//1782
f 1455//1455 1782//1782 1453//1453
f 1453//1453 1782//1782 1451//1451
f 1451//1451 1782//1782 1783//1783
f 1451//1451 1783//1783 1450//1450
f 1786//1786 1825//1825 1785//1785
f 1785//1785 1825//1825 1445//1445
f 1785//1785 1445//1445 1784//1784
f 1784//1784 1445//1445 1447//1447
f 1784//1784 1447//1447 1783//1783
f 1783//1783 1447//1447 1448//1448
f 1783//1783 1448//1448 1450//1450
f 1654//1654 1594//1594 1820//1820
f 1839//1839 1840//1840 1841//1841
f 1842//1842 1843//1843 1844//1844
f 1844//1844 1843//1843 1593//1593
f 1844//1844 1593//1593 1648//1648
f 1844//1844 1845//1845 1842//1842
f 1842//1842 1845//1845 1846//1846
f 1842//1842 1846//1846 1847//1847
f 1847//1847 1846//1846 1848//1848
f 1847//1847 1848//1848 1849//1849
f 1850//1850 1851//1851 1852//1852
f 1853//1853 1854//1854 1850//1850
f 1850//1850 1854//1854 1855//1855
f 1855//1855 1856//1856 1850//1850
f 1850//1850 1856//1856 1857//1857
f 1850//1850 1857//1857 1851//1851
f 1857//1857 1858//1858 1851//1851
f 1851//1851 1858//1858 1859//1859
f 1851//1851 1859//1859 1860//1860
f 1860//1860 1861//1861 1851//1851
f 1851//1851 1861//1861 1862//1862
f 1851//1851 1862//1862 1863//1863
f 1863//1863 1864//1864 1851//1851
f 1851//1851 1864//1864 1865//1865
f 1851//1851 1865//1865 1866//1866
f 1866//1866 1865//1865 1867//1867
f 1868//1868 1869//1869 1870//1870
f 1870//1870 1869//1869 1871//1871
f 1870//1870 1871//1871 1850//1850
f 1850//1850 1871//1871 1872//1872
f 1850//1850 1872//1872 1853//1853
f 1840//1840 1839//1839 1870//1870
f 1870//1870 1839//1839 1873//1873
f 1870//1870 1873//1873 1868//1868
f 1874//1874 1875//1875 1876//1876
f 1876//1876 1875//1875 1877//1877
f 1878//1878 1874//1874 1879//1879
f 1879//1879 1874//1874 1876//1876
f 1879//1879 1876//1876 1841//1841
f 1841//1841 1876//1876 1877//1877
f 1841//1841 1877//1877 1839//1839
f 1880//1880 1881//1881 1878//1878
f 1878//1878 1881//1881 1882//1882
f 1878//1878 1882//1882 1874//1874
f 1883//1883 1884//1884 1885//1885
f 1885//1885 1886//1886 1883//1883
f 1883//1883 1886//1886 1887//1887
f 1883//1883 1887//1887 1888//1888
f 1888//1888 1887//1887 1889//1889
f 1888//1888 1889//1889 1890//1890
f 1890//1890 1889//1889 1891//1891
f 1891//1891 1889//1889 1892//1892
f 1891//1891 1892//1892 1893//1893
f 1820//1820 1819//1819 1894//1894
f 1820//1820 1894//1894 1895//1895
f 1654//1654 1820//1820 1655//1655
f 1655//1655 1820//1820 1656//1656
f 1656//1656 1820//1820 1895//1895
f 1656//1656 1895//1895 1652//1652
f 1652//1652 1895//1895 1896//1896
f 1652//1652 1896//1896 1607//1607
f 1607//1607 1896//1896 1605//1605
f 1605//1605 1896//1896 1897//1897
f 1605//1605 1897//1897 1603//1603
f 1603//1603 1897//1897 1601//1601
f 1601//1601 1897//1897 1898//1898
f 1601//1601 1898//1898 1599//1599
f 1599//1599 1898//1898 1899//1899
f 1599//1599 1899//1899 1608//1608
f 1608//1608 1899//1899 1900//1900
f 1608//1608 1900//1900 1609//1609
f 1609//1609 1900//1900 1611//1611
f 1611//1611 1900//1900 1901//1901
f 1611//1611 1901//1901 1617//1617
f 1617//1617 1901//1901 1902//1902
f 1617//1617 1902//1902 1618//1618
f 1618//1618 1902//1902 1620//1620
f 1620//1620 1902//1902 1903//1903
f 1620//1620 1903//1903 1622//1622
f 1622//1622 1903//1903 1624//1624
f 1624//1624 1903//1903 1904//1904
f 1624//1624 1904//1904 1616//1616
f 1616//1616 1904//1904 1905//1905
f 1616//1616 1905//1905 1629//1629
f 1629//1629 1905//1905 1627//1627
f 1627//1627 1905//1905 1906//1906
f 1627//1627 1906//1906 1639//1639
f 1907//1907 1633//1633 1906//1906
f 1906//1906 1633//1633 1637//1637
f 1906//1906 1637//1637 1639//1639
f 1646//1646 1645//1645 1908//1908
f 1908//1908 1645//1645 1642//1642
f 1908//1908 1642//1642 1907//1907
f 1907//1907 1642//1642 1631//1631
f 1907//1907 1631//1631 1633//1633
f 1894//1894 1909//1909 1895//1895
f 1895//1895 1909//1909 1893//1893
f 1895//1895 1893//1893 1896//1896
f 1896//1896 1893//1893 1892//1892
f 1896//1896 1892//1892 1897//1897
f 1897//1897 1892//1892 1889//1889
f 1897//1897 1889//1889 1898//1898
f 1898//1898 1889//1889 1887//1887
f 1898//1898 1887//1887 1899//1899
f 1899//1899 1887//1887 1886//1886
f 1899//1899 1886//1886 1900//1900
f 1900//1900 1886//1886 1885//1885
f 1900//1900 1885//1885 1901//1901
f 1901//1901 1885//1885 1910//1910
f 1901//1901 1910//1910 1902//1902
f 1902//1902 1910//1910 1911//1911
f 1902//1902 1911//1911 1903//1903
f 1903//1903 1911//1911 1912//1912
f 1903//1903 1912//1912 1904//1904
f 1904//1904 1912//1912 1913//1913
f 1904//1904 1913//1913 1905//1905
f 1905//1905 1913//1913 1914//1914
f 1905//1905 1914//1914 1906//1906
f 1906//1906 1914//1914 1915//1915
f 1906//1906 1915//1915 1907//1907
f 1907//1907 1915//1915 1916//1916
f 1907//1907 1916//1916 1908//1908
f 1908//1908 1916//1916 1917//1917
f 1884//1884 1918//1918 1885//1885
f 1885//1885 1918//1918 1919//1919
f 1885//1885 1919//1919 1910//1910
f 1910//1910 1919//1919 1920//1920
f 1910//1910 1920//1920 1911//1911
f 1911//1911 1920//1920 1921//1921
f 1911//1911 1921//1921 1912//1912
f 1912//1912 1921//1921 1922//1922
f 1912//1912 1922//1922 1913//1913
f 1913//1913 1922//1922 1923//1923
f 1913//1913 1923//1923 1914//1914
f 1914//1914 1923//1923 1880//1880
f 1914//1914 1880//1880 1915//1915
f 1915//1915 1880//1880 1878//1878
f 1915//1915 1878//1878 1916//1916
f 1916//1916 1878//1878 1879//1879
f 1916//1916 1879//1879 1917//1917
f 1917//1917 1879//1879 1841//1841
f 1852//1852 1924//1924 1850//1850
f 1850//1850 1924//1924 1849//1849
f 1850//1850 1849//1849 1870//1870
f 1870//1870 1849//1849 1848//1848
f 1870//1870 1848//1848 1840//1840
f 1840//1840 1848//1848 1846//1846
f 1840//1840 1846//1846 1841//1841
f 1841//1841 1846//1846 1845//1845
f 1841//1841 1845//1845 1917//1917
f 1917//1917 1845//1845 1844//1844
f 1917//1917 1844//1844 1908//1908
f 1908//1908 1844//1844 1648//1648
f 1908//1908 1648//1648 1646//1646
f 1591//1591 1593//1593 1843//1843
f 1591//1591 1843//1843 1589//1589
f 1589//1589 1843//1843 1925//1925
f 1589//1589 1925//1925 1587//1587
f 1587//1587 1925//1925 1926//1926
f 1587//1587 1926//1926 1585//1585
f 1927//1927 1580//1580 1582//1582
f 1927//1927 1582//1582 1926//1926
f 1926//1926 1582//1582 1584//1584
f 1926//1926 1584//1584 1585//1585
f 1577//1577 1576//1576 1928//1928
f 1928//1928 1576//1576 1580//1580
f 1928//1928 1580//1580 1929//1929
f 1929//1929 1580//1580 1927//1927
f 1929//1929 1927//1927 1930//1930
f 1930//1930 1927//1927 1852//1852
f 1852//1852 1927//1927 1924//1924
f 1924//1924 1927//1927 1926//1926
f 1924//1924 1926//1926 1849//1849
f 1849//1849 1926//1926 1925//1925
f 1849//1849 1925//1925 1847//1847
f 1847//1847 1925//1925 1843//1843
f 1847//1847 1843//1843 1842//1842
f 1819//1819 1824//1824 1894//1894
f 1894//1894 1824//1824 1826//1826
f 1894//1894 1826//1826 1909//1909
f 1838//1838 1460//1460 1877//1877
f 1877//1877 1460//1460 1459//1459
f 1877//1877 1459//1459 1839//1839
f 1839//1839 1459//1459 1873//1873
f 1909//1909 1826//1826 1893//1893
f 1893//1893 1826//1826 1827//1827
f 1893//1893 1827//1827 1891//1891
f 1891//1891 1827//1827 1828//1828
f 1891//1891 1828//1828 1890//1890
f 1890//1890 1828//1828 1829//1829
f 1890//1890 1829//1829 1888//1888
f 1888//1888 1829//1829 1883//1883
f 1883//1883 1829//1829 1830//1830
f 1883//1883 1830//1830 1884//1884
f 1884//1884 1830//1830 1831//1831
f 1884//1884 1831//1831 1918//1918
f 1833//1833 1921//1921 1832//1832
f 1832//1832 1921//1921 1920//1920
f 1832//1832 1920//1920 1831//1831
f 1831//1831 1920//1920 1919//1919
f 1831//1831 1919//1919 1918//1918
f 1834//1834 1923//1923 1833//1833
f 1833//1833 1923//1923 1922//1922
f 1833//1833 1922//1922 1921//1921
f 1836//1836 1882//1882 1835//1835
f 1835//1835 1882//1882 1881//1881
f 1835//1835 1881//1881 1834//1834
f 1834//1834 1881//1881 1880//1880
f 1834//1834 1880//1880 1923//1923
f 1838//1838 1877//1877 1837//1837
f 1837//1837 1877//1877 1875//1875
f 1837//1837 1875//1875 1836//1836
f 1836//1836 1875//1875 1874//1874
f 1836//1836 1874//1874 1882//1882
f 1443//1443 1825//1825 1444//1444
f 1444//1444 1825//1825 1866//1866
f 1444//1444 1866//1866 1867//1867
f 1873//1873 1459//1459 1868//1868
f 1868//1868 1459//1459 1456//1456
f 1868//1868 1456//1456 1869//1869
f 1869//1869 1456//1456 1454//1454
f 1869//1869 1454//1454 1871//1871
f 1871//1871 1454//1454 1452//1452
f 1871//1871 1452//1452 1872//1872
f 1872//1872 1452//1452 1449//1449
f 1858//1858 1857//1857 1446//1446
f 1446//1446 1857//1857 1856//1856
f 1856//1856 1855//1855 1446//1446
f 1446//1446 1855//1855 1854//1854
f 1446//1446 1854//1854 1449//1449
f 1449//1449 1854//1854 1853//1853
f 1449//1449 1853//1853 1872//1872
f 1444//1444 1863//1863 1446//1446
f 1446//1446 1863//1863 1862//1862
f 1446//1446 1862//1862 1861//1861
f 1861//1861 1860//1860 1446//1446
f 1446//1446 1860//1860 1859//1859
f 1446//1446 1859//1859 1858//1858
f 1867//1867 1865//1865 1444//1444
f 1444//1444 1865//1865 1864//1864
f 1444//1444 1864//1864 1863//1863
f 1851//1851 1866//1866 1825//1825
f 1579//1579 1577//1577 1786//1786
f 1786//1786 1577//1577 1928//1928
f 1928//1928 1929//1929 1786//1786
f 1786//1786 1929//1929 1930//1930
f 1786//1786 1930//1930 1825//1825
f 1825//1825 1930//1930 1852//1852
f 1825//1825 1852//1852 1851//1851

